timestamp,closed_at,source,market,direction,outcome,amount,entry_price,sell_price,result,won,pnl,winning_outcome,condition_id,token_id
2026-04-16T23:41:28.572261+00:00,2026-04-16T23:50:33.926664+00:00,contrarian,"Ethereum Up or Down - April 16, 7:40PM-7:45PM ET",UP,Up,2.0,0.27,,LOSS,NO,-2.0,Down,0x3b473a4e55c0c6d4a17d08a29b4125eee7d64c4c19ac277156bc52fa15ec8ab0,99775725796692087727779273113796444303024516426190386888609493839431164702088
2026-04-16T23:41:28.698629+00:00,2026-04-16T23:50:34.009263+00:00,contrarian,"Bitcoin Up or Down - April 16, 7:40PM-7:45PM ET",UP,Up,2.0,0.3,,LOSS,NO,-2.0,Down,0x58341d431d9cd41985e2326753d926133acb2a444e3bb0fe4a038573a68e260a,79859181409162848061874439497191692855612628330930976531663367179660192384492
2026-04-16T23:41:28.741525+00:00,2026-04-16T23:50:34.194198+00:00,contrarian,"Solana Up or Down - April 16, 7:40PM-7:45PM ET",UP,Up,2.0,0.21,,LOSS,NO,-2.0,Down,0x8342d05b2c1d7a76796b3a8fb66ee9b686333a50e1bd303f6af006f2a88bc869,1404495410832889750416659892528771264910204283801862506677729019926505541278
2026-04-16T23:45:08.903333+00:00,2026-04-16T23:53:35.713466+00:00,contrarian,"XRP Up or Down - April 16, 7:45PM-7:50PM ET",UP,Up,2.0,0.33,,LOSS,NO,-2.0,Down,0x419244fc15e794f187861ea030eb6fad674648c97acbc784a2680495af95726f,108933105801696020604438450666708311817846081127549391761017678088846403615833
2026-04-16T23:46:07.582481+00:00,2026-04-16T23:53:35.955162+00:00,contrarian,"Bitcoin Up or Down - April 16, 7:45PM-7:50PM ET",UP,Up,2.0,0.32,,LOSS,NO,-2.0,Down,0xa20bee0d8a822526f096189d4498dd0be8d8bf4fbe27ff6ed760da6f7256f983,99848102602960678467847906438343284627315100737740619725210796383299769032598
2026-04-16T23:46:07.587324+00:00,2026-04-16T23:55:36.630453+00:00,contrarian,"Ethereum Up or Down - April 16, 7:45PM-7:50PM ET",UP,Up,2.0,0.34,,LOSS,NO,-2.0,Down,0x41d1e1e47824955b3b6f6f70ca31197263a4e0025a78c28a4d06244058a60151,20235285979535115242468848404843175034853536415130227341076116965237393191082
2026-04-16T23:46:07.588711+00:00,2026-04-16T23:55:36.805052+00:00,contrarian,"Solana Up or Down - April 16, 7:45PM-7:50PM ET",UP,Up,2.0,0.25,,LOSS,NO,-2.0,Down,0x6c9674ebee8392d6d48c149f83116916d0abde717b17538465c383f580bfb57b,70377009741214558557769569991088953466623828449651934470204458596587193210442
2026-04-16T23:50:54.941926+00:00,2026-04-16T23:59:38.099138+00:00,contrarian,"XRP Up or Down - April 16, 7:50PM-7:55PM ET",DOWN,Down,2.0,0.35,,WIN,YES,3.7142857142857144,Down,0xa72294f3846577d5eb1783ab22694a8c758477c9b0828fce28a57bea13f69c0b,107712014544877083444476066175677618510804656257649556317788885450289369193509
2026-04-16T23:51:04.428444+00:00,2026-04-16T23:59:38.136542+00:00,contrarian,"Solana Up or Down - April 16, 7:50PM-7:55PM ET",UP,Up,2.0,0.31,,LOSS,NO,-2.0,Down,0x1d4a9f6460b5030397cb0ca933b0fcd2ffc3407038e786c21cb8be1c5e2c2b52,29519282433422233661235363768348097118891350740418772554550451515276210097079
2026-04-16T23:50:45.717231+00:00,2026-04-17T00:00:38.096591+00:00,contrarian,"Bitcoin Up or Down - April 16, 7:50PM-7:55PM ET",DOWN,Down,2.0,0.39,,WIN,YES,3.1282051282051277,Down,0x94a956dc9d98f206790ab9ad84b79e9c11595add33a732e0e96b67c8f80e02f9,56595374065487159129483690059208199426981583422945970219741259900691902161886
2026-04-16T23:52:59.337940+00:00,2026-04-17T00:00:38.347625+00:00,contrarian,"Ethereum Up or Down - April 16, 7:50PM-7:55PM ET",DOWN,Down,2.0,0.39,,WIN,YES,3.1282051282051277,Down,0xa47d1b6f5e9c7f3f0bb0b1532d575e5e9bbe8f8f6c819669b242fc0bbb86766e,3288268981795725025748225101874176826832489402834441216575427546261106573199
2026-04-16T23:56:13.107036+00:00,2026-04-17T00:05:41.190743+00:00,contrarian,"Ethereum Up or Down - April 16, 7:55PM-8:00PM ET",UP,Up,2.0,0.36,,WIN,YES,3.5555555555555554,Up,0x1452061b3cfd548ce1b39f8e1a9c9e31f2e0b2aeb5c89f1790e96c8e95a66190,38647337849775901701384228520491470096867838288278508380100226631554693771668
2026-04-16T23:56:13.108699+00:00,2026-04-17T00:05:41.341812+00:00,contrarian,"XRP Up or Down - April 16, 7:55PM-8:00PM ET",UP,Up,2.0,0.34,,WIN,YES,3.88235294117647,Up,0xd3cc9bb706e8b4a4d840a078e729dd8d1d36bc515e72d838a2ef98e0a674bb13,69773146014702980227099108510654312568749769588303558887440979706466583649411
2026-04-16T23:56:16.170609+00:00,2026-04-17T00:05:41.488902+00:00,contrarian,"Solana Up or Down - April 16, 7:55PM-8:00PM ET",UP,Up,2.0,0.36,,WIN,YES,3.5555555555555554,Up,0x3772fb1afb2d064858113e94ab162fdb40131f65da2c213fa29e3b0826dc69ce,73430213967618672127234076282186203818100960030296549042504136291756378138837
2026-04-16T23:56:25.363455+00:00,2026-04-17T00:06:41.965462+00:00,contrarian,"Bitcoin Up or Down - April 16, 7:55PM-8:00PM ET",DOWN,Down,2.0,0.32,,LOSS,NO,-2.0,Up,0x781ea7af2a0cf646e8310daaf9f4d8956d44b3422373be04af02b7d388aab19c,90750372615168513142246021171795478701253823814400793514821746514535525975414
2026-04-17T00:00:32.828604+00:00,2026-04-17T00:08:43.323935+00:00,contrarian,"Bitcoin Up or Down - April 16, 8:00PM-8:05PM ET",UP,Up,2.0,0.38,,LOSS,NO,-2.0,Down,0x221302875e46a75b63fa9c473ba880203dc50a8d2fe62a35e47fb301681fc0da,46669736300497637901374266726017786221477931923753381546927732270421711298699
2026-04-17T00:01:01.945480+00:00,2026-04-17T00:08:43.458201+00:00,contrarian,"XRP Up or Down - April 16, 8:00PM-8:05PM ET",DOWN,Down,2.0,0.34,,WIN,YES,3.88235294117647,Down,0xe5aad670292f0e32fa8392e6aa79f73bddb41cef91703b36b9363d92b4aa16a7,80857591989746140030752847434127434149576542268976189966413275041214516540715
2026-04-17T00:00:11.186110+00:00,2026-04-17T00:09:43.818079+00:00,contrarian,"Solana Up or Down - April 16, 8:00PM-8:05PM ET",DOWN,Down,2.0,0.39,,WIN,YES,3.1282051282051277,Down,0xe56e38f624c1f01414a75b97e376760c4904e1f03551174b2ec751b3c5de4f4d,31293866923843300052199406480735273748499782018465625819110241025782981321956
2026-04-17T00:01:05.022263+00:00,2026-04-17T00:11:44.894311+00:00,contrarian,"Ethereum Up or Down - April 16, 8:00PM-8:05PM ET",DOWN,Down,2.0,0.32,,WIN,YES,4.25,Down,0xa9f04760ad7aaca44f6f9e808468399e5bf8d207ce67bf6bf7168e5cfaddbfe9,73343522504053449463834174703021569432030403365235513716616009656182382283451
2026-04-17T00:05:03.851892+00:00,2026-04-17T00:14:46.026919+00:00,contrarian,"Ethereum Up or Down - April 16, 8:05PM-8:10PM ET",UP,Up,2.0,0.39,,LOSS,NO,-2.0,Down,0xa22d0fa7f95b67423ec2e7fd44115c6631ceffb04c5c9d547784ced9f52e59f7,17985508252072882859208784681354083903215665044300132658295063769738650840860
2026-04-17T00:05:10.025550+00:00,2026-04-17T00:14:46.359326+00:00,contrarian,"XRP Up or Down - April 16, 8:05PM-8:10PM ET",UP,Up,2.0,0.36,,LOSS,NO,-2.0,Down,0x50295a01a51e2611caeae92f212c19a533aad2c9242390cbd1ef2b2b72229cc1,75199299113994433162755171174503942116999541044014067341084146147337928281082
2026-04-17T00:05:06.925170+00:00,2026-04-17T00:15:46.430785+00:00,contrarian,"Bitcoin Up or Down - April 16, 8:05PM-8:10PM ET",UP,Up,2.0,0.38,,LOSS,NO,-2.0,Down,0xb9d58c09d761263533f5dc21dedaa8470519b8089abd1592001925a551b6d021,105321863745920846892790564841900931029201068553226319050559654891996863314473
2026-04-17T00:05:25.410279+00:00,2026-04-17T00:15:46.480361+00:00,contrarian,"Solana Up or Down - April 16, 8:05PM-8:10PM ET",UP,Up,2.0,0.28,,LOSS,NO,-2.0,Down,0x46b262af64d913a0ed02b9e4e97ddaadceac6e8e88d2ee667af7070672cf1faf,22149899754665283515969055852831029553666685935038072315616722818826632846571
2026-04-17T00:10:13.858654+00:00,2026-04-17T00:20:50.879825+00:00,contrarian,"Solana Up or Down - April 16, 8:10PM-8:15PM ET",UP,Up,2.0,0.36,,LOSS,NO,-2.0,Down,0xbe79e19ed2819503b0a663331b7f81331aa75e88c1a1acf2df81c47d1ea6d845,20624384914066581783249102752486844928949912533504306385184250723211050354710
2026-04-17T00:10:24.761646+00:00,2026-04-17T00:20:51.349058+00:00,contrarian,"XRP Up or Down - April 16, 8:10PM-8:15PM ET",DOWN,Down,2.0,0.99,,WIN,YES,0.020202020202020332,Down,0xc3109d4e18cd69262b3ec594224608818cd3d6cd527c8c6426584d88006781ab,95851499427651005748070813724277738186592376030615318572664412913212190487663
2026-04-17T00:10:24.758408+00:00,2026-04-17T00:21:51.025576+00:00,contrarian,"Ethereum Up or Down - April 16, 8:10PM-8:15PM ET",UP,Up,2.0,0.4,,LOSS,NO,-2.0,Down,0xe9743377b347facb6c1d1ff8e0a7566092c0bcf5d26a4b756c90a644d86a2cb9,94689472642911415907460294125413104448255352211240401731624852027630868518110
2026-04-17T00:10:37.768250+00:00,2026-04-17T00:21:51.179578+00:00,contrarian,"Bitcoin Up or Down - April 16, 8:10PM-8:15PM ET",DOWN,Down,2.0,0.41,,WIN,YES,2.8780487804878048,Down,0x5260f3f00605aeddebbfb26f41c1674666477f1363d92972e2661787f4d62394,70779223916338228963009748408222461772899065960700518343903936969648714127631
2026-04-17T00:15:51.347541+00:00,2026-04-17T00:24:53.386815+00:00,contrarian,"Bitcoin Up or Down - April 16, 8:15PM-8:20PM ET",UP,Up,2.0,0.37,,WIN,YES,3.4054054054054053,Up,0xa60023d28cf750caae2f4629fe719da48fe21eb747be8d909f89886a1c33a4bd,6756627302779053573608154292674192592195902677618618062973981855531447187514
2026-04-17T00:16:03.994577+00:00,2026-04-17T00:24:53.583463+00:00,contrarian,"Solana Up or Down - April 16, 8:15PM-8:20PM ET",UP,Up,2.0,0.34,,WIN,YES,3.88235294117647,Up,0x8292279aa3fd513464c4f8dd823603e43849ac419f60cac84e5367db5fd1589f,38856425115764823897704455908641387964619953440212989304612694251635843832323
2026-04-17T00:16:22.447884+00:00,2026-04-17T00:24:53.631680+00:00,contrarian,"Ethereum Up or Down - April 16, 8:15PM-8:20PM ET",DOWN,Down,2.0,0.39,,LOSS,NO,-2.0,Up,0x8ea310adfe939bd6caea0d9837797c25a9e7753defbdc51402895c34a8812d96,112562666223163621717622198656666156740051330156246565246512222756646330999594
2026-04-17T00:15:38.088007+00:00,2026-04-17T00:26:53.910579+00:00,contrarian,"XRP Up or Down - April 16, 8:15PM-8:20PM ET",UP,Up,2.0,0.3,,LOSS,NO,-2.0,Down,0x1439526e9a1bb18f0c58b04f404e05f970b5100689d969d181211d01bcd8b9f3,41715024500957341635996644689458906443169191528909334304445717825128036831866
2026-04-17T00:20:24.188259+00:00,2026-04-17T00:29:55.377956+00:00,contrarian,"XRP Up or Down - April 16, 8:20PM-8:25PM ET",DOWN,Down,2.0,0.3,,WIN,YES,4.666666666666667,Down,0x6d46ff3757294840348d3f6b32b150103881edda8d7d3b120e3f9ad689159eda,18326083352098183537160596910125521106988203202532411983664760983583791122622
2026-04-17T00:20:39.641607+00:00,2026-04-17T00:29:55.418046+00:00,contrarian,"Bitcoin Up or Down - April 16, 8:20PM-8:25PM ET",UP,Up,2.0,0.37,,LOSS,NO,-2.0,Down,0x74f62fa329447ac968e65f27e47260f08ea72a2df2869b8dc82c9aa1c04cd05d,92714469128010142349428485085877553658132588380725822459856277810715239567959
2026-04-17T00:20:18.045965+00:00,2026-04-17T00:30:55.502089+00:00,contrarian,"Solana Up or Down - April 16, 8:20PM-8:25PM ET",DOWN,Down,2.0,0.26,,WIN,YES,5.692307692307692,Down,0xf9cd534ca0917f17d9f0fe73f73b80740c3a185e24f4a44e770ae9ee26a2474c,43757445483506056334421703288167923462523730860752263639912853002315503177865
2026-04-17T00:21:24.439298+00:00,2026-04-17T00:30:55.647619+00:00,contrarian,"Ethereum Up or Down - April 16, 8:20PM-8:25PM ET",DOWN,Down,2.0,0.33,,WIN,YES,4.0606060606060606,Down,0xba3695618e9d30d3909453d3f46c190198a05a9e9f86c46ff56db86557e86d74,104042050999834410237194160289729501631734211784634156350259975722409069753619
2026-04-17T00:25:07.721716+00:00,2026-04-17T00:34:58.045430+00:00,contrarian,"XRP Up or Down - April 16, 8:25PM-8:30PM ET",UP,Up,2.0,0.41,,LOSS,NO,-2.0,Down,0x9b4563beba7c2fb36fb2ba8611bfcee1fd0ff89f0e0986f80e66723b6816c265,61498123569175552064629432144621521413429014552666500551084529630108258765795
2026-04-17T00:25:08.727162+00:00,2026-04-17T00:35:58.306096+00:00,contrarian,"Ethereum Up or Down - April 16, 8:25PM-8:30PM ET",DOWN,Down,2.0,0.99,,LOSS,NO,-2.0,Up,0x6ceaa32f3f4ed4bba81af7ffb8950c6ae33bc6adac56f61aaddbc37e49cfc982,31246306428456544343074355756231014679410798244883796168555771450943893794840
2026-04-17T00:25:08.735096+00:00,2026-04-17T00:35:58.483915+00:00,contrarian,"Solana Up or Down - April 16, 8:25PM-8:30PM ET",DOWN,Down,2.0,0.99,,WIN,YES,0.020202020202020332,Down,0x557d4956c40e2994b395763ee5e4b7dc154dd70bff1f096a5c8693e7f0d58c07,113866003455287055451295693800090956879545317891712984344907352668674328186581
2026-04-17T00:25:39.785666+00:00,2026-04-17T00:36:59.044946+00:00,contrarian,"Bitcoin Up or Down - April 16, 8:25PM-8:30PM ET",DOWN,Down,2.0,0.41,,LOSS,NO,-2.0,Up,0x341986adde696773217595d8b0c285ef59cf99582fbbcc8f141ee37d8336522b,91819448312885778172411266401026820042373649808034979547307291918169562783642
2026-04-17T00:30:01.314989+00:00,2026-04-17T00:39:00.322598+00:00,contrarian,"Ethereum Up or Down - April 16, 8:30PM-8:35PM ET",DOWN,Down,2.0,0.36,,LOSS,NO,-2.0,Up,0x8261b1df29c25ec211e2ed07493ecc2024cf30973959aab7267443204887d7de,61676471608928881906354537172957483705135618827303697031639411224705362920076
2026-04-17T00:30:01.310186+00:00,2026-04-17T00:40:00.293504+00:00,contrarian,"Bitcoin Up or Down - April 16, 8:30PM-8:35PM ET",DOWN,Down,2.0,0.34,,LOSS,NO,-2.0,Up,0x3a36364fff3a79b999ef3cf9dbcfe60afa97cd88dcff45d1d7aefe421ef021e3,60996933558264743031738292077736963234300737462962165765429960469244770595725
2026-04-17T00:30:13.798378+00:00,2026-04-17T00:40:00.332437+00:00,contrarian,"Solana Up or Down - April 16, 8:30PM-8:35PM ET",DOWN,Down,2.0,0.32,,LOSS,NO,-2.0,Up,0x5ad92e28c90399c0756c7107e669d1d8b30423c2537833093e4d4dc8717f8502,106005624165551855887050801893792130234896832885374021053765652975009905077664
2026-04-17T00:30:16.908923+00:00,2026-04-17T00:40:00.369230+00:00,contrarian,"XRP Up or Down - April 16, 8:30PM-8:35PM ET",DOWN,Down,2.0,0.33,,LOSS,NO,-2.0,Up,0x21dd32d18d858798ae3efc82d870e6d7969b9b76fa8e60f70d34cb3de5cc31d5,46583662290910538916054145306003007435924933752718248353417573320886403540074
2026-04-17T00:35:07.581349+00:00,2026-04-17T00:46:03.077282+00:00,contrarian,"Bitcoin Up or Down - April 16, 8:35PM-8:40PM ET",UP,Up,2.0,0.39,,LOSS,NO,-2.0,Down,0x91aa7276bef9ff2cb5518c92991bfa751d5517ae165fc6a67429f15547fba684,89729575255646829638467469467772807239601949268756806567358099290677604010088
2026-04-17T00:35:07.584065+00:00,2026-04-17T00:46:03.111216+00:00,contrarian,"Ethereum Up or Down - April 16, 8:35PM-8:40PM ET",UP,Up,2.0,0.37,,LOSS,NO,-2.0,Down,0x4ba6b1109305b7850f8dd1a2474e2f345e6fab8e390a2c0be47f0134b9d4a405,45822941103866004437099296796139007948904739808446140997997360906430701178361
2026-04-17T00:35:07.586531+00:00,2026-04-17T00:46:03.280091+00:00,contrarian,"Solana Up or Down - April 16, 8:35PM-8:40PM ET",UP,Up,2.0,0.36,,WIN,YES,3.5555555555555554,Up,0x20a5614dd767f8ddf5a0b2d936144c64c67fe619a227b4ce22385b8d43ab5965,79034126337987126861846146504533497916664116978429801482826400805999549460662
2026-04-17T00:35:17.554518+00:00,2026-04-17T00:46:03.312424+00:00,contrarian,"XRP Up or Down - April 16, 8:35PM-8:40PM ET",UP,Up,2.0,0.43,,LOSS,NO,-2.0,Down,0x1ddce85c82e5fc36e43e55069aa20a7f3b66983c505f90d8be7eaf1032a250e6,54961840374797576266869848786032528721527114661500043244846816304347242812436
2026-04-17T00:41:08.562416+00:00,2026-04-17T00:50:05.127613+00:00,contrarian,"Ethereum Up or Down - April 16, 8:40PM-8:45PM ET",UP,Up,2.0,0.38,,LOSS,NO,-2.0,Down,0x3a0e06c90b1b133f4755566b686e47e9cce536fa0062faf347b83a14e32b280d,113228112687015341547497136168625872167744407375995124176741288925478862150937
2026-04-17T00:41:02.423203+00:00,2026-04-17T00:51:05.768799+00:00,contrarian,"XRP Up or Down - April 16, 8:40PM-8:45PM ET",UP,Up,2.0,0.35,,LOSS,NO,-2.0,Down,0xc9edb436e0ceb0188f6ff327deb012767b9349d69dd22479acb71c23f722bdcc,35347610270778978096454938560906958134604160129632339329966386377971892131934
2026-04-17T00:41:30.099656+00:00,2026-04-17T00:51:06.094794+00:00,contrarian,"Solana Up or Down - April 16, 8:40PM-8:45PM ET",UP,Up,2.0,0.24,,LOSS,NO,-2.0,Down,0xb4f4f7b6849c47c777748550c35fa06c533e8a5e6545421d342ffd74647383fb,108723357307450644437484993141800958413738085871412951836397570861551415959386
2026-04-17T00:41:20.863651+00:00,2026-04-17T00:52:06.030041+00:00,contrarian,"Bitcoin Up or Down - April 16, 8:40PM-8:45PM ET",DOWN,Down,2.0,0.36,,WIN,YES,3.5555555555555554,Down,0x378fc16d6fdae2cf0c722d5cffa880a53f0fba01b2f14737808c4a94c09173ec,8733306716763416656009992371789650628760674355514323850109724520211859631353
2026-04-17T00:45:07.619558+00:00,2026-04-17T00:54:07.090304+00:00,contrarian,"XRP Up or Down - April 16, 8:45PM-8:50PM ET",UP,Up,2.0,0.31,,LOSS,NO,-2.0,Down,0x2f5e08e6790ca84815c745159675ae09f258f9b383b44d582d85793f54a4fad0,20310905109760788805021487181436357854160563688293214756278214284591710984232
2026-04-17T00:45:07.623236+00:00,2026-04-17T00:54:07.251092+00:00,contrarian,"Solana Up or Down - April 16, 8:45PM-8:50PM ET",UP,Up,2.0,0.38,,WIN,YES,3.2631578947368425,Up,0x9c1dfbba9d9a50d203ad71405df7752fc5447f4c026ebf6a0df9a2678a4d58ea,28760043259284464932634550320600468020131292799067748684869022797751709650095
2026-04-17T00:45:07.625849+00:00,2026-04-17T00:54:07.284198+00:00,contrarian,"Ethereum Up or Down - April 16, 8:45PM-8:50PM ET",UP,Up,2.0,0.38,,LOSS,NO,-2.0,Down,0x0732eb5915a593400533bdf839d26d4ee5e2ab61f2c774ffd3e9654b24b8d38b,22739184111792871871791477158466180844876117435370789404887063490103211923287
2026-04-17T00:45:50.007335+00:00,2026-04-17T00:55:07.173705+00:00,contrarian,"Bitcoin Up or Down - April 16, 8:45PM-8:50PM ET",UP,Up,2.0,0.37,,WIN,YES,3.4054054054054053,Up,0x25225a58c9e6ce8f6a04878e2d162d1887b68c42fca1b5264288616ada0c15ec,4821352944683858110493654061089245804566440765228665107636346919398370123347
2026-04-17T00:50:17.281954+00:00,2026-04-17T01:00:10.032972+00:00,contrarian,"Solana Up or Down - April 16, 8:50PM-8:55PM ET",DOWN,Down,2.0,0.36,,WIN,YES,3.5555555555555554,Down,0x5f77ae27e17d17bdfd8a64758489221f2426f419b53da3900db60969a0017da3,64671716082213347806351962500333148296889918473594410477399912371146530589696
2026-04-17T00:50:42.008328+00:00,2026-04-17T01:00:10.708226+00:00,contrarian,"XRP Up or Down - April 16, 8:50PM-8:55PM ET",UP,Up,2.0,0.39,,LOSS,NO,-2.0,Down,0x8c15edbe76aab9c8f642c95e7dd0741bc3e235198b5bb44c08ef2f3282082b47,75556249477510767005698443816199493133401990815788558949525852737336183410058
2026-04-17T00:50:20.375359+00:00,2026-04-17T01:01:10.412065+00:00,contrarian,"Ethereum Up or Down - April 16, 8:50PM-8:55PM ET",DOWN,Down,2.0,0.36,,WIN,YES,3.5555555555555554,Down,0x5971099a5ca1bd78e9cb3f60bbec2d90e22f5f9a3e2197c46486a31312de2498,65782095299360359444254928101442020994778416153576234785853837054350762630735
2026-04-17T00:50:26.618499+00:00,2026-04-17T01:01:10.552765+00:00,contrarian,"Bitcoin Up or Down - April 16, 8:50PM-8:55PM ET",DOWN,Down,2.0,0.35,,WIN,YES,3.7142857142857144,Down,0xaf6f0b516fb2553be7342c837fc18f09c94b027c4b9427a148e19a0fca1a4678,80827566984378871172565263390018995176118745114215685353510720652766406890035
2026-04-17T00:55:25.294015+00:00,2026-04-17T01:05:15.331068+00:00,contrarian,"XRP Up or Down - April 16, 8:55PM-9:00PM ET",DOWN,Down,2.0,0.39,,WIN,YES,3.1282051282051277,Down,0xe5110a91aabf2563629a53cf8a64307bd9b7c9cc9e428526b6b590442e3f50ec,19456915878280172489110636134594293404124690809446440541761841452562440769356
2026-04-17T00:55:25.290895+00:00,2026-04-17T01:06:15.536441+00:00,contrarian,"Solana Up or Down - April 16, 8:55PM-9:00PM ET",DOWN,Down,2.0,0.37,,LOSS,NO,-2.0,Up,0xa4a3aeba55f1d88cc80994ee64895afdcf2700baef86610b3309444f56081562,76808199360214076456152030952222569988832076027337493624208471145871510483811
2026-04-17T00:55:31.867453+00:00,2026-04-17T01:06:15.891065+00:00,contrarian,"Bitcoin Up or Down - April 16, 8:55PM-9:00PM ET",DOWN,Down,2.0,0.39,,WIN,YES,3.1282051282051277,Down,0xe3ed9cacd2c9293a92abde294e84f794ac54f3803e2f3d920a511fb25bf36ee6,53968999774005717371521411195357553361055389845135568331766645374459456134876
2026-04-17T00:55:25.287834+00:00,2026-04-17T01:07:15.464908+00:00,contrarian,"Ethereum Up or Down - April 16, 8:55PM-9:00PM ET",DOWN,Down,2.0,0.32,,WIN,YES,4.25,Down,0x7ee7f26328823dd44195de6823975364c169cd0cb99e1574f30071f76f8d22d6,16831410231119522359618035688506287664058353700690503981857479766379802194111
2026-04-17T01:00:37.283710+00:00,2026-04-17T01:08:16.412992+00:00,contrarian,"Solana Up or Down - April 16, 9:00PM-9:05PM ET",DOWN,Down,2.0,0.31,,LOSS,NO,-2.0,Up,0x1331914a41f57470f4be2220255d644d6151443a9de7c092be7c05a7eab771c4,113749695914581814609739544912814838285996608373934151762049005607262829856464
2026-04-17T01:00:08.013578+00:00,2026-04-17T01:09:16.395504+00:00,contrarian,"Ethereum Up or Down - April 16, 9:00PM-9:05PM ET",UP,Up,2.0,0.36,,WIN,YES,3.5555555555555554,Up,0xc6cdcaf8e3afafebaf78b4df7177293934d276a1e079219f5681358fafa6b0aa,76834559038805081199463167109665950741917848386276871743294683433117127439718
2026-04-17T01:00:12.542139+00:00,2026-04-17T01:09:16.432791+00:00,contrarian,"XRP Up or Down - April 16, 9:00PM-9:05PM ET",UP,Up,2.0,0.35,,LOSS,NO,-2.0,Down,0xbc1306700a4d5e5fb6f30077cff97aba1d46a0e750fb0404cac37a41944f1b2a,36552205825554610886747863263171649479555018478378392320002664136808506452000
2026-04-17T01:00:01.114003+00:00,2026-04-17T01:13:16.874931+00:00,contrarian,"Bitcoin Up or Down - April 16, 9:00PM-9:05PM ET",UP,Up,2.0,0.38,,LOSS,NO,-2.0,Down,0x9d0f99c731441aa8f82878b8b58eb3572931a6ed748e89ac334a8c574bdaa332,112202062887909357895816681621030562652339111623497472756947327209283845456865
2026-04-17T01:05:12.589014+00:00,2026-04-17T01:14:16.851729+00:00,contrarian,"Bitcoin Up or Down - April 16, 9:05PM-9:10PM ET",DOWN,Down,2.0,0.39,,LOSS,NO,-2.0,Up,0xa5aead0ff87a1e5915553b9de5eb4e83ae582c53b4ed8ec21a108cdb608ea8cb,94802633089975429173104486489049832472811133305133016645299149629099804066930
2026-04-17T01:05:17.132456+00:00,2026-04-17T01:14:17.127274+00:00,contrarian,"Solana Up or Down - April 16, 9:05PM-9:10PM ET",DOWN,Down,2.0,0.34,,LOSS,NO,-2.0,Up,0x8c10ca73a50976fdf61f17d767f248c95f34c74790fa0c6c7496cb20b7b5c861,61630269538978465483415466159238461398364666756445481100709581897854819353454
2026-04-17T01:06:17.803087+00:00,2026-04-17T01:14:17.167155+00:00,contrarian,"XRP Up or Down - April 16, 9:05PM-9:10PM ET",DOWN,Down,2.0,0.37,,LOSS,NO,-2.0,Up,0x80f02d23c00e556808f6fba4a26f98cc1aed5254950d9f1885ca9ad6ac8d6c55,24369645645994861719306566318194115664350608362099932998499281466974306605197
2026-04-17T01:05:17.126878+00:00,2026-04-17T01:16:17.176036+00:00,contrarian,"Ethereum Up or Down - April 16, 9:05PM-9:10PM ET",DOWN,Down,2.0,0.35,,LOSS,NO,-2.0,Up,0x4ee66f43fd8c6c67ba4c8ef822a8dcefcc706ccb51303f70f6413e3051289826,10684518777602536268839086956704548500672377992991447513472071452148608186321
2026-04-17T01:10:07.679485+00:00,2026-04-17T01:20:20.955937+00:00,contrarian,"XRP Up or Down - April 16, 9:10PM-9:15PM ET",UP,Up,2.0,0.38,,LOSS,NO,-2.0,Down,0xfedbca9ca958f0af351485df2546eb6a2a4ec7e31306a1cae8e512e553d00cbd,60945897026872343244534861786507890070426771575086318722418311957954434240782
2026-04-17T01:10:04.554669+00:00,2026-04-17T01:21:20.751905+00:00,contrarian,"Ethereum Up or Down - April 16, 9:10PM-9:15PM ET",UP,Up,2.0,0.36,,LOSS,NO,-2.0,Down,0xfcd91a0f34c58973c04c1f8e0387e3201dbbed0258afed893b57d7771d3b4d96,66179489914041585388801351947409456298788587542623768617177568694555791258235
2026-04-17T01:10:40.536840+00:00,2026-04-17T01:21:20.986084+00:00,contrarian,"Solana Up or Down - April 16, 9:10PM-9:15PM ET",UP,Up,2.0,0.35,,LOSS,NO,-2.0,Down,0x5dca3e54599782637cb6d3bf6fc331b944748ed0b6898891c0d4e081f88abe7e,14055446140938938256321640794074755304959947634697460018121032044040641235934
2026-04-17T01:10:07.675459+00:00,2026-04-17T01:22:21.710131+00:00,contrarian,"Bitcoin Up or Down - April 16, 9:10PM-9:15PM ET",UP,Up,2.0,0.38,,LOSS,NO,-2.0,Down,0x1035e76e016ee886b939ca10082ea8b07d37bf93d0c3d9863496e61ce7d5e2c0,45619842841818916144270261794307213121025457718463736327894350203917046794230
2026-04-17T01:15:31.294791+00:00,2026-04-17T01:23:22.368477+00:00,contrarian,"Bitcoin Up or Down - April 16, 9:15PM-9:20PM ET",DOWN,Down,2.0,0.38,,LOSS,NO,-2.0,Up,0x65a7d8559468abaafa7c48ba731f6e556ba8dc478f298e2bfa3ecaac288ad4fd,223577018585899047569995204701947940727908724708553206561011931971712375988
2026-04-17T01:16:05.719030+00:00,2026-04-17T01:23:22.747507+00:00,contrarian,"XRP Up or Down - April 16, 9:15PM-9:20PM ET",DOWN,Down,2.0,0.36,,WIN,YES,3.5555555555555554,Down,0x33769c5ccc449d75446b16e4dd59bd63c9337be2b622bea58ac67a86802803ae,5788599504677747639144861459052933190186548645878178382249899467327836721254
2026-04-17T01:15:49.947496+00:00,2026-04-17T01:24:23.090647+00:00,contrarian,"Solana Up or Down - April 16, 9:15PM-9:20PM ET",UP,Up,2.0,0.39,,LOSS,NO,-2.0,Down,0xd1e309928b12fcd2a767fa203f825de7149c33f09491319cbbdaaa3c6547f66c,98924552800781732699868333374817629101912655803713330795279383992950671797862
2026-04-17T01:16:05.714032+00:00,2026-04-17T01:24:23.315067+00:00,contrarian,"Ethereum Up or Down - April 16, 9:15PM-9:20PM ET",DOWN,Down,2.0,0.33,,WIN,YES,4.0606060606060606,Down,0x7176376618e8c315af702e66fe8c892d81bf54e90ed3d07a22eeb33c7a799a64,3433890568001350784352155147967206496182839386030626767195165817365938093924
2026-04-17T01:21:03.130952+00:00,2026-04-17T01:29:26.078760+00:00,contrarian,"Bitcoin Up or Down - April 16, 9:20PM-9:25PM ET",UP,Up,2.0,0.31,,LOSS,NO,-2.0,Down,0xe261a47a6d122e53ff6797c826bc5555b3d40ca75bed40e777ec146bd7108875,98436033874391770720898885328578182575512601893463975488054238281483650565679
2026-04-17T01:20:31.751631+00:00,2026-04-17T01:30:26.315533+00:00,contrarian,"XRP Up or Down - April 16, 9:20PM-9:25PM ET",DOWN,Down,2.0,0.39,,WIN,YES,3.1282051282051277,Down,0x45aab628d3575ae017c07e62e8bcc5a421ddf8522285fc81436180be74377745,59401682710680034336942474551579172469659834460255068668582685634604839040822
2026-04-17T01:21:03.135437+00:00,2026-04-17T01:30:26.689091+00:00,contrarian,"Ethereum Up or Down - April 16, 9:20PM-9:25PM ET",UP,Up,2.0,0.29,,LOSS,NO,-2.0,Down,0xa9755024801b4b1ce9be464c3c5a397440e7438c8b15d62564615ee402a06847,102353723394224504819859386316904952215372633776482857569914982117723458989176
2026-04-17T01:20:37.973134+00:00,2026-04-17T01:31:26.296865+00:00,contrarian,"Solana Up or Down - April 16, 9:20PM-9:25PM ET",UP,Up,2.0,0.34,,LOSS,NO,-2.0,Down,0x80452878ef6c9c0afd638dda3e57e26efca04d67e3029e65a443d44309c80aee,98220706824603474027666797914336656272032702449333544800284330553633474925930
2026-04-17T01:25:11.859391+00:00,2026-04-17T01:36:28.977470+00:00,contrarian,"XRP Up or Down - April 16, 9:25PM-9:30PM ET",DOWN,Down,2.0,0.39,,LOSS,NO,-2.0,Up,0xfbc7ee706f830926f62f16b1ec2f6bde24a4de214659ea733488ac578bec1d30,84019687890314141535496918542168311033073758144747502508758252584534271849918
2026-04-17T01:25:49.747998+00:00,2026-04-17T01:36:29.017003+00:00,contrarian,"Bitcoin Up or Down - April 16, 9:25PM-9:30PM ET",DOWN,Down,2.0,0.38,,LOSS,NO,-2.0,Up,0xc6e7d195b2069f1712d2f37ca5531508e5f4e060924f4e0b81dc9cc2cca969ba,103586800846472468029222453519143172210979045200410014221095575258543334361648
2026-04-17T01:25:49.752306+00:00,2026-04-17T01:36:29.053628+00:00,contrarian,"Ethereum Up or Down - April 16, 9:25PM-9:30PM ET",DOWN,Down,2.0,0.38,,LOSS,NO,-2.0,Up,0x4d0d071c0e39eacdb2df2db49343216413dc10f1e49c084ecb4ac486acc23186,56208781253655919460482816929343379022939102266082375123901047707296161408358
2026-04-17T01:25:08.646457+00:00,2026-04-17T01:37:29.372754+00:00,contrarian,"Solana Up or Down - April 16, 9:25PM-9:30PM ET",DOWN,Down,2.0,0.38,,WIN,YES,3.2631578947368425,Down,0x0b9472ae7ad3dde955eef7f961854e5749347baed1edae8b18ce62c3565097b9,91152231762175052601800290560770763615648213918063381281605400977222513610850
2026-04-17T01:30:42.531889+00:00,2026-04-17T01:38:29.842987+00:00,contrarian,"Bitcoin Up or Down - April 16, 9:30PM-9:35PM ET",UP,Up,2.0,0.33,,LOSS,NO,-2.0,Down,0x57fa403b19f0ad658ea33ea289a169052aced7c73b14677d03b5b5fc05d7badf,71426128999036970017237693742793470686385058239970955008257150586075710597852
2026-04-17T01:30:13.644750+00:00,2026-04-17T01:39:30.633187+00:00,contrarian,"Ethereum Up or Down - April 16, 9:30PM-9:35PM ET",UP,Up,2.0,0.39,,WIN,YES,3.1282051282051277,Up,0x019eaec62ad219657049ccbfdee85d468da7a02547684603a686ec860d5fb298,83848479634155346042835795464119914668353686547061261125987130558199766893860
2026-04-17T01:30:35.567304+00:00,2026-04-17T01:39:30.673381+00:00,contrarian,"Solana Up or Down - April 16, 9:30PM-9:35PM ET",UP,Up,2.0,0.37,,LOSS,NO,-2.0,Down,0x7f63ca99888795d22c44e9e571a6b4af5b1a8b71e43ae74fae17d6177f7e65ce,96000968445646571350250613512618766567061138923127427455509177886229740706057
2026-04-17T01:31:07.421514+00:00,2026-04-17T01:39:30.714206+00:00,contrarian,"XRP Up or Down - April 16, 9:30PM-9:35PM ET",DOWN,Down,2.0,0.36,,LOSS,NO,-2.0,Up,0x21571fb52c4d1f0b8385accbdb00a765a7ce94be0909fdd2b3af5064c0635dfe,64171586625794410702181299324479222581334246768210438732354503108028725699770
2026-04-17T01:35:04.303491+00:00,2026-04-17T01:44:34.347109+00:00,contrarian,"Ethereum Up or Down - April 16, 9:35PM-9:40PM ET",DOWN,Down,2.0,0.38,,LOSS,NO,-2.0,Up,0x76938c6b4d2cf6e0fd28be80ee3cf78d8737450fb65c61c371eb0429eebb07f3,39682572385410763928698268643617112496247663642114780586086186277209453502437
2026-04-17T01:35:07.392182+00:00,2026-04-17T01:44:34.388175+00:00,contrarian,"XRP Up or Down - April 16, 9:35PM-9:40PM ET",DOWN,Down,2.0,0.39,,LOSS,NO,-2.0,Up,0x6bc13e0735724b835d96910bb29825f3d350ae8c00ae941bfc8afb3b79c2c5b0,65122557924684084849958687193821563579216535844885657228280297095847925175771
2026-04-17T01:35:10.475714+00:00,2026-04-17T01:44:34.424267+00:00,contrarian,"Solana Up or Down - April 16, 9:35PM-9:40PM ET",DOWN,Down,2.0,0.36,,LOSS,NO,-2.0,Up,0xc4f5d24a79d692bf67967a06e6872baf65bc7ddbb8e7d7b30f0b183f970c2a22,36572233861479859180376929647144379389514283376146793842562163628183260720507
2026-04-17T01:35:13.570210+00:00,2026-04-17T01:45:34.756928+00:00,contrarian,"Bitcoin Up or Down - April 16, 9:35PM-9:40PM ET",DOWN,Down,2.0,0.37,,LOSS,NO,-2.0,Up,0x3a2b0bacc1d69efb1ab4169ba4c3d72afab184d755d790089b88b723a2e68bb5,50301448876676220177006812307728017256829468947404142141342726537657975242933
2026-04-17T01:40:09.809678+00:00,2026-04-17T01:51:37.309192+00:00,contrarian,"XRP Up or Down - April 16, 9:40PM-9:45PM ET",UP,Up,2.0,0.26,,LOSS,NO,-2.0,Down,0x4758e1fd81c91ef82ffa3f37eebf045845121c39d01b295159c2bb0c3146a00b,64536514579817290814106400126936273725062564868371695672699521282404663965822
2026-04-17T01:40:19.440981+00:00,2026-04-17T01:51:37.541166+00:00,contrarian,"Bitcoin Up or Down - April 16, 9:40PM-9:45PM ET",DOWN,Down,2.0,0.3,,WIN,YES,4.666666666666667,Down,0x2bbcf0d74fb8fe7bfba3cf6a982f7467941abd9a69749e08fcb67bd157fe17d6,17531834413743550569383929175405327088679777602899693459394424089536306564958
2026-04-17T01:40:19.671008+00:00,2026-04-17T01:51:37.737103+00:00,contrarian,"Ethereum Up or Down - April 16, 9:40PM-9:45PM ET",DOWN,Down,2.0,0.28,,WIN,YES,5.142857142857142,Down,0x47b3945b8c2555a7494f2e6988fae31228287a7bc2bffc113c663486a5322d95,112614748542231689689670668698651127957353888513094557459253454451259297144745
2026-04-17T01:40:19.744617+00:00,2026-04-17T01:51:37.934456+00:00,contrarian,"Solana Up or Down - April 16, 9:40PM-9:45PM ET",DOWN,Down,2.0,0.28,,WIN,YES,5.142857142857142,Down,0xef4d2e3ad206e9727985eb885841ae3fd11d48998264007f3abaa1f8bbc9c1e1,33372773182229954359178746582753965573579343612209282491407308523776033942554
2026-04-17T01:45:11.663670+00:00,2026-04-17T01:53:39.663670+00:00,contrarian,"Ethereum Up or Down - April 16, 9:45PM-9:50PM ET",DOWN,Down,2.0,0.39,,WIN,YES,3.1282051282051277,Down,0x2fd8d43698cec1ade325234254d8b0b0d7a732df4fcc019467ea71f7ad3eb9b0,79249765459074579887570943584843839975435169020711784873469496975067530668646
2026-04-17T01:45:14.737065+00:00,2026-04-17T01:53:39.860657+00:00,contrarian,"Bitcoin Up or Down - April 16, 9:45PM-9:50PM ET",DOWN,Down,2.0,0.32,,WIN,YES,4.25,Down,0xc31a393ba3f2fb5fd61443deb079720a470cef3aeee16e608b2f7ef025fa469a,11138913747149783000426475246321218221098212381830961539165437811930031416977
2026-04-17T01:45:46.923135+00:00,2026-04-17T01:53:39.895278+00:00,contrarian,"XRP Up or Down - April 16, 9:45PM-9:50PM ET",UP,Up,2.0,0.36,,LOSS,NO,-2.0,Down,0x5fad34f368a5095c7a6261615ac52f0570170c0485cf94222b0293af56fe852a,15737675708086850938092186638593865756015040405231913397198708390527526696553
2026-04-17T01:46:27.117671+00:00,2026-04-17T01:53:40.079650+00:00,contrarian,"Solana Up or Down - April 16, 9:45PM-9:50PM ET",DOWN,Down,2.0,0.31,,WIN,YES,4.451612903225807,Down,0x905864d36cafe33158c9b0af05aaa158e5439aef4624a52497cc564eb5d23e1e,99937961075278500367013116789757235936900423773506084015367942346374768454995
2026-04-17T01:50:07.017912+00:00,2026-04-17T01:59:43.294997+00:00,contrarian,"Ethereum Up or Down - April 16, 9:50PM-9:55PM ET",DOWN,Down,2.0,0.32,,WIN,YES,4.25,Down,0x456c05efc606538472d5f4e9261859e1b9625ba72222f805223443d1627efd83,494461535907447690793252489926034821551833862811320589071086183193081801025
2026-04-17T01:50:07.025480+00:00,2026-04-17T01:59:43.461991+00:00,contrarian,"Bitcoin Up or Down - April 16, 9:50PM-9:55PM ET",DOWN,Down,2.0,0.32,,WIN,YES,4.25,Down,0x565f4240fc67f30fe007bcce0f047a1b4bc5dd469022df1a1d8768e57691f958,27793506546957111569262273094436144544339554192640431540154413154288273555967
2026-04-17T01:50:10.144527+00:00,2026-04-17T01:59:43.634674+00:00,contrarian,"XRP Up or Down - April 16, 9:50PM-9:55PM ET",DOWN,Down,2.0,0.32,,WIN,YES,4.25,Down,0x95c12785090de207071997aea4d5d92a950402ea628d7ca0826d391330c521bd,38330673193415754125973159782808445023536757468065818197814187702407752649713
2026-04-17T01:50:13.227845+00:00,2026-04-17T01:59:43.811034+00:00,contrarian,"Solana Up or Down - April 16, 9:50PM-9:55PM ET",DOWN,Down,2.0,0.35,,WIN,YES,3.7142857142857144,Down,0x90ddea7297c9df1e8d0fcdd2f4511e20d4404b1a42e74cbe7a55b64da0cb05de,10027476531353802730056257304717716157348379210232403239586326828530285988769
2026-04-17T01:55:02.348126+00:00,2026-04-17T02:05:48.274543+00:00,contrarian,"Ethereum Up or Down - April 16, 9:55PM-10:00PM ET",DOWN,Down,2.0,0.35,,LOSS,NO,-2.0,Up,0x3aae96aec4c6081596f2bb7ef67eb7ef0a62b6ed7d5aed0fb05fe2be26154f16,100194403516416394555358196030861442160876625035245458485032749595046012573744
2026-04-17T01:55:05.628081+00:00,2026-04-17T02:05:48.552848+00:00,contrarian,"Bitcoin Up or Down - April 16, 9:55PM-10:00PM ET",DOWN,Down,2.0,0.3,,LOSS,NO,-2.0,Up,0xa79326f77f0b24d6cea3d5206cfb82b9cbe7f2a9030683b6c4347312bf82bdd3,7701789333143932209368199544536693294719555865438493938741938809374380147423
2026-04-17T01:55:11.931447+00:00,2026-04-17T02:05:48.598697+00:00,contrarian,"XRP Up or Down - April 16, 9:55PM-10:00PM ET",DOWN,Down,2.0,0.38,,LOSS,NO,-2.0,Up,0x39e5a115eec4a5abfba5a3ad87448036cc1dff9b61ad0aca508fab64665e8043,69089158883255865034854738972258137839762008235987686020642397151368863221794
2026-04-17T01:55:02.356236+00:00,2026-04-17T02:06:48.591037+00:00,contrarian,"Solana Up or Down - April 16, 9:55PM-10:00PM ET",DOWN,Down,2.0,0.33,,LOSS,NO,-2.0,Up,0xd795c4c5825636d13dd0023bb4c1afb3954897a0bd74f19655a71dea7bdbcf5e,21315107416769797128563092454030256012372174247583019884459591803222446010612
2026-04-17T02:00:08.501015+00:00,2026-04-17T02:08:49.627415+00:00,contrarian,"Ethereum Up or Down - April 16, 10:00PM-10:05PM ET",UP,Up,2.0,0.39,,WIN,YES,3.1282051282051277,Up,0x4342ee003bea7e09f5ed967c7c58a3bf137012e6d2d1b7151f3aa1b0bc668443,1989925763233818211322865979235340322484541731140130107460134177615288670097
2026-04-17T02:00:18.346252+00:00,2026-04-17T02:08:50.179833+00:00,contrarian,"XRP Up or Down - April 16, 10:00PM-10:05PM ET",UP,Up,2.0,0.38,,WIN,YES,3.2631578947368425,Up,0x967276790c816759255d918bd3a40147dc9899ae9debbe270a185b6cadef9f7b,29631755475480862692234270000855059355893767353244919217497944106596114102817
2026-04-17T02:00:27.997889+00:00,2026-04-17T02:09:50.617138+00:00,contrarian,"Solana Up or Down - April 16, 10:00PM-10:05PM ET",UP,Up,2.0,0.39,,WIN,YES,3.1282051282051277,Up,0x4f6b933b80f768014accc93a9c76a9b8660523c1acc7d2aea7861a4c0ecd59fa,113091698028935054255016524912145563610234069600387762158346646015362855649957
2026-04-17T02:00:31.402850+00:00,2026-04-17T02:09:51.245153+00:00,contrarian,"Bitcoin Up or Down - April 16, 10:00PM-10:05PM ET",UP,Up,2.0,0.38,,WIN,YES,3.2631578947368425,Up,0x52790547e0044828100124da1c9ac11c794d781f2e72bacdbf3ca037df022991,33536431697155593850156324723223073666756334660756897030208130142299633794796
2026-04-17T02:05:14.701920+00:00,2026-04-17T02:14:53.080031+00:00,contrarian,"Solana Up or Down - April 16, 10:05PM-10:10PM ET",DOWN,Down,2.0,0.38,,WIN,YES,3.2631578947368425,Down,0xe49913f7cd73474c1a264cd1de2f786b90b60637db460d32f1979cb2d10c7d95,12413514778501457003882157011702839644017038928953452761890336750862141440721
2026-04-17T02:05:17.949132+00:00,2026-04-17T02:14:53.263216+00:00,contrarian,"Ethereum Up or Down - April 16, 10:05PM-10:10PM ET",DOWN,Down,2.0,0.39,,WIN,YES,3.1282051282051277,Down,0xab89a4e6047e65b02d817103bf97aeba9c7ace203d5ccabd16ade8d10bf5aec9,107345424057384195787173837711567877413037563536780571333858419332616909669167
2026-04-17T02:05:37.141803+00:00,2026-04-17T02:14:53.297425+00:00,contrarian,"XRP Up or Down - April 16, 10:05PM-10:10PM ET",UP,Up,2.0,0.34,,LOSS,NO,-2.0,Down,0x9bbf4afad9bb542e004b26713489bbaf908008423e36898f8058133a82e110ca,58240995153793474605933331541568267603048826967937859397268729470140064072650
2026-04-17T02:05:01.497465+00:00,2026-04-17T02:15:53.927905+00:00,contrarian,"Bitcoin Up or Down - April 16, 10:05PM-10:10PM ET",DOWN,Down,2.0,0.39,,WIN,YES,3.1282051282051277,Down,0xb5bb4c97d8db5c5ee21fbe8d213f0cf887c275bd7e69cf28739eaf5b0710b97e,19964380784176057184281327362012321567981605810085750941287358002136540234420
2026-04-17T02:10:15.165434+00:00,2026-04-17T02:20:55.733936+00:00,contrarian,"XRP Up or Down - April 16, 10:10PM-10:15PM ET",DOWN,Down,2.0,0.35,,LOSS,NO,-2.0,Up,0xcc860240c7f2e986fe858830d487bb3ec24021743bd4a85105941b354535c568,39082215366275370116358141515242630810976497216493734794668374343526139858212
2026-04-17T02:10:37.331712+00:00,2026-04-17T02:20:55.772097+00:00,contrarian,"Bitcoin Up or Down - April 16, 10:10PM-10:15PM ET",DOWN,Down,2.0,0.35,,LOSS,NO,-2.0,Up,0xa4662f7d1d35b2e9927943be0b635ce48186cd13e00a29ece1555726058b97ec,31853964774750658952300689281290171343166139206617013554338394313799618958192
2026-04-17T02:11:00.851377+00:00,2026-04-17T02:20:55.810613+00:00,contrarian,"Ethereum Up or Down - April 16, 10:10PM-10:15PM ET",DOWN,Down,2.0,0.38,,LOSS,NO,-2.0,Up,0xf2af3c0a2a314cd1a3b5281db4a2206762cc12ed1e9f4cac95f391a81f07d6cf,65055283084782574376042877465375691902334682225534775238600355181405612272393
2026-04-17T02:11:03.980570+00:00,2026-04-17T02:21:56.857375+00:00,contrarian,"Solana Up or Down - April 16, 10:10PM-10:15PM ET",DOWN,Down,2.0,0.36,,LOSS,NO,-2.0,Up,0x8cd2963ec09e161bd0949945a899e4b360619b45b0569572309778469dd7484b,73463840642781863730869610685347215904550422895650391598122825609952925282458
2026-04-17T02:15:14.475598+00:00,2026-04-17T02:22:57.770361+00:00,contrarian,"Bitcoin Up or Down - April 16, 10:15PM-10:20PM ET",DOWN,Down,2.0,0.38,,WIN,YES,3.2631578947368425,Down,0xb1826d3e3d5cc6428f53e1cb084df870ffd5a2c9844f1b7da96031f3418de6c4,82985513525635299894361396301744032805643337415292857064920609243219279210305
2026-04-17T02:15:27.092832+00:00,2026-04-17T02:24:58.794891+00:00,contrarian,"XRP Up or Down - April 16, 10:15PM-10:20PM ET",UP,Up,2.0,0.39,,LOSS,NO,-2.0,Down,0xae448c9c6adeda6234022f8fd6c34a9bfad0d948082b635fbcb3c838cebdb0ef,98158673724330996433561555838110613709331440187221904915123092547432480728399
2026-04-17T02:15:27.113279+00:00,2026-04-17T02:24:58.847825+00:00,contrarian,"Solana Up or Down - April 16, 10:15PM-10:20PM ET",UP,Up,2.0,0.35,,LOSS,NO,-2.0,Down,0xa2fa5a0beaf666f41f930d65c8b2141d8a832e235dde9af753f1cfb942f1c38c,16028492806338238524206692317208587274410643506736567867972100466941186463620
2026-04-17T02:15:43.063660+00:00,2026-04-17T02:24:58.889732+00:00,contrarian,"Ethereum Up or Down - April 16, 10:15PM-10:20PM ET",UP,Up,2.0,0.38,,LOSS,NO,-2.0,Down,0xa060ce48ae83f3b5dc944ed6dcc344b307cef3c7a30ec4e433e4460e176344f4,93962781886547676148933721496807840664089597255459548595224960631712332354406
2026-04-17T02:20:20.679528+00:00,2026-04-17T02:30:01.969231+00:00,contrarian,"Bitcoin Up or Down - April 16, 10:20PM-10:25PM ET",UP,Up,2.0,0.39,,WIN,YES,3.1282051282051277,Up,0xf70e8e905084b4b375ab8bf1f4dc338b4d039de1c7b043723be2cd23b1f35ecc,112796287470199207741556606318870619403495276873138663979961839127413736443731
2026-04-17T02:21:37.425885+00:00,2026-04-17T02:30:02.018967+00:00,contrarian,"Ethereum Up or Down - April 16, 10:20PM-10:25PM ET",DOWN,Down,2.0,0.39,,LOSS,NO,-2.0,Up,0x21f2a507af01e1e7529acb931636205704527dc213b5d02d5d7b8810ccf061b4,56039851631854850666304079527707154579713543388785024905564223023097980191167
2026-04-17T02:20:17.540470+00:00,2026-04-17T02:31:02.468473+00:00,contrarian,"Solana Up or Down - April 16, 10:20PM-10:25PM ET",UP,Up,2.0,0.37,,LOSS,NO,-2.0,Down,0x83c3fe31e9cde8c8ead8f9d915d135f2c9b6136cfb02974eb0f296fc5d70820c,94171324598790774567460995899955851258536998240150512446843900139627170448510
2026-04-17T02:21:56.809028+00:00,2026-04-17T02:31:02.518145+00:00,contrarian,"XRP Up or Down - April 16, 10:20PM-10:25PM ET",UP,Up,2.0,0.33,,LOSS,NO,-2.0,Down,0xb8f976e35605f946215f21a904d8347ce7f291cbc8cfbe7f96b019c85e24e9ed,67498187657066963991907857241266676233276797608342717835840183336394797961030
2026-04-17T02:25:07.421988+00:00,2026-04-17T02:36:05.921077+00:00,contrarian,"Bitcoin Up or Down - April 16, 10:25PM-10:30PM ET",UP,Up,2.0,0.37,,LOSS,NO,-2.0,Down,0xa0fe18c7f8a183b3734c5389535ccc59c0272e95d5aa5920b0d6e3405457649d,53458221099577793027688856405596115182345979606369266233961053668412903182839
2026-04-17T02:25:26.420602+00:00,2026-04-17T02:37:06.961955+00:00,contrarian,"Ethereum Up or Down - April 16, 10:25PM-10:30PM ET",DOWN,Down,2.0,0.38,,WIN,YES,3.2631578947368425,Down,0xf06412384afe61d71f0d0420c470f3bebe7493714b91f4a298d0e35dc7e04aa7,35427843426878763599637967148953665313663895604903830280390832747591434768177
2026-04-17T02:25:26.426910+00:00,2026-04-17T02:37:07.131692+00:00,contrarian,"Solana Up or Down - April 16, 10:25PM-10:30PM ET",DOWN,Down,2.0,0.38,,WIN,YES,3.2631578947368425,Down,0x556ef430eadd3df0fee2db8c42346e81dcfa8a049bd805d91611722ae607cb8d,103770103110283647641098798731804137476421129166353353621007653549087603310025
2026-04-17T02:25:29.585116+00:00,2026-04-17T02:37:07.164194+00:00,contrarian,"XRP Up or Down - April 16, 10:25PM-10:30PM ET",DOWN,Down,2.0,0.34,,LOSS,NO,-2.0,Up,0xa844169020b7e6954045f18fe1e380f6eb6dc4fb7d6aa0afdcddb35fc776a043,52233592043122951711038863810530540773102689503503828619388885439903811832565
2026-04-17T02:30:10.375630+00:00,2026-04-17T02:38:08.221377+00:00,contrarian,"XRP Up or Down - April 16, 10:30PM-10:35PM ET",UP,Up,2.0,0.3,,WIN,YES,4.666666666666667,Up,0xe17b244d2251673cb1794e7904599bb8836c2113596aa3b843c864a6a33dbad4,115589716020652448782450400451757979487723212417661322652159943048032930173484
2026-04-17T02:30:10.389187+00:00,2026-04-17T02:38:08.422707+00:00,contrarian,"Solana Up or Down - April 16, 10:30PM-10:35PM ET",UP,Up,2.0,0.36,,WIN,YES,3.5555555555555554,Up,0xc744d00b370a461bd220c92082fa31f3181c2cad0d92f2177bbea57feca8a795,57926650993563217243510794706949008448675305708157793022154064102687843873921
2026-04-17T02:30:10.363104+00:00,2026-04-17T02:39:08.750232+00:00,contrarian,"Ethereum Up or Down - April 16, 10:30PM-10:35PM ET",UP,Up,2.0,0.25,,WIN,YES,6.0,Up,0x57549242634951150f68fe78078402f7ef37239855e656da029f40b05dd02a2f,67016668494815704849121493748541569500486287550928721610347515522085610721078
2026-04-17T02:30:10.349000+00:00,2026-04-17T02:40:09.171322+00:00,contrarian,"Bitcoin Up or Down - April 16, 10:30PM-10:35PM ET",UP,Up,2.0,0.35,,WIN,YES,3.7142857142857144,Up,0x40e4e3c747de8b8a57d08ae45590d2563af769f7407e889ba48ac0fc4d969d94,73893564886348110706894789891893261651046209216592228172846190495753001135929
2026-04-17T02:35:14.005519+00:00,2026-04-17T02:44:10.786054+00:00,contrarian,"Ethereum Up or Down - April 16, 10:35PM-10:40PM ET",DOWN,Down,2.0,0.39,,LOSS,NO,-2.0,Up,0xedea43e6945fbdd3bf0112560ad2ce2d76b0f5c2446f802543aac3c2aa0ba051,107999232037851205758282688342490656241250504494158830988715313596330026430717
2026-04-17T02:35:13.996621+00:00,2026-04-17T02:45:11.392972+00:00,contrarian,"Solana Up or Down - April 16, 10:35PM-10:40PM ET",DOWN,Down,2.0,0.38,,LOSS,NO,-2.0,Up,0xbb3069d327206af90afd86c1324bf7d17b651f19e96210df774931963b582ec6,3349008061439642707988057472757600576325153534351860480227252174283101756571
2026-04-17T02:36:04.852250+00:00,2026-04-17T02:45:11.463030+00:00,contrarian,"XRP Up or Down - April 16, 10:35PM-10:40PM ET",DOWN,Down,2.0,0.33,,LOSS,NO,-2.0,Up,0xb1fad2d463bd5f111a6054246ec518caece00b18b09e26cbece959dbe67c4438,41536051974003003480897539062952495333085911412858087357906071895225964452929
2026-04-17T02:36:11.631574+00:00,2026-04-17T02:45:11.505650+00:00,contrarian,"Bitcoin Up or Down - April 16, 10:35PM-10:40PM ET",DOWN,Down,2.0,0.39,,LOSS,NO,-2.0,Up,0x0b7cf23c2ef8428da0f29795b2f30586bc715e73badd488741dd5fc031f68b83,22415580042382077975227181975178060645729554265882136549881961821775958702848
2026-04-17T02:40:05.520721+00:00,2026-04-17T02:50:16.149090+00:00,contrarian,"Bitcoin Up or Down - April 16, 10:40PM-10:45PM ET",DOWN,Down,2.0,0.3,,WIN,YES,4.666666666666667,Down,0x6e7e4a0c4958dd74b13ae6312178d35cfa6c0f84a058c8098b631271e7dfbdf8,88505359712643814773819745582325041376858832479850346904120682407144305952739
2026-04-17T02:40:02.437144+00:00,2026-04-17T02:51:16.430918+00:00,contrarian,"Ethereum Up or Down - April 16, 10:40PM-10:45PM ET",DOWN,Down,2.0,0.36,,WIN,YES,3.5555555555555554,Down,0xe86a153d12e8455231c62ae964e82a68b0acb4ea5469339fb819626ba454e68b,81635966667206968827502322287957430675682296401869515130122309972151034142812
2026-04-17T02:42:43.481408+00:00,2026-04-17T02:51:16.598196+00:00,contrarian,"XRP Up or Down - April 16, 10:40PM-10:45PM ET",DOWN,Down,2.0,0.35,,WIN,YES,3.7142857142857144,Down,0x1ab8b9364e23f2f55f7f090d23d558448e70b478b8ac3d4997b5004ea87bd972,109640649764401034422048361775692353932599260794904981962786422347580382441996
2026-04-17T02:40:02.427143+00:00,2026-04-17T02:52:16.714948+00:00,contrarian,"Solana Up or Down - April 16, 10:40PM-10:45PM ET",DOWN,Down,2.0,0.36,,WIN,YES,3.5555555555555554,Down,0x1ecee494d5e331c317033c3959afe63cf34c1521abf21ace068d3d86c932db35,26338445673365879897083697723838063057560748476745594500543503635938289965328
2026-04-17T02:45:22.928692+00:00,2026-04-17T02:53:17.104640+00:00,contrarian,"Ethereum Up or Down - April 16, 10:45PM-10:50PM ET",DOWN,Down,2.0,0.39,,WIN,YES,3.1282051282051277,Down,0x069d8b4901c98e85215d6670caae043d647e52daf3765dc3b2bbb97ba2e2bcc9,99370504694496491591656367869311053294185880971940821395271814956783513203332
2026-04-17T02:45:22.936343+00:00,2026-04-17T02:54:17.851390+00:00,contrarian,"Bitcoin Up or Down - April 16, 10:45PM-10:50PM ET",DOWN,Down,2.0,0.39,,WIN,YES,3.1282051282051277,Down,0xb703f30021b042ab90058bd3bc7e81be634c6bab2cb24d770988ea94aaac20b6,29660188297577911004087500215266772820816397518542572928352382465363381459719
2026-04-17T02:45:26.490000+00:00,2026-04-17T02:54:17.890501+00:00,contrarian,"XRP Up or Down - April 16, 10:45PM-10:50PM ET",DOWN,Down,2.0,0.37,,LOSS,NO,-2.0,Up,0x1f0bad88398776ec4a1847ab5555825426ff7352b2506e837afca3decab5911e,108283267467231814173321369818416352065171185056769731260994632132132452078932
2026-04-17T02:45:16.642462+00:00,2026-04-17T02:55:17.798301+00:00,contrarian,"Solana Up or Down - April 16, 10:45PM-10:50PM ET",DOWN,Down,2.0,0.37,,WIN,YES,3.4054054054054053,Down,0xf234d41fca39778bb08891ea81fd921ce83005b95b3488fd969b80987b7872cd,24548373271449403137948740073717382217094917766939458487197263989003042042675
2026-04-17T02:50:39.907846+00:00,2026-04-17T03:00:19.823065+00:00,contrarian,"Ethereum Up or Down - April 16, 10:50PM-10:55PM ET",DOWN,Down,2.0,0.39,,LOSS,NO,-2.0,Up,0x371134fa64a771367b388346db7c9f83059dbd12175c75988430d6b2cbd42c31,115488027578000659409654976627120912279211675836730789109706845837651360963091
2026-04-17T02:50:43.028742+00:00,2026-04-17T03:00:19.879789+00:00,contrarian,"Bitcoin Up or Down - April 16, 10:50PM-10:55PM ET",DOWN,Down,2.0,0.36,,LOSS,NO,-2.0,Up,0xe7b674974da6fc832d436b6eb052b1988d1b23d43ef6cc7d1e54ab79b6a80ceb,107122696088572733401248359068482422362461710620066626416990660118767193179105
2026-04-17T02:51:18.369834+00:00,2026-04-17T03:00:20.055358+00:00,contrarian,"Solana Up or Down - April 16, 10:50PM-10:55PM ET",UP,Up,2.0,0.38,,WIN,YES,3.2631578947368425,Up,0x8af8dd8ec8c90ab52fceed053b2939ee88f6c48f6195f67e15e801e1fb4bf491,96926720213309927701844452953174235932297026616785803703090562758988760510139
2026-04-17T02:51:21.490384+00:00,2026-04-17T03:00:20.299205+00:00,contrarian,"XRP Up or Down - April 16, 10:50PM-10:55PM ET",UP,Up,2.0,0.39,,WIN,YES,3.1282051282051277,Up,0x80b27f3496a4f5eb6bb238ada305fc6ce01f3709712def5b92d1f5dafb4a7f8d,84388843666555423133154220184617024607076610683812922937749030633024964882784
2026-04-17T02:55:04.194037+00:00,2026-04-17T03:05:22.109087+00:00,contrarian,"Ethereum Up or Down - April 16, 10:55PM-11:00PM ET",DOWN,Down,2.0,0.37,,LOSS,NO,-2.0,Up,0xa219042b3ea6ac60bb9ab30d525308a5679a687ccffbacc22f54c7f66b76c4fb,11174211854097901631844471679771288821904902453620086532414112861824645367099
2026-04-17T02:55:14.342273+00:00,2026-04-17T03:05:22.401841+00:00,contrarian,"Solana Up or Down - April 16, 10:55PM-11:00PM ET",DOWN,Down,2.0,0.37,,LOSS,NO,-2.0,Up,0x817f7daef104198c21fa14c210c3eeca136e9e076453e0ed9218234b607b631f,109856440975516529884998274040734886724354674027805974179863588460209673804878
2026-04-17T02:55:33.719697+00:00,2026-04-17T03:05:22.450554+00:00,contrarian,"XRP Up or Down - April 16, 10:55PM-11:00PM ET",DOWN,Down,2.0,0.39,,LOSS,NO,-2.0,Up,0xe6a7e916e6513309c9ecdf1284ccc83c40c602ba61b4fb373c0a130a41be3372,79350343038971033258000729761867779480974953730472130157157193146370895451315
2026-04-17T02:55:11.206467+00:00,2026-04-17T03:06:22.918603+00:00,contrarian,"Bitcoin Up or Down - April 16, 10:55PM-11:00PM ET",DOWN,Down,2.0,0.38,,LOSS,NO,-2.0,Up,0x90a9352fed42af356e6e9d870e29a97f4be7f3f6326f3bc07d23b036cd5abf30,66299653572412697240252187300586673679421683196283053884520320485187541330703
2026-04-17T03:00:23.569135+00:00,2026-04-17T03:09:24.765776+00:00,contrarian,"XRP Up or Down - April 16, 11:00PM-11:05PM ET",UP,Up,2.0,0.39,,LOSS,NO,-2.0,Down,0x792e3bbc65ea539f59f65922cfc2dc82299454bead27dd6eee37bac523e97aec,114085906753514131732505843122522306688109940369800789098334381531533508438609
2026-04-17T03:00:43.435660+00:00,2026-04-17T03:09:24.814593+00:00,contrarian,"Ethereum Up or Down - April 16, 11:00PM-11:05PM ET",UP,Up,2.0,0.39,,LOSS,NO,-2.0,Down,0x422ddbc6b51fdcb07a0c7a194186c2858501d3dd8030984b9844c61b2b8c87df,56644416461309959957844641965198785493803626869256989045450541668715683517435
2026-04-17T03:02:03.532013+00:00,2026-04-17T03:09:24.850770+00:00,contrarian,"Bitcoin Up or Down - April 16, 11:00PM-11:05PM ET",UP,Up,2.0,0.31,,LOSS,NO,-2.0,Down,0xf0dcbb6133b9d4a9252f59224a7c41b576c80ba3b46a739a61759712e1caefd7,78138242708348308157403815686701186535747439749050324006804924422934562901971
2026-04-17T03:02:16.620895+00:00,2026-04-17T03:09:24.885293+00:00,contrarian,"Solana Up or Down - April 16, 11:00PM-11:05PM ET",UP,Up,2.0,0.32,,LOSS,NO,-2.0,Down,0xf644073fcc2a72fedd0ebb7c0fa56340c9121d3139efd7be2835f6b9eaed4b24,49380035598652725266903750769910259594942893204059060108782921051494769879107
2026-04-17T03:05:14.941197+00:00,2026-04-17T03:14:27.720821+00:00,contrarian,"Ethereum Up or Down - April 16, 11:05PM-11:10PM ET",UP,Up,2.0,0.39,,LOSS,NO,-2.0,Down,0x9ef56c62335a311bd46fd5e25ae1e1a37df22e73eee19118e2aca5b17ebebfa5,33096603268624534712341105682680158709759217007165583239086362980943570599189
2026-04-17T03:05:14.911601+00:00,2026-04-17T03:15:27.555699+00:00,contrarian,"Bitcoin Up or Down - April 16, 11:05PM-11:10PM ET",UP,Up,2.0,0.38,,LOSS,NO,-2.0,Down,0x93bfb89bc99e5913e4c62c62c71c91416c4463e89d6cde692b96b52dc974891e,27261786845069065000299285184187172398322716159980089314842705179956032077666
2026-04-17T03:05:18.637982+00:00,2026-04-17T03:15:28.392248+00:00,contrarian,"Solana Up or Down - April 16, 11:05PM-11:10PM ET",UP,Up,2.0,0.33,,WIN,YES,4.0606060606060606,Up,0x3ced2ed16089d655313eeca28cbe900c8b85a805dd945a4af80fd608ef216433,14512087035789656825742565843836453362901080934033507040549415724743992581844
2026-04-17T03:05:22.065296+00:00,2026-04-17T03:15:28.935251+00:00,contrarian,"XRP Up or Down - April 16, 11:05PM-11:10PM ET",UP,Up,2.0,0.36,,WIN,YES,3.5555555555555554,Up,0x8a476c2642678e249c42aee326686eca56b827859f273e4cc41ba4857bccb22f,39936172633636912188714563084759053104021658783629358469010350811068431756710
2026-04-17T03:10:08.761801+00:00,2026-04-17T03:20:31.149687+00:00,contrarian,"Ethereum Up or Down - April 16, 11:10PM-11:15PM ET",DOWN,Down,2.0,0.35,,LOSS,NO,-2.0,Up,0xe0f40dd4a8de5a04e237c12e00ca1e5a550e2c04e693d45f3cc554a4fffdf706,2195531687053574182333854506692220732552132859750806264444801555510534888332
2026-04-17T03:10:08.769938+00:00,2026-04-17T03:20:31.187253+00:00,contrarian,"XRP Up or Down - April 16, 11:10PM-11:15PM ET",DOWN,Down,2.0,0.37,,LOSS,NO,-2.0,Up,0xcde42c1307cd06b8c69cf30debf2441deedd183a0d065fe04a42a0b53dc0fa98,86470248134571003847051971562990564971010049417121981126080219869325838677648
2026-04-17T03:10:15.287025+00:00,2026-04-17T03:21:31.809046+00:00,contrarian,"Solana Up or Down - April 16, 11:10PM-11:15PM ET",DOWN,Down,2.0,0.28,,LOSS,NO,-2.0,Up,0xf8bd8c33a0198b39fd52530138c4fad85f29acd08803c0115edfa4bc0f667a42,49276439949917175159777889612460863691086776141759616368562125270997592712114
2026-04-17T03:10:15.303909+00:00,2026-04-17T03:21:31.857744+00:00,contrarian,"Bitcoin Up or Down - April 16, 11:10PM-11:15PM ET",DOWN,Down,2.0,0.27,,LOSS,NO,-2.0,Up,0xfa96681ff540b07aa873e4c89f3042cdef7a4f29072414627c7e1bf322cf4524,105591620297857912396131196093810344820190858763231855955719126807286266915593
2026-04-17T03:15:10.656255+00:00,2026-04-17T03:23:32.624555+00:00,contrarian,"Ethereum Up or Down - April 16, 11:15PM-11:20PM ET",DOWN,Down,2.0,0.39,,LOSS,NO,-2.0,Up,0x5ba471614f9de5e7f98299d6e1f7ecf9412b8a512a47fda9c8d6b73cad6d4368,71929628194522748673339987390278242032878752441079091713449959269284966970842
2026-04-17T03:15:10.643313+00:00,2026-04-17T03:24:33.274406+00:00,contrarian,"Bitcoin Up or Down - April 16, 11:15PM-11:20PM ET",DOWN,Down,2.0,0.37,,LOSS,NO,-2.0,Up,0x037ed73ac96f9dea86c257398a539dd4aa0033b11ef5054b9f8ed590b6d2d9bb,31364954551053022861475035445918066047820510810346163701068632979895725592454
2026-04-17T03:15:10.715386+00:00,2026-04-17T03:24:33.420621+00:00,contrarian,"Solana Up or Down - April 16, 11:15PM-11:20PM ET",DOWN,Down,2.0,0.38,,WIN,YES,3.2631578947368425,Down,0x6af5f4630651ae7f00897cc55f27759545c1588ea9870b5bf3bab5d07ca780cd,48416754861946795074350131889348844895976503920535682351418198765368415014378
2026-04-17T03:16:15.024016+00:00,2026-04-17T03:24:33.458484+00:00,contrarian,"XRP Up or Down - April 16, 11:15PM-11:20PM ET",UP,Up,2.0,0.37,,LOSS,NO,-2.0,Down,0x35a587a768a71bd2087276cb788f7621ee9e0efabbd7ae4f20ec6f91a7994808,103165445421587268245935635290072569047003271437382017600415942853442373673787
2026-04-17T03:20:17.693525+00:00,2026-04-17T03:29:37.811147+00:00,contrarian,"Ethereum Up or Down - April 16, 11:20PM-11:25PM ET",UP,Up,2.0,0.38,,LOSS,NO,-2.0,Down,0xe1bc3e1bd5b6626cec2a02d027adeaedbea9a5434640683fd172a295c7581d2c,79624157006967368321677213966031136539554669127097778627270430257001102521278
2026-04-17T03:22:46.629085+00:00,2026-04-17T03:29:38.142338+00:00,contrarian,"XRP Up or Down - April 16, 11:20PM-11:25PM ET",UP,Up,2.0,0.34,,WIN,YES,3.88235294117647,Up,0x8bdabdb7c5142d3e0d9620e782819c88058b014da0d379932de6eaa2b271a5cc,34077448644023284995452273770091724260641600052543450245836976463658601731292
2026-04-17T03:20:11.504310+00:00,2026-04-17T03:30:37.967884+00:00,contrarian,"Solana Up or Down - April 16, 11:20PM-11:25PM ET",UP,Up,2.0,0.34,,LOSS,NO,-2.0,Down,0x4a9e5d91f24829e203a5b2ad66de9112ea7e24303a8c1d164b35bbc2171e47c9,92984971008369907642492087701747673823868304507048968149480525165915449322961
2026-04-17T03:20:46.260337+00:00,2026-04-17T03:30:38.142066+00:00,contrarian,"Bitcoin Up or Down - April 16, 11:20PM-11:25PM ET",UP,Up,2.0,0.34,,WIN,YES,3.88235294117647,Up,0xd098b1b16f0bf1b8508ef1b90b871b589c97efe423a966596821d9086b0c9449,65240703279816515909359503824476819898234820724866183411520805508134197661543
2026-04-17T03:25:18.671614+00:00,2026-04-17T03:35:40.345037+00:00,contrarian,"XRP Up or Down - April 16, 11:25PM-11:30PM ET",UP,Up,2.0,0.3,,LOSS,NO,-2.0,Down,0x06acc4d0d09380b592e3852245a9b24e2e3597066cecbae86443ab51d1fc5c9b,90684487942468399461049488503046085353837325344530201666045150786787070057848
2026-04-17T03:25:48.158497+00:00,2026-04-17T03:35:40.376744+00:00,contrarian,"Ethereum Up or Down - April 16, 11:25PM-11:30PM ET",UP,Up,2.0,0.38,,LOSS,NO,-2.0,Down,0x6eff4f7b3ea58ff04a40b25d89a0e37684dd229cffff6562c31b3efc14d57017,39424291183229044250162470882801445199248967636316335774709382306816779058177
2026-04-17T03:26:13.134675+00:00,2026-04-17T03:36:40.884179+00:00,contrarian,"Solana Up or Down - April 16, 11:25PM-11:30PM ET",UP,Up,2.0,0.39,,LOSS,NO,-2.0,Down,0xd0e067bceee51a0227df0c384429f5279f2c0144f1164a0f80131ad4016edf69,19942108742456884548336622902524065907180573675643492696130188333891699175045
2026-04-17T03:25:12.488697+00:00,2026-04-17T03:37:41.539814+00:00,contrarian,"Bitcoin Up or Down - April 16, 11:25PM-11:30PM ET",DOWN,Down,2.0,0.38,,LOSS,NO,-2.0,Up,0xfe3a0286defba59de333ffb39d64e9eae0faf10ad5734e4215115cc443f85e34,43229092471090169157559511975861562697096331597759047048298160191086390021664
2026-04-17T03:30:09.080862+00:00,2026-04-17T03:41:43.561433+00:00,contrarian,"XRP Up or Down - April 16, 11:30PM-11:35PM ET",DOWN,Down,2.0,0.34,,LOSS,NO,-2.0,Up,0xef31ac64f5deffef319232976680bb19eb2a644d163302b77ad7d88bad7fae48,101656640253004656983328628970857136099783726080678518090442031120411991509984
2026-04-17T03:30:09.090452+00:00,2026-04-17T03:41:43.602369+00:00,contrarian,"Solana Up or Down - April 16, 11:30PM-11:35PM ET",DOWN,Down,2.0,0.39,,LOSS,NO,-2.0,Up,0x41d4799c355fe6dcd8e159128d195a465e1fb6b90bd16e6c8094a7106c0e72bc,53342880477969257171328143631683371261576023403234106190333992225318607583833
2026-04-17T03:30:12.213184+00:00,2026-04-17T03:42:44.209817+00:00,contrarian,"Bitcoin Up or Down - April 16, 11:30PM-11:35PM ET",DOWN,Down,2.0,0.36,,LOSS,NO,-2.0,Up,0x685a479b23099936820be0327b6c92787fad7d7c3c33fbc1258e1c52d4160fae,80228961787420207409530056241595452844684338091735180830903085028808291634729
2026-04-17T03:30:28.261134+00:00,2026-04-17T03:42:44.440252+00:00,contrarian,"Ethereum Up or Down - April 16, 11:30PM-11:35PM ET",UP,Up,2.0,0.35,,WIN,YES,3.7142857142857144,Up,0x5e236e310e2808e201d6f59d21fa4cd4b2ba5d7de8e57880a601f0a1eaf7defe,49142591252777697466984507198965232309363010818142155119097498648301858473606
2026-04-17T03:35:29.639707+00:00,2026-04-17T03:44:45.442457+00:00,contrarian,"Bitcoin Up or Down - April 16, 11:35PM-11:40PM ET",DOWN,Down,2.0,0.39,,LOSS,NO,-2.0,Up,0xcc038e132702db3bd2e2b22d80b25f81d1502d550d58703abb4d249d2dfd59de,100334663078996100794994187459008054021333214298477603680230544093267022385291
2026-04-17T03:35:45.306430+00:00,2026-04-17T03:45:46.156221+00:00,contrarian,"Ethereum Up or Down - April 16, 11:35PM-11:40PM ET",UP,Up,2.0,0.38,,LOSS,NO,-2.0,Down,0x0e4b900e16d648d039b78ab3ddd40d4d75edf0eb9833f132697b5b566fd5212d,45046364375466150776451880375793669767380138613884657186497254053916995984434
2026-04-17T03:35:55.395041+00:00,2026-04-17T03:45:46.214118+00:00,contrarian,"XRP Up or Down - April 16, 11:35PM-11:40PM ET",DOWN,Down,2.0,0.38,,LOSS,NO,-2.0,Up,0x52e17358c0776e4a82c831ca3b03145a22ee5766f32c62a97a70b76415dbec29,40687584080456383700961572494857303003154308582626958612110541146979323600081
2026-04-17T03:36:27.098883+00:00,2026-04-17T03:45:46.408205+00:00,contrarian,"Solana Up or Down - April 16, 11:35PM-11:40PM ET",DOWN,Down,2.0,0.24,,WIN,YES,6.333333333333334,Down,0xb6f9adf97bcc676656a847ca1eb5d5a5ca0fead367a37d5e5df4a32e711944cd,32479966783540468483923527300173261913507924636153355676392910325569489070658
2026-04-17T03:40:13.224057+00:00,2026-04-17T03:50:48.184514+00:00,contrarian,"XRP Up or Down - April 16, 11:40PM-11:45PM ET",UP,Up,2.0,0.32,,LOSS,NO,-2.0,Down,0x64c583ecdc5b55fddee48ec7eba5c1fea02ab2d1c6b1eaefef34270640e6f09e,56563396341959600755540203986705139602343532908929116402633941615442426121051
2026-04-17T03:40:35.372201+00:00,2026-04-17T03:50:48.225883+00:00,contrarian,"Ethereum Up or Down - April 16, 11:40PM-11:45PM ET",UP,Up,2.0,0.31,,LOSS,NO,-2.0,Down,0x614d579013d69b07376df8f293bc1dc2364e8d4c199cc7c88cd2195ccbc7facc,50623530866624133752192254880664726853615372928620244603943209322713358576265
2026-04-17T03:40:41.609037+00:00,2026-04-17T03:50:48.537855+00:00,contrarian,"Bitcoin Up or Down - April 16, 11:40PM-11:45PM ET",UP,Up,2.0,0.27,,LOSS,NO,-2.0,Down,0x451a22902ba2458fb7341dd38e661b23f44ab7ee548465710ac740ab24d55ddc,18951331801139146006833257224142363012327261891927221317493573217420341269113
2026-04-17T03:40:38.484863+00:00,2026-04-17T03:51:48.349190+00:00,contrarian,"Solana Up or Down - April 16, 11:40PM-11:45PM ET",UP,Up,2.0,0.2,,WIN,YES,8.0,Up,0xb434739ca2fe7d6d760fd72ea9d0d87c92277c4b46bc3d72c4319593efe437ae,17821099782076006265836709013460936969779162080417134207223123525368341201365
2026-04-17T03:46:16.764187+00:00,2026-04-17T03:53:49.716177+00:00,contrarian,"Ethereum Up or Down - April 16, 11:45PM-11:50PM ET",DOWN,Down,2.0,0.39,,WIN,YES,3.1282051282051277,Down,0xce16b4cb98d040b2a6ee3bb9409380087633f7eedd4305bc93eda3499910200d,68624953898097126478918383728714204999305512908796774460736465589074325436389
2026-04-17T03:45:54.465381+00:00,2026-04-17T03:54:49.884307+00:00,contrarian,"Solana Up or Down - April 16, 11:45PM-11:50PM ET",UP,Up,2.0,0.35,,LOSS,NO,-2.0,Down,0xc9ec936dcdd10d44419795b6f75e80582798aba4580990134af4c2ce3b20610e,101043171927019497664254979431029700340139434739824063578643881890894798144138
2026-04-17T03:46:35.655992+00:00,2026-04-17T03:54:50.078861+00:00,contrarian,"Bitcoin Up or Down - April 16, 11:45PM-11:50PM ET",DOWN,Down,2.0,0.3,,WIN,YES,4.666666666666667,Down,0x60390779921e697d263971a2d80ce942570ccc8bdccc4b1e51a80c1d3ff9afff,15024242033472236263395078378048510051917251610885242628739494419883325358417
2026-04-17T03:47:01.229749+00:00,2026-04-17T03:54:50.120918+00:00,contrarian,"XRP Up or Down - April 16, 11:45PM-11:50PM ET",UP,Up,2.0,0.38,,LOSS,NO,-2.0,Down,0xf4c862514e032d13dcb444b66af777f021636766fc4f543ddd8795665a870a2a,70890545715027124008196694834552184173730857511049123360174168140570210567504
2026-04-17T03:50:04.754095+00:00,2026-04-17T03:58:51.465602+00:00,contrarian,"Bitcoin Up or Down - April 16, 11:50PM-11:55PM ET",UP,Up,2.0,0.36,,LOSS,NO,-2.0,Down,0xfe1915c61ec33577f194825caa1264e0ea84b813e563e0a307a06bf33b191047,41919642184369387891187892870865567566371872486165926567009909599597652341594
2026-04-17T03:50:22.848959+00:00,2026-04-17T03:59:51.778421+00:00,contrarian,"Solana Up or Down - April 16, 11:50PM-11:55PM ET",UP,Up,2.0,0.38,,LOSS,NO,-2.0,Down,0x108626eadf9d1c63e7d23a0ac5e2925d8fbc802c5006ea404a2e1d6959d99057,1618608547167090635784590906857869242908272963069624169573789725207352787615
2026-04-17T03:50:35.676683+00:00,2026-04-17T04:00:52.407085+00:00,contrarian,"Ethereum Up or Down - April 16, 11:50PM-11:55PM ET",UP,Up,2.0,0.35,,LOSS,NO,-2.0,Down,0x3b1da536d340142237c33060268045f298829735366255aedb1980473661b85a,10266247092623346188623749792834934650732756568853420287516198545060248847937
2026-04-17T03:51:00.994592+00:00,2026-04-17T04:00:52.601022+00:00,contrarian,"XRP Up or Down - April 16, 11:50PM-11:55PM ET",DOWN,Down,2.0,0.38,,WIN,YES,3.2631578947368425,Down,0x29906a095d2f2f210c76274f199662744a054cc06c67bb3cc828658dceaf83d3,14822361243365402659108088249717910287162314403070883543719111547610805804280
2026-04-17T03:55:30.261246+00:00,2026-04-17T04:05:56.483411+00:00,contrarian,"Bitcoin Up or Down - April 16, 11:55PM-12:00AM ET",UP,Up,2.0,0.38,,LOSS,NO,-2.0,Down,0x10e8ea72f5e4396a385fa8891aa3a5ed43031f98903c1f2d39ec03b6f6faf071,111455272074722029617334042684338376781414199983956961447409195815078454771333
2026-04-17T03:56:04.801073+00:00,2026-04-17T04:05:56.790643+00:00,contrarian,"Solana Up or Down - April 16, 11:55PM-12:00AM ET",DOWN,Down,2.0,0.38,,WIN,YES,3.2631578947368425,Down,0x0a186d4a6cdfbfa8d6feebe27bfe219f8bef043d7451fe20a6182416699c6095,59074316821153165986336470896592055137986902838933399488872501229397875700196
2026-04-17T03:55:27.111422+00:00,2026-04-17T04:06:57.174157+00:00,contrarian,"Ethereum Up or Down - April 16, 11:55PM-12:00AM ET",UP,Up,2.0,0.37,,LOSS,NO,-2.0,Down,0x8daeb12952ceb801d069fa2a545682abd7c5cec47b8902e49e32644bcb72efd7,5014918756964677764043822184977715723396476283756246429071990211780266247461
2026-04-17T03:55:30.270984+00:00,2026-04-17T04:06:57.214956+00:00,contrarian,"XRP Up or Down - April 16, 11:55PM-12:00AM ET",UP,Up,2.0,0.38,,LOSS,NO,-2.0,Down,0xb1858979e6e257fda505c03a6e89a1303372c3b8cdac1f9b48976bf9ff58be2a,42111874695156801351544919874479851862917265920743025174675507732536158493349
2026-04-17T04:00:01.341153+00:00,2026-04-17T04:08:58.119171+00:00,contrarian,"Ethereum Up or Down - April 17, 12:00AM-12:05AM ET",DOWN,Down,2.0,0.4,,LOSS,NO,-2.0,Up,0x3902ec0cc6bd5769d6c7f0762b226eed95fe4fc3cc19dd3ba26680d2d5c6c1d9,46387247813666921508271013221770428450205077209309919632653266508110707205153
2026-04-17T04:00:04.632107+00:00,2026-04-17T04:08:58.165125+00:00,contrarian,"Bitcoin Up or Down - April 17, 12:00AM-12:05AM ET",DOWN,Down,2.0,0.4,,LOSS,NO,-2.0,Up,0x31a08482a87df91d548bb2dc8ae38a20fd815470e4b664259c5b1c8b4bcf4ce4,18635274831914538732882464072205945220299704805633175134272145744127988503799
2026-04-17T04:00:04.658991+00:00,2026-04-17T04:08:58.205043+00:00,contrarian,"XRP Up or Down - April 17, 12:00AM-12:05AM ET",DOWN,Down,2.0,0.35,,LOSS,NO,-2.0,Up,0x35f4f44a06b2ec56ba094c718c8901cc56c3d67477e7484f642223e2d1521f03,17525099306142967297364161218967255829844265171323153854232588877645377257663
2026-04-17T04:00:05.824661+00:00,2026-04-17T04:08:58.245827+00:00,contrarian,"Solana Up or Down - April 17, 12:00AM-12:05AM ET",DOWN,Down,2.0,0.99,,LOSS,NO,-2.0,Up,0xa6ff3242a298f935395533d8ea3e26ea9e34429a94b46c05146f2de6d80f415f,51195402296201177687509940237939354033303374604954369190603331800174007400701
2026-04-17T04:05:23.897759+00:00,2026-04-17T04:15:02.798894+00:00,contrarian,"Bitcoin Up or Down - April 17, 12:05AM-12:10AM ET",DOWN,Down,2.0,0.38,,LOSS,NO,-2.0,Up,0xf8dea31e616c5b91cea2159fd1eabb60cf22e6ee0d2118c1b4d37291d4786034,38860139058292848189403452073202912912542764251404557704690686800523427182013
2026-04-17T04:05:23.919286+00:00,2026-04-17T04:15:02.882401+00:00,contrarian,"Ethereum Up or Down - April 17, 12:05AM-12:10AM ET",DOWN,Down,2.0,0.37,,LOSS,NO,-2.0,Up,0x301886b16829a9f10af9adaf0885a544e7a14ffbedd1b7f4f1dce6a92ff65264,85166262163944820313546195576151749484726136973495588180930114859440525976414
2026-04-17T04:05:23.934704+00:00,2026-04-17T04:15:02.981364+00:00,contrarian,"Solana Up or Down - April 17, 12:05AM-12:10AM ET",DOWN,Down,2.0,0.38,,LOSS,NO,-2.0,Up,0x54e8ea066b570010e10a02052d1da89a81520e9f75c9efc4bf284f9ec9f64d66,98569429366100731151773213059432368021672960277039467843465847234430214465442
2026-04-17T04:05:21.141690+00:00,2026-04-17T04:16:02.088062+00:00,contrarian,"XRP Up or Down - April 17, 12:05AM-12:10AM ET",DOWN,Down,2.0,0.39,,LOSS,NO,-2.0,Up,0x4813ab4d750003023021a729bedcbc7b39cdfaafb532b8ac5c0629361bf27d7c,47294117127636125935583876458881003166690144156739027524296692890458018869082
2026-04-17T04:10:48.244716+00:00,2026-04-17T04:20:04.380436+00:00,contrarian,"XRP Up or Down - April 17, 12:10AM-12:15AM ET",UP,Up,2.0,0.39,,LOSS,NO,-2.0,Down,0x98516ddf246ad19bdba759ad4998f36b819d4f62717a4720c272dcf5b0f1af59,95723366433256187409579079407329311026390937046301601161314173214590887310893
2026-04-17T04:10:08.141868+00:00,2026-04-17T04:21:04.523066+00:00,contrarian,"Ethereum Up or Down - April 17, 12:10AM-12:15AM ET",DOWN,Down,2.0,0.36,,LOSS,NO,-2.0,Up,0xed62c7d01ea469e33cced38f10ff380db3dc31211f683e9f875c2d0dbd3263a1,22907035825812025263344867744388679315140007864397812347772600948022386726134
2026-04-17T04:10:14.302881+00:00,2026-04-17T04:21:04.559036+00:00,contrarian,"Bitcoin Up or Down - April 17, 12:10AM-12:15AM ET",DOWN,Down,2.0,0.39,,LOSS,NO,-2.0,Up,0x227217395e377df082ba4ebf9b0c2b6a6b98a1f6dacdcaadc403075fce0eaabe,3964195430204006841566743788296033617043765536436970513425730958136566531002
2026-04-17T04:10:29.785636+00:00,2026-04-17T04:21:04.713045+00:00,contrarian,"Solana Up or Down - April 17, 12:10AM-12:15AM ET",UP,Up,2.0,0.39,,WIN,YES,3.1282051282051277,Up,0xd314f5a7cd2941f13a15e9a0bfa26fa0924c1301ed2af9336a61beb7a9d83ac8,83193696692907199314217454575608598812495950577130818827254721472329608473096
2026-04-17T04:15:14.186583+00:00,2026-04-17T04:24:05.820734+00:00,contrarian,"Bitcoin Up or Down - April 17, 12:15AM-12:20AM ET",DOWN,Down,2.0,0.28,,LOSS,NO,-2.0,Up,0xf19b38ea4cab1761917a3ca71172a961920e98d3627913924800cd906105a0a5,65427968544007971536999866172653563528138748912112955547265516072942364849055
2026-04-17T04:15:14.199442+00:00,2026-04-17T04:25:05.868465+00:00,contrarian,"Ethereum Up or Down - April 17, 12:15AM-12:20AM ET",DOWN,Down,2.0,0.29,,LOSS,NO,-2.0,Up,0x702c96e9b582c2873fb19cb169718f1b20decfdcf4b04bfc968c7f04e0ddd98c,57394481110213912676916570529542832609644208519833757145619664947599955679778
2026-04-17T04:15:14.209736+00:00,2026-04-17T04:25:05.909151+00:00,contrarian,"Solana Up or Down - April 17, 12:15AM-12:20AM ET",DOWN,Down,2.0,0.39,,LOSS,NO,-2.0,Up,0x89172ac179e5c9fa8c16a2e7518cd4348bdc9c8a2b4db9a1e30f23126fa080be,53010152087176526033125900651929013847431147907161500617537972022860554495698
2026-04-17T04:15:14.219984+00:00,2026-04-17T04:25:05.951685+00:00,contrarian,"XRP Up or Down - April 17, 12:15AM-12:20AM ET",DOWN,Down,2.0,0.38,,LOSS,NO,-2.0,Up,0x8c3aaea94329ef37afdd282084893ca7b0b0ab3b22ef8cb1364ff247465d22b0,51533209791371114597517917624976548608282928540610768013286052650321872567539
2026-04-17T04:20:06.923707+00:00,2026-04-17T04:30:08.984871+00:00,contrarian,"Ethereum Up or Down - April 17, 12:20AM-12:25AM ET",UP,Up,2.0,0.38,,LOSS,NO,-2.0,Down,0x2d5abb3fe697b02c6f23e078d84ae7782b59d1e5f9b39bcdf65d0169cb8724af,64169238840762815894298714585835012985515416202752044119968229493745379105511
2026-04-17T04:20:06.951276+00:00,2026-04-17T04:30:09.259805+00:00,contrarian,"Solana Up or Down - April 17, 12:20AM-12:25AM ET",UP,Up,2.0,0.36,,LOSS,NO,-2.0,Down,0x9ff5eeb272190db100d1b049968d8a36339c78fa69eecb270cc90fb353a9cede,98854327813249944786230176660589169743973037607952327107566499876251754934964
2026-04-17T04:20:19.329984+00:00,2026-04-17T04:30:09.303477+00:00,contrarian,"Bitcoin Up or Down - April 17, 12:20AM-12:25AM ET",UP,Up,2.0,0.35,,LOSS,NO,-2.0,Down,0x41ce74e975c2d791765a1009f240099ea6d3126b3e00ea4c570e945211037063,110081002291769973021505327910114520944502576684120517131501915370195495259183
2026-04-17T04:20:06.936829+00:00,2026-04-17T04:31:09.737201+00:00,contrarian,"XRP Up or Down - April 17, 12:20AM-12:25AM ET",UP,Up,2.0,0.36,,LOSS,NO,-2.0,Down,0xc352d319e601b4763e3085e3a62a1fc6b114645fafba7354a48849f5cf1ff595,37345627491001331062607071375662203279241554280461955760323815371100867946499
2026-04-17T04:25:11.977347+00:00,2026-04-17T04:35:12.255443+00:00,contrarian,"Solana Up or Down - April 17, 12:25AM-12:30AM ET",UP,Up,2.0,0.37,,WIN,YES,3.4054054054054053,Up,0xf37f72751b0a0a7338caada30cf5c1fcf9d87689928fe8ccef638c0c390f929d,79448920583986447831543109825779560558530429364584438030694165768284874836881
2026-04-17T04:25:05.811831+00:00,2026-04-17T04:37:12.518867+00:00,contrarian,"Ethereum Up or Down - April 17, 12:25AM-12:30AM ET",UP,Up,2.0,0.39,,LOSS,NO,-2.0,Down,0x8766794569ee8c6b10d493372573497e48805c9292abab694eba92e1a61dff1a,38744208821921645711840079869524914105644775682679366782847843861453410547866
2026-04-17T04:25:05.823523+00:00,2026-04-17T04:37:12.555941+00:00,contrarian,"XRP Up or Down - April 17, 12:25AM-12:30AM ET",UP,Up,2.0,0.38,,LOSS,NO,-2.0,Down,0x448b308048e040189a104c91700bd0a9b25a706a0111b4d6e11952f2bf38c6f8,110153570013428048294521701668024368847037750551649043787549144431776999023029
2026-04-17T04:25:11.966195+00:00,2026-04-17T04:37:12.708352+00:00,contrarian,"Bitcoin Up or Down - April 17, 12:25AM-12:30AM ET",UP,Up,2.0,0.29,,WIN,YES,4.8965517241379315,Up,0x128c75f6e3b88e40d3be4bf23bd635f1712223c1acad33b13747ace283cfabc0,99817956471612068263342523740487920084680396295569352253965759189950779198890
2026-04-17T04:30:14.327305+00:00,2026-04-17T04:38:13.361720+00:00,contrarian,"Solana Up or Down - April 17, 12:30AM-12:35AM ET",DOWN,Down,2.0,0.37,,LOSS,NO,-2.0,Up,0xa3ca7fa0f365d33de0dfd9fdfab885b6ec878b2efb64fa7208a9cd6523dee02a,26860389475003005631058486704229653240528829555686933456292092121099429050632
2026-04-17T04:31:52.247085+00:00,2026-04-17T04:38:13.506016+00:00,contrarian,"Bitcoin Up or Down - April 17, 12:30AM-12:35AM ET",DOWN,Down,2.0,0.36,,LOSS,NO,-2.0,Up,0x89e2edc5cbc4d066a65c24c318557ea8a08c2a937bbfc687e61279ffa1ff040a,101607211459010064261306048810443017233704066944878327249788207463791849218533
2026-04-17T04:31:01.528113+00:00,2026-04-17T04:39:13.641675+00:00,contrarian,"XRP Up or Down - April 17, 12:30AM-12:35AM ET",DOWN,Down,2.0,0.3,,WIN,YES,4.666666666666667,Down,0x1a942e74cb9a30935b3ecd00d28c74f410b40b35d64689004136a9ef6d084d4b,78691139294143404299772440043167056615578069835831295935689907924607950731493
2026-04-17T04:30:03.730554+00:00,2026-04-17T04:40:14.131490+00:00,contrarian,"Ethereum Up or Down - April 17, 12:30AM-12:35AM ET",UP,Up,2.0,0.38,,WIN,YES,3.2631578947368425,Up,0x367971244b54b655a53572850dcac5b674ec88600f61c05d35dcac9fde88cec8,93629158417579102493090239624330148844870096741717096380535839159238013983527
2026-04-17T04:35:08.486240+00:00,2026-04-17T04:44:15.821709+00:00,contrarian,"Ethereum Up or Down - April 17, 12:35AM-12:40AM ET",DOWN,Down,2.0,0.36,,WIN,YES,3.5555555555555554,Down,0xe227d84fa82aa3f3a382996bd547029cca7877ec44076e8a530bd2b3d19955f4,74742074403705567454736722531719223562399971412911620185027442388435225061126
2026-04-17T04:35:08.472673+00:00,2026-04-17T04:45:16.177059+00:00,contrarian,"Bitcoin Up or Down - April 17, 12:35AM-12:40AM ET",DOWN,Down,2.0,0.26,,WIN,YES,5.692307692307692,Down,0x3a20ace774ba8e8dab8021e29e54175fe243a8bea83ee2662c7cee34c9b166df,86078151326542645317787361900848080535763877094513430105144943477845709645470
2026-04-17T04:35:08.497784+00:00,2026-04-17T04:45:16.219591+00:00,contrarian,"Solana Up or Down - April 17, 12:35AM-12:40AM ET",DOWN,Down,2.0,0.39,,LOSS,NO,-2.0,Up,0xb781a16bb6349b6a22d1c9890621e50202ff634d439950b1c0240f48da6d8262,114545512445544094506777799989232987013644697788435984199857758324386444957872
2026-04-17T04:35:08.510762+00:00,2026-04-17T04:45:16.397095+00:00,contrarian,"XRP Up or Down - April 17, 12:35AM-12:40AM ET",DOWN,Down,2.0,0.34,,WIN,YES,3.88235294117647,Down,0xa6a3a8987f33bd8d4b59de9f0fe21e6adf72c33d3b76b0a9ae7f67efcd4f6821,25041949563196610912185642575300956123828979284570557769784432982308937889155
2026-04-17T04:40:08.807230+00:00,2026-04-17T04:50:19.700069+00:00,contrarian,"XRP Up or Down - April 17, 12:40AM-12:45AM ET",UP,Up,2.0,0.27,,WIN,YES,5.4074074074074066,Up,0xd1c86409a79110601add21a2765d37692d4fb4bca629fbbd238d2ba695b874b1,39198203868112485211452148497329737644248232535277809502120392418657298984537
2026-04-17T04:40:37.176513+00:00,2026-04-17T04:51:20.496417+00:00,contrarian,"Bitcoin Up or Down - April 17, 12:40AM-12:45AM ET",DOWN,Down,2.0,0.41,,LOSS,NO,-2.0,Up,0x6003254904838765cb06087da2851ac9c2b06d9ecd5c4e723b22ab124d058081,4604367643881346712768852748883909345437053815908561495794021822653772476477
2026-04-17T04:40:44.204155+00:00,2026-04-17T04:51:20.532903+00:00,contrarian,"Ethereum Up or Down - April 17, 12:40AM-12:45AM ET",DOWN,Down,2.0,0.31,,LOSS,NO,-2.0,Up,0xbad3170f149367236e5a612634942087de8559520366af3faea667e3ec88ce3d,101288867684432976355436586641657085574871271254953204601311677381086978573376
2026-04-17T04:40:08.793479+00:00,2026-04-17T04:52:21.015388+00:00,contrarian,"Solana Up or Down - April 17, 12:40AM-12:45AM ET",UP,Up,2.0,0.37,,WIN,YES,3.4054054054054053,Up,0x773bc6e50639830c4c9b26f440111d54d4936796b75172130849d2f788a5f7fd,115761882863175385359491194428931465839814558989234526612849727384170873539211
2026-04-17T04:45:49.334742+00:00,2026-04-17T04:53:21.004158+00:00,contrarian,"Ethereum Up or Down - April 17, 12:45AM-12:50AM ET",DOWN,Down,2.0,0.39,,WIN,YES,3.1282051282051277,Down,0xf3f8380c42c09580fdf26b564cc00871698e31cd5dc85861126a6f4905de6b74,89368280865545392678807080931982245802243190426577578499660579830755028781490
2026-04-17T04:45:49.345951+00:00,2026-04-17T04:53:21.144060+00:00,contrarian,"Solana Up or Down - April 17, 12:45AM-12:50AM ET",DOWN,Down,2.0,0.36,,WIN,YES,3.5555555555555554,Down,0x934f2c22b5d3819806f1de5edeeab00a2f7436a1f0591b536ef67d25f8d65e41,32530458041133833009949965116592764196142637077319776325572118891418403313369
2026-04-17T04:46:11.149975+00:00,2026-04-17T04:53:21.186399+00:00,contrarian,"XRP Up or Down - April 17, 12:45AM-12:50AM ET",UP,Up,2.0,0.38,,LOSS,NO,-2.0,Down,0x313a8432f6570fda6b3b6d9b01c3cb2881929ccab17c710a4644ec5084aa0a88,102643815009137501020279098817817491291284975531357097583513308667892250453132
2026-04-17T04:45:24.363912+00:00,2026-04-17T04:54:20.880677+00:00,contrarian,"Bitcoin Up or Down - April 17, 12:45AM-12:50AM ET",UP,Up,2.0,0.39,,LOSS,NO,-2.0,Down,0xa170e5e4d1c2ba2e3f939333440c723728214851a37eeb18f8e3b2baf633a4db,4307018186688011973544478443833241543227102687138845206984107668645501189081
2026-04-17T04:50:04.230371+00:00,2026-04-17T04:59:23.841830+00:00,contrarian,"XRP Up or Down - April 17, 12:50AM-12:55AM ET",UP,Up,2.0,0.31,,LOSS,NO,-2.0,Down,0x8447c9fc710284373b13a849b5144566ec99bf90ce4a3330cf4644c318fe5a58,25967752140097196443386998958031382395453202523981876050767846713357358591336
2026-04-17T04:51:01.934143+00:00,2026-04-17T05:00:24.858891+00:00,contrarian,"Solana Up or Down - April 17, 12:50AM-12:55AM ET",DOWN,Down,2.0,0.3,,WIN,YES,4.666666666666667,Down,0x232c78a88738746a2a25d3d507873211c14e9212b63b8f1a7e24047856b64aa7,15013030615967558948361405085144882841123177648008613776955765539907891178643
2026-04-17T04:50:43.460312+00:00,2026-04-17T05:01:25.323479+00:00,contrarian,"Bitcoin Up or Down - April 17, 12:50AM-12:55AM ET",DOWN,Down,2.0,0.35,,LOSS,NO,-2.0,Up,0xb21fed44499d5bd160c8bb36b2641d67edde5f687c6d5b8b123843067257ceef,32066501278963032205360401296262341627006030636599403715802075254660899721293
2026-04-17T04:50:58.849612+00:00,2026-04-17T05:01:25.360321+00:00,contrarian,"Ethereum Up or Down - April 17, 12:50AM-12:55AM ET",DOWN,Down,2.0,0.38,,LOSS,NO,-2.0,Up,0xd11aee64d20a8692c4a0ab0f4918e7ae7f26f230da05b0c50a51db3c821bb4a2,19597689046393688076736921739406816984519423799886971490620720163469698487689
2026-04-17T04:55:35.623244+00:00,2026-04-17T05:05:27.971115+00:00,contrarian,"XRP Up or Down - April 17, 12:55AM-1:00AM ET",UP,Up,2.0,0.16,,LOSS,NO,-2.0,Down,0xebc25b0b37381e7efac4d266217c706ec1956de6e226c16b25cf95c93205edee,14291500199031131029045008877430444124203789255402338528953509476057074369208
2026-04-17T04:55:38.705696+00:00,2026-04-17T05:05:28.116352+00:00,contrarian,"Bitcoin Up or Down - April 17, 12:55AM-1:00AM ET",UP,Up,2.0,0.39,,WIN,YES,3.1282051282051277,Up,0xa43d7103bc6e0636e1cf102da8edaa17b259e74296f0088ce5cf30ea9a465f09,112168800391044676097899880272114600013174597766824201312201115515197718380666
2026-04-17T04:55:26.391749+00:00,2026-04-17T05:06:27.861404+00:00,contrarian,"Ethereum Up or Down - April 17, 12:55AM-1:00AM ET",UP,Up,2.0,0.39,,LOSS,NO,-2.0,Down,0xca4729916c1534ea10aa08b1084b2007189db309aa54e23f97685566a8ddcbd5,68022738834717719498067390705199498771120410116075871569249514758813597539186
2026-04-17T04:55:38.719794+00:00,2026-04-17T05:06:27.898037+00:00,contrarian,"Solana Up or Down - April 17, 12:55AM-1:00AM ET",UP,Up,2.0,0.39,,LOSS,NO,-2.0,Down,0x2a9fe28ee7a304358107b659968d69ebbedf656496df2d060ad71aae646c39ad,113948070200186562737162802132298023052753559931779868026782838898779532938190
2026-04-17T05:00:22.734512+00:00,2026-04-17T05:09:28.646709+00:00,contrarian,"XRP Up or Down - April 17, 1:00AM-1:05AM ET",DOWN,Down,2.0,0.28,,WIN,YES,5.142857142857142,Down,0x9c87d05c24c21d5bec51bd6c956253c2dc867ed02df7b85f8a606f24c4bfaba4,78263640698229890192345636657949410727719400171420319007134683660872161632542
2026-04-17T05:00:29.695218+00:00,2026-04-17T05:09:28.685147+00:00,contrarian,"Solana Up or Down - April 17, 1:00AM-1:05AM ET",UP,Up,2.0,0.38,,LOSS,NO,-2.0,Down,0x76af49d9e3431ffc6229a6e1ee0c3b8aa8d16ce6abe3302bd24a3805764fe553,46428926751142236785022851834063087103733068323342342103173110882248312062110
2026-04-17T05:00:35.917284+00:00,2026-04-17T05:09:28.724316+00:00,contrarian,"Ethereum Up or Down - April 17, 1:00AM-1:05AM ET",UP,Up,2.0,0.33,,LOSS,NO,-2.0,Down,0x1fca7013868ef1cfef94bec4f9e8d19538ad215a03a68e4363e3e861102da1bf,29690351913740215759800300299938908837873820195254301393432967706709858155477
2026-04-17T05:02:08.254585+00:00,2026-04-17T05:10:29.188179+00:00,contrarian,"Bitcoin Up or Down - April 17, 1:00AM-1:05AM ET",DOWN,Down,2.0,0.37,,WIN,YES,3.4054054054054053,Down,0xba7a875e186445c06f4efa55b099646000a003c8521a867f46fd643dc231d9d3,47133287495498544828898345604857444732882889805204535932646448027412022584531
2026-04-17T05:05:07.756282+00:00,2026-04-17T05:14:31.762949+00:00,contrarian,"Ethereum Up or Down - April 17, 1:05AM-1:10AM ET",DOWN,Down,2.0,0.39,,WIN,YES,3.1282051282051277,Down,0x9133b78bfa6ef477d0ee5df9e6ed5e9ecbe8eeb5b0c012d7108aa9389aa0e4bd,7810646592110643501981553987319529851772340560766503985374156871782130628117
2026-04-17T05:05:17.183502+00:00,2026-04-17T05:14:31.912145+00:00,contrarian,"XRP Up or Down - April 17, 1:05AM-1:10AM ET",DOWN,Down,2.0,0.3,,WIN,YES,4.666666666666667,Down,0x94013617fec55082afac5c1beccc4179615a210afcab12801284328e6a83d8d1,93074977245148998917215469160058750731976951059778202439740100002749587930339
2026-04-17T05:05:42.359293+00:00,2026-04-17T05:14:32.052136+00:00,contrarian,"Bitcoin Up or Down - April 17, 1:05AM-1:10AM ET",DOWN,Down,2.0,0.36,,WIN,YES,3.5555555555555554,Down,0xe17de1727f4e7d588886c5ba7b81c68c2fe21d2a193cd637faed29411ca9b40e,33045022874395222623402764713314306687444677749747621820683678241192991450432
2026-04-17T05:05:42.373577+00:00,2026-04-17T05:15:32.177680+00:00,contrarian,"Solana Up or Down - April 17, 1:05AM-1:10AM ET",DOWN,Down,2.0,0.38,,WIN,YES,3.2631578947368425,Down,0x8674d3bbe1af6a27838f129fe8db6df8de856bbbd94bc8a94ffd76730bdefd96,1706038341433309134121222418237972077672246537209376805775379220444043748439
2026-04-17T05:10:12.148537+00:00,2026-04-17T05:20:35.558993+00:00,contrarian,"XRP Up or Down - April 17, 1:10AM-1:15AM ET",DOWN,Down,2.0,0.34,,LOSS,NO,-2.0,Up,0x53a6dc00261afb617307542dde0789cf75be2f3d047ba7445d0fb4c221932735,4458461318691306285863335851119406654098518225743721272009297883439253125221
2026-04-17T05:10:12.049521+00:00,2026-04-17T05:21:35.793599+00:00,contrarian,"Bitcoin Up or Down - April 17, 1:10AM-1:15AM ET",DOWN,Down,2.0,0.3,,LOSS,NO,-2.0,Up,0x123376a0ef2932628c40762fbafb627dfc8b41f4e7085aff4765b4046b0502bd,65376688692561525295999519803438684605940612923197885288826042820551783122444
2026-04-17T05:10:12.068365+00:00,2026-04-17T05:21:35.967734+00:00,contrarian,"Ethereum Up or Down - April 17, 1:10AM-1:15AM ET",DOWN,Down,2.0,0.38,,WIN,YES,3.2631578947368425,Down,0x1709a85327a5055284e8c1e3780590e4b0f71cb38b478f0e16793bb06accc36f,56081071551725335384460109175096925164515739032178258547167242400731541711228
2026-04-17T05:10:12.102804+00:00,2026-04-17T05:21:36.146938+00:00,contrarian,"Solana Up or Down - April 17, 1:10AM-1:15AM ET",DOWN,Down,2.0,0.38,,WIN,YES,3.2631578947368425,Down,0xd076a2ad7996079d449a15fea04a38fc82347187087f075006c93df9c0133ac3,7102056850422058975162809316124765268459454875478542214307163414905059732993
2026-04-17T05:15:06.990552+00:00,2026-04-17T05:23:37.136750+00:00,contrarian,"Solana Up or Down - April 17, 1:15AM-1:20AM ET",UP,Up,2.0,0.41,,WIN,YES,2.8780487804878048,Up,0x6d265648d9dda6766b4d6533ee60ebe5be857c2b688524410c097db50c5b4df9,74402090710869768457072646983770418242628896047641386489834891037122610464650
2026-04-17T05:15:08.011317+00:00,2026-04-17T05:23:37.276031+00:00,contrarian,"Bitcoin Up or Down - April 17, 1:15AM-1:20AM ET",UP,Up,2.0,0.41,,WIN,YES,2.8780487804878048,Up,0x2445fe3edcabdbf892337d46dde2dd5cb0a05533cad37e4d016bd4183d1f6c46,38500725051872446394341897254606328638022355536282841982330105103144797069911
2026-04-17T05:15:59.539999+00:00,2026-04-17T05:24:38.009324+00:00,contrarian,"Ethereum Up or Down - April 17, 1:15AM-1:20AM ET",DOWN,Down,2.0,0.99,,LOSS,NO,-2.0,Up,0xfb1632bf402116ccdf336ca79ac6a1973b99f586a78d033210e2c4e7696c128f,85519628901977921022567737075286454434385304186377887821577373025408517466757
2026-04-17T05:15:11.079570+00:00,2026-04-17T05:27:39.235512+00:00,contrarian,"XRP Up or Down - April 17, 1:15AM-1:20AM ET",DOWN,Down,2.0,0.35,,LOSS,NO,-2.0,Up,0x0424476e2b5b3fb6b157d42b297fe4731839f221d75bf7998f80d18c0a9915f5,19461678842639948292138417613144044779958146337652225465700021410090346027524
2026-04-17T05:20:06.487231+00:00,2026-04-17T05:29:39.851071+00:00,contrarian,"XRP Up or Down - April 17, 1:20AM-1:25AM ET",DOWN,Down,2.0,0.31,,LOSS,NO,-2.0,Up,0xd4bfc5aff1a0abc31c4899334ee64ee265ac5572647a5c0da54a64a505521789,100061726177540239774526102158914816383214617808435660169067851109269357548154
2026-04-17T05:20:09.586027+00:00,2026-04-17T05:29:39.892648+00:00,contrarian,"Bitcoin Up or Down - April 17, 1:20AM-1:25AM ET",DOWN,Down,2.0,0.32,,LOSS,NO,-2.0,Up,0x349c36b58e964909ade7d766cede5f3175a846b73870c2445912cb0b38120aa4,108580628185695219844854982108754252338812354551193233199305174261391532703284
2026-04-17T05:20:09.606864+00:00,2026-04-17T05:29:39.924092+00:00,contrarian,"Ethereum Up or Down - April 17, 1:20AM-1:25AM ET",DOWN,Down,2.0,0.33,,LOSS,NO,-2.0,Up,0xbaf657d7d6bb5d16a307b7be37723cb9079238cc84df7accab3585062c8a738d,25612465830290765187053618287456848050963633627486373808143124834712722348534
2026-04-17T05:20:09.622035+00:00,2026-04-17T05:29:39.966671+00:00,contrarian,"Solana Up or Down - April 17, 1:20AM-1:25AM ET",DOWN,Down,2.0,0.38,,LOSS,NO,-2.0,Up,0x281f450b2d034d31fe84c72cea5105a687ad49cc7fb105a3a3bc67d4c9c0705e,1463726871671564364542241233619459053985807911783002570674299253001735448390
2026-04-17T05:25:33.923035+00:00,2026-04-17T05:35:42.674685+00:00,contrarian,"Ethereum Up or Down - April 17, 1:25AM-1:30AM ET",UP,Up,2.0,0.36,,LOSS,NO,-2.0,Down,0x02b292cda5f6f1b31972886c52942a94b29b0049a174f8b43e1732ecb433ed38,64560360741837518545517751281617575180443130204849895774395913639901831215976
2026-04-17T05:25:43.865461+00:00,2026-04-17T05:35:42.721713+00:00,contrarian,"Solana Up or Down - April 17, 1:25AM-1:30AM ET",UP,Up,2.0,0.33,,LOSS,NO,-2.0,Down,0x6a9cffe4e7906ae8f3ef20940b25840c20c24d91bf700c0123e276f4cac7c79b,51324107424426938718634088653109374117794038051856135021711927170154735614111
2026-04-17T05:25:09.214571+00:00,2026-04-17T05:36:43.225528+00:00,contrarian,"XRP Up or Down - April 17, 1:25AM-1:30AM ET",DOWN,Down,2.0,0.38,,WIN,YES,3.2631578947368425,Down,0xddec9dd4def36de2f44801150e2d4116efaedeb0261c840b2c0e4e0cd24670e4,97059583762620071243867242573313210430936934677196487544659846185208124700081
2026-04-17T05:25:33.911323+00:00,2026-04-17T05:36:43.262521+00:00,contrarian,"Bitcoin Up or Down - April 17, 1:25AM-1:30AM ET",UP,Up,2.0,0.38,,LOSS,NO,-2.0,Down,0xfaf197d80407902c7b793f28cec643bb846fc38e42709785577f003cb26b8a2d,59857637874619820213793753020618949586679011905800809948749138555721620293492
2026-04-17T05:30:02.907246+00:00,2026-04-17T05:38:44.645747+00:00,contrarian,"XRP Up or Down - April 17, 1:30AM-1:35AM ET",DOWN,Down,2.0,0.44,,WIN,YES,2.545454545454546,Down,0xcce6801edc885ad47f827ddc626b8c415617a6793796ab3a53ec8f02b0c2dc1a,34695886564372072859687562194321065341386104656632660096706332656553444592519
2026-04-17T05:30:52.231267+00:00,2026-04-17T05:38:45.204575+00:00,contrarian,"Ethereum Up or Down - April 17, 1:30AM-1:35AM ET",UP,Up,2.0,0.39,,WIN,YES,3.1282051282051277,Up,0x0b14ac6e67d77aacb5a62084373d7f759b0770519c03e9b1f0f70940669ebbeb,109996030715729270233909327857863152592207559749063348430726846041314679057399
2026-04-17T05:30:34.619531+00:00,2026-04-17T05:39:45.071979+00:00,contrarian,"Solana Up or Down - April 17, 1:30AM-1:35AM ET",UP,Up,2.0,0.39,,WIN,YES,3.1282051282051277,Up,0xf8fb925787be573320b31b2d57ec14309c7fd342701bff9bc6b8ee2ddecab2a9,41528682868481020438564730106174346944587799232208993309975888513707325242156
2026-04-17T05:30:35.709739+00:00,2026-04-17T05:42:47.076509+00:00,contrarian,"Bitcoin Up or Down - April 17, 1:30AM-1:35AM ET",UP,Up,2.0,0.41,,WIN,YES,2.8780487804878048,Up,0x8ef62d25085524cac2553a9a21937ac942a927a28ddb03e307447f90a4cb4fad,42768794614031703528316131647112851132619347610474127736304860321227953423231
2026-04-17T05:35:09.162240+00:00,2026-04-17T05:44:47.966143+00:00,contrarian,"Solana Up or Down - April 17, 1:35AM-1:40AM ET",UP,Up,2.0,0.38,,LOSS,NO,-2.0,Down,0x7b63933501b19ab3b9fabcd51034eaf270e43b5f1f361454dbc38bd7f2535044,112193092854246004840062987143758532416606319015169669765399559791200649206115
2026-04-17T05:37:03.720988+00:00,2026-04-17T05:44:48.426713+00:00,contrarian,"Bitcoin Up or Down - April 17, 1:35AM-1:40AM ET",UP,Up,2.0,0.32,,LOSS,NO,-2.0,Down,0x0999f2d14ab05a1d0204f9f68f8c0fe2dce8220a4d9c92f25a83113de95f0720,59411006716901168198857263307894323763135496845501361742757254627256368177588
2026-04-17T05:35:09.175674+00:00,2026-04-17T05:45:48.672140+00:00,contrarian,"XRP Up or Down - April 17, 1:35AM-1:40AM ET",UP,Up,2.0,0.36,,LOSS,NO,-2.0,Down,0x0819043a0a0a48a93cc923beda555a7a7d079b58aef2d1bca6fe49c48839eaec,89950342330114086129507392750421185852333386758400462757292107001981792107770
2026-04-17T05:36:03.358449+00:00,2026-04-17T05:45:48.713039+00:00,contrarian,"Ethereum Up or Down - April 17, 1:35AM-1:40AM ET",UP,Up,2.0,0.34,,LOSS,NO,-2.0,Down,0x722c635af54e6855b9198a3070380dd8e10b5ee200bf8856908b9866578208a4,102141694593084769019994601856469726192545078041586871716312875590728721188817
2026-04-17T05:40:11.278927+00:00,2026-04-17T05:49:50.488789+00:00,contrarian,"Ethereum Up or Down - April 17, 1:40AM-1:45AM ET",UP,Up,2.0,0.39,,WIN,YES,3.1282051282051277,Up,0x073a262f31992fe22f63b59dfc576b89bb0b860d83996fc2305ea187d31d9d57,90635446806684657818593629237788131193556031319944109497710689892305426444228
2026-04-17T05:40:11.291120+00:00,2026-04-17T05:50:50.612272+00:00,contrarian,"Solana Up or Down - April 17, 1:40AM-1:45AM ET",UP,Up,2.0,0.37,,WIN,YES,3.4054054054054053,Up,0xae199da099cc47bfa18e6044a1e116169f01e12e2a53954c99b80fd63da1fa25,18431715263855753128626245270974267850882117446216173494126272842562475764245
2026-04-17T05:40:11.267197+00:00,2026-04-17T05:51:50.432659+00:00,contrarian,"Bitcoin Up or Down - April 17, 1:40AM-1:45AM ET",UP,Up,2.0,0.37,,WIN,YES,3.4054054054054053,Up,0x77e37e4aa27726ec5f43698421ec41f72e5bea5aaef3de9ab1760ce50b2dc1bf,41624792374246281141914861578841065555387112480544597220527171095555533162787
2026-04-17T05:40:17.875901+00:00,2026-04-17T05:51:50.610906+00:00,contrarian,"XRP Up or Down - April 17, 1:40AM-1:45AM ET",UP,Up,2.0,0.35,,WIN,YES,3.7142857142857144,Up,0x35fa841510634808505ea631a23170967968b90cafba8fd454588a222b14a84e,77301479692801153524448821523878828177019164023899503231616419924674314163955
2026-04-17T05:46:27.869444+00:00,2026-04-17T05:53:51.732966+00:00,contrarian,"XRP Up or Down - April 17, 1:45AM-1:50AM ET",DOWN,Down,2.0,0.29,,LOSS,NO,-2.0,Up,0xe31c8f114180ae5e845343a625e9e3ff7b2fbb7fc6494d1aa71ffcbebd9e9c18,92986246745625519578529206984429388029465362970543724288611807207183196166313
2026-04-17T05:45:33.912715+00:00,2026-04-17T05:54:51.993304+00:00,contrarian,"Solana Up or Down - April 17, 1:45AM-1:50AM ET",DOWN,Down,2.0,0.37,,LOSS,NO,-2.0,Up,0x0e7cf21c08e191da0fb191695116384bd0a9eb66a5b31e619f32d6719d488432,4501030991414887150566806773463517155154025318159371534691081889983690834219
2026-04-17T05:45:50.656714+00:00,2026-04-17T05:54:52.170572+00:00,contrarian,"Ethereum Up or Down - April 17, 1:45AM-1:50AM ET",DOWN,Down,2.0,0.35,,WIN,YES,3.7142857142857144,Down,0x5c99d9ffe008c1e8be6d28f081dad54c552a71268c90ad25e431fa8ee217256a,87041018956912804889405631614181348810682387742472577939086354026211797437196
2026-04-17T05:45:05.368728+00:00,2026-04-17T05:57:52.893726+00:00,contrarian,"Bitcoin Up or Down - April 17, 1:45AM-1:50AM ET",UP,Up,2.0,0.31,,WIN,YES,4.451612903225807,Up,0x92d78b0b085cf752052ca356c77766f8d59dd0bd389a3918f0dde69a63080693,53835877402750189426594334004950027229667473236497656854868524224066393803271
2026-04-17T05:50:22.604839+00:00,2026-04-17T05:59:53.646177+00:00,contrarian,"Solana Up or Down - April 17, 1:50AM-1:55AM ET",UP,Up,2.0,0.41,,LOSS,NO,-2.0,Down,0xce2912d333ee15c18529233cde42a06b6a07d1e9283d980c9f0ac361ed03432c,50349721956063861588194217274371942587765947817807754399437832739644086648423
2026-04-17T05:50:58.468780+00:00,2026-04-17T05:59:53.810906+00:00,contrarian,"Ethereum Up or Down - April 17, 1:50AM-1:55AM ET",DOWN,Down,2.0,0.99,,WIN,YES,0.020202020202020332,Down,0xf5977fed62b4dd89bf1414ffdb498c350b9f0952551049cb5591e533a2d2f853,51686057283868513005535471187271338464048286154850506435627062352544018313557
2026-04-17T05:51:37.942375+00:00,2026-04-17T05:59:53.843939+00:00,contrarian,"XRP Up or Down - April 17, 1:50AM-1:55AM ET",DOWN,Down,2.0,0.99,,LOSS,NO,-2.0,Up,0xdfa0b73e6ab7eee2a9d20384537386d8b35086082659eb261613491101472902,50343028257060943416492211192424856204618130220314577574055342454298751957345
2026-04-17T05:50:13.581044+00:00,2026-04-17T06:01:54.706851+00:00,contrarian,"Bitcoin Up or Down - April 17, 1:50AM-1:55AM ET",UP,Up,2.0,0.41,,WIN,YES,2.8780487804878048,Up,0x4dbfdf7931c433a5af6710cce726240639c0429038a6d6e2a26ba0bb58f40d2f,38734536032425826131621274347853633706354775968299427705310064284550735234213
2026-04-17T05:56:10.145312+00:00,2026-04-17T06:04:55.868448+00:00,contrarian,"Ethereum Up or Down - April 17, 1:55AM-2:00AM ET",UP,Up,2.0,0.31,,LOSS,NO,-2.0,Down,0xf317daa43200f1fed46913e10bd5d257db3fb18f5021c4cf0b5a8e9d02e81381,20132653918301770521710147766420103268170804758099629035104192199493545482272
2026-04-17T05:56:13.328555+00:00,2026-04-17T06:05:56.177481+00:00,contrarian,"XRP Up or Down - April 17, 1:55AM-2:00AM ET",UP,Up,2.0,0.26,,LOSS,NO,-2.0,Down,0x495bc18ff02645928a78d679ca2fe5f14d543b8bbab4c34834546dbb9d198b8a,62211059996410941622008948882846841551069389048528199168438632959385651513447
2026-04-17T05:56:10.131026+00:00,2026-04-17T06:06:56.410748+00:00,contrarian,"Bitcoin Up or Down - April 17, 1:55AM-2:00AM ET",UP,Up,2.0,0.34,,LOSS,NO,-2.0,Down,0x67af812f588c510e044a412390d7d108973f026369bb02f1206348448a7979ed,83578296368572163516907391947988747787066529585082152461266702097152021478962
2026-04-17T05:56:10.159394+00:00,2026-04-17T06:06:56.450523+00:00,contrarian,"Solana Up or Down - April 17, 1:55AM-2:00AM ET",UP,Up,2.0,0.34,,LOSS,NO,-2.0,Down,0xebc6e936d157c33f7aca3827edda6858000cade6841a456b3e3723d4f4afcdeb,100491672481067272309838709447740727961780212006499285225383996008582642160110
2026-04-17T06:00:04.668585+00:00,2026-04-17T06:08:57.801617+00:00,contrarian,"Bitcoin Up or Down - April 17, 2:00AM-2:05AM ET",UP,Up,2.0,0.37,,WIN,YES,3.4054054054054053,Up,0xd70479ee8c2ba7779d84412c1b3a897a906cf5231bbe05144f8d1e8d2e4ce32f,93034073287196143713390324916818678117451816694136652413442499347081900749196
2026-04-17T06:00:10.872611+00:00,2026-04-17T06:08:57.965866+00:00,contrarian,"XRP Up or Down - April 17, 2:00AM-2:05AM ET",UP,Up,2.0,0.34,,WIN,YES,3.88235294117647,Up,0x1a8c4b86d124320b83e4da701a7ef4ca07d24bc6117d4224b19c60808fc1f95f,31435520739253450483842073914216109065770246967039739684391164240205802803260
2026-04-17T06:00:13.971638+00:00,2026-04-17T06:09:58.686391+00:00,contrarian,"Ethereum Up or Down - April 17, 2:00AM-2:05AM ET",UP,Up,2.0,0.29,,WIN,YES,4.8965517241379315,Up,0x91d8a525ba237f22bd8d952df3aaaa23153f21c21f768cacdd3e130cdc9fd796,15097022609096349690561493614539594080818950043142913347536873251207900385394
2026-04-17T06:00:13.990099+00:00,2026-04-17T06:09:58.860262+00:00,contrarian,"Solana Up or Down - April 17, 2:00AM-2:05AM ET",UP,Up,2.0,0.32,,WIN,YES,4.25,Up,0x06e532807462c39374269aea69e127bf65f1aaf8076217a221481c373e6e456d,110974747413043296414289128214219513103245028789414696274856571461036952392842
2026-04-17T06:05:26.970730+00:00,2026-04-17T06:15:01.711009+00:00,contrarian,"Bitcoin Up or Down - April 17, 2:05AM-2:10AM ET",DOWN,Down,2.0,0.37,,WIN,YES,3.4054054054054053,Down,0x08fc683cd37492bbf0e403a8f568e8f7cad74d0aabffec7b18eaa63c933f5abc,112383047536425344835939500071088085297374615093516300637048136967486536156524
2026-04-17T06:05:26.989065+00:00,2026-04-17T06:15:01.757540+00:00,contrarian,"Ethereum Up or Down - April 17, 2:05AM-2:10AM ET",DOWN,Down,2.0,0.36,,LOSS,NO,-2.0,Up,0x108920019d428338fbef4ef255f2b052562b895f1bf340f6d65eeeacc6de9c32,69993977017291579917426134581248859143011629014773891858726890361158650837526
2026-04-17T06:05:30.168096+00:00,2026-04-17T06:15:01.947456+00:00,contrarian,"Solana Up or Down - April 17, 2:05AM-2:10AM ET",DOWN,Down,2.0,0.34,,WIN,YES,3.88235294117647,Down,0x292ae79d78ed2554f1a7f4cd875d2446f51757e1a922aed0ecec100fe204b2f8,27174041657616707649502856346194758778092609392307045822046635912425706559529
2026-04-17T06:05:30.182620+00:00,2026-04-17T06:15:02.138684+00:00,contrarian,"XRP Up or Down - April 17, 2:05AM-2:10AM ET",DOWN,Down,2.0,0.29,,WIN,YES,4.8965517241379315,Down,0x5c0db228854756378a849a8c7046ecae5cf85b55945cc2a501d5541d17a307b9,15537214447464926431380350742890608232558977743370536133559164946489922719424
2026-04-17T06:10:06.985362+00:00,2026-04-17T06:21:05.513746+00:00,contrarian,"Bitcoin Up or Down - April 17, 2:10AM-2:15AM ET",DOWN,Down,2.0,0.39,,LOSS,NO,-2.0,Up,0x3646c14568250dc9a4ae0b526dee63c8470e7ec4b724195b2effe65a3e0fadd4,101458545498154997915600279800197111298011689580671463896814532485484678104188
2026-04-17T06:10:06.998751+00:00,2026-04-17T06:21:05.550207+00:00,contrarian,"XRP Up or Down - April 17, 2:10AM-2:15AM ET",DOWN,Down,2.0,0.38,,LOSS,NO,-2.0,Up,0x19a37da2898c8a9fbe2e8dd14bb2895a42cd9734b5db83a6ef979cd958df0ec8,21267445950247709117929079077362602962407435632799501558037823688743634814896
2026-04-17T06:10:13.190415+00:00,2026-04-17T06:21:05.591877+00:00,contrarian,"Ethereum Up or Down - April 17, 2:10AM-2:15AM ET",DOWN,Down,2.0,0.39,,LOSS,NO,-2.0,Up,0xfa45d9959dffd4ad3d3ffde9693b88b721f9a09977e07de0249fcc736b3a928c,21881584688885292778274378997212732986738096629754345160633139288251443236274
2026-04-17T06:10:03.890678+00:00,2026-04-17T06:22:05.933975+00:00,contrarian,"Solana Up or Down - April 17, 2:10AM-2:15AM ET",DOWN,Down,2.0,0.35,,LOSS,NO,-2.0,Up,0xee242c2fdc5b65a1402cf9d2dad08d7cc02c83c61da9d3c5fca173f21a151b27,61351639802860823856432908292219247313929847770991078137746340016177793411688
2026-04-17T06:15:10.677219+00:00,2026-04-17T06:24:06.344561+00:00,contrarian,"Ethereum Up or Down - April 17, 2:15AM-2:20AM ET",DOWN,Down,2.0,0.39,,LOSS,NO,-2.0,Up,0xf257e3e20dc71820fa8f0889c989df362e8795fb4895c3f5cb05eb676b941291,30414590434666424336530764372465008644611019215458564252489445592709357509883
2026-04-17T06:15:23.269241+00:00,2026-04-17T06:24:06.542871+00:00,contrarian,"Bitcoin Up or Down - April 17, 2:15AM-2:20AM ET",DOWN,Down,2.0,0.39,,WIN,YES,3.1282051282051277,Down,0xb68c5eb6bddd9da0ff9ad68001265b21eecad4fa13495fb10283a5c1dcc53417,53010885434127986342522496453134181115253842835465631699293837888431729732682
2026-04-17T06:15:23.291501+00:00,2026-04-17T06:24:06.592158+00:00,contrarian,"Solana Up or Down - April 17, 2:15AM-2:20AM ET",DOWN,Down,2.0,0.32,,LOSS,NO,-2.0,Up,0xd42b6dd137dfc44d78fcdba840e3084023f69797aaf3076f8838ebc38e44146d,26270811620012979743335573957288543176913717988131359346823526963553507527042
2026-04-17T06:15:26.388531+00:00,2026-04-17T06:24:06.626929+00:00,contrarian,"XRP Up or Down - April 17, 2:15AM-2:20AM ET",DOWN,Down,2.0,0.36,,LOSS,NO,-2.0,Up,0xa336782a4b54693e3bd4855ffc90874657acc3e9df3ae2da524b0dfa8f08a110,80598151359936749422478087577788535043705317003533431807321724099705809951154
2026-04-17T06:20:09.956534+00:00,2026-04-17T06:29:09.760966+00:00,contrarian,"Bitcoin Up or Down - April 17, 2:20AM-2:25AM ET",DOWN,Down,2.0,0.36,,LOSS,NO,-2.0,Up,0xb3132b880a6d6bc71a92b281533eae59bff2adf3b3414b2ef942f1ffe01ef70f,43368881030362033645950141391530157405250728446646826300679254195473405179714
2026-04-17T06:20:13.201163+00:00,2026-04-17T06:30:10.140139+00:00,contrarian,"XRP Up or Down - April 17, 2:20AM-2:25AM ET",DOWN,Down,2.0,0.29,,LOSS,NO,-2.0,Up,0xe0d20e83170d711a706ddbf84fd611748b24e45108c1f6aa41cb2dba14f098ca,13070705060045970223112602143724571864799295004603973972300093261567687134423
2026-04-17T06:20:13.221516+00:00,2026-04-17T06:30:10.187269+00:00,contrarian,"Solana Up or Down - April 17, 2:20AM-2:25AM ET",DOWN,Down,2.0,0.37,,LOSS,NO,-2.0,Up,0x43699773c7bd41d8c90f61633bfbe48707b77615a935ebd33134f9a490138de4,112883038081808723409455311854963118416645370326068259557099025440078519146525
2026-04-17T06:20:13.148481+00:00,2026-04-17T06:31:09.970072+00:00,contrarian,"Ethereum Up or Down - April 17, 2:20AM-2:25AM ET",DOWN,Down,2.0,0.34,,LOSS,NO,-2.0,Up,0xa137385ad789bc958c48d747abf7eeb6840a1559eab5dd8ae731e999349b0541,47411690407507907611950751644530954606611990356381436852370094008599677731702
2026-04-17T06:26:01.855318+00:00,2026-04-17T06:35:12.589838+00:00,contrarian,"Solana Up or Down - April 17, 2:25AM-2:30AM ET",UP,Up,2.0,0.3,,WIN,YES,4.666666666666667,Up,0xd2ae55d8e78b359cb991964e4dee93ca52439e6771af9797d84b161c04bf9e27,13185197837888574497012362058483732052721101633383974008599517945893735518530
2026-04-17T06:25:37.006118+00:00,2026-04-17T06:36:12.581220+00:00,contrarian,"XRP Up or Down - April 17, 2:25AM-2:30AM ET",UP,Up,2.0,0.39,,LOSS,NO,-2.0,Down,0xc213371228c5ff7b52d41dc84cf3408a7e25f3e6a89f5a1d957a6f7178eaae78,102039253507024505062345547924429041243920847200849424763940346863145502686560
2026-04-17T06:26:01.832383+00:00,2026-04-17T06:36:12.729079+00:00,contrarian,"Bitcoin Up or Down - April 17, 2:25AM-2:30AM ET",UP,Up,2.0,0.35,,WIN,YES,3.7142857142857144,Up,0xb53f3b801613ff966de73d5b1f023d2357593cb4ec065ea21bb33fb0b7cc8289,66726460617034212830993942182314878571355138076771478808772941859107624691601
2026-04-17T06:25:36.984969+00:00,2026-04-17T06:37:12.679762+00:00,contrarian,"Ethereum Up or Down - April 17, 2:25AM-2:30AM ET",UP,Up,2.0,0.39,,WIN,YES,3.1282051282051277,Up,0x960c5b54032799705424bc1e6c5cf844f26328353d18e53068f1d187ee5edc64,61416021861920827011343861364107268066041877562375939365320695398881825104261
2026-04-17T06:30:04.417036+00:00,2026-04-17T06:38:13.553427+00:00,contrarian,"Solana Up or Down - April 17, 2:30AM-2:35AM ET",UP,Up,2.0,0.36,,WIN,YES,3.5555555555555554,Up,0x331fc1981ea0b01ed191e8f584850bb5ce4050ae3322bf5fda144cba2c923c43,64013861019815051430992859523503684574155540302503099101695453560629255131667
2026-04-17T06:30:07.608968+00:00,2026-04-17T06:38:13.737867+00:00,contrarian,"XRP Up or Down - April 17, 2:30AM-2:35AM ET",UP,Up,2.0,0.35,,WIN,YES,3.7142857142857144,Up,0x88328e9234e45c9f7eb6d5123652b4c5dc60ea3afd1f7e345bed98c8f8d7096d,89082555579901572790585889495097190713914290867296081197586498802973674720295
2026-04-17T06:30:04.373739+00:00,2026-04-17T06:39:13.219378+00:00,contrarian,"Ethereum Up or Down - April 17, 2:30AM-2:35AM ET",UP,Up,2.0,0.36,,WIN,YES,3.5555555555555554,Up,0x5066d8a01e1fdc222b9d7de8abdd5b4a9f6a5fa9c6b3b1b54de17adbf36789fe,24058118686696118777900532930858887971236828848535789366043938642298787279535
2026-04-17T06:30:04.399993+00:00,2026-04-17T06:40:13.546962+00:00,contrarian,"Bitcoin Up or Down - April 17, 2:30AM-2:35AM ET",UP,Up,2.0,0.38,,WIN,YES,3.2631578947368425,Up,0xc1420fa251ec3098d06775ce3542cf629656c6b720a6536e168f3ec333cbd360,77972747564133199953022746808282305508413855770186300229082674279686657067106
2026-04-17T06:35:03.600216+00:00,2026-04-17T06:44:16.520915+00:00,contrarian,"Solana Up or Down - April 17, 2:35AM-2:40AM ET",UP,Up,2.0,0.39,,LOSS,NO,-2.0,Down,0x24d6111ca1a3ae73b8c146a1b7030a7b27d8844f3464f2737b4ebc5004beb8cb,83011373702416576693170322663188749130646715375042022316667631480588371192856
2026-04-17T06:35:09.866152+00:00,2026-04-17T06:45:17.523703+00:00,contrarian,"Bitcoin Up or Down - April 17, 2:35AM-2:40AM ET",UP,Up,2.0,0.39,,WIN,YES,3.1282051282051277,Up,0xcb88dabdcb087575af20026732a1643978c516551821b97e344e0e94a30e193b,25861021491872964727084568044588418936373510179989993510595981041873738927378
2026-04-17T06:35:23.929169+00:00,2026-04-17T06:45:17.669132+00:00,contrarian,"XRP Up or Down - April 17, 2:35AM-2:40AM ET",UP,Up,2.0,0.32,,WIN,YES,4.25,Up,0x9d5ad80f1ae9c265671d0d64dbab0a05f86e3b878ee27f87a17fbdc745cc3e9c,114703276772228476666316764413745300681477049325407157530539735572118936327897
2026-04-17T06:35:06.750733+00:00,2026-04-17T06:46:17.601725+00:00,contrarian,"Ethereum Up or Down - April 17, 2:35AM-2:40AM ET",UP,Up,2.0,0.37,,LOSS,NO,-2.0,Down,0x8ca2ee0d7223afa5c80d6cd60bc5032da666cbc94d99012fa903b41d07fee6a7,88850805339279647279789278568085357938979968254994909309716991840701267942595
2026-04-17T06:40:03.994069+00:00,2026-04-17T06:50:19.759344+00:00,contrarian,"XRP Up or Down - April 17, 2:40AM-2:45AM ET",DOWN,Down,2.0,0.34,,LOSS,NO,-2.0,Up,0xd1d85dd45c5c09d5749ef4c906c7a517296b98ebf1d4ad8c69d802d44460454c,43549265115039372343635579024151490917420306787920360715500783745808261382698
2026-04-17T06:40:10.196906+00:00,2026-04-17T06:50:19.958265+00:00,contrarian,"Bitcoin Up or Down - April 17, 2:40AM-2:45AM ET",UP,Up,2.0,0.39,,WIN,YES,3.1282051282051277,Up,0x0769d8d4742ea3bdedadeb8006970a99eb989ebff5990d8fb62ac1b98b589e41,96552544943039634251002587260188244578149631225869351538074205133831213493016
2026-04-17T06:40:13.301538+00:00,2026-04-17T06:50:20.370535+00:00,contrarian,"Ethereum Up or Down - April 17, 2:40AM-2:45AM ET",UP,Up,2.0,0.39,,WIN,YES,3.1282051282051277,Up,0x924761992cc06443e2378ffeb8cab018f6162e21b7ea36870c545e3bfc0e2be1,54560128230627537014675649382290018253585732828769488691641605873644960665526
2026-04-17T06:40:13.286103+00:00,2026-04-17T06:52:21.510594+00:00,contrarian,"Solana Up or Down - April 17, 2:40AM-2:45AM ET",UP,Up,2.0,0.36,,WIN,YES,3.5555555555555554,Up,0x52244ddcd39b95f62b38f6e98ad120edc383e8a6f7553018cfea2f8372f0d551,50794505813078786081887929342639370101911822201100865439893492487896351542433
2026-04-17T06:45:06.513990+00:00,2026-04-17T06:53:21.910552+00:00,contrarian,"Bitcoin Up or Down - April 17, 2:45AM-2:50AM ET",UP,Up,2.0,0.36,,WIN,YES,3.5555555555555554,Up,0x343fac6c575af4400f9286a041a49cb0d3429cda25b9b6f6922dfa010d833f2c,12748012617424188184819807510620717493915502497735682273536097147645017710356
2026-04-17T06:45:06.568284+00:00,2026-04-17T06:53:22.233770+00:00,contrarian,"Solana Up or Down - April 17, 2:45AM-2:50AM ET",UP,Up,2.0,0.36,,LOSS,NO,-2.0,Down,0xfc322587ebe70bcd88c6ea5d1b667eb305b493048de5e9cddf882aa4609b2e63,104549039994902423662770571370790179592478101488198581777887185118179508593755
2026-04-17T06:45:06.546339+00:00,2026-04-17T06:54:22.509376+00:00,contrarian,"Ethereum Up or Down - April 17, 2:45AM-2:50AM ET",UP,Up,2.0,0.39,,WIN,YES,3.1282051282051277,Up,0xb91cb1aca11471fc864200a9775c42fd3bf181b57e8962138d24346d1a2f3680,15110727800228045847140639039675954805618103094723893023159569385508039075232
2026-04-17T06:45:06.590788+00:00,2026-04-17T06:55:22.655056+00:00,contrarian,"XRP Up or Down - April 17, 2:45AM-2:50AM ET",UP,Up,2.0,0.31,,LOSS,NO,-2.0,Down,0xcd67ef97340f9703369a055ea08058b16b8b2064e6eabf0282abaffb4686a25f,42250553874768185906764748585232122628697216180166072012745080247808456179092
2026-04-17T06:50:08.094228+00:00,2026-04-17T07:00:27.230849+00:00,contrarian,"XRP Up or Down - April 17, 2:50AM-2:55AM ET",DOWN,Down,2.0,0.38,,LOSS,NO,-2.0,Up,0x72acf0d2b27b60eb3682e93ae0537e217c1a4557bfd2adc3c18bec3591f5dd87,3921973646366611356184155567017128234884939572514692129555226883475086871845
2026-04-17T06:50:08.183074+00:00,2026-04-17T07:00:27.288340+00:00,contrarian,"Solana Up or Down - April 17, 2:50AM-2:55AM ET",DOWN,Down,2.0,0.38,,LOSS,NO,-2.0,Up,0x1e88587500b89b27278b0db9b4c78630a22ada60853ac64bf5178d68529ea543,27746538689622793918457266418965103100615027380279015079260047326242435738219
2026-04-17T06:50:08.060917+00:00,2026-04-17T07:01:26.975405+00:00,contrarian,"Ethereum Up or Down - April 17, 2:50AM-2:55AM ET",DOWN,Down,2.0,0.35,,LOSS,NO,-2.0,Up,0x1bcadbb0e80e8f17e5b6e9219e33a21e1d9dd371fb519386684e5682716f347d,80446331376859445754315917982270453706369736470570603293729061272293868770202
2026-04-17T06:50:08.223743+00:00,2026-04-17T07:01:27.011825+00:00,contrarian,"Bitcoin Up or Down - April 17, 2:50AM-2:55AM ET",DOWN,Down,2.0,0.36,,LOSS,NO,-2.0,Up,0xbef8edb2dbe71afa5abba7948309f0d01136d71b817567da1932c09d66b9eed3,26115841762760550270190455202103630460730803924731940519323165332431642245200
2026-04-17T06:55:06.940868+00:00,2026-04-17T07:06:29.294014+00:00,contrarian,"Solana Up or Down - April 17, 2:55AM-3:00AM ET",UP,Up,2.0,0.36,,LOSS,NO,-2.0,Down,0xe7674b88c91e91b04b4700bf0979d4ef306cecdf65099e1a3b98c1d76aed445d,77489265598339978039617657094028148108175326397364289826586733482147474178963
2026-04-17T06:55:06.957587+00:00,2026-04-17T07:06:29.478242+00:00,contrarian,"Ethereum Up or Down - April 17, 2:55AM-3:00AM ET",UP,Up,2.0,0.3,,WIN,YES,4.666666666666667,Up,0x4bd4e3d3ea67b54fdfe05cbdb1d596fd432c6e3e808a1f054f1f96e5d44df6c0,83771613345672031862505947950350516009207140649870490010547793650945476843227
2026-04-17T06:55:06.977402+00:00,2026-04-17T07:06:29.637540+00:00,contrarian,"Bitcoin Up or Down - April 17, 2:55AM-3:00AM ET",UP,Up,2.0,0.39,,WIN,YES,3.1282051282051277,Up,0xbd4ea6c5d0267ad4e0a30b36ffd924a364936b77343b7e4350d7ced9253d3d9c,42832754457253315516660498559937364756263594122093616883137332476334253549166
2026-04-17T06:55:56.483353+00:00,2026-04-17T07:06:29.678953+00:00,contrarian,"XRP Up or Down - April 17, 2:55AM-3:00AM ET",DOWN,Down,2.0,0.39,,LOSS,NO,-2.0,Up,0x0e46bbacedfd28b61cc4c1f5624d43793f704d5b9547fffda1d4abfea088fb27,59911548570763692795860536432823329850501223255630670481140486024473734852588
2026-04-17T07:00:23.580133+00:00,2026-04-17T07:08:31.393104+00:00,contrarian,"XRP Up or Down - April 17, 3:00AM-3:05AM ET",DOWN,Down,2.0,0.32,,LOSS,NO,-2.0,Up,0xb59435536fe83d0562ed9c0fce4176ec05b922aab239f509b77fcb90aa7c9500,16972740909645258924568030180376324772897506484964025875417480337480820438367
2026-04-17T07:00:14.185166+00:00,2026-04-17T07:09:31.293213+00:00,contrarian,"Ethereum Up or Down - April 17, 3:00AM-3:05AM ET",DOWN,Down,2.0,0.35,,LOSS,NO,-2.0,Up,0x55d618bcb8142147fd9d6cb8d8b955a2a5bca96c2ed4be2b293077da44683b88,98902402556398073292111485585165093434579468028587252259151595458788867506102
2026-04-17T07:00:20.406891+00:00,2026-04-17T07:09:31.334697+00:00,contrarian,"Solana Up or Down - April 17, 3:00AM-3:05AM ET",DOWN,Down,2.0,0.39,,LOSS,NO,-2.0,Up,0xc63fc1d6e5acd11a9ce1c2bffc1a65741f4e366bf1e95d16e5297c74c4ced37c,76419848698151592244482615196380672757587205679075233378143508882604213716799
2026-04-17T07:01:02.232688+00:00,2026-04-17T07:09:31.377218+00:00,contrarian,"Bitcoin Up or Down - April 17, 3:00AM-3:05AM ET",DOWN,Down,2.0,0.37,,LOSS,NO,-2.0,Up,0xc3094d5643f83355352d68ae8e78c69c2ac6687881e383696822319b228bdcea,14820084921513223665562548756595009554502698009713736236841734656255572627565
2026-04-17T07:05:07.268226+00:00,2026-04-17T07:14:34.109266+00:00,contrarian,"XRP Up or Down - April 17, 3:05AM-3:10AM ET",UP,Up,2.0,0.37,,WIN,YES,3.4054054054054053,Up,0xfdc8e1c6dbaf9bd7c18a223483827c667816540d7c8317419b94c7a8360ee4b3,113180573795383402407097222784957533278703459635860630897161820541506742968584
2026-04-17T07:05:26.235578+00:00,2026-04-17T07:15:34.533836+00:00,contrarian,"Bitcoin Up or Down - April 17, 3:05AM-3:10AM ET",UP,Up,2.0,0.39,,WIN,YES,3.1282051282051277,Up,0xd78d1f6ed369ed82505260f1a58e402983e2724ac3aad8eadc9f4eb42f22fbbe,103920061270085562365939113067815614129915088942487265471971168210762022225334
2026-04-17T07:05:43.340924+00:00,2026-04-17T07:15:34.571944+00:00,contrarian,"Ethereum Up or Down - April 17, 3:05AM-3:10AM ET",DOWN,Down,2.0,0.38,,LOSS,NO,-2.0,Up,0x0914642e59e17a3f3b9307c3d88941039d5416a28bdab281abfcd3b26edc199f,15306900970143657176561627227339697012817445057300449635828313936413423273034
2026-04-17T07:05:46.430479+00:00,2026-04-17T07:16:35.324921+00:00,contrarian,"Solana Up or Down - April 17, 3:05AM-3:10AM ET",DOWN,Down,2.0,0.38,,LOSS,NO,-2.0,Up,0xcd0a6c6f2781be391750edb4176213f210e480e0c49f34315007d9fea5fc3852,37185034112469802608832505183551504310860812025501763455544612724734998769391
2026-04-17T07:10:16.555774+00:00,2026-04-17T07:20:37.483161+00:00,contrarian,"Solana Up or Down - April 17, 3:10AM-3:15AM ET",UP,Up,2.0,0.37,,LOSS,NO,-2.0,Down,0x6e5a5aa00eabbf93e50f90f236fa26e369cd4cee55fff448b3fd6a28c7af88c2,60210616774560532962173204112270204736080843377862491745353488392207034643307
2026-04-17T07:10:39.809541+00:00,2026-04-17T07:20:37.538779+00:00,contrarian,"XRP Up or Down - April 17, 3:10AM-3:15AM ET",UP,Up,2.0,0.36,,LOSS,NO,-2.0,Down,0x54b6ac27e305059971fc987f53526e6713cc06e60606ac4036fa8e828e07d323,103087227191694246564137430448384936083488140096074273931518265831036283592545
2026-04-17T07:10:10.100961+00:00,2026-04-17T07:21:37.036546+00:00,contrarian,"Bitcoin Up or Down - April 17, 3:10AM-3:15AM ET",UP,Up,2.0,0.37,,LOSS,NO,-2.0,Down,0x1145d4a2032a238ecdee25007635ca627500f0e3561125627417b9768737932e,4204699877007778841639365914450834536360378573531837805355379345116875551087
2026-04-17T07:10:10.123267+00:00,2026-04-17T07:21:37.089978+00:00,contrarian,"Ethereum Up or Down - April 17, 3:10AM-3:15AM ET",UP,Up,2.0,0.36,,LOSS,NO,-2.0,Down,0x32b3325a2b859d2dd3b6bf6a5bfdb000d5239b290a7bf6b1320aaaca4b4acf15,105378157779604859026632679353120761849347335234843629876271020017660940066882
2026-04-17T07:15:11.924115+00:00,2026-04-17T07:23:37.513061+00:00,contrarian,"Ethereum Up or Down - April 17, 3:15AM-3:20AM ET",UP,Up,2.0,0.31,,LOSS,NO,-2.0,Down,0x8f21a05811cb6bd7322e6553d492f7b0355519305130dcb1b8fa0c4fcf449c57,67080396164655279558654449133558498714824766536238050450933646648341258107670
2026-04-17T07:15:11.951070+00:00,2026-04-17T07:23:37.554231+00:00,contrarian,"Solana Up or Down - April 17, 3:15AM-3:20AM ET",UP,Up,2.0,0.34,,LOSS,NO,-2.0,Down,0x060557963aaef6b586add5ab69ba6b1fc2a3ccf2698b9163b56cba3ffba8814d,3774288588223341163196462645235305629900472802251144434786526130705846108101
2026-04-17T07:15:11.977855+00:00,2026-04-17T07:23:37.594067+00:00,contrarian,"XRP Up or Down - April 17, 3:15AM-3:20AM ET",UP,Up,2.0,0.32,,LOSS,NO,-2.0,Down,0x6c037cda4c43477191bed50fbb7494a7229ff803e915aa14b8c28885403bbb27,18307184787297552613352469026312439368579717445611488649386558328324223195018
2026-04-17T07:15:15.114226+00:00,2026-04-17T07:23:37.632888+00:00,contrarian,"Bitcoin Up or Down - April 17, 3:15AM-3:20AM ET",UP,Up,2.0,0.32,,LOSS,NO,-2.0,Down,0x3b12d8e7d1862052691b954bebcf4f431fff9167d91ce22f12db76530a991f8e,104244676832786975124508708744627977055986815986021133685205328646727094296260
2026-04-17T07:20:10.231121+00:00,2026-04-17T07:30:41.375311+00:00,contrarian,"XRP Up or Down - April 17, 3:20AM-3:25AM ET",UP,Up,2.0,0.36,,LOSS,NO,-2.0,Down,0xce4df2bbd14faaaaa3ac41eaf00bf8537e79867d6a0f846f20f832b4a4d61af6,96024219572953793005021407480487422815364569445725864051881262092598768034971
2026-04-17T07:20:32.543547+00:00,2026-04-17T07:30:41.408081+00:00,contrarian,"Solana Up or Down - April 17, 3:20AM-3:25AM ET",UP,Up,2.0,0.39,,LOSS,NO,-2.0,Down,0x26f0cdd8a3747a9aa80e3fbb88af98df08902e3eb56ba8a94781e86b93c01b2b,60916955212831068395305579393366873987549560563369297352536224952030190252043
2026-04-17T07:21:04.579770+00:00,2026-04-17T07:30:41.446523+00:00,contrarian,"Bitcoin Up or Down - April 17, 3:20AM-3:25AM ET",UP,Up,2.0,0.33,,LOSS,NO,-2.0,Down,0x5f43a2f10174c722805179b21e8ee1ee9561f0ab8014a106e3a3fe4843a35241,67978272186685883835107289578034670554927440882725531379444351953726392737331
2026-04-17T07:20:06.992739+00:00,2026-04-17T07:31:41.881846+00:00,contrarian,"Ethereum Up or Down - April 17, 3:20AM-3:25AM ET",UP,Up,2.0,0.38,,LOSS,NO,-2.0,Down,0x8f8306427b43449b2b15f6cdaf246100afdc1ab6a7b45b07e559b69087dfd0ff,22679325726194601939370768970290401632760610795292410036256308743547933171952
2026-04-17T07:25:18.251035+00:00,2026-04-17T07:35:43.730335+00:00,contrarian,"XRP Up or Down - April 17, 3:25AM-3:30AM ET",UP,Up,2.0,0.37,,WIN,YES,3.4054054054054053,Up,0x0e05bc4453d4dc417755ea3c0fb1d616c439547ef17e0e0871e960cba8c59bea,83326733605645743187369506695470956383262805869292316972566568173250966324757
2026-04-17T07:25:33.698469+00:00,2026-04-17T07:35:44.234491+00:00,contrarian,"Ethereum Up or Down - April 17, 3:25AM-3:30AM ET",UP,Up,2.0,0.39,,WIN,YES,3.1282051282051277,Up,0xdf8c032725d54a2e15796bd158556f7788d54f527f1251ac05448eda5badb355,15106736594183650759708430210456744095307142537800779420880559076391068844620
2026-04-17T07:27:12.549978+00:00,2026-04-17T07:35:44.270950+00:00,contrarian,"Solana Up or Down - April 17, 3:25AM-3:30AM ET",DOWN,Down,2.0,0.38,,LOSS,NO,-2.0,Up,0x2526b0312570da28f20ad96bd92d0e665e4ab48f33be952f6eebaee0f0a60d4e,2205063966201144402504772600030365866087076471457256440244931583162964365319
2026-04-17T07:25:24.430319+00:00,2026-04-17T07:36:44.256330+00:00,contrarian,"Bitcoin Up or Down - April 17, 3:25AM-3:30AM ET",UP,Up,2.0,0.39,,WIN,YES,3.1282051282051277,Up,0x6ede0d9e08d2ee67d2d853363b889d1456e56fcd1d4558bd98928b807f1aa010,60754343793990749234094675212023373448645873637384134841301814960958623255762
2026-04-17T07:30:43.060009+00:00,2026-04-17T07:38:45.753880+00:00,contrarian,"Ethereum Up or Down - April 17, 3:30AM-3:35AM ET",DOWN,Down,2.0,0.36,,WIN,YES,3.5555555555555554,Down,0x1851ad42191d20422d4e4bb5a223d7331274807197f1789551afc959cc883399,24015672340488125266765461842593186516682551405404346562063268271224165570875
2026-04-17T07:30:43.078258+00:00,2026-04-17T07:38:45.794496+00:00,contrarian,"XRP Up or Down - April 17, 3:30AM-3:35AM ET",DOWN,Down,2.0,0.34,,LOSS,NO,-2.0,Up,0x122cf92b6a975e9d6a61edec9e730e2c236cbcc7b12695be8e4fd16705007174,14653836323369214922574465823435107269521333430219348867964501154716558307126
2026-04-17T07:30:52.434084+00:00,2026-04-17T07:38:45.966856+00:00,contrarian,"Solana Up or Down - April 17, 3:30AM-3:35AM ET",DOWN,Down,2.0,0.39,,WIN,YES,3.1282051282051277,Down,0x4e8777d7df1979f494974aa4037954634a2eddbe65b5fb5432f31926421caab7,109517260140058546513860337120834817923566172778798089622854284991394528719187
2026-04-17T07:30:55.533907+00:00,2026-04-17T07:38:46.007586+00:00,contrarian,"Bitcoin Up or Down - April 17, 3:30AM-3:35AM ET",DOWN,Down,2.0,0.3,,LOSS,NO,-2.0,Up,0xfc7ca10a54b0ae35ba252d0029815ddd32f0a7ca5d064b1d462fd6de2e35b32d,39838354922799969501447663551580260143932920199992031264301263894800054518790
2026-04-17T07:35:14.105443+00:00,2026-04-17T07:43:47.995992+00:00,contrarian,"Bitcoin Up or Down - April 17, 3:35AM-3:40AM ET",UP,Up,2.0,0.36,,LOSS,NO,-2.0,Down,0xaec0af579a2b8843e3f6f31d255d833e945126acbb1661b39a724f100c1ed996,76313837716195391595459491455057045953010026136730421861983971377010002671873
2026-04-17T07:35:20.878343+00:00,2026-04-17T07:44:48.786599+00:00,contrarian,"Solana Up or Down - April 17, 3:35AM-3:40AM ET",UP,Up,2.0,0.38,,WIN,YES,3.2631578947368425,Up,0x61959569f88568cbaadd877e5a0fb4d1572c7d166b7d9a7919ec00f0b1f06a98,67709037985697498830889390138262642643208787674773448599672762180364170196401
2026-04-17T07:35:14.139387+00:00,2026-04-17T07:45:48.772862+00:00,contrarian,"Ethereum Up or Down - April 17, 3:35AM-3:40AM ET",UP,Up,2.0,0.33,,LOSS,NO,-2.0,Down,0x5b54bba6b204288d39a125de3f25ddac37541b8d6de19bb5d9535dddd019e78b,50395956646442242415109587173120966307158952560707702497337577112146729924146
2026-04-17T07:35:53.652022+00:00,2026-04-17T07:45:48.808980+00:00,contrarian,"XRP Up or Down - April 17, 3:35AM-3:40AM ET",DOWN,Down,2.0,0.39,,LOSS,NO,-2.0,Up,0x1fbaf0b7268085c47195454d1f74897999f8c17c0d6aada863d0ff7990ab60bb,112217802117860712486664145520509176930090157680227988156996490277133953987903
2026-04-17T07:40:12.325023+00:00,2026-04-17T07:51:51.881174+00:00,contrarian,"Bitcoin Up or Down - April 17, 3:40AM-3:45AM ET",DOWN,Down,2.0,0.38,,LOSS,NO,-2.0,Up,0x83a710891cb4691acffca184c2f8e9eb0472ee953c929dcde969f5095435a927,30006010146736266881539474208849490478140612154296650302332511554820901420843
2026-04-17T07:40:21.827540+00:00,2026-04-17T07:51:51.924641+00:00,contrarian,"XRP Up or Down - April 17, 3:40AM-3:45AM ET",UP,Up,2.0,0.39,,LOSS,NO,-2.0,Down,0x2a4c407a9961ca596d903988add84eb99c14c12b3fccd0a0e2d6e9db4dead9e8,38151274120174114130287197509046785994931412504736575526802826525501938054914
2026-04-17T07:40:24.934435+00:00,2026-04-17T07:51:51.965706+00:00,contrarian,"Ethereum Up or Down - April 17, 3:40AM-3:45AM ET",UP,Up,2.0,0.37,,LOSS,NO,-2.0,Down,0x6ec9ea2dbfd210ebb9c515a7305e9685d3caf70a7d8980afaa8f14306282ab3e,47351466735806152656423342762443717038758137420361225282413446020892459509564
2026-04-17T07:40:44.072609+00:00,2026-04-17T07:51:52.009443+00:00,contrarian,"Solana Up or Down - April 17, 3:40AM-3:45AM ET",UP,Up,2.0,0.31,,LOSS,NO,-2.0,Down,0x048725cdde26ef40f45574c313192723f22ec4f5d1d472b15fc0453fca01d628,111626800764624805039591122685611566234743299005386914755928787492771512393981
2026-04-17T07:45:54.628907+00:00,2026-04-17T07:53:53.221613+00:00,contrarian,"Bitcoin Up or Down - April 17, 3:45AM-3:50AM ET",DOWN,Down,2.0,0.39,,WIN,YES,3.1282051282051277,Down,0x5245f7eb8475f14167c265c7215307762a2f9dfed5ebd5db3f675aef7fdd8dbf,21192426831646784670786693342208246474871443605311595907912244855218307455849
2026-04-17T07:46:06.939654+00:00,2026-04-17T07:53:53.264798+00:00,contrarian,"Ethereum Up or Down - April 17, 3:45AM-3:50AM ET",UP,Up,2.0,0.37,,LOSS,NO,-2.0,Down,0x5a31f860376a40a60431f505372f955f55071855b9b2cc066dd122b0271f85dd,54763127019653944247092636258871950428065027806288647100050192318446497799521
2026-04-17T07:46:06.957234+00:00,2026-04-17T07:53:53.302985+00:00,contrarian,"Solana Up or Down - April 17, 3:45AM-3:50AM ET",UP,Up,2.0,0.35,,LOSS,NO,-2.0,Down,0xff183710f70185520ff57fb0198c6d5b446cb0bf6ba4f85947f264b6dbb74782,60577785573973785674304565478978785742566038821018557218295277180173710678710
2026-04-17T07:46:13.311664+00:00,2026-04-17T07:53:53.340715+00:00,contrarian,"XRP Up or Down - April 17, 3:45AM-3:50AM ET",UP,Up,2.0,0.39,,LOSS,NO,-2.0,Down,0x0b9d5a07a70b1948a663548116af7b32e520ac0ac94257d3513f87c77fb8d839,61711228755277220376883397961415489467975564654817876924576358232308343448537
2026-04-17T07:50:16.895992+00:00,2026-04-17T07:59:57.780716+00:00,contrarian,"Solana Up or Down - April 17, 3:50AM-3:55AM ET",UP,Up,2.0,0.42,,WIN,YES,2.761904761904762,Up,0xa8b11d72dcb5cdd0a9eb452691ffa12c251ac1490483be315722a37a06eb29be,34251475379232978755882740304994334069349256465136786357501027956514100919074
2026-04-17T07:50:19.921981+00:00,2026-04-17T07:59:57.943550+00:00,contrarian,"Bitcoin Up or Down - April 17, 3:50AM-3:55AM ET",UP,Up,2.0,0.41,,WIN,YES,2.8780487804878048,Up,0x92aca25e6877df4ca4a5b8cf6a9a7767de576eb435e2011e729953118f9c69da,52530869625120280085572816297965537299231686539594884495809495280203101299633
2026-04-17T07:50:25.555527+00:00,2026-04-17T07:59:57.983505+00:00,contrarian,"Ethereum Up or Down - April 17, 3:50AM-3:55AM ET",DOWN,Down,2.0,0.99,,LOSS,NO,-2.0,Up,0x3bf91df8fe29ed5da1affbb57372ceba269312e7d2ccab87299f0a1c9850bb4c,18902127150638724826098931434350751529309986508833044796920424312845679595744
2026-04-17T07:50:25.605398+00:00,2026-04-17T07:59:58.023188+00:00,contrarian,"XRP Up or Down - April 17, 3:50AM-3:55AM ET",UP,Up,2.0,0.4,,LOSS,NO,-2.0,Down,0x09cf9335967cdd87457f8aa43ff779d0d6524a7b5a7a75891ec4520bb8df3c2d,27574754962334448872599503251322268754087442830295740111898014809407172941401
2026-04-17T07:55:03.452575+00:00,2026-04-17T08:06:01.734729+00:00,contrarian,"Ethereum Up or Down - April 17, 3:55AM-4:00AM ET",UP,Up,2.0,0.37,,WIN,YES,3.4054054054054053,Up,0xf0338808136de5b21b1e2ae4c46e1b0471f7dd30442fd2ec2180b85751607133,38838432625821939241385863462219019660720260846264813020505530440373856413677
2026-04-17T07:55:03.473879+00:00,2026-04-17T08:06:01.777728+00:00,contrarian,"XRP Up or Down - April 17, 3:55AM-4:00AM ET",UP,Up,2.0,0.35,,LOSS,NO,-2.0,Down,0x23afe3b48711c8cd44a1ffebfef2cf0e85bc185db571f422a0949850b26f71fd,40882636218792594954926156148006312096128070298763776141701948884442678502440
2026-04-17T07:55:06.575943+00:00,2026-04-17T08:06:01.970573+00:00,contrarian,"Bitcoin Up or Down - April 17, 3:55AM-4:00AM ET",UP,Up,2.0,0.39,,WIN,YES,3.1282051282051277,Up,0xe154021d89a56d7532659623ad0e4c250def8f44032b69fa9b1407a40382023f,25092094753946416817579940560635074599901168026239647595189126964555626397344
2026-04-17T07:55:06.600878+00:00,2026-04-17T08:06:02.176497+00:00,contrarian,"Solana Up or Down - April 17, 3:55AM-4:00AM ET",UP,Up,2.0,0.39,,WIN,YES,3.1282051282051277,Up,0xf426834b888637b67d648df8aaea6fe97b66daa061a1e6ccb3dd49e71428372d,46008558227461222982753294036500526885261382957119549074041638789729762200392
2026-04-17T08:00:32.390154+00:00,2026-04-17T08:08:03.451811+00:00,contrarian,"Solana Up or Down - April 17, 4:00AM-4:05AM ET",DOWN,Down,2.0,0.33,,LOSS,NO,-2.0,Up,0x28083ff2b416028704f9e9100602245f916d7a9053137c355467564e8278f1a0,62028726401456821007614975379771366710337034334585326543707460230197481690381
2026-04-17T08:01:03.818289+00:00,2026-04-17T08:10:05.185859+00:00,contrarian,"Ethereum Up or Down - April 17, 4:00AM-4:05AM ET",UP,Up,2.0,0.37,,WIN,YES,3.4054054054054053,Up,0xbad0fcb98924187f05ba11eb918c0a01368e2a2181a0e37e454644a23a26828f,106934585816516829466429523385586067799911794311976521958461045767788966314608
2026-04-17T08:00:54.575453+00:00,2026-04-17T08:12:06.238610+00:00,contrarian,"Bitcoin Up or Down - April 17, 4:00AM-4:05AM ET",UP,Up,2.0,0.39,,WIN,YES,3.1282051282051277,Up,0x9c89d993af389764217a7300cae58914390e4e3bc3d35db605f6c32174e2232e,114091946390204462730479559660240627351934245626104133084827997584501094466026
2026-04-17T08:00:47.814743+00:00,2026-04-17T08:13:05.337808+00:00,contrarian,"XRP Up or Down - April 17, 4:00AM-4:05AM ET",UP,Up,2.0,0.32,,WIN,YES,4.25,Up,0x222250c3ca6fc6ff847f7aacfb64b21896573ce9fe2ff0da084c560de6c2b6bc,77310965387598205761724380912273589250232239889848997945009169023383479111655
2026-04-17T08:05:45.374667+00:00,2026-04-17T08:14:06.343278+00:00,contrarian,"Solana Up or Down - April 17, 4:05AM-4:10AM ET",UP,Up,2.0,0.39,,WIN,YES,3.1282051282051277,Up,0x56f9c68d6251de77b0c5e027890e3e732c067895ae2bfc5b5b3562d1bd4a26fb,15379879178231192041099246613256800204332334252393791949078813272551420692134
2026-04-17T08:05:32.810361+00:00,2026-04-17T08:15:06.814788+00:00,contrarian,"Ethereum Up or Down - April 17, 4:05AM-4:10AM ET",DOWN,Down,2.0,0.38,,LOSS,NO,-2.0,Up,0x1818fa9481f051b087a7623726c5bcb03671a0e7064ab139a14fde4ea15869b1,65838015029831346339486058075895229673486811391600434158412170590779728419627
2026-04-17T08:05:45.355432+00:00,2026-04-17T08:16:07.104831+00:00,contrarian,"Bitcoin Up or Down - April 17, 4:05AM-4:10AM ET",UP,Up,2.0,0.35,,WIN,YES,3.7142857142857144,Up,0x61366c5fde741a7fa2d1b6511b3d29cd9c346dd1ba74a8d335aa75ddf689a734,61377655740125309078609401396422662872644345885584454933104643459056988809418
2026-04-17T08:05:45.393776+00:00,2026-04-17T08:16:07.146502+00:00,contrarian,"XRP Up or Down - April 17, 4:05AM-4:10AM ET",UP,Up,2.0,0.34,,LOSS,NO,-2.0,Down,0xddb23b55f0a9d62daf725bc846bb376a1cdb34b11e2ff572e7e405b0fd61ad6d,54258848141446446614195352869367595236971686774336067187199613951735605685997
2026-04-17T08:10:19.655326+00:00,2026-04-17T08:20:09.675618+00:00,contrarian,"Solana Up or Down - April 17, 4:10AM-4:15AM ET",UP,Up,2.0,0.38,,WIN,YES,3.2631578947368425,Up,0xa6b26065903f00933fc4fd49c95d3fda2f1198046cf782354d668dc7b8dbb490,4276087211160270754354355718007246019196597002937091050209997212238356936812
2026-04-17T08:10:16.297913+00:00,2026-04-17T08:21:09.190627+00:00,contrarian,"Ethereum Up or Down - April 17, 4:10AM-4:15AM ET",UP,Up,2.0,0.38,,LOSS,NO,-2.0,Down,0x88e8ec45b68dc00ac7779f7d0a338b05381484bd49f91d8e8aee3bdd30c40602,78718094598875249450331180889697128384390158352601618483200898953918272703210
2026-04-17T08:10:38.510410+00:00,2026-04-17T08:21:09.559276+00:00,contrarian,"XRP Up or Down - April 17, 4:10AM-4:15AM ET",UP,Up,2.0,0.36,,LOSS,NO,-2.0,Down,0xceb2001e60888bee42d63bd79d0f57dfde0574b9055f3863f281edbc29db840f,62905230237585166054180379739746441269988287538379504332885536450440909551819
2026-04-17T08:10:19.627096+00:00,2026-04-17T08:22:09.712686+00:00,contrarian,"Bitcoin Up or Down - April 17, 4:10AM-4:15AM ET",UP,Up,2.0,0.38,,LOSS,NO,-2.0,Down,0x27e8bc599c9d873263aa60705a5648c8b6687d28fe2caca20017133f94657d1d,66720186353846330647016344282542142175413062508714250247158468656438932872605
2026-04-17T08:15:16.291838+00:00,2026-04-17T08:23:10.877854+00:00,contrarian,"Solana Up or Down - April 17, 4:15AM-4:20AM ET",UP,Up,2.0,0.37,,WIN,YES,3.4054054054054053,Up,0xdf5c5e420c2a008a03dc9f371db95d2872003aa00b4c96ff1ba37d95eb861a49,59454276710099330817071824407668429385814967752922661946200386498112838646901
2026-04-17T08:15:13.112233+00:00,2026-04-17T08:24:10.835878+00:00,contrarian,"XRP Up or Down - April 17, 4:15AM-4:20AM ET",UP,Up,2.0,0.31,,WIN,YES,4.451612903225807,Up,0x2817b16a10eeb9b839485dfbdfb77f25b9320725593e6dd3bd6a46eeeace4cf9,79656897671381010151965400812311788715165867519332695523900042981231819531449
2026-04-17T08:15:19.447511+00:00,2026-04-17T08:24:10.873398+00:00,contrarian,"Bitcoin Up or Down - April 17, 4:15AM-4:20AM ET",UP,Up,2.0,0.34,,LOSS,NO,-2.0,Down,0xc949807f1b278cfcd5e837e868faa5c39b222c25b8360bdcbb20c206e4167064,42545150137478596308190822391753545942432821104546042686752535534874393880124
2026-04-17T08:15:19.537914+00:00,2026-04-17T08:24:11.048240+00:00,contrarian,"Ethereum Up or Down - April 17, 4:15AM-4:20AM ET",UP,Up,2.0,0.34,,WIN,YES,3.88235294117647,Up,0xdedd12026002de6dddbccaea7d183eee50a0eb63fe4a5b90b7f97a57d36d7fa1,8931737219714184813989471459330784331282680017544256557089960458378763243628
2026-04-17T08:20:49.922056+00:00,2026-04-17T08:29:12.997213+00:00,contrarian,"Solana Up or Down - April 17, 4:20AM-4:25AM ET",DOWN,Down,2.0,0.39,,LOSS,NO,-2.0,Up,0x28f5dffc6dbee4e0fe1053b12f51d75de5e5573ebfdf9c837c9e7c46ad936db9,396045545153511165280678941728742413836273186401146593145881715688405859
2026-04-17T08:20:31.179689+00:00,2026-04-17T08:30:13.126397+00:00,contrarian,"Ethereum Up or Down - April 17, 4:20AM-4:25AM ET",DOWN,Down,2.0,0.33,,LOSS,NO,-2.0,Up,0x06b1ed298305e10221cb8c30afcffaa8960124ea903b087a47676c229a437342,99076522458675087418315556744659687015434827594735979826125425774244088949707
2026-04-17T08:20:34.333782+00:00,2026-04-17T08:30:13.166241+00:00,contrarian,"Bitcoin Up or Down - April 17, 4:20AM-4:25AM ET",DOWN,Down,2.0,0.36,,LOSS,NO,-2.0,Up,0xfd0804a3b3d051a712de98be2fad4e7de164e56ab6b9d178ddf31e415fd5bb98,11597390032967030501047030737585006726513538134488585760454832274939985888944
2026-04-17T08:20:49.949989+00:00,2026-04-17T08:31:14.061346+00:00,contrarian,"XRP Up or Down - April 17, 4:20AM-4:25AM ET",DOWN,Down,2.0,0.37,,LOSS,NO,-2.0,Up,0x83bd352e367e5fb1237d79ccbefa5d98e47a773692e422d7e7e0de214c88fd93,74916696246901291442711675103804268971383524083176064598701763862430079852970
2026-04-17T08:25:07.523917+00:00,2026-04-17T08:35:17.418212+00:00,contrarian,"Bitcoin Up or Down - April 17, 4:25AM-4:30AM ET",UP,Up,2.0,0.38,,WIN,YES,3.2631578947368425,Up,0x47e683c748da49486338ff0f31d4f84aad6798cad018cc5d2c8e3700aa21ed52,10213981547073278762899939145901401334043238759534594865708328523703926947979
2026-04-17T08:25:07.568350+00:00,2026-04-17T08:36:17.696090+00:00,contrarian,"Solana Up or Down - April 17, 4:25AM-4:30AM ET",UP,Up,2.0,0.39,,LOSS,NO,-2.0,Down,0xcfd7b63b7bbc9ede77a6ad4ac2b92b1addb2896d6384cfcc8db3e03b3870d0e8,38875723260640111195420948039276461180786513027589320165238455737914752524309
2026-04-17T08:25:07.599199+00:00,2026-04-17T08:36:17.850314+00:00,contrarian,"Ethereum Up or Down - April 17, 4:25AM-4:30AM ET",UP,Up,2.0,0.36,,WIN,YES,3.5555555555555554,Up,0x3e73fc734c80443c2c19d0ba489569ebf3fd4a1d941797689f95c8d3f3389bff,16857386017798704475904359601755600134880489001380984260366672734880879563805
2026-04-17T08:25:35.628835+00:00,2026-04-17T08:36:17.888877+00:00,contrarian,"XRP Up or Down - April 17, 4:25AM-4:30AM ET",DOWN,Down,2.0,0.24,,LOSS,NO,-2.0,Up,0x05611115b888e8dc80c4953f5dcd50b820c86a7ba7a1944e352169b14a177eb7,74175171344622807383106335492637830773528791201710044268237572311291661567314
2026-04-17T08:30:10.754354+00:00,2026-04-17T08:41:21.188115+00:00,contrarian,"Solana Up or Down - April 17, 4:30AM-4:35AM ET",DOWN,Down,2.0,0.36,,LOSS,NO,-2.0,Up,0x4d9f66517d933d8b438d251ff0d1c7b1385dbd1c7946be7495f0baffafbdd40d,73040556184325344644688723717504941805967112617135130469323103573164492921179
2026-04-17T08:30:04.372565+00:00,2026-04-17T08:42:21.415290+00:00,contrarian,"Ethereum Up or Down - April 17, 4:30AM-4:35AM ET",UP,Up,2.0,0.39,,WIN,YES,3.1282051282051277,Up,0x41ed9935d8f0435e779f9719acdc16490f27a5099cd48d3db9315a64cc2c1f98,55197444538535857927785026118121333498549511155994437074912396884140277358692
2026-04-17T08:30:30.909917+00:00,2026-04-17T08:42:21.456100+00:00,contrarian,"Bitcoin Up or Down - April 17, 4:30AM-4:35AM ET",DOWN,Down,2.0,0.39,,LOSS,NO,-2.0,Up,0xee4bd1e9766668b0bc181c801a31582d978a4ea443d7b278a6ff24088c5a9b2f,80025531087539986823549755101905278227060236666694323106276800753803463157854
2026-04-17T08:30:30.932430+00:00,2026-04-17T08:42:21.494608+00:00,contrarian,"XRP Up or Down - April 17, 4:30AM-4:35AM ET",DOWN,Down,2.0,0.38,,LOSS,NO,-2.0,Up,0xb2085a557c72182cf90afdc21f8999325038eef6b01671e9a7093901a6d14fc8,58096928582613639360535467554225407580530069841734696316913566882546937895184
2026-04-17T08:35:09.873470+00:00,2026-04-17T08:44:21.757242+00:00,contrarian,"Ethereum Up or Down - April 17, 4:35AM-4:40AM ET",UP,Up,2.0,0.37,,LOSS,NO,-2.0,Down,0x8b42534f385b4efaf40397d445ee4d6a446e4d9ded3db05ad6005ef05e8e1b1e,3242518709559502558829460862580103570674378716216754580021246999685875894193
2026-04-17T08:35:09.894417+00:00,2026-04-17T08:45:22.740138+00:00,contrarian,"XRP Up or Down - April 17, 4:35AM-4:40AM ET",UP,Up,2.0,0.34,,LOSS,NO,-2.0,Down,0xa2fa71f266fe51219cbc3e612b4644d72f54d44751bb99322c6090f691819e4f,43597919844384893990398574326148023330980301322835179176814547885228813229251
2026-04-17T08:35:16.174825+00:00,2026-04-17T08:45:22.893019+00:00,contrarian,"Solana Up or Down - April 17, 4:35AM-4:40AM ET",DOWN,Down,2.0,0.37,,WIN,YES,3.4054054054054053,Down,0x20a85c2ca5969431c6150497138b29af0ba48b7f1c2d686779e985ca571743d8,63944232485055044279312481079660071723474785370250924028925171792602193168923
2026-04-17T08:35:20.266191+00:00,2026-04-17T08:45:23.048886+00:00,contrarian,"Bitcoin Up or Down - April 17, 4:35AM-4:40AM ET",DOWN,Down,2.0,0.37,,WIN,YES,3.4054054054054053,Down,0x23aa7ba818ca304fd867aea95f109644332f174525fde0cc2d50ff161fbddf6c,6011097441290122814183670609653916627003603169377563001861271201759933926228
2026-04-17T08:40:29.711416+00:00,2026-04-17T08:50:24.953157+00:00,contrarian,"Ethereum Up or Down - April 17, 4:40AM-4:45AM ET",UP,Up,2.0,0.31,,WIN,YES,4.451612903225807,Up,0xe63a8ca4bc0a73fc76c4808e3758646ada497adaa1f2c9b9364401af494ecb74,29402998077715573895993088025799428139327559833450137186010012348954977890064
2026-04-17T08:40:16.761610+00:00,2026-04-17T08:51:24.672075+00:00,contrarian,"Bitcoin Up or Down - April 17, 4:40AM-4:45AM ET",DOWN,Down,2.0,0.39,,LOSS,NO,-2.0,Up,0xb56bbed2f9f79f81d0511b3570d9d21072465b00c7e9b021ae44bb73cf1c06c9,52932706415538843904810099501234612801735631697607563011939548711236470674610
2026-04-17T08:40:48.726687+00:00,2026-04-17T08:51:25.107505+00:00,contrarian,"Solana Up or Down - April 17, 4:40AM-4:45AM ET",UP,Up,2.0,0.39,,WIN,YES,3.1282051282051277,Up,0xf654d29067a43a522a6e18df3e169c290fb16a2c79de88b636bb7c7ffaf028e0,18529883417979968020852055330751982189116844038895184509238405833890199872439
2026-04-17T08:40:42.558158+00:00,2026-04-17T08:52:24.947720+00:00,contrarian,"XRP Up or Down - April 17, 4:40AM-4:45AM ET",DOWN,Down,2.0,0.39,,LOSS,NO,-2.0,Up,0xf2956a640a2561a6f73beb967eeb9cf51a4c59af27280ce8537d2e0c46dd9851,21160696248349363757346826333335100583884801857083615895749488984250655906765
2026-04-17T08:45:26.110802+00:00,2026-04-17T08:53:26.041124+00:00,contrarian,"Solana Up or Down - April 17, 4:45AM-4:50AM ET",UP,Up,2.0,0.39,,WIN,YES,3.1282051282051277,Up,0xd0e9be78c7e23f778306afc8f29c3be60ce23f5f51b81bf7b8ea125d0c58a213,50777730191379401553873756792989656638171590729394822465445150152894146983822
2026-04-17T08:45:29.209678+00:00,2026-04-17T08:53:26.485240+00:00,contrarian,"Bitcoin Up or Down - April 17, 4:45AM-4:50AM ET",UP,Up,2.0,0.38,,WIN,YES,3.2631578947368425,Up,0x68ca3af9c15d50d497b51696b3c20437c022ea85f5ec19716024855567a9ac98,83512870943521081310844882589774554483875862696567063303744530334383220239944
2026-04-17T08:45:54.586804+00:00,2026-04-17T08:54:26.913353+00:00,contrarian,"Ethereum Up or Down - April 17, 4:45AM-4:50AM ET",DOWN,Down,2.0,0.38,,LOSS,NO,-2.0,Up,0x455f24c731d9409c5cee31b2b08b16c9ee53b92aada4a2738445391dfd1262dc,112327695480102898001110616712258960001604016455699865741379353304320487958938
2026-04-17T08:45:48.430967+00:00,2026-04-17T08:58:28.612532+00:00,contrarian,"XRP Up or Down - April 17, 4:45AM-4:50AM ET",DOWN,Down,2.0,0.3,,LOSS,NO,-2.0,Up,0x57d1b82c6c0e2f633403119aff622be14e5d24e9ad2f204f56bab7a527f4296e,108891063016654656081058964436616601947430662958306728105028795479526747720194
2026-04-17T08:50:04.302943+00:00,2026-04-17T08:59:29.309249+00:00,contrarian,"Bitcoin Up or Down - April 17, 4:50AM-4:55AM ET",DOWN,Down,2.0,0.99,,LOSS,NO,-2.0,Up,0x47ea1c35794fc60863fca445a2ee01e6cde642fc719d8883892931220df581ff,27084045017370533036892387942834650485794130783016238755728587362761687063896
2026-04-17T08:50:15.976795+00:00,2026-04-17T08:59:29.661526+00:00,contrarian,"Ethereum Up or Down - April 17, 4:50AM-4:55AM ET",DOWN,Down,2.0,0.99,,LOSS,NO,-2.0,Up,0x19bd00cbe38bbd904853bfa98695cf60ae05c610cad92b618198f94eaa274767,55150545686411450619711669385600285930946166327529971760890513347095686591228
2026-04-17T08:51:03.840863+00:00,2026-04-17T08:59:29.708632+00:00,contrarian,"XRP Up or Down - April 17, 4:50AM-4:55AM ET",DOWN,Down,2.0,0.99,,LOSS,NO,-2.0,Up,0xe5d1c523b064140618c3d0368a9d5909a6a7779ac7c6fed29f57af636e33706f,81190447061387476787478045777376149844870938813586495929368724116304325823935
2026-04-17T08:50:08.453343+00:00,2026-04-17T09:00:29.456090+00:00,contrarian,"Solana Up or Down - April 17, 4:50AM-4:55AM ET",DOWN,Down,2.0,0.41,,LOSS,NO,-2.0,Up,0xea1377368debed136dcc081bc027e10db14f4090586067f7adc3d050f42b23fb,90361053746449119568601393327647678409856939483067889420781522786676569602838
2026-04-17T08:55:02.307990+00:00,2026-04-17T09:04:31.793589+00:00,contrarian,"Bitcoin Up or Down - April 17, 4:55AM-5:00AM ET",UP,Up,2.0,0.38,,WIN,YES,3.2631578947368425,Up,0x2dd9ebf8430328eef10a9c7af9879608231bb314ae3a7a55e4d048a0d9e42a06,9275733245262206669974294244838957637609983745458547262126836781242906438370
2026-04-17T08:55:08.643164+00:00,2026-04-17T09:04:31.880149+00:00,contrarian,"XRP Up or Down - April 17, 4:55AM-5:00AM ET",DOWN,Down,2.0,0.29,,LOSS,NO,-2.0,,0x1dc933dfbc65cbb73f57a684cf531f965eb3e49b4b1369349dae71e7c63d8f87,56347783549719278921398779519506221848783226344099253373797683661502893894468
2026-04-17T08:55:08.690711+00:00,2026-04-17T09:04:32.120576+00:00,contrarian,"Solana Up or Down - April 17, 4:55AM-5:00AM ET",DOWN,Down,2.0,0.31,,WIN,YES,4.451612903225807,Down,0xd4529d6d131020aacb265ccf9d856d8eb5908c6eff542a7d3f066966babbc731,48507022055045150271243306113600238545054524724670317297521296891373262476369
2026-04-17T08:55:11.836808+00:00,2026-04-17T09:04:32.387410+00:00,contrarian,"Ethereum Up or Down - April 17, 4:55AM-5:00AM ET",DOWN,Down,2.0,0.38,,WIN,YES,3.2631578947368425,Down,0x0073a6449f964d56a766aea0b56443ef990e616622aa122c24a0736902bedd85,84937014708285275854734299046942216601002096390935768661575126458460797585088
2026-04-17T09:00:15.022989+00:00,2026-04-17T09:08:33.806273+00:00,contrarian,"XRP Up or Down - April 17, 5:00AM-5:05AM ET",UP,Up,2.0,0.39,,LOSS,NO,-2.0,Down,0x437fe4b95a61bb18afff940b35fe5c6246eeee03e40efb819aa062a675faee07,80058906791709840650469044699671751430748243264363611348561314219795038242825
2026-04-17T09:00:25.123778+00:00,2026-04-17T09:08:33.848795+00:00,contrarian,"Solana Up or Down - April 17, 5:00AM-5:05AM ET",UP,Up,2.0,0.38,,LOSS,NO,-2.0,Down,0x14e7c3066169d3df081822370afa54e38a913adbe516db780773a60c3f092c38,23421246354822348483845794668438172463029138598982812773713920858429946813847
2026-04-17T09:00:28.363766+00:00,2026-04-17T09:08:34.083155+00:00,contrarian,"Bitcoin Up or Down - April 17, 5:00AM-5:05AM ET",UP,Up,2.0,0.37,,LOSS,NO,-2.0,,0x58de10a1dc8c0a0106911f5ac0e3523d5e8be84b7110481214496b9d0c8045cb,87312745217596189899005728656314806613406267314211185850166360288685578629726
2026-04-17T09:00:28.386198+00:00,2026-04-17T09:08:34.120741+00:00,contrarian,"Ethereum Up or Down - April 17, 5:00AM-5:05AM ET",UP,Up,2.0,0.37,,LOSS,NO,-2.0,Down,0x093c44832870fb3fca5f39608a3d55bf17af45866ac8eaab81e5c227b8146548,90326040325914154091312251735883160105955578370304709417182964522542023370200
2026-04-17T09:05:29.849262+00:00,2026-04-17T09:13:36.907409+00:00,contrarian,"Bitcoin Up or Down - April 17, 5:05AM-5:10AM ET",UP,Up,2.0,0.33,,WIN,YES,4.0606060606060606,Up,0x601355c650276074892464894261825e962238043c6741ec3191b4fdab6be51c,52146812961427558486802295391874036172360711366075661525093183748599796611028
2026-04-17T09:05:04.654924+00:00,2026-04-17T09:14:37.386722+00:00,contrarian,"XRP Up or Down - April 17, 5:05AM-5:10AM ET",UP,Up,2.0,0.36,,WIN,YES,3.5555555555555554,Up,0xd10124b6629fbde593be8c56ffa3bf9bacd1433f76ba3058bc76307642b60a1d,89710966556062834554357942395445817275689154756638262612460363335577542941
2026-04-17T09:05:29.970724+00:00,2026-04-17T09:14:37.598234+00:00,contrarian,"Ethereum Up or Down - April 17, 5:05AM-5:10AM ET",UP,Up,2.0,0.3,,WIN,YES,4.666666666666667,Up,0x2138f1bde84144f80422a56b277ee435475767c68ba4fac5f3a526fe0348f453,97557118314605500211193521891956205385953702263031265249835240087429885788553
2026-04-17T09:05:01.526297+00:00,2026-04-17T09:15:38.104414+00:00,contrarian,"Solana Up or Down - April 17, 5:05AM-5:10AM ET",UP,Up,2.0,0.38,,LOSS,NO,-2.0,Down,0x774eaa2b0fe00390d1417b9d83c385c312a5e1f59d7380827af0181f4f7a5d29,10029835308074212228748832980157306604526517082707087331788829827026853578681
2026-04-17T09:10:14.430338+00:00,2026-04-17T09:17:40.265304+00:00,contrarian,"Solana Up or Down - April 17, 5:10AM-5:15AM ET",UP,Up,2.0,0.35,,WIN,YES,3.7142857142857144,Up,0xe76603941548d2a80fb2b68570e1728e794c7d586884b06db5f6e144f519d59b,76961327262798613949353766545351340112239624890661856419263781814432373756518
2026-04-17T09:10:08.070614+00:00,2026-04-17T09:21:43.360934+00:00,contrarian,"Bitcoin Up or Down - April 17, 5:10AM-5:15AM ET",UP,Up,2.0,0.39,,WIN,YES,3.1282051282051277,Up,0xefeaa25b82ceeb7ce60d8a2e95d036225f36b3818d413018c07eafcc0741d18b,106475129090519743955671870501926001659446223292260868071000751901998265324669
2026-04-17T09:10:08.106816+00:00,2026-04-17T09:21:43.502656+00:00,contrarian,"Ethereum Up or Down - April 17, 5:10AM-5:15AM ET",UP,Up,2.0,0.39,,WIN,YES,3.1282051282051277,Up,0x7a7c13c63f8672879cd482f1d2f51b4fe823b0822794ba8684914b19ea4f7c9a,44658424157557188544238084232222225410364395673421547046341503200962856942739
2026-04-17T09:10:11.215019+00:00,2026-04-17T09:21:43.544178+00:00,contrarian,"XRP Up or Down - April 17, 5:10AM-5:15AM ET",DOWN,Down,2.0,0.37,,LOSS,NO,-2.0,Up,0x017bddb4bd98dac55fed209a9a0f63d640be22bd48ada66d50912d041e86afb3,48693950044168808611341142348074347116958097024729263970385439970266185569548
2026-04-17T09:15:30.770694+00:00,2026-04-17T09:22:44.723519+00:00,contrarian,"Solana Up or Down - April 17, 5:15AM-5:20AM ET",UP,Up,2.0,0.41,,LOSS,NO,-2.0,,0x8337fe0c3679e1cc0481e23b74df9ab4c8962303b47b1be558cfd3faa68faeda,71348702134652229701938190157634177984747287993469598637753934421449199161596
2026-04-17T09:15:21.716449+00:00,2026-04-17T09:23:44.513314+00:00,contrarian,"Bitcoin Up or Down - April 17, 5:15AM-5:20AM ET",DOWN,Down,2.0,0.99,,WIN,YES,0.020202020202020332,Down,0x6ba8150ea1e50cbe74be45dad858ca976eef994338338998cdec12dc3b1d51c4,5588044840955226690472240090980764110014372184982441540809901339397147945058
2026-04-17T09:15:22.933496+00:00,2026-04-17T09:23:44.560305+00:00,contrarian,"Ethereum Up or Down - April 17, 5:15AM-5:20AM ET",UP,Up,2.0,0.38,,LOSS,NO,-2.0,Down,0xb1ce1ba79047841fc4bcfe4befe7605f75b30c242eecdce93d906befd9fb9439,93831266381507400420242972906394276551943074815862864300996774962285208628711
2026-04-17T09:15:24.058413+00:00,2026-04-17T09:23:44.599866+00:00,contrarian,"XRP Up or Down - April 17, 5:15AM-5:20AM ET",UP,Up,2.0,0.39,,LOSS,NO,-2.0,Down,0xd906aca454b9b2fc3531b8f181daf9a3838a18ef470e87bee96cdb40d8f48819,11437403221806645922674590556144433525476238692503455577525232476652885939478
2026-04-17T09:20:18.685629+00:00,2026-04-17T09:29:47.438480+00:00,contrarian,"Solana Up or Down - April 17, 5:20AM-5:25AM ET",DOWN,Down,2.0,0.39,,LOSS,NO,-2.0,Up,0x681728f928c7b2844819729b3ed48b5909318a685f3152a13904e2e4100c5225,41229062965783650971701294169722715101498197024959813459178149203624298011998
2026-04-17T09:20:18.711879+00:00,2026-04-17T09:29:47.482590+00:00,contrarian,"XRP Up or Down - April 17, 5:20AM-5:25AM ET",DOWN,Down,2.0,0.39,,LOSS,NO,-2.0,Up,0x69145b212c50ed09c0f1b58117d07a6b42d723d0f2619be6980cb6eef09356ca,19712415777635647120567726266531390254829128725205903377223887118700635142811
2026-04-17T09:20:21.875558+00:00,2026-04-17T09:29:47.525223+00:00,contrarian,"Bitcoin Up or Down - April 17, 5:20AM-5:25AM ET",DOWN,Down,2.0,0.37,,LOSS,NO,-2.0,Up,0xb5e30f0168a8baef57e63196ee9ca55a8a6d76efae24ace1ea64d1f51efa19dd,25966989491043553906740959607820023127606355001977385135999861725918256630968
2026-04-17T09:20:18.661865+00:00,2026-04-17T09:30:47.362713+00:00,contrarian,"Ethereum Up or Down - April 17, 5:20AM-5:25AM ET",DOWN,Down,2.0,0.38,,LOSS,NO,-2.0,Up,0xe72d909c6273bf7145ef69ad710ba04a7cc8b878a840e9709f6d545fce4c9210,64388338895134663886234683712784953398795271192756661145511053728920157010276
2026-04-17T09:25:16.048781+00:00,2026-04-17T09:35:51.380506+00:00,contrarian,"Bitcoin Up or Down - April 17, 5:25AM-5:30AM ET",DOWN,Down,2.0,0.38,,LOSS,NO,-2.0,Up,0x7f9b1aa170bc8f2ebe14677eff13daf040acd93a99fb612cb501e2eb6c43b666,81444398646308015834131672032012072152254674817343738814850458940304586635988
2026-04-17T09:25:34.905490+00:00,2026-04-17T09:35:51.418955+00:00,contrarian,"XRP Up or Down - April 17, 5:25AM-5:30AM ET",DOWN,Down,2.0,0.39,,LOSS,NO,-2.0,Up,0x35742f01273d4d236fc43f344317b370bd18e5e510fd997ece0094a6c0c641c1,4490208362447719465259480344464958886433733357696507321016285752693843354274
2026-04-17T09:25:06.379384+00:00,2026-04-17T09:36:51.852394+00:00,contrarian,"Solana Up or Down - April 17, 5:25AM-5:30AM ET",DOWN,Down,2.0,0.34,,LOSS,NO,-2.0,Up,0x8580a04562fbb83101e5ba671329e1ea51083b57fa809f74812dbb801a7acc52,83684425322431271916119286005305474671711956016498369584289278495198335561808
2026-04-17T09:25:06.476383+00:00,2026-04-17T09:36:51.896012+00:00,contrarian,"Ethereum Up or Down - April 17, 5:25AM-5:30AM ET",DOWN,Down,2.0,0.3,,LOSS,NO,-2.0,Up,0x288440befead3725c8cbafda0db0c87353b185e71600304284b53d040ce83805,16670391541472788201136795210326161759862691162756004780873757812826365673174
2026-04-17T09:30:11.065265+00:00,2026-04-17T09:38:52.752420+00:00,contrarian,"Solana Up or Down - April 17, 5:30AM-5:35AM ET",UP,Up,2.0,0.38,,LOSS,NO,-2.0,,0x7699350fde2e0bea850cdf1b1abc7cb976c9a1dcefcc1c404fe1ea2d04f9cd2f,50812442091073875049632115958071822295225443280624009592166614749819422173746
2026-04-17T09:30:14.174865+00:00,2026-04-17T09:38:52.790096+00:00,contrarian,"Ethereum Up or Down - April 17, 5:30AM-5:35AM ET",UP,Up,2.0,0.39,,LOSS,NO,-2.0,Down,0xf8a4496e73dd5e657ed3fb2b21abc2c5d68aa3fa3f972f9f4fd9fc3459d80dcb,108669257260164177629705537208103724754575306431207794589302169534460868677636
2026-04-17T09:30:01.304857+00:00,2026-04-17T09:39:52.766424+00:00,contrarian,"Bitcoin Up or Down - April 17, 5:30AM-5:35AM ET",UP,Up,2.0,0.38,,LOSS,NO,-2.0,Down,0x29b06de3b2c789a977b2f1529654b51b2e01ffeea94892151a458b9aa9c1b06d,13863359456614924705988001057752573162130082569371925823902897067010496752943
2026-04-17T09:30:20.385078+00:00,2026-04-17T09:39:52.815798+00:00,contrarian,"XRP Up or Down - April 17, 5:30AM-5:35AM ET",UP,Up,2.0,0.36,,LOSS,NO,-2.0,Down,0xec0298108fa48649c65a65db8f79993f8ff5140894e1353424a6bd1a1690af23,89139373465651121091815525915032457893215963979447299479563586297770099151649
2026-04-17T09:35:36.059518+00:00,2026-04-17T09:44:54.963425+00:00,contrarian,"Bitcoin Up or Down - April 17, 5:35AM-5:40AM ET",UP,Up,2.0,0.33,,LOSS,NO,-2.0,Down,0xb5603cfa7ff1f975bb3585e723fec6faa31d2a04f0e0f24c866dc8303e3e0ad0,113470166482109169789370492602516915477569961296263149488100902852099592663882
2026-04-17T09:35:53.264930+00:00,2026-04-17T09:44:55.241648+00:00,contrarian,"Ethereum Up or Down - April 17, 5:35AM-5:40AM ET",UP,Up,2.0,0.39,,LOSS,NO,-2.0,Down,0x68e7a5e606d856409e7f529131270676249694c6de6e369feb5e94bb41113f2e,57364008264746292575260985581616562264803012530210348210970172780719184644021
2026-04-17T09:36:09.084264+00:00,2026-04-17T09:44:55.309777+00:00,contrarian,"XRP Up or Down - April 17, 5:35AM-5:40AM ET",UP,Up,2.0,0.38,,LOSS,NO,-2.0,Down,0x44cfc1805a1dfa27b03cae01f90c942420c9a08ea39a56bd0e6cdc8e4cf01876,111132550081795132873724184721415180883376120495685289860499658240336242521257
2026-04-17T09:35:36.085787+00:00,2026-04-17T09:45:55.230883+00:00,contrarian,"Solana Up or Down - April 17, 5:35AM-5:40AM ET",UP,Up,2.0,0.35,,LOSS,NO,-2.0,Down,0x940815d5228b9b35390db98b7a38a4f9f8c15a079dcf5c5925d2f3d45b07e365,86723183808490727019265944540463676051350657824357865480286701905434584207747
2026-04-17T09:40:39.264795+00:00,2026-04-17T09:49:57.386419+00:00,contrarian,"Bitcoin Up or Down - April 17, 5:40AM-5:45AM ET",DOWN,Down,2.0,0.34,,LOSS,NO,-2.0,,0x7c10420c02bfd12c0b55b1a9c8829db4374c5f9002e25b73557d48f6d750493f,7677860050045289455874962154603139061674786806544258761157810875264442050280
2026-04-17T09:40:55.426305+00:00,2026-04-17T09:50:58.357621+00:00,contrarian,"Ethereum Up or Down - April 17, 5:40AM-5:45AM ET",DOWN,Down,2.0,0.36,,LOSS,NO,-2.0,Up,0xd8daf9cf36e9e1042012009afd515433aab2f0757bc650e06669446cbab53396,46303956198026818396635937335446651030944238864638133554178032958515248815775
2026-04-17T09:40:58.529566+00:00,2026-04-17T09:50:58.400626+00:00,contrarian,"Solana Up or Down - April 17, 5:40AM-5:45AM ET",DOWN,Down,2.0,0.34,,LOSS,NO,-2.0,Up,0xc3c24db60a6ebffbe9044863ff980c994a5af4e5519d46782113489bcec93793,13193822525708926235590266849787940290898318121569178839484728189944770221467
2026-04-17T09:41:01.649488+00:00,2026-04-17T09:51:58.368673+00:00,contrarian,"XRP Up or Down - April 17, 5:40AM-5:45AM ET",DOWN,Down,2.0,0.39,,LOSS,NO,-2.0,Up,0x6d3966deacaa898cee720e4f330d3d35f8628d1e27cb70243ee654847496f24e,82228216179558975699163090362140230165869252652036058444207487561425142873235
2026-04-17T09:45:19.155296+00:00,2026-04-17T09:53:59.587526+00:00,contrarian,"XRP Up or Down - April 17, 5:45AM-5:50AM ET",UP,Up,2.0,0.38,,WIN,YES,3.2631578947368425,Up,0xce733098466781fa380755dd9aa9fdaded26a91ac167af999f55fb6156943f9f,74580726665332914464682977218847729069330167667024936375747018111207721943980
2026-04-17T09:45:51.037038+00:00,2026-04-17T09:53:59.747591+00:00,contrarian,"Bitcoin Up or Down - April 17, 5:45AM-5:50AM ET",UP,Up,2.0,0.39,,WIN,YES,3.1282051282051277,Up,0x128b6e434e3813ec29a2fd12340dd561d45b5ee4530470ca7d335ff9c08da881,69636324338073915464481814322183841729531289841170966900929127157884586053851
2026-04-17T09:45:54.161067+00:00,2026-04-17T09:53:59.908819+00:00,contrarian,"Ethereum Up or Down - April 17, 5:45AM-5:50AM ET",UP,Up,2.0,0.39,,WIN,YES,3.1282051282051277,Up,0xaa6ab7374e8f747ba37e1384911815eb1192c4d1118d6075e87667749c404317,26269903486838386671303660609293823093500523582720796197339293183852801632756
2026-04-17T09:46:03.528067+00:00,2026-04-17T09:54:00.075544+00:00,contrarian,"Solana Up or Down - April 17, 5:45AM-5:50AM ET",UP,Up,2.0,0.39,,WIN,YES,3.1282051282051277,Up,0x93c2ca46319ee509f9c81a49ba0adcacedcf802eb71fe841a0badeaa8f624839,30612372698693337100815287127653499285019376012790170295899883494945964102299
2026-04-17T09:50:26.055527+00:00,2026-04-17T09:58:02.333609+00:00,contrarian,"XRP Up or Down - April 17, 5:50AM-5:55AM ET",DOWN,Down,2.0,0.37,,LOSS,NO,-2.0,,0xc0796ca5a8bcbd92f01a77dfa2774b77bfdf1be68410fb5850b68e4426825eb6,51606376242411098615728964224503348370748226154020644219644676148642265382279
2026-04-17T09:51:04.700040+00:00,2026-04-17T10:00:04.022746+00:00,contrarian,"Ethereum Up or Down - April 17, 5:50AM-5:55AM ET",UP,Up,2.0,0.36,,WIN,YES,3.5555555555555554,Up,0x82001367c90744979287287c95a580257363500122f0e5d5bbcfc0263ba1323c,68265675787890892788526197230422960512361109938728819865516818091441531496616
2026-04-17T09:50:13.334182+00:00,2026-04-17T10:01:03.116001+00:00,contrarian,"Bitcoin Up or Down - April 17, 5:50AM-5:55AM ET",DOWN,Down,2.0,0.37,,LOSS,NO,-2.0,Up,0x3bd75a455887ae039feb85c2ddf8dc566fd80f9ee8ec7efd99d3ecfec30e719f,31193764491827534384900012250658153175270756721879555989177311690118706036509
2026-04-17T09:51:29.905601+00:00,2026-04-17T10:01:03.155065+00:00,contrarian,"Solana Up or Down - April 17, 5:50AM-5:55AM ET",DOWN,Down,2.0,0.39,,LOSS,NO,-2.0,Up,0x4d7f47dbede95708dc6fcd77db9cd69f02ff7743c232138c9ec289e8cda8a7e0,2524279563947763689657430560731294116584201133304252464074965356997169882917
2026-04-17T09:55:21.942324+00:00,2026-04-17T10:03:04.870832+00:00,contrarian,"Ethereum Up or Down - April 17, 5:55AM-6:00AM ET",DOWN,Down,2.0,0.38,,WIN,YES,3.2631578947368425,Down,0x8b70f8e8e51b371ecbbc4d2e56bf4ddf5e0a8cd27a2cec758fa0d41a61867166,85812038649887091239452303588927040933668476412375603029418623681815313947391
2026-04-17T09:55:53.146529+00:00,2026-04-17T10:03:05.079193+00:00,contrarian,"XRP Up or Down - April 17, 5:55AM-6:00AM ET",UP,Up,2.0,0.35,,LOSS,NO,-2.0,,0x228c190982e07979c264611606b25dca636a78a40893c8cdb404824b8e6f3410,94119965554428399103634812144838395585010633793448737792623776441535904520790
2026-04-17T09:55:21.909244+00:00,2026-04-17T10:05:04.794834+00:00,contrarian,"Solana Up or Down - April 17, 5:55AM-6:00AM ET",DOWN,Down,2.0,0.39,,LOSS,NO,-2.0,Up,0x2488144c50d5632adc844801ebc88fe368922f82a3d50da45442517eace891b7,72434906492460293407644802716337277371776925276379391501678239192880344562556
2026-04-17T09:55:53.121744+00:00,2026-04-17T10:06:05.331710+00:00,contrarian,"Bitcoin Up or Down - April 17, 5:55AM-6:00AM ET",UP,Up,2.0,0.34,,LOSS,NO,-2.0,Down,0xf7d3c629c74e20c6babd822a201c8e19a77cfc941435f64f9e79a06fbca950a4,106356132673239107760543814562006910814695018849550316859502261385008037876029
2026-04-17T10:00:02.983492+00:00,2026-04-17T10:09:07.174471+00:00,contrarian,"Ethereum Up or Down - April 17, 6:00AM-6:05AM ET",UP,Up,2.0,0.39,,WIN,YES,3.1282051282051277,Up,0xda632b64b0f75717ad65e24cd86072cab5a590981988ac8bcbf36d137dd9d9e6,32928816539454894504911374741207879784775740114706642149853028309468183846535
2026-04-17T10:00:06.380979+00:00,2026-04-17T10:09:07.670205+00:00,contrarian,"Solana Up or Down - April 17, 6:00AM-6:05AM ET",UP,Up,2.0,0.39,,LOSS,NO,-2.0,,0x69f6272627c0ef940898bf01c57d76456ab25a16901a2e3f25d917b647a58f3a,60742719109914405855299458696246605548772529220881430792002066534946327693961
2026-04-17T10:00:09.557506+00:00,2026-04-17T10:09:07.889551+00:00,contrarian,"Bitcoin Up or Down - April 17, 6:00AM-6:05AM ET",UP,Up,2.0,0.37,,WIN,YES,3.4054054054054053,Up,0x5bdeda7fe8a9b209c53d3b9bee36c17dd6c16910ca2fa75282737736b48d3b42,84953125906743264866915864027454043524831597468037117146567734332539891281286
2026-04-17T10:00:06.352301+00:00,2026-04-17T10:10:07.940234+00:00,contrarian,"XRP Up or Down - April 17, 6:00AM-6:05AM ET",UP,Up,2.0,0.34,,LOSS,NO,-2.0,Down,0xc27fbebfd30eaf34cf0a694b589be6f20b9d1a91ead70141d5481389e89e568f,82985382061264996210319408800173582677158061437808809357283045953254477153102
2026-04-17T10:05:32.530295+00:00,2026-04-17T10:14:10.857243+00:00,contrarian,"Bitcoin Up or Down - April 17, 6:05AM-6:10AM ET",DOWN,Down,2.0,0.38,,WIN,YES,3.2631578947368425,Down,0xd3d231db5d4e7b5b88638fd10664e96eb84276db6420dbf86d3389fe0ba66b6b,8238009230331556216178705962590921046279664299543544459929206923836663120865
2026-04-17T10:05:32.563031+00:00,2026-04-17T10:14:10.891700+00:00,contrarian,"XRP Up or Down - April 17, 6:05AM-6:10AM ET",UP,Up,2.0,0.29,,LOSS,NO,-2.0,Down,0x57ba92a9c65586825fb46f2b1fe0d859e31a217edfa204bff0c520bc10024591,9924406374384584548497388039488145682555768493385957933760711172470922683602
2026-04-17T10:05:35.801280+00:00,2026-04-17T10:14:11.296856+00:00,contrarian,"Ethereum Up or Down - April 17, 6:05AM-6:10AM ET",DOWN,Down,2.0,0.38,,WIN,YES,3.2631578947368425,Down,0x668e8ac2cd18edda31715e50f2e64c478ff3af5d4910815171ec338ca17d0fea,79125446064925790826714867036596486227159724369560344879151564754063362203870
2026-04-17T10:06:11.114810+00:00,2026-04-17T10:14:11.493164+00:00,contrarian,"Solana Up or Down - April 17, 6:05AM-6:10AM ET",DOWN,Down,2.0,0.39,,WIN,YES,3.1282051282051277,Down,0x62535b47da8738393c45a568c8393bd7eebc4dd770da5df336fcdee690020d3c,66118434338066254849118032517903682668588428085649414246814452332640999466495
2026-04-17T10:10:19.690488+00:00,2026-04-17T10:20:15.706898+00:00,contrarian,"Bitcoin Up or Down - April 17, 6:10AM-6:15AM ET",UP,Up,2.0,0.38,,LOSS,NO,-2.0,Down,0x6f68cf099ec8f238d3144caba056a7d840af3e8a8050e509db522bb13c754e2d,88991012107932813349059961141425338848156898573162541728819003490764095578609
2026-04-17T10:10:22.844364+00:00,2026-04-17T10:20:15.760533+00:00,contrarian,"XRP Up or Down - April 17, 6:10AM-6:15AM ET",UP,Up,2.0,0.31,,LOSS,NO,-2.0,Down,0x4953fa4bc085ab8d37bd1a1e4e576a959670ed73b4d37a7d9d46896291cec724,105196762404464371052527826947270208490495894156136970563034089832400982716438
2026-04-17T10:10:16.536856+00:00,2026-04-17T10:21:15.366722+00:00,contrarian,"Ethereum Up or Down - April 17, 6:10AM-6:15AM ET",UP,Up,2.0,0.39,,LOSS,NO,-2.0,Down,0x442334a45d943a96250b80b11b4979179053589e910e1150924dec28342d7514,64900781707547347425525439168455551503653208377212858549370744468122281551898
2026-04-17T10:10:10.087383+00:00,2026-04-17T10:22:15.279815+00:00,contrarian,"Solana Up or Down - April 17, 6:10AM-6:15AM ET",UP,Up,2.0,0.29,,LOSS,NO,-2.0,Down,0xe8032d156043638a6b40ab2fae4b51dd70567bd5e37d8398ed132719d6c9d2e7,100462935392953895592812408723292249345159005482347487325733867218134715938688
2026-04-17T10:15:45.118323+00:00,2026-04-17T10:23:16.129052+00:00,contrarian,"Solana Up or Down - April 17, 6:15AM-6:20AM ET",DOWN,Down,2.0,0.38,,WIN,YES,3.2631578947368425,Down,0xd3fe1c4b7cdc537a8ff43cab07b5960ffeecef29c37f602ec25a6664b081f881,17269719863503493986274234903901843624559216754998936676921983631967069173154
2026-04-17T10:15:54.483764+00:00,2026-04-17T10:24:17.038080+00:00,contrarian,"Bitcoin Up or Down - April 17, 6:15AM-6:20AM ET",DOWN,Down,2.0,0.36,,LOSS,NO,-2.0,Up,0xcc5cd299efb5bada57ce7608fc5ab4ea1ab4d6838570f4a00b87bdc5a1bb1845,30504641493152850985876961001926270026543256046975580061214988722532038968545
2026-04-17T10:15:54.510864+00:00,2026-04-17T10:24:17.071117+00:00,contrarian,"XRP Up or Down - April 17, 6:15AM-6:20AM ET",DOWN,Down,2.0,0.34,,LOSS,NO,-2.0,Up,0x613261c46e63af3b3016396f2897ec06cd3c77c395c05b5aeade458ff8d168b2,20911885795388592774627518068573323938888044851382072546637532763202292640823
2026-04-17T10:15:48.251346+00:00,2026-04-17T10:25:17.861590+00:00,contrarian,"Ethereum Up or Down - April 17, 6:15AM-6:20AM ET",DOWN,Down,2.0,0.35,,LOSS,NO,-2.0,Up,0xe9bee8962ed7743c391d703d54df2705d7580ce517ca34bc1ffc2dda166e84ec,6269064312923611183266676023171266616016284428804967485216285089201189492116
2026-04-17T10:20:03.351462+00:00,2026-04-17T10:28:19.903022+00:00,contrarian,"XRP Up or Down - April 17, 6:20AM-6:25AM ET",UP,Up,2.0,0.37,,LOSS,NO,-2.0,,0xcf0827d6f59b9c2b101023542cce3722a8a3929c6c9c73312e1c49237e999698,27083539582401032988622919214840295168940431327376077811822301699736333335051
2026-04-17T10:20:30.834272+00:00,2026-04-17T10:29:21.154260+00:00,contrarian,"Solana Up or Down - April 17, 6:20AM-6:25AM ET",DOWN,Down,2.0,0.37,,WIN,YES,3.4054054054054053,Down,0x8c5e3b003c5a4ee6a61cc0b58ea0b59a2274c01aa830d224fcd8ce894b41f6a9,21500170486922476071169446975797392441717406201444370176002819841921618221208
2026-04-17T10:20:21.351608+00:00,2026-04-17T10:30:21.317331+00:00,contrarian,"Bitcoin Up or Down - April 17, 6:20AM-6:25AM ET",DOWN,Down,2.0,0.39,,LOSS,NO,-2.0,Up,0x0a8623f3ff65a23485cb944af0acd483fabc6daa36bf6c6af76f08cbec29d64f,4904462961139985537516965072955455372474747256859014926578836443239782532071
2026-04-17T10:20:24.524040+00:00,2026-04-17T10:31:22.214732+00:00,contrarian,"Ethereum Up or Down - April 17, 6:20AM-6:25AM ET",DOWN,Down,2.0,0.37,,LOSS,NO,-2.0,Up,0x9f3a2e77eb4201d46424b7c90e2d0cbc95fb625c91172f02f1c6c6f44c70eedf,104834509572988633121624694120200280697148832842466597534261015175959109759386
2026-04-17T10:25:32.617881+00:00,2026-04-17T10:33:24.113465+00:00,contrarian,"Bitcoin Up or Down - April 17, 6:25AM-6:30AM ET",DOWN,Down,2.0,0.33,,WIN,YES,4.0606060606060606,Down,0x1401121303d4f2d0227e6ceb65da86b56bbd3ea4032048fe53d088882bdc176b,8388523922702457363813252986522103013760579416988720084504046289133266267082
2026-04-17T10:25:32.647890+00:00,2026-04-17T10:33:24.321794+00:00,contrarian,"Ethereum Up or Down - April 17, 6:25AM-6:30AM ET",DOWN,Down,2.0,0.35,,WIN,YES,3.7142857142857144,Down,0x6c6d34d5b8977643b6249c88bdb43283dea53557703c630f12d529f0b4538eb2,17832839121398973042942227822559138800765824822101651104264815326294680282942
2026-04-17T10:25:32.676141+00:00,2026-04-17T10:33:24.515165+00:00,contrarian,"Solana Up or Down - April 17, 6:25AM-6:30AM ET",DOWN,Down,2.0,0.39,,WIN,YES,3.1282051282051277,Down,0x049fda564e954bd387d36d25bd5c54cdf394b3398d4038a7461124ece9ca363f,39775897503730875932488696070544394189932078688162594910929643503176531053060
2026-04-17T10:25:32.709168+00:00,2026-04-17T10:33:24.719466+00:00,contrarian,"XRP Up or Down - April 17, 6:25AM-6:30AM ET",DOWN,Down,2.0,0.37,,WIN,YES,3.4054054054054053,Down,0xb103027d7b5d4e550797a7b8c2937a9fee227e67b30e98b99544a73922657eae,53288274965070350975928874477197608101604357226961804439351842940144784622690
2026-04-17T10:30:07.458368+00:00,2026-04-17T10:38:25.633977+00:00,contrarian,"XRP Up or Down - April 17, 6:30AM-6:35AM ET",UP,Up,2.0,0.36,,LOSS,NO,-2.0,Down,0x70b48b923dbda31429b0215cfaea3ef5938c5aa33e968ee47745ad01a885aa37,62105311906969164455317502327258953217186683466047010129635202775486962854091
2026-04-17T10:30:33.134881+00:00,2026-04-17T10:38:26.077051+00:00,contrarian,"Bitcoin Up or Down - April 17, 6:30AM-6:35AM ET",DOWN,Down,2.0,0.39,,LOSS,NO,-2.0,,0xf89aa1905883c9d8ce06b336f11d6e85fe9c3e9e9d4abe9439d9736d2863447d,27468837117708981390237861610084684564921692015762651725624534496887535835368
2026-04-17T10:30:39.398963+00:00,2026-04-17T10:38:26.177106+00:00,contrarian,"Ethereum Up or Down - April 17, 6:30AM-6:35AM ET",DOWN,Down,2.0,0.37,,LOSS,NO,-2.0,,0x699810190e2e481986fbf38967fb8e2eab7dbf7c103cdfe9d995d12b3c2fb0f5,58411890652264352336436550028384033238446282318960859501732955642444575432156
2026-04-17T10:30:20.252053+00:00,2026-04-17T10:40:26.658402+00:00,contrarian,"Solana Up or Down - April 17, 6:30AM-6:35AM ET",UP,Up,2.0,0.36,,LOSS,NO,-2.0,Down,0x8808e38cac65da0c5b919606abbc807ef3e3737730078f31b7c97f9f016e5a19,41879657098958887689404844840744175062533447638728327377146896347094236890166
2026-04-17T10:35:10.625228+00:00,2026-04-17T10:43:27.871118+00:00,contrarian,"Ethereum Up or Down - April 17, 6:35AM-6:40AM ET",DOWN,Down,2.0,0.38,,WIN,YES,3.2631578947368425,Down,0xd71978455575cb48b78487a08c123be2a6bc6c823c66d3da6b085879d0d99f04,72656033138395646271793702577479902305923108883763212530471811900685895277970
2026-04-17T10:35:13.755541+00:00,2026-04-17T10:43:28.122339+00:00,contrarian,"Bitcoin Up or Down - April 17, 6:35AM-6:40AM ET",DOWN,Down,2.0,0.38,,WIN,YES,3.2631578947368425,Down,0x27202edba33b24125f47605cc0f4f81bbac768152e2de98c6b4930010dd94d8a,29197193556011913389343885533127215028135231625323305079367483359278632800973
2026-04-17T10:35:20.154619+00:00,2026-04-17T10:43:28.452599+00:00,contrarian,"XRP Up or Down - April 17, 6:35AM-6:40AM ET",DOWN,Down,2.0,0.38,,WIN,YES,3.2631578947368425,Down,0x21a9de083bf262bf817fbf608d15545a44b2022c919db80793b67ffced753f77,39211570791706361276129618575874803230283390047525816083450620472204223356660
2026-04-17T10:35:13.780483+00:00,2026-04-17T10:45:28.986532+00:00,contrarian,"Solana Up or Down - April 17, 6:35AM-6:40AM ET",DOWN,Down,2.0,0.37,,WIN,YES,3.4054054054054053,Down,0x801f2ce2e220f457de9b9b986cce0f12af778adb79e777143c954ace7940a722,52701790336926532736006750928526634982278729677090638868608986714051896905481
2026-04-17T10:40:05.236584+00:00,2026-04-17T10:47:29.951875+00:00,contrarian,"XRP Up or Down - April 17, 6:40AM-6:45AM ET",DOWN,Down,2.0,0.39,,WIN,YES,3.1282051282051277,Down,0x38b2ee03f8b6594f46ff1017414ce916bec82773d212e1fcd3daddf038616c6b,17759801376969336564522956860779582859151648383913538635699245774024095286209
2026-04-17T10:40:05.270943+00:00,2026-04-17T10:47:30.182748+00:00,contrarian,"Solana Up or Down - April 17, 6:40AM-6:45AM ET",DOWN,Down,2.0,0.39,,WIN,YES,3.1282051282051277,Down,0xa52c16a4063440b864671522a31ce734c78bd0300ddfc967560d7d5770f89033,6266711729903569535093759952222107761083937546685888736679655439212916459781
2026-04-17T10:40:48.138681+00:00,2026-04-17T10:50:32.053259+00:00,contrarian,"Ethereum Up or Down - April 17, 6:40AM-6:45AM ET",UP,Up,2.0,0.37,,LOSS,NO,-2.0,Down,0xade79b382750dfd7e73cf932470581472481b4a7850b25c7ab53c9312e5b60db,114671307327415901812958819471054849115387665875184783829798764301419634262381
2026-04-17T10:40:05.207701+00:00,2026-04-17T10:51:32.089903+00:00,contrarian,"Bitcoin Up or Down - April 17, 6:40AM-6:45AM ET",DOWN,Down,2.0,0.37,,WIN,YES,3.4054054054054053,Down,0x8356090ff976c3d8babafcda1dcb907acf122aea16f075dbd4a715a9f0f62e34,48496738121940566131500653835716969500765963641689082551354933257309662796230
2026-04-17T10:45:04.735411+00:00,2026-04-17T10:53:33.452121+00:00,contrarian,"Solana Up or Down - April 17, 6:45AM-6:50AM ET",DOWN,Down,2.0,0.39,,LOSS,NO,-2.0,Up,0x4197244fa83ef8794f8358042f35af887873a5ad6385533533cf9ce7426758b6,110255636151623912077480298095183311432061924546839348374521889399673714879002
2026-04-17T10:45:27.427111+00:00,2026-04-17T10:53:33.590045+00:00,contrarian,"Ethereum Up or Down - April 17, 6:45AM-6:50AM ET",DOWN,Down,2.0,0.39,,LOSS,NO,-2.0,Up,0x28014ec4dee31eccb8f130ddb673b19755c43b17dbf8f2fdc78d4f297b6c831d,13905540001322097017700274006669655979526577003636522460293624520361627331568
2026-04-17T10:45:50.057414+00:00,2026-04-17T10:53:34.082592+00:00,contrarian,"Bitcoin Up or Down - April 17, 6:45AM-6:50AM ET",UP,Up,2.0,0.37,,WIN,YES,3.4054054054054053,Up,0xc1abc4db1902388bf0d5b05a7cb069f16852b411f60951dfc466553d9a1b9dc1,79851853781985414395715904298050079279944285374038111148067439895274026809093
2026-04-17T10:45:34.129173+00:00,2026-04-17T10:55:35.399408+00:00,contrarian,"XRP Up or Down - April 17, 6:45AM-6:50AM ET",DOWN,Down,2.0,0.35,,LOSS,NO,-2.0,Up,0x13b4d2eb03f1f866e54ae3a2fdfa79bad1ddeaf9df4245f11321fab507a48076,6915537048023747970283506221178384243793859716655414666362134108294829691270
2026-04-17T10:50:28.371683+00:00,2026-04-17T10:57:37.175243+00:00,contrarian,"Bitcoin Up or Down - April 17, 6:50AM-6:55AM ET",UP,Up,2.0,0.39,,LOSS,NO,-2.0,,0x9e337108d28da7cd1e3653e06f469e73edfb54f9f896123675231e3db124dad5,7507816215916947214684134300393916693335359730594544436008106188642153730146
2026-04-17T10:50:35.104368+00:00,2026-04-17T10:57:37.649526+00:00,contrarian,"XRP Up or Down - April 17, 6:50AM-6:55AM ET",UP,Up,2.0,0.38,,WIN,YES,3.2631578947368425,Up,0x3a3749a14d3abcb5b9ecc053641b72ea9f8208bc6da3014ee4a8c43dda058871,109817731859893197778514964652967601997945840757637550285957977772095348663404
2026-04-17T10:50:28.403641+00:00,2026-04-17T10:59:37.647854+00:00,contrarian,"Ethereum Up or Down - April 17, 6:50AM-6:55AM ET",UP,Up,2.0,0.39,,WIN,YES,3.1282051282051277,Up,0x55f2e1566ce195431e29873f7d0e5d11388fff9d3f23fb329d92c4e268563b12,112450709283959886491850829941247333461377105599038605101218034597980270638248
2026-04-17T10:50:35.070262+00:00,2026-04-17T11:01:38.103491+00:00,contrarian,"Solana Up or Down - April 17, 6:50AM-6:55AM ET",UP,Up,2.0,0.37,,WIN,YES,3.4054054054054053,Up,0x7991491065f3500494eebc12f0a33b9cb7b9b94fe6facf78d2844e8ea1e1bb27,111079357234058991359247465824627221536797007748309436105147708189724219154416
2026-04-17T10:55:37.167824+00:00,2026-04-17T11:03:39.173620+00:00,contrarian,"XRP Up or Down - April 17, 6:55AM-7:00AM ET",DOWN,Down,2.0,0.39,,WIN,YES,3.1282051282051277,Down,0x178362f04241c4d1aef8ee91d40e2229f35f63f2f20846608049486e159e8560,67065389607668222822103956920865203658545615836818670408883569760377652695702
2026-04-17T10:55:43.370114+00:00,2026-04-17T11:05:39.209053+00:00,contrarian,"Ethereum Up or Down - April 17, 6:55AM-7:00AM ET",DOWN,Down,2.0,0.36,,LOSS,NO,-2.0,Up,0xc0be7dd11b3671f1a497edbf4d7903e065913177a509d8a03fbbb26ca05d6ebf,6007465327591896437128120521431341043507372322956089713907928559242648851065
2026-04-17T10:55:56.230774+00:00,2026-04-17T11:05:39.683719+00:00,contrarian,"Bitcoin Up or Down - April 17, 6:55AM-7:00AM ET",DOWN,Down,2.0,0.37,,WIN,YES,3.4054054054054053,Down,0x4a1a3591ad7c9c2dfdbfe2a30007f1e13644664674cc0f8daa33801f256acfd0,106919481689624655511386176235273126295999511266507563500821329674088763950573
2026-04-17T10:55:43.398109+00:00,2026-04-17T11:06:39.601431+00:00,contrarian,"Solana Up or Down - April 17, 6:55AM-7:00AM ET",DOWN,Down,2.0,0.38,,LOSS,NO,-2.0,Up,0x34689860401f90597a50c466aa7634f7e7ca2c57cfd36e0b66cefa22d15ff7cd,60447932304878731637769435443645037857066145562404971538158200863354271217183
2026-04-17T11:00:26.296084+00:00,2026-04-17T11:08:40.809129+00:00,contrarian,"Solana Up or Down - April 17, 7:00AM-7:05AM ET",UP,Up,2.0,0.39,,WIN,YES,3.1282051282051277,Up,0x0d95dd0777a8f142d5e15915cc61a85c7616b10540d2e9bb2acd8db7d7077dff,64199409449340390526165911826953194030172618058403037746979191348053915069201
2026-04-17T11:00:32.637339+00:00,2026-04-17T11:08:41.006519+00:00,contrarian,"Bitcoin Up or Down - April 17, 7:00AM-7:05AM ET",UP,Up,2.0,0.33,,WIN,YES,4.0606060606060606,Up,0xa7645e538196516739c3263530849035f6fe3712d020efe4448e5275e39235a0,23855816234451090434040652732950419730732570835303150008496477699959872649817
2026-04-17T11:00:32.663974+00:00,2026-04-17T11:08:41.243208+00:00,contrarian,"Ethereum Up or Down - April 17, 7:00AM-7:05AM ET",UP,Up,2.0,0.37,,WIN,YES,3.4054054054054053,Up,0x0cb0d09f24f94c56f070a58e2386945d8938e70f2b993f8f29a1046abe9f69fc,106415172298576613302630839593301569837182068435851295966592981363433708304317
2026-04-17T11:01:01.456319+00:00,2026-04-17T11:09:41.743751+00:00,contrarian,"XRP Up or Down - April 17, 7:00AM-7:05AM ET",DOWN,Down,2.0,0.36,,LOSS,NO,-2.0,Up,0xca127fafda3aeef80616ac42e0d8841a72749d182958c7a3af87dfdf2def69b8,71394807538835687889955356828018603630366584134164519902731866804702708355066
2026-04-17T11:05:47.951500+00:00,2026-04-17T11:13:45.605614+00:00,contrarian,"Solana Up or Down - April 17, 7:05AM-7:10AM ET",UP,Up,2.0,0.37,,WIN,YES,3.4054054054054053,Up,0x7cd1875e21b37d4e05973eaadf88eaae81171e239caf80d6e0ce0b43f08cba0e,33710836082803273821666000782004974846904197322338364491397307786610941823536
2026-04-17T11:06:12.683798+00:00,2026-04-17T11:13:45.694561+00:00,contrarian,"XRP Up or Down - April 17, 7:05AM-7:10AM ET",UP,Up,2.0,0.39,,LOSS,NO,-2.0,,0x1298f61f125cc1618948a8f2769c594aae9e9648b703e3783d5444283951817c,104844471531558451530122382938512815521446842910492755503728771955899153645162
2026-04-17T11:05:33.593357+00:00,2026-04-17T11:14:45.895715+00:00,contrarian,"Ethereum Up or Down - April 17, 7:05AM-7:10AM ET",DOWN,Down,2.0,0.37,,LOSS,NO,-2.0,Up,0xc8ec7426e1cd2f825b6e5b51854b754d068827546edfd0f7c1324d8010cf3f37,77159933553065977350703546122968027273286758068693744441929499125351240071131
2026-04-17T11:05:27.399720+00:00,2026-04-17T11:15:46.611272+00:00,contrarian,"Bitcoin Up or Down - April 17, 7:05AM-7:10AM ET",DOWN,Down,2.0,0.37,,LOSS,NO,-2.0,Up,0x41849adeca5574be7fef50e6f56c0619a1ab5bc20b901584c6217dd6082f9ff0,35460370781645769504365014856062782298289446599246818682879475026259914333464
2026-04-17T11:11:37.986768+00:00,2026-04-17T11:18:48.189101+00:00,contrarian,"Solana Up or Down - April 17, 7:10AM-7:15AM ET",DOWN,Down,2.0,0.28,,WIN,YES,5.142857142857142,Down,0x1dfa4ebc47cab14b3e1a3e538f555dc0f4b18e08f92fa2047ce0708951376b57,87390024246640234359087486877683495441668579398598829189518361931138635415843
2026-04-17T11:10:29.693883+00:00,2026-04-17T11:20:49.621975+00:00,contrarian,"Ethereum Up or Down - April 17, 7:10AM-7:15AM ET",UP,Up,2.0,0.36,,LOSS,NO,-2.0,Down,0x0f12881b6e6fe3c0bdab9df7e692a3b9a87941cde8e045e9f8cf910ab979b06a,92670509645707134537583122476482659323282543177015886684973209318496231790789
2026-04-17T11:11:38.010507+00:00,2026-04-17T11:20:49.809777+00:00,contrarian,"XRP Up or Down - April 17, 7:10AM-7:15AM ET",DOWN,Down,2.0,0.27,,WIN,YES,5.4074074074074066,Down,0x05d87ffdfa94dd252afecce0aa0cc108d2cc169c054d6545aa2e9ec41eec08e3,38971786388301262310612848053017422060328698923036305689663362082914389356816
2026-04-17T11:10:29.670897+00:00,2026-04-17T11:21:49.643022+00:00,contrarian,"Bitcoin Up or Down - April 17, 7:10AM-7:15AM ET",UP,Up,2.0,0.36,,LOSS,NO,-2.0,Down,0x42563462a645ee6fe3817845b8e56ea7d1b48eb25cef18376b21015db0c98aa6,38302199664151756680260635484782410600586985702772870798331036388764282571126
2026-04-17T11:15:05.853564+00:00,2026-04-17T11:23:51.134719+00:00,contrarian,"XRP Up or Down - April 17, 7:15AM-7:20AM ET",UP,Up,2.0,0.27,,WIN,YES,5.4074074074074066,Up,0xd96311558dcfcf743febd68f0d027da5d887778fbb3af7666ea650f5ba80c440,72822673770590941664476096250091178553362945777575035255598315486030210477710
2026-04-17T11:15:12.108958+00:00,2026-04-17T11:24:50.987391+00:00,contrarian,"Solana Up or Down - April 17, 7:15AM-7:20AM ET",DOWN,Down,2.0,0.38,,LOSS,NO,-2.0,Up,0x31acaf747a01c5029070f0bb1b584176439c70d17ba2d9eadb40b23964f1c9a3,113210765487939238506659992287814608909198647623952317680996648912982456489569
2026-04-17T11:15:18.815929+00:00,2026-04-17T11:24:51.030286+00:00,contrarian,"Ethereum Up or Down - April 17, 7:15AM-7:20AM ET",DOWN,Down,2.0,0.3,,LOSS,NO,-2.0,Up,0x25e1d69f01bedaab954d6e077dac4cf5369c0efecedc185f3edcb99d2a634fe2,73967076623953272463405153027670320242232961525971698165211187518819789858410
2026-04-17T11:15:18.872327+00:00,2026-04-17T11:24:51.068744+00:00,contrarian,"Bitcoin Up or Down - April 17, 7:15AM-7:20AM ET",DOWN,Down,2.0,0.39,,LOSS,NO,-2.0,Up,0xc48e43bdb271e6a398000aff8ff271e3ee1cedb115dc680fb12381e9e23f1717,53288050117433668182766501711645720544554934104705712347978587574828718669028
2026-04-17T11:20:04.518557+00:00,2026-04-17T11:29:54.002896+00:00,contrarian,"Ethereum Up or Down - April 17, 7:20AM-7:25AM ET",UP,Up,2.0,0.38,,WIN,YES,3.2631578947368425,Up,0x6d9d052e07ea698df4ba6c260744bd7b76f966edbf53eac78a4d492c36463072,62441017952363123773911239412383621402007409593737946979910313903076676150563
2026-04-17T11:20:07.651457+00:00,2026-04-17T11:29:54.326044+00:00,contrarian,"Solana Up or Down - April 17, 7:20AM-7:25AM ET",UP,Up,2.0,0.37,,WIN,YES,3.4054054054054053,Up,0x90eee6c6e4065cdd4bbf93653fe0213de98ffd77946764fafd11eba9ce9139ab,83623476923690717973662228514776877625501756201002823948256349443398931785632
2026-04-17T11:20:13.880257+00:00,2026-04-17T11:29:54.495461+00:00,contrarian,"Bitcoin Up or Down - April 17, 7:20AM-7:25AM ET",UP,Up,2.0,0.37,,WIN,YES,3.4054054054054053,Up,0x9b2c41e50653882fde011d4bde8b7bea6e3cb9a1ffcd61b4c98f0cbd0f9f06d0,87435304004467423739706657469607209806022194441839489278621370049628314903090
2026-04-17T11:20:13.908621+00:00,2026-04-17T11:29:54.658352+00:00,contrarian,"XRP Up or Down - April 17, 7:20AM-7:25AM ET",UP,Up,2.0,0.31,,WIN,YES,4.451612903225807,Up,0x3b98369613f346b0f7a143766ce878f3e7d86aa1024d433c3d397918391a7d9c,100029253348580909694946572146125630160642108506308629853271614987606899296831
2026-04-17T11:25:07.147425+00:00,2026-04-17T11:32:56.025758+00:00,contrarian,"Ethereum Up or Down - April 17, 7:25AM-7:30AM ET",DOWN,Down,2.0,0.39,,WIN,YES,3.1282051282051277,Down,0xd9c0877044d05e5c55a3d7a8d64f86f817eba2a44b4df79fe30fdf7279e9d543,44873828318323163954373414095662000006306237180590215147839530105568327745601
2026-04-17T11:26:09.565984+00:00,2026-04-17T11:32:56.516722+00:00,contrarian,"Solana Up or Down - April 17, 7:25AM-7:30AM ET",DOWN,Down,2.0,0.35,,WIN,YES,3.7142857142857144,Down,0x0a2584ff82c4645bea7993d4f2786ea42ae52058fd6f4313b14dd0bd74d69ca0,66411061971883341980058334094373392695125706097594909610172698853869886064756
2026-04-17T11:25:07.188467+00:00,2026-04-17T11:35:56.835649+00:00,contrarian,"XRP Up or Down - April 17, 7:25AM-7:30AM ET",DOWN,Down,2.0,0.28,,LOSS,NO,-2.0,Up,0x8457cd3c9364803f57a1bbb8aea9713340e8ea838dcc12a0351d8dcd7b24369c,45095587925165383063199313465432727166840128711417869312269039362915448683952
2026-04-17T11:25:10.316731+00:00,2026-04-17T11:36:57.429258+00:00,contrarian,"Bitcoin Up or Down - April 17, 7:25AM-7:30AM ET",DOWN,Down,2.0,0.38,,LOSS,NO,-2.0,Up,0x39ac968e7c3f1664e808c29bdb3618bd6c20cb8f468a7d038cb40702f7cb592e,62668465077460625877040007670594712466557318009733981079678464394088182452021
2026-04-17T11:30:06.630382+00:00,2026-04-17T11:38:58.425657+00:00,contrarian,"XRP Up or Down - April 17, 7:30AM-7:35AM ET",DOWN,Down,2.0,0.99,,LOSS,NO,-2.0,Up,0x3ca2265f84ccd81feae0cb470bb1dcc6e8f98d6369430b5b388e608d2416da45,7842964035978851558198766672080488521917214221283294915756922353249224963922
2026-04-17T11:30:10.723647+00:00,2026-04-17T11:38:58.746622+00:00,contrarian,"Ethereum Up or Down - April 17, 7:30AM-7:35AM ET",DOWN,Down,2.0,0.34,,LOSS,NO,-2.0,Up,0x5e0aa026be3a7a43ac41343d465b4074893e70797fe64c7c756646d2a0d1ec48,112629224787701515077610067848151537865340569615654916948892462356813405390558
2026-04-17T11:30:10.670585+00:00,2026-04-17T11:39:59.226396+00:00,contrarian,"Bitcoin Up or Down - April 17, 7:30AM-7:35AM ET",DOWN,Down,2.0,0.35,,LOSS,NO,-2.0,Up,0x12f901a8f69c5a099192c2f6e6cdb23f4aa21dc201fdd62d719481607ebfa052,14132082761830508460473377068944741838229749601629136655913412125876481557517
2026-04-17T11:30:13.924295+00:00,2026-04-17T11:39:59.274894+00:00,contrarian,"Solana Up or Down - April 17, 7:30AM-7:35AM ET",DOWN,Down,2.0,0.4,,LOSS,NO,-2.0,Up,0xe269d928cd5fe14c90a3cd6c22d0ef0a7366a618d7c57017cb42704bf174e5ee,28169168028178169162307741426218303669789652207843688689307603283798383921854
2026-04-17T11:35:05.822953+00:00,2026-04-17T11:43:02.169108+00:00,contrarian,"XRP Up or Down - April 17, 7:35AM-7:40AM ET",UP,Up,2.0,0.36,,WIN,YES,3.5555555555555554,Up,0xedb3284e722f6c104e94abd5b172532dc557cb1436aa56334bf641e36805bcae,93509426721846697977710510424018848720436898746322138556526690082792222736320
2026-04-17T11:35:08.922075+00:00,2026-04-17T11:45:02.083364+00:00,contrarian,"Ethereum Up or Down - April 17, 7:35AM-7:40AM ET",UP,Up,2.0,0.36,,LOSS,NO,-2.0,Down,0x3f729101cfdf98548bb4652fc67470906ddd95dc36bab96d90613ee634654987,6330630289846483226527835550810019776673503164396771847087731859546385480904
2026-04-17T11:35:12.057161+00:00,2026-04-17T11:45:02.805278+00:00,contrarian,"Bitcoin Up or Down - April 17, 7:35AM-7:40AM ET",UP,Up,2.0,0.31,,LOSS,NO,-2.0,Down,0x0d16b7a2e8eac6fa3c06031f764c51e5b70e1fca04a9c6fe24a6eae4b630b040,47244507784586455445305941419391093735256401089810274107547590965375721498677
2026-04-17T11:35:08.948603+00:00,2026-04-17T11:46:02.136155+00:00,contrarian,"Solana Up or Down - April 17, 7:35AM-7:40AM ET",UP,Up,2.0,0.39,,LOSS,NO,-2.0,Down,0xe5f2119e1b14c4892af6951a21aa63bcecd7a5240b446ace56090336027536ae,26257606854057554952771279637443243512468536320553095895974801512309787517776
2026-04-17T11:40:14.489747+00:00,2026-04-17T11:49:03.662630+00:00,contrarian,"Solana Up or Down - April 17, 7:40AM-7:45AM ET",DOWN,Down,2.0,0.38,,WIN,YES,3.2631578947368425,Down,0x32e5d43ec2fef0c67ecf509b4af0d7eb700406a85b7e51c471a47ab4cf612116,60961688839210660218176366809973650858167457602651789810317369453158646198004
2026-04-17T11:40:17.588895+00:00,2026-04-17T11:49:03.920357+00:00,contrarian,"Ethereum Up or Down - April 17, 7:40AM-7:45AM ET",DOWN,Down,2.0,0.39,,WIN,YES,3.1282051282051277,Down,0x54ce6db57c5467cf6ccfdf52a12778c62a61eef80973c14ac26502b9e0ec9e1f,16761628167880016272299826607645287615884188595260665429557248132393729070713
2026-04-17T11:40:33.026999+00:00,2026-04-17T11:50:03.660090+00:00,contrarian,"XRP Up or Down - April 17, 7:40AM-7:45AM ET",UP,Up,2.0,0.37,,LOSS,NO,-2.0,Down,0x701f8450b94e9b33a20f2ffccf665755745f26c339bc974a1e362e3e481775f3,51203091073336984160581136298921103594218277851634134368911835222747305218319
2026-04-17T11:40:29.905511+00:00,2026-04-17T11:52:04.443759+00:00,contrarian,"Bitcoin Up or Down - April 17, 7:40AM-7:45AM ET",DOWN,Down,2.0,0.33,,WIN,YES,4.0606060606060606,Down,0x2c5eb4515359591e4930f89598ee3830139de79cabb19e9bbf132b877e44a020,9834362507107470420984246530446116309872969112473838533670243716224194945824
2026-04-17T11:45:11.844050+00:00,2026-04-17T11:53:05.943482+00:00,contrarian,"Solana Up or Down - April 17, 7:45AM-7:50AM ET",UP,Up,2.0,0.2,,WIN,YES,8.0,Up,0x78b049ee33f2a31e8ab1859dbdf0a5981027fc0f9a87196f90a5360621328da9,107580624494282819986388822349972978040790323668557013768298043677577360205307
2026-04-17T11:45:30.928970+00:00,2026-04-17T11:53:05.977585+00:00,contrarian,"Bitcoin Up or Down - April 17, 7:45AM-7:50AM ET",DOWN,Down,2.0,0.38,,LOSS,NO,-2.0,Up,0xc009a249cd8756fd95b216234bb9d01efaa45049f7c1702dbd5ebe8e0cd9db46,44494361534523206978740467316831548453588075308786894440055634444069625350831
2026-04-17T11:45:30.959096+00:00,2026-04-17T11:54:05.455870+00:00,contrarian,"Ethereum Up or Down - April 17, 7:45AM-7:50AM ET",DOWN,Down,2.0,0.35,,LOSS,NO,-2.0,Up,0x4e7ea9e288cd76084fb156f1cd644a254901af66262629745a545aa993df3552,6418042232975489819445326523410483886141662783151571564336717803936514610428
2026-04-17T11:46:08.555905+00:00,2026-04-17T11:55:05.730384+00:00,contrarian,"XRP Up or Down - April 17, 7:45AM-7:50AM ET",DOWN,Down,2.0,0.33,,LOSS,NO,-2.0,Up,0x7b6267f9d3c30f7663846ebe6f497f86d4cf4105536de47487de81a75001fda4,24607697937096653093553927054990573745502488244736868981517781064013306061070
2026-04-17T11:50:46.797412+00:00,2026-04-17T11:59:07.766660+00:00,contrarian,"XRP Up or Down - April 17, 7:50AM-7:55AM ET",DOWN,Down,2.0,0.34,,LOSS,NO,-2.0,Up,0x8144bb05f7eee974dd908094cadd5e23e9a6e6fe0c6ce5b581b7607d926c3b17,77306042988117891636447730032023437320261072128385731183341003504575109846973
2026-04-17T11:50:40.554072+00:00,2026-04-17T12:00:07.379560+00:00,contrarian,"Ethereum Up or Down - April 17, 7:50AM-7:55AM ET",DOWN,Down,2.0,0.36,,LOSS,NO,-2.0,Up,0xc77eb01429e4d8c5e2643f340fa48809b32351ddd8167ea8858ad0395e00ce9e,103187448207247432087626195194815937174198406171964893672844316514102624780061
2026-04-17T11:50:40.585816+00:00,2026-04-17T12:01:08.335946+00:00,contrarian,"Solana Up or Down - April 17, 7:50AM-7:55AM ET",DOWN,Down,2.0,0.38,,LOSS,NO,-2.0,Up,0x7d2db0dd6b949d5793f371212aafc47b028d4084afd0c0641154c11661d0bdb9,31307858517513490757853913732503726533055942895006891031942990905995461354169
2026-04-17T11:50:46.763855+00:00,2026-04-17T12:01:08.381566+00:00,contrarian,"Bitcoin Up or Down - April 17, 7:50AM-7:55AM ET",DOWN,Down,2.0,0.35,,LOSS,NO,-2.0,Up,0x7ecc6262e274dde4a27a4d3d3e56a0c153fc6ac2a67d41e4b0aa27994fa72290,18013910592701479809765728938147386534000323473172758062922527101091284180949
2026-04-17T11:55:02.580509+00:00,2026-04-17T12:03:10.646756+00:00,contrarian,"XRP Up or Down - April 17, 7:55AM-8:00AM ET",UP,Up,2.0,0.35,,WIN,YES,3.7142857142857144,Up,0x0983f67d3c624b5c36c35bae23036ca2ca6644fe247be835894424a051df9f2e,70261725894020294537469460363321183541466269019487521435950762798528341044357
2026-04-17T11:55:18.208614+00:00,2026-04-17T12:03:10.878959+00:00,contrarian,"Ethereum Up or Down - April 17, 7:55AM-8:00AM ET",UP,Up,2.0,0.37,,WIN,YES,3.4054054054054053,Up,0xaf7aa1f79883fa8287fb82c72263e9b0d18d4ef47d647602201f06375327c43d,16364739771203498538567066996632894008730903467737343517613837243697374600023
2026-04-17T11:55:18.245573+00:00,2026-04-17T12:03:10.965343+00:00,contrarian,"Solana Up or Down - April 17, 7:55AM-8:00AM ET",UP,Up,2.0,0.39,,LOSS,NO,-2.0,,0xf8fbbe58607c1094620f202a154708dda9513e78a6dd335ecce32ee152772b85,113613218896079552263417592495168478361123994470859967790146441427213736212754
2026-04-17T11:55:18.289255+00:00,2026-04-17T12:03:11.174703+00:00,contrarian,"Bitcoin Up or Down - April 17, 7:55AM-8:00AM ET",UP,Up,2.0,0.36,,WIN,YES,3.5555555555555554,Up,0x291f8d07c3d874ddc1965d49c5e4d1f34a9fd5714d555ccd0a9feeef25713d77,13807106229391425134063078150070546525544364373766371459141500390302424043484
2026-04-17T12:00:05.273839+00:00,2026-04-17T12:08:13.760612+00:00,contrarian,"Ethereum Up or Down - April 17, 8:00AM-8:05AM ET",DOWN,Down,2.0,0.31,,WIN,YES,4.451612903225807,Down,0xb8150064b1316506d0d253c45e347b1eb743af31fa6eb363c149fb395bb6a0cd,27950850952867755848876039952036385112877101050448270526556524689591183507413
2026-04-17T12:00:10.065028+00:00,2026-04-17T12:08:14.126760+00:00,contrarian,"XRP Up or Down - April 17, 8:00AM-8:05AM ET",DOWN,Down,2.0,0.38,,WIN,YES,3.2631578947368425,Down,0x1361261919c9e0408ded0beb274f8ce12bab31bd44585a58e1ad922a11ed35d5,18503344617034271869621851617724879529498892830234915290847776932421021797887
2026-04-17T12:00:10.021129+00:00,2026-04-17T12:09:13.870021+00:00,contrarian,"Bitcoin Up or Down - April 17, 8:00AM-8:05AM ET",DOWN,Down,2.0,0.37,,WIN,YES,3.4054054054054053,Down,0x21b03dac6af143aded9e87290ca4992130ab6ee4869da5a5550444ecdad7bc6d,72073386720180130976920185896552205256368139693011121023491421314405365561345
2026-04-17T12:00:05.229641+00:00,2026-04-17T12:10:14.337893+00:00,contrarian,"Solana Up or Down - April 17, 8:00AM-8:05AM ET",DOWN,Down,2.0,0.29,,WIN,YES,4.8965517241379315,Down,0xd8c882c3bf64dacb59cea696cbf08c218225abdffb724614a55f9a1626076917,49274592386985574012352281943575796025888811114082342215946792263634280285593
2026-04-17T12:05:08.965709+00:00,2026-04-17T12:14:15.694158+00:00,contrarian,"XRP Up or Down - April 17, 8:05AM-8:10AM ET",DOWN,Down,2.0,0.39,,LOSS,NO,-2.0,Up,0x273574b6cff18fe2b5646d4e79d0bbfad21f3ba5bbd3d7653325a3725ce3218a,5497932776283182527650153653625091609949248032586261287972167476271230577325
2026-04-17T12:05:05.704478+00:00,2026-04-17T12:15:15.811134+00:00,contrarian,"Solana Up or Down - April 17, 8:05AM-8:10AM ET",DOWN,Down,2.0,0.37,,LOSS,NO,-2.0,Up,0x3207f68ba701ff938f22805a2e07d7b11d3c2fd2e0eec4c787f350d3b05106a2,81762473079464973407085575239789058864657456503958543815591385044222040538270
2026-04-17T12:05:05.632428+00:00,2026-04-17T12:16:15.679507+00:00,contrarian,"Ethereum Up or Down - April 17, 8:05AM-8:10AM ET",DOWN,Down,2.0,0.39,,LOSS,NO,-2.0,Up,0xe4888d4279b2099cf1ae3b5ffbba7295aacb0af9d12022bd2856808414cfcce4,108480315790864115305570864099216468739635501483188267972617952214252304233158
2026-04-17T12:05:13.628672+00:00,2026-04-17T12:16:15.718285+00:00,contrarian,"Bitcoin Up or Down - April 17, 8:05AM-8:10AM ET",DOWN,Down,2.0,0.38,,LOSS,NO,-2.0,Up,0x07843c418524a13e91ed158ecfbc32fe87b6a8a38d6e91598791fb5b40637340,45992038170627304410646143801905268090152371987307094714224721286264748610631
2026-04-17T12:10:39.676413+00:00,2026-04-17T12:18:17.387313+00:00,contrarian,"Bitcoin Up or Down - April 17, 8:10AM-8:15AM ET",UP,Up,2.0,0.38,,LOSS,NO,-2.0,,0xac80dc3beaab283bbea526830018a773679bc876761b6ddb431357983ac900e2,91156174922127949951287320783999727708663866390730613674616494342025361849184
2026-04-17T12:10:04.580357+00:00,2026-04-17T12:20:18.738084+00:00,contrarian,"XRP Up or Down - April 17, 8:10AM-8:15AM ET",DOWN,Down,2.0,0.32,,LOSS,NO,-2.0,Up,0xbd8cea8766c10fdd4dea46c4bc4ac31fbe68ce02e98812517f807b58537b1570,45298224022570143010354926923514716526312867466819014960565883095905431205186
2026-04-17T12:11:48.551082+00:00,2026-04-17T12:20:19.311541+00:00,contrarian,"Solana Up or Down - April 17, 8:10AM-8:15AM ET",DOWN,Down,2.0,0.39,,WIN,YES,3.1282051282051277,Down,0xdad43754745056b26d606dd1509369ffe62fd1b8063607031eec8f6d28eaabd6,108845575788088095036840455760264512942114107965416402748611393452560342074532
2026-04-17T12:10:39.706518+00:00,2026-04-17T12:21:19.903107+00:00,contrarian,"Ethereum Up or Down - April 17, 8:10AM-8:15AM ET",UP,Up,2.0,0.37,,WIN,YES,3.4054054054054053,Up,0x9aad3c2dfeff97c01ff72d0a201508fb9527fe1540ca929fcd568db3483b6474,31728852228284016603932155643983381741013566258172243743680265111545903160409
2026-04-17T12:15:03.882749+00:00,2026-04-17T12:22:20.883754+00:00,contrarian,"XRP Up or Down - April 17, 8:15AM-8:20AM ET",UP,Up,2.0,0.31,,LOSS,NO,-2.0,,0x00875e0ff50bab5188c161e01aa067f5fb1a981fa6306b4ea31a89d37b67f7ec,3307903170482283756972111983522561636167772041732500177298477312205200247128
2026-04-17T12:15:30.028056+00:00,2026-04-17T12:22:21.236947+00:00,contrarian,"Solana Up or Down - April 17, 8:15AM-8:20AM ET",UP,Up,2.0,0.39,,WIN,YES,3.1282051282051277,Up,0x88fcb77c91645f2e4990016981f402952033b6abd63b4307eb26932f35d7a90b,66521769809306957036333131401841769978533593984677898298328846428917375318190
2026-04-17T12:15:33.366867+00:00,2026-04-17T12:22:21.678593+00:00,contrarian,"Ethereum Up or Down - April 17, 8:15AM-8:20AM ET",UP,Up,2.0,0.36,,LOSS,NO,-2.0,,0x6e9ebe25f433316aa931b8e6359db634c7d224f1c54f366753991993785aaf3b,45182350433499967359256630558045349498963057564438027357962985206024350749179
2026-04-17T12:15:33.324392+00:00,2026-04-17T12:24:21.096718+00:00,contrarian,"Bitcoin Up or Down - April 17, 8:15AM-8:20AM ET",UP,Up,2.0,0.32,,WIN,YES,4.25,Up,0x945ff468ab8cc0b840625776680ab43003267d49f147e0570ca6fc69456f1d27,28813687345662101184612955337014839217601722387081518142704346563729938347944
2026-04-17T12:20:01.494755+00:00,2026-04-17T12:28:21.924010+00:00,contrarian,"XRP Up or Down - April 17, 8:20AM-8:25AM ET",DOWN,Down,2.0,0.99,,WIN,YES,0.020202020202020332,Down,0x2240ae0b144d462b955bf5de1c8cd39b1b93309a1c7b65d9f1456ac58b8debdc,113198084677321585666324425974421074177366347078793869648453192701451912359734
2026-04-17T12:20:07.878433+00:00,2026-04-17T12:28:22.134149+00:00,contrarian,"Solana Up or Down - April 17, 8:20AM-8:25AM ET",UP,Up,2.0,0.42,,LOSS,NO,-2.0,,0xb611abacaf1debbe2938095836500a66283cc9378e8c32f326088a72ba3817c7,61967945656183913743347350684197244163295568598524461013483528215740050315179
2026-04-17T12:20:51.992129+00:00,2026-04-17T12:28:22.228713+00:00,contrarian,"Ethereum Up or Down - April 17, 8:20AM-8:25AM ET",DOWN,Down,2.0,0.37,,LOSS,NO,-2.0,,0xaacabd6a74c19adaaac4b657157f23c38cdab2d380b53963565b7a3ebae429d3,45394014807262308207325013021833765669743035114042960253703062201135990766498
2026-04-17T12:20:07.757816+00:00,2026-04-17T12:30:23.057380+00:00,contrarian,"Bitcoin Up or Down - April 17, 8:20AM-8:25AM ET",DOWN,Down,2.0,0.6,,LOSS,NO,-2.0,Up,0xa98c127b12367b2281aa99bea3e226fa21d9cd45e85eb9e46387275841cb6a77,43364845590013858519634472146569389369328044993373146158397900738351543436571
2026-04-17T12:25:06.661577+00:00,2026-04-17T12:33:25.281671+00:00,contrarian,"Solana Up or Down - April 17, 8:25AM-8:30AM ET",DOWN,Down,2.0,0.39,,LOSS,NO,-2.0,,0x481de06b099ab72f24dfa599411377736487efd19118280ea684dff270d5f7a6,8930078231940235162307195416007319628803436096475279180654850646388284794308
2026-04-17T12:25:06.711070+00:00,2026-04-17T12:33:25.377246+00:00,contrarian,"XRP Up or Down - April 17, 8:25AM-8:30AM ET",DOWN,Down,2.0,0.39,,LOSS,NO,-2.0,,0x1bc52e0b29eabcdc978c2cf4b0c0025819f890766877d41c04fbf70d13062fe8,10380734528763240190743845775550515298026785023981111183252598533218880801059
2026-04-17T12:25:32.829408+00:00,2026-04-17T12:33:25.590975+00:00,contrarian,"Ethereum Up or Down - April 17, 8:25AM-8:30AM ET",DOWN,Down,2.0,0.36,,LOSS,NO,-2.0,,0x3bf24a2d1c9dcf29578599249c1073d6dab6b883483afed6fed7444ca0371575,48250522203619644352293618435730769697195560775303481515247686486423507303211
2026-04-17T12:25:12.930268+00:00,2026-04-17T12:36:26.855290+00:00,contrarian,"Bitcoin Up or Down - April 17, 8:25AM-8:30AM ET",UP,Up,2.0,0.36,,LOSS,NO,-2.0,Down,0x5d713fb5495f3fea5f19ebb56221d854650e36e44774cb150c59ed6e12a2c570,97480654345683695252008275581217142239659003418223448996506601436130073248526
2026-04-17T12:30:33.862011+00:00,2026-04-17T12:38:27.553650+00:00,contrarian,"Bitcoin Up or Down - April 17, 8:30AM-8:35AM ET",DOWN,Down,2.0,0.28,,LOSS,NO,-2.0,Up,0x0d61554c6e4b95a4123e254e83f65534ec7e2b3b381ce0b5e79e966495ef5e3a,64537732149132589578677582748324800084213659176208568790510723307652070324638
2026-04-17T12:30:33.888639+00:00,2026-04-17T12:39:28.502778+00:00,contrarian,"Ethereum Up or Down - April 17, 8:30AM-8:35AM ET",DOWN,Down,2.0,0.26,,LOSS,NO,-2.0,Up,0x0f57caa2f93410ce063afbdb0bdc2300d3e2036aa93a16719dc22e551085843e,90310426596888872315179540206782903699449253731564415027843980747853875364278
2026-04-17T12:30:33.938195+00:00,2026-04-17T12:40:29.502129+00:00,contrarian,"Solana Up or Down - April 17, 8:30AM-8:35AM ET",DOWN,Down,2.0,0.23,,LOSS,NO,-2.0,Up,0x1b47e7b89a425dfec11d35a1812027b0da6ece263577a5bef64974cd9c6e3bcd,44477717545696400560888175008218409933550109404638874273644172557973645738946
2026-04-17T12:30:33.981176+00:00,2026-04-17T12:40:29.550446+00:00,contrarian,"XRP Up or Down - April 17, 8:30AM-8:35AM ET",DOWN,Down,2.0,0.25,,LOSS,NO,-2.0,Up,0xb9bdbee842c56f3dc5ced438cc993c9e2786005b8bc5919107ed6075059b2ec6,5957871267661827017116112557161202489887522255464882246212318438903062011209
2026-04-17T12:35:21.836216+00:00,2026-04-17T12:43:31.334139+00:00,contrarian,"Bitcoin Up or Down - April 17, 8:35AM-8:40AM ET",UP,Up,2.0,0.38,,LOSS,NO,-2.0,,0x135a72f4961f1165fd232a7aceb5b980c6e247e03eb901937509525d8ac617fa,107031959310286235733110618497995739763006980825334800938979608743990697862661
2026-04-17T12:35:59.978829+00:00,2026-04-17T12:43:31.423725+00:00,contrarian,"Ethereum Up or Down - April 17, 8:35AM-8:40AM ET",UP,Up,2.0,0.37,,LOSS,NO,-2.0,,0x9a20669f342cc3fae47ebda67440194d0e99e6edf8e38118d8a0340fce559147,33171373838723391193133169576201883449667112871487051728883594327601609871947
2026-04-17T12:36:00.007563+00:00,2026-04-17T12:43:31.512175+00:00,contrarian,"XRP Up or Down - April 17, 8:35AM-8:40AM ET",UP,Up,2.0,0.39,,LOSS,NO,-2.0,,0x9980e2bfa30cee40acc17885e99914ae2cef0c7e54f91743a281f4aff0f35d6b,113253864196833131789878728563569642678316071809090620424618762972874434940505
2026-04-17T12:35:15.657676+00:00,2026-04-17T12:44:31.931825+00:00,contrarian,"Solana Up or Down - April 17, 8:35AM-8:40AM ET",UP,Up,2.0,0.39,,LOSS,NO,-2.0,Down,0x22646034b41962c4a48c0cf440dd1fb9539c612c106614df0b57998ff993afc4,62695669237771949143058406132003998658883042352208137829215732075891850563859
2026-04-17T12:41:38.860243+00:00,2026-04-17T12:48:34.625273+00:00,contrarian,"XRP Up or Down - April 17, 8:40AM-8:45AM ET",UP,Up,2.0,0.38,,WIN,YES,3.2631578947368425,Up,0xabe8b675d15a76ed8aefe394e44c93f53915f0ccf56899e879e81e2d14b50285,38059718723978879533998130041565163457797575084685672154995808946290013091390
2026-04-17T12:40:56.679245+00:00,2026-04-17T12:50:35.702519+00:00,contrarian,"Ethereum Up or Down - April 17, 8:40AM-8:45AM ET",DOWN,Down,2.0,0.38,,LOSS,NO,-2.0,Up,0x22ac8e368852bf0b804bc7c0063ca1d674419bb1a9e20e8c79564a8ad1266856,55330017537853245710167203200732287136204098254754982269621962651371526972078
2026-04-17T12:40:50.394529+00:00,2026-04-17T12:51:36.073575+00:00,contrarian,"Bitcoin Up or Down - April 17, 8:40AM-8:45AM ET",DOWN,Down,2.0,0.39,,LOSS,NO,-2.0,Up,0x1f89e2470156b842535b64a6dc9d8e6ddddbb0f173fcc64752371c7c94c074a9,57611868969585202469814415681428587517189983486813312363501616703795536101165
2026-04-17T12:40:34.495147+00:00,2026-04-17T12:52:35.900001+00:00,contrarian,"Solana Up or Down - April 17, 8:40AM-8:45AM ET",DOWN,Down,2.0,0.39,,LOSS,NO,-2.0,Up,0x1441bfbc967b637f18925b7ae9629fb4bfe7bf25f9b6bae2b573b5751251e6c6,80459074127923102122870280188353263363218353793142710095168684241474283781365
2026-04-17T12:45:41.334622+00:00,2026-04-17T12:53:36.913556+00:00,contrarian,"Solana Up or Down - April 17, 8:45AM-8:50AM ET",UP,Up,2.0,0.37,,WIN,YES,3.4054054054054053,Up,0xe618a02953f92bf19d13b34a345a31cf7a2bab251200e12b7a026fba4bc0e41f,67292263770887330885631505459921713432378543349472932351810131093870702419840
2026-04-17T12:45:47.532667+00:00,2026-04-17T12:53:37.163104+00:00,contrarian,"Bitcoin Up or Down - April 17, 8:45AM-8:50AM ET",UP,Up,2.0,0.39,,WIN,YES,3.1282051282051277,Up,0x60d71da81005781d94058dcffbb7f27e9c84e41ccbc795b8a8742185e69463b2,81208808934065204680686344527409803352948172473576632245653727371827757599329
2026-04-17T12:45:47.567156+00:00,2026-04-17T12:53:37.376031+00:00,contrarian,"Ethereum Up or Down - April 17, 8:45AM-8:50AM ET",UP,Up,2.0,0.39,,WIN,YES,3.1282051282051277,Up,0xb1b10216708b236461a358c564e0e1f12ffccbd83ffa397d77b7cbeee8dc7158,110777980503529655304280205641855836538795936133047499881732951752339950903139
2026-04-17T12:45:59.896239+00:00,2026-04-17T12:53:37.477418+00:00,contrarian,"XRP Up or Down - April 17, 8:45AM-8:50AM ET",DOWN,Down,2.0,0.17,,LOSS,NO,-2.0,,0x6ceb7b91099f0aed06e5a8fd9086555454b1cb111a18a53e83e587981e746d4e,97943263911985729963629308040500258012752709902154454144613024101481464998513
