timestamp,closed_at,source,market,direction,outcome,amount,entry_price,sell_price,result,won,pnl,winning_outcome,condition_id,token_id
2026-04-25T16:11:55.578171+00:00,2026-04-25T16:20:59.788571+00:00,momentum,"Ethereum Up or Down - April 25, 12:10PM-12:15PM ET",UP,Up,2.0,0.51,,WIN,YES,1.9215686274509802,Up,0xce64a45a4801aaa696cef979360c3b4444552b4a2634cd508f3570e1a5372bef,24627289407795008318833823710229383883058743881239784891189167116495290540745
2026-04-25T16:11:55.618431+00:00,2026-04-25T16:21:00.009442+00:00,momentum,"XRP Up or Down - April 25, 12:10PM-12:15PM ET",UP,Up,2.0,0.62,,WIN,YES,1.2258064516129035,Up,0x1cab57bdee9b441626c704e90bf2380e49396f82d7ee44df4dafa6303ec699c4,8142572031123028366990285504748835738441680905806493822876116648796941178221
2026-04-25T16:11:55.486255+00:00,2026-04-25T16:22:00.390385+00:00,momentum,"Bitcoin Up or Down - April 25, 12:10PM-12:15PM ET",UP,Up,2.0,0.54,,WIN,YES,1.7037037037037033,Up,0x91cc95d47f7e61155e29c171324308b1d7b22933cb9827da91e5b7ad53df9196,38506429246294887032183995490599583966888474066708195200837478844894675546013
2026-04-25T16:11:55.695035+00:00,2026-04-25T16:22:00.439954+00:00,momentum,"Solana Up or Down - April 25, 12:10PM-12:15PM ET",DOWN,Down,2.0,0.51,,LOSS,NO,-2.0,Up,0x3a57be4e7dadd17bd5851fd9ed5495ec47c28926a3de15b5dcd856f53383da73,87069030443670724543764514904196280644985173747858584546816184160212620140472
2026-04-25T16:15:00.299457+00:00,2026-04-25T16:24:02.275945+00:00,momentum,"Bitcoin Up or Down - April 25, 12:15PM-12:20PM ET",UP,Up,2.0,0.515,,LOSS,NO,-2.0,Down,0x400c5fccec86e9b95e5c10bfaec1fabebf99042a1fb7021e4474447e04ff6ce9,25049933308089876143492640730086751404104450672142790515319869874880063072957
2026-04-25T16:15:00.301070+00:00,2026-04-25T16:24:02.312631+00:00,momentum,"XRP Up or Down - April 25, 12:15PM-12:20PM ET",UP,Up,2.0,0.515,,LOSS,NO,-2.0,Down,0x390d37a2118f938182871984a018f4451742944a4c73ae431037fd412db65dd8,86577539605764709881632909363005675278580986042190058192255832370666692021592
2026-04-25T16:15:00.297558+00:00,2026-04-25T16:28:04.718026+00:00,momentum,"Solana Up or Down - April 25, 12:15PM-12:20PM ET",UP,Up,2.0,0.515,,LOSS,NO,-2.0,Down,0x812057bbe30a8026076ddd112a936a29db2af0377c4ad450f3a3b0066296162d,44784791181248044455465246690874718126072340035973899590590074369449995760269
2026-04-25T16:15:00.298348+00:00,2026-04-25T16:28:04.848316+00:00,momentum,"Ethereum Up or Down - April 25, 12:15PM-12:20PM ET",UP,Up,2.0,0.515,,LOSS,NO,-2.0,Down,0xf2ebf6b747c9c5ee0faeb4817da7594169ed7f096e55aeb48f5ba2aa2855620b,39135453382722942862405582473871863328684426753963600695792492814703516382046
2026-04-25T16:20:00.807696+00:00,2026-04-25T16:30:06.096017+00:00,momentum,"Bitcoin Up or Down - April 25, 12:20PM-12:25PM ET",UP,Up,4.0,0.51,,WIN,YES,3.8431372549019605,Up,0x85fe9b83aeca5bf5267174c522fbaf0efe6a1d77c6bc24a18054afb7618ea8a8,40814904931387390159044953433442802843980901233002023013559878104370999944708
2026-04-25T16:20:00.808431+00:00,2026-04-25T16:30:06.147841+00:00,momentum,"Solana Up or Down - April 25, 12:20PM-12:25PM ET",UP,Up,4.0,0.51,,LOSS,NO,-4.0,Down,0x5d399bfa120891c41d8dbcc46aa6d9b5beb33b5cfd72c07b59d479cf0e01ece0,56448157705200978872903336544269446033114921916689700771823867385402542426892
2026-04-25T16:20:00.809534+00:00,2026-04-25T16:30:06.194656+00:00,momentum,"XRP Up or Down - April 25, 12:20PM-12:25PM ET",UP,Up,4.0,0.51,,LOSS,NO,-4.0,Down,0x19457b9355c8bd2645d90273bd84e9336e355595b97912f353085da14e8c8eb3,65862883505854171813975731185205243248918653910191941605573140090733825601835
2026-04-25T16:20:00.806757+00:00,2026-04-25T16:31:06.383502+00:00,momentum,"Ethereum Up or Down - April 25, 12:20PM-12:25PM ET",UP,Up,4.0,0.53,,WIN,YES,3.547169811320754,Up,0xb1ddaf1afe2273acbff73a837b7bb8176b333d0c37edc224726345b8fab45f6d,69443843050261045477626370821157330143787900926695750305541064541008170042563
2026-04-25T16:25:00.773601+00:00,2026-04-25T16:35:09.555582+00:00,momentum,"XRP Up or Down - April 25, 12:25PM-12:30PM ET",UP,Up,8.0,0.515,,LOSS,NO,-8.0,Down,0xf9bd3edbe84ad2c34990e1b08bccda368fce6b5f9e6944e83ae2f230fab053da,70696864625325857774607885299647861408680519878506723038579634097787231487049
2026-04-25T16:25:00.770247+00:00,2026-04-25T16:36:09.923112+00:00,momentum,"Solana Up or Down - April 25, 12:25PM-12:30PM ET",UP,Up,8.0,0.515,,LOSS,NO,-8.0,Down,0x5c9293a4142f5571cfa8d9856a37ebb5c9c921830a9cda37ca86efc5535297ec,72537090812382595562359189275173642565952768594859935812941645933803848615499
2026-04-25T16:25:01.861273+00:00,2026-04-25T16:36:09.964678+00:00,momentum,"Ethereum Up or Down - April 25, 12:25PM-12:30PM ET",UP,Up,2.0,0.51,,LOSS,NO,-2.0,Down,0x7dc77c4ca8a5bcdddfc2574389880288b0f5c4d5857447f8a0fd62a720aa73c8,3560330259129742002961197702095274577862239239886366976107352198781921090093
2026-04-25T16:25:00.767849+00:00,2026-04-25T16:37:09.970312+00:00,momentum,"Bitcoin Up or Down - April 25, 12:25PM-12:30PM ET",UP,Up,2.0,0.51,,LOSS,NO,-2.0,Down,0x451ae02e1f86cdcbaec471b7718a9944f36d641d6a9e8fa3bb0c9475fa54fc2c,15207287106832371602186511214473480176322955530222006779067772881613567515048
2026-04-25T16:30:12.974884+00:00,2026-04-25T16:38:11.392030+00:00,momentum,"XRP Up or Down - April 25, 12:30PM-12:35PM ET",DOWN,Down,16.0,0.53,,WIN,YES,14.188679245283016,Down,0x1cbd78cf126ddc75d8458bc6139c0839fc3344cbbc9e7058fdb16b7d55d42af8,70425813763316132744816673966340080277095387197781027153625561496432534900550
2026-04-25T16:30:00.355855+00:00,2026-04-25T16:39:11.555873+00:00,momentum,"Bitcoin Up or Down - April 25, 12:30PM-12:35PM ET",UP,Up,4.0,0.525,,LOSS,NO,-4.0,Down,0x648af3952d0b45e6ee8181522e3c91a73345c9eb1b565d223e183e1314b66c5f,46747634073773741023867504520558368121614015507822053609137879110371888159709
2026-04-25T16:30:00.358734+00:00,2026-04-25T16:39:11.598440+00:00,momentum,"Solana Up or Down - April 25, 12:30PM-12:35PM ET",UP,Up,8.0,0.515,,LOSS,NO,-8.0,Down,0xbabbdd39d862c9a8d70abd9bca7567d17f6760f93d96649a895e93513edfad02,52373897093353306711628139924724284803051195011620691569887185549018418864057
2026-04-25T16:30:00.361013+00:00,2026-04-25T16:39:11.635787+00:00,momentum,"Ethereum Up or Down - April 25, 12:30PM-12:35PM ET",UP,Up,4.0,0.515,,LOSS,NO,-4.0,Down,0x83afc95a332067e9f21922d5393273cab41372a353d93d17b8a3f3ba6c6403f4,11903584792752006456379075619793801024337025579617891367106513588152581669358
2026-04-25T16:35:00.405142+00:00,2026-04-25T16:44:13.747446+00:00,momentum,"Bitcoin Up or Down - April 25, 12:35PM-12:40PM ET",UP,Up,8.0,0.54,,LOSS,NO,-8.0,Down,0x02f1eec08f7cf4576a207cba1ce9a51e0652b2995619efc70113e51d3ee7c68d,9994874145673910239237815652627999766797629275574170966948589317491217455238
2026-04-25T16:35:00.413091+00:00,2026-04-25T16:44:14.036564+00:00,momentum,"Solana Up or Down - April 25, 12:35PM-12:40PM ET",UP,Up,16.0,0.53,,LOSS,NO,-16.0,Down,0xbd70b6059add1b1fefcbe6a0ffa80e33287cf2eb57e27864dbfad16f9fb9644f,48669400988823631440506594208406931288763898314644443841214506368479014022840
2026-04-25T16:35:00.408641+00:00,2026-04-25T16:45:14.356141+00:00,momentum,"Ethereum Up or Down - April 25, 12:35PM-12:40PM ET",UP,Up,4.0,0.56,,LOSS,NO,-4.0,Down,0x3bef9acbf55c58ac2cec05f817e4d878fc72d6593c67d67eac9bf160c629da01,94498783548390423899670294902192398190488838870930731004659917549951396878332
2026-04-25T16:35:00.410770+00:00,2026-04-25T16:46:15.154873+00:00,momentum,"XRP Up or Down - April 25, 12:35PM-12:40PM ET",UP,Up,2.0,0.52,,LOSS,NO,-2.0,Down,0xfef9f1c9b6ab09ce6ea9fb6f5bca6db1024b29ed390d9e61a2e67fc04a8c4576,46600102717082952088201701842271647670536021559559557319316827678731581836728
2026-04-25T16:40:00.557651+00:00,2026-04-25T16:50:16.888439+00:00,momentum,"Ethereum Up or Down - April 25, 12:40PM-12:45PM ET",UP,Up,8.0,0.535,,WIN,YES,6.953271028037383,Up,0x4771684ccef68fccedb451fdc9d910049e938461c64414e3e19d4441b1a8b408,68420121750386720678017118274084267746147719528458901374961818547183189712556
2026-04-25T16:40:00.560898+00:00,2026-04-25T16:51:16.971864+00:00,momentum,"Solana Up or Down - April 25, 12:40PM-12:45PM ET",UP,Up,32.0,0.515,,WIN,YES,30.135922330097088,Up,0xd25f7ee0280aad6d98b45ec0ce314cdd8e78eba32f71d910d5219868c426dc07,95563899051957286971629505270328550645351903860515725862555210886462510198079
2026-04-25T16:40:01.648887+00:00,2026-04-25T16:51:17.189237+00:00,momentum,"Bitcoin Up or Down - April 25, 12:40PM-12:45PM ET",UP,Up,16.0,0.58,,WIN,YES,11.586206896551726,Up,0x91f92abd3ceac7d966f478445fb0f8ef9099c4db952aec1ecea79f5981c57c7d,3814396144175985285183286041345474377802043898073225046880214920214967464181
2026-04-25T16:40:01.651872+00:00,2026-04-25T16:52:17.367074+00:00,momentum,"XRP Up or Down - April 25, 12:40PM-12:45PM ET",UP,Up,4.0,0.55,,WIN,YES,3.2727272727272725,Up,0x9397095b2986e4f5af8b45e7fdcaba8b34c71db5d211a743156035c456b17893,43312671919931028918229959055037225304407827494980931026516397177695129201695
2026-04-25T16:45:00.660135+00:00,2026-04-25T16:53:17.440665+00:00,momentum,"Bitcoin Up or Down - April 25, 12:45PM-12:50PM ET",UP,Up,2.0,0.515,,WIN,YES,1.883495145631068,Up,0x9ea8391663147b736ccec36765cadabd92ec40e1b023ac5cb5c245caa55e34a3,91989160872106955775084416279742562784336325399754211438581919302432710779756
2026-04-25T16:45:00.664161+00:00,2026-04-25T16:53:17.752209+00:00,momentum,"XRP Up or Down - April 25, 12:45PM-12:50PM ET",UP,Up,2.0,0.51,,WIN,YES,1.9215686274509802,Up,0x91221ea31c95cc3f4bf595f92b5023b59f9a25b1f1ed65c8639f1c6acfab70bb,54469610766290668489432922804895097891741199330287121428942993762071290333200
2026-04-25T16:45:00.669379+00:00,2026-04-25T16:53:17.930413+00:00,momentum,"Solana Up or Down - April 25, 12:45PM-12:50PM ET",UP,Up,2.0,0.51,,WIN,YES,1.9215686274509802,Up,0xc51b23bf2a186da8c0eea1ea073125bd528ae3ee2f021f0339fbdc3c4f8587aa,66238876201249562900486871885411270913443142740047804458799531877752227036256
2026-04-25T16:45:00.662312+00:00,2026-04-25T16:54:17.703515+00:00,momentum,"Ethereum Up or Down - April 25, 12:45PM-12:50PM ET",UP,Up,2.0,0.515,,WIN,YES,1.883495145631068,Up,0xfb0102c9f1888dc4034a35c20e7e91c969819cde481ed0574167c8278fcb8a62,102958461861439312420988401331784938479541472947813702806127634681029194762356
2026-04-25T16:50:00.739010+00:00,2026-04-25T17:00:21.643942+00:00,momentum,"Bitcoin Up or Down - April 25, 12:50PM-12:55PM ET",UP,Up,2.0,0.525,,LOSS,NO,-2.0,Down,0xd7d6f0c1c27305bbac405beda1e631710dcf5b320d3a9c80fcd76d2bb93807ba,112848474269575508183936617726806878612143803477869886308238307280834632262455
2026-04-25T16:50:00.741857+00:00,2026-04-25T17:00:21.683877+00:00,momentum,"Solana Up or Down - April 25, 12:50PM-12:55PM ET",UP,Up,2.0,0.52,,LOSS,NO,-2.0,Down,0x962df93057b2454d7c816a7dc3b2ea45aff83a00f386124e0873463404bfb498,63158892074617214535756975272193303345351744610118398571639296403373952536927
2026-04-25T16:50:00.746216+00:00,2026-04-25T17:00:21.736079+00:00,momentum,"XRP Up or Down - April 25, 12:50PM-12:55PM ET",UP,Up,2.0,0.515,,LOSS,NO,-2.0,Down,0x566c2373d9394f72de328b23cf770c47fea753d1c1454d0f44f78e91b9d3d180,111431834361814944569796486316905893551457162840874664576436595758801819374754
2026-04-25T16:50:00.751179+00:00,2026-04-25T17:00:21.776041+00:00,momentum,"Ethereum Up or Down - April 25, 12:50PM-12:55PM ET",UP,Up,2.0,0.515,,LOSS,NO,-2.0,Down,0x527692ea077242e7c267739082499f9552a28c082a841d41f63913140ad6e9f3,100703104723797058207228895695400739843186795575708724064203701117025125624869
2026-04-25T16:55:00.852107+00:00,2026-04-25T17:06:24.986746+00:00,momentum,"Solana Up or Down - April 25, 12:55PM-1:00PM ET",UP,Up,4.0,0.52,,WIN,YES,3.6923076923076916,Up,0x1a6b1bb93b482f2269dbf0010ab64118743ff09897809bade713fb55f56dc7bf,57217977661926323277889898017136791761327962547404483480581647243676262427277
2026-04-25T16:55:01.869714+00:00,2026-04-25T17:06:25.337175+00:00,momentum,"Ethereum Up or Down - April 25, 12:55PM-1:00PM ET",UP,Up,4.0,0.99,,WIN,YES,0.040404040404040664,Up,0x9be3ad12970eb505d196f145763dca302ee30c14331396b15018d73c4f673c0a,100138587368541358902679691089143689594728094770342042071805762922725425741359
2026-04-25T16:55:00.854435+00:00,2026-04-25T17:07:25.865485+00:00,momentum,"XRP Up or Down - April 25, 12:55PM-1:00PM ET",UP,Up,4.0,0.52,,WIN,YES,3.6923076923076916,Up,0xe5c31585ce7a24a905403bab666df2c80054d2829b04a03d8193e46ca4ff4f6e,17249441198492496876448256878506303237215337699271945009719060937283388994525
2026-04-25T16:55:01.874046+00:00,2026-04-25T17:07:26.056442+00:00,momentum,"Bitcoin Up or Down - April 25, 12:55PM-1:00PM ET",UP,Up,4.0,0.99,,WIN,YES,0.040404040404040664,Up,0x459052e9ba025aaa678445456ebee4df24a8624f470df298a6ef7f8d447702e7,70378252600486230470964144731910067508909948037996758400397842512427513084686
2026-04-25T17:00:00.940033+00:00,2026-04-25T17:09:27.380385+00:00,momentum,"Solana Up or Down - April 25, 1:00PM-1:05PM ET",UP,Up,2.0,0.52,,LOSS,NO,-2.0,Down,0xf9b5f8cdfedddc383ba501dcff66967f368818075d882515e7db55f8d567446e,33062657052386764498349065537623326444100519186531638846965842536347656944796
2026-04-25T17:00:00.950249+00:00,2026-04-25T17:09:27.416402+00:00,momentum,"XRP Up or Down - April 25, 1:00PM-1:05PM ET",UP,Up,2.0,0.515,,LOSS,NO,-2.0,Down,0x8b82d578bafa4e5cc037b5bae410dbe87b4201476b3d5b219bcde061ba89f2b5,112025600913582783684832921298049779684371514765675069943619149782643890913118
2026-04-25T17:00:02.102408+00:00,2026-04-25T17:09:27.596572+00:00,momentum,"Bitcoin Up or Down - April 25, 1:00PM-1:05PM ET",DOWN,Down,2.0,0.51,,WIN,YES,1.9215686274509802,Down,0x4aff6acd0ced4e88d353d4c11bebeea7a05ab9a5378555c31a5fc17a2b09ea0e,45526952853750797670293831136632313425169458872099806599335903727264700993921
2026-04-25T17:00:02.105449+00:00,2026-04-25T17:09:27.765433+00:00,momentum,"Ethereum Up or Down - April 25, 1:00PM-1:05PM ET",DOWN,Down,2.0,0.52,,WIN,YES,1.8461538461538458,Down,0x7e478ef6a6644a3045028455fa146a37b41f9ade0ebb45ee047436e9b9a13b3b,85167901006280739341505704243182703949044801352114567714388718896300527284992
2026-04-25T17:05:00.409954+00:00,2026-04-25T17:14:31.433212+00:00,momentum,"Solana Up or Down - April 25, 1:05PM-1:10PM ET",UP,Up,4.0,0.51,,LOSS,NO,-4.0,Down,0x1aa6a1e6e85e5831ed5bf9ce0da54de177d87429dff3767860851ee116c0b055,28558056964988497836981728923677094609410729896455104122903559880905982343459
2026-04-25T17:05:00.428359+00:00,2026-04-25T17:14:31.621577+00:00,momentum,"XRP Up or Down - April 25, 1:05PM-1:10PM ET",UP,Up,4.0,0.51,,LOSS,NO,-4.0,Down,0x6272e130f2a5223915b29a21cbda4d4a3c4dc2f2bcff8468a2e4fcce16495623,32714234100021896801151379104658395248217800960860091619904643495545328410761
2026-04-25T17:05:00.421528+00:00,2026-04-25T17:15:31.625073+00:00,momentum,"Bitcoin Up or Down - April 25, 1:05PM-1:10PM ET",UP,Up,2.0,0.56,,LOSS,NO,-2.0,Down,0x12d399eb1837d51e7568dfd06f784efe6f9a55f94ce1ac700d7109c8e5cced91,114680942314545638307761786155746292993261722381335701982918663507329911388322
2026-04-25T17:05:03.510090+00:00,2026-04-25T17:15:31.880948+00:00,momentum,"Ethereum Up or Down - April 25, 1:05PM-1:10PM ET",DOWN,Down,2.0,0.52,,WIN,YES,1.8461538461538458,Down,0x975c6b5600fb94cd815bc842f8e547cfcf37cc174c8bd8f753d7b2663aa13eeb,31510943431431191124797580503047525883434724772267747761886192386990583440428
2026-04-25T17:10:02.549225+00:00,2026-04-25T17:20:34.031215+00:00,momentum,"Bitcoin Up or Down - April 25, 1:10PM-1:15PM ET",DOWN,Down,4.0,0.58,,WIN,YES,2.8965517241379315,Down,0x829da5330d3c09f006d9f8beed97eaa6f1eb0cfa13aed415c75d8d681f15cd66,45547566169669250877410861125333863808853266085932541475451500385567779657677
2026-04-25T17:10:00.465664+00:00,2026-04-25T17:21:33.996724+00:00,momentum,"Solana Up or Down - April 25, 1:10PM-1:15PM ET",UP,Up,8.0,0.52,,LOSS,NO,-8.0,Down,0x86969ea489aa71711a4caf256630b4ce23b921d83c4f321867f749dc26075e26,66409368311416220689498137855352636615312115130822313016214773004727487434973
2026-04-25T17:10:00.471000+00:00,2026-04-25T17:21:34.052272+00:00,momentum,"XRP Up or Down - April 25, 1:10PM-1:15PM ET",UP,Up,8.0,0.515,,LOSS,NO,-8.0,Down,0xceff88bccaf3d923127c3c151ada2b4af0871d5973ddb47e3ff82e2e974da7f7,25330649870164920367977195137099424892553856337373138894114179237618208931306
2026-04-25T17:10:02.553302+00:00,2026-04-25T17:21:34.095586+00:00,momentum,"Ethereum Up or Down - April 25, 1:10PM-1:15PM ET",UP,Up,2.0,0.51,,LOSS,NO,-2.0,Down,0xd09b280a2400fb1fbec481421df976df1227033fc1aa2c42056658b5caaa8e8e,52235365735081407257374117549251048617063689980543121403904295351083034669482
2026-04-25T17:15:00.607108+00:00,2026-04-25T17:23:34.894194+00:00,momentum,"Solana Up or Down - April 25, 1:15PM-1:20PM ET",UP,Up,16.0,0.515,,LOSS,NO,-16.0,Down,0x53b8573899eb7974c0c1a2ff51e2f50e0504c4013c8825715a4af69da4b886ef,66063040022945198219420988257269220597501102766097266929990198355210268985702
2026-04-25T17:15:00.656354+00:00,2026-04-25T17:23:35.081866+00:00,momentum,"Ethereum Up or Down - April 25, 1:15PM-1:20PM ET",DOWN,Down,4.0,0.51,,WIN,YES,3.8431372549019605,Down,0xcee8e553b70df61c1fd4cdaf64e3772473bd53a9867f55afd074f673408b8f9a,94129297574092999270041671614215799197609309519666406011997733646041584526924
2026-04-25T17:15:33.809142+00:00,2026-04-25T17:23:35.119058+00:00,momentum,"Bitcoin Up or Down - April 25, 1:15PM-1:20PM ET",UP,Up,2.0,0.53,,LOSS,NO,-2.0,Down,0x09834dde1cc26bf909a9d6131676abd7fb25957200396672cc7d77469160b6e2,44522262021978968283482957807808395612762218001632747765444180258997079794455
2026-04-25T17:15:33.812201+00:00,2026-04-25T17:23:35.304975+00:00,momentum,"XRP Up or Down - April 25, 1:15PM-1:20PM ET",DOWN,Down,16.0,0.52,,WIN,YES,14.769230769230766,Down,0xa232d05f56ee08e8cd9ebfc09291504a55070c9aabde48fd29afd8da0fb5ae04,4813342494041942186763875018595002006412276963652332446122833045049542093574
2026-04-25T17:20:00.740567+00:00,2026-04-25T17:29:38.927315+00:00,momentum,"Ethereum Up or Down - April 25, 1:20PM-1:25PM ET",DOWN,Down,2.0,0.515,,LOSS,NO,-2.0,Up,0xdc31d2a011237908b3f999fc75aa4a132f58a9ea1ac3dac53557e28400ecfe31,65176588834597581550542820526765017896188591867054719992680300612460739838440
2026-04-25T17:20:00.745041+00:00,2026-04-25T17:29:39.109696+00:00,momentum,"Bitcoin Up or Down - April 25, 1:20PM-1:25PM ET",UP,Up,2.0,0.535,,WIN,YES,1.7383177570093458,Up,0xbc70b8242918bdc815864deb4695ab33cc01250e834a59660a0812b5b3495d24,97564166454904153020217819411787137017653491036303087233544031241523334045754
2026-04-25T17:20:00.782547+00:00,2026-04-25T17:31:40.345246+00:00,momentum,"Solana Up or Down - April 25, 1:20PM-1:25PM ET",UP,Up,32.0,0.515,,WIN,YES,30.135922330097088,Up,0x94dc509686d7051bb3c8e0e186558a7d43c4fd3ab2a12e799cf9696df3e6ea03,7955993429591559700280779500284713391472838433970179747681904008920461289081
2026-04-25T17:20:00.787892+00:00,2026-04-25T17:31:40.516731+00:00,momentum,"XRP Up or Down - April 25, 1:20PM-1:25PM ET",UP,Up,2.0,0.52,,WIN,YES,1.8461538461538458,Up,0x418401d4c6ec91c721cda51dce21d8b00805d82e2a103376b66d6a5fb54ab9fc,76026847904448314141199947335885197711181086045534102152578041644046439919379
2026-04-25T17:25:00.815993+00:00,2026-04-25T17:35:40.869930+00:00,momentum,"Bitcoin Up or Down - April 25, 1:25PM-1:30PM ET",UP,Up,2.0,0.525,,LOSS,NO,-2.0,Down,0x802f0c75d9616a5afd9bab3dc54b2256d2bb5d8920044ba34a8114ef464a80ec,1577948622661501460074410591882435383607216703009601432015319627056149353328
2026-04-25T17:25:00.821425+00:00,2026-04-25T17:35:40.914013+00:00,momentum,"Solana Up or Down - April 25, 1:25PM-1:30PM ET",UP,Up,2.0,0.525,,LOSS,NO,-2.0,Down,0x04b9e6a69636c11a01a3b72610fb96fabfc51f1f117b38c34b40fc8bf06991bd,103085473885180679703020515152183841103325190032639989909825865128210349650918
2026-04-25T17:25:02.904806+00:00,2026-04-25T17:35:41.248839+00:00,momentum,"Ethereum Up or Down - April 25, 1:25PM-1:30PM ET",DOWN,Down,4.0,0.52,,WIN,YES,3.6923076923076916,Down,0x657a8cf616a2ef76a9d7047ea3664086da226c6c878cc0cbe9efd3ec646748a8,80916815571418747914074239945753762964534220306712539601441184264042153032307
2026-04-25T17:25:00.827319+00:00,2026-04-25T17:36:41.083142+00:00,momentum,"XRP Up or Down - April 25, 1:25PM-1:30PM ET",UP,Up,2.0,0.515,,LOSS,NO,-2.0,Down,0x9b5461aa8bad629f34da54050a7f82dccaea0e0746fbc291166bf83e8a439b99,64886113246645656478315501659302976018718054894269190120791269336567032300458
2026-04-25T17:30:00.491643+00:00,2026-04-25T17:41:44.495567+00:00,momentum,"Bitcoin Up or Down - April 25, 1:30PM-1:35PM ET",UP,Up,2.0,0.515,,LOSS,NO,-2.0,Down,0x51e3800e773ba108974613a6b615986f1ae22a4a01782648837bae97ce0aad51,56304407020163929294865908432783616808486608509902118749897716361250685584233
2026-04-25T17:30:00.505570+00:00,2026-04-25T17:41:44.534392+00:00,momentum,"Solana Up or Down - April 25, 1:30PM-1:35PM ET",UP,Up,2.0,0.52,,LOSS,NO,-2.0,Down,0xf29a01ea9aa335578c67c3d7e510b66eb2e6b249513c213424f5d005afd83b15,59271802909117901115901553662531283035862118614034595396500419674829474239467
2026-04-25T17:30:00.513791+00:00,2026-04-25T17:42:44.958380+00:00,momentum,"XRP Up or Down - April 25, 1:30PM-1:35PM ET",UP,Up,4.0,0.515,,LOSS,NO,-4.0,Down,0x9a6d065d58a09ec3cd48e3608367c9d7552a38b92c71aa0d548233fd544b21b2,3283664592690601033194942968611846169489002396526105065676105429626776566251
2026-04-25T17:30:02.732147+00:00,2026-04-25T17:42:45.005619+00:00,momentum,"Ethereum Up or Down - April 25, 1:30PM-1:35PM ET",DOWN,Down,2.0,0.51,,LOSS,NO,-2.0,Up,0xfe5a18b496bbd6b4b3fd8410798823ee7e3438f60d9dc490052dbf13cccd719e,4912183283217138085052859921157143492733506320145111147531528305425814746871
2026-04-25T17:35:00.597485+00:00,2026-04-25T17:44:46.525184+00:00,momentum,"XRP Up or Down - April 25, 1:35PM-1:40PM ET",UP,Up,8.0,0.515,,WIN,YES,7.533980582524272,Up,0x05784b84e712e5147fee250cbe50a98c1eb51d68c4527f3672fe6d8ec5269de0,21875507257290583843241972709262544511693283079042855924722698690137029989799
2026-04-25T17:35:01.752034+00:00,2026-04-25T17:44:46.830708+00:00,momentum,"Bitcoin Up or Down - April 25, 1:35PM-1:40PM ET",UP,Up,4.0,0.53,,WIN,YES,3.547169811320754,Up,0x9bcc55ebeea3807eaa800cd9eff15360d59f2e90fa5cfac20889708b8458929b,45721728223296928193416539727958015448289455840882725852991287740310309552019
2026-04-25T17:35:00.590430+00:00,2026-04-25T17:45:46.675053+00:00,momentum,"Ethereum Up or Down - April 25, 1:35PM-1:40PM ET",DOWN,Down,4.0,0.515,,LOSS,NO,-4.0,Up,0x6c4385c01f5e66b7d17247f0f10810031997bf437e6f8f8127f2cb437268653f,113869650490726468432199117103113618071350426284169505363922438831496711018237
2026-04-25T17:35:00.603238+00:00,2026-04-25T17:45:46.834050+00:00,momentum,"Solana Up or Down - April 25, 1:35PM-1:40PM ET",UP,Up,4.0,0.515,,WIN,YES,3.766990291262136,Up,0xd7da9eb577a76e7aa59534e9999d19c4d8d413d277fec83fe589adce2a6c5f62,74107163898025134360495160574129797934410489219256286406982189032878731153179
2026-04-25T17:40:00.476105+00:00,2026-04-25T17:50:49.362865+00:00,momentum,"Ethereum Up or Down - April 25, 1:40PM-1:45PM ET",DOWN,Down,4.0,0.51,,WIN,YES,3.8431372549019605,Down,0x0e0c1b12078081b69d1207a2e51a2eb26b7553f7ba4e56dc41b00256af787ad3,84266313113662231913886164192348515537323764552571899024211997191538009727097
2026-04-25T17:40:00.487796+00:00,2026-04-25T17:50:49.411436+00:00,momentum,"Solana Up or Down - April 25, 1:40PM-1:45PM ET",UP,Up,2.0,0.515,,LOSS,NO,-2.0,Down,0x2d9c122ef647d4981896d96c7f3347e23937b43757c2cadeb5f0e3433fb7e89c,64621606876229822512718279561923448049643753224351069000450848751592989060023
2026-04-25T17:40:00.494508+00:00,2026-04-25T17:50:49.452464+00:00,momentum,"XRP Up or Down - April 25, 1:40PM-1:45PM ET",UP,Up,2.0,0.515,,LOSS,NO,-2.0,Down,0xa1aaa329e45461104eb354d57af57181385eeb2d40a2b9cfd8ed38d6f6f01637,85612822815251302692779436607688700269178116470836140201952384207824812903437
2026-04-25T17:40:01.673927+00:00,2026-04-25T17:50:49.501554+00:00,momentum,"Bitcoin Up or Down - April 25, 1:40PM-1:45PM ET",UP,Up,2.0,0.58,,LOSS,NO,-2.0,Down,0x5ef483540673af52755f2d88b2c5dfcaa9803fd880cbd26c1f5296baab29e019,21591860895917812640408031070784114229133926346507300493129558723270581432373
2026-04-25T17:45:00.634887+00:00,2026-04-25T17:56:53.334311+00:00,momentum,"XRP Up or Down - April 25, 1:45PM-1:50PM ET",UP,Up,4.0,0.51,,LOSS,NO,-4.0,Down,0x6a7eca8bfab7aac1fa127eb7eaeb781c9033242cd8664df7533b5d0d8c85b27b,103678941025147764659682602217863633455063221313478008057780348516945967861272
2026-04-25T17:45:00.639758+00:00,2026-04-25T17:56:53.496492+00:00,momentum,"Solana Up or Down - April 25, 1:45PM-1:50PM ET",UP,Up,4.0,0.62,,WIN,YES,2.451612903225807,Up,0x69318bc1559aa445761212cd0706bbb9eedeaba3c155088f84645f318b911075,109536725372034139003670638931308173707524860001455151669483587733617842942714
2026-04-25T17:45:00.625153+00:00,2026-04-25T17:57:53.977348+00:00,momentum,"Bitcoin Up or Down - April 25, 1:45PM-1:50PM ET",UP,Up,4.0,0.55,,LOSS,NO,-4.0,Down,0xcaacbbce87c1bf7ef66f04b78c4fa3db1400d7cd025a2d93a9d5d5b502f6e13e,21856798762461450764667842501715855422409817584458814925782401919611214704695
2026-04-25T17:45:03.860793+00:00,2026-04-25T17:57:54.180313+00:00,momentum,"Ethereum Up or Down - April 25, 1:45PM-1:50PM ET",DOWN,Down,2.0,0.51,,WIN,YES,1.9215686274509802,Down,0x41750276c6e6274d0610f5706d094aea54a32f4a4605e45ad6c4282df7a45630,102457268711747228723849713073931280822284078052144880761410107099508710792283
2026-04-25T17:50:00.434089+00:00,2026-04-25T17:59:56.196458+00:00,momentum,"XRP Up or Down - April 25, 1:50PM-1:55PM ET",UP,Up,8.0,0.51,,LOSS,NO,-8.0,Down,0xa6df6b0d16ca39b7e84d4a15e5a8e548b79535d9972a6c6791c6824dbe156d9b,92231808779496457603332026702209874384376469138250802434592425225408855685776
2026-04-25T17:50:09.718301+00:00,2026-04-25T17:59:56.353346+00:00,momentum,"Ethereum Up or Down - April 25, 1:50PM-1:55PM ET",DOWN,Down,2.0,0.51,,WIN,YES,1.9215686274509802,Down,0xb75a5937b101243e4e132aa0370252ca05e24e41b00cb20f338aa839fdfe7de5,29470708530992572772976381642438460204756992316761459538739113921390559882698
2026-04-25T17:50:00.417935+00:00,2026-04-25T18:00:55.966062+00:00,momentum,"Solana Up or Down - April 25, 1:50PM-1:55PM ET",UP,Up,2.0,0.51,,LOSS,NO,-2.0,Down,0x79922bb950b606b6ad986499a4dc0ab72b000a04557f504ce3b37982be28e6e2,64063972581545854010392409943442918954495685589781922818374793517279457668356
2026-04-25T17:50:00.424383+00:00,2026-04-25T18:00:56.010024+00:00,momentum,"Bitcoin Up or Down - April 25, 1:50PM-1:55PM ET",UP,Up,8.0,0.52,,LOSS,NO,-8.0,Down,0xbe3c811636ab15c2dbd8e9c0e1c902b862941a43ea6e3d75c10bf0cfbd252af8,1583422153127323267547137974902955788504921788368413063458678827798180263235
2026-04-25T17:55:00.511037+00:00,2026-04-25T18:05:59.235001+00:00,momentum,"XRP Up or Down - April 25, 1:55PM-2:00PM ET",UP,Up,16.0,0.51,,WIN,YES,15.372549019607842,Up,0x9bc325b90bb300b007bccd2c274c195198258a69aa6e687f973c4373e0fbe83f,78768860815894783123284648736833585098414124786199200192352598655592891894781
2026-04-25T17:55:00.526556+00:00,2026-04-25T18:05:59.627884+00:00,momentum,"Bitcoin Up or Down - April 25, 1:55PM-2:00PM ET",UP,Up,8.0,0.52,,WIN,YES,7.384615384615383,Up,0x0feae4f7f20852e636681dd6637e698679b62cd858d4d678757088172968e110,57744698299819534231512279090032948637090557812968376367430550603419861265503
2026-04-25T17:55:00.518830+00:00,2026-04-25T18:06:59.938783+00:00,momentum,"Solana Up or Down - April 25, 1:55PM-2:00PM ET",UP,Up,2.0,0.51,,LOSS,NO,-2.0,Down,0x12802ee1e3684265e5f03a57cb6e9b78bb184a7140fb01b9d66d2000e3c29f08,90883719414288191104190874989615754477276521675469460850741244521117780755973
2026-04-25T17:55:01.533379+00:00,2026-04-25T18:07:00.186702+00:00,momentum,"Ethereum Up or Down - April 25, 1:55PM-2:00PM ET",DOWN,Down,2.0,0.51,,WIN,YES,1.9215686274509802,Down,0x2fa5ec601124896ec0dc9a12db73332d7fab0a5e1259933323c606aff872cc14,89500974804963789685450783928225418574848941522816682356429692168197630017664
2026-04-25T18:00:00.975126+00:00,2026-04-25T18:08:00.943302+00:00,momentum,"Solana Up or Down - April 25, 2:00PM-2:05PM ET",UP,Up,4.0,0.515,,WIN,YES,3.766990291262136,Up,0xd264bfa154af8d61a70c8740060159576aac0529d32ce58f525652d14696ade2,51686902128390191852055746726996738940230670383568669458470655290629858921786
2026-04-25T18:00:00.961216+00:00,2026-04-25T18:09:00.708576+00:00,momentum,"Ethereum Up or Down - April 25, 2:00PM-2:05PM ET",DOWN,Down,4.0,0.515,,LOSS,NO,-4.0,Up,0x2559501dbf0916868848cf9adafa3c746a02e36dfe3da4266111a4e271b1e706,80172027715713595781927882984324743687135933469198041928076238939498142629058
2026-04-25T18:00:06.221458+00:00,2026-04-25T18:09:00.880168+00:00,momentum,"Bitcoin Up or Down - April 25, 2:00PM-2:05PM ET",DOWN,Down,2.0,0.68,,LOSS,NO,-2.0,Up,0xa3f432b9535a66a16376553dc0850597e570945d008a03096fb98928a47f2922,92803700745239778323259969560579865528460459187147462012596390180460538633780
2026-04-25T18:00:00.966757+00:00,2026-04-25T18:10:00.951510+00:00,momentum,"XRP Up or Down - April 25, 2:00PM-2:05PM ET",UP,Up,2.0,0.515,,WIN,YES,1.883495145631068,Up,0xc0e259fcec4dc317be7e79488cdccb1f3a314db0e0ccb758022d6e71d0530926,83463889837159402757411008733716081796146466978456590893412832340255417122301
2026-04-25T18:05:00.586257+00:00,2026-04-25T18:15:04.295699+00:00,momentum,"Solana Up or Down - April 25, 2:05PM-2:10PM ET",UP,Up,2.0,0.52,,LOSS,NO,-2.0,Down,0x893f7f016a6f2feaebebb88c24c441cc340b3d096fe279ba64ad232985388d5e,95088762791544751581131509938802096597835006772919301503436449462026320551933
2026-04-25T18:05:00.600655+00:00,2026-04-25T18:15:04.352726+00:00,momentum,"XRP Up or Down - April 25, 2:05PM-2:10PM ET",UP,Up,2.0,0.52,,LOSS,NO,-2.0,Down,0xb7858d23b897db7003ec875b68f899c366cd7f65108a67b834959886a4516b7a,88349280503676264365993445157991291536043418452728018691799187615524770997101
2026-04-25T18:05:01.767745+00:00,2026-04-25T18:15:04.507230+00:00,momentum,"Ethereum Up or Down - April 25, 2:05PM-2:10PM ET",DOWN,Down,8.0,0.53,,WIN,YES,7.094339622641508,Down,0x41783bdea502821a50b1b1bdd3b21c507d71209e4e19b704785ad09371d4cb54,35604612600839762061203641209539671815025758169853790200892427055084069838211
2026-04-25T18:05:00.573180+00:00,2026-04-25T18:16:03.983340+00:00,momentum,"Bitcoin Up or Down - April 25, 2:05PM-2:10PM ET",UP,Up,4.0,0.515,,LOSS,NO,-4.0,Down,0xff573bf795f1a44955e96254d5f787a442bdbe1b0767edce2b40a3f00c05eebf,49254909133193801309825361314560247729702997290865316574363621407903995897610
2026-04-25T18:10:00.734125+00:00,2026-04-25T18:21:05.649924+00:00,momentum,"Solana Up or Down - April 25, 2:10PM-2:15PM ET",UP,Up,4.0,0.515,,WIN,YES,3.766990291262136,Up,0x9ed0b1b31900195b7d1cb21c1f784c22cf6783b55f1ec4785bd59350f4e14c02,94658477049644381876568697786145710641313229085295984593984035311197209068732
2026-04-25T18:10:00.742791+00:00,2026-04-25T18:21:05.816001+00:00,momentum,"XRP Up or Down - April 25, 2:10PM-2:15PM ET",UP,Up,4.0,0.515,,WIN,YES,3.766990291262136,Up,0x1a022da640e92ac8ff4cb5cebbc1bcfb6390c80ac61dd75a7c0bef664bb49265,101285367226527782046115295045754936203587981288132446379545202589351050958243
2026-04-25T18:10:09.538261+00:00,2026-04-25T18:21:06.128996+00:00,momentum,"Bitcoin Up or Down - April 25, 2:10PM-2:15PM ET",DOWN,Down,4.0,0.6,,WIN,YES,2.666666666666667,Down,0x61b431671499ab0b41d95703e869b92451f8417619fc05dd59a7e1e1b29afa64,103380776381647498336956968910799326670566353786354832449185002030075640881920
2026-04-25T18:10:00.751226+00:00,2026-04-25T18:22:06.274704+00:00,momentum,"Ethereum Up or Down - April 25, 2:10PM-2:15PM ET",DOWN,Down,2.0,0.515,,WIN,YES,1.883495145631068,Down,0xbaf4e4ed52b53ba22917468632a54942247abc2d53e149f7deffeae79d813d22,51441419953170928218678333418117241121562519973033823369175713261541279560202
2026-04-25T18:15:00.507804+00:00,2026-04-25T18:23:07.144792+00:00,momentum,"Ethereum Up or Down - April 25, 2:15PM-2:20PM ET",DOWN,Down,2.0,0.52,,WIN,YES,1.8461538461538458,Down,0x1417074310dc674858292aef10de008370d413bb321e51ac89d6ae06ef54c040,107308588992481633750443698247766062551932043625682184183798082380631520952968
2026-04-25T18:15:03.710157+00:00,2026-04-25T18:23:07.308937+00:00,momentum,"Bitcoin Up or Down - April 25, 2:15PM-2:20PM ET",UP,Up,2.0,0.57,,WIN,YES,1.5087719298245617,Up,0xd5054ae628520fb50c02a8a70d012cde902190e37605ec3d9b7b78b4c51f368a,53356882044726707360179076033106429029589239429657386941935334408925527118057
2026-04-25T18:15:09.705217+00:00,2026-04-25T18:23:07.458756+00:00,momentum,"Solana Up or Down - April 25, 2:15PM-2:20PM ET",UP,Up,2.0,0.58,,WIN,YES,1.4482758620689657,Up,0x32f29c0549babb926de2c66dc76e7e84934e332d3202e572ed805f2c497683f8,17671088282900149282444532434100694179617267806883012330355915409482238079842
2026-04-25T18:15:00.500677+00:00,2026-04-25T18:24:07.505144+00:00,momentum,"XRP Up or Down - April 25, 2:15PM-2:20PM ET",UP,Up,2.0,0.51,,WIN,YES,1.9215686274509802,Up,0x98b5991698bab6cb9790df86140ad978799a4f5a3f214092de7233f6e46b9e6b,49574857357862692715381895962691490982346936165766489987843579079899575562279
2026-04-25T18:20:00.877211+00:00,2026-04-25T18:30:10.248073+00:00,momentum,"XRP Up or Down - April 25, 2:20PM-2:25PM ET",UP,Up,2.0,0.51,,LOSS,NO,-2.0,Down,0x5e78863aca692e9d08f8d9b264df257787060be81094342043a116a26ca37bc0,42623235325312275480998153534713124234931068529508653516134140703464918641691
2026-04-25T18:20:02.043625+00:00,2026-04-25T18:31:10.956830+00:00,momentum,"Bitcoin Up or Down - April 25, 2:20PM-2:25PM ET",UP,Up,2.0,0.52,,WIN,YES,1.8461538461538458,Up,0x7f214f1b6815bf8198f471d5d3ffd89e659fb371bf825c8edd438b4a579023a0,89254280233434613507167313750648891398557125957069106829887439615843551485899
2026-04-25T18:20:02.072839+00:00,2026-04-25T18:31:11.137233+00:00,momentum,"Solana Up or Down - April 25, 2:20PM-2:25PM ET",DOWN,Down,2.0,0.55,,WIN,YES,1.6363636363636362,Down,0x14787f648257b065b514024e63f3c1b43a148f58b61ad4b3bcd5f6c4431985cf,83382782116057767146136724432197915170328466655584123094686915651278102319638
2026-04-25T18:20:02.083916+00:00,2026-04-25T18:31:11.180562+00:00,momentum,"Ethereum Up or Down - April 25, 2:20PM-2:25PM ET",UP,Up,2.0,0.51,,LOSS,NO,-2.0,Down,0xba595850e069edf13f1cfd91b8f5437c6d4257d19db7d3e50cf35b3f6861f0be,115584242686223627151315486357305148920563850392124213588564412212257710023167
2026-04-25T18:25:00.497457+00:00,2026-04-25T18:35:12.125675+00:00,momentum,"Solana Up or Down - April 25, 2:25PM-2:30PM ET",DOWN,Down,2.0,0.51,,LOSS,NO,-2.0,Up,0x913dc71f3af81a0c9eeebedf4518eea2c4ad62cc26fe85d931ba89923e66b834,65941770840731739628525991736225795428770584417761257593304654530518581280488
2026-04-25T18:25:13.690655+00:00,2026-04-25T18:35:12.543320+00:00,momentum,"XRP Up or Down - April 25, 2:25PM-2:30PM ET",UP,Up,2.0,0.51,,WIN,YES,1.9215686274509802,Up,0x5fdc838efbd223c65cf9ba9319fd78d94ef15bd88b1481c1147c18b6476498e9,27306090431579189666252047806526913384963114059073408931542702252704701150690
2026-04-25T18:25:00.506250+00:00,2026-04-25T18:36:13.093233+00:00,momentum,"Bitcoin Up or Down - April 25, 2:25PM-2:30PM ET",DOWN,Down,2.0,0.51,,LOSS,NO,-2.0,Up,0xaf647ffa047d693d41bd1bc2b359e2948ab6c66c742291d1bb7af5b124445f01,31275132899259233171505234663182447366285705548171644334724602235598778395127
2026-04-25T18:25:06.745754+00:00,2026-04-25T18:37:13.722461+00:00,momentum,"Ethereum Up or Down - April 25, 2:25PM-2:30PM ET",UP,Up,4.0,0.51,,WIN,YES,3.8431372549019605,Up,0x9965b7c588a2de06b35afafcce3656c8eba761356c6f61eb80c7852d2e9e7232,79737947311429645174112509011974709587792572817095497663095257242798064982879
2026-04-25T18:30:01.737179+00:00,2026-04-25T18:42:16.125905+00:00,momentum,"Bitcoin Up or Down - April 25, 2:30PM-2:35PM ET",DOWN,Down,4.0,0.53,,LOSS,NO,-4.0,Up,0x3ced7dac61159074c3c01d7b1d3eb432fb63167c0f3fd6b1feb76be1f83c823d,114074543911717419252935739606061507953383427270495290679854319941961339884793
2026-04-25T18:30:01.746370+00:00,2026-04-25T18:42:16.300940+00:00,momentum,"Solana Up or Down - April 25, 2:30PM-2:35PM ET",UP,Up,4.0,0.52,,WIN,YES,3.6923076923076916,Up,0x5f5b51716cf35bab36ed29afe83379521a05a6b1207f28a5579cd46e1ba387ac,67850850046573146054055353795522567142088075381231115955459058788254147353925
2026-04-25T18:30:01.753932+00:00,2026-04-25T18:42:16.347439+00:00,momentum,"Ethereum Up or Down - April 25, 2:30PM-2:35PM ET",DOWN,Down,2.0,0.53,,LOSS,NO,-2.0,Up,0xe4bffe63b707f6a47a1f46187db9b1753f3bad23e492808c0d475ab932ec1267,80001675820390170636163226798602978327106200900210573316902435870173409680597
2026-04-25T18:30:07.952562+00:00,2026-04-25T18:42:16.562337+00:00,momentum,"XRP Up or Down - April 25, 2:30PM-2:35PM ET",UP,Up,2.0,0.56,,WIN,YES,1.5714285714285712,Up,0x70eaeff2ace644ccaf700feb4208bf067dc356d6f08c83fce16563107c389ff3,95195751065205559075903575782744257077019000750375877083865220607830277639735
2026-04-25T18:35:01.273887+00:00,2026-04-25T18:45:18.173553+00:00,momentum,"XRP Up or Down - April 25, 2:35PM-2:40PM ET",DOWN,Down,2.0,0.56,,LOSS,NO,-2.0,Up,0x1f79cfd40e98e8c3ab037544b16558a4a7bf83fa59a22fcec126cd1e99854d6c,87049070942195238922290397365528196130330950853773519138450097693259058099230
2026-04-25T18:35:01.244116+00:00,2026-04-25T18:46:18.518703+00:00,momentum,"Bitcoin Up or Down - April 25, 2:35PM-2:40PM ET",DOWN,Down,4.0,0.57,,WIN,YES,3.0175438596491233,Down,0x3b42ab5e9e0af6f806eb4047558533c1f23e677f3cb971529533b74f87bffe97,90300281616800853496941993183701443931280147355960170850462220634107193372414
2026-04-25T18:35:01.252367+00:00,2026-04-25T18:46:18.680330+00:00,momentum,"Ethereum Up or Down - April 25, 2:35PM-2:40PM ET",DOWN,Down,2.0,0.56,,WIN,YES,1.5714285714285712,Down,0x76ffa06866840f3892f2865aa99f6ed5ce9470c8c890d969c8543a204d382079,71681377461369263227552329121263515039528155818950847662002537434581895020251
2026-04-25T18:35:01.262612+00:00,2026-04-25T18:46:18.862333+00:00,momentum,"Solana Up or Down - April 25, 2:35PM-2:40PM ET",DOWN,Down,2.0,0.51,,WIN,YES,1.9215686274509802,Down,0x8e415d332c163d330880eb859d60a7bc20c3911595cf0d38772cd39c14824466,115581367566154537723388049024795193535156507894008515435247726698744310812961
2026-04-25T18:40:00.662821+00:00,2026-04-25T18:51:20.282999+00:00,momentum,"Solana Up or Down - April 25, 2:40PM-2:45PM ET",DOWN,Down,2.0,0.51,,WIN,YES,1.9215686274509802,Down,0xa65db8bd8ad53de17c38b4ac9380be9c060dcf55f2a67f613f53d7e63e55a1d2,96725732371715490342101629094187550752828393472326675698544751105364989316481
2026-04-25T18:40:00.675054+00:00,2026-04-25T18:51:20.440104+00:00,momentum,"XRP Up or Down - April 25, 2:40PM-2:45PM ET",DOWN,Down,2.0,0.54,,WIN,YES,1.7037037037037033,Down,0xa500493fe76df66f08b1c80a237c01aa9ef28ceaee2e872d4907c6abaf5b2b96,57688912629452247547103650482123790171017114097374929481556889127601725627507
2026-04-25T18:40:00.681803+00:00,2026-04-25T18:51:20.602542+00:00,momentum,"Bitcoin Up or Down - April 25, 2:40PM-2:45PM ET",DOWN,Down,2.0,0.55,,WIN,YES,1.6363636363636362,Down,0x563f93f1219d961e66cf83c2d1d06807c0bd8a07f440c85fb4b257da89e1df43,89709059055160220447831629066680902711049858203229380690876264074235218738351
2026-04-25T18:40:00.690363+00:00,2026-04-25T18:51:20.809708+00:00,momentum,"Ethereum Up or Down - April 25, 2:40PM-2:45PM ET",DOWN,Down,2.0,0.55,,WIN,YES,1.6363636363636362,Down,0x278963aa4b6507b0005b9c3e0bc262dd75c3b7585bfca26e0a4b5ca235d33f0f,21044783110299729042415052921857218666150663784965499924721261473314061596785
2026-04-25T18:45:01.571264+00:00,2026-04-25T18:53:21.765649+00:00,momentum,"Bitcoin Up or Down - April 25, 2:45PM-2:50PM ET",UP,Up,2.0,0.51,,WIN,YES,1.9215686274509802,Up,0x1a90ce38b916b1f5d533c7408c0c612d45502e228c7de5b52c781ed18b2551df,21604216800609019700944077736297129962797430919354482155812398431305638842238
2026-04-25T18:45:00.551567+00:00,2026-04-25T18:54:21.020942+00:00,momentum,"XRP Up or Down - April 25, 2:45PM-2:50PM ET",DOWN,Down,2.0,0.52,,LOSS,NO,-2.0,Up,0xcb9ff32e4541402401bfec09bf0d59331fdacc69ae6d70a401fb9873d1a5a9c2,50703725187259419832192276301681645934085689412400107743273643972374402969349
2026-04-25T18:45:01.581498+00:00,2026-04-25T18:54:21.189958+00:00,momentum,"Ethereum Up or Down - April 25, 2:45PM-2:50PM ET",DOWN,Down,2.0,0.6,,LOSS,NO,-2.0,Up,0xccc24892bfd98ee268726401026675af0d1f89eda5386aeb9c3b915ac71e523f,87901559866594756027399809807085180619538014478963870582413923386310440211733
2026-04-25T18:45:00.560059+00:00,2026-04-25T18:57:23.474455+00:00,momentum,"Solana Up or Down - April 25, 2:45PM-2:50PM ET",UP,Up,2.0,0.51,,WIN,YES,1.9215686274509802,Up,0xb929a26768df4def90c7943602d62abd47f8421612f7d728c0dd8cb8c6bb700e,18619693391281043548697019415923041555809450287563480640760936924180596577123
2026-04-25T18:50:05.337597+00:00,2026-04-25T18:59:25.154748+00:00,momentum,"Solana Up or Down - April 25, 2:50PM-2:55PM ET",UP,Up,2.0,0.53,,LOSS,NO,-2.0,Down,0x1fa1b6b622e65e7ca2baef30147a145ddb2e559cb81353ebb2553fc7262632e3,99806305418272232235155371872347097967391149837471318809733309382894019714961
2026-04-25T18:50:00.867740+00:00,2026-04-25T19:00:24.821543+00:00,momentum,"XRP Up or Down - April 25, 2:50PM-2:55PM ET",DOWN,Down,4.0,0.515,,WIN,YES,3.766990291262136,Down,0x520c83d90964a337bc0dd0522b249e201764b94e842498f69c35c7795a8de9a4,66601395583706571632638216990522041993996924194951117979346164927813451751614
2026-04-25T18:50:00.875013+00:00,2026-04-25T19:00:25.260078+00:00,momentum,"Ethereum Up or Down - April 25, 2:50PM-2:55PM ET",DOWN,Down,4.0,0.515,,WIN,YES,3.766990291262136,Down,0x02ecfc5594716e060a2ebf0392ed429fc1d1a66444bb317198217d249da5f108,17473775428025479384720642250025225881544946412764248229669036945666483657142
2026-04-25T18:50:05.326657+00:00,2026-04-25T19:00:25.333577+00:00,momentum,"Bitcoin Up or Down - April 25, 2:50PM-2:55PM ET",UP,Up,4.0,0.56,,LOSS,NO,-4.0,Down,0x4c782008ba7cd99ab2628ad2d673dfa75f820d857dcfcdd0e392fd977800db91,65442087232201717862031410359837581765191521262948534668256909986797649112410
2026-04-25T18:55:01.888371+00:00,2026-04-25T19:05:26.850801+00:00,momentum,"Ethereum Up or Down - April 25, 2:55PM-3:00PM ET",UP,Up,2.0,0.53,,WIN,YES,1.773584905660377,Up,0xa1258830feade7f0347be406bc11fe3b644c2b6c588241b95df322bc3685af4f,39946842852575661246852848820395940038873373523216942240518006399614488394469
2026-04-25T18:55:05.024344+00:00,2026-04-25T19:05:26.990430+00:00,momentum,"Bitcoin Up or Down - April 25, 2:55PM-3:00PM ET",UP,Up,8.0,0.58,,WIN,YES,5.793103448275863,Up,0x3815f969c4604b2f757db053e27f5052a0513303cef27ee07f0f4004d5c29022,36646519392716123394679465137427877691720285113576372625651103699073298695326
2026-04-25T18:55:01.877756+00:00,2026-04-25T19:06:27.198996+00:00,momentum,"Solana Up or Down - April 25, 2:55PM-3:00PM ET",UP,Up,4.0,0.52,,LOSS,NO,-4.0,Down,0xde2afea7f1562931bdfdd5193b5c562037fb964f3f843756b4a19579ade998e9,80716671801208479732416461694553722707919291833607838841098806261856548719584
2026-04-25T18:55:00.716093+00:00,2026-04-25T19:07:28.172053+00:00,momentum,"XRP Up or Down - April 25, 2:55PM-3:00PM ET",DOWN,Down,2.0,0.515,,WIN,YES,1.883495145631068,Down,0x2e3c921e558556e0536615ff553d536bc364636ca4d44ed96b6905cf24ab3a21,21679625929044130686160630017698275592720676411876481069021135542434753151735
2026-04-25T19:00:00.443250+00:00,2026-04-25T19:08:28.369318+00:00,momentum,"XRP Up or Down - April 25, 3:00PM-3:05PM ET",DOWN,Down,2.0,0.515,,LOSS,NO,-2.0,Up,0x7f7665be81646b7e996d0792af31e7d0b3499f4e84263865877127cda61c82cd,78778245627797817799190437366999231118399681139147148372565584893175562195670
2026-04-25T19:00:01.869636+00:00,2026-04-25T19:08:28.416511+00:00,momentum,"Ethereum Up or Down - April 25, 3:00PM-3:05PM ET",DOWN,Down,2.0,0.51,,LOSS,NO,-2.0,Up,0xc5b7d5f75b1ac059c2e4817a956077a213296b573226843c884bfaa3e308d415,63292308082315841151709738024177897042197758932178881478857349883116041018439
2026-04-25T19:00:01.887749+00:00,2026-04-25T19:08:28.458609+00:00,momentum,"Bitcoin Up or Down - April 25, 3:00PM-3:05PM ET",DOWN,Down,2.0,0.51,,LOSS,NO,-2.0,Up,0x9b42d1b423a69b433a2c5fec81e01fe14df4de12a4ed5904516447f4a3047fb1,12093713874145999176754274377242079529952835457525571487437030256158930246926
2026-04-25T19:00:05.138831+00:00,2026-04-25T19:09:29.190909+00:00,momentum,"Solana Up or Down - April 25, 3:00PM-3:05PM ET",DOWN,Down,4.0,0.62,,LOSS,NO,-4.0,Up,0xd4088c90c6e507a4bfbb8f7e2fd324f61950753ace52d65e90283eb946683960,84693881214217418012499732591211915293086637159810891190427280423102577051031
2026-04-25T19:05:00.537593+00:00,2026-04-25T19:14:32.676512+00:00,momentum,"XRP Up or Down - April 25, 3:05PM-3:10PM ET",DOWN,Down,4.0,0.515,,WIN,YES,3.766990291262136,Down,0xb5103d106c26e1acd73c1730045a938586e63800e89aef7d38cd4a2a56264655,54421238413165069830141887500432906935047688475610290456045633188360553505564
2026-04-25T19:05:00.520313+00:00,2026-04-25T19:15:32.735511+00:00,momentum,"Solana Up or Down - April 25, 3:05PM-3:10PM ET",DOWN,Down,4.0,0.52,,WIN,YES,3.6923076923076916,Down,0x3dc227dca3ae7b1e4f91611c10310bdf57f291a9bb079fcbffbda3d59940ad7e,77462136151290384770318608440219261444496988292697409391462957131612038479380
2026-04-25T19:05:02.633375+00:00,2026-04-25T19:15:32.781522+00:00,momentum,"Ethereum Up or Down - April 25, 3:05PM-3:10PM ET",UP,Up,2.0,0.57,,LOSS,NO,-2.0,Down,0x04b38fb61e42b99365cd5fb36ca43118d1aa1bda32b3f3bde6ab2975908890ba,108290029540031811006532258345500545876996833664362990279350278302527141097501
2026-04-25T19:05:00.499908+00:00,2026-04-25T19:16:32.714117+00:00,momentum,"Bitcoin Up or Down - April 25, 3:05PM-3:10PM ET",UP,Up,4.0,0.515,,LOSS,NO,-4.0,Down,0x7b635341e01ece2a7aa3a033b34c0399bc1b3188d318fe442f5b282072c31625,44535814734099649122271770776413660382421720372542072017384668002191745365512
2026-04-25T19:10:00.811392+00:00,2026-04-25T19:20:35.760643+00:00,momentum,"Ethereum Up or Down - April 25, 3:10PM-3:15PM ET",DOWN,Down,4.0,0.51,,LOSS,NO,-4.0,Up,0x9655d535a1852410f1a5adfaa08195338be9c86c807c1a745d92bdf161391c49,2536868465083554492727071039049344310086654225849830247813933487544394737938
2026-04-25T19:10:07.156129+00:00,2026-04-25T19:20:36.160282+00:00,momentum,"XRP Up or Down - April 25, 3:10PM-3:15PM ET",DOWN,Down,2.0,0.52,,LOSS,NO,-2.0,Up,0x964e46e13a8dabb2b01dd76bb159c73fce8a5dbf9a8edf7b4a69d241eb778cc5,74915741404968613341906270531983268854074803548440128093523869783264590350040
2026-04-25T19:10:00.825604+00:00,2026-04-25T19:21:36.394314+00:00,momentum,"Bitcoin Up or Down - April 25, 3:10PM-3:15PM ET",UP,Up,8.0,0.51,,WIN,YES,7.686274509803921,Up,0x884d364581be4155fb2d31f1cfb11f2ba8f0935c5219e9b810df5e9939aca1cd,77389410481538205402696054054126243775631257431189138752333395773847131740188
2026-04-25T19:10:28.956831+00:00,2026-04-25T19:22:37.108028+00:00,momentum,"Solana Up or Down - April 25, 3:10PM-3:15PM ET",UP,Up,2.0,0.57,,LOSS,NO,-2.0,Down,0xa96f2ca4964022029db9c2e5d4509eb8ac58f6b2e3b4257dd725b69138b9ba9c,114450246627844914016418130320269611472037990786110399738901072519634146289819
2026-04-25T19:15:02.254757+00:00,2026-04-25T19:23:38.063943+00:00,momentum,"Bitcoin Up or Down - April 25, 3:15PM-3:20PM ET",UP,Up,2.0,0.51,,WIN,YES,1.9215686274509802,Up,0x8c74e5602ed2a35d2dbf385f3cdaf96ede3723794b838b575ba8a411904069e2,40757335098008940517426603456240262114843530083902506543996369905502658387401
2026-04-25T19:15:02.284305+00:00,2026-04-25T19:23:38.725677+00:00,momentum,"XRP Up or Down - April 25, 3:15PM-3:20PM ET",UP,Up,4.0,0.52,,WIN,YES,3.6923076923076916,Up,0x07cc4fbcfa7dd8600691bc8aeb25ffbbe4ef3e5fdfcbf6a5cf0fc3a0ea2ac2de,69005694051455083643880266589545383488775981868822142459688373887534520475136
2026-04-25T19:15:02.275133+00:00,2026-04-25T19:24:38.559766+00:00,momentum,"Solana Up or Down - April 25, 3:15PM-3:20PM ET",UP,Up,4.0,0.52,,LOSS,NO,-4.0,Down,0x01cc2a70cbd4717ee239aa74a935b62b822070ef857e01c91cfc2a96eae4748f,29113355517129343819881801480088817069578287561447470814204752361821798528636
2026-04-25T19:15:02.264449+00:00,2026-04-25T19:25:39.678031+00:00,momentum,"Ethereum Up or Down - April 25, 3:15PM-3:20PM ET",UP,Up,8.0,0.51,,WIN,YES,7.686274509803921,Up,0x979e4c238182464dc860ea8cbcd3ea3698d7b460ff072930c4eb9bdd9e2397ce,12515357315674522375133441516966683426110443755130470859873584568830919093359
2026-04-25T19:20:00.306040+00:00,2026-04-25T19:29:40.994001+00:00,momentum,"Solana Up or Down - April 25, 3:20PM-3:25PM ET",UP,Up,8.0,0.515,,WIN,YES,7.533980582524272,Up,0x0b8ef667d6801c4327ebab4995c9b424836fb498619ea79a9627e7dcc4a843ba,45068228012802536693510469498021490123468367922007706261114337815163947362075
2026-04-25T19:20:00.316956+00:00,2026-04-25T19:30:40.998568+00:00,momentum,"XRP Up or Down - April 25, 3:20PM-3:25PM ET",UP,Up,2.0,0.515,,LOSS,NO,-2.0,Down,0xfd135f8e144badbc1052b44b6292ef39f57d93404693841804469a0b42e0b30b,11427943428162008073982295397769047479595627656787363230783821938875648688466
2026-04-25T19:20:01.329911+00:00,2026-04-25T19:30:41.286391+00:00,momentum,"Bitcoin Up or Down - April 25, 3:20PM-3:25PM ET",UP,Up,2.0,0.52,,WIN,YES,1.8461538461538458,Up,0x9c51b2844a4193749186a7e5456dff1ed0a646f377005fd94b6e6386223fb9ec,68692135265188160261190161505276186106588510580841940591859352843709853577203
2026-04-25T19:20:01.352847+00:00,2026-04-25T19:30:41.463091+00:00,momentum,"Ethereum Up or Down - April 25, 3:20PM-3:25PM ET",UP,Up,2.0,0.51,,WIN,YES,1.9215686274509802,Up,0xe85bb22899c0219c19fd6bf55f49789a436fa17d156c584fd94eff2fd525bb58,63852312110716752613631400964990852929079074249376248441804545908420985450894
2026-04-25T19:25:02.164491+00:00,2026-04-25T19:35:43.946857+00:00,momentum,"Bitcoin Up or Down - April 25, 3:25PM-3:30PM ET",DOWN,Down,2.0,0.66,,WIN,YES,1.0303030303030303,Down,0x3ca8e32eee7099259515c9f0b442a00e108e0962cb58fd6921253170293e547d,53273811354128697108972112658582052627209817124971610071771557161084241804225
2026-04-25T19:25:01.046540+00:00,2026-04-25T19:36:43.825556+00:00,momentum,"Solana Up or Down - April 25, 3:25PM-3:30PM ET",UP,Up,2.0,0.515,,LOSS,NO,-2.0,Down,0x1fa05f81deb7186ef94f827e90a6b2664a707889d051ebae4ae8cd054cc49209,95934637394156736409433940050633257459415655731725370804508675186264750243457
2026-04-25T19:25:01.059535+00:00,2026-04-25T19:36:43.863055+00:00,momentum,"XRP Up or Down - April 25, 3:25PM-3:30PM ET",UP,Up,4.0,0.51,,LOSS,NO,-4.0,Down,0x08a15ba3d91662177020b262802606aa99d5670a7a5931a219987673f5d3dc08,7213065863504574210671439565358419108221827569646278909313416810355717316288
2026-04-25T19:25:02.185127+00:00,2026-04-25T19:36:44.061783+00:00,momentum,"Ethereum Up or Down - April 25, 3:25PM-3:30PM ET",DOWN,Down,2.0,0.66,,WIN,YES,1.0303030303030303,Down,0x514f72eda7dbb5f19cac90de4a5f65b006383b664ee9a3adde8ece1774857c33,88224806493121881536402149506719989835171012596050633246928315410980041238752
2026-04-25T19:30:00.200637+00:00,2026-04-25T19:41:46.790819+00:00,momentum,"Solana Up or Down - April 25, 3:30PM-3:35PM ET",UP,Up,4.0,0.515,,WIN,YES,3.766990291262136,Up,0x77f0774c4bda4282c9c3369b9e88f04a5ea4b35e1384d37dd886cda508e3c762,38283762215471943342628346696625684708570547595611863925724168928008692184670
2026-04-25T19:30:01.330628+00:00,2026-04-25T19:42:46.928979+00:00,momentum,"Ethereum Up or Down - April 25, 3:30PM-3:35PM ET",UP,Up,2.0,0.55,,LOSS,NO,-2.0,Down,0x9de2086645fba749a55a9ef74d972d69b89346840f1753b0a1c7fade910b2d34,92785742520949920788505191093767142745085428777670429568177971055189288212367
2026-04-25T19:30:01.345666+00:00,2026-04-25T19:42:46.975770+00:00,momentum,"Bitcoin Up or Down - April 25, 3:30PM-3:35PM ET",UP,Up,2.0,0.54,,LOSS,NO,-2.0,Down,0x62d4b6605b3e4dac22bafb1d7ab2e0a9abd479783462b535b37728b0c40988b6,30017178283316043282761527089930470476642856882647218337401529478369304897426
2026-04-25T19:30:00.219489+00:00,2026-04-25T19:43:47.647352+00:00,momentum,"XRP Up or Down - April 25, 3:30PM-3:35PM ET",UP,Up,8.0,0.515,,WIN,YES,7.533980582524272,Up,0xfc5960a3bcd42e446eb06abe3725b6f15480f6a6db5f4e71a7b8ca73d88d2c8c,84325677073590019584677139005602864074063535465461173900031196674141873792186
2026-04-25T19:35:02.609802+00:00,2026-04-25T19:44:48.499421+00:00,momentum,"Ethereum Up or Down - April 25, 3:35PM-3:40PM ET",UP,Up,4.0,0.71,,WIN,YES,1.633802816901409,Up,0x1af88dd8a0f06aef47f045f0d71e0040a6e8d9fe01f1ccd71c92ac44d154d37c,29246371937241300073486361878817586166709697121204498729811073473170117458154
2026-04-25T19:35:02.631485+00:00,2026-04-25T19:44:48.791862+00:00,momentum,"XRP Up or Down - April 25, 3:35PM-3:40PM ET",UP,Up,2.0,0.54,,WIN,YES,1.7037037037037033,Up,0x7928b55b9b984cb7848b564b5c057aba04297e06e5ab2d7f710d30f329d59a7c,83517667017000759686122412129249806324493838084902513242667381750549767893576
2026-04-25T19:35:00.520341+00:00,2026-04-25T19:45:49.320337+00:00,momentum,"Solana Up or Down - April 25, 3:35PM-3:40PM ET",UP,Up,2.0,0.515,,WIN,YES,1.883495145631068,Up,0xdea90faec8e7686d0bd7e65d1090f3ab88e9ac881f888e3e2e9455bd08e646c6,84432986574238314891208062922293497208002048517195362584686662747300736892071
2026-04-25T19:35:02.621588+00:00,2026-04-25T19:45:49.370130+00:00,momentum,"Bitcoin Up or Down - April 25, 3:35PM-3:40PM ET",UP,Up,2.0,0.63,,LOSS,NO,-2.0,Down,0xf6db3355a2ef1830448d23afbd7f4ebe142929e6e81074205fc100811e326971,40538234105136961547256279424038029815944939740985469222647636869418246375923
2026-04-25T19:40:01.572372+00:00,2026-04-25T19:50:52.271257+00:00,momentum,"XRP Up or Down - April 25, 3:40PM-3:45PM ET",UP,Up,4.0,0.51,,LOSS,NO,-4.0,Down,0xde67a302768b03546915055cb42fdbccfb003e4adc09822205b55fcb62eebc9b,35407779617509061990101866062184381061267790476134900374517732350303942164908
2026-04-25T19:40:01.587746+00:00,2026-04-25T19:50:52.315644+00:00,momentum,"Solana Up or Down - April 25, 3:40PM-3:45PM ET",UP,Up,2.0,0.51,,LOSS,NO,-2.0,Down,0xdf731d8652d8a0b43b30fdfb2c735800e4c0bfc3173335cb616d5bb20501fb23,25326206280800588818640663600480816364253815587439323985910325499630445598784
2026-04-25T19:40:00.383615+00:00,2026-04-25T19:51:52.720894+00:00,momentum,"Bitcoin Up or Down - April 25, 3:40PM-3:45PM ET",UP,Up,2.0,0.515,,LOSS,NO,-2.0,Down,0xab59a5d352f993d51c5376dc2c4d4cf30db28347f56541dc5ff00b6d0fa3fe6f,67757785936247595385626503761179905857225158868402339239473718109378919280119
2026-04-25T19:40:00.404493+00:00,2026-04-25T19:51:52.764990+00:00,momentum,"Ethereum Up or Down - April 25, 3:40PM-3:45PM ET",UP,Up,8.0,0.515,,LOSS,NO,-8.0,Down,0x4953febad03383d3636b54a10122cd89c231ad137a2db06ef09dc3acb6decc00,115556740507454768014267909864043555416512240369297022749251483762835456384633
2026-04-25T19:45:00.787715+00:00,2026-04-25T19:53:54.849690+00:00,momentum,"Bitcoin Up or Down - April 25, 3:45PM-3:50PM ET",UP,Up,4.0,0.57,,WIN,YES,3.0175438596491233,Up,0xf2a8fabf3110f960167cad30c03e943d9588a26f389984bbe8e4338436811903,25417136795826904628523230545097754928390481089151010095943483025646955359260
2026-04-25T19:45:00.813036+00:00,2026-04-25T19:53:55.155296+00:00,momentum,"XRP Up or Down - April 25, 3:45PM-3:50PM ET",UP,Up,8.0,0.51,,WIN,YES,7.686274509803921,Up,0x23c3baa47da059f8f8bb066c0c1d8da058107ccbbdfe642654a5e374c76356dc,76765731476910884839570131562562838351896545940243952157575874708534101866397
2026-04-25T19:45:00.798918+00:00,2026-04-25T19:54:55.574665+00:00,momentum,"Ethereum Up or Down - April 25, 3:45PM-3:50PM ET",UP,Up,16.0,0.53,,WIN,YES,14.188679245283016,Up,0xd15df37fbfe17a2669c72acecd80f50fc56eb01b153c5b1d4e56c1876d645737,59144664031859652899245050005753619692358509193477025410477753133778509570833
2026-04-25T19:45:03.895279+00:00,2026-04-25T19:54:55.698951+00:00,momentum,"Solana Up or Down - April 25, 3:45PM-3:50PM ET",UP,Up,4.0,0.56,,WIN,YES,3.1428571428571423,Up,0x18fc2b8995c62bdfc3b7dfd69e75a66028a396faf31061ad21b85b6ad79509af,26947630157611243402106543550259543848261195472169648924490019428829493785062
2026-04-25T19:50:00.581571+00:00,2026-04-25T19:59:58.482414+00:00,momentum,"Solana Up or Down - April 25, 3:50PM-3:55PM ET",UP,Up,2.0,0.53,,WIN,YES,1.773584905660377,Up,0x2d3eef9ac7021ba59edc825ba069f50b6ca86237b3f9b31c6f6f53c4db1986eb,76683566992583610914667394312248097215293959096500580294552575327495357583288
2026-04-25T19:50:00.597670+00:00,2026-04-25T19:59:58.650665+00:00,momentum,"XRP Up or Down - April 25, 3:50PM-3:55PM ET",UP,Up,2.0,0.51,,WIN,YES,1.9215686274509802,Up,0x5bd3c338bdd804bd98ef70e72ec210fd25b347085d18ad50d61661d4d4c9d3c6,744309795346225112845849934419100704724589956214911832336594562052448389720
2026-04-25T19:50:00.609664+00:00,2026-04-25T19:59:58.784857+00:00,momentum,"Ethereum Up or Down - April 25, 3:50PM-3:55PM ET",UP,Up,2.0,0.53,,WIN,YES,1.773584905660377,Up,0x667343b3991df5de225c3e4e43bee073eb11be2f132a574da4c0eede56e444ab,26084897286758650459303689535044914480835418922482535326837626292682274562005
2026-04-25T19:50:00.565322+00:00,2026-04-25T20:00:58.676212+00:00,momentum,"Bitcoin Up or Down - April 25, 3:50PM-3:55PM ET",UP,Up,2.0,0.53,,WIN,YES,1.773584905660377,Up,0x6bd6419c943e87214a568ee2da9c32e0f10f4719903c545eed624c0c77d49892,78445144418345031803412691922522685136751098749018324178116636253846710591578
2026-04-25T19:55:00.382251+00:00,2026-04-25T20:06:01.466502+00:00,momentum,"Bitcoin Up or Down - April 25, 3:55PM-4:00PM ET",UP,Up,2.0,0.515,,WIN,YES,1.883495145631068,Up,0x2ed919ad47941ba696776646f57425b59a34f8c9710ba9369642cf534065d49e,87575360154211009303942658239474044118538073231104156763049978139830923826446
2026-04-25T19:55:00.403671+00:00,2026-04-25T20:06:01.508720+00:00,momentum,"Ethereum Up or Down - April 25, 3:55PM-4:00PM ET",UP,Up,2.0,0.52,,LOSS,NO,-2.0,Down,0x8d92e4ee85a43024f0f4147be709916739ad6f6e2c54b233f94dd80b5ac6b3cf,112793246870326718591016556310978676775588785381312941790678906020652516063624
2026-04-25T19:55:02.596963+00:00,2026-04-25T20:06:01.822583+00:00,momentum,"XRP Up or Down - April 25, 3:55PM-4:00PM ET",UP,Up,2.0,0.54,,WIN,YES,1.7037037037037033,Up,0x28aed9d90f38f2c134e2b9ef09f20a31872f8883f40f45dfc4d6d555e02b8aa1,112801466986908118839877500684738575964266669341781935806792391892409840589577
2026-04-25T19:55:02.582832+00:00,2026-04-25T20:07:01.983830+00:00,momentum,"Solana Up or Down - April 25, 3:55PM-4:00PM ET",UP,Up,2.0,0.54,,LOSS,NO,-2.0,Down,0x5b6884d89ac4a9b05bba2aacf83b1b75de1803daff2f8af1f03905a43ecf8eda,48389606156003780065905307207611955491943268970907284810263478707566583671470
2026-04-25T20:00:00.363650+00:00,2026-04-25T20:09:03.605472+00:00,momentum,"Bitcoin Up or Down - April 25, 4:00PM-4:05PM ET",UP,Up,2.0,0.515,,LOSS,NO,-2.0,Down,0x6e1006b32d40f80e76d78c4e7f609b363db42585a9e8e184e273df690becc854,110173667514146969883244574960195512480752645948353109292257684114137987617448
2026-04-25T20:00:00.383654+00:00,2026-04-25T20:09:03.641916+00:00,momentum,"Ethereum Up or Down - April 25, 4:00PM-4:05PM ET",UP,Up,4.0,0.515,,LOSS,NO,-4.0,Down,0x32714f6020d8c714367bf6fe17f837c2fda50009f0e1aca7f0dc83110e9899f0,43962279247348058767336905444180653144850758166434023510176569548549659594367
2026-04-25T20:00:00.400471+00:00,2026-04-25T20:10:04.057705+00:00,momentum,"XRP Up or Down - April 25, 4:00PM-4:05PM ET",UP,Up,4.0,0.515,,LOSS,NO,-4.0,Down,0x4d1568240ede4cae96ac320979cc8bed7050fce08a0f2e24c755cbca9d812ba2,68679052394437389019993120253315835899573598592295270274778762060951727491504
2026-04-25T20:00:04.943276+00:00,2026-04-25T20:10:04.100159+00:00,momentum,"Solana Up or Down - April 25, 4:00PM-4:05PM ET",UP,Up,2.0,0.71,,LOSS,NO,-2.0,Down,0x48e3cd65226d73825eba7bda578798778a1979829739f5c3563e9002d7be9987,63296194385030177247065935413966122467836440682978605693872040691063106445971
2026-04-25T20:05:00.822009+00:00,2026-04-25T20:15:06.124171+00:00,momentum,"Solana Up or Down - April 25, 4:05PM-4:10PM ET",UP,Up,4.0,0.51,,WIN,YES,3.8431372549019605,Up,0xdabba5522ed257cf161294f9be5fb5813b82ef2e86889c2aaab1b5d5e3a690d1,1724622871004781123195076407245701580877954688417567381483971229536539530995
2026-04-25T20:05:10.482210+00:00,2026-04-25T20:15:06.287717+00:00,momentum,"XRP Up or Down - April 25, 4:05PM-4:10PM ET",DOWN,Down,8.0,0.55,,LOSS,NO,-8.0,Up,0xba61ab54c05c14591072a6cde1e21461d9b93621e092da1c09156462b4e01f48,104580855916696771772809173375595518892310982129299026036079950827050978015383
2026-04-25T20:05:00.805335+00:00,2026-04-25T20:16:06.834846+00:00,momentum,"Ethereum Up or Down - April 25, 4:05PM-4:10PM ET",UP,Up,8.0,0.51,,WIN,YES,7.686274509803921,Up,0x7cb37584d73d1460dd530ab1b14f69637600b963ebcc0271f74f55915978d1f9,3803240340465313593544320583982890289600881530882196640568003493739721109100
2026-04-25T20:05:04.335762+00:00,2026-04-25T20:16:06.993905+00:00,momentum,"Bitcoin Up or Down - April 25, 4:05PM-4:10PM ET",UP,Up,4.0,0.59,,WIN,YES,2.779661016949153,Up,0x36c1e47f3489d84130785aa3b675325795eaa720543db23db68c12e0799bf134,24176955951009750565757350969377473257840966695910157661263301938273731035689
2026-04-25T20:10:15.544460+00:00,2026-04-25T20:20:08.976706+00:00,momentum,"XRP Up or Down - April 25, 4:10PM-4:15PM ET",UP,Up,16.0,0.51,,LOSS,NO,-16.0,Down,0xcf23c1ae753fe2bd1811aa06e8ed7e20175d7b195beeaa2285f9228d5bd269d3,8308528476178332745010429202555762255799589983948339011350341330821721105545
2026-04-25T20:10:00.884655+00:00,2026-04-25T20:21:08.918935+00:00,momentum,"Solana Up or Down - April 25, 4:10PM-4:15PM ET",DOWN,Down,2.0,0.515,,LOSS,NO,-2.0,Up,0xbaeeda5b749cc7b8c0cc259c0f98452706400dfe56a47449f142992378f594da,61385993194156026299375163107025669764104152386547357907493529686944535183746
2026-04-25T20:10:00.848613+00:00,2026-04-25T20:22:08.990763+00:00,momentum,"Ethereum Up or Down - April 25, 4:10PM-4:15PM ET",DOWN,Down,2.0,0.51,,LOSS,NO,-2.0,Up,0xf1543c28d336a042bbb7a80bea0cc92055f38867268bfc983a97e2f9ea22b696,48295484223463331534412794546965240422130341365205579991479451721714999673269
2026-04-25T20:10:01.988803+00:00,2026-04-25T20:22:09.031120+00:00,momentum,"Bitcoin Up or Down - April 25, 4:10PM-4:15PM ET",DOWN,Down,2.0,0.51,,LOSS,NO,-2.0,Up,0xfa52c8d9efb1b5a931f5770b9fb70499015311f008d6ac8e9bc128a67769a38a,72826306611156421739925752739943729309769565480331980893327579347294138708107
2026-04-25T20:15:33.255714+00:00,2026-04-25T20:24:10.191661+00:00,momentum,"Ethereum Up or Down - April 25, 4:15PM-4:20PM ET",UP,Up,4.0,0.6,,WIN,YES,2.666666666666667,Up,0x5340a7f0f706425a3adb8c8e797f5ba6cebbe293c4ad184a66e13328b89e4551,3495705832656891130138587464802865770873359811954838656258948320054593584287
2026-04-25T20:15:33.267707+00:00,2026-04-25T20:24:10.344400+00:00,momentum,"XRP Up or Down - April 25, 4:15PM-4:20PM ET",UP,Up,32.0,0.64,,WIN,YES,18.0,Up,0x2573e931016c8af171581dfa6a79888cd7f0bbcae062b03042dba3da8199c866,80236543106638143563685411062523800629201464918119531704320793349533903873060
2026-04-25T20:15:36.522307+00:00,2026-04-25T20:24:10.503409+00:00,momentum,"Solana Up or Down - April 25, 4:15PM-4:20PM ET",UP,Up,4.0,0.52,,WIN,YES,3.6923076923076916,Up,0x5b6175ef460a780f2f090a59a96148ede671704d65338befced2d87d9bee9c76,115061430194346532260099125654379016026618337446170250768910171971271801716729
2026-04-25T20:15:33.241591+00:00,2026-04-25T20:25:09.935105+00:00,momentum,"Bitcoin Up or Down - April 25, 4:15PM-4:20PM ET",DOWN,Down,4.0,0.52,,LOSS,NO,-4.0,Up,0x157e9834cb94de204d8c6bf98e9059f76988cfc2c8affbe77495435bfe8eb610,36347267916646038089048438180750983392355310648248099384322405093296103688293
2026-04-25T20:20:00.862056+00:00,2026-04-25T20:30:11.907477+00:00,momentum,"Bitcoin Up or Down - April 25, 4:20PM-4:25PM ET",DOWN,Down,8.0,0.51,,LOSS,NO,-8.0,Up,0x4814657d8242b5db1b08920a93f4a50e10f04b7b18ceae769c41aa00ccce1ce3,51519365269062624998091228080266118183960828568475938546708246793693943259448
2026-04-25T20:20:00.893760+00:00,2026-04-25T20:30:12.065177+00:00,momentum,"Solana Up or Down - April 25, 4:20PM-4:25PM ET",DOWN,Down,2.0,0.51,,LOSS,NO,-2.0,Up,0x3f31bef3469d7a9237e34be19d940c570ebffe324c8af34fa9f46e6af5cce658,104535286378676114948241720644267718173040587312715663815918556488409326860531
2026-04-25T20:20:04.478334+00:00,2026-04-25T20:30:12.105372+00:00,momentum,"XRP Up or Down - April 25, 4:20PM-4:25PM ET",DOWN,Down,2.0,0.51,,LOSS,NO,-2.0,Up,0xecf4020e80f62ed12308d37a1672154d5dc6a3c76372f7a059a35a99a9a92301,28466245325957324104044153132323444100340527560913367102585221691676723096051
2026-04-25T20:20:00.878289+00:00,2026-04-25T20:31:12.465836+00:00,momentum,"Ethereum Up or Down - April 25, 4:20PM-4:25PM ET",DOWN,Down,2.0,0.61,,WIN,YES,1.278688524590164,Down,0xddfd02efdce7623e00b47a0ba1f5c5ac7d686fdd72f2bb1559c067d0fdc3ea28,22123073181058732033080422550488945096211939183183840875433731244205111562348
2026-04-25T20:25:00.637568+00:00,2026-04-25T20:35:14.798510+00:00,momentum,"Bitcoin Up or Down - April 25, 4:25PM-4:30PM ET",DOWN,Down,16.0,0.54,,LOSS,NO,-16.0,Up,0x6ed4964b06450e4bca1a247eeda9b17ff4612ceca088ad3ae2cd916d615b9e07,53594923277400597460971819510826472574868993376270277546516008530918452495090
2026-04-25T20:25:00.654262+00:00,2026-04-25T20:36:15.637011+00:00,momentum,"Solana Up or Down - April 25, 4:25PM-4:30PM ET",DOWN,Down,4.0,0.52,,WIN,YES,3.6923076923076916,Down,0x57b07dfa3455b50227925e3d821084d18d276c62bb68b67ce0271de749c8be4b,79627812306706328790057722685260001892489098447424211757555261303438472305699
2026-04-25T20:25:03.728815+00:00,2026-04-25T20:36:15.801394+00:00,momentum,"Ethereum Up or Down - April 25, 4:25PM-4:30PM ET",UP,Up,2.0,0.57,,WIN,YES,1.5087719298245617,Up,0x70c49c8bca71bc260d212dcc801c9e20955309df1ec66ab5b41e87a32b8a5841,40858643763483044951715705165970882512250581656987607805654471260364452459398
2026-04-25T20:25:49.868323+00:00,2026-04-25T20:36:15.847701+00:00,momentum,"XRP Up or Down - April 25, 4:25PM-4:30PM ET",DOWN,Down,4.0,0.51,,LOSS,NO,-4.0,Up,0x16168db74aac8ca80ffb32ad21d27739231b4ed731f28b75c7687546dd36b38d,42339722910382318796340908679636735208586390816006786181871345003123495690918
2026-04-25T20:30:01.020924+00:00,2026-04-25T20:39:16.895432+00:00,momentum,"Solana Up or Down - April 25, 4:30PM-4:35PM ET",DOWN,Down,2.0,0.515,,WIN,YES,1.883495145631068,Down,0x81eac931bb779c2546541048be1f2455bc9e9f8b9a03aa1c5279b0def442bea5,45329738834948515662818503688198829674915087815679048692327067008163141005990
2026-04-25T20:30:01.038951+00:00,2026-04-25T20:39:16.929054+00:00,momentum,"Ethereum Up or Down - April 25, 4:30PM-4:35PM ET",DOWN,Down,2.0,0.515,,LOSS,NO,-2.0,Up,0x2e54dfb02ade2957bcec2a1a9062ec64fd81f52fe57f9379f0599bd8b69fe575,4675265351858933569667905944305189951763981585940697586242701964122436853678
2026-04-25T20:30:03.925881+00:00,2026-04-25T20:39:17.211888+00:00,momentum,"Bitcoin Up or Down - April 25, 4:30PM-4:35PM ET",DOWN,Down,32.0,0.56,,WIN,YES,25.14285714285714,Down,0x43bf4b3eb0d832dd60648d37e2bbdf80dc6e2e6dcb75e22bffe193a2a7b605d4,13983711113366807925290789130250014738351355890249787909217402184759678782906
2026-04-25T20:30:01.060632+00:00,2026-04-25T20:40:17.275525+00:00,momentum,"XRP Up or Down - April 25, 4:30PM-4:35PM ET",DOWN,Down,8.0,0.515,,WIN,YES,7.533980582524272,Down,0x3a744a5644f86481dd239ebf190ebf6ae44a939e1c8c4e55a3cff97d11c10ae5,2133834525325219489040491688814877342465308654369505933435844607763456657772
2026-04-25T20:35:00.203276+00:00,2026-04-25T20:44:19.501435+00:00,momentum,"Solana Up or Down - April 25, 4:35PM-4:40PM ET",DOWN,Down,2.0,0.515,,LOSS,NO,-2.0,Up,0x39d10c7ab32a3635e757341bc5cbde541b5fcd4e9a2869613589e73a7b3758c4,45059938309440531227934969098932659338911378543556042936596278262707482816940
2026-04-25T20:35:02.338012+00:00,2026-04-25T20:44:19.903858+00:00,momentum,"Bitcoin Up or Down - April 25, 4:35PM-4:40PM ET",DOWN,Down,2.0,0.55,,WIN,YES,1.6363636363636362,Down,0xbcb15fcef38577c6d36c855b9ecca1e6e65ffb47faea73c5f2ea6cc09a13fea3,19444902796462725847662004269986713612095108998959840936305911640720875236290
2026-04-25T20:35:00.218072+00:00,2026-04-25T20:45:20.523950+00:00,momentum,"Ethereum Up or Down - April 25, 4:35PM-4:40PM ET",DOWN,Down,4.0,0.515,,WIN,YES,3.766990291262136,Down,0x9ad932416a060f8e95da1e1eba6da3da726eef275d84a0a567305368e42dc622,32446884019402078321492766068677962049900105590794941261495148401382685442470
2026-04-25T20:35:00.230282+00:00,2026-04-25T20:45:20.567755+00:00,momentum,"XRP Up or Down - April 25, 4:35PM-4:40PM ET",DOWN,Down,2.0,0.51,,LOSS,NO,-2.0,Up,0x41ed34ca432cf3fd49a35e7e01d115a7cd9ba24027ea14ad62c60bb82a0e1c68,100140993100851238230355248344261686643015059627018843083195179286434108060573
2026-04-25T20:40:00.277046+00:00,2026-04-25T20:51:23.861606+00:00,momentum,"Solana Up or Down - April 25, 4:40PM-4:45PM ET",DOWN,Down,4.0,0.515,,LOSS,NO,-4.0,Up,0x317e41e1e9e6fda9a1e8ffe72eba30c17c372b27658712688e4144f897105e93,51296475846522283743795758741588023949879091036896192162548142753427909348457
2026-04-25T20:40:02.434464+00:00,2026-04-25T20:51:23.904034+00:00,momentum,"Ethereum Up or Down - April 25, 4:40PM-4:45PM ET",UP,Up,2.0,0.57,,LOSS,NO,-2.0,Down,0xb64804e1a3dbacf16599fa691009bae0963ae0ae43636a1223f420ff287b0f94,98343507046271062668368819092660708354937996767510398054932765345685725277407
2026-04-25T20:40:05.575009+00:00,2026-04-25T20:51:24.064931+00:00,momentum,"XRP Up or Down - April 25, 4:40PM-4:45PM ET",UP,Up,4.0,0.51,,LOSS,NO,-4.0,Down,0x39a892b51bf0ded1aa8dc9a1b9c62199eca5468feb13339f2ddb44b79726832e,40393257300343575649479114830512145383776928674383430430652070546975531290490
2026-04-25T20:40:02.447167+00:00,2026-04-25T20:52:24.395322+00:00,momentum,"Bitcoin Up or Down - April 25, 4:40PM-4:45PM ET",UP,Up,2.0,0.59,,WIN,YES,1.3898305084745766,Up,0x09afadb6065d7515ac1e04705e68df7730347b5844ddae1b735a58ed4cf984b8,107484503701810405906051082095130058794803671738852258685852720893123252330299
2026-04-25T20:45:00.288556+00:00,2026-04-25T20:53:24.886466+00:00,momentum,"Ethereum Up or Down - April 25, 4:45PM-4:50PM ET",DOWN,Down,4.0,0.52,,WIN,YES,3.6923076923076916,Down,0x1a7496c83687e5e464fc1e6686c509375c32f8b91f47866b2c4fc8618be0541f,76414133839160237896830140733835659330185732921528633945682670908126427212137
2026-04-25T20:45:00.322925+00:00,2026-04-25T20:54:25.054690+00:00,momentum,"Solana Up or Down - April 25, 4:45PM-4:50PM ET",DOWN,Down,2.0,0.515,,LOSS,NO,-2.0,Up,0x64adcfd4088cdd97051760a3ad0e06faff04eea45c8330a48aaf51193962b2a1,85944767259512042544433775037844284048560318227965514441005294469259002747659
2026-04-25T20:45:31.715968+00:00,2026-04-25T20:54:25.248545+00:00,momentum,"Bitcoin Up or Down - April 25, 4:45PM-4:50PM ET",UP,Up,4.0,0.63,,WIN,YES,2.349206349206349,Up,0x37de046e4ce6cd338971ac7dfb0ef3c943c6bcb5699b18ab34b23e174d088f2f,21038746056694707777397650027940940183941474116566120844165183988171486673423
2026-04-25T20:45:31.731830+00:00,2026-04-25T20:55:25.945100+00:00,momentum,"XRP Up or Down - April 25, 4:45PM-4:50PM ET",UP,Up,8.0,0.57,,WIN,YES,6.035087719298247,Up,0xc6b73e2e12e6af0cd66404111709d660f4a1698cc38557a4013aa5c3fbd348dd,113493054966812871687471920546595592193645286521227098958176903963536129163064
2026-04-25T20:50:02.808832+00:00,2026-04-25T20:59:28.312296+00:00,momentum,"XRP Up or Down - April 25, 4:50PM-4:55PM ET",DOWN,Down,2.0,0.54,,LOSS,NO,-2.0,Up,0xb6da7a780871619cd7a812bd7020df453b9793dc28c6ef10d82142c3db94ce67,87144092802782332617771367261302118051267607095295437568419077112367070612390
2026-04-25T20:50:00.615442+00:00,2026-04-25T21:00:28.608839+00:00,momentum,"Solana Up or Down - April 25, 4:50PM-4:55PM ET",DOWN,Down,4.0,0.515,,LOSS,NO,-4.0,Up,0x3272dd1c607d2e8de6406b4e42a078ff6ac14611a64b9625e38b6f9cab144552,64607795943679222586280901513366373862861137137797119162121520970171557522289
2026-04-25T20:50:06.000458+00:00,2026-04-25T21:00:28.660131+00:00,momentum,"Bitcoin Up or Down - April 25, 4:50PM-4:55PM ET",DOWN,Down,2.0,0.54,,LOSS,NO,-2.0,Up,0x4af87dcdadff0b91a0b3c774d13bc05dcefc80326e8895651b645b5db89a3e53,106580955642948552694416558308024106168287346385893138786926704652811915032657
2026-04-25T20:50:06.016487+00:00,2026-04-25T21:00:28.868458+00:00,momentum,"Ethereum Up or Down - April 25, 4:50PM-4:55PM ET",UP,Up,2.0,0.6,,WIN,YES,1.3333333333333335,Up,0xc9dc4e79f0bda61490bb27509679e67d8e10603ee989474923b93c23432a7c65,81156508187772117226245180177244584521279531165871711832531244353012343158403
2026-04-25T20:55:00.785962+00:00,2026-04-25T21:05:30.694701+00:00,momentum,"Solana Up or Down - April 25, 4:55PM-5:00PM ET",DOWN,Down,8.0,0.51,,LOSS,NO,-8.0,Up,0x63031dbb86916a063a368591bb977314d3c066cb95eb17a931c1173094f4c3f3,66159024333103958068499593377424515431889270945216721427065272033699193750167
2026-04-25T20:55:00.798857+00:00,2026-04-25T21:05:30.731259+00:00,momentum,"Ethereum Up or Down - April 25, 4:55PM-5:00PM ET",DOWN,Down,2.0,0.51,,LOSS,NO,-2.0,Up,0x39802e38d6fa79e692af696bcee91b5c395a1dd339d4ec72a92c3d3b28e8041d,48829975804158805079234997229954010024832807420496474972175217626265384349435
2026-04-25T20:55:00.771678+00:00,2026-04-25T21:06:31.224009+00:00,momentum,"Bitcoin Up or Down - April 25, 4:55PM-5:00PM ET",DOWN,Down,4.0,0.51,,LOSS,NO,-4.0,Up,0xc18232138d9c0766c7de82e4ae671dcb2315fa7966ea95a7115ffa4111f7cce1,73262357661772373265609176749064684077316079081597498300549389242423107543589
2026-04-25T20:55:19.410720+00:00,2026-04-25T21:06:31.379507+00:00,momentum,"XRP Up or Down - April 25, 4:55PM-5:00PM ET",UP,Up,4.0,0.52,,WIN,YES,3.6923076923076916,Up,0xdf8a75b64349423032cdb36b2797bfda8a983e976c04f41798ab126a442e44f9,82145946526029689096199040799918413653036388737306260460527050323073587387950
2026-04-25T21:00:16.312766+00:00,2026-04-25T21:08:32.757468+00:00,momentum,"XRP Up or Down - April 25, 5:00PM-5:05PM ET",UP,Up,2.0,0.51,,WIN,YES,1.9215686274509802,Up,0x7d55b6ffbd406d0c33f14de31b9de7635de8e93f3c603217121147d0176c55f8,45099801328554064265635435767073696102328550793027134114023063713909215811793
2026-04-25T21:00:00.769425+00:00,2026-04-25T21:09:33.030026+00:00,momentum,"Bitcoin Up or Down - April 25, 5:00PM-5:05PM ET",DOWN,Down,4.0,0.515,,LOSS,NO,-4.0,Up,0x503ae1568b1f7483d2cf4e880c76c27fb1cf7132298f8102c517137ecdb13f01,81083928180551368826688271191050826894982876126044879236702548511146477600082
2026-04-25T21:00:00.785477+00:00,2026-04-25T21:09:33.103291+00:00,momentum,"Solana Up or Down - April 25, 5:00PM-5:05PM ET",DOWN,Down,8.0,0.555,,LOSS,NO,-8.0,Up,0xb1830cfb30866517d85168e3f236d13b43ec17798761828eadfac5797eb9845d,1268861482271200192683051612923081924893277789423287918418315182352667940604
2026-04-25T21:00:03.399545+00:00,2026-04-25T21:09:33.143960+00:00,momentum,"Ethereum Up or Down - April 25, 5:00PM-5:05PM ET",DOWN,Down,4.0,0.52,,LOSS,NO,-4.0,Up,0x12fe6668cde5f12f59a179948ef710b7810fddd94b42efb0bae0e9e3780c250d,31414768940146507799171551465252306900012431467079897920993479893614191802823
2026-04-25T21:05:00.530715+00:00,2026-04-25T21:14:35.882502+00:00,momentum,"Solana Up or Down - April 25, 5:05PM-5:10PM ET",DOWN,Down,4.0,0.535,,LOSS,NO,-4.0,Up,0x9c94267750ceee6bb65bd3ad887b1c253f3bfcd48812a3c0d63ceb7d20f9c420,47659106936126055681446673899198894981872938071881485920335972534707195946851
2026-04-25T21:05:00.545379+00:00,2026-04-25T21:14:35.921773+00:00,momentum,"XRP Up or Down - April 25, 5:05PM-5:10PM ET",DOWN,Down,2.0,0.52,,LOSS,NO,-2.0,Up,0x0d3622daf0a92c8b40d9d96b1ac914ed226c3aa8929ffe093a9ba2907b2a50be,60927784656085555605092358278419376337947341659163217856071407625307956360129
2026-04-25T21:05:00.502103+00:00,2026-04-25T21:15:35.776107+00:00,momentum,"Ethereum Up or Down - April 25, 5:05PM-5:10PM ET",DOWN,Down,8.0,0.535,,LOSS,NO,-8.0,Up,0x2520cb1d78e2b4b8d6297d816f282c2755d9d403b754cc7571d725a55b942994,31218307161722878289550344079535876028366701258657949222188056831704021750126
2026-04-25T21:05:00.516696+00:00,2026-04-25T21:15:35.824552+00:00,momentum,"Bitcoin Up or Down - April 25, 5:05PM-5:10PM ET",DOWN,Down,4.0,0.515,,LOSS,NO,-4.0,Up,0xc60edfc2d5ae6a31fc6f0f6bd5210228fe27ca9ad0ed377c7dd03becc31a265c,102373684409308201748726875797949560458060859883897419707965490106673601881930
2026-04-25T21:10:00.775352+00:00,2026-04-25T21:20:39.657831+00:00,momentum,"Ethereum Up or Down - April 25, 5:10PM-5:15PM ET",DOWN,Down,2.0,0.535,,LOSS,NO,-2.0,Up,0xbd215d61c76a5fe17283d2729b83c2380658e17bd1cb5f005183353d1e69e94a,3468844759284787500316540907508783735875114027595402980014132155469309458473
2026-04-25T21:10:00.790885+00:00,2026-04-25T21:20:39.699358+00:00,momentum,"Solana Up or Down - April 25, 5:10PM-5:15PM ET",DOWN,Down,2.0,0.53,,LOSS,NO,-2.0,Up,0x748b7134f9528475b37fb003104432e2929d6c4284a6d8d671d6add44e2c8bff,103443801192356455950005082995015671533685769529138725625089038343224518356025
2026-04-25T21:10:00.821415+00:00,2026-04-25T21:20:39.854286+00:00,momentum,"XRP Up or Down - April 25, 5:10PM-5:15PM ET",DOWN,Down,4.0,0.525,,LOSS,NO,-4.0,Up,0x277ff5da8ac1219909bc7af3f1a9d726d9cbaec2a1edb611db5882dc05dcf6a0,93529808990263861007459952497814549983130795097170065770422353612703821394599
2026-04-25T21:10:00.805862+00:00,2026-04-25T21:21:40.296891+00:00,momentum,"Bitcoin Up or Down - April 25, 5:10PM-5:15PM ET",DOWN,Down,8.0,0.525,,WIN,YES,7.238095238095237,Down,0x5ebb9623799d9b3d6a210c3c1516166df21cb9174a64f958fd94f297f0066238,4368963265365270793911689075433404889560574683428191066462090487408406911959
2026-04-25T21:15:01.040369+00:00,2026-04-25T21:23:42.106741+00:00,momentum,"XRP Up or Down - April 25, 5:15PM-5:20PM ET",DOWN,Down,8.0,0.525,,WIN,YES,7.238095238095237,Down,0xd4ca666e7fc04e6fe2b4e5b78c07cfe684b96f3c6ee5e517cf338274e9e752fc,12535992803675821346707676293754698260219714737963870050643826387856735187455
2026-04-25T21:15:00.990586+00:00,2026-04-25T21:24:42.061031+00:00,momentum,"Solana Up or Down - April 25, 5:15PM-5:20PM ET",DOWN,Down,4.0,0.525,,LOSS,NO,-4.0,Up,0xea31e5d7828fc8f44228fc64a74852f261a6527cb75fef5abcfc783a632ed8c6,54788625536521356317802586625500628974650345174215253865794502797371748232899
2026-04-25T21:15:01.011721+00:00,2026-04-25T21:24:42.226958+00:00,momentum,"Ethereum Up or Down - April 25, 5:15PM-5:20PM ET",DOWN,Down,4.0,0.535,,WIN,YES,3.4766355140186915,Down,0x2920c5892bfdecf2c27ad7abfad24d0996baa310a7137c783a2803345756c9a1,30077924950900399112735937479357548363514091062938101611766638940468013027553
2026-04-25T21:15:02.143661+00:00,2026-04-25T21:24:42.374255+00:00,momentum,"Bitcoin Up or Down - April 25, 5:15PM-5:20PM ET",DOWN,Down,2.0,0.53,,WIN,YES,1.773584905660377,Down,0xe6c02601de97bdbbdbb7494c431ec7fda7e4925c2d3693a07e8141f51d0e6e49,57522637580616378339861637089906919053197425282708193738672967030626183611274
2026-04-25T21:20:00.509635+00:00,2026-04-25T21:29:44.500076+00:00,momentum,"Bitcoin Up or Down - April 25, 5:20PM-5:25PM ET",DOWN,Down,2.0,0.53,,LOSS,NO,-2.0,Up,0x18a32f569e145f8dc069814f380c85e15b0db4eb6d998135e677554ab5878003,99005802721366163572359056323065567248793467979573414513578458405431826178723
2026-04-25T21:20:00.491604+00:00,2026-04-25T21:30:45.276793+00:00,momentum,"Solana Up or Down - April 25, 5:20PM-5:25PM ET",DOWN,Down,8.0,0.56,,LOSS,NO,-8.0,Up,0xc038dccc69aae7177e387d56dde3d80cd3382dc25dfe158b749f5211155ce4c3,65767873728948200581847566006424220932547621427882079174047575687355995269447
2026-04-25T21:20:00.528256+00:00,2026-04-25T21:30:45.442273+00:00,momentum,"XRP Up or Down - April 25, 5:20PM-5:25PM ET",DOWN,Down,2.0,0.51,,WIN,YES,1.9215686274509802,Down,0x56f7c99c7bc092201e95618a7dd4fb793a9c0c01a14bcdc443ca0ae322603dc9,31553532378096695938538276211241188449694189107648574848282643550760135397225
2026-04-25T21:20:00.547316+00:00,2026-04-25T21:30:45.485768+00:00,momentum,"Ethereum Up or Down - April 25, 5:20PM-5:25PM ET",DOWN,Down,2.0,0.58,,LOSS,NO,-2.0,Up,0xe9d1948fe798ce125b2c4f8aa43600f2b01d6fce8617c9d2e61e9964ceebf4cf,55644622969509957249197261836267306555577971852056769829782038524657102392410
2026-04-25T21:25:00.247158+00:00,2026-04-25T21:35:48.608370+00:00,momentum,"Ethereum Up or Down - April 25, 5:25PM-5:30PM ET",DOWN,Down,4.0,0.535,,WIN,YES,3.4766355140186915,Down,0x4d50777d4bf33cead86d872ac47c9f31b7ef90b1355800af2c9f0015a50c9892,80136678170962088891075840715594847914217567744211151395077066554636230586791
2026-04-25T21:25:00.267063+00:00,2026-04-25T21:35:48.778778+00:00,momentum,"Solana Up or Down - April 25, 5:25PM-5:30PM ET",DOWN,Down,2.0,0.525,,WIN,YES,1.8095238095238093,Down,0xb45cb9cc6c6a017feb1b429d1c89de160358138562251e65fca3c44375297901,61046834988474014677239692127355747874486647909712029270982175304293980313519
2026-04-25T21:25:01.435095+00:00,2026-04-25T21:35:48.953742+00:00,momentum,"Bitcoin Up or Down - April 25, 5:25PM-5:30PM ET",DOWN,Down,4.0,0.64,,LOSS,NO,-4.0,Up,0xd385b6db68d401a75fb51fd2ee9668b5ceef55dafb84e9ec39d3bd35e78e3e3a,82666715012846394799097975460156670963822734906650350955813988498531731918969
2026-04-25T21:25:00.290847+00:00,2026-04-25T21:36:49.309491+00:00,momentum,"XRP Up or Down - April 25, 5:25PM-5:30PM ET",DOWN,Down,2.0,0.515,,WIN,YES,1.883495145631068,Down,0x601171898d05bf115cce93a09d39b2d8e58fac163c63e7fc2f055d577edec4ce,68232593826045736597713775919849189629373845918043266854534839268517270284619
2026-04-25T21:30:00.532002+00:00,2026-04-25T21:42:53.930949+00:00,momentum,"Bitcoin Up or Down - April 25, 5:30PM-5:35PM ET",DOWN,Down,2.0,0.515,,WIN,YES,1.883495145631068,Down,0x979f0cfdf9bb48becf2062b7a44076efe880985057a4baed8567d0d6be3f307c,14773828824049866643789570760938587115228077858578978736488964876177898850724
2026-04-25T21:30:00.584043+00:00,2026-04-25T21:42:54.480659+00:00,momentum,"Ethereum Up or Down - April 25, 5:30PM-5:35PM ET",DOWN,Down,2.0,0.535,,WIN,YES,1.7383177570093458,Down,0xe59dac06adc8f9d539a048d3f98f6136cf2d59d0d652524ce90a00b41b1f8e94,81540100430538450638581869230403764539653885531806261600403972983336666109532
2026-04-25T21:30:00.648934+00:00,2026-04-25T21:42:54.866932+00:00,momentum,"Solana Up or Down - April 25, 5:30PM-5:35PM ET",DOWN,Down,2.0,0.525,,WIN,YES,1.8095238095238093,Down,0xa0cc52d0bacf51e24bd7e6dbbace880ff7fcfcf316229bda824338bf314773e2,34216208994254258786383321459486316929009528709438577573193058935681186589691
2026-04-25T21:30:00.670040+00:00,2026-04-25T21:42:55.019953+00:00,momentum,"XRP Up or Down - April 25, 5:30PM-5:35PM ET",DOWN,Down,2.0,0.515,,WIN,YES,1.883495145631068,Down,0x6f3463ce572ecce02bf858aeddef46dcd51a01aa5ae189532f15f29623a6264a,24372246975369102047286655728141266570364086433139301207475427690819408158130
2026-04-25T21:35:03.590295+00:00,2026-04-25T21:44:54.469130+00:00,momentum,"XRP Up or Down - April 25, 5:35PM-5:40PM ET",UP,Up,2.0,0.57,,WIN,YES,1.5087719298245617,Up,0xff0a92df602a0c318950342af65a93cc9c2a75e0ba1bee62f03a75d7495974e4,87147445377980762257858079431708261940797353538233917094165717729549262526357
2026-04-25T21:35:00.423338+00:00,2026-04-25T21:45:54.243313+00:00,momentum,"Bitcoin Up or Down - April 25, 5:35PM-5:40PM ET",DOWN,Down,2.0,0.54,,WIN,YES,1.7037037037037033,Down,0xcf65a042298875c091bff1f2213918d46c19b4db839561dc7da20771d42f053c,45306214908049132393168049638217588450538738456497161422820462797485497620479
2026-04-25T21:35:00.446785+00:00,2026-04-25T21:45:54.382625+00:00,momentum,"Ethereum Up or Down - April 25, 5:35PM-5:40PM ET",DOWN,Down,2.0,0.51,,WIN,YES,1.9215686274509802,Down,0xb7c6fcf2fd419812604e1ce0ced15054290e37e77796d9ab76636446b7f61918,60855094902754482651638782656939322506554183042505611340456008781627978549673
2026-04-25T21:35:09.923288+00:00,2026-04-25T21:45:54.421220+00:00,momentum,"Solana Up or Down - April 25, 5:35PM-5:40PM ET",UP,Up,2.0,0.53,,LOSS,NO,-2.0,Down,0xe9fc810fcc3e4a1b0814ad44d1de7df3e7221d377ab46de84147ce564c3c981d,113623211237487771913882439050661152216042216247314114908443131190832891457292
2026-04-25T21:40:03.929445+00:00,2026-04-25T21:50:57.166799+00:00,momentum,"Solana Up or Down - April 25, 5:40PM-5:45PM ET",UP,Up,4.0,0.56,,LOSS,NO,-4.0,Down,0xf3c3b5a49d7c2c1be163d51ed42328523b6af7a0ad74e409674d36f5912e875c,5175489573208990927111495998761389275828692143989442761467950106031848940210
2026-04-25T21:40:00.811311+00:00,2026-04-25T21:51:57.901793+00:00,momentum,"Ethereum Up or Down - April 25, 5:40PM-5:45PM ET",DOWN,Down,2.0,0.51,,WIN,YES,1.9215686274509802,Down,0x3c098adbe26a35496c3eb837523d6760a94c03c966d39466e99e1033bb3f8a5e,110473067231171807919001787473527084098600767039245394775629296064287215364646
2026-04-25T21:40:03.906093+00:00,2026-04-25T21:51:57.935992+00:00,momentum,"Bitcoin Up or Down - April 25, 5:40PM-5:45PM ET",DOWN,Down,2.0,0.55,,LOSS,NO,-2.0,Up,0xb80da0631e72e87a6a9749ff4d50cf6178f631185c612627c4c10841981102cb,47378679814453466210390984957213690388099743599370040735334741316466878433434
2026-04-25T21:40:03.953220+00:00,2026-04-25T21:51:58.084531+00:00,momentum,"XRP Up or Down - April 25, 5:40PM-5:45PM ET",UP,Up,2.0,0.56,,WIN,YES,1.5714285714285712,Up,0x97660f9058a740ee9dd5a5d483f4fb9816b7b0c3d272a11dcdbce3588ff47d2f,89201830492078962806204372870992462586747183493521707075226252564777848568775
2026-04-25T21:45:00.236758+00:00,2026-04-25T21:54:00.211314+00:00,momentum,"XRP Up or Down - April 25, 5:45PM-5:50PM ET",DOWN,Down,2.0,0.54,,LOSS,NO,-2.0,Up,0x800e18d8dd6a2afb2f41edbc8e93b5ee320d2fbf9a87c86d9e0829e9e2e51034,44310918041613499178579040375898187821059825021428257469076067247684917921762
2026-04-25T21:45:00.287872+00:00,2026-04-25T21:54:00.544619+00:00,momentum,"Bitcoin Up or Down - April 25, 5:45PM-5:50PM ET",UP,Up,4.0,0.51,,WIN,YES,3.8431372549019605,Up,0x6190ea11afde1a5ace1f277a84a83b2d3512d0e45a6ab1e53fb51055d98932f8,21058277119013279559980703599585380522907934018477830668408008694897400500039
2026-04-25T21:45:00.264947+00:00,2026-04-25T21:55:00.527795+00:00,momentum,"Solana Up or Down - April 25, 5:45PM-5:50PM ET",UP,Up,8.0,0.52,,WIN,YES,7.384615384615383,Up,0x7bf73311021f29541e866d6c61780b4ba493bf8a66378f9faa11e7d98747a2cf,96991106462515914643703608479288689044469933700060738611681606908132957103661
2026-04-25T21:45:03.393927+00:00,2026-04-25T21:55:00.679198+00:00,momentum,"Ethereum Up or Down - April 25, 5:45PM-5:50PM ET",UP,Up,4.0,0.57,,WIN,YES,3.0175438596491233,Up,0x0ce3f57ffe26ebd303cdd3218cdbc52dcdd1d313550e57c799e5b40e5c9124f5,101126092030173171594002770248638617845543134603565038562443826050042826752707
2026-04-25T21:50:02.384814+00:00,2026-04-25T22:00:02.980290+00:00,momentum,"Ethereum Up or Down - April 25, 5:50PM-5:55PM ET",DOWN,Down,2.0,0.59,,LOSS,NO,-2.0,Up,0xfe7dddbc0d38bcae2e9c8164aa0ed50ca8fd0782cb9184ae05a35f2559e59a33,72499995278503761889562082561945463930069301807133997681411103860867066498783
2026-04-25T21:50:05.472013+00:00,2026-04-25T22:00:03.208154+00:00,momentum,"XRP Up or Down - April 25, 5:50PM-5:55PM ET",DOWN,Down,4.0,0.54,,WIN,YES,3.4074074074074066,Down,0x0d98a6eb5644071c304c618865c26ff5d71dddb592756538e708324c860e950d,112438981808753983177750660607358561060055416531392972178045482856790065066080
2026-04-25T21:50:00.220084+00:00,2026-04-25T22:01:03.025989+00:00,momentum,"Solana Up or Down - April 25, 5:50PM-5:55PM ET",UP,Up,2.0,0.515,,WIN,YES,1.883495145631068,Up,0x8222337a2befa61de6d7ae3f4a6627e962127d4e9d68a78bd9104d164304a3fe,81420506034088389633772077307009746007800204483390556772772359374884410033763
2026-04-25T21:50:02.366210+00:00,2026-04-25T22:01:03.070091+00:00,momentum,"Bitcoin Up or Down - April 25, 5:50PM-5:55PM ET",DOWN,Down,2.0,0.54,,LOSS,NO,-2.0,Up,0xe353d2e586e55e19ee7c130ae13dff32b6b8e6e0822e68279040290e98ae0004,68191791105049897067853673266088658358841416243541567312585627956332395667982
2026-04-25T21:55:00.325837+00:00,2026-04-25T22:06:05.908756+00:00,momentum,"Solana Up or Down - April 25, 5:55PM-6:00PM ET",UP,Up,2.0,0.515,,LOSS,NO,-2.0,Down,0x8f9d8cc6acd828d35d210485d43e60f1054aa03949b0fc9c8bd39465a375090c,26109077107464951103283974817813978369016254141809189753616424076344177357018
2026-04-25T21:55:02.456750+00:00,2026-04-25T22:06:06.098944+00:00,momentum,"Bitcoin Up or Down - April 25, 5:55PM-6:00PM ET",UP,Up,4.0,0.52,,WIN,YES,3.6923076923076916,Up,0x138afe4d78c79c7f581b38c56065f32d60f1b5cc50cbe3ef5f625ade91c68a37,50870811555647422500745863678922983226140706013064766779760699142657919976611
2026-04-25T21:55:15.056212+00:00,2026-04-25T22:06:06.361080+00:00,momentum,"Ethereum Up or Down - April 25, 5:55PM-6:00PM ET",UP,Up,4.0,0.55,,WIN,YES,3.2727272727272725,Up,0x246f2071a445ab89a357a664d128972195f5bd6a91631d6b13bac237738c24de,54904979720884194579454036208447715934591951880934754073497987839572672042587
2026-04-25T21:55:02.474579+00:00,2026-04-25T22:07:06.474496+00:00,momentum,"XRP Up or Down - April 25, 5:55PM-6:00PM ET",DOWN,Down,2.0,0.53,,LOSS,NO,-2.0,Up,0xddacabb0630f1dbeb1ee1389447dfbea9c7383095f762ab1de2a3d7fb17e12b5,72553340597262163248133781306323977428923415729845720509657080074867586810988
2026-04-25T22:00:00.332409+00:00,2026-04-25T22:11:09.200140+00:00,momentum,"Ethereum Up or Down - April 25, 6:00PM-6:05PM ET",DOWN,Down,8.0,0.635,,LOSS,NO,-8.0,Up,0x224d18be3c6567e21196ab23b0ee740104e787d87f18c470619c4cb2be3a6eb5,101474092968179159274132538300407150467919776912080207010052093581963658848058
2026-04-25T22:00:02.545814+00:00,2026-04-25T22:12:10.450420+00:00,momentum,"XRP Up or Down - April 25, 6:00PM-6:05PM ET",DOWN,Down,4.0,0.58,,LOSS,NO,-4.0,Up,0x28904677b9cc015f85f1b0be3a8a2b3d0b6368033007d98747f1b4601556589b,52360843199307280987839131318909067511717978325907208739827361346216182114381
2026-04-25T22:00:00.350571+00:00,2026-04-25T22:13:10.541214+00:00,momentum,"Solana Up or Down - April 25, 6:00PM-6:05PM ET",UP,Up,4.0,0.515,,WIN,YES,3.766990291262136,Up,0xc453103b2c9dc8ab2d620dc374f5baa9ddc7eb621aa55509fcbd28d5d1161e28,69404155737095302598903205049916966439208378817496739281475725820082052954512
2026-04-25T22:00:02.529625+00:00,2026-04-25T22:13:10.576941+00:00,momentum,"Bitcoin Up or Down - April 25, 6:00PM-6:05PM ET",DOWN,Down,2.0,0.54,,LOSS,NO,-2.0,Up,0xb1d2e07c02374198a3eb7cfe8848187695f3f2b99c28e950ce9518219700f3ab,48625062045012755802017913827122841000669822437771390555947171055289663086172
2026-04-25T22:05:00.233969+00:00,2026-04-25T22:14:11.065031+00:00,momentum,"Solana Up or Down - April 25, 6:05PM-6:10PM ET",UP,Up,2.0,0.515,,WIN,YES,1.883495145631068,Up,0x20a30caa1d90099280e7ba0342e1c5ecace4e2b0f5f770a8a6f8c1a48456dfca,1442303275070811419775718584700512127455770517211429990315580784436924712960
2026-04-25T22:05:21.897294+00:00,2026-04-25T22:14:11.352023+00:00,momentum,"XRP Up or Down - April 25, 6:05PM-6:10PM ET",UP,Up,8.0,0.68,,LOSS,NO,-8.0,Down,0x27353ad6cec44c871088f0c7d69b551e5dc3ab8708bdc3b1e576dc11d293d221,68135603739970294046246259012877706589724063400091408462946066423829386449026
2026-04-25T22:05:00.278024+00:00,2026-04-25T22:15:11.819289+00:00,momentum,"Ethereum Up or Down - April 25, 6:05PM-6:10PM ET",DOWN,Down,16.0,0.515,,WIN,YES,15.067961165048544,Down,0x994fa41712f9b6cb20cb57fdea250eec784e0fd30da6d4f8c3023e8adbebf8a2,9542428508882962797787000738213596141779173234244043828400606485282443912899
2026-04-25T22:05:02.442076+00:00,2026-04-25T22:15:11.861083+00:00,momentum,"Bitcoin Up or Down - April 25, 6:05PM-6:10PM ET",DOWN,Down,2.0,0.52,,LOSS,NO,-2.0,Up,0xcbc504cdc771fb361d6536b121425f2c73bdf344e0ec2f32913979976662ee59,32639918650495549442582953208716886046119528862511397473487524148383522980283
2026-04-25T22:10:03.155732+00:00,2026-04-25T22:21:14.340648+00:00,momentum,"Ethereum Up or Down - April 25, 6:10PM-6:15PM ET",DOWN,Down,2.0,0.54,,WIN,YES,1.7037037037037033,Down,0xce2c0dc89ac9287db735138b14e76332780dcc868928be1ae5a6b72045aef618,69998110117290052064537589306227378681322318078466999577341508774353559745443
2026-04-25T22:10:03.174838+00:00,2026-04-25T22:21:14.520355+00:00,momentum,"Solana Up or Down - April 25, 6:10PM-6:15PM ET",DOWN,Down,2.0,0.61,,WIN,YES,1.278688524590164,Down,0x1bf8f3d8996791e5c62def6771069e3e8eeaf0bb225223dc62c7c03d6bdf26e4,111077565369750611889933236585189345482115943029072539595255518693306091027142
2026-04-25T22:10:03.136006+00:00,2026-04-25T22:22:15.134573+00:00,momentum,"Bitcoin Up or Down - April 25, 6:10PM-6:15PM ET",DOWN,Down,4.0,0.64,,WIN,YES,2.25,Down,0xccccbbfc0fb964141cd08d5a870d09e137dfe15f04f8a08b22225d3326ae3b0f,93913603445658405502077263629408294249692197098572364742492421124531219852204
2026-04-25T22:10:06.396407+00:00,2026-04-25T22:22:15.282759+00:00,momentum,"XRP Up or Down - April 25, 6:10PM-6:15PM ET",DOWN,Down,16.0,0.56,,WIN,YES,12.57142857142857,Down,0x74e6da05c5d42f34baf1f82814bc45014e969846b5b3b58fe166b465bf294607,21863142131505050853027268862455649800867802058339875389299482047625913888610
2026-04-25T22:15:02.017969+00:00,2026-04-25T22:23:15.452478+00:00,momentum,"XRP Up or Down - April 25, 6:15PM-6:20PM ET",DOWN,Down,2.0,0.55,,LOSS,NO,-2.0,Up,0x4216027955794c2fb0e4162bce9c763ff636a5549ee8e56d69b71c9da87e2464,19175915015226640774057700364236921822384637696421563897062778832707088698025
2026-04-25T22:15:02.037534+00:00,2026-04-25T22:23:15.599827+00:00,momentum,"Solana Up or Down - April 25, 6:15PM-6:20PM ET",DOWN,Down,2.0,0.52,,WIN,YES,1.8461538461538458,Down,0x76d567567efc7b1b0f644bbaede21fd5d9936cdc1dec40ca132f51dbe2167438,35002842561411537525626396661402951454599114173904795954040364500974966867575
2026-04-25T22:15:01.978294+00:00,2026-04-25T22:24:15.119835+00:00,momentum,"Bitcoin Up or Down - April 25, 6:15PM-6:20PM ET",DOWN,Down,2.0,0.58,,LOSS,NO,-2.0,Up,0x06bafc492d4ed5bd1e5111a4dc8663ec91c558765c33aa19ffcd79fdfa3baf48,1587133819014249008931007344475134733182351068451881175166639267752859606495
2026-04-25T22:15:01.998002+00:00,2026-04-25T22:24:15.266411+00:00,momentum,"Ethereum Up or Down - April 25, 6:15PM-6:20PM ET",DOWN,Down,2.0,0.53,,WIN,YES,1.773584905660377,Down,0xd84144c4e2dd157f052c85e168c9ad0c5cbc4bb62e0381b8f0b45dbdd73d10c1,14220453504184958209679747134486524450670330473898050581309417279634044160206
2026-04-25T22:20:00.848830+00:00,2026-04-25T22:30:19.913349+00:00,momentum,"Solana Up or Down - April 25, 6:20PM-6:25PM ET",DOWN,Down,2.0,0.515,,LOSS,NO,-2.0,Up,0xb238da3c29a111a25a88e5c637b17ba81ff22355188dad504a4ab7d9ff11d055,89868942030648151182376052242411214947386953960005394161720837901664421663795
2026-04-25T22:20:03.215632+00:00,2026-04-25T22:30:19.949996+00:00,momentum,"Bitcoin Up or Down - April 25, 6:20PM-6:25PM ET",DOWN,Down,4.0,0.52,,LOSS,NO,-4.0,Up,0xa90246a53fac2b848ef67e74f7a180e8cab17cc93133d42cf11bf1976b8a2ed7,84383409054557810120719786712723164231164762404855521818222710860497616418365
2026-04-25T22:20:06.356642+00:00,2026-04-25T22:30:19.989377+00:00,momentum,"Ethereum Up or Down - April 25, 6:20PM-6:25PM ET",DOWN,Down,2.0,0.53,,LOSS,NO,-2.0,Up,0x0e4e7cc0140f5be83e02746529f4fe4007dc7e77c16e5b6592a80ea2eec70f56,84307087108096822165297896047844217294401052315367695537291872617717631578332
2026-04-25T22:20:25.750936+00:00,2026-04-25T22:30:20.166760+00:00,momentum,"XRP Up or Down - April 25, 6:20PM-6:25PM ET",UP,Up,4.0,0.54,,WIN,YES,3.4074074074074066,Up,0xb0c435541dce430daf1c90bad53af1efb0a3f48bb88248c2d3f1217ca1cb530e,7084113618738411618278053620928019675612051473515203550645401836976528710491
2026-04-25T22:25:00.538076+00:00,2026-04-25T22:35:23.049989+00:00,momentum,"Solana Up or Down - April 25, 6:25PM-6:30PM ET",DOWN,Down,4.0,0.515,,LOSS,NO,-4.0,Up,0x9f6d89281e63eb729b7560fd58c5bc936dd49c9a9d5b583b4a6ef3bd691693da,68547071163098101345996777012442244425104019423554485811192619881180254207686
2026-04-25T22:25:01.640439+00:00,2026-04-25T22:35:23.099843+00:00,momentum,"Bitcoin Up or Down - April 25, 6:25PM-6:30PM ET",DOWN,Down,8.0,0.53,,LOSS,NO,-8.0,Up,0xfff37ee47176ab0b30c9f4391151b7955c3e0357a00ad64b10bdff214a5bb7d6,7474374090122232379082638742158880116055823735453973942145323784531492077308
2026-04-25T22:25:01.667017+00:00,2026-04-25T22:36:23.098240+00:00,momentum,"XRP Up or Down - April 25, 6:25PM-6:30PM ET",DOWN,Down,2.0,0.51,,LOSS,NO,-2.0,Up,0x93279baaac1d2a3d31ca7c84a65a471e14eb688caa185f678101b05b1e2c272a,74489423333429278918304605259203504338371812274240374189774745356659821883935
2026-04-25T22:25:05.009500+00:00,2026-04-25T22:36:23.139221+00:00,momentum,"Ethereum Up or Down - April 25, 6:25PM-6:30PM ET",DOWN,Down,4.0,0.52,,LOSS,NO,-4.0,Up,0x00441e5b8e2c17228f1c7304908f3f9949b1bd026b2dec7eb80e3d27d24d2fb4,111747984379440806648895718607078683247427250211957074910874432353937406436026
2026-04-25T22:30:00.690424+00:00,2026-04-25T22:38:24.482910+00:00,momentum,"Ethereum Up or Down - April 25, 6:30PM-6:35PM ET",DOWN,Down,8.0,0.53,,LOSS,NO,-8.0,Up,0xf0cc248f05202a10d20ded893495c46723da76374cc478150a23180818a0b299,94261774662109039686575286337655389891124915846874048094928402449555857307054
2026-04-25T22:30:00.738957+00:00,2026-04-25T22:38:24.679275+00:00,momentum,"XRP Up or Down - April 25, 6:30PM-6:35PM ET",DOWN,Down,4.0,0.52,,LOSS,NO,-4.0,Up,0xcf5bef4ba9cde71ea7be8fce7a6fad10b5df2a062c7a049fccea56b82a1974ce,48919439860539866399568035035459617031552811640016250118646654762702336514597
2026-04-25T22:30:00.712900+00:00,2026-04-25T22:39:24.525777+00:00,momentum,"Solana Up or Down - April 25, 6:30PM-6:35PM ET",DOWN,Down,8.0,0.53,,LOSS,NO,-8.0,Up,0xb5f8ed3140c9868dede6b3b86a056443cc280fdc2ca23115fbec693bba3908d9,81320399077665267628883980415957275450582703610706132788080055708774550424825
2026-04-25T22:30:00.662713+00:00,2026-04-25T22:40:25.345755+00:00,momentum,"Bitcoin Up or Down - April 25, 6:30PM-6:35PM ET",DOWN,Down,16.0,0.53,,LOSS,NO,-16.0,Up,0x002f6c9402ca3cac62cd99933bf434fe7a7b530b90fe347256073a90b5501d8d,35310505324279144954404371754276693317133041193703907038444500762821076857253
2026-04-25T22:35:00.494750+00:00,2026-04-25T22:44:27.533172+00:00,momentum,"Solana Up or Down - April 25, 6:35PM-6:40PM ET",DOWN,Down,16.0,0.515,,WIN,YES,15.067961165048544,Down,0xf6e89dcd4ebc04f35c99ce9f63c0c292acc55b4260383ca864de27ba8f806947,11554599703528762219225885492075898489653048095710840591842601554975363467683
2026-04-25T22:35:01.676594+00:00,2026-04-25T22:44:28.634069+00:00,momentum,"Ethereum Up or Down - April 25, 6:35PM-6:40PM ET",DOWN,Down,16.0,0.6,,WIN,YES,10.666666666666668,Down,0x9dd7e02e544f19e45781f5ba812578d67e4f82151bb5dc54311f5ce7cd8d8200,27215963400064804713046438033943007169496292854573214753603463449505782275151
2026-04-25T22:35:01.639128+00:00,2026-04-25T22:46:28.993567+00:00,momentum,"Bitcoin Up or Down - April 25, 6:35PM-6:40PM ET",DOWN,Down,32.0,0.59,,WIN,YES,22.237288135593225,Down,0x527c5e9bc82852879b7a2b685c908d722bb055a742082e36e37ccf109ec0645b,60729256310815600886557190606837454373208789505843353105010489145976146983429
2026-04-25T22:35:01.707210+00:00,2026-04-25T22:46:29.133477+00:00,momentum,"XRP Up or Down - April 25, 6:35PM-6:40PM ET",DOWN,Down,8.0,0.54,,WIN,YES,6.814814814814813,Down,0x7775a935f9b88c99f7420d4c0637c9fd52c003c78a037a7002df749c3b0492b8,42542915734916738310740961543534305951258787084919097090385371708021234994590
2026-04-25T22:40:00.172861+00:00,2026-04-25T22:51:30.341694+00:00,momentum,"Solana Up or Down - April 25, 6:40PM-6:45PM ET",DOWN,Down,2.0,0.51,,LOSS,NO,-2.0,Up,0x29e11e77dea0767f18e291047c73da673b33a0d0d545b8f313caf834164ac8c6,27795418886533214897922471613501553900183968078902523701454636951627874378209
2026-04-25T22:40:00.192916+00:00,2026-04-25T22:51:30.502939+00:00,momentum,"Ethereum Up or Down - April 25, 6:40PM-6:45PM ET",DOWN,Down,2.0,0.515,,WIN,YES,1.883495145631068,Down,0xb70e97a66b305ecb6df2c27ed5253a14aafd6c44464dd897d86c34504a6be9eb,103528231401707276207081530872748294522022723667397975417592750820008278768809
2026-04-25T22:40:01.213742+00:00,2026-04-25T22:51:30.539166+00:00,momentum,"XRP Up or Down - April 25, 6:40PM-6:45PM ET",DOWN,Down,2.0,0.55,,LOSS,NO,-2.0,Up,0x152a8a858a44161eea36d8cd62f02955060462cd6927284435ecf79d68913a33,20152994700049218128832883320497203030345137416784785220917278661921659819007
2026-04-25T22:40:00.147391+00:00,2026-04-25T22:52:30.722972+00:00,momentum,"Bitcoin Up or Down - April 25, 6:40PM-6:45PM ET",DOWN,Down,2.0,0.52,,LOSS,NO,-2.0,Up,0x4271796de7fee6163ec6116e161f0419ee0f5315387be0fc91335fafbee763e9,38917167924589372890151221854082458201019446726634200851808475309259463431434
2026-04-25T22:45:01.039102+00:00,2026-04-25T22:53:31.822255+00:00,momentum,"Bitcoin Up or Down - April 25, 6:45PM-6:50PM ET",DOWN,Down,4.0,0.52,,WIN,YES,3.6923076923076916,Down,0xe59ce15d8672d4c5827b6d9e27de40670a25efe301e6b9058f49a5caff7ab6f0,43210586575080359172120720164794231465310530516528078743228238774027966107057
2026-04-25T22:45:01.068157+00:00,2026-04-25T22:54:32.113812+00:00,momentum,"Ethereum Up or Down - April 25, 6:45PM-6:50PM ET",DOWN,Down,2.0,0.515,,WIN,YES,1.883495145631068,Down,0x57a5dc590d149cfbfa8db90f7a8c2d6d84217d74b162847ed6eb80923f28a6ff,77896366347490450033592957411779971507923431177601252849456157835424744847389
2026-04-25T22:45:01.091543+00:00,2026-04-25T22:54:32.253438+00:00,momentum,"Solana Up or Down - April 25, 6:45PM-6:50PM ET",DOWN,Down,4.0,0.51,,WIN,YES,3.8431372549019605,Down,0x304f102843cc49ede6209f40d1106c0feed752a6356fa392efc472a3c5347357,72083144061260118671835404707445028576313741070905417503613108571730537247028
2026-04-25T22:45:02.221478+00:00,2026-04-25T22:54:32.411586+00:00,momentum,"XRP Up or Down - April 25, 6:45PM-6:50PM ET",DOWN,Down,4.0,0.65,,WIN,YES,2.1538461538461533,Down,0x9cb5da0e688394231801291d79769473b2893ec9b0f920bd51f3c20a9e21b3e0,112716049501593711197548281535997141976142365126550638112752330300121236462240
2026-04-25T22:50:00.690280+00:00,2026-04-25T23:00:35.524301+00:00,momentum,"Ethereum Up or Down - April 25, 6:50PM-6:55PM ET",DOWN,Down,2.0,0.515,,WIN,YES,1.883495145631068,Down,0x1e1555a7209861598e26e5a337f1876da8f5d12b7d7389790a64069b69d87b78,45271406018325377592594482628960976334554459081076487315930085056765157574043
2026-04-25T22:50:01.806527+00:00,2026-04-25T23:00:35.690788+00:00,momentum,"Bitcoin Up or Down - April 25, 6:50PM-6:55PM ET",DOWN,Down,2.0,0.57,,WIN,YES,1.5087719298245617,Down,0x38bef0a8082fbd01f93755e7f1580ef88148513d39903f44be8d45e97924b51c,24579760113473906790928981355727186469962960370640005464751710738914809106339
2026-04-25T22:50:00.648897+00:00,2026-04-25T23:01:36.027209+00:00,momentum,"Solana Up or Down - April 25, 6:50PM-6:55PM ET",DOWN,Down,2.0,0.515,,WIN,YES,1.883495145631068,Down,0x9adf68689ac9acfe73edf6f9fb7a2bb067b82cdd18ee62aad7e84e767c830559,26596003020504473332441613618117393361188536974169242734812208287179829942418
2026-04-25T22:50:00.670060+00:00,2026-04-25T23:01:36.088738+00:00,momentum,"XRP Up or Down - April 25, 6:50PM-6:55PM ET",DOWN,Down,2.0,0.515,,LOSS,NO,-2.0,Up,0x3c7ac045618d5d266294f64bcc469ddecf228c9a9a805468da2a9181ccf41d8a,95856896632241918803561432159570720776554454601473118928944519545216661711301
2026-04-25T22:55:01.700585+00:00,2026-04-25T23:05:38.774450+00:00,momentum,"XRP Up or Down - April 25, 6:55PM-7:00PM ET",DOWN,Down,4.0,0.58,,WIN,YES,2.8965517241379315,Down,0xf167de27469e84103f469660736d5be2283d622b202b2969edc0e222e940e2a1,93010180929172930340388940891403523583633304156619468274445740895539731508795
2026-04-25T22:55:00.438863+00:00,2026-04-25T23:06:38.593409+00:00,momentum,"Bitcoin Up or Down - April 25, 6:55PM-7:00PM ET",DOWN,Down,2.0,0.515,,LOSS,NO,-2.0,Up,0x1825b353bca2126d53525edad5b629d0dc2e56c9cd24b09f038b114ce43d8016,102539853942003644490592831359638660407006432503676034657347771264731527086271
2026-04-25T22:55:00.460258+00:00,2026-04-25T23:06:38.734418+00:00,momentum,"Ethereum Up or Down - April 25, 6:55PM-7:00PM ET",DOWN,Down,2.0,0.515,,WIN,YES,1.883495145631068,Down,0xd98c00f4de94885eb3f8f780ee2009f60804f0b044c508e2e0d50f90e0b6968f,28418867811539893066158829817844641885689954405072095751108231390949217215371
2026-04-25T22:55:00.488081+00:00,2026-04-25T23:07:39.787673+00:00,momentum,"Solana Up or Down - April 25, 6:55PM-7:00PM ET",DOWN,Down,2.0,0.515,,WIN,YES,1.883495145631068,Down,0xcb83e1f890b5fab528006b67a238722eef3ef5c46b2b541e977754f8f9208b3f,102831969246997426027398468809117753426842766487928640488544838515424753064173
2026-04-25T23:00:01.144856+00:00,2026-04-25T23:08:40.412855+00:00,momentum,"Solana Up or Down - April 25, 7:00PM-7:05PM ET",DOWN,Down,2.0,0.51,,WIN,YES,1.9215686274509802,Down,0x7562a10c78af9c480d60e2be19da7eef26f8359267ce3f2386f640b84333eecf,16597646367500793964531572694679940304090230782449826016894700157795062569982
2026-04-25T23:00:01.117560+00:00,2026-04-25T23:09:41.308939+00:00,momentum,"Bitcoin Up or Down - April 25, 7:00PM-7:05PM ET",UP,Up,4.0,0.56,,WIN,YES,3.1428571428571423,Up,0x9ba670707d3ad925b5f93326212f48efeb743abf65a1d167cf8b22808243cbb6,356058137554432857729570292447103214995567114359642476540339448435093781808
2026-04-25T23:00:04.248577+00:00,2026-04-25T23:09:41.463856+00:00,momentum,"Ethereum Up or Down - April 25, 7:00PM-7:05PM ET",UP,Up,2.0,0.58,,WIN,YES,1.4482758620689657,Up,0x52ccad719dc98ae9a527a93149ce537aee63e67dd05c9aaf0ac053c602fb4598,56790646884317975737482999722203648646135331208292953718801661174582220794898
2026-04-25T23:00:40.710039+00:00,2026-04-25T23:09:41.505094+00:00,momentum,"XRP Up or Down - April 25, 7:00PM-7:05PM ET",UP,Up,2.0,0.52,,LOSS,NO,-2.0,Down,0x0e2863664c7d9e25f6a081bf8bf2518678ec459867eae766284aff76e7621e5b,47730725058037299054301155239627573049169290810126951548926630032410745988712
2026-04-25T23:05:04.161117+00:00,2026-04-25T23:14:43.922085+00:00,momentum,"Bitcoin Up or Down - April 25, 7:05PM-7:10PM ET",DOWN,Down,2.0,0.52,,LOSS,NO,-2.0,Up,0x5788fcc000159aa6a2a8b21a143a47a43eee2502190c649e23259ba2ff54041d,88376740947500612153605355146430567622925531664666210298003738711676801873013
2026-04-25T23:05:19.538058+00:00,2026-04-25T23:14:44.098414+00:00,momentum,"XRP Up or Down - April 25, 7:05PM-7:10PM ET",UP,Up,4.0,0.6,,LOSS,NO,-4.0,Down,0xcb2d43346ec0e2f82ea2fd1db0e3f1dad23c5103b031ed2bf316ea5cfaff249c,102467565138888087445849872064709877651210669762460285544908085072512185643753
2026-04-25T23:05:01.060716+00:00,2026-04-25T23:15:44.567318+00:00,momentum,"Ethereum Up or Down - April 25, 7:05PM-7:10PM ET",UP,Up,2.0,0.53,,WIN,YES,1.773584905660377,Up,0xe9d6874d6083c21680cf180a68fe9e087a2b3e447bd53dcc95a67fe976139057,69272765335441382043214149883961816072269644409671501577365646207567345246592
2026-04-25T23:05:07.254639+00:00,2026-04-25T23:15:44.720493+00:00,momentum,"Solana Up or Down - April 25, 7:05PM-7:10PM ET",UP,Up,2.0,0.55,,WIN,YES,1.6363636363636362,Up,0x266aad0867673993659c2ed451f33279a40f4ad0d951e17219c896c5c07c085c,23539727896091423417591268732569111312631586691129686215845995441173573682055
2026-04-25T23:10:01.283203+00:00,2026-04-25T23:20:47.767255+00:00,momentum,"Solana Up or Down - April 25, 7:10PM-7:15PM ET",UP,Up,2.0,0.53,,LOSS,NO,-2.0,Down,0xb6e22335e7a5a7962c92a0f1dc7daf548202045ea45e04955ebbca63dfd5abaa,55669325261133911940224790233693068189183817030297208347621729581210154075485
2026-04-25T23:10:04.389569+00:00,2026-04-25T23:20:47.962211+00:00,momentum,"Bitcoin Up or Down - April 25, 7:10PM-7:15PM ET",UP,Up,4.0,0.55,,WIN,YES,3.2727272727272725,Up,0x594695b2c5c184675eee48b779e761ec26ec72b720cd6fef625fd0dfeb5fe06b,96863233472453234819258179670902737117201049298282721036305875104793059724053
2026-04-25T23:10:04.408445+00:00,2026-04-25T23:20:48.143092+00:00,momentum,"XRP Up or Down - April 25, 7:10PM-7:15PM ET",UP,Up,2.0,0.54,,WIN,YES,1.7037037037037033,Up,0xea54b25d81f6d6f9903c227cc07e7ae538c2ed4719ba6f17b31652b471a4e59e,37748294061121266179450932254549235816892844606299764218720441914232037586327
2026-04-25T23:10:00.159075+00:00,2026-04-25T23:21:48.318716+00:00,momentum,"Ethereum Up or Down - April 25, 7:10PM-7:15PM ET",DOWN,Down,2.0,0.515,,LOSS,NO,-2.0,Up,0x346967917c034c2c20a3dafeebe5d4bdca3d9832af4548ff0099d5b433f8e653,17271951851326415866709238367812230024292950405019323279789041924424598187048
2026-04-25T23:15:01.511793+00:00,2026-04-25T23:23:50.247857+00:00,momentum,"Solana Up or Down - April 25, 7:15PM-7:20PM ET",DOWN,Down,4.0,0.62,,WIN,YES,2.451612903225807,Down,0x9f1ee39b868195910950808d0e57e8df982f53a337fcc87739efe8cbf1d5b2a4,20003504413355916032962254440424604402724455472281688670540847812837983498672
2026-04-25T23:15:01.555000+00:00,2026-04-25T23:24:50.201295+00:00,momentum,"Ethereum Up or Down - April 25, 7:15PM-7:20PM ET",DOWN,Down,2.0,0.51,,WIN,YES,1.9215686274509802,Down,0xf31ccfcbd76b2a312947db4f043e4e0a8c3e585da91bb868de0b746b3c7d5285,45202913598901472248728393582408766960158849816430556613254729150012945958537
2026-04-25T23:15:01.586550+00:00,2026-04-25T23:24:50.348919+00:00,momentum,"XRP Up or Down - April 25, 7:15PM-7:20PM ET",UP,Up,2.0,0.51,,WIN,YES,1.9215686274509802,Up,0xdf4cd3771bda9a9e8547255b5d5dec006f50c17bb6dd83a014b17a4a99021156,37861449518597446547571033860665735673396151237291213833923714009772593608745
2026-04-25T23:15:01.469024+00:00,2026-04-25T23:27:52.967468+00:00,momentum,"Bitcoin Up or Down - April 25, 7:15PM-7:20PM ET",DOWN,Down,2.0,0.59,,LOSS,NO,-2.0,Up,0x5e606673273e9cc4cdf21c4e7bd24c56c79e6e534047792175f6840addb75b50,58395936139874233509498927465889746174603318795085716629823700876941791186220
2026-04-25T23:20:00.409716+00:00,2026-04-25T23:29:53.975828+00:00,momentum,"Bitcoin Up or Down - April 25, 7:20PM-7:25PM ET",DOWN,Down,4.0,0.62,,LOSS,NO,-4.0,Up,0x863dddfe6b9e22eb073fc233e2fa2f20419f36511503108609703a24b5ab097e,42297608689947331385995873978610226175076197562765528219812674743614224914023
2026-04-25T23:20:00.439215+00:00,2026-04-25T23:29:54.028565+00:00,momentum,"Ethereum Up or Down - April 25, 7:20PM-7:25PM ET",DOWN,Down,2.0,0.52,,LOSS,NO,-2.0,Up,0x0fba7dbc2100aa3c503b804b910f1fc0a7398651b27b19175d0016641342bd06,61821822347836193822578743066140607527273900950761610816544495233365643238845
2026-04-25T23:20:03.570328+00:00,2026-04-25T23:29:54.202830+00:00,momentum,"Solana Up or Down - April 25, 7:20PM-7:25PM ET",UP,Up,2.0,0.51,,WIN,YES,1.9215686274509802,Up,0x3d5c0198711b0260e608e268254fd2d2f1e2c834e4b43159001d3c908c471e18,20475467204844738105863043933432797074539461306396776500577015241618170804147
2026-04-25T23:20:03.592216+00:00,2026-04-25T23:30:54.671613+00:00,momentum,"XRP Up or Down - April 25, 7:20PM-7:25PM ET",DOWN,Down,2.0,0.51,,WIN,YES,1.9215686274509802,Down,0xdad405d4461420c97ed3263a2559d277cc992188b424e992410b40d7113f3029,34375361124234768182332039906533953632567856402207129050454233916924424324622
2026-04-25T23:25:00.964180+00:00,2026-04-25T23:34:56.089158+00:00,momentum,"XRP Up or Down - April 25, 7:25PM-7:30PM ET",UP,Up,2.0,0.515,,LOSS,NO,-2.0,Down,0x59dcd929c743940d6a4c8d652c1b22325be2f4b09ac702e77edb036c6ab73e52,33705977368178976523405598432884801463980003170080215393149401135448888603745
2026-04-25T23:25:02.148215+00:00,2026-04-25T23:35:57.023188+00:00,momentum,"Solana Up or Down - April 25, 7:25PM-7:30PM ET",DOWN,Down,4.0,0.62,,WIN,YES,2.451612903225807,Down,0x87fcb6c3bf07df558bb764b9513eed9e42160f80c2bd389055b433faa20888f6,30669008768244464785940030930753098007276219979619026656080982798686513327103
2026-04-25T23:25:02.099493+00:00,2026-04-25T23:36:57.532545+00:00,momentum,"Ethereum Up or Down - April 25, 7:25PM-7:30PM ET",DOWN,Down,4.0,0.65,,LOSS,NO,-4.0,Up,0xc33437a66d80a09b64d7062007ca0d1ec712c2880a5db9fccaebab501828e80e,104058426186603651838280544095134373311310076148767554223235927748560793536183
2026-04-25T23:25:02.121483+00:00,2026-04-25T23:36:57.687555+00:00,momentum,"Bitcoin Up or Down - April 25, 7:25PM-7:30PM ET",DOWN,Down,8.0,0.66,,WIN,YES,4.121212121212121,Down,0xfa7e214eb689cf695a8df723a6dbbc6ec1d7969270e53347cde5b5acbb02d481,29216074061028991442600584533455169524628799292339679384455283766910451779339
2026-04-25T23:30:00.986557+00:00,2026-04-25T23:38:59.010888+00:00,momentum,"Bitcoin Up or Down - April 25, 7:30PM-7:35PM ET",DOWN,Down,2.0,0.515,,LOSS,NO,-2.0,Up,0xa6cbe70604c3f4369deaf257f6bf831d97ddccc82ca974d986b7400ad30e5ae7,73934801180956172191516454927447933837677913156713146708756838239989632267521
2026-04-25T23:30:01.010061+00:00,2026-04-25T23:38:59.066941+00:00,momentum,"XRP Up or Down - April 25, 7:30PM-7:35PM ET",DOWN,Down,4.0,0.515,,LOSS,NO,-4.0,Up,0x7e7b74e52de49143430588cf34ca5cfbbb4952dbfe97a77ee927b72e2f40b346,8802486725751022596141157201134810169825614369390153450674786392781392841824
2026-04-25T23:30:01.032374+00:00,2026-04-25T23:43:01.634771+00:00,momentum,"Solana Up or Down - April 25, 7:30PM-7:35PM ET",DOWN,Down,2.0,0.51,,LOSS,NO,-2.0,Up,0xe43a1ba21d10dfffbed5875605022889b94945024cc5ae32a5b8d90949977135,102743224501917374512866030574259746867996340794425034288765305450273968777576
2026-04-25T23:30:02.213446+00:00,2026-04-25T23:43:01.674839+00:00,momentum,"Ethereum Up or Down - April 25, 7:30PM-7:35PM ET",DOWN,Down,4.0,0.66,,LOSS,NO,-4.0,Up,0xe6c0f0fd318c08cf63f8c5acf8459611a18dd6b5f4c5afc41570a3bd0eadccdf,77792250448191105843716565594024858879167890881973348522796236882045308547625
2026-04-25T23:35:00.154366+00:00,2026-04-25T23:45:01.939258+00:00,momentum,"Solana Up or Down - April 25, 7:35PM-7:40PM ET",DOWN,Down,4.0,0.51,,WIN,YES,3.8431372549019605,Down,0xda3c84b3b43924b6a21272f412b66f539146ea994ed398ff738b726d35165516,100229840888331672535865725114690953259442800558561528956649305673814789345018
2026-04-25T23:35:00.199651+00:00,2026-04-25T23:45:02.090093+00:00,momentum,"XRP Up or Down - April 25, 7:35PM-7:40PM ET",UP,Up,2.0,0.515,,WIN,YES,1.883495145631068,Up,0xdace5c063f695317ce871b9e61fe56c4d9d3bf295a49825d834716bcfe64e997,6726161476190157007184762938464203217507394506409669122546543596056431007159
2026-04-25T23:35:01.341356+00:00,2026-04-25T23:46:02.105161+00:00,momentum,"Ethereum Up or Down - April 25, 7:35PM-7:40PM ET",DOWN,Down,2.0,0.51,,WIN,YES,1.9215686274509802,Down,0x3b792f3cef01efce5c0f894989412231a284ca86537a359fb60634bf0845548e,61857124851108141884962262497488359400465253468597661629551508456882974687163
2026-04-25T23:35:01.374397+00:00,2026-04-25T23:46:02.270708+00:00,momentum,"Bitcoin Up or Down - April 25, 7:35PM-7:40PM ET",DOWN,Down,4.0,0.56,,WIN,YES,3.1428571428571423,Down,0x96be49bdfbffc6c6c60fd0a3c75ef5cc6be5b0ccdae6540c82a1cc83a3986733,62238246088327206678777836836653520867815768469089780952092070369795157801802
2026-04-25T23:40:01.129370+00:00,2026-04-25T23:50:03.485083+00:00,momentum,"Ethereum Up or Down - April 25, 7:40PM-7:45PM ET",DOWN,Down,2.0,0.52,,WIN,YES,1.8461538461538458,Down,0xdc6d624ac72dd4184a717cb37f76593e512bd70e502e74c4b1f8e532fbb8fc33,1447231152530905991430883883436101452514532129152306440748248270641256894016
2026-04-25T23:40:03.284703+00:00,2026-04-25T23:51:04.015971+00:00,momentum,"XRP Up or Down - April 25, 7:40PM-7:45PM ET",DOWN,Down,2.0,0.53,,LOSS,NO,-2.0,Up,0x359d0188ded517dc66e3aab5c3e312774a4d88a4cbc2aacd94e1b7efa4613b88,54369427021950258940134545017570158385727798586501981332961050693739987258916
2026-04-25T23:40:09.464808+00:00,2026-04-25T23:51:04.052425+00:00,momentum,"Bitcoin Up or Down - April 25, 7:40PM-7:45PM ET",UP,Up,2.0,0.58,,LOSS,NO,-2.0,Down,0xb2fbb85bb6680505436932e32b9b5a501069f6ea717d50231c16f9e770bbe88a,32051939377996986182662191367962684244453647558339278056794529492199779613301
2026-04-25T23:40:01.162101+00:00,2026-04-25T23:52:04.711043+00:00,momentum,"Solana Up or Down - April 25, 7:40PM-7:45PM ET",DOWN,Down,2.0,0.515,,LOSS,NO,-2.0,Up,0x4c2b44691989e49139e9d91990ec34cf72d09af186aeca9fce79b09686706279,36279286298286918894681241160097250555362210404740029143951999912869803894668
2026-04-25T23:45:57.363954+00:00,2026-04-25T23:56:07.595094+00:00,momentum,"Bitcoin Up or Down - April 25, 7:45PM-7:50PM ET",DOWN,Down,4.0,0.51,,LOSS,NO,-4.0,Up,0xa7c5ddc0017849b8610b05d8cf061fea65d18e254f041b33f0885307032dd9df,79899155811381833568811158969183834488203510697071234402359942982643250159202
2026-04-25T23:45:00.674631+00:00,2026-04-25T23:57:07.689237+00:00,momentum,"Solana Up or Down - April 25, 7:45PM-7:50PM ET",DOWN,Down,2.0,0.515,,LOSS,NO,-2.0,Up,0xdd2cdd59e66b30e158029dc7b71a6bed67b01f88e020c47612957844eed99987,32133052252405020639579140459606253519239019038347571788188221459028991841557
2026-04-25T23:45:00.713947+00:00,2026-04-25T23:57:07.866849+00:00,momentum,"XRP Up or Down - April 25, 7:45PM-7:50PM ET",UP,Up,4.0,0.51,,WIN,YES,3.8431372549019605,Up,0xafd49eec4369fa16a456a482a11135382c2b4e34716af1b6276dc98ebfcdb8f2,25657945737124647108752411550448534374712844920136731455496191581952940025873
2026-04-25T23:45:00.631328+00:00,2026-04-25T23:58:07.673612+00:00,momentum,"Ethereum Up or Down - April 25, 7:45PM-7:50PM ET",DOWN,Down,2.0,0.515,,LOSS,NO,-2.0,Up,0xce01d719e789cac3705ea15dc01b674023fa6f99fd9a9f78067396591b112ba0,74319451459398527610178953191866252272069174215463058927375868675131477301162
2026-04-25T23:50:02.211967+00:00,2026-04-25T23:59:08.888221+00:00,momentum,"Bitcoin Up or Down - April 25, 7:50PM-7:55PM ET",DOWN,Down,8.0,0.63,,LOSS,NO,-8.0,Up,0x731139306eed3de198e93e426a6ef7c3f5485ea77237fa90164aa3f3da6ac049,97312897963403100167363769479329100928863711644585944501787914221509785299369
2026-04-25T23:50:01.064128+00:00,2026-04-26T00:00:09.523709+00:00,momentum,"Solana Up or Down - April 25, 7:50PM-7:55PM ET",DOWN,Down,2.0,0.515,,LOSS,NO,-2.0,Up,0xb24c92af2ea9430a6c535a195dae68b529f56444a775b57c3df46a5f4a32d51c,6784891849329204852426393517121690223650129829089615349172355260427979410238
2026-04-25T23:50:02.239568+00:00,2026-04-26T00:00:09.761460+00:00,momentum,"XRP Up or Down - April 25, 7:50PM-7:55PM ET",DOWN,Down,2.0,0.62,,WIN,YES,1.2258064516129035,Down,0x45447f154fd65041e0529f4107bc43bd2fecd52546cc1637ecd6291ba019c883,20738613251811558159346529048957820542162623945134370256875412599842932689789
2026-04-25T23:50:02.261695+00:00,2026-04-26T00:01:10.558392+00:00,momentum,"Ethereum Up or Down - April 25, 7:50PM-7:55PM ET",DOWN,Down,2.0,0.55,,WIN,YES,1.6363636363636362,Down,0x6e77292499967919829418d38982e0f87a634698cac9e384b788194c76792be2,67480037010105680476037007728174769173456261751344310810892569737826715352196
2026-04-25T23:55:00.350818+00:00,2026-04-26T00:06:13.599690+00:00,momentum,"Bitcoin Up or Down - April 25, 7:55PM-8:00PM ET",DOWN,Down,16.0,0.515,,LOSS,NO,-16.0,Up,0x27167ea860659caa94bcf0e6cde14509ed1be77e351edca287309ed3afdab951,2934550008976228600348313736541117925416648004673365255372739597643089107487
2026-04-25T23:55:00.425002+00:00,2026-04-26T00:06:13.786375+00:00,momentum,"Solana Up or Down - April 25, 7:55PM-8:00PM ET",DOWN,Down,4.0,0.51,,LOSS,NO,-4.0,Up,0x2460a2406247a91860a4dbc883818dac181c88ee3b45606510bb010af2899582,38917527875765181214192629077459072886009744090873446883608593694798066530414
2026-04-25T23:55:01.563714+00:00,2026-04-26T00:06:13.830397+00:00,momentum,"Ethereum Up or Down - April 25, 7:55PM-8:00PM ET",DOWN,Down,2.0,0.55,,LOSS,NO,-2.0,Up,0xcffb0ecb908ce200f940c451afeda08316c3aeb9c27092fee5bd2861570b9cc0,16724423570082507736580070280026488795693848500123870271789270779919484750873
2026-04-25T23:55:00.390111+00:00,2026-04-26T00:07:13.766687+00:00,momentum,"XRP Up or Down - April 25, 7:55PM-8:00PM ET",DOWN,Down,2.0,0.51,,LOSS,NO,-2.0,Up,0x21dee60973418e279afef8844c0c8fd82a252899f5786c7b84d8f54f7692e921,38741896955281204847278223151628787808140390121610770359278444247236853967289
2026-04-26T00:00:00.503832+00:00,2026-04-26T00:11:15.563913+00:00,momentum,"Ethereum Up or Down - April 25, 8:00PM-8:05PM ET",DOWN,Down,4.0,0.52,,LOSS,NO,-4.0,Up,0x0bd06ac404d5c28318490efd1197bfe0854b9fad2219439d0a193392622c0a44,44208614929279157576568209827718175754616522539195096571978665648619211109693
2026-04-26T00:00:00.432257+00:00,2026-04-26T00:12:16.482771+00:00,momentum,"Bitcoin Up or Down - April 25, 8:00PM-8:05PM ET",DOWN,Down,32.0,0.63,,LOSS,NO,-32.0,Up,0xde4179300f7ed2cff5c8acddca42b0d5e8b634c3c9a4bf1da23aebb3de4954db,54661535737403595155689756633786515363076309420547889910266252724036217455735
2026-04-26T00:00:00.542784+00:00,2026-04-26T00:12:16.673610+00:00,momentum,"Solana Up or Down - April 25, 8:00PM-8:05PM ET",DOWN,Down,8.0,0.53,,WIN,YES,7.094339622641508,Down,0x3029a0906c1e78bf41e6301089837756a1b8fe5bede3d9bd04a0ddc1b685e1be,113859888928060796404012456247985851133065847999023697140525371500090859300607
2026-04-26T00:00:00.570946+00:00,2026-04-26T00:12:16.820564+00:00,momentum,"XRP Up or Down - April 25, 8:00PM-8:05PM ET",DOWN,Down,4.0,0.51,,WIN,YES,3.8431372549019605,Down,0x90d621ae35679d7e07aa97175619b11ba768abe902ae8c0d1c6717f33e404e33,5146305198847475026165162268847248304834425312893837822804892183381388442369
2026-04-26T00:05:05.774098+00:00,2026-04-26T00:14:17.646300+00:00,momentum,"XRP Up or Down - April 25, 8:05PM-8:10PM ET",DOWN,Down,2.0,0.64,,WIN,YES,1.125,Down,0xaf165076de0ffb60b5696261877d2fd2b6253aa44b3c5e42c5b6bc2d0aa63f77,82886915585499761465509019265600035338490070677247367168604011236833602232740
2026-04-26T00:05:02.504459+00:00,2026-04-26T00:15:18.057492+00:00,momentum,"Bitcoin Up or Down - April 25, 8:05PM-8:10PM ET",DOWN,Down,64.0,0.51,,WIN,YES,61.49019607843137,Down,0x86583b216c0278166a8895f923e1ba4f63a27af7402ba5ff3a2fa43edc50abc5,91315970058608628111346811109134778770261004112735819514387545364425608294824
2026-04-26T00:05:00.313478+00:00,2026-04-26T00:16:18.495982+00:00,momentum,"Solana Up or Down - April 25, 8:05PM-8:10PM ET",DOWN,Down,2.0,0.515,,WIN,YES,1.883495145631068,Down,0x4a6908a4e9f1fb376a4b7f5bde5047046e70015c9290b9e9f078bf5178c872d1,3916991638836165503600862045044991245682455981789330483172547021904193765772
2026-04-26T00:05:02.533218+00:00,2026-04-26T00:16:18.638259+00:00,momentum,"Ethereum Up or Down - April 25, 8:05PM-8:10PM ET",DOWN,Down,8.0,0.61,,WIN,YES,5.114754098360656,Down,0xfbeba14d31e5b0f3aa5529436f1d77d5764ac0f9c410cd31dbd2622dd906c012,25550757433356008231978666853233054859953732749981758300082493464508713059548
2026-04-26T00:10:00.653882+00:00,2026-04-26T00:21:20.230906+00:00,momentum,"Bitcoin Up or Down - April 25, 8:10PM-8:15PM ET",DOWN,Down,2.0,0.515,,LOSS,NO,-2.0,Up,0x20fd93bf8278201d5a9bfbee230d999ba93545cb7bb9d55fd400518557cd4e4a,9393944872040276425096587283648326057493917034039587937438169631291803575767
2026-04-26T00:10:00.683385+00:00,2026-04-26T00:21:20.269396+00:00,momentum,"Solana Up or Down - April 25, 8:10PM-8:15PM ET",DOWN,Down,2.0,0.515,,LOSS,NO,-2.0,Up,0x1edead4d6ec2c93c8da56c702cd67b9f5490d24432a4f0c736b32f17f06517e2,66581813207404165117383405317986895103584494768415557925174684222572827317197
2026-04-26T00:10:00.713515+00:00,2026-04-26T00:21:20.418760+00:00,momentum,"XRP Up or Down - April 25, 8:10PM-8:15PM ET",UP,Up,2.0,0.51,,WIN,YES,1.9215686274509802,Up,0x424e161c311b6a809d70aa638e378cb2d4a2954612d883fad10c5a5702d4def8,56148813625552680783191997978338090260312562181532021077985730638269851382760
2026-04-26T00:10:01.827504+00:00,2026-04-26T00:21:20.460105+00:00,momentum,"Ethereum Up or Down - April 25, 8:10PM-8:15PM ET",UP,Up,2.0,0.51,,LOSS,NO,-2.0,Down,0x3a53b00c63b5e22f73146f3e4f9225e05f2985f946b5d36f4b5a44a105a306cd,8030977303059908567357676549253930256180619479815828478670649291381945728608
2026-04-26T00:15:00.933346+00:00,2026-04-26T00:23:21.611954+00:00,momentum,"Ethereum Up or Down - April 25, 8:15PM-8:20PM ET",UP,Up,4.0,0.52,,LOSS,NO,-4.0,Down,0x5bfc2b19879849b52eee0247a669f07161a0b38b54963539a75f29841ea156d9,79632786309883402239047681507969084020284040658628072831870855182635063494673
2026-04-26T00:15:03.106640+00:00,2026-04-26T00:23:21.775097+00:00,momentum,"Bitcoin Up or Down - April 25, 8:15PM-8:20PM ET",DOWN,Down,4.0,0.64,,WIN,YES,2.25,Down,0xc597f0d959ab24b6cc9ac993d28ab0bebf32ecb09a6aed7e6ef46d52a477a1ac,67725504885212123398770973854736510172740392808553916366859248631904044277109
2026-04-26T00:15:03.131330+00:00,2026-04-26T00:23:21.929064+00:00,momentum,"Solana Up or Down - April 25, 8:15PM-8:20PM ET",DOWN,Down,4.0,0.51,,WIN,YES,3.8431372549019605,Down,0xb147d37a40bebc4ede07ce75b58661604f1811d9875812440f7e97330842c86d,42918236989171241386930670391330465816642756025685635935988730925118072627062
2026-04-26T00:15:03.156131+00:00,2026-04-26T00:23:22.080255+00:00,momentum,"XRP Up or Down - April 25, 8:15PM-8:20PM ET",DOWN,Down,2.0,0.58,,WIN,YES,1.4482758620689657,Down,0xc2eae5c826f76f7834033a11867f30f717902bd5daaa30a87a4319b6f5e07f73,113214007198956990480185772395353900778067902231443700870983025191508569346756
2026-04-26T00:20:00.586901+00:00,2026-04-26T00:29:24.277428+00:00,momentum,"Bitcoin Up or Down - April 25, 8:20PM-8:25PM ET",UP,Up,2.0,0.525,,LOSS,NO,-2.0,Down,0x21b99c8fb6a945eb7c612fe9c59240f2060cf352146705dea040e71cba32d083,100195516039266816077217989892324550649148384117126534234441564884604103396276
2026-04-26T00:20:00.616489+00:00,2026-04-26T00:29:24.318843+00:00,momentum,"Ethereum Up or Down - April 25, 8:20PM-8:25PM ET",UP,Up,8.0,0.535,,LOSS,NO,-8.0,Down,0xca6b236177cfee295626adedd4a55ba56df633e62e676ded50b9dd5c5ba207a5,39272812401162327688596501880263647634658235751991910918788156513664246385093
2026-04-26T00:20:00.644086+00:00,2026-04-26T00:29:24.358547+00:00,momentum,"XRP Up or Down - April 25, 8:20PM-8:25PM ET",UP,Up,2.0,0.515,,LOSS,NO,-2.0,Down,0x2d79496ca8b68b97b0b4d3b21232e8c34c4c652779602f7e031b1816be9254d5,110950912310735760519501193677073389021192519691495130488135327765702540158866
2026-04-26T00:20:01.750200+00:00,2026-04-26T00:29:24.560087+00:00,momentum,"Solana Up or Down - April 25, 8:20PM-8:25PM ET",DOWN,Down,2.0,0.52,,WIN,YES,1.8461538461538458,Down,0x06b5b2209388eba0dc03655d328cb96576530982c2677fc25ae0adbc97a4ac56,106893253767092499341839630109483496223375681614762287936273654853289336611591
2026-04-26T00:25:00.301133+00:00,2026-04-26T00:36:27.409384+00:00,momentum,"Ethereum Up or Down - April 25, 8:25PM-8:30PM ET",UP,Up,16.0,0.515,,WIN,YES,15.067961165048544,Up,0x95be33485ede5e324a1f9440b48a8ea2478a76ff8dffa40f2cdf39911f0b923a,21001041920462710117521316636314371885658835789797526384385857151362321538666
2026-04-26T00:25:00.329933+00:00,2026-04-26T00:36:27.467093+00:00,momentum,"XRP Up or Down - April 25, 8:25PM-8:30PM ET",UP,Up,2.0,0.515,,LOSS,NO,-2.0,Down,0x0c581876b09956d3c34f9f8a933c6d7d5cef4b665b6d2bff92dcad7ea0467670,23807851107202751768048758272814532548124290076859352091522776974081680062603
2026-04-26T00:25:01.450693+00:00,2026-04-26T00:36:27.510600+00:00,momentum,"Bitcoin Up or Down - April 25, 8:25PM-8:30PM ET",UP,Up,4.0,0.61,,LOSS,NO,-4.0,Down,0xc729eacf177ccb12b0b103f7990305c420a5d3f2e327ec324277a80496fcd780,33191658902561773586107201077303677207509668809382358928302514260469634357512
2026-04-26T00:25:17.099808+00:00,2026-04-26T00:36:27.866396+00:00,momentum,"Solana Up or Down - April 25, 8:25PM-8:30PM ET",DOWN,Down,2.0,0.51,,WIN,YES,1.9215686274509802,Down,0x6e1ff09b18a3124913212fc0286c11a40193fd77850805556e44b507c65d4495,104849372883871282547460936430095932169098444112321692547781496402801643003082
2026-04-26T00:30:00.438523+00:00,2026-04-26T00:38:30.512668+00:00,momentum,"XRP Up or Down - April 25, 8:30PM-8:35PM ET",UP,Up,4.0,0.515,,WIN,YES,3.766990291262136,Up,0xbdeba7f98fa18a592c8746358caa771a9b19bc1b093d3f686c946b485446b6f5,74290131081191076850327606270158621138025518200511634940825449392417771580284
2026-04-26T00:30:00.345576+00:00,2026-04-26T00:39:29.732686+00:00,momentum,"Ethereum Up or Down - April 25, 8:30PM-8:35PM ET",UP,Up,2.0,0.515,,WIN,YES,1.883495145631068,Up,0x40e03c3bf36564391eaf73a341201ec57057df0f98c1fe21b7df862a9a987c29,18176768774620601682526883031855372977456331182335769999033206937385710400884
2026-04-26T00:30:00.405253+00:00,2026-04-26T00:39:30.009486+00:00,momentum,"Bitcoin Up or Down - April 25, 8:30PM-8:35PM ET",UP,Up,8.0,0.535,,WIN,YES,6.953271028037383,Up,0x25b2c17de318e338d813b1e090b596403a4fbde9bc493cfc0886016a26b90870,18532507277385496368093525444832446379036020423381569590608210096996320258855
2026-04-26T00:30:00.373872+00:00,2026-04-26T00:40:30.070487+00:00,momentum,"Solana Up or Down - April 25, 8:30PM-8:35PM ET",UP,Up,2.0,0.515,,WIN,YES,1.883495145631068,Up,0x2ecd94530025211ddbfa24ad70219f20949021e30ccc2b86bd29100e803762aa,7155461872900234289941610524619761360923095594543687885155025118093518007454
2026-04-26T00:35:00.463237+00:00,2026-04-26T00:44:32.552652+00:00,momentum,"XRP Up or Down - April 25, 8:35PM-8:40PM ET",UP,Up,2.0,0.515,,WIN,YES,1.883495145631068,Up,0x8876f7d2811f538abcc867bfa53f85df24b5a0bb345e9596065a96cb7cf97f36,83722269096982443965337745933571308532613084023942020634390234516806191785794
2026-04-26T00:35:00.438064+00:00,2026-04-26T00:45:32.949366+00:00,momentum,"Ethereum Up or Down - April 25, 8:35PM-8:40PM ET",UP,Up,2.0,0.515,,LOSS,NO,-2.0,Down,0x538da2d8e2d1685b7f3789cbe51c5da18d645038f739cc7528eb584d715c3a0f,14463233203866341730848255827914523311961385972368193374585477820345277331377
2026-04-26T00:35:00.486881+00:00,2026-04-26T00:45:33.111891+00:00,momentum,"Bitcoin Up or Down - April 25, 8:35PM-8:40PM ET",DOWN,Down,2.0,0.515,,WIN,YES,1.883495145631068,Down,0x2410f0332b2a09bbdc56e09f98142d32f913bea4d9fc82ca6de1902d1f38e5aa,14499728172816579451367979311224221378007778116329690715367575714505130442662
2026-04-26T00:35:01.512789+00:00,2026-04-26T00:45:33.295717+00:00,momentum,"Solana Up or Down - April 25, 8:35PM-8:40PM ET",DOWN,Down,2.0,0.54,,WIN,YES,1.7037037037037033,Down,0x9a55d5643b447451d46bae8a24947187a798aafcc79a7fa373b199e3974d07e4,52712879256268437424496324433457289798495272757390128743013105553565678893373
2026-04-26T00:40:00.434500+00:00,2026-04-26T00:50:36.065545+00:00,momentum,"XRP Up or Down - April 25, 8:40PM-8:45PM ET",UP,Up,2.0,0.515,,WIN,YES,1.883495145631068,Up,0xef72d8fd077a1d5907d55a744180f6ac4138ac92e116df82c680d5e853451a01,10612672967174961517700903447721780504459501365366181226246937757821730791802
2026-04-26T00:40:00.464178+00:00,2026-04-26T00:50:36.244500+00:00,momentum,"Solana Up or Down - April 25, 8:40PM-8:45PM ET",UP,Up,2.0,0.515,,WIN,YES,1.883495145631068,Up,0x325cb25c82e76bceb09cc6af226f09af2d6b9b03cb5690a7bd78d4328cc3b6a1,48438421762291961059156681575723133117248751663792618259855461100928953654547
2026-04-26T00:40:02.889219+00:00,2026-04-26T00:50:36.555868+00:00,momentum,"Ethereum Up or Down - April 25, 8:40PM-8:45PM ET",UP,Up,2.0,0.57,,WIN,YES,1.5087719298245617,Up,0xfa67020290bd7b91d8ad70dc3ad9eb8178cc1365799b87bf29c197eebc309c80,11560349653069085539821953565038913196216067341264283734229161806575353095042
2026-04-26T00:40:02.810317+00:00,2026-04-26T00:51:36.591495+00:00,momentum,"Bitcoin Up or Down - April 25, 8:40PM-8:45PM ET",UP,Up,2.0,0.65,,WIN,YES,1.0769230769230766,Up,0x1d72a5bda8eebe63094f4669c8f13edcbe8e87e2eb15672926927efc7a5410c3,62693680685266547560134205759537262435622005084655306891250703483661568919197
2026-04-26T00:45:00.747944+00:00,2026-04-26T00:54:38.241315+00:00,momentum,"XRP Up or Down - April 25, 8:45PM-8:50PM ET",UP,Up,2.0,0.515,,LOSS,NO,-2.0,Down,0x76e5037ca567aa097aa90877b3adffc79c9cff8459e321a8edc18bd7b9d86952,22672238757838661582846122172966347823776591028410904091128926683748205708454
2026-04-26T00:45:01.879679+00:00,2026-04-26T00:54:38.295555+00:00,momentum,"Bitcoin Up or Down - April 25, 8:45PM-8:50PM ET",UP,Up,2.0,0.52,,LOSS,NO,-2.0,Down,0xc94d7403358eba601a405dfbc77a2850506c4146e2f699a5538280eb0ee0dcad,79965778787527266870378676257187237527795939642179891206485049205148976022658
2026-04-26T00:45:01.918048+00:00,2026-04-26T00:54:38.464829+00:00,momentum,"Solana Up or Down - April 25, 8:45PM-8:50PM ET",DOWN,Down,2.0,0.51,,WIN,YES,1.9215686274509802,Down,0xc337739122ab5e5908f4af591498663035be1a5becf9a90beb5e8daef8fbe9d2,4420444939331460399811049027903417203499183456487037416949994609332376282037
2026-04-26T00:45:01.957131+00:00,2026-04-26T00:54:38.500862+00:00,momentum,"Ethereum Up or Down - April 25, 8:45PM-8:50PM ET",UP,Up,2.0,0.53,,LOSS,NO,-2.0,Down,0xf04dc5a1a9426f42cae385a24a02ecb6bc1ee9313e91565ad9869432e9b4c6d0,87138115986686606583060818513527928480128918432512199054181547286537282796600
2026-04-26T00:50:03.526851+00:00,2026-04-26T00:59:41.990244+00:00,momentum,"XRP Up or Down - April 25, 8:50PM-8:55PM ET",DOWN,Down,4.0,0.51,,WIN,YES,3.8431372549019605,Down,0x93178512e77a93b1ab8ea1499929ca178d26922199db1f04d794d0b3cdd1e32e,66848501638595348465327487958865464733553888597428411217593173145366286485218
2026-04-26T00:50:09.826910+00:00,2026-04-26T00:59:42.139044+00:00,momentum,"Solana Up or Down - April 25, 8:50PM-8:55PM ET",DOWN,Down,2.0,0.52,,WIN,YES,1.8461538461538458,Down,0xb5169eb1d46b7a3228c6f4c94ed7bbaff7238087ebae8bb7665e55e64d9b2ba0,74004920548221448040375126607719786371434083867335075401271032372450304330237
2026-04-26T00:50:00.394203+00:00,2026-04-26T01:00:42.058966+00:00,momentum,"Bitcoin Up or Down - April 25, 8:50PM-8:55PM ET",UP,Up,4.0,0.53,,LOSS,NO,-4.0,Down,0x79200f68ba450567110277d9da4d27d2c1eaf7084758445b568efea5e3e54bf7,107600263566792940985833899679619350359740117906104292511709578555502098035615
2026-04-26T00:50:00.429938+00:00,2026-04-26T01:01:42.193566+00:00,momentum,"Ethereum Up or Down - April 25, 8:50PM-8:55PM ET",UP,Up,4.0,0.51,,LOSS,NO,-4.0,Down,0xd1bedce08fc1962f1dfbbc4827b1093b84877a5dfaa4f594b1d5a86feca83658,53889074048376067562645333162048834798975381013486885594381148266060628998605
2026-04-26T00:55:08.804645+00:00,2026-04-26T01:05:44.527443+00:00,momentum,"Solana Up or Down - April 25, 8:55PM-9:00PM ET",DOWN,Down,2.0,0.52,,WIN,YES,1.8461538461538458,Down,0x9d4458a74986f45f71f057abf53eb45fbf25d0203db58ed9c74418ce4e0180ab,113099699455394615799584486452715137904284881103613539819460688275088885612475
2026-04-26T00:55:41.023290+00:00,2026-04-26T01:05:44.705471+00:00,momentum,"XRP Up or Down - April 25, 8:55PM-9:00PM ET",DOWN,Down,2.0,0.53,,WIN,YES,1.773584905660377,Down,0x297f5daedd45942ad2d1057b8cffe531b230e4f94f6bb9a850b6bab55f2afed4,67076101284866087534447072695869212193838191388723265858351370247059945012566
2026-04-26T00:55:02.262030+00:00,2026-04-26T01:06:44.767915+00:00,momentum,"Bitcoin Up or Down - April 25, 8:55PM-9:00PM ET",UP,Up,4.0,0.52,,LOSS,NO,-4.0,Down,0x29331105289058bbd558a8cce31d2118331fc6ab68b4c6adf6c9c830f6578a85,67498683657016014909155492494906012454432883146144895700999052716298506615241
2026-04-26T00:55:02.287366+00:00,2026-04-26T01:06:44.914367+00:00,momentum,"Ethereum Up or Down - April 25, 8:55PM-9:00PM ET",DOWN,Down,4.0,0.52,,WIN,YES,3.6923076923076916,Down,0x397e032c015deff1047d3cddea8da6a56679ed1b6bcc4fad141245d89b542f35,51260242380015760290333077858037478805206971020548750232061525338861669714284
2026-04-26T01:00:02.383837+00:00,2026-04-26T01:11:47.875337+00:00,momentum,"Ethereum Up or Down - April 25, 9:00PM-9:05PM ET",UP,Up,2.0,0.56,,LOSS,NO,-2.0,Down,0x6ee3452c8df1ac70a1f68b37a02fd5e968c90226772198df376b659a26c70eba,66613464265687547116108149125340614586030549269363563694604489740198201901809
2026-04-26T01:00:02.455639+00:00,2026-04-26T01:11:48.132547+00:00,momentum,"XRP Up or Down - April 25, 9:00PM-9:05PM ET",UP,Up,2.0,0.54,,WIN,YES,1.7037037037037033,Up,0x22622a041636044b27fce90dc3a0f2f694cddb28f8b4dd1e78c8ed30cf45c1a1,21524553453701296623185801798602178406006710032138494921605295269550483741144
2026-04-26T01:00:02.349556+00:00,2026-04-26T01:12:48.083154+00:00,momentum,"Bitcoin Up or Down - April 25, 9:00PM-9:05PM ET",UP,Up,8.0,0.53,,WIN,YES,7.094339622641508,Up,0xdeb92ad6a4a60815344e0a1705c0de6d121a6aa57e5331ebddcc51d3d1fc5934,26253298118664344000973622484741506353142187365195247820793725179008499068377
2026-04-26T01:00:02.418883+00:00,2026-04-26T01:12:48.240209+00:00,momentum,"Solana Up or Down - April 25, 9:00PM-9:05PM ET",UP,Up,2.0,0.61,,WIN,YES,1.278688524590164,Up,0x5589c4df0f20381205fba7f85e063fa48836cf83aceafca713e447f69f2264ac,7681320634312693341013966817987845715906018114322971770546475098939583813942
2026-04-26T01:05:01.524838+00:00,2026-04-26T01:14:49.846260+00:00,momentum,"Ethereum Up or Down - April 25, 9:05PM-9:10PM ET",UP,Up,2.0,0.53,,WIN,YES,1.773584905660377,Up,0xf66f5a7b77eef34460d0bb1367c97e1fe5f7f08c38c27098c468fe37a133d283,37522112697674668856945647393070112594521209783505329954695515172488863215832
2026-04-26T01:05:02.648807+00:00,2026-04-26T01:14:50.358469+00:00,momentum,"XRP Up or Down - April 25, 9:05PM-9:10PM ET",DOWN,Down,2.0,0.56,,WIN,YES,1.5714285714285712,Down,0x32a65cf06997ceea291c487b54055bd75a3252604d282c2bdecbc7edee2decb1,107242309002791550791779183554728378025805745125824898481089775157401815364145
2026-04-26T01:05:01.550210+00:00,2026-04-26T01:15:50.628052+00:00,momentum,"Bitcoin Up or Down - April 25, 9:05PM-9:10PM ET",UP,Up,2.0,0.51,,LOSS,NO,-2.0,Down,0x5db99e0dd536550c79d6ae35833bcb50fee217697c530618a5b4bd471f000d72,48285327596095462311393502458849057863764750398250436766556985846397597656582
2026-04-26T01:05:02.616480+00:00,2026-04-26T01:15:50.662868+00:00,momentum,"Solana Up or Down - April 25, 9:05PM-9:10PM ET",DOWN,Down,2.0,0.52,,LOSS,NO,-2.0,Up,0xbac50974d703326331ac84385b1203b9fbd3b430265ef7f99a40c97ae6f0bca6,13836317782969133489329733953393688346034252538157411909778766258445997490989
2026-04-26T01:10:00.815026+00:00,2026-04-26T01:20:52.857079+00:00,momentum,"Bitcoin Up or Down - April 25, 9:10PM-9:15PM ET",UP,Up,4.0,0.53,,LOSS,NO,-4.0,Down,0x83dbec26694b363ee700030f30e5af663780af84924eb8ba6e36b07684cede67,94973023360160774956777566191071996665631760034622728454000995394156461731898
2026-04-26T01:10:04.334979+00:00,2026-04-26T01:20:53.247389+00:00,momentum,"Solana Up or Down - April 25, 9:10PM-9:15PM ET",DOWN,Down,4.0,0.52,,WIN,YES,3.6923076923076916,Down,0x67c7020ad8a5674f9c312e6b40dc430a4405cb90bede4ce1034b54facba7deed,1025766838867392193734992894846304370641813052407406146531839815670192234961
2026-04-26T01:10:00.844385+00:00,2026-04-26T01:21:53.161068+00:00,momentum,"Ethereum Up or Down - April 25, 9:10PM-9:15PM ET",UP,Up,2.0,0.53,,WIN,YES,1.773584905660377,Up,0x8d38b04ac25cefe019fdbb1fa2c6ab3429e66ffac68521ed611d9d4bc5a3fe67,19671097821809785836395255058613082273767064860186379564109218173437334681619
2026-04-26T01:10:00.872454+00:00,2026-04-26T01:21:53.320766+00:00,momentum,"XRP Up or Down - April 25, 9:10PM-9:15PM ET",UP,Up,2.0,0.51,,WIN,YES,1.9215686274509802,Up,0x36850b720ed195118a93ba4c8e13570c2fc85efbd9439ddf897971d241531671,73718333254348386100100949727863101939315300002351051731516324391302028496162
2026-04-26T01:15:01.090753+00:00,2026-04-26T01:23:55.084692+00:00,momentum,"Ethereum Up or Down - April 25, 9:15PM-9:20PM ET",UP,Up,2.0,0.52,,WIN,YES,1.8461538461538458,Up,0x2a41e33d0b9c5ef9ec349b96091007f459a7a2d7460d1b41b2d97308e9a65b74,12054712982432498989892571484555388562555487269595394695904999191522149206791
2026-04-26T01:15:01.146265+00:00,2026-04-26T01:23:55.377731+00:00,momentum,"XRP Up or Down - April 25, 9:15PM-9:20PM ET",UP,Up,2.0,0.51,,WIN,YES,1.9215686274509802,Up,0x17213064bd089030e671a5a167397794050e3b38cd8c7f19946999ecd08245b2,92886370777090402336591016249916596684611087098922573008682999427027253668794
2026-04-26T01:15:01.120118+00:00,2026-04-26T01:24:55.542591+00:00,momentum,"Bitcoin Up or Down - April 25, 9:15PM-9:20PM ET",DOWN,Down,8.0,0.51,,WIN,YES,7.686274509803921,Down,0x354b1c8bbb58605e6a7ef93a8f51255cfcae515e14aa37da14d16d4beb624db2,112142102878822203283490182749217171290205331413560896759110678891739582259832
2026-04-26T01:15:04.240128+00:00,2026-04-26T01:24:55.701915+00:00,momentum,"Solana Up or Down - April 25, 9:15PM-9:20PM ET",DOWN,Down,2.0,0.54,,WIN,YES,1.7037037037037033,Down,0x277daefe030c47da15fdd135cc2c9fc0c55e23c6b43fceb0f6b0698244cecaff,40603752557395132318067687026476579286176446031617320792708329942519673065979
2026-04-26T01:20:00.611086+00:00,2026-04-26T01:29:58.327366+00:00,momentum,"XRP Up or Down - April 25, 9:20PM-9:25PM ET",UP,Up,2.0,0.51,,WIN,YES,1.9215686274509802,Up,0xdee795712c77dcdfc18d5d142f9783a22705da25b2ed0b90a240fa0e7df1635b,46846490123284048426539443629805187204738393923203124921808616179569554986744
2026-04-26T01:20:00.552431+00:00,2026-04-26T01:30:58.695709+00:00,momentum,"Bitcoin Up or Down - April 25, 9:20PM-9:25PM ET",UP,Up,2.0,0.61,,WIN,YES,1.278688524590164,Up,0x7b3b55e3d641d47384cb9bace4f7aa86a1dd37bb0dd5a3c746e5e3835965c515,60255101155536398354715368292727431233939858795365561287416728590971774615981
2026-04-26T01:20:00.582474+00:00,2026-04-26T01:30:58.868498+00:00,momentum,"Ethereum Up or Down - April 25, 9:20PM-9:25PM ET",UP,Up,2.0,0.51,,WIN,YES,1.9215686274509802,Up,0x969ceaa0a7a38647319ab262b7215926531f4475d7a7ba50430fc97547978ab5,104762730120679833228844347390160034189488116625952658685274472643924127990980
2026-04-26T01:20:00.638900+00:00,2026-04-26T01:30:58.915555+00:00,momentum,"Solana Up or Down - April 25, 9:20PM-9:25PM ET",UP,Up,4.0,0.51,,LOSS,NO,-4.0,Down,0x533269d5a27abe849e2b8d589c94b4efb01d924a0c329f38a3591a3c6fc97ec0,46257052966225244186122253022777745367916923774099591847058950282899519775684
2026-04-26T01:25:00.415842+00:00,2026-04-26T01:36:00.719374+00:00,momentum,"Bitcoin Up or Down - April 25, 9:25PM-9:30PM ET",UP,Up,2.0,0.57,,LOSS,NO,-2.0,Down,0x2f048600740cc4e713c69fea0c5d1b0b0a011097eb349fb5588261da2ce57158,79375586397274428444235726587944776616284698733108721370645091734769799453237
2026-04-26T01:25:00.447147+00:00,2026-04-26T01:36:00.772007+00:00,momentum,"XRP Up or Down - April 25, 9:25PM-9:30PM ET",UP,Up,2.0,0.51,,LOSS,NO,-2.0,Down,0xe038eb7d85922fba7774742fa23793ab66cfd91c11134a7a3e6a3f3489e16169,7369791762939561474263914521164586567265086149371064889891547824532398795709
2026-04-26T01:25:00.483311+00:00,2026-04-26T01:36:00.816070+00:00,momentum,"Solana Up or Down - April 25, 9:25PM-9:30PM ET",UP,Up,2.0,0.51,,LOSS,NO,-2.0,Down,0x61f72029356a3c099a4540c76a7efcab18c98065933b9b14889ca3a49ed00834,92111153556340807305865870984830898263938936782526595941757747012624511974843
2026-04-26T01:25:03.610109+00:00,2026-04-26T01:36:00.854210+00:00,momentum,"Ethereum Up or Down - April 25, 9:25PM-9:30PM ET",UP,Up,2.0,0.51,,LOSS,NO,-2.0,Down,0x0f95346fc1446968b62c0ae3021a2cef90788a29852a99440a6665086a329c17,30416027924303822461795927396597418742995223848164485675520979736142748293989
2026-04-26T01:30:01.200690+00:00,2026-04-26T01:38:01.558024+00:00,momentum,"Ethereum Up or Down - April 25, 9:30PM-9:35PM ET",DOWN,Down,4.0,0.515,,LOSS,NO,-4.0,Up,0x25ba439de54df4c4f00f6ef4474c52e47f2801d2c597a7f5460ca1858c6ece99,110794335801804948700133905695522896981293435169207450771257478433298495561416
2026-04-26T01:30:03.346456+00:00,2026-04-26T01:39:02.007314+00:00,momentum,"Bitcoin Up or Down - April 25, 9:30PM-9:35PM ET",UP,Up,2.0,0.52,,WIN,YES,1.8461538461538458,Up,0x9ab5dfa7229afb5249ad50b292340f59e032e0040d74afcfe1b7630d97f5e081,86145760345178586656734291687985807660201537692031557593656151558366540764163
2026-04-26T01:30:03.371606+00:00,2026-04-26T01:39:02.052385+00:00,momentum,"Solana Up or Down - April 25, 9:30PM-9:35PM ET",DOWN,Down,4.0,0.54,,LOSS,NO,-4.0,Up,0x11336a83a28059fae721639c607a9e9d447b1e3944695220ffdedf61f01fa319,91810470789744770861680985989676156755848952428901797095105926400534068658250
2026-04-26T01:30:16.005176+00:00,2026-04-26T01:39:02.088457+00:00,momentum,"XRP Up or Down - April 25, 9:30PM-9:35PM ET",DOWN,Down,2.0,0.51,,LOSS,NO,-2.0,Up,0xbfe63bf8ddd99d7fcdf5364b3a4fc5cea23ce0e9f78bf48882615da923cb3cc2,103660511652298356958214136626073704768149702010051694207416495274180350000674
2026-04-26T01:35:03.199256+00:00,2026-04-26T01:44:05.797289+00:00,momentum,"Solana Up or Down - April 25, 9:35PM-9:40PM ET",UP,Up,8.0,0.51,,WIN,YES,7.686274509803921,Up,0x427acba0994fc74883f92bd01373593641103c620440af459bf42de0f24cb754,48501915161168300315323217155531497731715009986165004151857680433814020761299
2026-04-26T01:35:03.230337+00:00,2026-04-26T01:44:05.840462+00:00,momentum,"Ethereum Up or Down - April 25, 9:35PM-9:40PM ET",DOWN,Down,4.0,0.51,,LOSS,NO,-4.0,Up,0xda41559220130c99802fbd4bbf78bb8d0c2dbd7125c0c2844f0a6d6e56ec9e38,92889851773258287124902782791205677473117422036606568275903186283838449841316
2026-04-26T01:35:02.040719+00:00,2026-04-26T01:45:06.354419+00:00,momentum,"XRP Up or Down - April 25, 9:35PM-9:40PM ET",UP,Up,4.0,0.515,,WIN,YES,3.766990291262136,Up,0xd4490ea73b1c54522dfab53b8752724d868a1525b0479d6056373ec6141bca2b,6261459777168704629685654078013422689035690922863128446329102556687025211537
2026-04-26T01:35:03.171649+00:00,2026-04-26T01:45:06.520104+00:00,momentum,"Bitcoin Up or Down - April 25, 9:35PM-9:40PM ET",UP,Up,2.0,0.51,,WIN,YES,1.9215686274509802,Up,0x645db394b4dd2310f04694dc1882b47e5d67b05adc0ba062fc325918c409a333,60187593493582936599504430469339500601929275186226661967874260663903525905231
2026-04-26T01:40:00.862975+00:00,2026-04-26T01:51:09.996683+00:00,momentum,"Bitcoin Up or Down - April 25, 9:40PM-9:45PM ET",UP,Up,2.0,0.515,,WIN,YES,1.883495145631068,Up,0xdfb5b42fb3aecf2d8965c42a90a1cb4cd1a8bef1ebd7013ee8e726c977321c3b,90221171810045839253768060559406903891943897209044703927601546100617690264355
2026-04-26T01:40:00.903782+00:00,2026-04-26T01:51:10.029115+00:00,momentum,"XRP Up or Down - April 25, 9:40PM-9:45PM ET",UP,Up,2.0,0.515,,LOSS,NO,-2.0,Down,0xbc7856769cc236e5e3e03dc485af86af96dc5236fb5062eb730bd15ef4a7c3d6,54252339295492998117529049278254244468608293352892388999135668436773874161855
2026-04-26T01:40:03.960824+00:00,2026-04-26T01:51:10.168811+00:00,momentum,"Ethereum Up or Down - April 25, 9:40PM-9:45PM ET",DOWN,Down,8.0,0.53,,WIN,YES,7.094339622641508,Down,0x34252a20fcdab0eb5077af82c236967113540dfc029062cabaa3a5fa057171b9,40294872258061629905406410654807317464258447570457687690707924715555845803997
2026-04-26T01:40:25.763752+00:00,2026-04-26T01:51:10.201968+00:00,momentum,"Solana Up or Down - April 25, 9:40PM-9:45PM ET",DOWN,Down,2.0,0.52,,LOSS,NO,-2.0,Up,0x19c8181c3ba939196b1a6518e5211a78e9bfd687090f7c8234116654bcb20e4d,72601584773177661313223891399252989867570868477363630220701668976945951716334
2026-04-26T01:45:00.208004+00:00,2026-04-26T01:54:12.305699+00:00,momentum,"XRP Up or Down - April 25, 9:45PM-9:50PM ET",UP,Up,4.0,0.515,,LOSS,NO,-4.0,Down,0x814ca69dbd738ab5262b9166888b70c0bdd3f2ed881d29846451c05c28a8c9b9,59088363803398326102487764167579660441470898160450227631388547394656964251588
2026-04-26T01:45:01.674470+00:00,2026-04-26T01:54:12.446032+00:00,momentum,"Bitcoin Up or Down - April 25, 9:45PM-9:50PM ET",DOWN,Down,2.0,0.58,,WIN,YES,1.4482758620689657,Down,0x1f8b345ecd5195d4a5ff4951aea2af0f1f73aa33f24f7746f5a06c3315fdcbfc,1255710162214803312877411314144094280318349929066810366437549134173528493416
2026-04-26T01:45:01.709658+00:00,2026-04-26T01:54:12.598441+00:00,momentum,"Ethereum Up or Down - April 25, 9:45PM-9:50PM ET",DOWN,Down,2.0,0.52,,WIN,YES,1.8461538461538458,Down,0xabc227ccd9f6e6d673de2d3a9ecab6227653cc3724d00d92fbb4b82ffe87f8a0,113549328802651920401394380634308218766860567359154995467084810633668187447114
2026-04-26T01:45:05.279746+00:00,2026-04-26T01:55:12.458460+00:00,momentum,"Solana Up or Down - April 25, 9:45PM-9:50PM ET",DOWN,Down,2.0,0.65,,WIN,YES,1.0769230769230766,Down,0x855c2d40b9e7135f3514180d7d1769af8b22d2d5227e3c32bb0aadeb108aac1c,84434418200527880217503166017611277145529326691458341731399415408457158700385
2026-04-26T01:50:00.506781+00:00,2026-04-26T02:00:14.927066+00:00,momentum,"Ethereum Up or Down - April 25, 9:50PM-9:55PM ET",UP,Up,2.0,0.51,,WIN,YES,1.9215686274509802,Up,0xca972d1f3e8dedc2f1ac2ba4fb7cec705fb9b1e7d8891087ede75595b73ada32,12153989992290643759242310422046102089942484258081584384809881707812888201334
2026-04-26T01:50:03.595456+00:00,2026-04-26T02:00:15.134517+00:00,momentum,"Solana Up or Down - April 25, 9:50PM-9:55PM ET",UP,Up,2.0,0.54,,WIN,YES,1.7037037037037033,Up,0x0efb411503325aee3f51ec15831fa238b0645eecdc13d288f7b35a4e81cc0b4d,72870069316850070940820003207384663704876911980396249052499605853109121034171
2026-04-26T01:50:11.341959+00:00,2026-04-26T02:00:15.344297+00:00,momentum,"XRP Up or Down - April 25, 9:50PM-9:55PM ET",UP,Up,8.0,0.67,,WIN,YES,3.9402985074626855,Up,0x8246c552e107ff3b24887ce2a70e3ac43154a1b71c63c8e5a48df565dddf72f7,52621420873370565279544384373883954893426456186689623164880101884186431006053
2026-04-26T01:50:00.476375+00:00,2026-04-26T02:01:14.660734+00:00,momentum,"Bitcoin Up or Down - April 25, 9:50PM-9:55PM ET",DOWN,Down,2.0,0.53,,LOSS,NO,-2.0,Up,0x0be3fe9788e321df582e21724bf36ee20b865ff8d76481e682effb5a82f79a2f,94380204279291429226717220834548110229871175559007837801905395008155516535296
2026-04-26T01:55:00.526927+00:00,2026-04-26T02:05:16.984411+00:00,momentum,"Ethereum Up or Down - April 25, 9:55PM-10:00PM ET",DOWN,Down,2.0,0.515,,WIN,YES,1.883495145631068,Down,0x6b93622ee8c718992bb382da5f008b5253c462fa45963462f8c22173ac8676b4,24685448958841456470855109937747517965374687634702725720650868273697395713860
2026-04-26T01:55:01.693648+00:00,2026-04-26T02:05:17.144569+00:00,momentum,"Bitcoin Up or Down - April 25, 9:55PM-10:00PM ET",DOWN,Down,4.0,0.69,,WIN,YES,1.7971014492753632,Down,0xfee96ee3062767090a4f2118f2dc44a567afb788acee8bbda607de298514b6b6,108753537045786954664582172101893728385475174002092288127109902793678431662169
2026-04-26T01:55:01.729678+00:00,2026-04-26T02:05:17.294587+00:00,momentum,"Solana Up or Down - April 25, 9:55PM-10:00PM ET",DOWN,Down,2.0,0.59,,WIN,YES,1.3898305084745766,Down,0x77a48d66514a21d77b65a1e0eadfc15f8fe766535dcbf83c9a34c8f8cf4122fd,41584004390482874939572248214908525452965554225652577237866834667926099345111
2026-04-26T01:55:01.759473+00:00,2026-04-26T02:05:17.332260+00:00,momentum,"XRP Up or Down - April 25, 9:55PM-10:00PM ET",UP,Up,2.0,0.51,,LOSS,NO,-2.0,Down,0xe091faba061cc20dbd63e04a250affb6123bc9c4ec610220d6c52af0c0d8a5b3,83286317824872157560735075403328658855879208450562908568245339130578994455467
2026-04-26T02:00:00.438456+00:00,2026-04-26T02:08:18.922692+00:00,momentum,"XRP Up or Down - April 25, 10:00PM-10:05PM ET",UP,Up,4.0,0.515,,WIN,YES,3.766990291262136,Up,0x6574b427278bd6ec7decb079def5e1e114672cf35d4e5c26a6806c381bab9b36,100094579278379064905488231803707931808859586788381089464576935344283148195948
2026-04-26T02:00:00.342260+00:00,2026-04-26T02:09:19.275755+00:00,momentum,"Ethereum Up or Down - April 25, 10:00PM-10:05PM ET",UP,Up,2.0,0.515,,WIN,YES,1.883495145631068,Up,0x0ebaebed5a669ecc2760a674f3afccc82a914bc82cf66faa9ac7588708d35dfe,15373896701979759559110626148777014098624932984542449184560004442759219987547
2026-04-26T02:00:00.396978+00:00,2026-04-26T02:09:19.317954+00:00,momentum,"Solana Up or Down - April 25, 10:00PM-10:05PM ET",DOWN,Down,2.0,0.515,,LOSS,NO,-2.0,Up,0x165514c01410ad446da6f9af943a2db922775bc170c2c7ff01c6618188585984,23363957931219682510590197018647355083747875702987119575579069419908037794763
2026-04-26T02:00:02.846645+00:00,2026-04-26T02:10:20.291813+00:00,momentum,"Bitcoin Up or Down - April 25, 10:00PM-10:05PM ET",DOWN,Down,2.0,0.53,,LOSS,NO,-2.0,Up,0x1041849da9b4d7bb8f18fa0727374d31a6f97b3c1ff54966bf46d7ae8f89b3ff,110618622497629864164605271820107324132136162455552471282377245256054637683950
2026-04-26T02:05:00.940832+00:00,2026-04-26T02:15:23.040459+00:00,momentum,"Solana Up or Down - April 25, 10:05PM-10:10PM ET",DOWN,Down,4.0,0.515,,LOSS,NO,-4.0,Up,0xbbf48b36112d6034a3d40b26cd2e9d6dd5863a8373a620f8e9e6b437a3dc646d,40371582004886839155420790274249524728807184780359752447755354316656650488512
2026-04-26T02:05:02.084605+00:00,2026-04-26T02:15:23.183588+00:00,momentum,"Bitcoin Up or Down - April 25, 10:05PM-10:10PM ET",UP,Up,4.0,0.54,,WIN,YES,3.4074074074074066,Up,0xac0ac094ef3502605c46e1e4ff97af044df3228c438fdf1d23f3653d88af5c1f,12748692400048555116558943332314856008100881867755561769296031411695809035973
2026-04-26T02:05:02.134166+00:00,2026-04-26T02:15:23.364183+00:00,momentum,"Ethereum Up or Down - April 25, 10:05PM-10:10PM ET",UP,Up,2.0,0.52,,WIN,YES,1.8461538461538458,Up,0x9e614acab370f4f65ebf5d3fb99a693f19ae16310f44e4ec068447d6cb539dd8,57593390402296426048303820492298284417174024099038525073344500043893755449427
2026-04-26T02:05:02.169750+00:00,2026-04-26T02:15:23.509836+00:00,momentum,"XRP Up or Down - April 25, 10:05PM-10:10PM ET",UP,Up,2.0,0.52,,WIN,YES,1.8461538461538458,Up,0x6327a9292019c8b426d79d9f9b4cd66b7c43571d3e678eb3538053c000cf196c,13561283707079752873409256262773297342592057292218335827989734520204321976385
2026-04-26T02:10:15.008746+00:00,2026-04-26T02:20:26.765939+00:00,momentum,"Solana Up or Down - April 25, 10:10PM-10:15PM ET",DOWN,Down,8.0,0.53,,LOSS,NO,-8.0,Up,0xf752505c32450081a211028fce5ec594233396b98817747024fbfe286b052036,56534847127747243301415438691894939263306992217902996565251962534395407105188
2026-04-26T02:10:00.531722+00:00,2026-04-26T02:21:27.187009+00:00,momentum,"XRP Up or Down - April 25, 10:10PM-10:15PM ET",UP,Up,2.0,0.515,,WIN,YES,1.883495145631068,Up,0x20c8cd59ac8640087b7a00d735aa01a1623fdeb6b9857b417fd8789001eabe13,45655655861235364491034301618588387174769813521636780601230336969621317476304
2026-04-26T02:10:02.685479+00:00,2026-04-26T02:21:27.375598+00:00,momentum,"Bitcoin Up or Down - April 25, 10:10PM-10:15PM ET",DOWN,Down,2.0,0.57,,LOSS,NO,-2.0,Up,0x3487074a92a60c186c948d8d9b8c3150bf177555fa0c07de9e1b534c7134c29a,107638296768562141015108985240011221329552183401650830194578435482502287631877
2026-04-26T02:10:00.579832+00:00,2026-04-26T02:22:27.878436+00:00,momentum,"Ethereum Up or Down - April 25, 10:10PM-10:15PM ET",UP,Up,2.0,0.515,,WIN,YES,1.883495145631068,Up,0x2fff52823835824e0063608a16c92364228bcc527671170e8a3448c2a6213e46,86329019884652947445249364593789575600682584495751372739194531676168075121233
2026-04-26T02:15:01.003650+00:00,2026-04-26T02:24:29.005722+00:00,momentum,"Ethereum Up or Down - April 25, 10:15PM-10:20PM ET",DOWN,Down,2.0,0.54,,WIN,YES,1.7037037037037033,Down,0x484f812ffbe271196f1038954b1135db9b2d09e28f84002b5a7c270492e6c2c5,81270388658970116133891974495775665153804915576168587701636860231229304848285
2026-04-26T02:15:04.410407+00:00,2026-04-26T02:24:29.286285+00:00,momentum,"Solana Up or Down - April 25, 10:15PM-10:20PM ET",UP,Up,16.0,0.68,,WIN,YES,7.5294117647058805,Up,0xe95d71a7686954a3f6ca302766245d74fff493646bfaaf1bd9411718a912b428,25364498872719214435242309819030666739411414182131365167873135267613041379027
2026-04-26T02:15:01.044389+00:00,2026-04-26T02:25:29.640120+00:00,momentum,"Bitcoin Up or Down - April 25, 10:15PM-10:20PM ET",DOWN,Down,4.0,0.53,,WIN,YES,3.547169811320754,Down,0x65cda3e048737a12e60510e311fc0a526e8a57899c36d34739aa57e4429e02e0,75435726189901899638751184604938581282545348344651055154521784934048022081013
2026-04-26T02:15:04.591199+00:00,2026-04-26T02:26:30.106941+00:00,momentum,"XRP Up or Down - April 25, 10:15PM-10:20PM ET",UP,Up,2.0,0.64,,LOSS,NO,-2.0,Down,0x120782a353c1ebe6ec2c36a86accd73124286b049bf097762ce09db022b913c6,61109434930044872006787620709059935205041289182321431567143437888036245914590
2026-04-26T02:20:00.496874+00:00,2026-04-26T02:29:31.480427+00:00,momentum,"Solana Up or Down - April 25, 10:20PM-10:25PM ET",DOWN,Down,2.0,0.515,,LOSS,NO,-2.0,Up,0x980440014ffc425ef227df0f57231e463437fa66118d933cf0580856cf8e4cb1,69491820405069206653634940182989856235488116052106131567813769806930360695237
2026-04-26T02:20:02.650792+00:00,2026-04-26T02:30:32.156421+00:00,momentum,"XRP Up or Down - April 25, 10:20PM-10:25PM ET",DOWN,Down,4.0,0.51,,LOSS,NO,-4.0,Up,0xc0ada4c5fe46923b9c566645b9aab5f6e040bf12a2aa86038bb18dd106447e6e,28243201720328112108260870052428349499148850713132141630309423067243055887426
2026-04-26T02:20:02.687349+00:00,2026-04-26T02:30:32.355291+00:00,momentum,"Ethereum Up or Down - April 25, 10:20PM-10:25PM ET",UP,Up,2.0,0.58,,WIN,YES,1.4482758620689657,Up,0xa5cf078f2f449ffe4e3184c815807e1e17a7653271526199d01092a862e1cee8,49691145935329950383769830554818337526670059572093190681643019087790150941010
2026-04-26T02:20:02.611856+00:00,2026-04-26T02:31:32.812525+00:00,momentum,"Bitcoin Up or Down - April 25, 10:20PM-10:25PM ET",UP,Up,2.0,0.57,,WIN,YES,1.5087719298245617,Up,0x63146e19641ba545745afbda2cfa8338a7831c3e1b7dab10910b330e8b4a3126,45901564076972192830428579581697679933848878370808248164107061289317914765509
2026-04-26T02:25:00.519183+00:00,2026-04-26T02:35:35.149464+00:00,momentum,"Solana Up or Down - April 25, 10:25PM-10:30PM ET",DOWN,Down,4.0,0.515,,LOSS,NO,-4.0,Up,0x18be50a7662618c55e7702adce3a00890b0fce841b46bc1369e72be65aad76db,57810179896483694008064501314471267932263901700344211626925555317754381116487
2026-04-26T02:25:00.553326+00:00,2026-04-26T02:36:35.816874+00:00,momentum,"Ethereum Up or Down - April 25, 10:25PM-10:30PM ET",DOWN,Down,2.0,0.515,,WIN,YES,1.883495145631068,Down,0x77e52cdb1e661c37b16bc73e11aea88b9f3a1555d292ca773f78a02d512bd9d7,69791360992788454037991700467719602661388935996991746664582148364481839458310
2026-04-26T02:25:02.652162+00:00,2026-04-26T02:36:35.960218+00:00,momentum,"Bitcoin Up or Down - April 25, 10:25PM-10:30PM ET",DOWN,Down,2.0,0.65,,WIN,YES,1.0769230769230766,Down,0xfe322175a8220f56edf5f9f2f336b5bf2e99652fd67c168bb78a7fd1f553e0c6,55458086089701796578601263282180124700797684313233856041443641082570867899727
2026-04-26T02:25:02.691476+00:00,2026-04-26T02:36:36.107031+00:00,momentum,"XRP Up or Down - April 25, 10:25PM-10:30PM ET",DOWN,Down,8.0,0.64,,WIN,YES,4.5,Down,0x3ce151e40eccdf74649f3ad5c3e6ef9307a7b187b9d94af11edbe64f98eb3284,14530685238134779631433440674429363295302605131792527821569485061958716691698
2026-04-26T02:30:00.415438+00:00,2026-04-26T02:38:36.855327+00:00,momentum,"Solana Up or Down - April 25, 10:30PM-10:35PM ET",DOWN,Down,8.0,0.52,,LOSS,NO,-8.0,Up,0x20b3f499312745411fd31fc90d2fc55a036ed842141c8ffca8b9ae009ef9f2ad,112380400196334109480463673709336479533190105620674364609769679868592097203423
2026-04-26T02:30:00.335913+00:00,2026-04-26T02:39:37.087079+00:00,momentum,"XRP Up or Down - April 25, 10:30PM-10:35PM ET",DOWN,Down,2.0,0.515,,LOSS,NO,-2.0,Up,0x8229e720b422ad31f6c7b082d253d6b5dd99c8540150a004ee53daf28f13684a,98332816288671624119680921426632323790204897066624251182638708211787652587864
2026-04-26T02:30:00.379426+00:00,2026-04-26T02:39:37.119507+00:00,momentum,"Bitcoin Up or Down - April 25, 10:30PM-10:35PM ET",DOWN,Down,2.0,0.525,,LOSS,NO,-2.0,Up,0x3cd83d35e7970075a3fc2fe3106769b322c21578d7c4e080dbacf73bfb589e78,36705244208932473196292516668584739468466398461678799262958090373077463386387
2026-04-26T02:30:01.595208+00:00,2026-04-26T02:39:37.152121+00:00,momentum,"Ethereum Up or Down - April 25, 10:30PM-10:35PM ET",DOWN,Down,2.0,0.54,,LOSS,NO,-2.0,Up,0xb25bfa84323ab0fc13dc83fe1c19a5eeb1099c56c64897d133240eca59740e77,56180870005826952830070659289079489250911166065004768050303033578153876421458
2026-04-26T02:35:01.166193+00:00,2026-04-26T02:44:39.302455+00:00,momentum,"Ethereum Up or Down - April 25, 10:35PM-10:40PM ET",DOWN,Down,4.0,0.51,,WIN,YES,3.8431372549019605,Down,0x2528d1ef6d09e9e459c5fec0b7fdc027662207cce7c63287ea8acfdbbd48ad82,58344311273365332648304226082834049659574203263214136480254142951684666601956
2026-04-26T02:35:01.223558+00:00,2026-04-26T02:44:39.468153+00:00,momentum,"Solana Up or Down - April 25, 10:35PM-10:40PM ET",DOWN,Down,16.0,0.53,,WIN,YES,14.188679245283016,Down,0x88e4f4d6f26f2738fffb3565cbb3dbbb87ce082b36c42db867f400acf2e4d76d,88261691309982952929322108765216082613042423203437668714092429439221432693410
2026-04-26T02:35:07.481651+00:00,2026-04-26T02:44:39.651550+00:00,momentum,"XRP Up or Down - April 25, 10:35PM-10:40PM ET",DOWN,Down,4.0,0.51,,WIN,YES,3.8431372549019605,Down,0xd0aaa8c86f23057a727b4b1dbccc11a9e4d5f4212ab12e28e7461f48c1ba87f2,12693416861509577267839196530894554053961558266865952987543187966949951655498
2026-04-26T02:35:20.170995+00:00,2026-04-26T02:45:39.970566+00:00,momentum,"Bitcoin Up or Down - April 25, 10:35PM-10:40PM ET",DOWN,Down,4.0,0.51,,WIN,YES,3.8431372549019605,Down,0xc59d4bbc1e867fcc88b9333a80ad97553bca7fd9548a50c3db36de4d08a91288,15464170181182955040145891054547627112309753569631282169822249228373851919225
2026-04-26T02:40:00.814398+00:00,2026-04-26T02:50:42.084349+00:00,momentum,"XRP Up or Down - April 25, 10:40PM-10:45PM ET",DOWN,Down,2.0,0.52,,WIN,YES,1.8461538461538458,Down,0x07660944aaf4bff2259dddfe75f5b17fda77fd0ff1759f7cf51b27dcfdfc34da,101252373519754216421367185448954862076300428591405009551533771850069417873554
2026-04-26T02:40:00.860754+00:00,2026-04-26T02:50:42.258895+00:00,momentum,"Solana Up or Down - April 25, 10:40PM-10:45PM ET",DOWN,Down,2.0,0.6,,WIN,YES,1.3333333333333335,Down,0x0f89e5bc930d779b75e49bb3075db798e6bf7b96a38410a582304e4b5d56d035,21449427040446186625398971942372027244123267073560309209403376364704214747246
2026-04-26T02:40:00.900427+00:00,2026-04-26T02:51:42.749940+00:00,momentum,"Bitcoin Up or Down - April 25, 10:40PM-10:45PM ET",DOWN,Down,2.0,0.54,,WIN,YES,1.7037037037037033,Down,0xd2da8ee019c1ad9e192d8aa38d79cdd5e0ea45dced19f4242fc4da942f6d8a32,112309181940550393683731256361125302470659717914661024861542657464921006804788
2026-04-26T02:40:00.772612+00:00,2026-04-26T02:52:42.973486+00:00,momentum,"Ethereum Up or Down - April 25, 10:40PM-10:45PM ET",DOWN,Down,2.0,0.53,,WIN,YES,1.773584905660377,Down,0xd3e970fd7d9915c9654c5228818f2e2d19173529db92cd69bbf72fc35e52a5e5,57432531066701277781121174261733688972544220358914797879834201070655657963168
2026-04-26T02:45:03.022779+00:00,2026-04-26T02:53:43.306938+00:00,momentum,"Bitcoin Up or Down - April 25, 10:45PM-10:50PM ET",DOWN,Down,2.0,0.52,,WIN,YES,1.8461538461538458,Down,0xbbf6ca3bc72b37cd8779c65e36be363a06f0a127319ca032724f9429bf9b0dc5,3195389822015542252159194824382046796793550135178946578305508030389551950102
2026-04-26T02:45:00.775908+00:00,2026-04-26T02:54:44.021762+00:00,momentum,"Ethereum Up or Down - April 25, 10:45PM-10:50PM ET",DOWN,Down,2.0,0.515,,WIN,YES,1.883495145631068,Down,0x9666351c8f4f8a25bfeadff0efa137903fe6a6e3201b730c0d39230ec13959f1,71906630135102674633314097617290977900263857689922777615013053337703044175490
2026-04-26T02:45:00.816925+00:00,2026-04-26T02:54:44.188047+00:00,momentum,"Solana Up or Down - April 25, 10:45PM-10:50PM ET",DOWN,Down,2.0,0.515,,WIN,YES,1.883495145631068,Down,0x87caa5c2912ef38a3127a02d03b0ef30b13297310f3baadf0cc1a083b27f671a,70998173766125496165393377462955863906527373220026488117164978777102853778578
2026-04-26T02:45:03.145142+00:00,2026-04-26T02:54:44.318151+00:00,momentum,"XRP Up or Down - April 25, 10:45PM-10:50PM ET",DOWN,Down,2.0,0.51,,WIN,YES,1.9215686274509802,Down,0x3383f7a2482f0549653e9db5b13ec0c7cb6faa61de4bd9f9d7583a9e829cd435,50406987698076826975037053182123675844580785478929089809530266443899509073174
2026-04-26T02:50:01.003404+00:00,2026-04-26T02:59:47.036105+00:00,momentum,"XRP Up or Down - April 25, 10:50PM-10:55PM ET",DOWN,Down,2.0,0.51,,LOSS,NO,-2.0,Up,0x44c176986acb55ca2369da3c43ce4c19b166b5d9d91f42c754547b0e91996cb9,58986134690499578804807377370894836493603650874240847897110246271368598922649
2026-04-26T02:50:01.042342+00:00,2026-04-26T02:59:47.223298+00:00,momentum,"Bitcoin Up or Down - April 25, 10:50PM-10:55PM ET",UP,Up,2.0,0.52,,WIN,YES,1.8461538461538458,Up,0xffe7531b242f52023208f7dcf2ad7c527f0d9b6cce04dd49060d79d2b5f30dc0,63706185409102030159018732062222034445293119510243195087164232311455285974410
2026-04-26T02:50:00.965664+00:00,2026-04-26T03:00:47.325738+00:00,momentum,"Ethereum Up or Down - April 25, 10:50PM-10:55PM ET",UP,Up,4.0,0.53,,WIN,YES,3.547169811320754,Up,0xf390e5e915c848dfe597de47134f74b6712618a8fe94acfa69cff4654d34d90f,49854517812039101083701692511820913703685138199346036627545218626027400993960
2026-04-26T02:50:01.087990+00:00,2026-04-26T03:00:47.385895+00:00,momentum,"Solana Up or Down - April 25, 10:50PM-10:55PM ET",DOWN,Down,2.0,0.54,,LOSS,NO,-2.0,Up,0xfa35940124a9df8d4ef7eb423a25fd96c2b9668ee0654e0f3625e9212c71e1bf,78470937727381404379693728561258760325536528584432596068157879345563826454218
2026-04-26T02:55:00.571773+00:00,2026-04-26T03:05:50.200476+00:00,momentum,"Solana Up or Down - April 25, 10:55PM-11:00PM ET",DOWN,Down,2.0,0.515,,LOSS,NO,-2.0,Up,0xe8d5ccba569f742796db81209da3686e2b36e881245aad9c19fb8e217941b8db,89230692109301938703608447683186714113654739621233156608880408329805285597660
2026-04-26T02:55:01.710349+00:00,2026-04-26T03:05:50.348845+00:00,momentum,"Ethereum Up or Down - April 25, 10:55PM-11:00PM ET",UP,Up,2.0,0.56,,LOSS,NO,-2.0,Down,0xe6320fa798f430b43ac683e35d7f2b7b695036225cf65edb3a24753e4dcee7e1,1434369439539777699866159647189375958159317520043801642748712251153945130766
2026-04-26T02:55:00.529880+00:00,2026-04-26T03:06:50.472441+00:00,momentum,"Bitcoin Up or Down - April 25, 10:55PM-11:00PM ET",UP,Up,2.0,0.515,,WIN,YES,1.883495145631068,Up,0xbb5e38cee1e97789f1abd23c7f822b42147e0386c89c3b6eaf4a62a2d77a98f5,12801443679574338379376341212801489432762376569619353580957171825835855127799
2026-04-26T02:55:01.669099+00:00,2026-04-26T03:06:50.624446+00:00,momentum,"XRP Up or Down - April 25, 10:55PM-11:00PM ET",UP,Up,2.0,0.99,,WIN,YES,0.020202020202020332,Up,0x5638dd1f75885b81d09701cd7ae1714c8b65f81f352a7d887369d4a467ba042b,107603354157136066266524334998304216129923998713428681351242088231477739791400
2026-04-26T03:00:01.543944+00:00,2026-04-26T03:08:51.827977+00:00,momentum,"Bitcoin Up or Down - April 25, 11:00PM-11:05PM ET",UP,Up,2.0,0.52,,LOSS,NO,-2.0,Down,0x3e30177ed490c891d3612b375c56be0ac6a14713d7f610876ae1868ef3386c61,73302761530344449653917833895812382052083110837139217769303146501138654054080
2026-04-26T03:00:01.494648+00:00,2026-04-26T03:09:52.461369+00:00,momentum,"Ethereum Up or Down - April 25, 11:00PM-11:05PM ET",DOWN,Down,4.0,0.56,,WIN,YES,3.1428571428571423,Down,0x02fdb17ca436d58d1790f75189555fa5617abe47306e50a2867136ecd490b5a0,54582125057536610861264849940315474736466255591936594108214325308743173859369
2026-04-26T03:00:01.588021+00:00,2026-04-26T03:09:52.620608+00:00,momentum,"XRP Up or Down - April 25, 11:00PM-11:05PM ET",DOWN,Down,2.0,0.53,,WIN,YES,1.773584905660377,Down,0xe1e4d4c2eda196b989057c763da661e054df3e78c4810ebd2457248af9d10e01,49184026271720096818266261401215670267477151764303535135920221392541516565261
2026-04-26T03:00:01.632455+00:00,2026-04-26T03:09:52.763098+00:00,momentum,"Solana Up or Down - April 25, 11:00PM-11:05PM ET",DOWN,Down,4.0,0.51,,WIN,YES,3.8431372549019605,Down,0xfeb3018374d1cca0fccdf18483c6dfdea4683d27f3869eb565f248681cf01290,115023961706870705513799139734277681022714001523542649335151696257477471215209
2026-04-26T03:05:01.327404+00:00,2026-04-26T03:15:54.491108+00:00,momentum,"Ethereum Up or Down - April 25, 11:05PM-11:10PM ET",UP,Up,2.0,0.53,,WIN,YES,1.773584905660377,Up,0x0ca5ac2ff38c13c9a6e8041e38d47577d20e8fbfbb8b2c3d7f19b4d7e8b9e918,87486861100798008154269512243803936837658917342359538996298800294712384432522
2026-04-26T03:05:16.701028+00:00,2026-04-26T03:15:54.529084+00:00,momentum,"Solana Up or Down - April 25, 11:05PM-11:10PM ET",DOWN,Down,2.0,0.51,,LOSS,NO,-2.0,Up,0x6fd54abc9ef3367c128c25493bce19f612c83fd154b0551778538488a2bf1384,86501747963819123763323480477627395813057928147742994663718219441747814120015
2026-04-26T03:05:25.928258+00:00,2026-04-26T03:15:54.573759+00:00,momentum,"Bitcoin Up or Down - April 25, 11:05PM-11:10PM ET",DOWN,Down,4.0,0.51,,LOSS,NO,-4.0,Up,0x470dfbaccd83be00a0e0857ea7e050795ab1cfd0506a527000b071ee10b0df26,34211611453642450234058406947815818389813651792032863220441779377888172972739
2026-04-26T03:05:44.448688+00:00,2026-04-26T03:15:54.624643+00:00,momentum,"XRP Up or Down - April 25, 11:05PM-11:10PM ET",DOWN,Down,2.0,0.51,,LOSS,NO,-2.0,Up,0x8ee404c76894cd3cfd10666b091d82991b2babb07ba2f0944c34823eb58f9aa4,59923801777298624746036741981496715784907587740418494334534844377835196717796
2026-04-26T03:10:00.436276+00:00,2026-04-26T03:20:55.824429+00:00,momentum,"Ethereum Up or Down - April 25, 11:10PM-11:15PM ET",DOWN,Down,4.0,0.515,,LOSS,NO,-4.0,Up,0x5e9ca79af9cb2455195467b40918bf75058b44f6f2209c5230ad118960a665bd,78253713350142178388967508476911730239274321678223683605843340703800320066655
2026-04-26T03:10:00.476197+00:00,2026-04-26T03:20:55.956096+00:00,momentum,"Bitcoin Up or Down - April 25, 11:10PM-11:15PM ET",UP,Up,2.0,0.57,,WIN,YES,1.5087719298245617,Up,0x7fafcfc5f411334616ea78d91c388e0ca3167e46b98460eb776dd5d096c9c5b5,94331615100739664625370966732291191608370848827926244138330035892536965449404
2026-04-26T03:10:01.591661+00:00,2026-04-26T03:21:56.490164+00:00,momentum,"Solana Up or Down - April 25, 11:10PM-11:15PM ET",DOWN,Down,4.0,0.56,,LOSS,NO,-4.0,Up,0x9898f4fa9937fca44a8d58b5410de423eee41a2cf1b0d2ab5f82083c04a218c6,97059837440854881343647872992901843148830716963014997789845518942427550454152
2026-04-26T03:10:04.691007+00:00,2026-04-26T03:21:56.532657+00:00,momentum,"XRP Up or Down - April 25, 11:10PM-11:15PM ET",DOWN,Down,2.0,0.51,,LOSS,NO,-2.0,Up,0x5844bdbee9b608923cea64b5f9fc294178b1a4a2911ada41a35f1b8b2feaf58b,37656310945037096017170254524127615408375771666897885769740669012543918115973
2026-04-26T03:15:00.958217+00:00,2026-04-26T03:23:56.608535+00:00,momentum,"Bitcoin Up or Down - April 25, 11:15PM-11:20PM ET",DOWN,Down,2.0,0.61,,WIN,YES,1.278688524590164,Down,0x3090ae2c83c107fd8f1f9cbd6acccd6f738a8feb2ddf7a362f81f779087a3be1,73378757449227314374829458747756164177652176437170329257818304625223111072265
2026-04-26T03:15:25.322216+00:00,2026-04-26T03:23:56.858220+00:00,momentum,"XRP Up or Down - April 25, 11:15PM-11:20PM ET",UP,Up,4.0,0.63,,WIN,YES,2.349206349206349,Up,0xd4e2730e0c5a35c986dbb4ff081ecde5fb335915b9293dba8a54de033230f8fe,75115420095758084632611760715740010720821221849866579808135119704267414349003
2026-04-26T03:15:00.650028+00:00,2026-04-26T03:24:56.844434+00:00,momentum,"Ethereum Up or Down - April 25, 11:15PM-11:20PM ET",UP,Up,8.0,0.52,,WIN,YES,7.384615384615383,Up,0xf1b59d5b08f7023dd5b705dfb2290db5fa8e0a69ab595e571996a319bb32699a,8167709409688315197957832082981596636203760217385508138865868427876071771139
2026-04-26T03:15:01.122097+00:00,2026-04-26T03:24:56.976106+00:00,momentum,"Solana Up or Down - April 25, 11:15PM-11:20PM ET",DOWN,Down,8.0,0.52,,WIN,YES,7.384615384615383,Down,0x9fb4a76541c9879637993c563a54a813d6c4782098ff753686f87a1bdfc09aa7,106732910914192749846278347550348013278527017017755905472379005723496847148305
2026-04-26T03:20:00.726867+00:00,2026-04-26T03:29:58.396448+00:00,momentum,"Bitcoin Up or Down - April 25, 11:20PM-11:25PM ET",UP,Up,2.0,0.52,,LOSS,NO,-2.0,Down,0x9884b50af866dd78cba49885caacb717d18edac074ef2e3fbfb88bc01a385281,33623125353402268834160155471330543099525616162199916019884310270675767764957
2026-04-26T03:20:03.854268+00:00,2026-04-26T03:29:58.687655+00:00,momentum,"Solana Up or Down - April 25, 11:20PM-11:25PM ET",DOWN,Down,2.0,0.52,,WIN,YES,1.8461538461538458,Down,0x79808efd2e154c3f70350f1423759c4bac01c6bcc0576145dbced48cded27017,50445670314438962716051595750809663241206398783344305170197632357104016004988
2026-04-26T03:20:07.307534+00:00,2026-04-26T03:29:58.848854+00:00,momentum,"XRP Up or Down - April 25, 11:20PM-11:25PM ET",UP,Up,2.0,0.56,,WIN,YES,1.5714285714285712,Up,0x157e31fb29b3c399a78fe8b771d838de492c9f072c11147593fdfe574844e502,22696969872016457623971596588230971776363911332264327675852169628822442157574
2026-04-26T03:20:00.758956+00:00,2026-04-26T03:30:59.480077+00:00,momentum,"Ethereum Up or Down - April 25, 11:20PM-11:25PM ET",DOWN,Down,2.0,0.59,,WIN,YES,1.3898305084745766,Down,0x067d3c31ce063f2f102f93d7830843ba38ea8516ee9dd705f7895ad238810d98,92242409294387459218246555984061166341426626744772554943814684941136670432305
2026-04-26T03:25:02.034207+00:00,2026-04-26T03:36:01.801284+00:00,momentum,"Solana Up or Down - April 25, 11:25PM-11:30PM ET",DOWN,Down,2.0,0.52,,WIN,YES,1.8461538461538458,Down,0xe41850044127e420d0ddfa2997d880dfa19665ccd4db9a4cbfe296bbdde895a4,82632370398317131110513063463130465100594113082066098883571123237246308782379
2026-04-26T03:25:01.914414+00:00,2026-04-26T03:37:02.269831+00:00,momentum,"XRP Up or Down - April 25, 11:25PM-11:30PM ET",DOWN,Down,2.0,0.53,,WIN,YES,1.773584905660377,Down,0xd4a20e9b81bda0e11f06efcfa209afa649d540799317082d63221707f2d1cb91,10486540677694929880038406364132526558797067473758565669318235420395115197510
2026-04-26T03:25:01.951593+00:00,2026-04-26T03:37:02.431394+00:00,momentum,"Bitcoin Up or Down - April 25, 11:25PM-11:30PM ET",DOWN,Down,4.0,0.52,,WIN,YES,3.6923076923076916,Down,0x1edd94e0ca25223af5371cb4f0f7caf9de3bb272faf57e5cc18801ede2fd1062,114662543933178461257709125786899992500690139976867873410297014957033666358419
2026-04-26T03:25:01.988491+00:00,2026-04-26T03:37:02.572521+00:00,momentum,"Ethereum Up or Down - April 25, 11:25PM-11:30PM ET",DOWN,Down,2.0,0.51,,WIN,YES,1.9215686274509802,Down,0x45ceb0e4eed7785e3606b36f532a46fe92033b0255e14e9415a1e6f80f9f16fb,55239460988184419736260702602212651096981298850574074994741591205956976632384
2026-04-26T03:30:00.576547+00:00,2026-04-26T03:39:04.023136+00:00,momentum,"Ethereum Up or Down - April 25, 11:30PM-11:35PM ET",UP,Up,2.0,0.56,,LOSS,NO,-2.0,Down,0x5d4f64d02922edf2143d193002f42655cf1e6883ed916c3bbde8cb2b4064b5f7,91155700206109096410160783723039179670864314352076508530409081841409236190966
2026-04-26T03:30:00.651638+00:00,2026-04-26T03:39:04.190495+00:00,momentum,"Bitcoin Up or Down - April 25, 11:30PM-11:35PM ET",UP,Up,2.0,0.62,,LOSS,NO,-2.0,Down,0x99ba47da8dc0f9e9e01979d18427607ffd03eafd803f06f0df33c414322a59fb,18340724476757802066838341671927302925018176604595357758756218747413779882952
2026-04-26T03:30:03.890304+00:00,2026-04-26T03:39:04.344256+00:00,momentum,"Solana Up or Down - April 25, 11:30PM-11:35PM ET",DOWN,Down,2.0,0.54,,WIN,YES,1.7037037037037033,Down,0x5121fce22afb4f8c262da71e9c99cbddceccc905d26a872dd8e2e4911b70fd5d,27835537901428041821571375070186764372656831243150330494905850266235867953474
2026-04-26T03:30:00.617107+00:00,2026-04-26T03:40:04.743852+00:00,momentum,"XRP Up or Down - April 25, 11:30PM-11:35PM ET",DOWN,Down,2.0,0.52,,WIN,YES,1.8461538461538458,Down,0xcc1aed672ed6fa11c24bc0c0f53cc8bd650e16526f178baff2033e07350c2da1,97977133796861023334944775682762061734641607152802714218451062330020254047363
2026-04-26T03:35:00.984301+00:00,2026-04-26T03:45:07.175407+00:00,momentum,"Bitcoin Up or Down - April 25, 11:35PM-11:40PM ET",UP,Up,2.0,0.535,,LOSS,NO,-2.0,Down,0xd59575f8b8e7878dddb27392a3b586ab8a3e7b9b3d60eb3b97da445733890427,45464822559205636028287797238725687823980922607771752234535714518262068261503
2026-04-26T03:35:03.210379+00:00,2026-04-26T03:45:07.226139+00:00,momentum,"Ethereum Up or Down - April 25, 11:35PM-11:40PM ET",UP,Up,2.0,0.53,,LOSS,NO,-2.0,Down,0x773734da989fbc65af55ed85cbda1727be029ec2e798790eb77fb35b7d6e1634,14116213586551114050649488207070609708164247113181657311787865510606841182304
2026-04-26T03:35:03.242153+00:00,2026-04-26T03:45:07.464153+00:00,momentum,"XRP Up or Down - April 25, 11:35PM-11:40PM ET",DOWN,Down,2.0,0.64,,WIN,YES,1.125,Down,0xcb629570f24d90a96a0171931503e4e6d62ccfe19a11ec0e750cedb8cb547e54,9294282422357188293468436606863734715294098172211247717801056359208578486554
2026-04-26T03:35:03.275900+00:00,2026-04-26T03:46:07.357468+00:00,momentum,"Solana Up or Down - April 25, 11:35PM-11:40PM ET",DOWN,Down,2.0,0.51,,WIN,YES,1.9215686274509802,Down,0x399b845be15a6d0c7ae74fdd37836f53e794f3ee55c73940e16a482adaa7dd83,69651341928224422829081356586169896953105499746400121770347447349032513925795
2026-04-26T03:40:00.314857+00:00,2026-04-26T03:51:09.160915+00:00,momentum,"Bitcoin Up or Down - April 25, 11:40PM-11:45PM ET",UP,Up,4.0,0.565,,WIN,YES,3.0796460176991154,Up,0x43840a0f6839cd54b15878fcb41df4fa9eb9f6ca0726f5418537e043d8759c98,81086109415443778462940768996567455858849871559073173883517527521654157209756
2026-04-26T03:40:00.355070+00:00,2026-04-26T03:51:09.291907+00:00,momentum,"Solana Up or Down - April 25, 11:40PM-11:45PM ET",UP,Up,2.0,0.515,,WIN,YES,1.883495145631068,Up,0x11b40429c12b19e62552a1e5ea9ae4a2f14faa41fc89a9a8b2e0d07561f7b5a7,84841059516872205571845624927780312579412708908140758785617559078138825349971
2026-04-26T03:40:01.477277+00:00,2026-04-26T03:51:09.323979+00:00,momentum,"XRP Up or Down - April 25, 11:40PM-11:45PM ET",DOWN,Down,2.0,0.51,,LOSS,NO,-2.0,Up,0x05b5131aa36d8163803eb0b7c2d9abab9886120ce5ae63d2e6d84f5737ab67f3,1752129736919548742989357969593812141984756722578223728686721207746685048579
2026-04-26T03:40:00.270931+00:00,2026-04-26T03:52:09.059323+00:00,momentum,"Ethereum Up or Down - April 25, 11:40PM-11:45PM ET",UP,Up,4.0,0.515,,WIN,YES,3.766990291262136,Up,0xbb1c2a434fe3099fe4b2f1b32358e4b43c93dcf19642001689ab56bf83ddc316,55965901524916180274617473740050806082833088692846918220383103761238472165511
2026-04-26T03:45:00.855871+00:00,2026-04-26T03:54:10.364574+00:00,momentum,"Bitcoin Up or Down - April 25, 11:45PM-11:50PM ET",UP,Up,2.0,0.595,,LOSS,NO,-2.0,Down,0x0897fdc52a3c3ee5a3fe13ac2c39328c7daa2c6112401225bce634d16da37a22,70283644474226072003418126044117541926457185328443652945958307153174197821892
2026-04-26T03:45:01.075796+00:00,2026-04-26T03:54:10.632846+00:00,momentum,"Solana Up or Down - April 25, 11:45PM-11:50PM ET",UP,Up,2.0,0.515,,WIN,YES,1.883495145631068,Up,0x6af0c42739774b424772675ac4cdc96e4ef778c63eff44a994200dcd08f59fd7,71260121466648296279821030674804099516077131807762701680894044789191499977906
2026-04-26T03:45:02.724256+00:00,2026-04-26T03:54:10.670134+00:00,momentum,"XRP Up or Down - April 25, 11:45PM-11:50PM ET",UP,Up,2.0,0.51,,LOSS,NO,-2.0,Down,0xf0497fb5c90dd96e059f890065203b8c1d1520dc795589f1e470a29b03833012,77187971588721321025612096998812762594178519991558856827167866026613340601858
2026-04-26T03:45:00.964135+00:00,2026-04-26T03:55:10.843123+00:00,momentum,"Ethereum Up or Down - April 25, 11:45PM-11:50PM ET",UP,Up,2.0,0.515,,WIN,YES,1.883495145631068,Up,0x0b98ebb078dc04146ddb1e663fe825a7d501e644d8fbf48bf5cc852af6fe5da7,2686192823031079569117467744716513140272921095354710386854979979142182206453
2026-04-26T03:50:00.872048+00:00,2026-04-26T04:00:12.324801+00:00,momentum,"Bitcoin Up or Down - April 25, 11:50PM-11:55PM ET",UP,Up,4.0,0.525,,LOSS,NO,-4.0,Down,0xdc099fb8272d20fb87ac0962489d1ba114262ce4ede44b105fe5b517fd01ffd0,104346067279743115138286117946830383244923797639024526422089666970182428733972
2026-04-26T03:50:00.832321+00:00,2026-04-26T04:01:12.927541+00:00,momentum,"Ethereum Up or Down - April 25, 11:50PM-11:55PM ET",UP,Up,2.0,0.515,,LOSS,NO,-2.0,Down,0x76f7db1bad771e2c532890ac40256d3b61de8ca5a0d5f7cba0fefefd00566950,30553508678120159463998621907126832896495543315902523159143884352714585609399
2026-04-26T03:50:00.910741+00:00,2026-04-26T04:01:13.092526+00:00,momentum,"Solana Up or Down - April 25, 11:50PM-11:55PM ET",UP,Up,2.0,0.515,,WIN,YES,1.883495145631068,Up,0xaa810d6bb3db9e36b01a126c71fba3c9834dd6961653a252f287bcb978ae0ac9,67047923519036807330784037992623143511773167768811155596232945418930445098068
2026-04-26T03:50:00.950557+00:00,2026-04-26T04:01:13.132477+00:00,momentum,"XRP Up or Down - April 25, 11:50PM-11:55PM ET",UP,Up,4.0,0.515,,LOSS,NO,-4.0,Down,0x87de58d4b27e4d038a1df389affc7394f22314acc086082d336ad3ef24d03c69,38394836931446634795900482784191155879918211542645631803763731119985162989133
2026-04-26T03:55:01.267813+00:00,2026-04-26T04:05:15.949924+00:00,momentum,"Ethereum Up or Down - April 25, 11:55PM-12:00AM ET",UP,Up,4.0,0.515,,WIN,YES,3.766990291262136,Up,0x064017cbab12a82c8ed9bd94dbb050e1ae9dc9bc4e2d86dcd47c422c4354ac55,33715740383207881140526743090371925675078845293524199989814777482143621689537
2026-04-26T03:55:01.238084+00:00,2026-04-26T04:06:16.044029+00:00,momentum,"XRP Up or Down - April 25, 11:55PM-12:00AM ET",UP,Up,8.0,0.515,,WIN,YES,7.533980582524272,Up,0xfea793ae0ed47f6e02c9914d742e0f32e69ab75c6464f1c13043f4d93d31108c,90049642950433766562799704537814755563989518476078676992495055955764593494606
2026-04-26T03:55:03.437481+00:00,2026-04-26T04:06:16.234832+00:00,momentum,"Bitcoin Up or Down - April 25, 11:55PM-12:00AM ET",UP,Up,8.0,0.53,,WIN,YES,7.094339622641508,Up,0xbaddf48cc1ce84215481d784784c52df7540e1396b24aff6a6e3718eeea06ef4,112554216053913497261925675337586879405229562318038714321339146283650834461099
2026-04-26T03:55:01.205388+00:00,2026-04-26T04:07:16.532170+00:00,momentum,"Solana Up or Down - April 25, 11:55PM-12:00AM ET",UP,Up,2.0,0.515,,WIN,YES,1.883495145631068,Up,0x26575e62a06d4dc4590cd0291b3c961dcb903b1371f8274de2ff2f057f7bdb59,89396909436562284481448376613946910261235530410402702084206806112568176110897
2026-04-26T04:00:00.674719+00:00,2026-04-26T04:12:19.625340+00:00,momentum,"XRP Up or Down - April 26, 12:00AM-12:05AM ET",UP,Up,2.0,0.515,,WIN,YES,1.883495145631068,Up,0x9bd81eb1f387f32047034900e02f48691bcb7c30de4b109777f997c5a31b8f7f,79976830393771815965995259528236041930463667904388877312446799348779092443826
2026-04-26T04:00:00.750364+00:00,2026-04-26T04:12:19.786482+00:00,momentum,"Ethereum Up or Down - April 26, 12:00AM-12:05AM ET",UP,Up,2.0,0.515,,LOSS,NO,-2.0,Down,0xc8292ac1e83acf148985f0233f9a304fa71bb1e1ece980dcd872ecd8877f8b4c,62627257409046379799782473900418168536408827484316519202418320103600864608678
2026-04-26T04:00:00.711030+00:00,2026-04-26T04:13:19.872253+00:00,momentum,"Solana Up or Down - April 26, 12:00AM-12:05AM ET",UP,Up,2.0,0.515,,WIN,YES,1.883495145631068,Up,0x567d800d462df4f795fe902e2e57788541561bdbe72e4b69932eb24c2329193e,40084194798169274511244732071117755017152247225837027916957882589441621777473
2026-04-26T04:00:03.586022+00:00,2026-04-26T04:13:20.013121+00:00,momentum,"Bitcoin Up or Down - April 26, 12:00AM-12:05AM ET",DOWN,Down,16.0,0.55,,WIN,YES,13.09090909090909,Down,0x270359d86a546b75eb3f1cadadffc981ea9d5f54d57c3b2d9417b8681d46bfb8,104703704193471345730301372367373138065352304152918992036537468821511347834996
2026-04-26T04:05:00.578156+00:00,2026-04-26T04:14:20.496404+00:00,momentum,"Solana Up or Down - April 26, 12:05AM-12:10AM ET",UP,Up,2.0,0.61,,WIN,YES,1.278688524590164,Up,0x03bcf5224e9480f74fab2d4850bc06be274817c6c5425e80e37f65185e4b7cbf,2573759595950867836564746523707876939554895822870681060351343214603039327020
2026-04-26T04:05:00.447925+00:00,2026-04-26T04:15:20.356241+00:00,momentum,"Bitcoin Up or Down - April 26, 12:05AM-12:10AM ET",DOWN,Down,32.0,0.54,,LOSS,NO,-32.0,Up,0x564b63651ab68b6870d5535f28aab7fa94f30e3878d5ebd28bef6177489d94a0,30872099339086053001513150874439500944923777785472801909568974624623493754531
2026-04-26T04:05:00.483737+00:00,2026-04-26T04:15:20.533191+00:00,momentum,"XRP Up or Down - April 26, 12:05AM-12:10AM ET",UP,Up,2.0,0.515,,WIN,YES,1.883495145631068,Up,0x41a98c59c121bf248b47f1c0c790174baf5cd34d2a3442979fc631a1719c3a05,86286419175100339580917033080647090314103678349593453598172901999538418670466
2026-04-26T04:05:00.535938+00:00,2026-04-26T04:15:20.677821+00:00,momentum,"Ethereum Up or Down - April 26, 12:05AM-12:10AM ET",UP,Up,4.0,0.63,,WIN,YES,2.349206349206349,Up,0x8a5bc081bf14f5c33a6da0c296e42db96988d43cd364eee154d64662f07415dc,60524543882788758729132984002377718749395179346636319458638267002773087331739
2026-04-26T04:10:03.919453+00:00,2026-04-26T04:20:23.221736+00:00,momentum,"Solana Up or Down - April 26, 12:10AM-12:15AM ET",DOWN,Down,2.0,0.51,,LOSS,NO,-2.0,Up,0xddb924f29759af9c2a654d2bdf0a8765b376736721f073e7af5b9637bc2a4a67,33264988730538124516123871767153882395625209383973587207797763644206657142872
2026-04-26T04:10:21.219378+00:00,2026-04-26T04:20:23.257023+00:00,momentum,"XRP Up or Down - April 26, 12:10AM-12:15AM ET",DOWN,Down,2.0,0.51,,LOSS,NO,-2.0,Up,0x89f79ca1e8a756d769a7f3078dff037a3c0c639d26fce2f446f121b56dc9da0c,18381578167436464837725664357859350842820102574945444743404225529781218073052
