timestamp,closed_at,source,market,direction,outcome,amount,entry_price,sell_price,result,won,pnl,winning_outcome,condition_id,token_id
2026-04-25T03:40:43.838421+00:00,2026-04-25T03:50:51.138493+00:00,momentum,"Bitcoin Up or Down - April 24, 11:40PM-11:45PM ET",UP,Up,2.0,0.82,,WIN,YES,0.4390243902439024,Up,0x1576e220db720e6900eb8e21b0b5f2fae2f13cdfd93862b0695f385ddb950f00,38191405252464958869693581718248363932865697852900862059534341365736230382540
2026-04-25T03:40:43.894866+00:00,2026-04-25T03:50:51.334914+00:00,momentum,"Solana Up or Down - April 24, 11:40PM-11:45PM ET",UP,Up,2.0,0.7,,WIN,YES,0.8571428571428572,Up,0x075ee189e4efef89577a115d551dd270673d237261bee87f9508ca81c5dc9ac8,109752797714254814146756215854416438343791934087833798606743764788025762912670
2026-04-25T03:40:43.994952+00:00,2026-04-25T03:50:51.530931+00:00,momentum,"XRP Up or Down - April 24, 11:40PM-11:45PM ET",UP,Up,2.0,0.76,,WIN,YES,0.6315789473684212,Up,0x03fc7c409b102174de8348020d74292876dcec8a11b79cbf298e68c21acf82fe,17063648267101469721444953332450850044755008591458395418142519585565284769402
2026-04-25T03:40:44.051513+00:00,2026-04-25T03:50:51.703602+00:00,momentum,"Ethereum Up or Down - April 24, 11:40PM-11:45PM ET",UP,Up,2.0,0.76,,WIN,YES,0.6315789473684212,Up,0x62ab81248158d09b17ed940da29e73bdb88f33db174dcdd62e812009a6acc80e,53698679708052481148566121630587504592022088021814152863505241995901006980902
2026-04-25T03:45:00.822508+00:00,2026-04-25T03:53:52.872573+00:00,momentum,"Bitcoin Up or Down - April 24, 11:45PM-11:50PM ET",DOWN,Down,2.0,0.52,,LOSS,NO,-2.0,Up,0xabc917b0b2266651fe1cca799ed72eb4c28df3d9e5abf61f2e6cec876acb3c8b,51656156865647546417400767889662731265646426800923868775435964764180667292974
2026-04-25T03:45:00.823168+00:00,2026-04-25T03:53:52.900998+00:00,momentum,"Ethereum Up or Down - April 24, 11:45PM-11:50PM ET",DOWN,Down,2.0,0.53,,LOSS,NO,-2.0,Up,0x41a37b81219ed6a8da68a1aa2d2adacea9a9ef78fdd33ace962a472d5a9bf83d,96194258217300267603172839981242251725870602858765446242460696780284065594686
2026-04-25T03:45:03.880310+00:00,2026-04-25T03:54:53.660210+00:00,momentum,"Solana Up or Down - April 24, 11:45PM-11:50PM ET",UP,Up,2.0,0.57,,WIN,YES,1.5087719298245617,Up,0x8d9a2e004794a2bd99319cc66b11cd2836b8308e562071a2b5971c397d954bb6,102421257931467214342895209593441878421380286914077095251136043548166221639125
2026-04-25T03:45:10.002329+00:00,2026-04-25T03:54:53.811153+00:00,momentum,"XRP Up or Down - April 24, 11:45PM-11:50PM ET",UP,Up,2.0,0.55,,WIN,YES,1.6363636363636362,Up,0x9d903d4a04246e695d2f40d36b215ac2a73e2d82a427bff125a722edd6e2cff6,114824339151536603459047799071906998430996476890356524375433579061020271599325
2026-04-25T03:50:01.733215+00:00,2026-04-25T03:59:56.405539+00:00,momentum,"Bitcoin Up or Down - April 24, 11:50PM-11:55PM ET",DOWN,Down,4.0,0.56,,WIN,YES,3.1428571428571423,Down,0xce9544e93a511b4c91115be14a0d62ee4c7c07a14f24e8265b52d3633946b919,85601458382058553554731200693829825573362166897341289762321316289755540168986
2026-04-25T03:50:20.078259+00:00,2026-04-25T03:59:56.438785+00:00,momentum,"XRP Up or Down - April 24, 11:50PM-11:55PM ET",DOWN,Down,2.0,0.51,,LOSS,NO,-2.0,Up,0x8dddbc9f6e235d609aa455abc4dac4bdbe8357f9d16dc5abfb9152e346c0587b,25082026219887884364521043656531506640212356390859000230793376188863886549104
2026-04-25T03:50:01.728828+00:00,2026-04-25T04:00:56.922539+00:00,momentum,"Solana Up or Down - April 24, 11:50PM-11:55PM ET",DOWN,Down,2.0,0.51,,LOSS,NO,-2.0,Up,0x56d900539837f451015c6232fad3a06f09f70c3313e07c0ba0698f61c63fb2aa,68029068521752261150285184059576665416901829250211052698510740753579909420951
2026-04-25T03:50:01.729785+00:00,2026-04-25T04:00:57.097522+00:00,momentum,"Ethereum Up or Down - April 24, 11:50PM-11:55PM ET",DOWN,Down,4.0,0.53,,WIN,YES,3.547169811320754,Down,0x27aa03d73f4e45309f163f4776caa3f268b2089cdf8344ab78a4bbed30fb1acc,34257460012077715893189541224513854977938209178963929616055746441041629996006
2026-04-25T03:55:00.310804+00:00,2026-04-25T04:05:58.841493+00:00,momentum,"Ethereum Up or Down - April 24, 11:55PM-12:00AM ET",DOWN,Down,2.0,0.52,,LOSS,NO,-2.0,Up,0x3c2ffac4460a479222734c01f9a7ca4c651b0674e8a0d4755ad0505f27fc0335,43332330590495069679525614144588482038012171384418142045693118022143365219598
2026-04-25T03:55:00.312393+00:00,2026-04-25T04:05:58.990216+00:00,momentum,"Solana Up or Down - April 24, 11:55PM-12:00AM ET",DOWN,Down,4.0,0.51,,WIN,YES,3.8431372549019605,Down,0x90ebd613895fced54cc23366e0b3c31093456d79a4fe3ab6ff076d6c45646b8d,74281308498520273692043651086262807191094177747040286170732228822090123634862
2026-04-25T03:55:00.313456+00:00,2026-04-25T04:05:59.135752+00:00,momentum,"XRP Up or Down - April 24, 11:55PM-12:00AM ET",DOWN,Down,2.0,0.51,,WIN,YES,1.9215686274509802,Down,0x2baaa1c13ade03fddb23aa0cdaa630a49c8a6fda07da44df8fc55ab2f16663a7,109300069662486618391318915229389442990498613952231667031110473286015562548783
2026-04-25T03:55:00.314257+00:00,2026-04-25T04:06:59.829863+00:00,momentum,"Bitcoin Up or Down - April 24, 11:55PM-12:00AM ET",DOWN,Down,2.0,0.52,,WIN,YES,1.8461538461538458,Down,0x7ff0a3c169069974f46eefbfed186bfac7234abd6e53d5a55c7b396edad44f66,62423902164453291954042486110070086116286532999492451766433339218012883049954
2026-04-25T04:00:01.058390+00:00,2026-04-25T04:09:00.818814+00:00,momentum,"Bitcoin Up or Down - April 25, 12:00AM-12:05AM ET",DOWN,Down,2.0,0.51,,WIN,YES,1.9215686274509802,Down,0x91150bc5213531f6d7f43b306984fe22dc3ea4d23f0d299e123c0a320634ae30,34850559527765445935366497748386794155723742450105211077512968581821749560261
2026-04-25T04:00:04.161183+00:00,2026-04-25T04:09:00.857122+00:00,momentum,"Ethereum Up or Down - April 25, 12:00AM-12:05AM ET",UP,Up,2.0,0.6,,LOSS,NO,-2.0,Down,0x0d1fd35d33ebe08e5b44145a987d73f7f7ea13aad3a7b1bd715f8629fcc4e580,52837358508652900029635946961138172778111769304713936617673947762287631867179
2026-04-25T04:00:07.222336+00:00,2026-04-25T04:10:00.715562+00:00,momentum,"Solana Up or Down - April 25, 12:00AM-12:05AM ET",UP,Up,2.0,0.65,,LOSS,NO,-2.0,Down,0xebf38772882e2e780a5430092f3991ba12ca8ced5b11cc339ff0bbc0b1d72bb1,71793732238856375754978579002757535251509573227069265025681190379598736078585
2026-04-25T04:00:07.223486+00:00,2026-04-25T04:10:00.755411+00:00,momentum,"XRP Up or Down - April 25, 12:00AM-12:05AM ET",UP,Up,2.0,0.63,,LOSS,NO,-2.0,Down,0x258cbc4f3e3e41f3117b9384953056854676f5fb155ba9a0fcc05b8c1953671a,52461642102672032370723667094567955985927698278182403305879485633869904581813
2026-04-25T04:05:00.461786+00:00,2026-04-25T04:15:03.126090+00:00,momentum,"Ethereum Up or Down - April 25, 12:05AM-12:10AM ET",DOWN,Down,4.0,0.515,,LOSS,NO,-4.0,Up,0x76129af3cdc5bd50c4508db9c6dd42497975f743a323c84b75b58d9605158477,89353558132885128707801449922006400590125242822151922463979594563272800181169
2026-04-25T04:05:05.616504+00:00,2026-04-25T04:15:03.264165+00:00,momentum,"Bitcoin Up or Down - April 25, 12:05AM-12:10AM ET",DOWN,Down,2.0,0.51,,LOSS,NO,-2.0,Up,0x1eb00ef2d41b641a81e0817a26b4fafb5da6884d79097a5d4bd564ff8a21d59b,111021648603939926167891953981616860343398720167051409980462017007094532945227
2026-04-25T04:05:14.789240+00:00,2026-04-25T04:15:03.484159+00:00,momentum,"XRP Up or Down - April 25, 12:05AM-12:10AM ET",UP,Up,2.0,0.51,,WIN,YES,1.9215686274509802,Up,0x2533f7d3466fac8eae041563a833965f37bc8b3a2f0197ad85b0c7a104713cf0,11226137976906244560450938089177411745931722243195436963756382448514394463714
2026-04-25T04:05:00.463053+00:00,2026-04-25T04:16:03.752505+00:00,momentum,"Solana Up or Down - April 25, 12:05AM-12:10AM ET",DOWN,Down,4.0,0.51,,LOSS,NO,-4.0,Up,0x7a0349076899a8c378a646e0f48ccd9a52228f84c9d9b2cd36274a8a2d988931,94487350554058009855986688635573909935583669921566026866974946746977235202167
2026-04-25T04:10:00.679354+00:00,2026-04-25T04:21:06.230866+00:00,momentum,"Ethereum Up or Down - April 25, 12:10AM-12:15AM ET",UP,Up,8.0,0.51,,WIN,YES,7.686274509803921,Up,0x5910cc1b774054087de95a3c4cc5ea49400e1323674a56191f9a79131125abce,90184332177955638360329866984019691954043784827294811782531768232716795539367
2026-04-25T04:10:02.412726+00:00,2026-04-25T04:21:06.598614+00:00,momentum,"XRP Up or Down - April 25, 12:10AM-12:15AM ET",DOWN,Down,2.0,0.51,,WIN,YES,1.9215686274509802,Down,0x7c6c79804a0128082cb93efd40cd4bbce2ecdfd7ffee5db0e6c06ef79999a6c3,79429709787902258192261525398867017163328247048146277479735170644391518220246
2026-04-25T04:10:02.408352+00:00,2026-04-25T04:22:06.768944+00:00,momentum,"Bitcoin Up or Down - April 25, 12:10AM-12:15AM ET",UP,Up,4.0,0.55,,WIN,YES,3.2727272727272725,Up,0x5880feb8d9344fbcb99a5a7b4232abbbbfa4e605bd79594ccfc9af15e3f4d7f5,84278248777629069125016909325203600596272347221757590435887611582798792642282
2026-04-25T04:10:02.410925+00:00,2026-04-25T04:22:06.928366+00:00,momentum,"Solana Up or Down - April 25, 12:10AM-12:15AM ET",DOWN,Down,8.0,0.52,,WIN,YES,7.384615384615383,Down,0x6c99fda9311a83ff7b74cad0dee307181aa458ef19ab59dcb08857d1416a138a,19684003030545565924194720497327406275952108769484139474519558409497296761891
2026-04-25T04:15:00.946399+00:00,2026-04-25T04:27:08.337865+00:00,momentum,"Bitcoin Up or Down - April 25, 12:15AM-12:20AM ET",DOWN,Down,2.0,0.55,,WIN,YES,1.6363636363636362,Down,0x6045de61439f8ed2d85598d63cc60ece017defcda677702e66ecefc308df787a,18408314422129108352262804675013576609378013916520959557398150854914729716230
2026-04-25T04:15:00.949449+00:00,2026-04-25T04:27:08.612683+00:00,momentum,"XRP Up or Down - April 25, 12:15AM-12:20AM ET",DOWN,Down,2.0,0.51,,WIN,YES,1.9215686274509802,Down,0xc2e068d384b6097a48541493e0ea4d01b69496da970f502fe6f53650eaf21084,35122117647636325055845172095982084061847693255003111656015457680203235953477
2026-04-25T04:15:00.948072+00:00,2026-04-25T04:28:08.870008+00:00,momentum,"Ethereum Up or Down - April 25, 12:15AM-12:20AM ET",DOWN,Down,2.0,0.51,,WIN,YES,1.9215686274509802,Down,0x1bfeae05921abfb51ce9b2d3f7bd82dccd7fc7af92d2f0f899d3670945f81d94,25233780220317385113256366712113105657207036396440720927827444425473010071141
2026-04-25T04:15:05.489286+00:00,2026-04-25T04:28:09.010921+00:00,momentum,"Solana Up or Down - April 25, 12:15AM-12:20AM ET",DOWN,Down,2.0,0.63,,WIN,YES,1.1746031746031744,Down,0x7392bd7ceb63b517774e4599cef8c193a64a2784c985e2e2f5ed5e71fbde41b9,42221133257803789048758840164360390304248975380026920162109339474382992172129
2026-04-25T04:20:02.178749+00:00,2026-04-25T04:30:09.979106+00:00,momentum,"Ethereum Up or Down - April 25, 12:20AM-12:25AM ET",DOWN,Down,2.0,0.51,,WIN,YES,1.9215686274509802,Down,0xe29d88c46a8288db9ccae81479f371601ce08427ec385827679dd2ae7fc55b70,34623945842218086878307339260970635286214851427967657152679570138076641503143
2026-04-25T04:20:02.180820+00:00,2026-04-25T04:30:10.104853+00:00,momentum,"XRP Up or Down - April 25, 12:20AM-12:25AM ET",DOWN,Down,2.0,0.56,,WIN,YES,1.5714285714285712,Down,0x209abbde73c0ea53619e8c3006e628f56c5118596875fb2dd2990d6ab553d87e,67669974848279673536792894864745620732580312869903729527844156717849736022852
2026-04-25T04:20:02.182296+00:00,2026-04-25T04:30:10.238656+00:00,momentum,"Solana Up or Down - April 25, 12:20AM-12:25AM ET",DOWN,Down,2.0,0.51,,WIN,YES,1.9215686274509802,Down,0x0529ca22a0c9741cf2fc94bcaf213675b53fba516637e4f8703839c8a9f71b7a,7320978141554967785920120089443759922717886963950500551232571355599044416338
2026-04-25T04:20:02.175056+00:00,2026-04-25T04:31:09.928002+00:00,momentum,"Bitcoin Up or Down - April 25, 12:20AM-12:25AM ET",DOWN,Down,2.0,0.53,,WIN,YES,1.773584905660377,Down,0xb08baed8ddc0651b35ac26c91f7d31f0fed974116bc026ca3ebddb3fd66ab037,24162751291168881555359294971688849066684296158100004241572547283424116879295
2026-04-25T04:25:03.290593+00:00,2026-04-25T04:35:11.838002+00:00,momentum,"Solana Up or Down - April 25, 12:25AM-12:30AM ET",UP,Up,2.0,0.57,,LOSS,NO,-2.0,Down,0x574b35ccce72ab2c93db3fd9b8f0e4aafc795f9e521a1c950b3bbc105de01dd5,102084620572935605478345125113156183698060715561977359235581979244733392247344
2026-04-25T04:25:03.210451+00:00,2026-04-25T04:36:12.548395+00:00,momentum,"Bitcoin Up or Down - April 25, 12:25AM-12:30AM ET",DOWN,Down,2.0,0.61,,WIN,YES,1.278688524590164,Down,0x9000b656187c4ba9543ea1ccf4f04d46dd640088e5b174606b8eea0b0ae4f218,16952584228976635884178097203486525437692014806619491987542133071380387698858
2026-04-25T04:25:03.263891+00:00,2026-04-25T04:37:12.582858+00:00,momentum,"XRP Up or Down - April 25, 12:25AM-12:30AM ET",DOWN,Down,2.0,0.52,,WIN,YES,1.8461538461538458,Down,0xc70a6c7a123d04d1f838d6938ef28946cb2fce19ac4f42fb6efea304ea9eb50e,61756235205040240923132151157187004092780573583926662077211311860242814507401
2026-04-25T04:25:04.378975+00:00,2026-04-25T04:37:12.633034+00:00,momentum,"Ethereum Up or Down - April 25, 12:25AM-12:30AM ET",UP,Up,2.0,0.54,,LOSS,NO,-2.0,Down,0x87434cd66a5d0b2350b6588ca08ae4dd8ad0a0cb51800000a90ef1927ba88489,39024860513462858750790953698454905726145759350108229010620355185468323224842
2026-04-25T04:30:00.242053+00:00,2026-04-25T04:38:13.177730+00:00,momentum,"Bitcoin Up or Down - April 25, 12:30AM-12:35AM ET",DOWN,Down,2.0,0.63,,WIN,YES,1.1746031746031744,Down,0xe0cc6d53a784ad7b3e2d179ec95aeb96dc9fab50fd5c166b384659987ef60c50,84958848054984508520561301329601145230758153914180181519541335296379681899988
2026-04-25T04:30:00.244403+00:00,2026-04-25T04:39:13.699031+00:00,momentum,"Ethereum Up or Down - April 25, 12:30AM-12:35AM ET",UP,Up,2.0,0.51,,LOSS,NO,-2.0,Down,0x02810346c4c5665363512f109acb6632f5e57e6183a087637ebdbf01e150b002,12410901441155330121425586884165313571726130806398723206263827122577370633449
2026-04-25T04:30:00.246474+00:00,2026-04-25T04:39:13.732765+00:00,momentum,"Solana Up or Down - April 25, 12:30AM-12:35AM ET",UP,Up,4.0,0.56,,LOSS,NO,-4.0,Down,0xe048f2f598d21ac84f1c6078abb310ac3cc456da41966fe53ac5dbca272d41b4,76769721641105846422771578129178462941051353479084587032264241778401959781703
2026-04-25T04:30:52.968215+00:00,2026-04-25T04:39:13.877950+00:00,momentum,"XRP Up or Down - April 25, 12:30AM-12:35AM ET",DOWN,Down,2.0,0.74,,WIN,YES,0.7027027027027026,Down,0xec3aacec30295268f1f5c9d02eb54453233a910fd9dc62db9d7f6f95f8db53a7,42548357686780947125048676465825969049048569082560578011274174531429589551373
2026-04-25T04:35:04.453374+00:00,2026-04-25T04:44:17.058925+00:00,momentum,"Solana Up or Down - April 25, 12:35AM-12:40AM ET",UP,Up,8.0,0.51,,LOSS,NO,-8.0,Down,0x68083c5c9b404c67b4eaffe71ae1bbd3178048011168ef23fbbd9b8a5e594369,32842865569374160529290120310892093363023463987939381518680284426403320688939
2026-04-25T04:35:01.254800+00:00,2026-04-25T04:45:17.243869+00:00,momentum,"Bitcoin Up or Down - April 25, 12:35AM-12:40AM ET",DOWN,Down,2.0,0.64,,WIN,YES,1.125,Down,0x3457991b10b6018276a293bec5f931bc7a5cb9d767c63bd61618ef8cb5b29c3d,97477912418353789645119047027509950737775737545126000973102769206261971485692
2026-04-25T04:35:01.256678+00:00,2026-04-25T04:45:17.374287+00:00,momentum,"XRP Up or Down - April 25, 12:35AM-12:40AM ET",DOWN,Down,2.0,0.57,,WIN,YES,1.5087719298245617,Down,0xa0a39d66fe5e287488a822f75f09a9ceffab3602d393e59a3f513b49b1f6ea41,9964928223549547365083389168318872541317965052608965870599262155627656557867
2026-04-25T04:35:01.259336+00:00,2026-04-25T04:45:17.410686+00:00,momentum,"Ethereum Up or Down - April 25, 12:35AM-12:40AM ET",UP,Up,4.0,0.52,,LOSS,NO,-4.0,Down,0xed1dbbdfcb5727edfbd03734612a3b13dde3d2e53183685977a1da8c5489dad9,38999529677611859394302611591572814529018849945502706792752044986824825459258
2026-04-25T04:40:00.533039+00:00,2026-04-25T04:51:21.555358+00:00,momentum,"Bitcoin Up or Down - April 25, 12:40AM-12:45AM ET",UP,Up,2.0,0.54,,WIN,YES,1.7037037037037033,Up,0xd94ccaed1d825e9c3e60df6c48072a521d994c2e330b8835a5f0773d77d3b09d,2954206460662587365732193291963358166726814328054563122105056712152188328978
2026-04-25T04:40:00.536871+00:00,2026-04-25T04:51:21.584151+00:00,momentum,"XRP Up or Down - April 25, 12:40AM-12:45AM ET",UP,Up,2.0,0.53,,LOSS,NO,-2.0,Down,0xdc1fe21cdf329782317192aa1355bfa18020dd6edf8b99210ba4e1338bbc31be,114671884964891287268418847025916061772626159452799802130470788233419999890911
2026-04-25T04:40:03.607168+00:00,2026-04-25T04:51:21.736497+00:00,momentum,"Solana Up or Down - April 25, 12:40AM-12:45AM ET",UP,Up,16.0,0.52,,LOSS,NO,-16.0,Down,0xc8a630d431a2cf0eb843c8428d0da03a16c404aa04e3e7152d42fe5400add1ae,69287009191430817708527605529735206421067662970151375694674883780969128751047
2026-04-25T04:40:00.539748+00:00,2026-04-25T04:52:22.143419+00:00,momentum,"Ethereum Up or Down - April 25, 12:40AM-12:45AM ET",UP,Up,8.0,0.53,,LOSS,NO,-8.0,Down,0xb3171663071a613ff100433fb1f0e91748a4e0541970cc792bf319b0bd8ccf9f,66664165617806324040358678793304609079771120468309432819790140749142491069254
2026-04-25T04:45:04.037747+00:00,2026-04-25T04:53:22.446893+00:00,momentum,"Ethereum Up or Down - April 25, 12:45AM-12:50AM ET",UP,Up,2.0,0.52,,WIN,YES,1.8461538461538458,Up,0x6d9439a487c957a6c8154a0c3cdbabbc131164034795cb6ba710647717ae059f,63131632154576571429666633387071753524096298211786067558171700351460561484560
2026-04-25T04:45:23.424231+00:00,2026-04-25T04:53:22.680773+00:00,momentum,"XRP Up or Down - April 25, 12:45AM-12:50AM ET",UP,Up,4.0,0.52,,WIN,YES,3.6923076923076916,Up,0xa235cb75b6a7b8f5563a9f2bb12ffff7d2e928fff330fc8cc8bfa453e140450b,26576198245415843422314426851104800134902986734308434964297216834194307875201
2026-04-25T04:45:04.040813+00:00,2026-04-25T04:54:23.113274+00:00,momentum,"Solana Up or Down - April 25, 12:45AM-12:50AM ET",UP,Up,2.0,0.55,,WIN,YES,1.6363636363636362,Up,0x1c055f2b23d47a66b3929e61996d40f5f7a22bb6f5c4b792f3c5d1111b5f8a5e,73295668899027781393870851310928330666072367299021265582952038508680539958840
2026-04-25T04:45:00.905847+00:00,2026-04-25T04:55:23.720607+00:00,momentum,"Bitcoin Up or Down - April 25, 12:45AM-12:50AM ET",UP,Up,2.0,0.51,,LOSS,NO,-2.0,Down,0x3e41dd4dde15eaa0ea3a889f15e50ca269a33c38aa71c14799113c121f16f1ee,8446547028981927619069738600417769170432764215206444726652946565442027287929
2026-04-25T04:50:00.317959+00:00,2026-04-25T05:00:26.828909+00:00,momentum,"Solana Up or Down - April 25, 12:50AM-12:55AM ET",UP,Up,2.0,0.52,,WIN,YES,1.8461538461538458,Up,0x2e5fd066f028ad07ccafc75d89d849dca1b887b8a8483413bf9e6910f66b8ffe,69218027147225835379857010822010350725129949184478908569292830712175942791872
2026-04-25T04:50:00.320596+00:00,2026-04-25T05:00:26.975185+00:00,momentum,"Ethereum Up or Down - April 25, 12:50AM-12:55AM ET",UP,Up,2.0,0.51,,WIN,YES,1.9215686274509802,Up,0x54dae3c39b55429e8ff92eca6bdad119445a7bd01deae2e22f18df0471647a9f,101212862481078666457558708330544517895243152539490768083686901663238444021867
2026-04-25T04:50:15.805131+00:00,2026-04-25T05:00:27.004340+00:00,momentum,"Bitcoin Up or Down - April 25, 12:50AM-12:55AM ET",UP,Up,4.0,0.66,,LOSS,NO,-4.0,Down,0x28631350435d3689fdaf89400fdbf7f341fe7acfdba3bc824d7b195051f1415b,96002598874161440044655530830336579283011794890867050279249649718569240538413
2026-04-25T04:50:26.324501+00:00,2026-04-25T05:00:27.140094+00:00,momentum,"XRP Up or Down - April 25, 12:50AM-12:55AM ET",UP,Up,2.0,0.52,,WIN,YES,1.8461538461538458,Up,0x00a77a1adb6e3b0c4a3cc4bd342b36ce9e21ce9f502a063ce50a053c21f5c998,24107738235114424016297144914912108061590654048442709380548251947631508310803
2026-04-25T04:55:00.524389+00:00,2026-04-25T05:05:31.117518+00:00,momentum,"XRP Up or Down - April 25, 12:55AM-1:00AM ET",UP,Up,2.0,0.51,,WIN,YES,1.9215686274509802,Up,0x4385e8615229048eb1e1541126812bde7e3f1609502b253916ff6d24745cc91a,78415003839605303275274410290660281978745673445314489938686631971473916483799
2026-04-25T04:55:01.639883+00:00,2026-04-25T05:05:31.257518+00:00,momentum,"Ethereum Up or Down - April 25, 12:55AM-1:00AM ET",UP,Up,2.0,0.52,,LOSS,NO,-2.0,Down,0x6f6e74b2b383896705386a2c6ad74b8d44ef4b55be94318508829daa287f8bc3,29309937257799990136904704293876671671817207795657057870718031138889857692986
2026-04-25T04:55:01.636056+00:00,2026-04-25T05:06:31.399749+00:00,momentum,"Bitcoin Up or Down - April 25, 12:55AM-1:00AM ET",UP,Up,8.0,0.55,,WIN,YES,6.545454545454545,Up,0xe4655d26e40bdb84060b9741e9591f8ec33275f4c722d762b2f2d7e9ea5c0220,64517055557227947587152635621089472458872835349835673158349064415967864643892
2026-04-25T04:55:04.854120+00:00,2026-04-25T05:06:31.436683+00:00,momentum,"Solana Up or Down - April 25, 12:55AM-1:00AM ET",UP,Up,2.0,0.55,,LOSS,NO,-2.0,Down,0x355f7e2558f48259892ca4a3be7470bce0da9ad408ad91b452669e6800fc2f09,12860748533873720371456157619531618798409222913235662317752424357177744993366
2026-04-25T05:00:02.148413+00:00,2026-04-25T05:08:33.106986+00:00,momentum,"Bitcoin Up or Down - April 25, 1:00AM-1:05AM ET",DOWN,Down,2.0,0.65,,WIN,YES,1.0769230769230766,Down,0xfbad9701037161aea484f778194e8fa22b4b275b6ca83a2b07b6feae9c1cd748,41130415583673995931077411103965846942077847751727207282858418813709072138141
2026-04-25T05:00:01.040961+00:00,2026-04-25T05:09:33.615802+00:00,momentum,"XRP Up or Down - April 25, 1:00AM-1:05AM ET",UP,Up,2.0,0.51,,LOSS,NO,-2.0,Down,0x2ce00214812fba76fff653c22c1f88edfbf37baa19d792a50a0ea9bce087d629,87024405524518723231537363456159400164258291886340905516279315771025269549245
2026-04-25T05:00:02.152873+00:00,2026-04-25T05:09:33.788711+00:00,momentum,"Solana Up or Down - April 25, 1:00AM-1:05AM ET",DOWN,Down,4.0,0.56,,WIN,YES,3.1428571428571423,Down,0x8f8bd6e725a2bd363f0e6808046facff9c196fe8fa8f090a52e64b46136c1e8b,64023517015524671938407280809172860028480365757427593491799365808533317747056
2026-04-25T05:00:02.156656+00:00,2026-04-25T05:09:33.931234+00:00,momentum,"Ethereum Up or Down - April 25, 1:00AM-1:05AM ET",DOWN,Down,4.0,0.63,,WIN,YES,2.349206349206349,Down,0x02e00171b15dab81c1f68fc57281a4cefff64497fad4a1cdd7f022b5e4b4f622,101702287199979107274484294194978819321160110176380346175248003883549821811785
2026-04-25T05:05:02.187505+00:00,2026-04-25T05:14:37.845188+00:00,momentum,"Solana Up or Down - April 25, 1:05AM-1:10AM ET",UP,Up,2.0,0.56,,WIN,YES,1.5714285714285712,Up,0xc40a489e35bd00a7158e92bd0ddec43069859d134958b1fa0caeb5c00a9a66c0,84892253393596184549165755998313072139039105603781887129772889418856638147326
2026-04-25T05:05:00.106786+00:00,2026-04-25T05:15:37.929396+00:00,momentum,"XRP Up or Down - April 25, 1:05AM-1:10AM ET",UP,Up,4.0,0.515,,WIN,YES,3.766990291262136,Up,0x6d738bd120988c1157edf8d49e8ed8951594fb3ae87c9b0735a947892c5ec8b7,84897922059093743057753535987506433625942263297991867142673779819608438591433
2026-04-25T05:05:02.178858+00:00,2026-04-25T05:15:38.051051+00:00,momentum,"Bitcoin Up or Down - April 25, 1:05AM-1:10AM ET",UP,Up,2.0,0.56,,WIN,YES,1.5714285714285712,Up,0xf3410428f199ad3305f8ac78bc686eff1a3b2d053e19f28413e6bbffc0c105af,77333193861699405295780998145222836841148224870352498605399232516958526859206
2026-04-25T05:05:02.183870+00:00,2026-04-25T05:16:38.779454+00:00,momentum,"Ethereum Up or Down - April 25, 1:05AM-1:10AM ET",UP,Up,2.0,0.55,,WIN,YES,1.6363636363636362,Up,0xb22edd49f9d8c2b0305c8bc7ee446788f9eb8f4205e6ff916d463c924dfde679,87776783834145589602722866963421119384255629329798508564381530005605177381474
2026-04-25T05:10:00.489225+00:00,2026-04-25T05:20:40.713194+00:00,momentum,"Ethereum Up or Down - April 25, 1:10AM-1:15AM ET",UP,Up,2.0,0.54,,LOSS,NO,-2.0,Down,0x2361870f332ea1f1477cfa460c836f66b9f4863a1fe9e2e768cfc8820ab94281,109575567357923956172410365710519784110532976822481994028740031797988071895208
2026-04-25T05:10:00.497293+00:00,2026-04-25T05:21:40.807783+00:00,momentum,"Bitcoin Up or Down - April 25, 1:10AM-1:15AM ET",UP,Up,2.0,0.54,,LOSS,NO,-2.0,Down,0xb8fe48c1de17b275e77af936eabc8ead40f234d3de1e3ed36c34e9c1d306d908,96643675270519088234711906443236791321515827592181768680075059560791736261890
2026-04-25T05:10:00.501004+00:00,2026-04-25T05:21:40.838604+00:00,momentum,"Solana Up or Down - April 25, 1:10AM-1:15AM ET",UP,Up,2.0,0.51,,LOSS,NO,-2.0,Down,0x74fd61ed6dc262e1bf1fcb20a591d281f6b4cae7494f2d303b1190029d1f59da,86397452662697488490235479365824189936138420461868575941677869124416824067946
2026-04-25T05:10:00.505096+00:00,2026-04-25T05:21:40.868464+00:00,momentum,"XRP Up or Down - April 25, 1:10AM-1:15AM ET",UP,Up,2.0,0.51,,LOSS,NO,-2.0,Down,0x2e06bc2fec69f40da5450908917b7af95ba3d4841a53af66f3f635100bc1e42b,13320820524040946577707008375950852122683333964428158447046097069060618551886
2026-04-25T05:15:00.321581+00:00,2026-04-25T05:23:41.703204+00:00,momentum,"Solana Up or Down - April 25, 1:15AM-1:20AM ET",UP,Up,4.0,0.515,,LOSS,NO,-4.0,Down,0x669c938fa67a8860bf71ac61481054cca19ea1a0a09cc84d7c05494f7a7a78fa,78811500367258907677147160094414871900117876358942881649074287833316614927358
2026-04-25T05:15:00.329561+00:00,2026-04-25T05:23:42.071267+00:00,momentum,"XRP Up or Down - April 25, 1:15AM-1:20AM ET",UP,Up,4.0,0.515,,WIN,YES,3.766990291262136,Up,0xae052744d1490b5aded2619ec83832982ba3e1317354c759a079c7cbeb939e98,42589024542455264047322791806331299470548497243404217675481401501098845612262
2026-04-25T05:15:02.410215+00:00,2026-04-25T05:23:42.233122+00:00,momentum,"Bitcoin Up or Down - April 25, 1:15AM-1:20AM ET",UP,Up,4.0,0.54,,WIN,YES,3.4074074074074066,Up,0x91868b25b34b07189678bd5ca3293fdd10400d0c9beeba45ba10a03eded87108,73032931492467462886025697209504827171683431644534157468103574455696803531948
2026-04-25T05:15:00.325147+00:00,2026-04-25T05:24:42.077811+00:00,momentum,"Ethereum Up or Down - April 25, 1:15AM-1:20AM ET",UP,Up,4.0,0.515,,LOSS,NO,-4.0,Down,0x55859c4b1a39da9012e328f921922ddb6db1bf279ab11c8cd4c7d6ecd3f76d58,67952446706506799206126444580610567876412100394223825647234943730766956402366
2026-04-25T05:20:02.894626+00:00,2026-04-25T05:29:45.179771+00:00,momentum,"Solana Up or Down - April 25, 1:20AM-1:25AM ET",UP,Up,8.0,0.52,,LOSS,NO,-8.0,Down,0x9dfab183c9f2005cebf1be263ac0c0cc5e7ccbda6f53040480eea297bd4b893e,12703333880702338134648000187353389354290854007589396946352848795406359249206
2026-04-25T05:20:00.785497+00:00,2026-04-25T05:30:45.341430+00:00,momentum,"Bitcoin Up or Down - April 25, 1:20AM-1:25AM ET",UP,Up,2.0,0.515,,WIN,YES,1.883495145631068,Up,0x6f17b5230eb05de6b3fd19c711739a6d90d7cdc9b45dd5dd3212f732036c753d,75474316277138001796418497876718864292223085397577243963151184227506628527665
2026-04-25T05:20:00.788940+00:00,2026-04-25T05:30:45.469706+00:00,momentum,"XRP Up or Down - April 25, 1:20AM-1:25AM ET",UP,Up,2.0,0.515,,WIN,YES,1.883495145631068,Up,0x197f5de564d1004e0d9a126427529495a331cd13d30001ca1c8146b0c2108e96,64906364823037542627475510626744190608315006504516094463968460842372631921251
2026-04-25T05:20:00.792861+00:00,2026-04-25T05:30:45.596758+00:00,momentum,"Ethereum Up or Down - April 25, 1:20AM-1:25AM ET",UP,Up,8.0,0.515,,WIN,YES,7.533980582524272,Up,0x8f23432ee19bc2c73e28592c191ff044d1a0387884d4995608b098261d345d5a,105653004191745572232022164708506085699571324300146579630679218671069963244344
2026-04-25T05:25:00.071049+00:00,2026-04-25T05:35:47.516319+00:00,momentum,"Ethereum Up or Down - April 25, 1:25AM-1:30AM ET",UP,Up,2.0,0.515,,LOSS,NO,-2.0,Down,0xac98f248f75a3b08f861006e67fd4ad31522c91dc87449b792dc8d614ea81c68,45429409843670755855204642469857898061405270490185420834592534053773993907993
2026-04-25T05:25:00.076976+00:00,2026-04-25T05:35:47.621001+00:00,momentum,"XRP Up or Down - April 25, 1:25AM-1:30AM ET",UP,Up,2.0,0.51,,LOSS,NO,-2.0,Down,0x4bdec3cf7c631022b708423d1b986c78eec68403da57235dae14bf914231f3a4,42589398064153228937662090007909590326729952299935362882476063690794456976649
2026-04-25T05:25:08.441937+00:00,2026-04-25T05:35:48.359958+00:00,momentum,"Bitcoin Up or Down - April 25, 1:25AM-1:30AM ET",DOWN,Down,2.0,0.54,,WIN,YES,1.7037037037037033,Down,0x9b5d5886bf342f8b8f1c72f66a89d3d37860b92007f00a6db48b2056e07ec07e,17003573835758123615205352515027735073467710921152620657561393981981914933384
2026-04-25T05:25:05.341655+00:00,2026-04-25T05:36:48.103160+00:00,momentum,"Solana Up or Down - April 25, 1:25AM-1:30AM ET",UP,Up,16.0,0.51,,LOSS,NO,-16.0,Down,0xb2261d0f3fb7e701b601d70d7accb98bf45f949a44e4bc34bbcfd59c29a23123,17282191797834305452973958748773164026960799733972120134310630553512861975896
2026-04-25T05:30:00.995843+00:00,2026-04-25T05:38:49.310819+00:00,momentum,"XRP Up or Down - April 25, 1:30AM-1:35AM ET",UP,Up,4.0,0.51,,WIN,YES,3.8431372549019605,Up,0xaede3f332e09b50ca0e165a51ba20a6e17aa245a4cc9b205d9d77233efdbf4e7,93420061414213426401124073045277328615674818454513482177957489375242818068391
2026-04-25T05:30:05.207774+00:00,2026-04-25T05:38:49.625965+00:00,momentum,"Bitcoin Up or Down - April 25, 1:30AM-1:35AM ET",UP,Up,2.0,0.53,,WIN,YES,1.773584905660377,Up,0x314ffe9dcb49cf0b9fd3e7f8eac695d987bccdca5a3934ab4d928a5a57d5fd22,75455712576521108208717619696137923834587491743864820663246434834080350216981
2026-04-25T05:30:00.991792+00:00,2026-04-25T05:39:49.664044+00:00,momentum,"Solana Up or Down - April 25, 1:30AM-1:35AM ET",UP,Up,2.0,0.515,,WIN,YES,1.883495145631068,Up,0xe837914d35b125d0c0b9cd4de5a94fb1774f9e0f62e61ca663b4d63befe008d8,41793407929822570893500044599998124426032490343721891770555822269419462085143
2026-04-25T05:30:01.000571+00:00,2026-04-25T05:39:49.798613+00:00,momentum,"Ethereum Up or Down - April 25, 1:30AM-1:35AM ET",UP,Up,2.0,0.515,,WIN,YES,1.883495145631068,Up,0x376524729f724b97c40da1dc53d7cec978f8e29f48e6ef5f2fbe1d6e5294ada8,102555419855520302822048233695054380973392793938105702364691742697368956140556
2026-04-25T05:35:00.436075+00:00,2026-04-25T05:44:54.129997+00:00,momentum,"Solana Up or Down - April 25, 1:35AM-1:40AM ET",UP,Up,2.0,0.51,,WIN,YES,1.9215686274509802,Up,0xc5971034d8e734a66adc6bbbc0f26e2860d051a1114142b19bb6388da8669683,93455709233034609081337709722592934811023488304550117156173842918912604843997
2026-04-25T05:35:01.556834+00:00,2026-04-25T05:44:54.285344+00:00,momentum,"Ethereum Up or Down - April 25, 1:35AM-1:40AM ET",UP,Up,2.0,0.58,,WIN,YES,1.4482758620689657,Up,0x34c93fc6237a0542a1fb9651c596be62d960e768d1d174a5fe5dda64dce2c0c1,34085298661914804669964089637977564634965788115152777798082251614582930999456
2026-04-25T05:35:01.561460+00:00,2026-04-25T05:44:54.452662+00:00,momentum,"Bitcoin Up or Down - April 25, 1:35AM-1:40AM ET",UP,Up,2.0,0.68,,WIN,YES,0.9411764705882351,Up,0xb7ac80254b4b9ad78078091e2cf927860aa5f3de2f9f0179fa591ec912a2e7c4,21319267217858846277843542384876446180344438357016842151166878091512930036203
2026-04-25T05:35:13.933617+00:00,2026-04-25T05:48:55.525730+00:00,momentum,"XRP Up or Down - April 25, 1:35AM-1:40AM ET",UP,Up,2.0,0.51,,LOSS,NO,-2.0,Down,0x57c2d367d4a5b4379e91461273fcab5ec0325b53c7425e2714e921f351764679,110048714498453011735395443980429005253610759246527377360670948001856541595517
2026-04-25T05:40:03.945306+00:00,2026-04-25T05:49:55.817680+00:00,momentum,"XRP Up or Down - April 25, 1:40AM-1:45AM ET",UP,Up,4.0,0.6,,WIN,YES,2.666666666666667,Up,0xed78473e6c22ea7d4ae4647dadba6f93da0aa1b82dea8037c8cf008ed09f7d4d,31822785915660218850974867792744032764292764464253885360436940698950252012797
2026-04-25T05:40:03.949670+00:00,2026-04-25T05:50:57.377306+00:00,momentum,"Solana Up or Down - April 25, 1:40AM-1:45AM ET",UP,Up,2.0,0.53,,WIN,YES,1.773584905660377,Up,0x80d7eb845329e889e2fa6c2961ea7b913ad5e9513be3b1e7709e6a707b7d4096,96526462997684242811452747140040115458499034671905875609708180661564891129687
2026-04-25T05:40:03.954144+00:00,2026-04-25T05:50:57.412045+00:00,momentum,"Ethereum Up or Down - April 25, 1:40AM-1:45AM ET",UP,Up,2.0,0.56,,LOSS,NO,-2.0,Down,0x775de8cc8e551970a404ea2023a647a00637cfeb591e6df06a073684d00012ce,45796032683868356523284671874633007007768996712032948521661382556422479786962
2026-04-25T05:40:00.835500+00:00,2026-04-25T05:51:57.312355+00:00,momentum,"Bitcoin Up or Down - April 25, 1:40AM-1:45AM ET",UP,Up,2.0,0.52,,LOSS,NO,-2.0,Down,0x3abdc71062a96bd0574e7b06a46278fcd8bf86b28c979322eb5cbc5ce2965a76,107810017240932399922651665811866815371245439603489808535065635924485884684481
2026-04-25T05:45:09.007301+00:00,2026-04-25T05:53:59.496682+00:00,momentum,"XRP Up or Down - April 25, 1:45AM-1:50AM ET",UP,Up,8.0,0.51,,LOSS,NO,-8.0,Down,0x37b4c039b017888cd80e4821420b333d91bf403e349fc42bd366ee52465c324f,52095808823217829062759069440000795399478266743861517874971671607265279573858
2026-04-25T05:45:02.532521+00:00,2026-04-25T05:54:59.622830+00:00,momentum,"Ethereum Up or Down - April 25, 1:45AM-1:50AM ET",UP,Up,4.0,0.51,,LOSS,NO,-4.0,Down,0x01baba0be4c049094e47e6d68217635599d54fd5b5c314b68fc4f721f480e591,21537996592656448197291533737487524879184315828338989161981416725515504055491
2026-04-25T05:45:02.536826+00:00,2026-04-25T05:54:59.770425+00:00,momentum,"Solana Up or Down - April 25, 1:45AM-1:50AM ET",DOWN,Down,2.0,0.51,,WIN,YES,1.9215686274509802,Down,0x6db41ec43554f01e1aae0b6b89e16af1fcbc9b36f9f437dbba7aeb661e220379,16069022221710199085691060925662351597866549605497525744711540464076361402761
2026-04-25T05:45:02.540299+00:00,2026-04-25T05:54:59.937913+00:00,momentum,"Bitcoin Up or Down - April 25, 1:45AM-1:50AM ET",DOWN,Down,4.0,0.51,,WIN,YES,3.8431372549019605,Down,0x5273aba06e1028506d0afbf31aedf3a06a1e1d7d6658182650508f86b8621f10,60305658450345374411282453214297655900814146636129724205773306977692102491902
2026-04-25T05:50:00.535767+00:00,2026-04-25T06:00:01.736013+00:00,momentum,"Bitcoin Up or Down - April 25, 1:50AM-1:55AM ET",DOWN,Down,2.0,0.515,,WIN,YES,1.883495145631068,Down,0xabf25b9127ecf2714ed28e1f3abb8d50cb27e5a6ba54119a7d1354b3d9c82e41,107003741757147148732104038497669444813910193418017649798721372670643485775017
2026-04-25T05:50:01.640448+00:00,2026-04-25T06:00:01.905022+00:00,momentum,"Solana Up or Down - April 25, 1:50AM-1:55AM ET",DOWN,Down,2.0,0.51,,WIN,YES,1.9215686274509802,Down,0x5a2dce5f6c7e05e46bdb9d564e35b142cb241db823b1151a578536fdaacb354c,60618068128750886503136307952290113825496920986787194182200901965217755159892
2026-04-25T05:50:35.697686+00:00,2026-04-25T06:00:02.067108+00:00,momentum,"XRP Up or Down - April 25, 1:50AM-1:55AM ET",UP,Up,2.0,0.56,,LOSS,NO,-2.0,Down,0x684f47060f7f2783c91e448bcaf1d1061a6007026b3b7a8816147748c59aec62,100759723886140625042143394482280930137743915623364197918229828023396816631190
2026-04-25T05:50:01.645495+00:00,2026-04-25T06:01:02.260962+00:00,momentum,"Ethereum Up or Down - April 25, 1:50AM-1:55AM ET",UP,Up,8.0,0.52,,WIN,YES,7.384615384615383,Up,0xeaabb94836ee424eca4357089786aca80b69e23e3d32f7ffc3273ef8b601f740,7213130747617172706918296996780724471590241656371925037860395865111659781016
2026-04-25T05:55:02.657992+00:00,2026-04-25T06:06:04.464962+00:00,momentum,"Ethereum Up or Down - April 25, 1:55AM-2:00AM ET",UP,Up,2.0,0.52,,WIN,YES,1.8461538461538458,Up,0x5ddf3fd87f7a1ba040aa8cd295f9c8e378de727795a32ae671d242fb4a0bfec3,7110139341699577095683330360451336940596165248706622493592418892423825229621
2026-04-25T05:55:02.663302+00:00,2026-04-25T06:06:04.509441+00:00,momentum,"Bitcoin Up or Down - April 25, 1:55AM-2:00AM ET",UP,Up,2.0,0.51,,LOSS,NO,-2.0,Down,0x2666c3200eeeb7ca5f7b50eceb38d99caed4c69655b84bf57013323b7019f3c6,107126733717953020938469720206688234031278104785098573662291883904032114941583
2026-04-25T05:55:01.648217+00:00,2026-04-25T06:07:04.142152+00:00,momentum,"XRP Up or Down - April 25, 1:55AM-2:00AM ET",DOWN,Down,4.0,0.54,,LOSS,NO,-4.0,Up,0x29cdf832a784eeb80d196a598bf642be883889f0abe5e750f6868ccf397ee1ad,1890420817085986933358431804050098778123122493790769859620049784075051001134
2026-04-25T05:55:01.653110+00:00,2026-04-25T06:07:04.182246+00:00,momentum,"Solana Up or Down - April 25, 1:55AM-2:00AM ET",DOWN,Down,2.0,0.54,,LOSS,NO,-2.0,Up,0x859f68754791156d8ced8d98ce8399b91fdcfd048e5566838fdf0c9ac9bba6b5,65228151503579936587541523329952038273631612248244060361425989020150989501213
2026-04-25T06:00:03.680791+00:00,2026-04-25T06:09:05.590751+00:00,momentum,"Bitcoin Up or Down - April 25, 2:00AM-2:05AM ET",UP,Up,4.0,0.6,,WIN,YES,2.666666666666667,Up,0xaa4585c4ba5033c77f8c63d342cddc9322675d26900572db013d1ff8b115e6fe,93340249695752908936796354190599517060947526530519804308349969732908879233130
2026-04-25T06:00:03.675361+00:00,2026-04-25T06:10:06.401972+00:00,momentum,"XRP Up or Down - April 25, 2:00AM-2:05AM ET",UP,Up,8.0,0.51,,WIN,YES,7.686274509803921,Up,0xca74ab5a46322f483388d8ad7265dbcf4c1176dd828444c7da2a5bed615c105e,23974909806111040327107344360339925133161875435917976401816928625879425035831
2026-04-25T06:00:03.685710+00:00,2026-04-25T06:10:06.584295+00:00,momentum,"Ethereum Up or Down - April 25, 2:00AM-2:05AM ET",UP,Up,2.0,0.57,,WIN,YES,1.5087719298245617,Up,0x4897e796bc365d572c3c3aeb45ab88920314a74907b55da0ed9ac282ef05979a,115614843642627407440994296505252261080935230924305215387867989724024638902501
2026-04-25T06:00:06.784539+00:00,2026-04-25T06:10:06.739012+00:00,momentum,"Solana Up or Down - April 25, 2:00AM-2:05AM ET",UP,Up,4.0,0.67,,WIN,YES,1.9701492537313428,Up,0x5eacaf4c5d37ad9880a4f29e5d3e3b4a6f84810511570abfd1e923840b619c60,38649566764062280477332450042533850076261893237382103407214630589643913081562
2026-04-25T06:05:00.142664+00:00,2026-04-25T06:15:09.129155+00:00,momentum,"Bitcoin Up or Down - April 25, 2:05AM-2:10AM ET",UP,Up,2.0,0.525,,WIN,YES,1.8095238095238093,Up,0x7b84b9d41d000bfc12e5b99c3150c6d8c1fdd0fa9d78cde45b49ae8e00247f1f,111905632297535463982849078606170389296938019332049732793361166313302645578843
2026-04-25T06:05:01.412381+00:00,2026-04-25T06:15:09.167818+00:00,momentum,"Ethereum Up or Down - April 25, 2:05AM-2:10AM ET",DOWN,Down,2.0,0.55,,LOSS,NO,-2.0,Up,0x2696d7fa9df2a234cdface7f2dbc11b4b41a7cdb204dd3bfa6c0276b3a616586,98019281753382163796632239605699872946942090262827299963609071273218343440890
2026-04-25T06:05:01.428909+00:00,2026-04-25T06:16:10.043647+00:00,momentum,"Solana Up or Down - April 25, 2:05AM-2:10AM ET",DOWN,Down,2.0,0.51,,LOSS,NO,-2.0,Up,0xaf0bbde2096108b3cc459eb75991319162086cb491277e23674e077f4af0e9ac,8798994108958641266283107355406338473331261766511973898644616278293360569974
2026-04-25T06:06:12.329473+00:00,2026-04-25T06:16:10.166438+00:00,momentum,"XRP Up or Down - April 25, 2:05AM-2:10AM ET",UP,Up,2.0,0.69,,WIN,YES,0.8985507246376816,Up,0xf232d78fc7c05809fbdae610027562b06d2509b745765d5dab1e1dce8217cb40,107183386972796702001261242985976681698068862161734984865965585367601561583165
2026-04-25T06:10:01.044895+00:00,2026-04-25T06:21:12.302917+00:00,momentum,"XRP Up or Down - April 25, 2:10AM-2:15AM ET",UP,Up,2.0,0.51,,LOSS,NO,-2.0,Down,0xfd94dd69c3d824a81dbad7b3b3caa3415eaf43c280eb2e63a98935345a4f2d59,72556316922398057760422816998159726939038024942104108579038160386495880942716
2026-04-25T06:10:03.129507+00:00,2026-04-25T06:21:12.530641+00:00,momentum,"Ethereum Up or Down - April 25, 2:10AM-2:15AM ET",DOWN,Down,4.0,0.55,,WIN,YES,3.2727272727272725,Down,0x443649a440f7285b30ca75c09180bdc2b1c374d9ff8779fd7a59d52bc6b6fa45,68512787146599338571954244107736394979164062538831511556415681127586489236811
2026-04-25T06:10:03.143449+00:00,2026-04-25T06:21:12.563819+00:00,momentum,"Bitcoin Up or Down - April 25, 2:10AM-2:15AM ET",UP,Up,2.0,0.51,,LOSS,NO,-2.0,Down,0xf5cbf0e9640f261f3c0d19bfad4fc20738ac186896d7bbfa5cda568902ec963d,48056159932666105119423666767614783774082850707683761280936724056225451256257
2026-04-25T06:10:03.124251+00:00,2026-04-25T06:22:13.179752+00:00,momentum,"Solana Up or Down - April 25, 2:10AM-2:15AM ET",DOWN,Down,4.0,0.53,,LOSS,NO,-4.0,Up,0x6bef9d80cfe19c3fe5579188ee4dcf3c8c665ed41f25933ff1262f0e0899deb7,85746540241809438868363090486124619975003641090559577828793332722872944499921
2026-04-25T06:15:01.184490+00:00,2026-04-25T06:23:13.861948+00:00,momentum,"Bitcoin Up or Down - April 25, 2:15AM-2:20AM ET",DOWN,Down,4.0,0.52,,WIN,YES,3.6923076923076916,Down,0xeccfb10c1e29a26324b957ae5be04a6256335b5ac7000b2bb873e4cfed9f1142,103590789401228443143742377628372106379245838097617724454169801511931882852405
2026-04-25T06:15:01.195276+00:00,2026-04-25T06:23:14.288517+00:00,momentum,"Solana Up or Down - April 25, 2:15AM-2:20AM ET",DOWN,Down,8.0,0.52,,WIN,YES,7.384615384615383,Down,0xfe119a6a4729fab4e868db9c9e6daaf87b8afdd721f1397c2106a1af4ff6b3e5,27788096272795180150159640940865371710934308540764933725983600478495985582117
2026-04-25T06:15:01.189896+00:00,2026-04-25T06:24:14.359283+00:00,momentum,"Ethereum Up or Down - April 25, 2:15AM-2:20AM ET",DOWN,Down,2.0,0.54,,WIN,YES,1.7037037037037033,Down,0xf7e97886e9bc59970b3d5e76e85d18c001c61b935cd5c5731c09c48c92cb3484,68337503971668570645029373524373917677065040634717433767770598062537664649576
2026-04-25T06:15:11.210322+00:00,2026-04-25T06:24:14.706031+00:00,momentum,"XRP Up or Down - April 25, 2:15AM-2:20AM ET",DOWN,Down,4.0,0.52,,WIN,YES,3.6923076923076916,Down,0x02855c4be725e7b6bf45d289a6a15a7d797f974f83322158a034000bf8f0215b,86282461316676499906072030686438369781305869961145892557340875091711120326795
2026-04-25T06:20:01.187175+00:00,2026-04-25T06:29:17.197786+00:00,momentum,"Ethereum Up or Down - April 25, 2:20AM-2:25AM ET",UP,Up,2.0,0.51,,LOSS,NO,-2.0,Down,0x048ff19980cbfc0df13c73816908f29442e6669c34f8e132cf809e993f3c05a6,80454170192580042877409761512084192311579649687942683168672557715583645231338
2026-04-25T06:20:01.195077+00:00,2026-04-25T06:29:17.373132+00:00,momentum,"Solana Up or Down - April 25, 2:20AM-2:25AM ET",DOWN,Down,2.0,0.52,,WIN,YES,1.8461538461538458,Down,0x278daaae132f42c26641b0651246e5ed0eab78ccc9eeb7aebadd67dd0069c693,4346998432336200856582947685166018798504626288171407793494281514434949792470
2026-04-25T06:20:04.256043+00:00,2026-04-25T06:29:17.519682+00:00,momentum,"XRP Up or Down - April 25, 2:20AM-2:25AM ET",DOWN,Down,2.0,0.58,,WIN,YES,1.4482758620689657,Down,0xdadf40ce0d6b824349a3515690d1db1083e3831a8835c7d199862dbf7dfc7a7c,99327406304545310017284756850360187135345736852728136362200597982051783385932
2026-04-25T06:20:00.115409+00:00,2026-04-25T06:30:17.436940+00:00,momentum,"Bitcoin Up or Down - April 25, 2:20AM-2:25AM ET",DOWN,Down,2.0,0.515,,WIN,YES,1.883495145631068,Down,0xbe2ee30b1db43c724c5a410a1c6e84541b5a0661b1f1e45fa6c92b4142aa9261,4734751101483466851614952292901016645051710649270548595476841844669034452941
2026-04-25T06:25:00.932632+00:00,2026-04-25T06:36:20.152399+00:00,momentum,"Solana Up or Down - April 25, 2:25AM-2:30AM ET",DOWN,Down,2.0,0.51,,LOSS,NO,-2.0,Up,0x5095a5ff206ec5ba6344e98576102b7b7fc40920efafae8c0c8da938dff7babf,35800383100186948574878811363939027987686802021711425683900766671423289153146
2026-04-25T06:25:03.380187+00:00,2026-04-25T06:36:20.290031+00:00,momentum,"Ethereum Up or Down - April 25, 2:25AM-2:30AM ET",UP,Up,4.0,0.52,,WIN,YES,3.6923076923076916,Up,0xc02ebf1db14eb615422251c4f54405cc0dc825e2bc836ad1b0d484b35829e3f7,102783062106251442887310642332281176215187135311668759511397395922598528793978
2026-04-25T06:25:03.387282+00:00,2026-04-25T06:36:20.321748+00:00,momentum,"XRP Up or Down - April 25, 2:25AM-2:30AM ET",DOWN,Down,2.0,0.56,,LOSS,NO,-2.0,Up,0x2e47b528a63a007658374a809b6a7acea13a8640c7246a9905c369716ce82dc6,90967175231191726634826697057698825397217779203573077277400114485510161830426
2026-04-25T06:25:00.926046+00:00,2026-04-25T06:37:20.261371+00:00,momentum,"Bitcoin Up or Down - April 25, 2:25AM-2:30AM ET",UP,Up,2.0,0.515,,WIN,YES,1.883495145631068,Up,0x0dadd888b239143473a3506b6a1254c2bce272c397daab065ffbd1f556b481e9,62450496975236946436283012628801606166202291750690145844367090028649236219660
2026-04-25T06:30:00.662606+00:00,2026-04-25T06:41:22.358527+00:00,momentum,"Bitcoin Up or Down - April 25, 2:30AM-2:35AM ET",UP,Up,4.0,0.55,,WIN,YES,3.2727272727272725,Up,0xcb95fbd07723081a99735b3aeec5900d687f2b71c13105355c9366ce3fc906d6,35885101972467924787566046565164173748765421245682054921292099480555275956227
2026-04-25T06:30:03.903167+00:00,2026-04-25T06:41:22.670712+00:00,momentum,"Ethereum Up or Down - April 25, 2:30AM-2:35AM ET",UP,Up,2.0,0.51,,WIN,YES,1.9215686274509802,Up,0x6d3df003f0f06477d4fe00d60d8d8df89b4b3ef34b81330493b4a3df06544056,24302145842914356144131120911417757000303733475877739632303530820783580737675
2026-04-25T06:30:35.984828+00:00,2026-04-25T06:42:22.637357+00:00,momentum,"XRP Up or Down - April 25, 2:30AM-2:35AM ET",UP,Up,4.0,0.63,,WIN,YES,2.349206349206349,Up,0x543ca1b853ddef31d3072f33fcd3386fa9026ea7ec54f6947427aa9f4c8cdf5e,102495161298069808101070783089370189427105686741909595471235996347409781151356
2026-04-25T06:30:00.668166+00:00,2026-04-25T06:43:23.190444+00:00,momentum,"Solana Up or Down - April 25, 2:30AM-2:35AM ET",DOWN,Down,4.0,0.54,,LOSS,NO,-4.0,Up,0x23c47670035685df390ad045da76e6e1452b177317604c1ee7d1d4c5c96aea1c,10115904989884533583416352766129440194359253141025669940616095984259890852588
2026-04-25T06:35:00.797385+00:00,2026-04-25T06:45:23.796967+00:00,momentum,"Solana Up or Down - April 25, 2:35AM-2:40AM ET",DOWN,Down,8.0,0.515,,LOSS,NO,-8.0,Up,0x35cb110288b209afda2e186ff3f2885ee1ae645d883ab447770b4b8cf1064d26,7450959568599827448824964287383857619942400007343435814021310178369685868526
2026-04-25T06:35:07.991157+00:00,2026-04-25T06:45:23.928492+00:00,momentum,"XRP Up or Down - April 25, 2:35AM-2:40AM ET",DOWN,Down,2.0,0.51,,LOSS,NO,-2.0,Up,0xc04fe613d0b54b89cb0a048ef8fdd9c242d953acf0c08cc7cf187176ea7f34e5,13955528659547303350572675346684881780666057852922676696317961813320638259060
2026-04-25T06:35:00.792217+00:00,2026-04-25T06:46:24.489407+00:00,momentum,"Bitcoin Up or Down - April 25, 2:35AM-2:40AM ET",UP,Up,2.0,0.525,,WIN,YES,1.8095238095238093,Up,0xcc85a7af2aa5721c902e3119b7cbfc2940917a0ee3d94ec789ab6fca20a9be4a,12435799324460141538401094708674288448540441906941308657552630622319804519637
2026-04-25T06:35:01.870009+00:00,2026-04-25T06:46:24.605609+00:00,momentum,"Ethereum Up or Down - April 25, 2:35AM-2:40AM ET",UP,Up,2.0,0.52,,WIN,YES,1.8461538461538458,Up,0xcc7e78924b40eb8a939bf54b04f805e130f6c250d0c918ee0486155366a2d493,94720375067209658358267139699363705544562286477765985383439103933886881661461
2026-04-25T06:40:01.665431+00:00,2026-04-25T06:51:27.409994+00:00,momentum,"Ethereum Up or Down - April 25, 2:40AM-2:45AM ET",UP,Up,2.0,0.52,,LOSS,NO,-2.0,Down,0x2f30096a5036c9198e16174ee299413fd3d6fbd2f59da6dd7934ca7de5e66cfa,59449512723467107939602965381288711530270226801378623571612558382233673961499
2026-04-25T06:40:01.828452+00:00,2026-04-25T06:51:27.444379+00:00,momentum,"Solana Up or Down - April 25, 2:40AM-2:45AM ET",DOWN,Down,16.0,0.53,,LOSS,NO,-16.0,Up,0x7d82a6d8330e761d6319e05623ffe3a05c8c507f18a1002271d59272ec317b0f,71228669152023083357985727229834993938813081545770626942259264775240457090000
2026-04-25T06:40:01.906251+00:00,2026-04-25T06:51:27.592334+00:00,momentum,"XRP Up or Down - April 25, 2:40AM-2:45AM ET",DOWN,Down,4.0,0.55,,WIN,YES,3.2727272727272725,Down,0x0928de2026faee7a21ab44f5104cdbc576ab65bc6ad4f7a7794e3cd45c7cd150,23946645365410944421522609108753297000455573657744687030189455661597933947256
2026-04-25T06:40:01.395160+00:00,2026-04-25T06:52:27.446283+00:00,momentum,"Bitcoin Up or Down - April 25, 2:40AM-2:45AM ET",UP,Up,2.0,0.53,,LOSS,NO,-2.0,Down,0xcb643b1cab4e1d257eaddf94cdd777ff5cfe33189960815a07633d8db0450ded,72435296673158168856363804396554072511518504313336823490588929385937084758561
2026-04-25T06:45:02.249060+00:00,2026-04-25T06:53:27.565015+00:00,momentum,"Solana Up or Down - April 25, 2:45AM-2:50AM ET",DOWN,Down,32.0,0.52,,LOSS,NO,-32.0,Up,0xcafc07c6a9ec095c9dcde99ceb59da3ea0e5f6a9c8b5cb56763ac02a020e5dd1,9661691218049610285282060787930735764341169143988189261103379099083380821825
2026-04-25T06:45:02.240877+00:00,2026-04-25T06:54:28.102715+00:00,momentum,"Ethereum Up or Down - April 25, 2:45AM-2:50AM ET",DOWN,Down,4.0,0.54,,LOSS,NO,-4.0,Up,0xcd34d7be05b9a1b5b3daf1df22883e3e971e6be4eaf9790536d770e460353d49,15157409526340119222515432877191974479846900485932698384426047489320240735061
2026-04-25T06:45:02.256139+00:00,2026-04-25T06:54:28.137726+00:00,momentum,"XRP Up or Down - April 25, 2:45AM-2:50AM ET",DOWN,Down,2.0,0.52,,LOSS,NO,-2.0,Up,0x00b0d7b06555303a13d1b7fb5df66db2fbf6da289f423e73042d9b95a2d825fb,16069975576637943277948454394479713307513724858118810417386847491333988378554
2026-04-25T06:45:08.803540+00:00,2026-04-25T06:54:28.268405+00:00,momentum,"Bitcoin Up or Down - April 25, 2:45AM-2:50AM ET",UP,Up,4.0,0.51,,WIN,YES,3.8431372549019605,Up,0xfaa57fcbb548d7295488cc07f98ff68a9ab77d40de94085fafa13bfc24eeaf2d,8715623438305205671422715427128253951943266677685719205238809414508137034112
2026-04-25T06:50:00.823175+00:00,2026-04-25T07:00:30.426452+00:00,momentum,"Solana Up or Down - April 25, 2:50AM-2:55AM ET",DOWN,Down,64.0,0.515,,WIN,YES,60.271844660194176,Down,0x3b5bbcc8399062dbbe9934f95d78cf1e59f6b72b6b7e480ab4ef74119f136341,50082334771626879456355411462887568913750983338356363951847664668842488992774
2026-04-25T06:50:02.932693+00:00,2026-04-25T07:00:30.603196+00:00,momentum,"Bitcoin Up or Down - April 25, 2:50AM-2:55AM ET",DOWN,Down,2.0,0.51,,WIN,YES,1.9215686274509802,Down,0xf539f813d05c4ed4312df8676e972c369a340b6026f0646d33942b8c51c5ae9b,24366954307692783035450519161408872295085521333313355738060463314758866146405
2026-04-25T06:50:02.939059+00:00,2026-04-25T07:00:30.644276+00:00,momentum,"Ethereum Up or Down - April 25, 2:50AM-2:55AM ET",UP,Up,8.0,0.51,,LOSS,NO,-8.0,Down,0x528a450d8e377abd7f7f530a2bc0b8a44bac87fc475e5dd342369515a8d9eeaa,111837893653378356295818485969652267852488603598729981852175203367362725362361
2026-04-25T06:50:02.946009+00:00,2026-04-25T07:00:30.838931+00:00,momentum,"XRP Up or Down - April 25, 2:50AM-2:55AM ET",DOWN,Down,4.0,0.54,,WIN,YES,3.4074074074074066,Down,0xad6adb6f31b362c5b72195e6770281db8e527d68ed54e966e86814ae0084ff58,35136285938944660646642378125405621050312066924582593556206068792754754200670
2026-04-25T06:55:00.206972+00:00,2026-04-25T07:05:33.535459+00:00,momentum,"Solana Up or Down - April 25, 2:55AM-3:00AM ET",DOWN,Down,2.0,0.52,,WIN,YES,1.8461538461538458,Down,0x28bfdbe6e17eac868571341e90d881d9484cbcd3d3afe3194495be2b32103cbe,45751638446800305735174564347613197810225783259320040757913566729382422858679
2026-04-25T06:55:12.775083+00:00,2026-04-25T07:05:33.930678+00:00,momentum,"Ethereum Up or Down - April 25, 2:55AM-3:00AM ET",DOWN,Down,2.0,0.51,,WIN,YES,1.9215686274509802,Down,0xb3671af74fe65d0f3f5b7015e8ac9f1fed263bdbe68aeea1a82e42335bc4683c,109765671768498092907768190424433601000487850625124981962371686301864619967839
2026-04-25T06:55:03.566092+00:00,2026-04-25T07:06:34.469274+00:00,momentum,"XRP Up or Down - April 25, 2:55AM-3:00AM ET",DOWN,Down,2.0,0.59,,WIN,YES,1.3898305084745766,Down,0x1633d1edcf1b0e593234a27b9f5bd41199a61c31fb2306c5f2eb2924b178c0d2,21563329327933181306000125456257574176533909439311961107234670655552310512280
2026-04-25T06:55:06.644884+00:00,2026-04-25T07:07:34.801739+00:00,momentum,"Bitcoin Up or Down - April 25, 2:55AM-3:00AM ET",UP,Up,2.0,0.53,,LOSS,NO,-2.0,Down,0x24be75e8d185bb0de5518514369542186b0293c9c2ac962d2358f488be3e592e,85129060664232354542763828871411379216416264619648662658875531571880011376043
2026-04-25T07:00:00.713916+00:00,2026-04-25T07:08:35.749881+00:00,momentum,"Ethereum Up or Down - April 25, 3:00AM-3:05AM ET",DOWN,Down,2.0,0.535,,WIN,YES,1.7383177570093458,Down,0x13f968ca3121f882cb9cc13b12339b9b11d8e5bdfcb9b2abd13b28d32e5bda18,16368635518310003230097431263322602803222386759556677233737819263959183281308
2026-04-25T07:00:00.724213+00:00,2026-04-25T07:08:35.902628+00:00,momentum,"Solana Up or Down - April 25, 3:00AM-3:05AM ET",DOWN,Down,2.0,0.515,,WIN,YES,1.883495145631068,Down,0xa2004cb4f0a73a260f351bcbacb01c8e0437135ef29f107d06d65954f3d569e8,28385223611437555137310543555355557448061908251867822319170783016088532913120
2026-04-25T07:00:03.020508+00:00,2026-04-25T07:08:35.932109+00:00,momentum,"Bitcoin Up or Down - April 25, 3:00AM-3:05AM ET",UP,Up,4.0,0.51,,LOSS,NO,-4.0,Down,0x00d075baf95d92b9d1de3e717bdf36f8b3cbfb8a6ee6413b9cef1c3cf7892d5a,14334089287983800059194142873222392043771857179417783109188673302364624969087
2026-04-25T07:00:03.027019+00:00,2026-04-25T07:09:36.317043+00:00,momentum,"XRP Up or Down - April 25, 3:00AM-3:05AM ET",DOWN,Down,2.0,0.56,,WIN,YES,1.5714285714285712,Down,0xe323ab5c3779473a2114303a103e6811677468ae4155e2a3dff545f6cd07c3ea,58227225775856121349777055706467554826356815669608121004597134329241829288203
2026-04-25T07:05:02.556786+00:00,2026-04-25T07:15:39.648696+00:00,momentum,"Bitcoin Up or Down - April 25, 3:05AM-3:10AM ET",UP,Up,8.0,0.56,,LOSS,NO,-8.0,Down,0x3683700f8590a3d974c6c7cf7caff98db29566153c6756244c447ef50236c117,47511977812760544940309164396088586059516648722744740569924743457681065671715
2026-04-25T07:05:02.569209+00:00,2026-04-25T07:15:39.682572+00:00,momentum,"XRP Up or Down - April 25, 3:05AM-3:10AM ET",DOWN,Down,2.0,0.52,,LOSS,NO,-2.0,Up,0x99909eb0fb69588ad0ba9896d1cf0ce78c680ee88369b8bed3ff85d97063c694,74368704209468866438993374031313640193142487197332555204481975036372636908451
2026-04-25T07:05:08.793485+00:00,2026-04-25T07:15:39.808586+00:00,momentum,"Solana Up or Down - April 25, 3:05AM-3:10AM ET",DOWN,Down,2.0,0.59,,WIN,YES,1.3898305084745766,Down,0x9da9a99e4f5b7bb769f58f9a30ff037ce8359bd50497266be40ca14bdf162bc9,102582266355908699970306240763596556411432373396315904732476696346187865425084
2026-04-25T07:05:00.482835+00:00,2026-04-25T07:16:40.521660+00:00,momentum,"Ethereum Up or Down - April 25, 3:05AM-3:10AM ET",UP,Up,2.0,0.515,,LOSS,NO,-2.0,Down,0x27916f89ac59c5b102dd6b1ee4de1376cb27f8e4bdb23b594884611efb6ce118,35046105008567906326369433319359084486158405615439514007035243664513207602910
2026-04-25T07:10:00.226915+00:00,2026-04-25T07:20:41.819878+00:00,momentum,"Ethereum Up or Down - April 25, 3:10AM-3:15AM ET",UP,Up,4.0,0.53,,WIN,YES,3.547169811320754,Up,0xd56090d0620df6c443bc588884b9523b055f1ac03a99737aabca9d48ed2a5096,18972998167488915926218406348465266112975554707298104327814848226139812492220
2026-04-25T07:10:00.234829+00:00,2026-04-25T07:21:42.646195+00:00,momentum,"Bitcoin Up or Down - April 25, 3:10AM-3:15AM ET",UP,Up,2.0,0.65,,WIN,YES,1.0769230769230766,Up,0x51c8a401be1d1507522df7863e271802f4cb18e8971920eee4ba1f151f36fe82,5508959589546922813027418647503663879097771578464718311978397043271688396807
2026-04-25T07:10:06.405444+00:00,2026-04-25T07:21:42.955400+00:00,momentum,"Solana Up or Down - April 25, 3:10AM-3:15AM ET",UP,Up,2.0,0.51,,WIN,YES,1.9215686274509802,Up,0x7332b3360516036e97ca465466c1465ec88828711bc33847f017101db7c4b1d6,67980971497549501487748326476121338781937346708727601399584883728684227801931
2026-04-25T07:10:12.930390+00:00,2026-04-25T07:21:43.235968+00:00,momentum,"XRP Up or Down - April 25, 3:10AM-3:15AM ET",UP,Up,2.0,0.53,,WIN,YES,1.773584905660377,Up,0xb48eb09b26ff513eeebef1d5aecc94b4edb4d2c712af95e555915042cd041253,23242844458912881330616469698800884217300663282893419027510161383620156020494
2026-04-25T07:15:08.319868+00:00,2026-04-25T07:23:43.515023+00:00,momentum,"Solana Up or Down - April 25, 3:15AM-3:20AM ET",DOWN,Down,2.0,0.52,,LOSS,NO,-2.0,Up,0x858e77f235ddfda490b2748bde090e954ba78d6ba94599c8f4650b5ba1dbb516,6508828249102408481933082348003400719441886688908249909537333008830955383872
2026-04-25T07:15:01.031260+00:00,2026-04-25T07:24:44.218058+00:00,momentum,"Bitcoin Up or Down - April 25, 3:15AM-3:20AM ET",UP,Up,2.0,0.535,,WIN,YES,1.7383177570093458,Up,0x3faabbf5bd9326470b8ecb05053c4854cdd2c9cbaf371c4f94099428e34e6f52,531602258454381524592763066713803455419346939456431158544201411284872898174
2026-04-25T07:15:01.038161+00:00,2026-04-25T07:24:44.346339+00:00,momentum,"Ethereum Up or Down - April 25, 3:15AM-3:20AM ET",UP,Up,2.0,0.525,,WIN,YES,1.8095238095238093,Up,0x0660f252c6722583bd5f7dfd223b46324e8f09ac5788e0fb68ee65bd10625c6e,51328320325645687249739295777458754776268650962583784695992505961310206980002
2026-04-25T07:15:11.495041+00:00,2026-04-25T07:24:44.383610+00:00,momentum,"XRP Up or Down - April 25, 3:15AM-3:20AM ET",DOWN,Down,2.0,0.52,,LOSS,NO,-2.0,Up,0xcaf66890afa0801f03304681bd483f32ae6e47a664a9661fa4ae2fafd6a86480,32610857128781789328738795543475592537052587226752514201476394974867567379719
2026-04-25T07:20:03.562062+00:00,2026-04-25T07:29:48.865448+00:00,momentum,"XRP Up or Down - April 25, 3:20AM-3:25AM ET",DOWN,Down,4.0,0.52,,LOSS,NO,-4.0,Up,0xae189016af5780b04fe75d0310d45738ecd36aad152fff024846004e566ae604,58087056648738332592346191172328427090621560459066499188441072642459996398795
2026-04-25T07:20:12.750856+00:00,2026-04-25T07:29:49.003277+00:00,momentum,"Solana Up or Down - April 25, 3:20AM-3:25AM ET",DOWN,Down,4.0,0.52,,WIN,YES,3.6923076923076916,Down,0x938db85892630c9d183eea046d1ad11633779de19ac53f4ddd6668b318ba688b,8631338455003114769393794431570151189279532299769210065141741880058415265626
2026-04-25T07:20:00.289579+00:00,2026-04-25T07:30:49.697465+00:00,momentum,"Bitcoin Up or Down - April 25, 3:20AM-3:25AM ET",UP,Up,2.0,0.54,,WIN,YES,1.7037037037037033,Up,0x991cae95f0f7931edbe7f3104a1ea7feddabe7a6c8d098aad704264bce095d56,67613561747793271882738831483940357736917232504342333685451987462549945510846
2026-04-25T07:20:21.960135+00:00,2026-04-25T07:30:49.845523+00:00,momentum,"Ethereum Up or Down - April 25, 3:20AM-3:25AM ET",UP,Up,2.0,0.52,,WIN,YES,1.8461538461538458,Up,0x5f2ff511f42cc07b703ebce0f44182b380f7a086dcec89f992bd5b718f9e37af,67610390605169614507839401325207021460035921523840269105617377425908423741457
2026-04-25T07:25:03.178422+00:00,2026-04-25T07:36:53.839807+00:00,momentum,"Solana Up or Down - April 25, 3:25AM-3:30AM ET",DOWN,Down,2.0,0.52,,WIN,YES,1.8461538461538458,Down,0x5d9b309774dea486b0fcf3af54de6d72eb68e1d874e1e9f6605966a63ce2f683,22373257867227047986468826453049436832894385289297835626589985469219652987910
2026-04-25T07:25:03.188777+00:00,2026-04-25T07:36:53.873823+00:00,momentum,"Ethereum Up or Down - April 25, 3:25AM-3:30AM ET",DOWN,Down,2.0,0.59,,LOSS,NO,-2.0,Up,0x0b2fb43b18d2b42a26efae921b5dd39ce95e034bf19d3341f61097fa5bfda841,96847342107290565048114008078171766677820403244989496245205746890125662099779
2026-04-25T07:25:12.819268+00:00,2026-04-25T07:36:53.906655+00:00,momentum,"XRP Up or Down - April 25, 3:25AM-3:30AM ET",DOWN,Down,8.0,0.52,,LOSS,NO,-8.0,Up,0x4ef648f7bc9b110f6971dc0792da58409403f8d17d0adb7c6f58c4879f540313,36746199576062070946097573132348693998726855272796671753953111358283583934231
2026-04-25T07:25:12.826008+00:00,2026-04-25T07:36:53.947452+00:00,momentum,"Bitcoin Up or Down - April 25, 3:25AM-3:30AM ET",DOWN,Down,4.0,0.53,,LOSS,NO,-4.0,Up,0xd653b47f4469614e8b3e131499d5f75b1cbbe227e829db1f851a51dd32e47f65,24508920799902882536354852520648859863482682011302284249832672763029819631950
2026-04-25T07:30:01.997441+00:00,2026-04-25T07:38:54.912082+00:00,momentum,"Ethereum Up or Down - April 25, 3:30AM-3:35AM ET",DOWN,Down,4.0,0.55,,LOSS,NO,-4.0,Up,0x8691596efcc36125ffa3f45c88ebc276cf9f978acc8eec8f1200e86b4e0d0bba,39187232186752469400938027394237830392765490313387634029216263681136928570414
2026-04-25T07:30:02.006065+00:00,2026-04-25T07:39:55.617433+00:00,momentum,"Bitcoin Up or Down - April 25, 3:30AM-3:35AM ET",DOWN,Down,8.0,0.61,,LOSS,NO,-8.0,Up,0x5b10fd5cfc6e84354d18af3d0dad9df708317fc93a3838be4e60c75cfed25c5a,112658033781166757118093017513426852334829870223822028955425456405219644225137
2026-04-25T07:30:02.019878+00:00,2026-04-25T07:39:55.649583+00:00,momentum,"XRP Up or Down - April 25, 3:30AM-3:35AM ET",DOWN,Down,16.0,0.52,,LOSS,NO,-16.0,Up,0xce295e4ec4226c79d7b025187fd1a7d712afb4bb0d1d7da00110bf82b7c933c9,95047766445308344895509572434482297323721689476617503325949807606567404049999
2026-04-25T07:30:05.115863+00:00,2026-04-25T07:39:55.684245+00:00,momentum,"Solana Up or Down - April 25, 3:30AM-3:35AM ET",DOWN,Down,2.0,0.57,,LOSS,NO,-2.0,Up,0x19b4403829ca740afdf1097af0803330fabc478d8c798a9dc130fc1c94f4cc93,19407242638102656895175886481498177006650384142142824017114145481812333859818
2026-04-25T07:35:01.382616+00:00,2026-04-25T07:44:57.176568+00:00,momentum,"Bitcoin Up or Down - April 25, 3:35AM-3:40AM ET",DOWN,Down,16.0,0.52,,LOSS,NO,-16.0,Up,0x3030d1c61a8fad14903c7982074f84cc34303da6e77501f761f5a69b4e194b32,50043404985132165881675050811159029908476336793746388366230340176715874193846
2026-04-25T07:35:04.487050+00:00,2026-04-25T07:44:57.355528+00:00,momentum,"Solana Up or Down - April 25, 3:35AM-3:40AM ET",DOWN,Down,4.0,0.54,,WIN,YES,3.4074074074074066,Down,0x1e945f0038ee6478a482fb60eef9414fcd3e21e3c9d1f8bb82d32eee66c0a3ed,109835588547456454262462371230763694426479799658509384563592488348378058775165
2026-04-25T07:35:04.495070+00:00,2026-04-25T07:45:57.550197+00:00,momentum,"XRP Up or Down - April 25, 3:35AM-3:40AM ET",DOWN,Down,32.0,0.53,,LOSS,NO,-32.0,Up,0x2f1ec42fcb6cb27c89153c1cae9c5a16b0998e85bd6be99f04506414a0c62753,51194530665542841709010922028224050651636025561097259778241520033342898991792
2026-04-25T07:35:04.502723+00:00,2026-04-25T07:45:57.709822+00:00,momentum,"Ethereum Up or Down - April 25, 3:35AM-3:40AM ET",DOWN,Down,8.0,0.51,,WIN,YES,7.686274509803921,Down,0x99bde2b4c82db20306931e2457acc6a7405a1dd5810f2c44ec716cf7346186e2,114352377026146003421705638395696943668673629404642178931562155403125081389829
2026-04-25T07:40:02.085517+00:00,2026-04-25T07:49:59.101968+00:00,momentum,"Solana Up or Down - April 25, 3:40AM-3:45AM ET",DOWN,Down,2.0,0.6,,WIN,YES,1.3333333333333335,Down,0x6ac5f9646cd80b0f6a68010a2049914ec1a4f55d57dc8a9be0581f8a765fac08,22545023719691561633143733016682082800502272719625123140904222202260556898289
2026-04-25T07:40:01.737449+00:00,2026-04-25T07:50:59.943658+00:00,momentum,"Bitcoin Up or Down - April 25, 3:40AM-3:45AM ET",DOWN,Down,32.0,0.63,,WIN,YES,18.79365079365079,Down,0xbfb4ed70f7c2942431979037d71452fdcf43334f840004853ad219b936dc0bd7,71371805165586524842313333763192497278314988271431145048329768109072461581279
2026-04-25T07:40:01.884749+00:00,2026-04-25T07:51:00.073304+00:00,momentum,"Ethereum Up or Down - April 25, 3:40AM-3:45AM ET",DOWN,Down,2.0,0.54,,WIN,YES,1.7037037037037033,Down,0xe876c4e53274f2076fb20730b8916def00a0dce1da44d0c01b30357790b1c513,78101448179609557793635189083777066304149935997351915011530995586463694178967
2026-04-25T07:40:00.153468+00:00,2026-04-25T07:52:00.497701+00:00,momentum,"XRP Up or Down - April 25, 3:40AM-3:45AM ET",DOWN,Down,2.0,0.51,,WIN,YES,1.9215686274509802,Down,0x7486f22e183ccab3ffd3580e95ff86340b207953732a59d0601cc061edf62b44,9246889600624016938726537652416007678351913273633133785293618756579998419344
2026-04-25T07:45:02.723927+00:00,2026-04-25T07:57:03.225528+00:00,momentum,"XRP Up or Down - April 25, 3:45AM-3:50AM ET",DOWN,Down,2.0,0.51,,WIN,YES,1.9215686274509802,Down,0x91dfbc0f197777f0308ba5fcce6ea43927a68a5b873f3b3b0c2348fa5816a63c,97969044296649755596861950784136532239030524889720464574065695055511503976619
2026-04-25T07:45:02.732084+00:00,2026-04-25T07:57:03.362558+00:00,momentum,"Bitcoin Up or Down - April 25, 3:45AM-3:50AM ET",DOWN,Down,2.0,0.51,,WIN,YES,1.9215686274509802,Down,0xf8da104547cdb78c998000d3d9e13cdebc5ae84f4785cd0da3aeca77701182ba,70663524833672481394070953972275496869411677696401354457415602342574739890697
2026-04-25T07:45:02.740004+00:00,2026-04-25T07:58:03.237905+00:00,momentum,"Solana Up or Down - April 25, 3:45AM-3:50AM ET",DOWN,Down,2.0,0.51,,LOSS,NO,-2.0,Up,0x657b4d6e5037b5fb878966eb46ebb135a7f841e225ff9e7a0b0c667c9f138610,66644490582140286586312599334523838159923965219125855930187990145463614074685
2026-04-25T07:45:15.147503+00:00,2026-04-25T07:58:03.267589+00:00,momentum,"Ethereum Up or Down - April 25, 3:45AM-3:50AM ET",UP,Up,2.0,0.53,,LOSS,NO,-2.0,Down,0xfca5cea2b2f64cd620f672ca43e8e5775560d404d3242fe1adb9e08abd74b5fb,49170378311395938437181361940338878897154752155185553516421595124277800608653
2026-04-25T07:50:01.873824+00:00,2026-04-25T08:00:04.010560+00:00,momentum,"Ethereum Up or Down - April 25, 3:50AM-3:55AM ET",UP,Up,4.0,0.58,,WIN,YES,2.8965517241379315,Up,0x34ef936a3da21b297c43c81309a12ac0f29cc72051a8e2a155afe0ae134c7212,4403852005429078678019717416407600423999201092407365453959465425944236347342
2026-04-25T07:50:01.894704+00:00,2026-04-25T08:00:04.202343+00:00,momentum,"Bitcoin Up or Down - April 25, 3:50AM-3:55AM ET",UP,Up,2.0,0.53,,WIN,YES,1.773584905660377,Up,0x4eb4868d8c9acd79130df9c6e032e661d178768d4fd7c178342dab5d5a5b4a5d,65377324127926928367185586622811242974106131624328146968199474120605445799496
2026-04-25T07:50:01.904279+00:00,2026-04-25T08:00:04.381603+00:00,momentum,"Solana Up or Down - April 25, 3:50AM-3:55AM ET",DOWN,Down,4.0,0.51,,WIN,YES,3.8431372549019605,Down,0x5bb7916669e8a3508773056b8299dc5e31807857190817eef445238caa69608f,112671237422922700457345079167432652959772577753533634248861825148416455701076
2026-04-25T07:50:00.600158+00:00,2026-04-25T08:01:04.834619+00:00,momentum,"XRP Up or Down - April 25, 3:50AM-3:55AM ET",DOWN,Down,2.0,0.515,,WIN,YES,1.883495145631068,Down,0xd18c9abdf851c8d1e6b4c80e4bfd6d7a20a4b5d5b93fcde7218a60ad817f526d,62170191558177595145744761673442063468079537103562020378118812577867454713472
2026-04-25T07:55:02.243439+00:00,2026-04-25T08:05:06.984280+00:00,momentum,"Bitcoin Up or Down - April 25, 3:55AM-4:00AM ET",DOWN,Down,2.0,0.52,,WIN,YES,1.8461538461538458,Down,0xb041a53ad82282696a1e1803c8f49680418e9e8356ba849e74a0cacbff00d74f,38313427813337791641915510694961500825180294089692162209895089503826964738262
2026-04-25T07:55:02.255514+00:00,2026-04-25T08:06:07.527692+00:00,momentum,"Solana Up or Down - April 25, 3:55AM-4:00AM ET",DOWN,Down,2.0,0.52,,WIN,YES,1.8461538461538458,Down,0x282f2c1f434297f7c941db9a4bf04af8feee1faff315c9b55ce1e37fe5081ed2,59259715865586492629772862803394947824823008953813426562268033312915687930184
2026-04-25T07:55:02.267277+00:00,2026-04-25T08:06:07.664657+00:00,momentum,"XRP Up or Down - April 25, 3:55AM-4:00AM ET",DOWN,Down,2.0,0.53,,WIN,YES,1.773584905660377,Down,0x4e99242ef17cece8a42bbaf8658503d54b74340a7d06879f3c0ded0871b4a07a,95474739700527116865734441935414937232862114278359158163419451890109885546912
2026-04-25T07:55:18.457790+00:00,2026-04-25T08:06:07.699859+00:00,momentum,"Ethereum Up or Down - April 25, 3:55AM-4:00AM ET",DOWN,Down,2.0,0.51,,LOSS,NO,-2.0,Up,0x3d61d80bc7e7d8aa37e644a03cd97c21043518ec02259dcee9c1fd07037dc495,53299133143273845406282071799236160001136002707436052274214811007407650016766
2026-04-25T08:00:00.458460+00:00,2026-04-25T08:09:10.340227+00:00,momentum,"Bitcoin Up or Down - April 25, 4:00AM-4:05AM ET",UP,Up,2.0,0.525,,WIN,YES,1.8095238095238093,Up,0xd675e6a750e0cb9f581926f649cb506b4c7ab504814fdab11dc43b43906e26f6,109297219285087436223737654868139898794611679169173906939097917503381386207473
2026-04-25T08:00:01.612551+00:00,2026-04-25T08:09:10.376200+00:00,momentum,"Ethereum Up or Down - April 25, 4:00AM-4:05AM ET",DOWN,Down,4.0,0.52,,LOSS,NO,-4.0,Up,0xe2fff6d460a988a2dca3ec295014ed14bc0c29945de5ecc6af42d1249b0c513f,92838956728786255165139778357232108692498545481034535947505358713442474395717
2026-04-25T08:00:01.631892+00:00,2026-04-25T08:09:10.518273+00:00,momentum,"XRP Up or Down - April 25, 4:00AM-4:05AM ET",DOWN,Down,2.0,0.61,,WIN,YES,1.278688524590164,Down,0x17913e4ff1957bd10c7b334c30416deae751d67311e05ad2ef79fa6006003262,100841225842124143316541398734817076771496916377780282231712829612534069271387
2026-04-25T08:00:06.339718+00:00,2026-04-25T08:09:10.554436+00:00,momentum,"Solana Up or Down - April 25, 4:00AM-4:05AM ET",DOWN,Down,2.0,0.79,,LOSS,NO,-2.0,Up,0x1a7a4634bfb1d09c6d76d53c4516467cbfbe267343242b35d2e4648da3f8ca39,45653666243372057227706341673749987649181590700417638265183225339150835373180
2026-04-25T08:05:15.347558+00:00,2026-04-25T08:14:13.367993+00:00,momentum,"Ethereum Up or Down - April 25, 4:05AM-4:10AM ET",UP,Up,8.0,0.51,,WIN,YES,7.686274509803921,Up,0x415f54e6f66f2b139f54a80423bdc4531eda346f4362e1d9012896fc5c17ac18,110112469795381097355287700263437287771334856268067957248562588753540485502285
2026-04-25T08:05:00.165345+00:00,2026-04-25T08:15:13.737133+00:00,momentum,"Solana Up or Down - April 25, 4:05AM-4:10AM ET",DOWN,Down,4.0,0.51,,LOSS,NO,-4.0,Up,0x21f4155b24863592294e6ae79398d8841e20b7e83bdde89f7fb847741db06b36,19634800359750100712317168192350398439270957045410620509191163830019992088687
2026-04-25T08:05:00.205412+00:00,2026-04-25T08:15:13.945341+00:00,momentum,"XRP Up or Down - April 25, 4:05AM-4:10AM ET",UP,Up,2.0,0.51,,WIN,YES,1.9215686274509802,Up,0xbac70fef9f486f7d9f1068a16d6bf234ca7c94f778536ad0fde51c6c038d1c2b,1665410973524311105928131539712479715126361414897136443605969110086743982594
2026-04-25T08:05:02.708099+00:00,2026-04-25T08:15:14.156595+00:00,momentum,"Bitcoin Up or Down - April 25, 4:05AM-4:10AM ET",UP,Up,4.0,0.58,,WIN,YES,2.8965517241379315,Up,0xe344932e88456b6cb6dd841cca3d7b7067b700f701ae7322200d00efcb085cc7,40647594714137480794086733435112188470518979494645804297226142712978616745174
2026-04-25T08:10:00.231477+00:00,2026-04-25T08:21:16.915881+00:00,momentum,"Ethereum Up or Down - April 25, 4:10AM-4:15AM ET",DOWN,Down,2.0,0.56,,WIN,YES,1.5714285714285712,Down,0x2348eb332f8442cf893d5eaa7240cade7c31143a713111af7666b4b5d9c8de5a,99950249365505034841290948680598543231043329293762725461236549870904855930587
2026-04-25T08:10:06.380344+00:00,2026-04-25T08:21:16.945885+00:00,momentum,"XRP Up or Down - April 25, 4:10AM-4:15AM ET",UP,Up,2.0,0.55,,LOSS,NO,-2.0,Down,0xf98d09aff81a93915b1d0d4945d88b4a00f804037451463668b041cac74c9140,55490201834576672211512626070062903448758016486264782090623861220962571428992
2026-04-25T08:10:12.491059+00:00,2026-04-25T08:21:16.988443+00:00,momentum,"Solana Up or Down - April 25, 4:10AM-4:15AM ET",UP,Up,8.0,0.52,,LOSS,NO,-8.0,Down,0x5394fd23093f4b3139f7c0ba31b2908f06f8e70455027e6f18e6658aa151ad31,56524295798265252092447035617830104981272166542580476822745373036601207413494
2026-04-25T08:10:00.220860+00:00,2026-04-25T08:22:17.059198+00:00,momentum,"Bitcoin Up or Down - April 25, 4:10AM-4:15AM ET",DOWN,Down,2.0,0.52,,WIN,YES,1.8461538461538458,Down,0x0a73633bd700884eb4da05780420d1053a80ff0ec0486b40652776737ee6788e,52505634403849234988026386954744323254066998655729222287906902829739213321030
2026-04-25T08:15:01.452831+00:00,2026-04-25T08:24:17.967910+00:00,momentum,"Ethereum Up or Down - April 25, 4:15AM-4:20AM ET",DOWN,Down,2.0,0.59,,WIN,YES,1.3898305084745766,Down,0x136c13a3620114d43e5f64224828793ee5a861c5495c81bfc8f97a97bbadd1e3,32508298285582278587130367422678297087666153470209506254476535107971400201311
2026-04-25T08:15:04.598639+00:00,2026-04-25T08:24:18.125608+00:00,momentum,"Solana Up or Down - April 25, 4:15AM-4:20AM ET",DOWN,Down,16.0,0.55,,WIN,YES,13.09090909090909,Down,0xacd5e90acf23ed36c411d8e05695a3e5eae924d2c25363e607d6533cbb6ab93c,18438684733298185069890121364502798911590393408622857699162875929430226045205
2026-04-25T08:15:01.437592+00:00,2026-04-25T08:25:18.812065+00:00,momentum,"Bitcoin Up or Down - April 25, 4:15AM-4:20AM ET",DOWN,Down,2.0,0.58,,WIN,YES,1.4482758620689657,Down,0xad37a13af1fced9df8d5778be96581e3cad31dbec2c3f6e7cb2880a241e8a41a,12198311059854993603550728819621205330171403435143348052130823132625277739686
2026-04-25T08:15:04.614669+00:00,2026-04-25T08:25:18.940810+00:00,momentum,"XRP Up or Down - April 25, 4:15AM-4:20AM ET",DOWN,Down,4.0,0.54,,WIN,YES,3.4074074074074066,Down,0x0b7a18e476c3af29c1bad086aecb8f285113ea87f0eaff04739e242c4bef8a17,35889009204058589488206871461186019952114419086632294927147646916196967155206
2026-04-25T08:20:00.890614+00:00,2026-04-25T08:29:21.158915+00:00,momentum,"Ethereum Up or Down - April 25, 4:20AM-4:25AM ET",DOWN,Down,2.0,0.53,,LOSS,NO,-2.0,Up,0xeabdfd3a76154db3f00cae030e1b78f0d548680c80dc3c95d93565f4d4c2bc61,76062885910076314742435296769734753022565017479310257154915752256429789647642
2026-04-25T08:20:00.882564+00:00,2026-04-25T08:30:21.153823+00:00,momentum,"XRP Up or Down - April 25, 4:20AM-4:25AM ET",UP,Up,2.0,0.515,,WIN,YES,1.883495145631068,Up,0x6c229a26e921ed66f4eb98859c1fe902a0f964b11b6d421de6d9b8cf241ac1af,22551683190242983766851925157975715453130888211302523217604550273107495201605
2026-04-25T08:20:00.899719+00:00,2026-04-25T08:30:21.182210+00:00,momentum,"Solana Up or Down - April 25, 4:20AM-4:25AM ET",DOWN,Down,2.0,0.51,,LOSS,NO,-2.0,Up,0xf56de8afc0324752b5915309afbed9e936e495ed0fa8f013c239fac63bdbbc06,31383752430957620765894992185825357608995478995413973775947910618785953270552
2026-04-25T08:20:02.362156+00:00,2026-04-25T08:30:21.327163+00:00,momentum,"Bitcoin Up or Down - April 25, 4:20AM-4:25AM ET",DOWN,Down,2.0,0.51,,WIN,YES,1.9215686274509802,Down,0xb2a66b88ef9709e78ec2157cde3ec7a0f28b5d135bc80677760173c755a7b1ed,5385227408636777583494826707985584450269364476841713492721471405104901041581
2026-04-25T08:25:00.553991+00:00,2026-04-25T08:35:24.253158+00:00,momentum,"Bitcoin Up or Down - April 25, 4:25AM-4:30AM ET",UP,Up,2.0,0.51,,WIN,YES,1.9215686274509802,Up,0xf911e0514e9b29597b643405d82377bcc7736b79e5cb34cfa6de50386c827537,45099490282307428474398231267279222508117719216052874500945335860725723752108
2026-04-25T08:25:00.565570+00:00,2026-04-25T08:35:24.289546+00:00,momentum,"Ethereum Up or Down - April 25, 4:25AM-4:30AM ET",DOWN,Down,4.0,0.55,,LOSS,NO,-4.0,Up,0xf538861d0688e0ee56fc25987738d5a6252ba5f82e6351a2ef7c5bd21cd4e6f8,63943929552703263750764749875909463006220772228323051347634199318602173768686
2026-04-25T08:25:07.150962+00:00,2026-04-25T08:36:24.968233+00:00,momentum,"XRP Up or Down - April 25, 4:25AM-4:30AM ET",UP,Up,2.0,0.52,,WIN,YES,1.8461538461538458,Up,0x210125f90076dde04a71335fd0873a60b6d513179c1d1d58aa8a843d2bfe28b7,86571669083254101390624952826425104800714781245729956129027995421854531420811
2026-04-25T08:25:00.577167+00:00,2026-04-25T08:37:25.699652+00:00,momentum,"Solana Up or Down - April 25, 4:25AM-4:30AM ET",DOWN,Down,2.0,0.51,,LOSS,NO,-2.0,Up,0xb4ee3605f78832158edf7314c72e8c9b51d37ec11de026b551977fd152903920,39842301905094983326708932252984165149809121029237128986159958371213811174901
2026-04-25T08:30:00.470495+00:00,2026-04-25T08:38:26.136678+00:00,momentum,"Ethereum Up or Down - April 25, 4:30AM-4:35AM ET",DOWN,Down,8.0,0.57,,LOSS,NO,-8.0,Up,0xbf2f45b5408c34afcd32e6b75a218b1341bd0c29be73a499d79fae7f59f367d6,82072990328086550081582834068099928413489614511461836798448806423139820076020
2026-04-25T08:30:03.594947+00:00,2026-04-25T08:38:26.389048+00:00,momentum,"XRP Up or Down - April 25, 4:30AM-4:35AM ET",UP,Up,2.0,0.52,,WIN,YES,1.8461538461538458,Up,0x53f8b358be2f310a13f57a3619f3d7f6b0d99b175efe2a5584e6396238889b7f,65954197274480959009386839648785854402470495599494487043954948334469031722429
2026-04-25T08:30:00.486374+00:00,2026-04-25T08:39:26.625824+00:00,momentum,"Solana Up or Down - April 25, 4:30AM-4:35AM ET",DOWN,Down,4.0,0.52,,WIN,YES,3.6923076923076916,Down,0xcf8fc705f7a9b4905338c9a91226531c17c488c9ad8819959fae0475c0254bb4,1545894286546669624062323517735729849689388089661031749059522444695910053836
2026-04-25T08:30:07.148780+00:00,2026-04-25T08:39:26.772619+00:00,momentum,"Bitcoin Up or Down - April 25, 4:30AM-4:35AM ET",UP,Up,2.0,0.67,,WIN,YES,0.9850746268656714,Up,0x77039965807b0fdb9176d4368a353712acd2f916b2d59c70a871a8640120f74e,36183989441436442419336544327013056086579371890214666413119369609611014367456
2026-04-25T08:35:02.301191+00:00,2026-04-25T08:44:28.729386+00:00,momentum,"XRP Up or Down - April 25, 4:35AM-4:40AM ET",DOWN,Down,2.0,0.51,,LOSS,NO,-2.0,Up,0x7bce7206afe05ac5fbb0472dbb33d36421560afeb0f74843fcb747c617b16efa,30366508164969871127516354214509302946525636315107832898211127268204417501367
2026-04-25T08:35:02.319310+00:00,2026-04-25T08:44:28.760705+00:00,momentum,"Ethereum Up or Down - April 25, 4:35AM-4:40AM ET",DOWN,Down,16.0,0.55,,LOSS,NO,-16.0,Up,0x64507feb66cc1aa5afe2f3fe0c7ecf922d6b9419de7897a338859ebc434ff586,57433465397603716543708481563142811268192811618388139657769537929287164684917
2026-04-25T08:35:00.207769+00:00,2026-04-25T08:45:28.873732+00:00,momentum,"Solana Up or Down - April 25, 4:35AM-4:40AM ET",DOWN,Down,2.0,0.51,,LOSS,NO,-2.0,Up,0x80c5dd6668752973f51944b1edf1cf5293139e50e0c3c93201683d323f0736af,68546937042259539169727077333800465787547614225517333716422729714656643665930
2026-04-25T08:35:02.290219+00:00,2026-04-25T08:45:29.031196+00:00,momentum,"Bitcoin Up or Down - April 25, 4:35AM-4:40AM ET",DOWN,Down,2.0,0.54,,WIN,YES,1.7037037037037033,Down,0x3de69a20d15923501c4ba79a2c8a3e6960b21f7cf4d4e9169243b96734bf849c,115329804704397876195868026295423698204989988299737213622929106833058664017403
2026-04-25T08:40:00.848849+00:00,2026-04-25T08:50:30.900868+00:00,momentum,"Bitcoin Up or Down - April 25, 4:40AM-4:45AM ET",DOWN,Down,2.0,0.58,,LOSS,NO,-2.0,Up,0x30f7eeedfb5681aa7e851109abf1c2e8f1cf2eb1cf244d6e7ccb273b8cfd3105,8184885009384974564734388635880631489806466101468183757335929302785036839287
2026-04-25T08:40:00.861302+00:00,2026-04-25T08:50:31.068689+00:00,momentum,"Solana Up or Down - April 25, 4:40AM-4:45AM ET",DOWN,Down,2.0,0.57,,WIN,YES,1.5087719298245617,Down,0xf19e96f376eb7e21fbb6344d40933ffb46a7b94890c7ba6d75fe7ed62add429a,62673793704543261522434020821035499095210264349382603755517258308882659984541
2026-04-25T08:40:00.876148+00:00,2026-04-25T08:51:31.376929+00:00,momentum,"Ethereum Up or Down - April 25, 4:40AM-4:45AM ET",DOWN,Down,32.0,0.63,,WIN,YES,18.79365079365079,Down,0x742aef5c61f2bf7a51b344cfcde793c63ecf75df4609a4fa18ab5560edc34d03,96289346719311404129088214777178580994445042231986325583217510161644051795044
2026-04-25T08:40:00.834530+00:00,2026-04-25T08:52:31.677188+00:00,momentum,"XRP Up or Down - April 25, 4:40AM-4:45AM ET",DOWN,Down,4.0,0.58,,LOSS,NO,-4.0,Up,0x0e9323e9f3920bc83ea86108350d46060d4cb71321092176e8b374d0319b8f97,21526902428610045312797809915756180524071385880803347244089633685824045860755
2026-04-25T08:45:00.832961+00:00,2026-04-25T08:57:34.116150+00:00,momentum,"Ethereum Up or Down - April 25, 4:45AM-4:50AM ET",DOWN,Down,2.0,0.57,,WIN,YES,1.5087719298245617,Down,0x01166d292d4e2c9a216a7e2d4bcfa4f338a73a21924aecc7531588af0864f6f2,76489602602447016968529397012553482777727707054654542582587153397605742398101
2026-04-25T08:45:00.843886+00:00,2026-04-25T08:57:34.268122+00:00,momentum,"Bitcoin Up or Down - April 25, 4:45AM-4:50AM ET",DOWN,Down,2.0,0.53,,WIN,YES,1.773584905660377,Down,0x14c972b3b922d7e674793b4293868096dab70066138cd0ae090e9c4fc2198bfd,38920001236836673125091041927579448023636557718065738998631784435435348985943
2026-04-25T08:45:00.854167+00:00,2026-04-25T08:57:34.406926+00:00,momentum,"Solana Up or Down - April 25, 4:45AM-4:50AM ET",DOWN,Down,2.0,0.52,,WIN,YES,1.8461538461538458,Down,0x22327e7bae06b36db202ff2f886f130beea50e144c56ba49a089b0fe2a2b4318,99796619482347450571358838207719383639739325947834871836593941210631173229489
2026-04-25T08:45:04.575154+00:00,2026-04-25T08:57:34.446060+00:00,momentum,"XRP Up or Down - April 25, 4:45AM-4:50AM ET",DOWN,Down,8.0,0.54,,LOSS,NO,-8.0,Up,0xa6fa04ebfa04d7200eed853f2a5e7aec188eed463d5996b8f6028280dd0cda90,3441894630622077298943127085118877703609504687154488689873841083326410787591
2026-04-25T08:50:00.593153+00:00,2026-04-25T09:00:35.602594+00:00,momentum,"Bitcoin Up or Down - April 25, 4:50AM-4:55AM ET",DOWN,Down,2.0,0.515,,LOSS,NO,-2.0,Up,0x46445e46f0a95ba17f0614e67fab5582d9fd8b4dccf4e46c374bc8a7ed9e561d,97440085284966163182029262817010490452347924221023318544732841688298752098684
2026-04-25T08:50:00.603908+00:00,2026-04-25T09:00:35.638712+00:00,momentum,"Solana Up or Down - April 25, 4:50AM-4:55AM ET",DOWN,Down,2.0,0.51,,LOSS,NO,-2.0,Up,0xf711134893563ec39952933c9972a445a9b1c86b6f64a5d3b4775fe311fb80f0,79868679276608840895165322116192896415790859947330502915499446448318184373215
2026-04-25T08:50:00.613727+00:00,2026-04-25T09:00:35.672689+00:00,momentum,"Ethereum Up or Down - April 25, 4:50AM-4:55AM ET",DOWN,Down,2.0,0.535,,LOSS,NO,-2.0,Up,0x03ef743265efd7f073e08709d7884d1e53853b819606fb858143a62adf588249,99672477273387501436076898526742994667404661063197785184071081294424950253884
2026-04-25T08:50:01.688054+00:00,2026-04-25T09:00:35.800172+00:00,momentum,"XRP Up or Down - April 25, 4:50AM-4:55AM ET",DOWN,Down,2.0,0.51,,WIN,YES,1.9215686274509802,Down,0x636e44155f57e9b1e6a9ee4113cb072dead134152d7f457a593c1defd522ff9a,86705170582680455387139060547768728248852818375551055255929310393590731567279
2026-04-25T08:55:00.255861+00:00,2026-04-25T09:05:37.843571+00:00,momentum,"Solana Up or Down - April 25, 4:55AM-5:00AM ET",DOWN,Down,2.0,0.51,,LOSS,NO,-2.0,Up,0x38a3a0ef76d3f0c0e01c3a2230bae8f96fb6fc3139d6fb5daf4d475e6fcf5d24,66514034678800558484188963591147820826348311715131047279724847552537469165087
2026-04-25T08:55:01.265119+00:00,2026-04-25T09:05:37.880773+00:00,momentum,"XRP Up or Down - April 25, 4:55AM-5:00AM ET",DOWN,Down,2.0,0.53,,LOSS,NO,-2.0,Up,0xf71fa6fa1b78e63cf7776d9d91fa79ee4a1c4e19228e89757aa60ba5c030f13f,78241316382228038080410977401883864641465707443958887852165463715850623945472
2026-04-25T08:55:00.238177+00:00,2026-04-25T09:06:38.119780+00:00,momentum,"Bitcoin Up or Down - April 25, 4:55AM-5:00AM ET",DOWN,Down,4.0,0.54,,LOSS,NO,-4.0,Up,0xecc348b1f691576c99002b4f8879ea9e5580f11e9eb05566155c38097dda1057,32809809145359003239257529724325398432840326179719979161958532776243943354192
2026-04-25T08:55:00.247617+00:00,2026-04-25T09:06:38.155751+00:00,momentum,"Ethereum Up or Down - April 25, 4:55AM-5:00AM ET",DOWN,Down,4.0,0.52,,LOSS,NO,-4.0,Up,0xed0966982d069c6d329516a02660b6cfc401c94e74020686dc626aa3250546c5,72361301363712549431227600319864190140259028724010160071211869208221471121927
2026-04-25T09:00:01.922029+00:00,2026-04-25T09:08:39.777743+00:00,momentum,"Ethereum Up or Down - April 25, 5:00AM-5:05AM ET",UP,Up,8.0,0.55,,LOSS,NO,-8.0,Down,0xd3c9e107182fa9d85b586162fb186eda1d337de865b2046186babdc4e323dd51,72535628280923516000693944195073887293276188723821322786124230756450638362574
2026-04-25T09:00:15.058840+00:00,2026-04-25T09:08:39.863779+00:00,momentum,"XRP Up or Down - April 25, 5:00AM-5:05AM ET",UP,Up,4.0,0.51,,LOSS,NO,-4.0,Down,0x0f80a32d43ba9d579320396c9cf2dcc322b5e8d9a897be92c44474f9661d4ad8,18336812144367306544228767080594770606210780765079032513824101007320712468141
2026-04-25T09:00:00.662775+00:00,2026-04-25T09:09:40.341124+00:00,momentum,"Solana Up or Down - April 25, 5:00AM-5:05AM ET",DOWN,Down,4.0,0.515,,WIN,YES,3.766990291262136,Down,0x47b0c28ad8c770a9250fcbca6220fee8ea5167ee84cb3106af7073c08495b931,79466766773590831373453942752420728343143396564890141112322368979990845718495
2026-04-25T09:00:01.908986+00:00,2026-04-25T09:09:40.443843+00:00,momentum,"Bitcoin Up or Down - April 25, 5:00AM-5:05AM ET",UP,Up,8.0,0.59,,LOSS,NO,-8.0,Down,0x51ff808ba64ac085a8c8494faf0f3c5baa409dff6eddbf72a33c2ba83daa1174,81924056570902650108486287499571167574668719363039070366173482092738417878359
2026-04-25T09:05:00.216351+00:00,2026-04-25T09:14:42.536352+00:00,momentum,"Ethereum Up or Down - April 25, 5:05AM-5:10AM ET",DOWN,Down,16.0,0.515,,LOSS,NO,-16.0,Up,0x5ea6689246364bac49360cbf1f3d7f4037f21713782060fae47e4c5184b38fd6,79497216883538727465558677128544415848975227171569090723159338945184814080682
2026-04-25T09:05:01.307365+00:00,2026-04-25T09:14:42.675415+00:00,momentum,"Bitcoin Up or Down - April 25, 5:05AM-5:10AM ET",DOWN,Down,16.0,0.62,,LOSS,NO,-16.0,Up,0x70bc421a06b89e22760f30e5d3e497212759385c657ea25a337dedae6961e661,22890047727653951069066073247088618011484617894127104973713671790019053105129
2026-04-25T09:05:00.231061+00:00,2026-04-25T09:15:43.274449+00:00,momentum,"Solana Up or Down - April 25, 5:05AM-5:10AM ET",DOWN,Down,2.0,0.51,,LOSS,NO,-2.0,Up,0xeded9f39bec34eec56478fddd201417f0b5398646e0a6eda5a31301ccfbccd9c,12996887416501067389060155075495799374136108878089006133006388270335792664454
2026-04-25T09:05:01.318570+00:00,2026-04-25T09:15:43.324455+00:00,momentum,"XRP Up or Down - April 25, 5:05AM-5:10AM ET",DOWN,Down,8.0,0.51,,LOSS,NO,-8.0,Up,0x86c969c98ea6f2c98869582ad9bdd492f296a307036830e428a64b0e3b728f55,90799979442042130701976346710177577519841117894224828465707214085187785005423
2026-04-25T09:10:00.780899+00:00,2026-04-25T09:20:47.174757+00:00,momentum,"Ethereum Up or Down - April 25, 5:10AM-5:15AM ET",UP,Up,32.0,0.52,,WIN,YES,29.538461538461533,Up,0x1375ff2698ddb33c94bbd261cf09fb30a0e96d4783475a83b09c599e75e85b77,100572791256962151433183293492192787629619473412713212350792329893155514510885
2026-04-25T09:10:00.823187+00:00,2026-04-25T09:20:47.412317+00:00,momentum,"XRP Up or Down - April 25, 5:10AM-5:15AM ET",UP,Up,16.0,0.99,,LOSS,NO,-16.0,Down,0x76d575750470fc0e0a1e0274a8a14e2d2a39b54297d11fdc3a109e3f9939ee2e,93408036019316883890124170962248300484505029128555718867766741615431650007970
2026-04-25T09:10:00.807307+00:00,2026-04-25T09:21:48.233246+00:00,momentum,"Solana Up or Down - April 25, 5:10AM-5:15AM ET",UP,Up,4.0,0.99,,WIN,YES,0.040404040404040664,Up,0xb56f6592abbeed3025646a39fa0c76f1782f72822d819a823ce6e2ad93d260d0,95562702908399839182167289742063606816342867141452182099819493586229859461283
2026-04-25T09:10:00.793461+00:00,2026-04-25T09:22:48.031902+00:00,momentum,"Bitcoin Up or Down - April 25, 5:10AM-5:15AM ET",DOWN,Down,32.0,0.55,,LOSS,NO,-32.0,Up,0xcffbf64a6d450ecb5df720a448efc2266afccea5f8b0ff264010ec3ccc0ed9c1,71972535336829231599727226702912958401633074453409028200985777611382502160884
2026-04-25T09:15:03.010675+00:00,2026-04-25T09:26:49.981489+00:00,momentum,"Solana Up or Down - April 25, 5:15AM-5:20AM ET",DOWN,Down,2.0,0.61,,WIN,YES,1.278688524590164,Down,0x06a301e1a8b29c3cc1438da3877e41ef478cf63abc7f996e4ceb4a54b374abcf,80644140084050994922591527833526286700655922096965633656780119851585879847139
2026-04-25T09:15:03.048529+00:00,2026-04-25T09:26:50.125654+00:00,momentum,"XRP Up or Down - April 25, 5:15AM-5:20AM ET",DOWN,Down,32.0,0.62,,LOSS,NO,-32.0,Up,0xa41eb5b566ecabef5a60feaff83495d434f1536a0937a8daba7d4ebeb7bb644c,99319967086107718565015055205410712827932747552873360059500688038566137873777
2026-04-25T09:15:02.908125+00:00,2026-04-25T09:27:50.234951+00:00,momentum,"Bitcoin Up or Down - April 25, 5:15AM-5:20AM ET",DOWN,Down,64.0,0.59,,WIN,YES,44.47457627118645,Down,0x77782022562647c247da42213c0b6826c999167ade0df7b16470f720f21abe56,24150073311595944142949649456212092676870696443827538002537358151859606118273
2026-04-25T09:15:03.026653+00:00,2026-04-25T09:27:50.358502+00:00,momentum,"Ethereum Up or Down - April 25, 5:15AM-5:20AM ET",DOWN,Down,2.0,0.59,,WIN,YES,1.3898305084745766,Down,0xee634ff242317aba9267d664d970b9561ba9a109e67fe4679f28f906446e05f3,77623078780244663353621240304680685248974243482282167640248238518033689672494
2026-04-25T09:20:01.431510+00:00,2026-04-25T09:29:51.938808+00:00,momentum,"Solana Up or Down - April 25, 5:20AM-5:25AM ET",DOWN,Down,2.0,0.52,,WIN,YES,1.8461538461538458,Down,0x8907cc35bb9e6bed0221e557940c07b6af6aac2bce65459082bc76a94ad6e399,101966360851985017521402198279135119749962513404359335661605534936768971150771
2026-04-25T09:20:07.811784+00:00,2026-04-25T09:29:51.968916+00:00,momentum,"Ethereum Up or Down - April 25, 5:20AM-5:25AM ET",UP,Up,2.0,0.55,,LOSS,NO,-2.0,Down,0xd6423fb4153334d04717fedf32abf46ec175340be87bcd59599a8f1ee7015534,21085038050816744092247145099574480045025957414133980181180851765363726990366
2026-04-25T09:20:10.887997+00:00,2026-04-25T09:29:52.006538+00:00,momentum,"XRP Up or Down - April 25, 5:20AM-5:25AM ET",UP,Up,2.0,0.52,,LOSS,NO,-2.0,Down,0x4b2140d8a259a5b10c144c346c17ed55e7d8a89404fea91394e15bcc08da6942,51568163119661358843772504571737557296200996852729424324922133687729042745545
2026-04-25T09:20:01.414953+00:00,2026-04-25T09:30:52.544373+00:00,momentum,"Bitcoin Up or Down - April 25, 5:20AM-5:25AM ET",DOWN,Down,2.0,0.51,,WIN,YES,1.9215686274509802,Down,0xbc24e31b1ab0eb33480f6a7e2a3f2193c56e383c94e1d779b45b976953192280,36628374552686473354266783227971531517576935252044113606847474006755069442565
2026-04-25T09:25:02.857861+00:00,2026-04-25T09:35:54.714375+00:00,momentum,"Ethereum Up or Down - April 25, 5:25AM-5:30AM ET",UP,Up,4.0,0.57,,LOSS,NO,-4.0,Down,0xae769159c311a915b9fd6b7ab0d9abb266c0e152984feff7eff95699613a7c86,94869734972129909245896857946858000927464595237136351407180981446116201937017
2026-04-25T09:25:05.953036+00:00,2026-04-25T09:35:54.856228+00:00,momentum,"XRP Up or Down - April 25, 5:25AM-5:30AM ET",UP,Up,4.0,0.51,,LOSS,NO,-4.0,Down,0x5f58a55cf7d0a59514e0fef995fb666e3257ba252a0437c9172b85f7e2c20ad8,94063169529963525228625408103238944541251201992285140187011935089400926853913
2026-04-25T09:25:05.964188+00:00,2026-04-25T09:35:54.889569+00:00,momentum,"Solana Up or Down - April 25, 5:25AM-5:30AM ET",UP,Up,2.0,0.67,,LOSS,NO,-2.0,Down,0x1dee3299bc854db4ff406e7b3482e51b0de53916f879bf4c0cc37c09bbd10ddb,92317691009568929304016711271548599075096138240066328000402543488759621347019
2026-04-25T09:25:02.874295+00:00,2026-04-25T09:36:55.728603+00:00,momentum,"Bitcoin Up or Down - April 25, 5:25AM-5:30AM ET",UP,Up,2.0,0.63,,LOSS,NO,-2.0,Down,0x0e863c4c3e9c66ebbec60a77d69c562b86c4322f9b0a69a28ea6b2677ac18da1,72466097154402978008037900181603072226813243168656870944247126982260517671496
2026-04-25T09:30:02.626966+00:00,2026-04-25T09:38:57.284824+00:00,momentum,"Solana Up or Down - April 25, 5:30AM-5:35AM ET",UP,Up,4.0,0.61,,WIN,YES,2.557377049180328,Up,0x6e089df82219cb6660d05c20c55d41c87eb25cbda805790a547957129c8db9f2,2366866181036192334622301114081043857114649441694635552466304557633417528935
2026-04-25T09:30:02.638842+00:00,2026-04-25T09:38:57.436434+00:00,momentum,"Ethereum Up or Down - April 25, 5:30AM-5:35AM ET",UP,Up,8.0,0.55,,WIN,YES,6.545454545454545,Up,0x422f9c9f0050d87e73b5507caa8818685d144f23920f3970f619d811e2592758,90090942156990417380109516601077518322943761765824639007936289162927853939131
2026-04-25T09:30:00.526356+00:00,2026-04-25T09:39:57.921527+00:00,momentum,"XRP Up or Down - April 25, 5:30AM-5:35AM ET",UP,Up,8.0,0.51,,WIN,YES,7.686274509803921,Up,0xfc17f9837d54c0925c66b400d82d4b07ec68abfe8f2c45a5cf7be9097d1895ad,98657172332568926649524785041410155654656427421459369477891657456865313003959
2026-04-25T09:30:02.614344+00:00,2026-04-25T09:41:59.777131+00:00,momentum,"Bitcoin Up or Down - April 25, 5:30AM-5:35AM ET",UP,Up,4.0,0.53,,WIN,YES,3.547169811320754,Up,0xab034b0eb6d280cd31c1f9bbca4333951910452203b075471ef496bfe0d4c5c4,58390230684120806587088297440479534742915419509606393264400646183908562144490
2026-04-25T09:35:00.270006+00:00,2026-04-25T09:45:02.482310+00:00,momentum,"Solana Up or Down - April 25, 5:35AM-5:40AM ET",UP,Up,2.0,0.55,,WIN,YES,1.6363636363636362,Up,0x1aa97542ccdbd6286176c6cf532959e34da8d876132924624ff5ed25c98a8393,27169066834514713162516127027341731129661993732204753991037884415715318579343
2026-04-25T09:35:34.801677+00:00,2026-04-25T09:45:02.782920+00:00,momentum,"XRP Up or Down - April 25, 5:35AM-5:40AM ET",UP,Up,2.0,0.51,,WIN,YES,1.9215686274509802,Up,0xa1a7af2d342932972a151f4f53b951da96c5ee67128da70c6021f9d9562002a1,35987904247074978098240624168207090489879774259183483094114004016007847751781
2026-04-25T09:35:00.255582+00:00,2026-04-25T09:46:02.155737+00:00,momentum,"Bitcoin Up or Down - April 25, 5:35AM-5:40AM ET",UP,Up,2.0,0.52,,WIN,YES,1.8461538461538458,Up,0x07d74e8b6554e8fdcde9c15610e0a7a39cecc1206ab53fe8527ea31d37c243e3,43122984580348776271918490008401403023312457543613129698072556944718745857381
2026-04-25T09:35:00.283526+00:00,2026-04-25T09:46:02.295158+00:00,momentum,"Ethereum Up or Down - April 25, 5:35AM-5:40AM ET",UP,Up,2.0,0.53,,WIN,YES,1.773584905660377,Up,0xce6d4fe96fc78d12d947a02bad2ef8c4981efb7ea251ceadeaecd676dbe2ec1c,75287722025235259814242340589413601476044747182971291518392183244022916447181
2026-04-25T09:40:02.675542+00:00,2026-04-25T09:51:06.072676+00:00,momentum,"Ethereum Up or Down - April 25, 5:40AM-5:45AM ET",DOWN,Down,2.0,0.61,,LOSS,NO,-2.0,Up,0x6d8493227560d36aae73e4b7a2e09892f7b109b1f6b0aa3c0c38766a88bf4a99,89951897939089010915339525832097287766523439875515250130954737859310465428510
2026-04-25T09:40:02.688470+00:00,2026-04-25T09:51:06.201569+00:00,momentum,"Solana Up or Down - April 25, 5:40AM-5:45AM ET",DOWN,Down,2.0,0.64,,WIN,YES,1.125,Down,0xfa07f15a7be952553d754ab3284ad1d0bd5e425158b1184836023857451a6c66,42864259864978737553933361551704984655436044314599944924833572653851986948347
2026-04-25T09:40:02.698492+00:00,2026-04-25T09:51:06.396944+00:00,momentum,"XRP Up or Down - April 25, 5:40AM-5:45AM ET",DOWN,Down,2.0,0.53,,WIN,YES,1.773584905660377,Down,0xf735b12eea0fbdc86f8707a4fb94fd9c0148fb1ba42d66a5f6d891656dd43adf,93997317635494941934261683410163360107626923281347177225055691124329916220470
2026-04-25T09:40:02.709664+00:00,2026-04-25T09:51:06.431995+00:00,momentum,"Bitcoin Up or Down - April 25, 5:40AM-5:45AM ET",DOWN,Down,2.0,0.61,,LOSS,NO,-2.0,Up,0xc898098de8b909d47f745f3a11eb4a9e364f2bf3d5b3571af509d8f6f4bf975c,88619719339266140185302833809323822537210092689599024113435972541865861902875
2026-04-25T09:45:01.889228+00:00,2026-04-25T09:54:08.526953+00:00,momentum,"Solana Up or Down - April 25, 5:45AM-5:50AM ET",DOWN,Down,2.0,0.53,,LOSS,NO,-2.0,Up,0x71f2fc7531b02a0a0dea2f2faa2ba7e26bfbb07880da3222a8522bd364e31322,42591442170296815258743552993420172067699294770998289058058319414707436915962
2026-04-25T09:45:01.866822+00:00,2026-04-25T09:55:08.710003+00:00,momentum,"Bitcoin Up or Down - April 25, 5:45AM-5:50AM ET",DOWN,Down,4.0,0.58,,LOSS,NO,-4.0,Up,0xc33ce878bf46329911ce41c78fef16f80a2b0ed69c79acdec20e6d303a1ccf64,13297364059442979152896879866700371615742782694483545348466340275567840302600
2026-04-25T09:45:01.905611+00:00,2026-04-25T09:55:08.752012+00:00,momentum,"XRP Up or Down - April 25, 5:45AM-5:50AM ET",DOWN,Down,2.0,0.55,,LOSS,NO,-2.0,Up,0xc50d11bd7acd6547651a2641c0d4aaab1762b36c94c89e7ddd9365ba0fbc8a1c,44233973984125093533684265520509762446336284822055791823627981484056462105157
2026-04-25T09:45:01.919853+00:00,2026-04-25T09:55:08.786545+00:00,momentum,"Ethereum Up or Down - April 25, 5:45AM-5:50AM ET",DOWN,Down,4.0,0.61,,LOSS,NO,-4.0,Up,0xed538da47d149953599cae2383cef6da6fc6f9a70e2c99c2272768b2895a226b,79053886910520584811694402221604989061434216337303558475177509947523944038419
2026-04-25T09:50:02.065093+00:00,2026-04-25T09:59:10.774834+00:00,momentum,"Bitcoin Up or Down - April 25, 5:50AM-5:55AM ET",DOWN,Down,8.0,0.58,,LOSS,NO,-8.0,Up,0x75ada0a11717c47bfb9a5222e6a16c8f57f7a0b3597bdf980043804a406c1a35,70316120935656462879831610340623551324793173173446073886380888188692149622136
2026-04-25T09:50:00.936970+00:00,2026-04-25T10:00:11.162926+00:00,momentum,"Ethereum Up or Down - April 25, 5:50AM-5:55AM ET",DOWN,Down,8.0,0.535,,LOSS,NO,-8.0,Up,0x0c4c5db2c4286bcd3521ffc720716bf40b2767e126a3df03f22cf753dd9e6b0a,89512783971337162219154622707647073757989195622884312375238876606361441014108
2026-04-25T09:50:00.966299+00:00,2026-04-25T10:00:11.413579+00:00,momentum,"XRP Up or Down - April 25, 5:50AM-5:55AM ET",DOWN,Down,4.0,0.515,,WIN,YES,3.766990291262136,Down,0x13140312a91799c30313c32488ae4713f5c6332ab2288b22b820f8e1115e6a69,23356463512779732337305257757305746560348733547409930653029178204248512121772
2026-04-25T09:50:00.955055+00:00,2026-04-25T10:01:11.997437+00:00,momentum,"Solana Up or Down - April 25, 5:50AM-5:55AM ET",DOWN,Down,4.0,0.515,,LOSS,NO,-4.0,Up,0xe05559d73e57f20e2d965a8a6675299a679a76e09838f03b5b934f7a3c9977f9,35379780769500950100738929635234235250184695394832642056360404384142906543207
2026-04-25T09:55:00.241777+00:00,2026-04-25T10:05:14.333787+00:00,momentum,"Ethereum Up or Down - April 25, 5:55AM-6:00AM ET",DOWN,Down,16.0,0.535,,WIN,YES,13.906542056074766,Down,0x4095603d5be811bbd43361c630f095c555ac65c0a4274847159904afdf9c38a4,53641511993191303147717129002754556992607438006237464182402271570867371134499
2026-04-25T09:55:00.218180+00:00,2026-04-25T10:06:14.689021+00:00,momentum,"Bitcoin Up or Down - April 25, 5:55AM-6:00AM ET",DOWN,Down,16.0,0.535,,WIN,YES,13.906542056074766,Down,0x13e865959a85f264e450b8296b28c5f2fa3a2f96d458290a59c0e37f17bfed2e,110970187427722263139202856810216744560239788939457836354215841202219358502174
2026-04-25T09:55:31.112598+00:00,2026-04-25T10:06:14.933442+00:00,momentum,"Solana Up or Down - April 25, 5:55AM-6:00AM ET",DOWN,Down,8.0,0.52,,WIN,YES,7.384615384615383,Down,0xca3a5f34513ddeaeb18f78b45788b5beb48488645bdf53e93a4270cecd719cc5,95795848490558142833028183923394398329678801042483109542448775765397244790862
2026-04-25T09:55:00.281177+00:00,2026-04-25T10:07:15.714093+00:00,momentum,"XRP Up or Down - April 25, 5:55AM-6:00AM ET",DOWN,Down,8.0,0.515,,WIN,YES,7.533980582524272,Down,0x175629ba756cddf580a3870935c55ea0ccf30ff9e90a089f07f1f3f73b29f0f6,6290786436532211022294463459989853243539623322870295221832279757105491151942
2026-04-25T10:00:02.821564+00:00,2026-04-25T10:08:15.983669+00:00,momentum,"Bitcoin Up or Down - April 25, 6:00AM-6:05AM ET",DOWN,Down,2.0,0.53,,LOSS,NO,-2.0,Up,0xe7bc9bb9548adca3ae4967bf576baa832e2b21df6c69e0db83c76b4ea3142e5e,96901654724391970763209151494433984302084968295763122841786796424566031548599
2026-04-25T10:00:06.661428+00:00,2026-04-25T10:09:16.877027+00:00,momentum,"Solana Up or Down - April 25, 6:00AM-6:05AM ET",UP,Up,2.0,0.6,,WIN,YES,1.3333333333333335,Up,0xf6ff145db6cac9fff8ac296e2097df3be456990dfaa5dc5a12e141691daa03ed,80440148879877655743599123897754571315737475702119230422068800017958717767624
2026-04-25T10:00:00.720619+00:00,2026-04-25T10:10:17.614750+00:00,momentum,"Ethereum Up or Down - April 25, 6:00AM-6:05AM ET",DOWN,Down,2.0,0.515,,WIN,YES,1.883495145631068,Down,0xcac482ca99785515fa54cf5bf5ce0dd075b939056e309f63fbf871a8addaf27c,39062648402698893647815810716742532486699548890569465812785470859765820251507
2026-04-25T10:00:02.838934+00:00,2026-04-25T10:10:17.644695+00:00,momentum,"XRP Up or Down - April 25, 6:00AM-6:05AM ET",DOWN,Down,2.0,0.57,,LOSS,NO,-2.0,Up,0x413bead4281f79b9916819f250ed1c794300a48a8677d6eae514874c07f41e9b,28686884380601457073409381281785339593751616246227617098386546541913415343440
2026-04-25T10:05:00.762882+00:00,2026-04-25T10:15:19.879407+00:00,momentum,"Ethereum Up or Down - April 25, 6:05AM-6:10AM ET",DOWN,Down,2.0,0.515,,LOSS,NO,-2.0,Up,0xa4d38d35eedd214b132ca76be673f4d59cd3de03b3702a828375a82d0003e716,75888416733327189532453723231708333321211664677898385899572656087519686473716
2026-04-25T10:05:01.913328+00:00,2026-04-25T10:15:20.022861+00:00,momentum,"Bitcoin Up or Down - April 25, 6:05AM-6:10AM ET",DOWN,Down,4.0,0.52,,WIN,YES,3.6923076923076916,Down,0xbc27119445aab9751768066ea65cab3d09be75e38a4a5a47708e2a5765ed0181,24062115312151100897281374269561887420211083325839868565219759689815839800895
2026-04-25T10:05:01.935089+00:00,2026-04-25T10:15:20.063915+00:00,momentum,"Solana Up or Down - April 25, 6:05AM-6:10AM ET",DOWN,Down,2.0,0.51,,LOSS,NO,-2.0,Up,0x43e1c0f9337d336c4db5413d60efae2af6fcb888a3b7a87aea169d075eff04ae,51075247993731758725643670237537065926874598301190757064831216348131590991981
2026-04-25T10:05:05.091706+00:00,2026-04-25T10:16:20.404905+00:00,momentum,"XRP Up or Down - April 25, 6:05AM-6:10AM ET",DOWN,Down,4.0,0.53,,WIN,YES,3.547169811320754,Down,0xef46993726bbdfecea5ace6d24ca2625df7b0f540911cbdb81895b8ca79b57d9,41395821199200506066058808516744482888035461396031880066333784422494119777016
2026-04-25T10:10:04.989712+00:00,2026-04-25T10:20:23.040756+00:00,momentum,"Bitcoin Up or Down - April 25, 6:10AM-6:15AM ET",UP,Up,2.0,0.52,,WIN,YES,1.8461538461538458,Up,0x3e03e0d5ea86a8f3950f9d8e42b0ffd4a43969e1fd3301b2e584c5415fedb24b,113101903672167061718361633758917614956752256407138824673290450069715374773697
2026-04-25T10:10:00.764077+00:00,2026-04-25T10:21:22.717677+00:00,momentum,"XRP Up or Down - April 25, 6:10AM-6:15AM ET",DOWN,Down,2.0,0.515,,LOSS,NO,-2.0,Up,0x9729c48a43dbe7710581f42c05f4d58b1eabd3052b6eabc2256026f2f2f73a16,77876465403006552318935783671870722782693029232586331230942976300963852131374
2026-04-25T10:10:04.977662+00:00,2026-04-25T10:21:22.854871+00:00,momentum,"Ethereum Up or Down - April 25, 6:10AM-6:15AM ET",UP,Up,4.0,0.51,,WIN,YES,3.8431372549019605,Up,0xa0f5b8c394fedd16d30dad44401b41bd99060207f326ddbf34eb15ebcc3e997b,69332350107986204934918790154766326530512391536079557876329748642591674192775
2026-04-25T10:10:29.832033+00:00,2026-04-25T10:21:22.889234+00:00,momentum,"Solana Up or Down - April 25, 6:10AM-6:15AM ET",DOWN,Down,4.0,0.52,,LOSS,NO,-4.0,Up,0x3879850e1120993bd231001af5d5f5e7ed4cc8e93108799752639d700b191335,94190964893108205571799864660114693231099717314001771349462480421381645991989
2026-04-25T10:15:28.382536+00:00,2026-04-25T10:23:23.908851+00:00,momentum,"Bitcoin Up or Down - April 25, 6:15AM-6:20AM ET",DOWN,Down,2.0,0.51,,WIN,YES,1.9215686274509802,Down,0xc781182c0bedd46b4f1a29b51e300ff22e253040041dde03ee6a34cf925e44d8,106422732076901852721719874781324135518122411618644474370134397195607492034065
2026-04-25T10:15:37.712051+00:00,2026-04-25T10:24:24.571912+00:00,momentum,"XRP Up or Down - April 25, 6:15AM-6:20AM ET",DOWN,Down,4.0,0.52,,WIN,YES,3.6923076923076916,Down,0x733916241a791f4b90c725cc3d56810869d60b9773eaf154b815de51aac3317b,82363455240899357497458067912441568683301003899275621489859836690671348186171
2026-04-25T10:15:04.962504+00:00,2026-04-25T10:25:25.017909+00:00,momentum,"Solana Up or Down - April 25, 6:15AM-6:20AM ET",UP,Up,2.0,0.52,,LOSS,NO,-2.0,Down,0xf4f7c8d421c7b5f4523f24fd02dbce60bc380e204f13bd14fbcf81aee459e478,59974332139704047871116741621804989662275559204013576217762921019444018076550
2026-04-25T10:15:11.328435+00:00,2026-04-25T10:25:25.152479+00:00,momentum,"Ethereum Up or Down - April 25, 6:15AM-6:20AM ET",UP,Up,2.0,0.52,,WIN,YES,1.8461538461538458,Up,0x7ff736be7d35c5d09184f89ccddfe67576b758a24adadafc5d6b4c7e13eabc97,84968454804233835277903925429420134635549487524880002024567666130696066646056
2026-04-25T10:20:02.790035+00:00,2026-04-25T10:29:27.851007+00:00,momentum,"Ethereum Up or Down - April 25, 6:20AM-6:25AM ET",DOWN,Down,2.0,0.52,,LOSS,NO,-2.0,Up,0x74988ad2970648b7d15720638cc5e616ff75d4b9c6c5a938990fca4193937ca8,9965193766088539871247636397799469715971749755151018167593600702016664774689
2026-04-25T10:20:00.623323+00:00,2026-04-25T10:30:28.577025+00:00,momentum,"Solana Up or Down - April 25, 6:20AM-6:25AM ET",UP,Up,4.0,0.515,,WIN,YES,3.766990291262136,Up,0x299b22df61dcb3cc3180339f42b535f93c6b67c7c1995e2d9707cde8680f312c,7198997042947066393427125140374807229458997986301670286956321304434016372048
2026-04-25T10:20:02.778339+00:00,2026-04-25T10:30:28.611086+00:00,momentum,"Bitcoin Up or Down - April 25, 6:20AM-6:25AM ET",DOWN,Down,2.0,0.55,,LOSS,NO,-2.0,Up,0xb4b0da6f7f096a45b19c4322483cb060b50fc2973b7a2675d61a490c75e44e52,25790934097695881647844713487548566943118784025146422029407070095397944144566
2026-04-25T10:20:50.143164+00:00,2026-04-25T10:30:28.740195+00:00,momentum,"XRP Up or Down - April 25, 6:20AM-6:25AM ET",UP,Up,2.0,0.68,,WIN,YES,0.9411764705882351,Up,0x690c51d6d2f4ef0a5840cc0d79ec177e0f4ae1132cbed0e8aa1a9f28bd9ebc68,31117523315237403844459478709737018858770697229486788578682233626432256679610
2026-04-25T10:25:00.672694+00:00,2026-04-25T10:35:30.344687+00:00,momentum,"Ethereum Up or Down - April 25, 6:25AM-6:30AM ET",DOWN,Down,4.0,0.515,,WIN,YES,3.766990291262136,Down,0x1cf97cdb85e00fd6c96f1056b478313fc2c008316cfb63de296ca94728fb7155,28695634851825453867136420058371205744030303841593534047529320176931222298909
2026-04-25T10:25:00.658908+00:00,2026-04-25T10:36:30.846552+00:00,momentum,"Bitcoin Up or Down - April 25, 6:25AM-6:30AM ET",DOWN,Down,4.0,0.515,,LOSS,NO,-4.0,Up,0x4176441337548b0875c215307913399fb9ba317f38459b507a68e376fe248d31,24467975115053818837797784528332813887468517585728012997792400167081879341964
2026-04-25T10:25:03.094846+00:00,2026-04-25T10:36:31.000872+00:00,momentum,"Solana Up or Down - April 25, 6:25AM-6:30AM ET",DOWN,Down,2.0,0.51,,WIN,YES,1.9215686274509802,Down,0x70a71fa31937843f87e6b29e4ba01e386a436d1d56943c3f3c2e57a961f89cea,73115335485458976937772139678745005955127200816299311074979776135122911187369
2026-04-25T10:25:09.374086+00:00,2026-04-25T10:37:31.971696+00:00,momentum,"XRP Up or Down - April 25, 6:25AM-6:30AM ET",UP,Up,2.0,0.53,,LOSS,NO,-2.0,Down,0xa61add9cf5db9eb304820a073a6569ef055e699fa3a0b934a9566d07b752dd48,77155710977181167970735059594031999549311027093323236129596884231983452511195
2026-04-25T10:30:02.040422+00:00,2026-04-25T10:38:32.747952+00:00,momentum,"Bitcoin Up or Down - April 25, 6:30AM-6:35AM ET",DOWN,Down,8.0,0.57,,LOSS,NO,-8.0,Up,0xc0eea65306f4ac96d2014455246e77b27d5ae1f242d04917464d7248a72fc463,46087532105052765544808769741385253863655501933780361404073565808522575392001
2026-04-25T10:30:02.054347+00:00,2026-04-25T10:39:33.664336+00:00,momentum,"Ethereum Up or Down - April 25, 6:30AM-6:35AM ET",DOWN,Down,2.0,0.51,,LOSS,NO,-2.0,Up,0xbc870ed40490e8970314ede9878a918000edd54a59bf91df076ca5a705b27bd9,74946266347867843275429256662055861889086196214549119480007456623907589860725
2026-04-25T10:30:00.924748+00:00,2026-04-25T10:40:34.289910+00:00,momentum,"XRP Up or Down - April 25, 6:30AM-6:35AM ET",UP,Up,4.0,0.51,,WIN,YES,3.8431372549019605,Up,0x2a001e02f49dd273dd5246cbc2d7c43e3ef03c3e3be967a908ef3a5529862260,35595323574324862317285171462492838181878311644174448672333988799193056515883
2026-04-25T10:30:00.946080+00:00,2026-04-25T10:42:36.432806+00:00,momentum,"Solana Up or Down - April 25, 6:30AM-6:35AM ET",UP,Up,2.0,0.515,,WIN,YES,1.883495145631068,Up,0x473882ef5361841053a5fd04327f1b71b51755946800e1a64a4527f637d934da,54757618817055829024342510079384625860798240326457808870105656875201718153081
2026-04-25T10:35:00.805990+00:00,2026-04-25T10:44:37.647978+00:00,momentum,"Ethereum Up or Down - April 25, 6:35AM-6:40AM ET",UP,Up,4.0,0.51,,LOSS,NO,-4.0,Down,0xeadb07830082fbfe74d7ab7a002a2b2fabc8ba0920dcb14d63c81931ce92b793,68154710901793948362053454897498464523213137253029739195990629851402301692221
2026-04-25T10:35:02.895903+00:00,2026-04-25T10:44:37.877565+00:00,momentum,"Bitcoin Up or Down - April 25, 6:35AM-6:40AM ET",DOWN,Down,16.0,0.61,,WIN,YES,10.229508196721312,Down,0xb3d2c798398e4112ab4d498d8a2b3ac1eeb380c954170a8ba73368541a0e960a,14146683082249823528239731757381026159920797837528545511991547130962230169332
2026-04-25T10:35:12.232331+00:00,2026-04-25T10:45:38.624107+00:00,momentum,"XRP Up or Down - April 25, 6:35AM-6:40AM ET",UP,Up,2.0,0.52,,LOSS,NO,-2.0,Down,0xe9c3aab33f092f47b9ccd68ce8a26602aec787f3b083d228ccc55502ad4fdc63,45987268179231742292949226699162865908396661160254848287145988470474869941416
2026-04-25T10:35:00.821814+00:00,2026-04-25T10:46:39.616381+00:00,momentum,"Solana Up or Down - April 25, 6:35AM-6:40AM ET",UP,Up,2.0,0.51,,LOSS,NO,-2.0,Down,0x189bedfba62d575bebfb3bc991952ecb2e1bc5e92906864f4a783075cdfef63b,74450131750541711179676613123102842724203931422704918311349421934128126866351
2026-04-25T10:40:00.906788+00:00,2026-04-25T10:50:41.185138+00:00,momentum,"Bitcoin Up or Down - April 25, 6:40AM-6:45AM ET",DOWN,Down,2.0,0.525,,WIN,YES,1.8095238095238093,Down,0xe629c36653ca6c05512f316794cdaeb6a015a3f3f4bb5ed28b498a5023434d61,99606659484854563473652910491216016858072630401456775382502021351213924538632
2026-04-25T10:40:00.891115+00:00,2026-04-25T10:51:41.265182+00:00,momentum,"Solana Up or Down - April 25, 6:40AM-6:45AM ET",DOWN,Down,2.0,0.51,,WIN,YES,1.9215686274509802,Down,0x333dfa93feaeca46df1cd7cadd8d695e9f005537607bb0aff12b8d3872af1fa2,88098819641400579964550192766132062983364616687330486717678272914739194910075
2026-04-25T10:40:08.267161+00:00,2026-04-25T10:51:41.402729+00:00,momentum,"XRP Up or Down - April 25, 6:40AM-6:45AM ET",DOWN,Down,4.0,0.51,,WIN,YES,3.8431372549019605,Down,0xaed17386c77a7272d313adbfadd426cae026f32e4736cdc1a6569951a80eb12d,45728094967864156048680431649266842660912513701972823582723285155261320255369
2026-04-25T10:40:00.877519+00:00,2026-04-25T10:52:41.471078+00:00,momentum,"Ethereum Up or Down - April 25, 6:40AM-6:45AM ET",DOWN,Down,8.0,0.515,,WIN,YES,7.533980582524272,Down,0x770dab3ba1ba695aa24e743b329348339e76b8c8aae2e21bd1448228aa0a1412,75630462461997610669967130895512194630825327540475900251610453778158511378488
2026-04-25T10:45:00.143687+00:00,2026-04-25T10:53:42.855995+00:00,momentum,"Ethereum Up or Down - April 25, 6:45AM-6:50AM ET",DOWN,Down,2.0,0.515,,WIN,YES,1.883495145631068,Down,0xc6438c760456d4121a05af50318518a4a58a247a4b6d19fde56755dbf19a40bc,46430471274301905770261283595413568572301240997866810945849592806131540808452
2026-04-25T10:45:07.942463+00:00,2026-04-25T10:53:43.119217+00:00,momentum,"XRP Up or Down - April 25, 6:45AM-6:50AM ET",UP,Up,2.0,0.51,,WIN,YES,1.9215686274509802,Up,0x573afa3141aa7a823b8a104b169276a3a8c6b8269eba9dd29ba75ffbc8b0bc35,4808419900255236922360698815685474889569450166952745239618737069494499103174
2026-04-25T10:45:00.114848+00:00,2026-04-25T10:54:43.199069+00:00,momentum,"Bitcoin Up or Down - April 25, 6:45AM-6:50AM ET",DOWN,Down,2.0,0.52,,WIN,YES,1.8461538461538458,Down,0x1d51ab50cd9469f23392527b861edf534bd4e5f33f6c2ad4c52c8f383089361e,64120680485469264684559980747224053965402732076496045652344234438079703528730
2026-04-25T10:45:00.170913+00:00,2026-04-25T10:54:43.354822+00:00,momentum,"Solana Up or Down - April 25, 6:45AM-6:50AM ET",DOWN,Down,2.0,0.51,,WIN,YES,1.9215686274509802,Down,0xf697021bf368729a249d329b8de928b172fcff4f1263c9c58a9683b3fd81f367,83870148443717506962270157079423125609412811109099760699279235107984658481609
2026-04-25T10:50:02.696389+00:00,2026-04-25T10:59:46.338192+00:00,momentum,"Bitcoin Up or Down - April 25, 6:50AM-6:55AM ET",UP,Up,2.0,0.52,,WIN,YES,1.8461538461538458,Up,0x3d7190cc3108bfaea5aab40375d6b7c36da4cb6cc9575a94b4e5cdab5855f28b,105175613202116265903542898555041739727197653372982739108804782024490756918338
2026-04-25T10:50:02.813717+00:00,2026-04-25T10:59:46.463873+00:00,momentum,"Solana Up or Down - April 25, 6:50AM-6:55AM ET",UP,Up,2.0,0.52,,WIN,YES,1.8461538461538458,Up,0xcd6484605b672e48552f77908cebac47366d71124f7fcaf12bd8ef664dd78b4a,76332476928242736554609829322678786491665874198323952275968132155297916356934
2026-04-25T10:50:02.553855+00:00,2026-04-25T11:00:47.071600+00:00,momentum,"Ethereum Up or Down - April 25, 6:50AM-6:55AM ET",UP,Up,2.0,0.51,,WIN,YES,1.9215686274509802,Up,0x1bfd731ed808b409a487d1516c4e34f20afc3d035755ec0daf383f01d82a76a4,54617401227473407491845980592324829174599850754237735023868279939992009872115
2026-04-25T10:50:11.359010+00:00,2026-04-25T11:00:47.108333+00:00,momentum,"XRP Up or Down - April 25, 6:50AM-6:55AM ET",DOWN,Down,2.0,0.54,,LOSS,NO,-2.0,Up,0xd6e373cbc85dedadcf45ecca8922a503d4eaeb2f5045e2916518ee621295c952,31378931728017739841138268306948338940735247771496904369702074000931566955393
2026-04-25T10:55:01.332362+00:00,2026-04-25T11:05:50.770278+00:00,momentum,"Ethereum Up or Down - April 25, 6:55AM-7:00AM ET",UP,Up,2.0,0.53,,WIN,YES,1.773584905660377,Up,0x2a30711bc989fb9b011520bb4a1fc77d5070749f3a00688e9eaf17e860f65ba3,3679504575330288522725150150728180289135861448549892236634084928780809845891
2026-04-25T10:55:01.347649+00:00,2026-04-25T11:05:50.913611+00:00,momentum,"XRP Up or Down - April 25, 6:55AM-7:00AM ET",UP,Up,4.0,0.63,,WIN,YES,2.349206349206349,Up,0xd484714f7af88587a5cdddba2716b64e0e8df286e48ddcf14ae2a19f68b0c369,114411403584138254869645594007829979151975514588013796343251812078901753745401
2026-04-25T10:55:01.314237+00:00,2026-04-25T11:06:50.964660+00:00,momentum,"Bitcoin Up or Down - April 25, 6:55AM-7:00AM ET",UP,Up,2.0,0.52,,LOSS,NO,-2.0,Down,0xb9f0e2e854c79b907097e964e9401ed781e2563d691fed2a6e0fc7ff445fa2bb,98184280818049024131031490658530201461479714501533416481041706582839396737581
2026-04-25T10:55:01.361589+00:00,2026-04-25T11:06:51.477878+00:00,momentum,"Solana Up or Down - April 25, 6:55AM-7:00AM ET",UP,Up,2.0,0.53,,WIN,YES,1.773584905660377,Up,0xa4f19b767e847751c1d9ae9761a44f9e3983e4c4527439741ae06c956ccc8202,111691530374395277850694505505811627201248338258355935961954967920424326866306
2026-04-25T11:00:00.630430+00:00,2026-04-25T11:08:52.223246+00:00,momentum,"Ethereum Up or Down - April 25, 7:00AM-7:05AM ET",DOWN,Down,2.0,0.51,,WIN,YES,1.9215686274509802,Down,0x5057820bc06e321758d7bdfc5381ee70d3f2242044440dbb913d8d41917ae364,5254475549271029412686319456912766799258113192748019530137768013195343182289
2026-04-25T11:00:10.300129+00:00,2026-04-25T11:08:52.485720+00:00,momentum,"Bitcoin Up or Down - April 25, 7:00AM-7:05AM ET",DOWN,Down,4.0,0.55,,WIN,YES,3.2727272727272725,Down,0x7d6ca1e73b20a7c0db53e9fe4f114e11bb337e792cba3c0ecb1a9dee319dcc39,71463019966630602204921934113510222491680889525112173712127206065307462334305
2026-04-25T11:00:06.833789+00:00,2026-04-25T11:09:52.972161+00:00,momentum,"Solana Up or Down - April 25, 7:00AM-7:05AM ET",DOWN,Down,2.0,0.54,,WIN,YES,1.7037037037037033,Down,0xa5c59ad77228a9b21d53ac0d564747e00b7698a37b098dcd429906c2f92c2533,75990755672259527154373568934280938611681338688714549455053176592814145738370
2026-04-25T11:00:10.321043+00:00,2026-04-25T11:09:53.151544+00:00,momentum,"XRP Up or Down - April 25, 7:00AM-7:05AM ET",DOWN,Down,2.0,0.55,,WIN,YES,1.6363636363636362,Down,0x818e8f135dc5e9ad4cce515e2a01f44a2e6e13ca0cc44d594f8c5a8930d120e5,62171613193846610771299495652953819136105863380265830145339990891932605831585
2026-04-25T11:05:00.214509+00:00,2026-04-25T11:14:55.340437+00:00,momentum,"Ethereum Up or Down - April 25, 7:05AM-7:10AM ET",UP,Up,2.0,0.515,,LOSS,NO,-2.0,Down,0x1f07ac8cf8f30df8cfc8ea875fc474ed3ce2b1b66780ddb51faa3f5d57196e2c,16717655255804640961232042496562277348428332420967908040777395638431096776926
2026-04-25T11:05:01.245122+00:00,2026-04-25T11:14:55.487103+00:00,momentum,"Bitcoin Up or Down - April 25, 7:05AM-7:10AM ET",UP,Up,2.0,0.55,,LOSS,NO,-2.0,Down,0xaab0a0ee357a0b515c5679beac237189e3cf7ddb9c4888bf08f273bb614329f9,113499108835642090197443006205117936991615135434761147419150560425768563402936
2026-04-25T11:05:00.230911+00:00,2026-04-25T11:15:56.073573+00:00,momentum,"XRP Up or Down - April 25, 7:05AM-7:10AM ET",UP,Up,2.0,0.51,,LOSS,NO,-2.0,Down,0x832174de90e8aa84ca1bfe1aba843f1ebc240c226f6c331834408a5ec65e17f9,11575854550752926366500536794942780767087474712207964797896538394670301298668
2026-04-25T11:05:01.264696+00:00,2026-04-25T11:15:56.113357+00:00,momentum,"Solana Up or Down - April 25, 7:05AM-7:10AM ET",UP,Up,2.0,0.53,,LOSS,NO,-2.0,Down,0x2ca12b767b80d5b85b5fd824614e190295ccb0991cac4d919421ee1dd6dc1df9,35574462042963840911381102389380077608567969903487882182725875123174249692591
2026-04-25T11:10:00.752361+00:00,2026-04-25T11:20:58.511769+00:00,momentum,"Bitcoin Up or Down - April 25, 7:10AM-7:15AM ET",UP,Up,4.0,0.56,,LOSS,NO,-4.0,Down,0x7a504a9eb70eefae2258e4e4251c6e0f0cf2758985e4a2d9d26c05548ee394e6,97790977421651273097237286310308008631642651570368009644502781060140014562915
2026-04-25T11:10:00.785979+00:00,2026-04-25T11:20:58.754091+00:00,momentum,"Solana Up or Down - April 25, 7:10AM-7:15AM ET",UP,Up,4.0,0.51,,WIN,YES,3.8431372549019605,Up,0xfd35eee697f6209d7541ad1d8c5ff0fa9482151461dcbadb262cb71af50bb575,29714711271177506528209532361934870216719927115277891498351763004752677906863
2026-04-25T11:10:07.085058+00:00,2026-04-25T11:20:58.782340+00:00,momentum,"XRP Up or Down - April 25, 7:10AM-7:15AM ET",UP,Up,2.0,0.51,,LOSS,NO,-2.0,Down,0xc457bb31c885dc1128c72ddbb2015c3dcc937cbb605396d48981338600a0a31d,71786655823244282304331352024342635750548558928805260354319642168203119743290
2026-04-25T11:10:00.769162+00:00,2026-04-25T11:21:59.047562+00:00,momentum,"Ethereum Up or Down - April 25, 7:10AM-7:15AM ET",UP,Up,4.0,0.58,,LOSS,NO,-4.0,Down,0x1ea37c6da1c497822897b186e9cf8753e464ab606295fec05094c9ab06e6a8d4,64118917192087552024216146948979159811178968471655886695469212085665320543040
2026-04-25T11:15:01.051891+00:00,2026-04-25T11:24:00.589392+00:00,momentum,"Bitcoin Up or Down - April 25, 7:15AM-7:20AM ET",UP,Up,8.0,0.57,,LOSS,NO,-8.0,Down,0x9f3b1e483fb251cd3cfe0f356d2903cac24cd8558c4aac119dd8d1f4655c3165,10101802019502197073778519329230408736085233272654257693367270339917378828356
2026-04-25T11:15:01.082187+00:00,2026-04-25T11:24:00.623915+00:00,momentum,"XRP Up or Down - April 25, 7:15AM-7:20AM ET",UP,Up,4.0,0.51,,LOSS,NO,-4.0,Down,0xb2a2f29336e96dea4f0e5c78132fa85f2897f032a45121e3b650aafcc180f9eb,19900498557588876218179715555328056308591674026386147512154235847440080904507
2026-04-25T11:15:00.776174+00:00,2026-04-25T11:25:01.036781+00:00,momentum,"Ethereum Up or Down - April 25, 7:15AM-7:20AM ET",UP,Up,8.0,0.6,,WIN,YES,5.333333333333334,Up,0x1e52d54a313e794ff80a55f08f2fa22b9780ad9145fb0ea817d70831bb79ff52,34313791049452510067173432863247720936733262020646646587673628687463587674247
2026-04-25T11:15:00.967216+00:00,2026-04-25T11:25:01.253683+00:00,momentum,"Solana Up or Down - April 25, 7:15AM-7:20AM ET",UP,Up,8.0,0.52,,WIN,YES,7.384615384615383,Up,0xfddf9e1f3eeb1e6e95598a14c511fd6f99d78fccfed566cf1e0e57a66a41ecf1,115199973099885248302430584138759879828543865174098110781075976558309454732599
2026-04-25T11:20:00.337257+00:00,2026-04-25T11:31:05.659013+00:00,momentum,"Ethereum Up or Down - April 25, 7:20AM-7:25AM ET",UP,Up,2.0,0.515,,LOSS,NO,-2.0,Down,0x650aa98e8c9db52ef2fc31e3cc037b6a4c33243f812802029b567139f99f965a,63032050107527164799755672195131286156027910367358808384893259317340427476523
2026-04-25T11:20:00.356277+00:00,2026-04-25T11:31:05.694841+00:00,momentum,"XRP Up or Down - April 25, 7:20AM-7:25AM ET",UP,Up,8.0,0.51,,LOSS,NO,-8.0,Down,0x22ee08de79e0dc28ed1e05a03903283eff47b49e5cf4e1d0e037da9069ab1cf7,9094835076090167429227831726590311987137680079899760369390384970843795825721
2026-04-25T11:20:00.375619+00:00,2026-04-25T11:31:05.733829+00:00,momentum,"Bitcoin Up or Down - April 25, 7:20AM-7:25AM ET",UP,Up,16.0,0.525,,LOSS,NO,-16.0,Down,0xccedda9e6f89ddb9654d8274e68e9688a3b8107f406c0026cc9f718032c743ed,65905934839277783751629651012753362277946645821363584017161871374462259086208
2026-04-25T11:20:00.396968+00:00,2026-04-25T11:31:05.772303+00:00,momentum,"Solana Up or Down - April 25, 7:20AM-7:25AM ET",UP,Up,2.0,0.52,,LOSS,NO,-2.0,Down,0x121e36e9b4c720f06e7fee5793037f40fd7d17fe93ffbc8c679d7a83be2f3e9f,68259107790916213066665257978772113627949294717302417597992986288817092848765
2026-04-25T11:25:00.772569+00:00,2026-04-25T11:36:07.003341+00:00,momentum,"Ethereum Up or Down - April 25, 7:25AM-7:30AM ET",UP,Up,4.0,0.515,,WIN,YES,3.766990291262136,Up,0xec1d4dccb6362c53f81e14f8fa1969c54295e77196c6b22096b892c612a7005a,5488354385488026686394309157251109859594676483285261852953418748334836574769
2026-04-25T11:25:00.793571+00:00,2026-04-25T11:36:07.033450+00:00,momentum,"Solana Up or Down - April 25, 7:25AM-7:30AM ET",UP,Up,4.0,0.515,,LOSS,NO,-4.0,Down,0xbd989a9cba7a9d91b47076febb282258f1ce07b25f3e2634516e13a83fb9d912,74591986520808954549688243925809369129374436569967713060306098250786314357793
2026-04-25T11:25:00.808045+00:00,2026-04-25T11:36:07.258190+00:00,momentum,"XRP Up or Down - April 25, 7:25AM-7:30AM ET",UP,Up,16.0,0.525,,WIN,YES,14.476190476190474,Up,0x17df0d407224672f899ea80f5c2c4c54a64006274cc4b96238d592867e8e83c5,85936841820542657786395141271637992969499647928909449705436206803794032226153
2026-04-25T11:25:00.823537+00:00,2026-04-25T11:37:07.791255+00:00,momentum,"Bitcoin Up or Down - April 25, 7:25AM-7:30AM ET",UP,Up,32.0,0.525,,LOSS,NO,-32.0,Down,0x4f4aaea9c4e9b747042ee26bedecfc6b3bc4c3826c4bc32916e003241028dfb1,13553178301492094801066364481216023837903961913755967541857670141468013101535
2026-04-25T11:30:00.516873+00:00,2026-04-25T11:38:09.377417+00:00,momentum,"Ethereum Up or Down - April 25, 7:30AM-7:35AM ET",UP,Up,2.0,0.515,,LOSS,NO,-2.0,Down,0x03adf57e5446008935272ef59ccda25aec05ea93c98fad74fff699109311a09b,99302360927553591900717136957060497012992415142051503070480429797403924422206
2026-04-25T11:30:00.491913+00:00,2026-04-25T11:39:10.135396+00:00,momentum,"XRP Up or Down - April 25, 7:30AM-7:35AM ET",UP,Up,2.0,0.515,,WIN,YES,1.883495145631068,Up,0xe108acb7ed28fc64b3ff0cb5545db877c7f9b99910ff786d77665dbd8d18ce6c,100064205912826078461470374529126922304428598394550106482209584229196213636875
2026-04-25T11:30:00.429700+00:00,2026-04-25T11:40:10.612356+00:00,momentum,"Bitcoin Up or Down - April 25, 7:30AM-7:35AM ET",UP,Up,64.0,0.52,,LOSS,NO,-64.0,Down,0x14ba70fdee099c18b2cf7d852440fac8de4e193bbe018f2a69dc68ebb261bb84,49357692926143451006277060213934423767670921761131317246090855285856839357097
2026-04-25T11:30:00.470395+00:00,2026-04-25T11:41:11.396200+00:00,momentum,"Solana Up or Down - April 25, 7:30AM-7:35AM ET",UP,Up,8.0,0.515,,WIN,YES,7.533980582524272,Up,0x7e5c86309770096c48d8a023d1e30bcf662c1b272e93606e46d9ffd09e978e02,104627496835140175172739187130003032794652803411932523786072230212482920674283
2026-04-25T11:35:00.292028+00:00,2026-04-25T11:45:13.790726+00:00,momentum,"XRP Up or Down - April 25, 7:35AM-7:40AM ET",UP,Up,2.0,0.525,,LOSS,NO,-2.0,Down,0x6afa94c27e4a22839017b2a6a003e980921c5d6b7139728e575307af0654d8e5,85511753405438560136248007379733738860726850485383356098785366214304588190415
2026-04-25T11:35:00.315905+00:00,2026-04-25T11:45:13.825884+00:00,momentum,"Ethereum Up or Down - April 25, 7:35AM-7:40AM ET",UP,Up,4.0,0.52,,LOSS,NO,-4.0,Down,0x02b25e6e62868d9bfbb7bdf24092018468482d3afbb877cdf24bca557227cfab,101111228497955809106016227956056046055627257516779873599439049436822349900424
2026-04-25T11:35:01.684216+00:00,2026-04-25T11:45:13.957987+00:00,momentum,"Bitcoin Up or Down - April 25, 7:35AM-7:40AM ET",UP,Up,2.0,0.65,,LOSS,NO,-2.0,Down,0x801f69078482e958262791e5d92759fb9992515dddd388ff328bc12373da1cd0,66689867959834532223295797443703821456174625563976579129179641690539557371693
2026-04-25T11:35:00.338370+00:00,2026-04-25T11:46:13.833269+00:00,momentum,"Solana Up or Down - April 25, 7:35AM-7:40AM ET",UP,Up,2.0,0.525,,LOSS,NO,-2.0,Down,0xa79604ca46ac7996f631b7efd93db20f83bbf4d0fb0956ae9e8696242567b952,9420284974173148284344156209630216264680283693863903791743814148829783050673
2026-04-25T11:40:00.898020+00:00,2026-04-25T11:50:15.984455+00:00,momentum,"Bitcoin Up or Down - April 25, 7:40AM-7:45AM ET",UP,Up,4.0,0.63,,LOSS,NO,-4.0,Down,0xbced553ba08eec32289836afc16bbe5481313a4b349160e12593655e16f62831,97404636430243459805564723195881616985644413625019724462922531178470990113492
2026-04-25T11:40:00.876998+00:00,2026-04-25T11:52:16.655441+00:00,momentum,"Solana Up or Down - April 25, 7:40AM-7:45AM ET",UP,Up,4.0,0.54,,LOSS,NO,-4.0,Down,0xf3d5c70eb628b85cb7288a86161d16bc0f6ce73dba35ca6d2fd69743e96e28a1,88778857821927231332502785737161493070158725710308431259269286749289115651251
2026-04-25T11:40:00.918747+00:00,2026-04-25T11:52:16.697707+00:00,momentum,"Ethereum Up or Down - April 25, 7:40AM-7:45AM ET",UP,Up,8.0,0.58,,LOSS,NO,-8.0,Down,0xe2e15dfdfd7c26c2266eeba97533f4a85636169c520fd23001e923e061f73646,64935188278872145624050151168689139359367394667608554500845206743501676474854
2026-04-25T11:40:07.457614+00:00,2026-04-25T11:52:16.876253+00:00,momentum,"XRP Up or Down - April 25, 7:40AM-7:45AM ET",DOWN,Down,4.0,0.54,,WIN,YES,3.4074074074074066,Down,0xead4843e169fd5ce78d2123f35829025f96b3037c10105cc76f4e80bdb8ec9ef,85597700717305859303475540186060643460984849888689844864658953449370951215274
2026-04-25T11:45:00.824392+00:00,2026-04-25T11:54:17.454955+00:00,momentum,"Bitcoin Up or Down - April 25, 7:45AM-7:50AM ET",UP,Up,8.0,0.64,,WIN,YES,4.5,Up,0x654db13494aade0944b2d6a660a83245b94eccdc71bf4cb8bc8b16560f105217,105193054017654560507845978008389573385048536578483322157362302680896034642840
2026-04-25T11:45:00.844765+00:00,2026-04-25T11:54:17.630918+00:00,momentum,"Ethereum Up or Down - April 25, 7:45AM-7:50AM ET",UP,Up,8.0,0.59,,WIN,YES,5.559322033898306,Up,0xbb8b25f04444df30da09a65df9ef3133794c3c3fea363ec68f67aaf5c9f00ae6,39688040802511933115559256597041137621256902924168412924298908742843154312286
2026-04-25T11:45:00.866208+00:00,2026-04-25T11:54:17.814516+00:00,momentum,"XRP Up or Down - April 25, 7:45AM-7:50AM ET",UP,Up,2.0,0.56,,WIN,YES,1.5714285714285712,Up,0x67cdb528e0ba7349a9a37f8b4043ad80c9d75a724d370ece4e3842f05ab894b7,25558538862434121358349314197090024894453281514573633907812781933681532561033
2026-04-25T11:45:03.997172+00:00,2026-04-25T11:54:17.850175+00:00,momentum,"Solana Up or Down - April 25, 7:45AM-7:50AM ET",UP,Up,8.0,0.56,,LOSS,NO,-8.0,Down,0xa0db72d6d6c67d540d0d18877e47b37fb925abffc4dacd717caa5c84b1c31ecb,49809929528327679595670249855031719572696449101278157320215324612076563068873
2026-04-25T11:50:00.926969+00:00,2026-04-25T11:59:19.187023+00:00,momentum,"XRP Up or Down - April 25, 7:50AM-7:55AM ET",UP,Up,2.0,0.51,,LOSS,NO,-2.0,Down,0x945b77876da42a22c511f85d3d34ea7d9a19d40214d3ae7b38ce00159bed59c8,76823226495372056073598092535198040357315462954595146964424968051030040985536
2026-04-25T11:50:00.891115+00:00,2026-04-25T12:00:19.026045+00:00,momentum,"Bitcoin Up or Down - April 25, 7:50AM-7:55AM ET",UP,Up,2.0,0.61,,LOSS,NO,-2.0,Down,0xf6f0c911794182ddb9806bf42a49ee1ca191ef3c8ebaca6eaf96dedb7c066bd4,58291884558326549111295855897275197511470165740214878487343316941258502518529
2026-04-25T11:50:00.909180+00:00,2026-04-25T12:00:19.212754+00:00,momentum,"Solana Up or Down - April 25, 7:50AM-7:55AM ET",UP,Up,16.0,0.53,,LOSS,NO,-16.0,Down,0x11a1668fafa02350af2159eaa1bb19d3f429127a6edee26c0c9cfc00ecec26b7,111681147028371074179592801882057447822286228890293006479112742274170432423493
2026-04-25T11:50:00.945235+00:00,2026-04-25T12:00:19.448645+00:00,momentum,"Ethereum Up or Down - April 25, 7:50AM-7:55AM ET",UP,Up,2.0,0.61,,LOSS,NO,-2.0,Down,0x0d26489f71d4accf66387b00bcf36a373ab4d8bc6de6318fcad330d1fe11bc1b,49446732401647573288725712593643312166847999897128132810755475879988853268763
2026-04-25T11:55:00.662115+00:00,2026-04-25T12:05:22.455655+00:00,momentum,"XRP Up or Down - April 25, 7:55AM-8:00AM ET",UP,Up,2.0,0.525,,WIN,YES,1.8095238095238093,Up,0x301f381e97f376d0347ae6908a4ea231659460383667694dbd462c3db9c4130a,67888663707520027205663216250487497885085292498890256555769188582236493185533
2026-04-25T11:55:00.645434+00:00,2026-04-25T12:06:22.217876+00:00,momentum,"Bitcoin Up or Down - April 25, 7:55AM-8:00AM ET",UP,Up,4.0,0.525,,WIN,YES,3.6190476190476186,Up,0x43635b5cd8dfbca3835d0fe3e9ca43a7bd7b0957e704a66cf045ab2e4a4ac47a,111254202093466747429808995242568762899085546038160365902502879499512191612649
2026-04-25T11:55:00.680443+00:00,2026-04-25T12:06:22.395930+00:00,momentum,"Ethereum Up or Down - April 25, 7:55AM-8:00AM ET",UP,Up,2.0,0.515,,WIN,YES,1.883495145631068,Up,0xa8aa35eb99be0ed7327ee515c5a741a1cd7455ba2e7bf3fea6b660096e1e7174,63312121200747158003119557328366604036206652673830934448191957025625405273721
2026-04-25T11:55:00.698540+00:00,2026-04-25T12:07:23.132129+00:00,momentum,"Solana Up or Down - April 25, 7:55AM-8:00AM ET",UP,Up,32.0,0.525,,WIN,YES,28.95238095238095,Up,0xa5ef3e44fbe66d29fdc28aff7a37d7f24544405873cbd50e5c0541dffd22ea3b,11667489640696843564808542110594154961490877718191680816408266689610774160892
2026-04-25T12:00:00.707180+00:00,2026-04-25T12:13:25.986737+00:00,momentum,"Bitcoin Up or Down - April 25, 8:00AM-8:05AM ET",UP,Up,2.0,0.525,,LOSS,NO,-2.0,Down,0xac803e9272752826dcef9c5091d1b03a585991b793f9d0e9422cf8d214ac24b0,106843712288553279060654919277176661519019909479858934129805929540767611858987
2026-04-25T12:00:00.758026+00:00,2026-04-25T12:13:26.042669+00:00,momentum,"Ethereum Up or Down - April 25, 8:00AM-8:05AM ET",UP,Up,2.0,0.515,,LOSS,NO,-2.0,Down,0x90b39cf3f5354779003d472959130b299c5256cc082ee95e93c786c21feef25a,49313721032424843163997226735087451104917548295606390091306024924163554849041
2026-04-25T12:00:00.824374+00:00,2026-04-25T12:13:26.087718+00:00,momentum,"XRP Up or Down - April 25, 8:00AM-8:05AM ET",UP,Up,2.0,0.515,,LOSS,NO,-2.0,Down,0x088a0b53976a877d5efbe90a40d196e718dd837d6ed49349348ce963c63e2b45,40830360613946389893100530041098178153116644436584399213359394881394048368734
2026-04-25T12:00:00.851798+00:00,2026-04-25T12:13:26.133960+00:00,momentum,"Solana Up or Down - April 25, 8:00AM-8:05AM ET",UP,Up,2.0,0.52,,LOSS,NO,-2.0,Down,0x854017d5f503200d2a64fd24faa642ece65650369aa4a99a64587604085d08db,4013649421341121628873934168718527443928758228793190550135552451299583668785
2026-04-25T12:05:00.920213+00:00,2026-04-25T12:15:27.742076+00:00,momentum,"Bitcoin Up or Down - April 25, 8:05AM-8:10AM ET",UP,Up,2.0,0.575,,WIN,YES,1.4782608695652177,Up,0x300ea70878aef4e738162a05c1f1c004e20f8eee9bf17774c2ea43165bd803ca,88120187755506515117761460124796762956884130241611666095649691452529944217715
2026-04-25T12:05:00.939102+00:00,2026-04-25T12:15:27.873419+00:00,momentum,"Ethereum Up or Down - April 25, 8:05AM-8:10AM ET",UP,Up,4.0,0.515,,WIN,YES,3.766990291262136,Up,0xc3736d55bfe42472520af82fe9b662d90fd9485f27dd016de2feff8d260550f9,20039468983530184950343065794694728892475258360278715635174065416054719268920
2026-04-25T12:05:00.955118+00:00,2026-04-25T12:15:28.016960+00:00,momentum,"Solana Up or Down - April 25, 8:05AM-8:10AM ET",UP,Up,2.0,0.52,,WIN,YES,1.8461538461538458,Up,0xd95f22e338e9f700f6ff613eb87aaded935c17856fc7c6d17b8a8dbf2a6a745a,79611361792945288377966530813610342030731307732210090652578114522213407348600
2026-04-25T12:05:00.971648+00:00,2026-04-25T12:15:28.165528+00:00,momentum,"XRP Up or Down - April 25, 8:05AM-8:10AM ET",UP,Up,4.0,0.515,,WIN,YES,3.766990291262136,Up,0x2d1751e8937fbe325f11d193426c9d9d30fbd79d29c9b6622f51b96b09ed2f4c,50399957100724589262947833616615050210982371592617539476474856245299771880951
2026-04-25T12:10:01.006282+00:00,2026-04-25T12:21:31.533221+00:00,momentum,"XRP Up or Down - April 25, 8:10AM-8:15AM ET",UP,Up,2.0,0.51,,WIN,YES,1.9215686274509802,Up,0x7684f241463130806cee6afd3c9ad93496997ab5c142977127f580990dab9d31,35988304404306429302266737420019240524096333363095341722502813939753180403286
2026-04-25T12:10:01.022111+00:00,2026-04-25T12:21:31.700529+00:00,momentum,"Bitcoin Up or Down - April 25, 8:10AM-8:15AM ET",UP,Up,2.0,0.56,,WIN,YES,1.5714285714285712,Up,0x1446159549b255517661a8a903db71ba506c77575fd9255bf031124b30497b81,46622957569006149534662820459659316536992054027205364618604408214938845548914
2026-04-25T12:10:04.412746+00:00,2026-04-25T12:21:31.852790+00:00,momentum,"Ethereum Up or Down - April 25, 8:10AM-8:15AM ET",UP,Up,2.0,0.53,,WIN,YES,1.773584905660377,Up,0x51b0a1ddfc5ca65cf7948a4ca9766c307200f28f2463cdf4d3fd1cef6ac9492a,30178544423279273278527500612009586671967833288810573134046985739021988508625
2026-04-25T12:10:27.724564+00:00,2026-04-25T12:21:32.006489+00:00,momentum,"Solana Up or Down - April 25, 8:10AM-8:15AM ET",UP,Up,2.0,0.53,,WIN,YES,1.773584905660377,Up,0xb0db319d334bf255c61241c246829f7a007055df3c4f20fb337e77d17df376b3,58405243817079115485085437798252408891765287693329967271299599068706629719531
2026-04-25T12:15:09.671051+00:00,2026-04-25T12:26:33.546296+00:00,momentum,"Bitcoin Up or Down - April 25, 8:15AM-8:20AM ET",UP,Up,2.0,0.55,,LOSS,NO,-2.0,Down,0xbf8e672ed87f7fd15c215325f235cf6fb514a652d1a116a64d1214d590223838,34735238454472500369451538390273893735549072930875496783512839877284197546506
2026-04-25T12:15:00.423254+00:00,2026-04-25T12:27:34.309588+00:00,momentum,"Ethereum Up or Down - April 25, 8:15AM-8:20AM ET",DOWN,Down,2.0,0.515,,WIN,YES,1.883495145631068,Down,0x4646c588842c233b23503603bd3bc20e38cda996804b17cc2fe595e8ed78bf05,97492269943756943059520627817089255332277374858580524921762947675285911601586
2026-04-25T12:15:00.447253+00:00,2026-04-25T12:27:34.448813+00:00,momentum,"Solana Up or Down - April 25, 8:15AM-8:20AM ET",UP,Up,2.0,0.52,,WIN,YES,1.8461538461538458,Up,0xc0f63527754b13afaa32482be75e5c3a7b6654bf92188116327036bb27761776,51458516350154762109994089163260644746685075224814100620937744267466282806252
2026-04-25T12:15:00.465489+00:00,2026-04-25T12:27:34.595686+00:00,momentum,"XRP Up or Down - April 25, 8:15AM-8:20AM ET",UP,Up,2.0,0.515,,WIN,YES,1.883495145631068,Up,0x11f08344ce8bbcf7e91a40c4fe1946c9876658df7090fc469b8d278e313a56e0,45686274534250959727277331104043027666633459567109413713248771095392145806743
2026-04-25T12:20:00.813360+00:00,2026-04-25T12:29:36.301054+00:00,momentum,"XRP Up or Down - April 25, 8:20AM-8:25AM ET",UP,Up,2.0,0.515,,WIN,YES,1.883495145631068,Up,0x1445374c98e0c8cee9ff2fe3419b038cddd95ef59804ccbf39f2ef3a7431ebca,112415071432544578496151108109770366214715900862372553774489259129908772668738
2026-04-25T12:20:01.919681+00:00,2026-04-25T12:29:36.449079+00:00,momentum,"Bitcoin Up or Down - April 25, 8:20AM-8:25AM ET",UP,Up,4.0,0.53,,WIN,YES,3.547169811320754,Up,0xb1e98caaa83bd9252f92437265229d96c9522cb3627c53e1fc47233c5bcafdca,31691511277081236014212658249137750463626762346537994524736827871803617927905
2026-04-25T12:20:01.938550+00:00,2026-04-25T12:29:36.591655+00:00,momentum,"Solana Up or Down - April 25, 8:20AM-8:25AM ET",UP,Up,2.0,0.53,,WIN,YES,1.773584905660377,Up,0xaea6fdf93715807f48a925b458ce040ff2aed30417608f2227170f775c23282d,100755107226576634469409683888017019170776114462648110317630472998070740460599
2026-04-25T12:20:00.794556+00:00,2026-04-25T12:30:36.208969+00:00,momentum,"Ethereum Up or Down - April 25, 8:20AM-8:25AM ET",DOWN,Down,2.0,0.515,,LOSS,NO,-2.0,Up,0x695a33c6ef6a03db680173749f268dc90b4653c40afc7edc420bd2067d4a46e0,107643570356551362628755691546613287359795134562972749748213939213430974353883
2026-04-25T12:25:00.266115+00:00,2026-04-25T12:35:38.329922+00:00,momentum,"Bitcoin Up or Down - April 25, 8:25AM-8:30AM ET",UP,Up,2.0,0.51,,LOSS,NO,-2.0,Down,0x90fce8afec31e1318ff4dde1a0bd0e17b8f542fcc1c2b67b312fce3f03c33708,103776577977651181475891460358375011504084101678128540303612420378245191129721
2026-04-25T12:25:00.285193+00:00,2026-04-25T12:35:38.503507+00:00,momentum,"Ethereum Up or Down - April 25, 8:25AM-8:30AM ET",DOWN,Down,4.0,0.52,,WIN,YES,3.6923076923076916,Down,0xa210b8c223757463f014cadfbcb873fc086ce8bd11626bcb1fa25531d3ecdf0a,98232150113468338712536953044740542398991730963011130139420878245141319109781
2026-04-25T12:25:03.413151+00:00,2026-04-25T12:36:38.340411+00:00,momentum,"Solana Up or Down - April 25, 8:25AM-8:30AM ET",UP,Up,2.0,0.51,,LOSS,NO,-2.0,Down,0x29e3b3634b741b143dfa1641acc203e54b31f85be0554e35945fb236bac15c28,43775596105324246848888000841637270994648680930408614352974877086401166975155
2026-04-25T12:25:13.066375+00:00,2026-04-25T12:36:38.503880+00:00,momentum,"XRP Up or Down - April 25, 8:25AM-8:30AM ET",DOWN,Down,2.0,0.51,,WIN,YES,1.9215686274509802,Down,0x33866a195bf454a40f43cf599acae63ff37ee64f8b89fbffbfeb4cb5d88a0088,82288701521736259115785509503170577450770774034438953243463632965023682883616
2026-04-25T12:30:00.572695+00:00,2026-04-25T12:38:39.649945+00:00,momentum,"Solana Up or Down - April 25, 8:30AM-8:35AM ET",DOWN,Down,4.0,0.515,,LOSS,NO,-4.0,Up,0xb038f3a890ea589c10eccc9f567163f4f6c13b38e41ce193d856b78ee6059517,92016450822284930705769126982888480326523165655695938811577695019618884681553
2026-04-25T12:30:05.754153+00:00,2026-04-25T12:38:39.678863+00:00,momentum,"XRP Up or Down - April 25, 8:30AM-8:35AM ET",UP,Up,2.0,0.51,,LOSS,NO,-2.0,Down,0xc3aeb747e222b3a477abe619d9b0281533bd0dd57893cc5045646085958294e6,8307454713941855869210448147020051665911232897762467810704101800113403221876
2026-04-25T12:30:00.553907+00:00,2026-04-25T12:39:40.414056+00:00,momentum,"Ethereum Up or Down - April 25, 8:30AM-8:35AM ET",UP,Up,2.0,0.515,,WIN,YES,1.883495145631068,Up,0x1edf65ece537383a24a0065462f6fa297ff502c9dc1588a8e119cb035a7cf9c4,62879763607915111222348366823624937056068487391507065810777953123896012687919
2026-04-25T12:30:08.840562+00:00,2026-04-25T12:39:40.645622+00:00,momentum,"Bitcoin Up or Down - April 25, 8:30AM-8:35AM ET",DOWN,Down,4.0,0.59,,WIN,YES,2.779661016949153,Down,0x6d5fa54e0eab6880180f33523ce477fabc469ba3a4f7339e598873a44399f9d4,113506103314227567657880834968294586129970920627304966695912393789554534176510
2026-04-25T12:35:01.336604+00:00,2026-04-25T12:44:43.309482+00:00,momentum,"Ethereum Up or Down - April 25, 8:35AM-8:40AM ET",UP,Up,2.0,0.51,,LOSS,NO,-2.0,Down,0xc3ad90c4e40fa745d6534c8484c016a31c6b825b251c1cc7cf990066c2b7a62f,109680481380361218054409757090529288427420184108883585656385716536701404196253
2026-04-25T12:35:29.134155+00:00,2026-04-25T12:44:43.445589+00:00,momentum,"XRP Up or Down - April 25, 8:35AM-8:40AM ET",DOWN,Down,4.0,0.63,,WIN,YES,2.349206349206349,Down,0x8ceb0c812b204dc589fa6eea5de6ea02c598de08ad7ab35476e41e9623ab8068,34604279043292087096011759498077800507181045646681498512705536568322760708003
2026-04-25T12:35:00.072822+00:00,2026-04-25T12:45:42.871080+00:00,momentum,"Bitcoin Up or Down - April 25, 8:35AM-8:40AM ET",UP,Up,2.0,0.515,,LOSS,NO,-2.0,Down,0x56020116922ed2021bf97dbd249e6d2670706146f91b7270f2803e2261034662,108468450280419000457716334916975408987555722092376345637713461790953667574623
2026-04-25T12:35:01.321735+00:00,2026-04-25T12:45:42.905899+00:00,momentum,"Solana Up or Down - April 25, 8:35AM-8:40AM ET",UP,Up,8.0,0.51,,LOSS,NO,-8.0,Down,0x9c15374d3b17d1cff7cab18667b9a8cbe14fb7ea10b5579eaf2fcc78ac67304c,108996701610855525019088869102811052830571769312198936670522115001165418229873
2026-04-25T12:40:01.937570+00:00,2026-04-25T12:51:48.026841+00:00,momentum,"Bitcoin Up or Down - April 25, 8:40AM-8:45AM ET",UP,Up,2.0,0.59,,LOSS,NO,-2.0,Down,0xb4903bf0f3587c2d0f069a685f9b1295c0b7183ae897e6263692b6a9f5bf7ed6,22890810485760928770604435679787996320337296411440777393451634641094524364834
2026-04-25T12:40:01.957234+00:00,2026-04-25T12:51:48.254986+00:00,momentum,"XRP Up or Down - April 25, 8:40AM-8:45AM ET",UP,Up,2.0,0.51,,WIN,YES,1.9215686274509802,Up,0x8b3401f96965d4a633f0c3bf6603d358c87b5a0f925b1cc3df33f40788a2f55d,60019110336717672579308068465381222163852729797944494000756627025391691399048
2026-04-25T12:40:01.976807+00:00,2026-04-25T12:51:48.288427+00:00,momentum,"Ethereum Up or Down - April 25, 8:40AM-8:45AM ET",UP,Up,4.0,0.59,,LOSS,NO,-4.0,Down,0xb3867de50f7c1230c0191cda5c8dbfff803abbd50466b1a8483a606012ede4ee,37061842236630097589951470099962307493292692100042068431648547371475786226149
2026-04-25T12:40:02.003123+00:00,2026-04-25T12:51:48.323253+00:00,momentum,"Solana Up or Down - April 25, 8:40AM-8:45AM ET",UP,Up,16.0,0.59,,LOSS,NO,-16.0,Down,0x1fd8be89d69865d184e1dd1029b4650d20898be7cac54f97ea9b943482e9d1b0,70333109208689153553561635077023713197944445449819645968167286209348568634569
2026-04-25T12:45:00.182000+00:00,2026-04-25T12:53:48.633157+00:00,momentum,"Solana Up or Down - April 25, 8:45AM-8:50AM ET",DOWN,Down,32.0,0.51,,LOSS,NO,-32.0,Up,0x2a3be071a2f6e20ed329c553d2be6b1f29a4c3ba8bccd8dd46cb577e0bad219e,20655487245601448120423357018915244622199103971699511945015888963289393312580
2026-04-25T12:45:00.240990+00:00,2026-04-25T12:53:48.874720+00:00,momentum,"XRP Up or Down - April 25, 8:45AM-8:50AM ET",UP,Up,2.0,0.515,,WIN,YES,1.883495145631068,Up,0x339829edaffd9ad0b6890f4f618e6a4724d5d6dc4028b4789fb503d9db71fa47,4687457539718579345617882572560061278257599368244008980850822071121836197439
2026-04-25T12:45:00.216195+00:00,2026-04-25T12:54:49.389309+00:00,momentum,"Ethereum Up or Down - April 25, 8:45AM-8:50AM ET",DOWN,Down,8.0,0.51,,LOSS,NO,-8.0,Up,0x743bbd1c4d698832e8d0dd5ca1e59b100f427091df10b135fd52f9a14197ce69,27689548453994744770383805954197714776606034787084981463214572319298456372466
2026-04-25T12:45:01.363523+00:00,2026-04-25T12:54:49.426805+00:00,momentum,"Bitcoin Up or Down - April 25, 8:45AM-8:50AM ET",UP,Up,4.0,0.58,,LOSS,NO,-4.0,Down,0x338cb02785450c36a84a716e716e790ea9256a3561577812c4aa77a42f3bb4d7,66764854458571076521104348487050870063533035722183690673968852904574730459282
2026-04-25T12:50:00.636884+00:00,2026-04-25T12:59:51.418751+00:00,momentum,"Ethereum Up or Down - April 25, 8:50AM-8:55AM ET",UP,Up,8.0,0.515,,WIN,YES,7.533980582524272,Up,0x14433f21e98bedf05d2d3531e6de68aec75ac9d6b78749c57708526aaa907339,76142864243506996197009298304180814061727338949020961415590744637272500304304
2026-04-25T12:50:00.658020+00:00,2026-04-25T13:00:51.546479+00:00,momentum,"Bitcoin Up or Down - April 25, 8:50AM-8:55AM ET",UP,Up,8.0,0.545,,WIN,YES,6.678899082568806,Up,0x217c8b06e38c3aadec3e95a8e62f8c28ec5577626b4bcfb6a424a0de552d703b,45076895663331874983338016698287402020006795884859987365164223136223950506889
2026-04-25T12:50:00.680701+00:00,2026-04-25T13:00:51.714705+00:00,momentum,"XRP Up or Down - April 25, 8:50AM-8:55AM ET",UP,Up,2.0,0.515,,WIN,YES,1.883495145631068,Up,0x0262dc1ebdb13a814e2f867671296b34bdfa4a1c47bd5bb1615b0e8848ee5b79,10629380383838011121727085565309925347144723147970586661368670872211730943929
2026-04-25T12:50:01.794380+00:00,2026-04-25T13:00:51.749838+00:00,momentum,"Solana Up or Down - April 25, 8:50AM-8:55AM ET",DOWN,Down,64.0,0.51,,LOSS,NO,-64.0,Up,0x0e4586932a873f427084db36748f2197530d5e724790d5e3ad215de466232f49,45367578995065282855764241305347894335370232946163422073677138035305064933923
2026-04-25T12:55:01.090346+00:00,2026-04-25T13:05:54.375757+00:00,momentum,"Bitcoin Up or Down - April 25, 8:55AM-9:00AM ET",UP,Up,2.0,0.545,,LOSS,NO,-2.0,Down,0xab0c8edec4f00e7ef44e2bb3bb2411bbdf84622d74e65efd248f6e18dac79534,74334486701082004773846930110526489814218230408895337102959317669255270663713
2026-04-25T12:55:01.118457+00:00,2026-04-25T13:05:54.407409+00:00,momentum,"XRP Up or Down - April 25, 8:55AM-9:00AM ET",UP,Up,2.0,0.52,,LOSS,NO,-2.0,Down,0xf4a59b11cc25ad638bfad9ff48f1faae3f1aab6b5d55344fb5e4f5d3a3a5e9ed,8392848157569734390788037632629965523702291041079894302566313292215669170790
2026-04-25T12:55:01.072085+00:00,2026-04-25T13:06:55.213740+00:00,momentum,"Ethereum Up or Down - April 25, 8:55AM-9:00AM ET",DOWN,Down,2.0,0.515,,WIN,YES,1.883495145631068,Down,0xd560116d608feeef84e2eef6409bf36bcb46822cff5dcbe5101f5b535c480895,16956473660078609466639149751822102700115777717789143295031176056921959736737
2026-04-25T12:55:02.239283+00:00,2026-04-25T13:06:55.248923+00:00,momentum,"Solana Up or Down - April 25, 8:55AM-9:00AM ET",UP,Up,128.0,0.51,,LOSS,NO,-128.0,Down,0x50b9dff05425054be4fb743b8bc54b3efac49240089615b0d2e1de197bb1a275,15172444730297356498924044697520194231100464302242868277565642879298078741985
2026-04-25T13:00:00.517055+00:00,2026-04-25T13:08:57.429984+00:00,momentum,"Bitcoin Up or Down - April 25, 9:00AM-9:05AM ET",UP,Up,4.0,0.525,,WIN,YES,3.6190476190476186,Up,0xbba56d3ac739b0e7c90fb47155976ad3dcb0aca2352be92c37471dcbe058f2ee,92599141712529346901352573075388004254030462852150410730069967350055034073201
2026-04-25T13:00:02.677792+00:00,2026-04-25T13:08:57.567659+00:00,momentum,"Ethereum Up or Down - April 25, 9:00AM-9:05AM ET",UP,Up,2.0,0.61,,WIN,YES,1.278688524590164,Up,0xa383375ce438c85d989f839eaf9fb59307fcb29aa4bc3c6b85d423bbd1f45976,75351760209127757569224914374460072614863359619433572173611101004031178879670
2026-04-25T13:00:02.698774+00:00,2026-04-25T13:09:58.218000+00:00,momentum,"Solana Up or Down - April 25, 9:00AM-9:05AM ET",DOWN,Down,128.0,0.52,,LOSS,NO,-128.0,Up,0xe8da376ce7c8f09c1e3768457b2fb3c239a6a9f5e5ac11c5dd8cc18ecd99a045,102068022287678163150635461204855165340593553225254317821481855554648690612507
2026-04-25T13:00:56.930366+00:00,2026-04-25T13:09:58.373427+00:00,momentum,"XRP Up or Down - April 25, 9:00AM-9:05AM ET",DOWN,Down,2.0,0.55,,WIN,YES,1.6363636363636362,Down,0xfeb4dbf6a952ad236614829ddea9022a069249d3071dbe43f2835efe39e98b9a,114066631864812771239077311797839932779575863537286496351625420620470456265774
2026-04-25T13:05:00.799513+00:00,2026-04-25T13:14:00.514626+00:00,momentum,"Bitcoin Up or Down - April 25, 9:05AM-9:10AM ET",UP,Up,2.0,0.515,,WIN,YES,1.883495145631068,Up,0x0ce4ee7fc179bcbb6518a9368276e9340547bf408dfad96730da7bef12cd298f,36610350431645038129812999084112156688793943631348031482996749012954147687202
2026-04-25T13:05:01.828724+00:00,2026-04-25T13:15:00.916733+00:00,momentum,"Ethereum Up or Down - April 25, 9:05AM-9:10AM ET",UP,Up,2.0,0.99,,WIN,YES,0.020202020202020332,Up,0x9060aaab63d987b4f9fbbf71c2fb9b2b8cf884f758f7d52f5d118268753ee228,59011785338761858850058508028887077627628671157705170730301090007981330904958
2026-04-25T13:05:01.865297+00:00,2026-04-25T13:15:01.379896+00:00,momentum,"XRP Up or Down - April 25, 9:05AM-9:10AM ET",UP,Up,2.0,0.99,,WIN,YES,0.020202020202020332,Up,0x00602ac0932d6c0b3fb414844bf8638de1519ff2453018dcf164cdf721898f4e,89678277215839755576725184462264868074334484789393992085929191004456840317608
2026-04-25T13:05:01.846783+00:00,2026-04-25T13:16:01.158741+00:00,momentum,"Solana Up or Down - April 25, 9:05AM-9:10AM ET",UP,Up,128.0,0.99,,WIN,YES,1.2929292929293013,Up,0xae7eddefc1a3609196681ca39e1146ca71806e11a190357cc2e53d4486b9e7ae,100319717524600195341567969213139282592522511977564286557768675261414608084970
2026-04-25T13:10:00.992487+00:00,2026-04-25T13:21:03.410028+00:00,momentum,"Ethereum Up or Down - April 25, 9:10AM-9:15AM ET",DOWN,Down,2.0,0.515,,LOSS,NO,-2.0,Up,0x0c0af9f3fc73bc1a26dad650d290e09a18d9a929dc00c948ed9dadee537c0afc,17931940318289154136889057569574705676689413821106965564845399628718903154770
2026-04-25T13:10:01.010956+00:00,2026-04-25T13:21:03.443497+00:00,momentum,"Solana Up or Down - April 25, 9:10AM-9:15AM ET",DOWN,Down,2.0,0.515,,LOSS,NO,-2.0,Up,0x001cfdd102d5d78bb97cdd4b12af009ee65e104d2c77aed8be5db7cd99de6b49,47034310451478849305133865072358834263960371347149275685854844804938220819749
2026-04-25T13:10:02.099341+00:00,2026-04-25T13:21:03.473592+00:00,momentum,"Bitcoin Up or Down - April 25, 9:10AM-9:15AM ET",DOWN,Down,2.0,0.53,,LOSS,NO,-2.0,Up,0xa9b8f880a8779a6391ba7bacbeda58f07b6ed0ec24885ba7363373b457eaa53b,55444498764471257739069673579254455629482183573363593151935990943506794208643
2026-04-25T13:10:14.418945+00:00,2026-04-25T13:22:03.957357+00:00,momentum,"XRP Up or Down - April 25, 9:10AM-9:15AM ET",DOWN,Down,2.0,0.51,,LOSS,NO,-2.0,Up,0x2251df5d7d46137721b670e071082f7d8e0e3b568e19ff2e5b5dd9e6a181fc2a,19571797951575211614276619836338787189969431449639542087408881906534661683177
2026-04-25T13:15:03.143821+00:00,2026-04-25T13:23:04.990405+00:00,momentum,"Ethereum Up or Down - April 25, 9:15AM-9:20AM ET",DOWN,Down,4.0,0.59,,WIN,YES,2.779661016949153,Down,0x08115cb3c3e9d86ac28e2731d1b269f32c0e7b1648c93d25bb6ea2d1426948ca,93884773072449728476531850979110177699975935944533896648479860006405536245262
2026-04-25T13:15:00.696143+00:00,2026-04-25T13:24:05.017382+00:00,momentum,"Solana Up or Down - April 25, 9:15AM-9:20AM ET",DOWN,Down,4.0,0.515,,WIN,YES,3.766990291262136,Down,0x77aa8b0c14ca18c6198a880058d7516a49fc5ae380284be905b1b8be285e093d,66291915843251718966482775767739316392115352357559090583029066517111437500573
2026-04-25T13:15:03.172189+00:00,2026-04-25T13:24:05.192929+00:00,momentum,"Bitcoin Up or Down - April 25, 9:15AM-9:20AM ET",DOWN,Down,2.0,0.56,,WIN,YES,1.5714285714285712,Down,0x88e9e12b6e3c5a4271cf32aafc5a0c00b42f16578545a3bda96f6970152b97da,21409036892958984459385433792403631340422440455372400514603553802027707922788
2026-04-25T13:15:03.196330+00:00,2026-04-25T13:25:06.103334+00:00,momentum,"XRP Up or Down - April 25, 9:15AM-9:20AM ET",UP,Up,4.0,0.52,,LOSS,NO,-4.0,Down,0x7d477833afe74426448a91cc87b7e326f64603786c10e5e86bd24639a27f00ca,29270861822358172926641343968937810289848917556128715518888882123670774246966
2026-04-25T13:20:00.287218+00:00,2026-04-25T13:30:08.286936+00:00,momentum,"Solana Up or Down - April 25, 9:20AM-9:25AM ET",DOWN,Down,2.0,0.525,,LOSS,NO,-2.0,Up,0x9f9c47c719a7c9bd1118f27a2359ea3fc35cbae5dcf6d3300e3863ee64aac4e4,25065068880978022142331347206932324491299622783056403998358991991209919615170
2026-04-25T13:20:01.481125+00:00,2026-04-25T13:30:08.678016+00:00,momentum,"Ethereum Up or Down - April 25, 9:20AM-9:25AM ET",UP,Up,2.0,0.52,,WIN,YES,1.8461538461538458,Up,0x7b12f8d35edefe12112bb0297fab236235d1d1615ae83e588d355569f4a0e982,61168460588639036508352554512497711622804311943090029307056737914813978028915
2026-04-25T13:20:05.429160+00:00,2026-04-25T13:30:08.948441+00:00,momentum,"XRP Up or Down - April 25, 9:20AM-9:25AM ET",UP,Up,8.0,0.51,,WIN,YES,7.686274509803921,Up,0xb68ede6c5b87b2a6fe3ae73253e56261b294f6a9b66eb8475b2627a478807a68,106497499683844823738237746810006259920479528864586780762054591856174025336705
2026-04-25T13:20:01.447671+00:00,2026-04-25T13:31:08.962040+00:00,momentum,"Bitcoin Up or Down - April 25, 9:20AM-9:25AM ET",UP,Up,2.0,0.51,,WIN,YES,1.9215686274509802,Up,0xddfb8608a4b1c46baf11c415da384c89861bee2376e522b67d0f1c23837dc3bb,104240556330246610685564494506541379659501226445400177194912092244207376974999
2026-04-25T13:25:00.980420+00:00,2026-04-25T13:35:12.006642+00:00,momentum,"XRP Up or Down - April 25, 9:25AM-9:30AM ET",UP,Up,2.0,0.51,,LOSS,NO,-2.0,Down,0xc827b512aef60c9905790730fbc26e26387f0992a37cc1dea606ed2db7a05042,7399011964214682281717755456882558019752384938535218043081039508501704928155
2026-04-25T13:25:05.746225+00:00,2026-04-25T13:35:12.297667+00:00,momentum,"Ethereum Up or Down - April 25, 9:25AM-9:30AM ET",DOWN,Down,2.0,0.62,,WIN,YES,1.2258064516129035,Down,0xdbf1e6922b93ce16b77d23046ac390c16aec4b911a563c687a2f64ec8f52f80d,80006174298983796299451699574900302877405309866089463395817672315047700088919
2026-04-25T13:25:00.961395+00:00,2026-04-25T13:36:11.676547+00:00,momentum,"Solana Up or Down - April 25, 9:25AM-9:30AM ET",DOWN,Down,4.0,0.51,,WIN,YES,3.8431372549019605,Down,0x30a8b32819a154c92306f859dc6874b6cd4dc9f17b299ee0602c4a60631d4843,5394803191260163649888009927076507446482051506188176897598261571423244938887
2026-04-25T13:25:33.999652+00:00,2026-04-25T13:37:12.436525+00:00,momentum,"Bitcoin Up or Down - April 25, 9:25AM-9:30AM ET",DOWN,Down,2.0,0.71,,WIN,YES,0.8169014084507045,Down,0x11edfa1928d4251c50a584bc0ffb519a9765562d1820edc0f4b0dc67852d0c58,24197624081966556091655160211570141427342200971097279998824481674269790954746
2026-04-25T13:30:06.352736+00:00,2026-04-25T13:38:13.010685+00:00,momentum,"XRP Up or Down - April 25, 9:30AM-9:35AM ET",DOWN,Down,2.0,0.53,,WIN,YES,1.773584905660377,Down,0x58d84e2a0a9113930061bda8187e4808b408ed6afbc0dba99e487cfdbfb35a1e,111118774284422302331138321833563561425009056615006345294787069259998580310166
2026-04-25T13:30:02.572527+00:00,2026-04-25T13:39:13.561849+00:00,momentum,"Bitcoin Up or Down - April 25, 9:30AM-9:35AM ET",UP,Up,2.0,0.52,,LOSS,NO,-2.0,Down,0x5056db4b5a3643e249b2582eb0087940aed21befc3f6ee30bb7d2e8a7cd48286,28301064539144199753888247106144643331801188538390897132591644395411612696829
2026-04-25T13:30:00.416248+00:00,2026-04-25T13:40:13.884078+00:00,momentum,"Solana Up or Down - April 25, 9:30AM-9:35AM ET",DOWN,Down,2.0,0.515,,WIN,YES,1.883495145631068,Down,0xc0e1352922aaba4d73453b1258ebd9ed1c5817910219147b9169b316772386e1,53453738686940002066561119533331908850055752787685259496180147678286010653704
2026-04-25T13:30:02.598165+00:00,2026-04-25T13:40:14.062049+00:00,momentum,"Ethereum Up or Down - April 25, 9:30AM-9:35AM ET",DOWN,Down,2.0,0.53,,WIN,YES,1.773584905660377,Down,0xe2fc69ba84237ea06118ead4da7ba84fef1ebfb73f08399e7e6708e8695b92ab,67640926792467165285464786976605229491868346437336340990791540516616211185578
2026-04-25T13:35:00.187671+00:00,2026-04-25T13:45:16.995320+00:00,momentum,"Bitcoin Up or Down - April 25, 9:35AM-9:40AM ET",UP,Up,4.0,0.53,,WIN,YES,3.547169811320754,Up,0xfd64ac860a9f09e1f866398286f545dffedc8feb08976882667f0010a4a7fb28,51485236854832122795557235689095627358292001249431639681188078108822088898122
2026-04-25T13:35:00.206041+00:00,2026-04-25T13:46:17.515625+00:00,momentum,"Solana Up or Down - April 25, 9:35AM-9:40AM ET",DOWN,Down,2.0,0.51,,LOSS,NO,-2.0,Up,0x2873a43ce6e62ec97b1dc466e3ac1b665212d4872794d9971862945576a901d8,50872341807431728893361162853049764658134276802621070697275941695678242817092
2026-04-25T13:35:03.318549+00:00,2026-04-25T13:46:17.550714+00:00,momentum,"Ethereum Up or Down - April 25, 9:35AM-9:40AM ET",DOWN,Down,2.0,0.54,,LOSS,NO,-2.0,Up,0x074aa73ac99ec25f1ef9252f138e255a5d3065d3cd88890ae486d2b6544ab9ed,45564665669406918155007501508986987914266092953175889072057984597011632948324
2026-04-25T13:35:39.640683+00:00,2026-04-25T13:46:17.582432+00:00,momentum,"XRP Up or Down - April 25, 9:35AM-9:40AM ET",DOWN,Down,2.0,0.55,,LOSS,NO,-2.0,Up,0x179a1ad250e3b27f4e0fdbc969153ca9c40dbe005eecab525d72dfdc57e10348,111677309629768904933171541607972889888235506917075177204260378466360648264587
2026-04-25T13:40:02.248496+00:00,2026-04-25T13:50:20.026084+00:00,momentum,"XRP Up or Down - April 25, 9:40AM-9:45AM ET",DOWN,Down,2.0,0.55,,LOSS,NO,-2.0,Up,0x0cededf6a880fe91648a060d7c4ba7c95578096f084513c6bebc95d3fe1fbef5,1833964463054731333710596684722972801193104370731165092935168426445007371114
2026-04-25T13:40:01.092431+00:00,2026-04-25T13:51:20.363521+00:00,momentum,"Ethereum Up or Down - April 25, 9:40AM-9:45AM ET",DOWN,Down,4.0,0.51,,LOSS,NO,-4.0,Up,0x5f24e54ac6e95f0dd74560f0cd5ab2fd3abec8ed0d5089f53b93cb06e0ebb67e,85615737142335350594038656623466544867401862328127501264409776947418889286385
2026-04-25T13:40:02.269705+00:00,2026-04-25T13:51:20.660760+00:00,momentum,"Bitcoin Up or Down - April 25, 9:40AM-9:45AM ET",UP,Up,2.0,0.55,,WIN,YES,1.6363636363636362,Up,0xf32b3264967437abe1d1388cc386a20623a1271e31d3cbdb9818bae6a3c2aeee,115416292472829405679049389433426459583902125831998744497967119776223613819028
2026-04-25T13:40:01.116840+00:00,2026-04-25T13:52:21.136248+00:00,momentum,"Solana Up or Down - April 25, 9:40AM-9:45AM ET",DOWN,Down,2.0,0.515,,LOSS,NO,-2.0,Up,0x17a3f397ed195e5b86a9537f7298938bcc92fa729b6dedcb6ddaf4a1ba1b76fe,109437733832848428978132995401202472640530328635092540664749103778782640465599
2026-04-25T13:45:00.617238+00:00,2026-04-25T13:54:21.682385+00:00,momentum,"Solana Up or Down - April 25, 9:45AM-9:50AM ET",DOWN,Down,4.0,0.51,,WIN,YES,3.8431372549019605,Down,0x584f4612a737aef6c52fa9677cfb009fdd51ff8f0953e04bad125adaca6d1468,9884760706029248233302135694340589068275261635181107451543095563457086361553
2026-04-25T13:45:01.794912+00:00,2026-04-25T13:54:21.853447+00:00,momentum,"Bitcoin Up or Down - April 25, 9:45AM-9:50AM ET",DOWN,Down,2.0,0.54,,WIN,YES,1.7037037037037033,Down,0x7eb065c4bea8d73592d0c8c829de85c5f847a2e8ad3f3e2cfb84818d301d8014,57739528729422276918085916702593611340141181031072510616977247180707919040485
2026-04-25T13:45:01.822627+00:00,2026-04-25T13:54:22.037605+00:00,momentum,"Ethereum Up or Down - April 25, 9:45AM-9:50AM ET",DOWN,Down,8.0,0.55,,WIN,YES,6.545454545454545,Down,0x5102e963079e01453c028781e567e150d72147a265563681dc3ffecc5c5455f5,16262568592484203827306854060134703864433285456664444141680642172056173647234
2026-04-25T13:45:28.709937+00:00,2026-04-25T13:55:22.093688+00:00,momentum,"XRP Up or Down - April 25, 9:45AM-9:50AM ET",DOWN,Down,2.0,0.52,,WIN,YES,1.8461538461538458,Down,0x45682a166403672527ff897e599df2a7f0ddce600057774977f23f4575e0feb0,30562342787820206623208248416076089692178661381559136389236619444948928004227
2026-04-25T13:50:07.026834+00:00,2026-04-25T13:59:23.920609+00:00,momentum,"Bitcoin Up or Down - April 25, 9:50AM-9:55AM ET",UP,Up,2.0,0.51,,WIN,YES,1.9215686274509802,Up,0x67aded631a64d2084f2bf4d8df6291bd5be9ea68d63fc3cd0b41bafa70e4af69,56948207409815496350388995307658113819030056784148649790449242049007628319940
2026-04-25T13:50:00.685974+00:00,2026-04-25T14:00:23.988818+00:00,momentum,"Ethereum Up or Down - April 25, 9:50AM-9:55AM ET",DOWN,Down,2.0,0.53,,LOSS,NO,-2.0,Up,0x49bc72cc6ecf235772d2b291b8194b5c94e0331381d38548497bb70b507beccb,90935245477102349067378881769093120773002693260230093336153036973706520137365
2026-04-25T13:50:00.714052+00:00,2026-04-25T14:00:24.102533+00:00,momentum,"XRP Up or Down - April 25, 9:50AM-9:55AM ET",DOWN,Down,2.0,0.52,,LOSS,NO,-2.0,Up,0x36897c673e335d1571714fa0db434cd1565122b5fa1861c1e5283fce2d2ade03,36260845443747263490765612371482041596883622647878277564438639643649892759814
2026-04-25T13:50:00.738846+00:00,2026-04-25T14:00:24.137269+00:00,momentum,"Solana Up or Down - April 25, 9:50AM-9:55AM ET",DOWN,Down,2.0,0.53,,LOSS,NO,-2.0,Up,0x42d2c940a17c32af1ae5d575f934050468f07007b5870e170f617335b908ab2d,3020710582525580547710740467280700365471700438335291062872018102816272164898
2026-04-25T13:55:07.581940+00:00,2026-04-25T14:05:27.154996+00:00,momentum,"Bitcoin Up or Down - April 25, 9:55AM-10:00AM ET",DOWN,Down,2.0,0.51,,WIN,YES,1.9215686274509802,Down,0x5f7bc590921fc60c5185fea9420d9e631b33f776ddf360d951ef6d99605712eb,29906902067000781035700103191637372844908449218669600639339821582206346227058
2026-04-25T13:55:00.600405+00:00,2026-04-25T14:06:26.882265+00:00,momentum,"XRP Up or Down - April 25, 9:55AM-10:00AM ET",DOWN,Down,4.0,0.51,,WIN,YES,3.8431372549019605,Down,0x2d2bc4094c318d526322a16ce03d46a679bd1d9b014f9682723de5b0a71155fb,33078091926588243656288421404844564218127735797659653577550762436148381468953
2026-04-25T13:55:00.619093+00:00,2026-04-25T14:06:27.023545+00:00,momentum,"Ethereum Up or Down - April 25, 9:55AM-10:00AM ET",DOWN,Down,4.0,0.54,,WIN,YES,3.4074074074074066,Down,0x0c0c4ec192e9631e3ee40a75449d385bf3b063af3bb8a14997f53a465ec3edd9,77670950782235513250417206010096207037416900333656098143980029969186797367386
2026-04-25T13:55:04.026037+00:00,2026-04-25T14:06:27.214573+00:00,momentum,"Solana Up or Down - April 25, 9:55AM-10:00AM ET",DOWN,Down,4.0,0.55,,WIN,YES,3.2727272727272725,Down,0x8a40bb541016916fddb4e1d4321fca80e2bbbd23040e17636d601096565d68b7,82902077391090987058956744097290007451147200427303812957501699428373767747953
2026-04-25T14:00:00.345529+00:00,2026-04-25T14:08:28.610856+00:00,momentum,"XRP Up or Down - April 25, 10:00AM-10:05AM ET",DOWN,Down,2.0,0.515,,WIN,YES,1.883495145631068,Down,0x54b210e44588d3b175cd55916cdb019f725fd8c7a8a0bbbe0d97a416dca1e047,85283781584785391690045406341311223536748747492670485047393278791211700765022
2026-04-25T14:00:00.378135+00:00,2026-04-25T14:09:29.004008+00:00,momentum,"Solana Up or Down - April 25, 10:00AM-10:05AM ET",DOWN,Down,2.0,0.515,,WIN,YES,1.883495145631068,Down,0x18dc8a54e3a3fdfef859fb5bd02fef5be84f3c23f1c63290d27f07647d25f206,54037347445141557507963362576771651743821347705259632095413867622692296017315
2026-04-25T14:00:01.523759+00:00,2026-04-25T14:09:29.161509+00:00,momentum,"Bitcoin Up or Down - April 25, 10:00AM-10:05AM ET",DOWN,Down,2.0,0.55,,WIN,YES,1.6363636363636362,Down,0x209be9238faec4db07ba1572ca8d474c36890eced07047143fabf040b4a3b299,10862203274068839539839165670791817635371917879366601633470452606576103237655
2026-04-25T14:00:04.667937+00:00,2026-04-25T14:09:29.194619+00:00,momentum,"Ethereum Up or Down - April 25, 10:00AM-10:05AM ET",UP,Up,2.0,0.59,,LOSS,NO,-2.0,Down,0xd4ae58e39fa1eb81305d43618adce51a44bdbc45b24abb43af9ab578dd9bf625,20079707706539918113823351602558169302921321038301487762644824913163776609622
2026-04-25T14:05:00.854332+00:00,2026-04-25T14:15:32.694557+00:00,momentum,"Solana Up or Down - April 25, 10:05AM-10:10AM ET",DOWN,Down,2.0,0.51,,LOSS,NO,-2.0,Up,0x468e835e37d78737edfcde95532884989c7e36dfb827d8ed112d5244e74b6162,55712016082635766560186055087307144938447086713728447120567419116586992036761
2026-04-25T14:05:03.033901+00:00,2026-04-25T14:15:32.727575+00:00,momentum,"Ethereum Up or Down - April 25, 10:05AM-10:10AM ET",DOWN,Down,4.0,0.55,,LOSS,NO,-4.0,Up,0x7fc91584d5ad5a7c1b2d5ecf7ea1fbb05bdccb374d75bf26c7c7f57cbb021f7c,77814949229384317417225861683533382011910041700010933108594869948697512367432
2026-04-25T14:05:03.052190+00:00,2026-04-25T14:15:32.765019+00:00,momentum,"Bitcoin Up or Down - April 25, 10:05AM-10:10AM ET",DOWN,Down,2.0,0.55,,LOSS,NO,-2.0,Up,0x31821e466586fc59765b6a35fd17d103ee14d4b182f1007027fac8fc30a9c391,78921680513708922846919998156982520753001870711387248149065269308994623116235
2026-04-25T14:05:09.297019+00:00,2026-04-25T14:15:32.908697+00:00,momentum,"XRP Up or Down - April 25, 10:05AM-10:10AM ET",UP,Up,2.0,0.53,,WIN,YES,1.773584905660377,Up,0xa3ec4bb1c09951a07601fd623ca5b9d2f2efbb79afba3466ad248a0509986a1b,91436787792490220277091031816464416163163864556917414354925503197932450941358
2026-04-25T14:10:01.892344+00:00,2026-04-25T14:20:35.949041+00:00,momentum,"XRP Up or Down - April 25, 10:10AM-10:15AM ET",UP,Up,2.0,0.99,,WIN,YES,0.020202020202020332,Up,0x1634faa387492f064e11ebbf0368d51f14ab89a374091ecc94a4150410fe644f,70674467568946930224202343097212559705949929508359608769115659890282949814357
2026-04-25T14:10:02.135530+00:00,2026-04-25T14:20:36.004153+00:00,momentum,"Solana Up or Down - April 25, 10:10AM-10:15AM ET",UP,Up,2.0,0.99,,LOSS,NO,-2.0,Down,0x298865982b21958da0270417f04f532bd3295358c0ece8e75b9e8574c2b3864c,81164916052543393458705189270401338452515977583901060572248968823108717976172
2026-04-25T14:10:01.865449+00:00,2026-04-25T14:21:35.979775+00:00,momentum,"Bitcoin Up or Down - April 25, 10:10AM-10:15AM ET",UP,Up,4.0,0.99,,WIN,YES,0.040404040404040664,Up,0x1afd117c23f67fcdb555c6470ad515eca0c32d3354763a187082ee47fe147c8d,56791861097292555361102838113498894720761945719016254005009543610787160955011
2026-04-25T14:10:02.241070+00:00,2026-04-25T14:21:36.133866+00:00,momentum,"Ethereum Up or Down - April 25, 10:10AM-10:15AM ET",UP,Up,4.0,0.99,,WIN,YES,0.040404040404040664,Up,0xbefd6237fef9d3d18ceee4920485ae16f0f9e58c200fa45c01df56f3860c7086,12038861208741075760144673697152955600267581465079082257375018624666742636187
2026-04-25T14:15:02.890443+00:00,2026-04-25T14:24:37.594723+00:00,momentum,"Ethereum Up or Down - April 25, 10:15AM-10:20AM ET",UP,Up,8.0,0.53,,LOSS,NO,-8.0,Down,0x73e9add3c7aac55f3f1a57cffc0dea8098a8eaa545dd09208ace1b3ac2c94e98,88962161973447690878548137030570403805790785696760378590816065144441718698873
2026-04-25T14:15:02.912359+00:00,2026-04-25T14:24:37.629764+00:00,momentum,"Solana Up or Down - April 25, 10:15AM-10:20AM ET",UP,Up,4.0,0.51,,LOSS,NO,-4.0,Down,0x9f9950b07b4def0790ebd0e72c00ca7d35ba10d0dacb40e1fefa4eddc653daa7,37693740428807311809356012557010946016030726764123649480389405169946127824997
2026-04-25T14:15:02.934874+00:00,2026-04-25T14:24:37.757892+00:00,momentum,"Bitcoin Up or Down - April 25, 10:15AM-10:20AM ET",UP,Up,2.0,0.51,,LOSS,NO,-2.0,Down,0x5eb7836f3005bbcb18007ea25a8666d3a8abc7ba43076c49728286d519a6e01f,100728428556949778612096476529597194734488875487104370082771386484212981312232
2026-04-25T14:15:32.619232+00:00,2026-04-25T14:24:37.795319+00:00,momentum,"XRP Up or Down - April 25, 10:15AM-10:20AM ET",UP,Up,2.0,0.51,,LOSS,NO,-2.0,Down,0x0adc30f7b3da3a8ba1464e811b1282e791517c18ded66c25e155b1276485c3d0,27201565423294907596893462518014354364451798159228893232237389842209517682793
2026-04-25T14:20:00.496795+00:00,2026-04-25T14:29:40.531958+00:00,momentum,"Ethereum Up or Down - April 25, 10:20AM-10:25AM ET",DOWN,Down,16.0,0.515,,WIN,YES,15.067961165048544,Down,0xd24db12153bbf1c9ba69698b15616a004ca95d0408ca759f749235425646f1ff,50938258387449423491262411755709131013755946508363052328351584104556655707885
2026-04-25T14:20:01.664638+00:00,2026-04-25T14:29:40.928229+00:00,momentum,"Solana Up or Down - April 25, 10:20AM-10:25AM ET",UP,Up,8.0,0.52,,WIN,YES,7.384615384615383,Up,0x2caa5d1a04fd838254f70eee6217abb797054c064c2620c2a45018cc1d30cd44,6853633968011893696752872727631585872935109240576095463495236899616912080659
2026-04-25T14:20:00.521642+00:00,2026-04-25T14:30:41.405403+00:00,momentum,"XRP Up or Down - April 25, 10:20AM-10:25AM ET",UP,Up,4.0,0.515,,WIN,YES,3.766990291262136,Up,0x904e0247e7afb64d5fe86eb6cb4a3e10f6d3e2199043095f5ca00bb7b6726a81,21348711604115901367930422598114636758339322724981639888815778264812380540808
2026-04-25T14:20:01.640016+00:00,2026-04-25T14:31:41.614179+00:00,momentum,"Bitcoin Up or Down - April 25, 10:20AM-10:25AM ET",DOWN,Down,4.0,0.52,,LOSS,NO,-4.0,Up,0x669cc3d35c8d7a58c780198e0beefba8e2628e0c4d7afe957a46d5f6107d3cc4,40947418842106358037595319314223697476646018865129261042128980955171148273528
2026-04-25T14:25:05.324528+00:00,2026-04-25T14:35:44.192263+00:00,momentum,"Bitcoin Up or Down - April 25, 10:25AM-10:30AM ET",UP,Up,8.0,0.65,,WIN,YES,4.307692307692307,Up,0xb9a871f38ae3e7118076469c6a5669fb51786a35c87bcc3318f995894ecc85a0,90075831492115446401097254599777073657201929613916256493527040496883327388641
2026-04-25T14:25:00.949479+00:00,2026-04-25T14:36:44.272148+00:00,momentum,"XRP Up or Down - April 25, 10:25AM-10:30AM ET",UP,Up,2.0,0.515,,WIN,YES,1.883495145631068,Up,0xa84a74eda361fce8e92dfad09029c682f043f823674d20d2a90c3d5b57c7b832,2005212907474628327828032283378580587512600452627264037878194063836489857053
2026-04-25T14:25:02.125997+00:00,2026-04-25T14:36:44.430749+00:00,momentum,"Ethereum Up or Down - April 25, 10:25AM-10:30AM ET",UP,Up,2.0,0.53,,WIN,YES,1.773584905660377,Up,0x4efb189c6c4f721ff732955a5df56f2a50766e1a76283591c2301c5dbe9e880d,31405244416749233882082311124927857084566007973407883526242397887653875109290
2026-04-25T14:25:05.294546+00:00,2026-04-25T14:36:44.599731+00:00,momentum,"Solana Up or Down - April 25, 10:25AM-10:30AM ET",UP,Up,2.0,0.54,,WIN,YES,1.7037037037037033,Up,0xfd87b9718180ee5b1bea84771ace05ba0b02fff44db80f30f7816e6ff3e37341,77387950408993335940569177340347922963732901245287242223735140996646638511125
2026-04-25T14:30:00.717342+00:00,2026-04-25T14:38:45.605766+00:00,momentum,"Solana Up or Down - April 25, 10:30AM-10:35AM ET",DOWN,Down,2.0,0.53,,LOSS,NO,-2.0,Up,0x3d58aac4d739a9708cfc9ca4a321ed8d44090fa63a6345c223395cc0c0e15c7a,61188092442889031077127373446643718484044078713693377115291537219067894168058
2026-04-25T14:30:01.859613+00:00,2026-04-25T14:38:45.869719+00:00,momentum,"Ethereum Up or Down - April 25, 10:30AM-10:35AM ET",DOWN,Down,2.0,0.54,,WIN,YES,1.7037037037037033,Down,0xbcadad564c13c230810370eaefe846da9c6348d97ae67a69b4cb514e06fc98ee,87583070573643518874558558038275345826490991321670313000173337808169354407197
2026-04-25T14:30:01.829252+00:00,2026-04-25T14:39:46.032760+00:00,momentum,"Bitcoin Up or Down - April 25, 10:30AM-10:35AM ET",DOWN,Down,2.0,0.57,,WIN,YES,1.5087719298245617,Down,0x303e143bd4ca96ed989cab086c9eb47aad079cccc85791e352ed89e706ce6f7b,16459256558403369836585353053390547565755631407381430797634592403629666355444
2026-04-25T14:30:14.390661+00:00,2026-04-25T14:39:46.206536+00:00,momentum,"XRP Up or Down - April 25, 10:30AM-10:35AM ET",UP,Up,2.0,0.52,,WIN,YES,1.8461538461538458,Up,0xe2a421b567c47a700496c5c1f5b3d297d9feabda23ab5b727b36476cf12f912a,42772227555763968513465047557625418274872420164174660282971803715569780199558
2026-04-25T14:35:02.599869+00:00,2026-04-25T14:44:50.436018+00:00,momentum,"Bitcoin Up or Down - April 25, 10:35AM-10:40AM ET",DOWN,Down,2.0,0.53,,LOSS,NO,-2.0,Up,0xeb2cf5113a9f7820430503588d59ece19026d13ad11e2adc6fae8fbef1826796,4741802403700748763321536688558154504377400415049793496376915549263603950532
2026-04-25T14:35:00.485973+00:00,2026-04-25T14:45:51.268418+00:00,momentum,"XRP Up or Down - April 25, 10:35AM-10:40AM ET",UP,Up,2.0,0.51,,WIN,YES,1.9215686274509802,Up,0x0394feb371330f087380d975e6846e6e549aecd6534240d4f5e3f8f7a06001c8,40048726022921476087731838790311983842535616955609663848040690530234027956220
2026-04-25T14:35:05.694272+00:00,2026-04-25T14:45:51.611922+00:00,momentum,"Ethereum Up or Down - April 25, 10:35AM-10:40AM ET",UP,Up,2.0,0.51,,WIN,YES,1.9215686274509802,Up,0x1fa77b0ff0fbe2fc9903547043136e5f0ec644c98763ef74601cd19d19f07dce,90412429750920928062462495237064272833099788234510072885792680424350338385524
2026-04-25T14:35:00.507338+00:00,2026-04-25T14:46:51.302070+00:00,momentum,"Solana Up or Down - April 25, 10:35AM-10:40AM ET",DOWN,Down,2.0,0.51,,LOSS,NO,-2.0,Up,0x990b5f92436e186d105940f068c7e801af5d94c74b9ef04ce02b258e89a9572d,15331710509842281640717905037694329481676422981971718855193779160298567160529
2026-04-25T14:40:00.178736+00:00,2026-04-25T14:50:53.404901+00:00,momentum,"Bitcoin Up or Down - April 25, 10:40AM-10:45AM ET",DOWN,Down,4.0,0.51,,WIN,YES,3.8431372549019605,Down,0x2e61e6ba28cb799f098251491cbe64f949e4749ec39d4c74d03915ece7555af7,21026125273445153848336904142847062500246254416872198270552197705112821531224
2026-04-25T14:40:06.616623+00:00,2026-04-25T14:50:53.813226+00:00,momentum,"XRP Up or Down - April 25, 10:40AM-10:45AM ET",DOWN,Down,2.0,0.51,,WIN,YES,1.9215686274509802,Down,0xa97074a2327af7f67fcc3a2251d3b2d057bbb730cbe2d1a094a1c3744b7b489c,61545284992183088891794011032297300325358196972188095049397781055546029313603
2026-04-25T14:40:00.212540+00:00,2026-04-25T14:51:53.565875+00:00,momentum,"Solana Up or Down - April 25, 10:40AM-10:45AM ET",DOWN,Down,4.0,0.51,,WIN,YES,3.8431372549019605,Down,0xc0718bb9b4130f9e7d987ea53651630ffdd2272eb4dc0d6429224dcf86829515,89581304382258704542702172785731624518284507067467897029287164275997036623912
2026-04-25T14:40:00.241134+00:00,2026-04-25T14:51:53.712236+00:00,momentum,"Ethereum Up or Down - April 25, 10:40AM-10:45AM ET",DOWN,Down,2.0,0.51,,WIN,YES,1.9215686274509802,Down,0x33c3aba7aadc3955a2fd9d197c5d79225de98ddbd9ce55543a522e4d101e88b2,100220690602364770388905265528394282741482225298601472721248225682422889440719
2026-04-25T14:45:00.305118+00:00,2026-04-25T14:53:55.376793+00:00,momentum,"Solana Up or Down - April 25, 10:45AM-10:50AM ET",DOWN,Down,2.0,0.515,,LOSS,NO,-2.0,Up,0x6c9d5c4a79426c85f6e0229fb7906d229be3a4f8596d5f7c8cd2904ce90432c8,61485040634880235210323486247443388078945217528522386306153380598413309792238
2026-04-25T14:45:02.852135+00:00,2026-04-25T14:53:55.407990+00:00,momentum,"Bitcoin Up or Down - April 25, 10:45AM-10:50AM ET",DOWN,Down,2.0,0.52,,LOSS,NO,-2.0,Up,0xaa234e05706f12fe3d30d3ce81666e3d6d77e0d750e3be716b08ede2c38d618c,97784895735247647871778671627774931835546597005804458136772132502176410904593
2026-04-25T14:45:06.145252+00:00,2026-04-25T14:53:55.440225+00:00,momentum,"XRP Up or Down - April 25, 10:45AM-10:50AM ET",DOWN,Down,2.0,0.51,,LOSS,NO,-2.0,Up,0x02d00565e360f15aa3bccdf85b3155ebbe801b4a3c39fc2febd46fcfdb6f771f,33927483751561775340720035009914280177087438776445704786617182805312335998638
2026-04-25T14:45:00.122297+00:00,2026-04-25T14:54:56.154864+00:00,momentum,"Ethereum Up or Down - April 25, 10:45AM-10:50AM ET",UP,Up,2.0,0.515,,WIN,YES,1.883495145631068,Up,0x96d2ff667ecb47a76359a70c35522cab85d3de133aed916fdee03a9670e59b32,85087798164077791195020479601462703258119343743860215302679994670790871912667
2026-04-25T14:50:01.157026+00:00,2026-04-25T14:59:59.600422+00:00,momentum,"Bitcoin Up or Down - April 25, 10:50AM-10:55AM ET",DOWN,Down,2.0,0.56,,WIN,YES,1.5714285714285712,Down,0xe4b4f441198867dce8e9f802e7dc4b63447dd4818f458595974038dadc404274,43091762467187833045697281257033072279615757872376421840150108539481802797392
2026-04-25T14:50:01.185210+00:00,2026-04-25T14:59:59.725694+00:00,momentum,"Solana Up or Down - April 25, 10:50AM-10:55AM ET",DOWN,Down,4.0,0.51,,WIN,YES,3.8431372549019605,Down,0x7734b4203687cbf845ca192632227aac57dd2d2548c2b89ee13dc29bb3692a83,4730397457923191355588329982095293302174190474543575382928186983220550992966
2026-04-25T14:50:07.545067+00:00,2026-04-25T14:59:59.851924+00:00,momentum,"XRP Up or Down - April 25, 10:50AM-10:55AM ET",DOWN,Down,4.0,0.52,,WIN,YES,3.6923076923076916,Down,0x8bbba055743d85b30c5ad6b490dabd97f86aacdd9ac5b240fc6744db3aa8aeeb,41718459976069187113452226980090981403938879765853230619341972657508235330778
2026-04-25T14:50:08.572974+00:00,2026-04-25T15:01:00.265589+00:00,momentum,"Ethereum Up or Down - April 25, 10:50AM-10:55AM ET",UP,Up,4.0,0.51,,LOSS,NO,-4.0,Down,0xff0cc662d68678ec00d3ef331ad003bff16e1ef24db98256c345689c1662091c,82761898223433899836022393770979957912534938613129378313103797935824969940293
2026-04-25T14:55:01.783331+00:00,2026-04-25T15:06:03.318929+00:00,momentum,"XRP Up or Down - April 25, 10:55AM-11:00AM ET",DOWN,Down,2.0,0.51,,WIN,YES,1.9215686274509802,Down,0xe87624beb9637e1f1266c458d2d00930d3ca0faeba5753ed2a14fb0d3bb3b00a,66158893684581810398693071024164111768927658845615803196648383542552251918600
2026-04-25T14:55:20.303614+00:00,2026-04-25T15:06:03.589201+00:00,momentum,"Bitcoin Up or Down - April 25, 10:55AM-11:00AM ET",DOWN,Down,2.0,0.52,,WIN,YES,1.8461538461538458,Down,0xe36e96b2050facfffca95a1cf58d2fef0e7f9df6c2096ab33e6c828e56cefde3,58533991909668609908208976273562536112209900384072352543603171814202454888969
2026-04-25T14:55:01.738641+00:00,2026-04-25T15:07:03.479115+00:00,momentum,"Solana Up or Down - April 25, 10:55AM-11:00AM ET",UP,Up,2.0,0.56,,LOSS,NO,-2.0,Down,0xa538418abaac265d8cef2d422654b5f54554f4b254a6c7f37c07b5896d92381f,68541242830713894272516048280671650125729361909615460844949620810731414133451
2026-04-25T14:55:01.816150+00:00,2026-04-25T15:07:03.627289+00:00,momentum,"Ethereum Up or Down - April 25, 10:55AM-11:00AM ET",DOWN,Down,8.0,0.52,,WIN,YES,7.384615384615383,Down,0xce97ac28405b23e1bf8c179df48b4791183b338e95fe236568190f6a9f3f59d3,54595305285520492397255594679570213201258076563395474116406999239440281547904
2026-04-25T15:00:01.753310+00:00,2026-04-25T15:09:05.513767+00:00,momentum,"Solana Up or Down - April 25, 11:00AM-11:05AM ET",DOWN,Down,4.0,0.515,,LOSS,NO,-4.0,Up,0x0deb0318f640f5d4da1733076f30df29d4024b1a5afde11d8b2fbcf41002f855,25397983386409435773985000932786835729345268946537988662075716784317609063997
2026-04-25T15:00:02.855757+00:00,2026-04-25T15:09:05.686758+00:00,momentum,"Bitcoin Up or Down - April 25, 11:00AM-11:05AM ET",UP,Up,2.0,0.55,,WIN,YES,1.6363636363636362,Up,0x208a67fe64dcb1384973061d41833d2f1b40e1ac7f0421d42c1a16696c9f1d20,70822687434986287339987377506381621236054051643832254772008102225227218562920
2026-04-25T15:00:02.883885+00:00,2026-04-25T15:09:05.733447+00:00,momentum,"Ethereum Up or Down - April 25, 11:00AM-11:05AM ET",UP,Up,2.0,0.51,,LOSS,NO,-2.0,Down,0x97116172af6dc4f8631cfe6243c617f726aebb42ad9cfbede7719596bbb6d14b,59760777066362079016291832309675948415457778510024241058113576767647628004240
2026-04-25T15:00:05.987910+00:00,2026-04-25T15:09:05.892312+00:00,momentum,"XRP Up or Down - April 25, 11:00AM-11:05AM ET",DOWN,Down,2.0,0.6,,WIN,YES,1.3333333333333335,Down,0x4e2f56e4e3402b6f894eac7ca672bb576278faf1a3779adcd9bf0eda2af15c62,112853638423325730829109763125654834680402555926851685729856985402441449543821
2026-04-25T15:05:02.658600+00:00,2026-04-25T15:15:08.696247+00:00,momentum,"Ethereum Up or Down - April 25, 11:05AM-11:10AM ET",UP,Up,4.0,0.52,,WIN,YES,3.6923076923076916,Up,0xe3279c4640ad365c54304686a66b2a131a8a1fa7c806e3b86eb28fc39d9e48d9,55473105110097422563037651173488107640715401915421417009380341648492147243642
2026-04-25T15:05:02.718391+00:00,2026-04-25T15:15:09.010105+00:00,momentum,"Solana Up or Down - April 25, 11:05AM-11:10AM ET",UP,Up,2.0,0.52,,WIN,YES,1.8461538461538458,Up,0x66d8d0eaca0f384a3ae095baff8bf006dfade370e95259c423ce4e8d02983283,107827602830889689029143507527999410055094736232525888146848173249793611239536
2026-04-25T15:05:02.684755+00:00,2026-04-25T15:16:09.150872+00:00,momentum,"XRP Up or Down - April 25, 11:05AM-11:10AM ET",UP,Up,2.0,0.51,,WIN,YES,1.9215686274509802,Up,0x859306e002ee2b782ec4ed5318999b6030525a7214e93880b607c69ef0ae9d49,62741897512215763770669826795596733009070877664353522859081749390734326116496
2026-04-25T15:05:02.749749+00:00,2026-04-25T15:16:09.186313+00:00,momentum,"Bitcoin Up or Down - April 25, 11:05AM-11:10AM ET",UP,Up,4.0,0.53,,LOSS,NO,-4.0,Down,0xcad7c5dde12f2d8dce6902f60c1affca10ab02ed025b9d013fc1f971c30c931c,84273671454736502975473974203771111265266463858983481239489257198570900194146
2026-04-25T15:10:00.721486+00:00,2026-04-25T15:21:11.235957+00:00,momentum,"Bitcoin Up or Down - April 25, 11:10AM-11:15AM ET",UP,Up,8.0,0.515,,WIN,YES,7.533980582524272,Up,0xa8d217439c112423fe8028092ac1783501a0282fc5e2c2fbadf058fa0f34551d,83985055537793002162167353116148803294963166460634081715156549261634768942626
2026-04-25T15:10:00.748275+00:00,2026-04-25T15:21:11.389790+00:00,momentum,"Ethereum Up or Down - April 25, 11:10AM-11:15AM ET",UP,Up,2.0,0.515,,WIN,YES,1.883495145631068,Up,0xbb524ab0f0e7716acbd56259d147a4f04680262c096f2aa1eff633f586f8d060,14298390083792574843499491159168676399716879619517508766309559026941449592375
2026-04-25T15:10:00.772308+00:00,2026-04-25T15:21:11.539376+00:00,momentum,"XRP Up or Down - April 25, 11:10AM-11:15AM ET",UP,Up,2.0,0.515,,WIN,YES,1.883495145631068,Up,0x7b4018992b72346f04bed213ec11459ad4e22038db590f224917e98090d1af0f,80565249580014058211659046497807938517764968423702220852952384930234880174098
2026-04-25T15:10:00.794495+00:00,2026-04-25T15:22:11.493121+00:00,momentum,"Solana Up or Down - April 25, 11:10AM-11:15AM ET",UP,Up,2.0,0.515,,WIN,YES,1.883495145631068,Up,0x9cd0dc22402321b59ee49af682952e6297b293cc75574fdf212fabfc46e3ac1d,8089918287141423279573919811968208080589840322768361257118146139009370423175
2026-04-25T15:15:17.128509+00:00,2026-04-25T15:23:12.600320+00:00,momentum,"Bitcoin Up or Down - April 25, 11:15AM-11:20AM ET",UP,Up,2.0,0.51,,WIN,YES,1.9215686274509802,Up,0x1b02d65248fccc07e0884e1a4e0472219da27eb8a102ea3c0495274cba820d58,22624764792134878268269875878318679937679017308830134594029526139288474297778
2026-04-25T15:15:00.542618+00:00,2026-04-25T15:24:12.965495+00:00,momentum,"Solana Up or Down - April 25, 11:15AM-11:20AM ET",UP,Up,2.0,0.51,,LOSS,NO,-2.0,Down,0x95d8ef7828ff3403afc81babab4aeef71486d2e2f9389b6f3fbd91bbe52c3c96,69896369007745253653800356410261327987043523404238193180742963377939330257191
2026-04-25T15:15:00.575535+00:00,2026-04-25T15:25:13.688261+00:00,momentum,"Ethereum Up or Down - April 25, 11:15AM-11:20AM ET",UP,Up,2.0,0.56,,WIN,YES,1.5714285714285712,Up,0xe7bf94c805ec1978eea8b1dac9236f444200f30b68f37b3efe428b1a946957cb,18882068398066878250105534210667254607467392803379498304416300008172030152359
2026-04-25T15:16:30.581584+00:00,2026-04-25T15:25:13.802095+00:00,momentum,"XRP Up or Down - April 25, 11:15AM-11:20AM ET",UP,Up,2.0,0.53,,LOSS,NO,-2.0,Down,0x91cf9073ab9a247cd79d732a5fa002282cbf71257b245df345db2eb2e5fcad56,110444019288135269488319995346981962373133110600067788764168846618278177501078
2026-04-25T15:20:00.570803+00:00,2026-04-25T15:30:14.795604+00:00,momentum,"Solana Up or Down - April 25, 11:20AM-11:25AM ET",UP,Up,4.0,0.515,,WIN,YES,3.766990291262136,Up,0x5dc03a7090ee2badb13fc65d082e9a28f3c460788c5696683b58f9d17d28e293,67482957721952015168636980455291157362592113188320267078649809775738032975106
2026-04-25T15:20:10.422749+00:00,2026-04-25T15:30:14.973672+00:00,momentum,"Bitcoin Up or Down - April 25, 11:20AM-11:25AM ET",DOWN,Down,2.0,0.51,,LOSS,NO,-2.0,Up,0x34f6b666bc16c9b7d82ffe0062615152e79f6cc459addce274a096bf4f1e3491,6267677169899791261487214276470719089341656830970639801592295117618261974344
2026-04-25T15:20:10.451947+00:00,2026-04-25T15:30:15.116756+00:00,momentum,"XRP Up or Down - April 25, 11:20AM-11:25AM ET",UP,Up,4.0,0.51,,WIN,YES,3.8431372549019605,Up,0xfdbfefecdaef0a4ddc9f264b7502fe74c4e1c6e6ea3fe388d7b8f2374d30245b,56263252948818240046310456107244519045061220426578074576158181042043438408910
2026-04-25T15:20:02.702049+00:00,2026-04-25T15:31:15.376148+00:00,momentum,"Ethereum Up or Down - April 25, 11:20AM-11:25AM ET",UP,Up,2.0,0.52,,WIN,YES,1.8461538461538458,Up,0xd75dca337a129aa3d80eaffd5973c904f7c2d914643bb400f47f94c180c7460e,6270990270568820502457260395320338402071762253245175141740616099125648898517
2026-04-25T15:25:00.351859+00:00,2026-04-25T15:36:17.707452+00:00,momentum,"Bitcoin Up or Down - April 25, 11:25AM-11:30AM ET",DOWN,Down,4.0,0.51,,WIN,YES,3.8431372549019605,Down,0x0c9f73f4191c2fba2a4e15bd8b088d97c49d59718fa6e3a1b22cbd47e736b95f,19716567594614157350357111956174944477523558216076064955116592651870596446314
2026-04-25T15:25:09.698443+00:00,2026-04-25T15:36:18.068639+00:00,momentum,"XRP Up or Down - April 25, 11:25AM-11:30AM ET",UP,Up,2.0,0.65,,WIN,YES,1.0769230769230766,Up,0xe99ea83e5eeacee436f6629c00860e8cf508d7325c67848f4d3e1cb09d5313b9,50953705897589811178443110227825286278749536145804727033433392452996315566978
2026-04-25T15:25:03.518107+00:00,2026-04-25T15:37:18.051453+00:00,momentum,"Solana Up or Down - April 25, 11:25AM-11:30AM ET",DOWN,Down,2.0,0.52,,LOSS,NO,-2.0,Up,0x1a57a528125c23b4a463a2aea2829ffcc91164f4b1b843cddf41f438dadcb474,111075199202007628043501524686164248150024638164453220733407905122207267541476
2026-04-25T15:25:06.609657+00:00,2026-04-25T15:37:18.102937+00:00,momentum,"Ethereum Up or Down - April 25, 11:25AM-11:30AM ET",DOWN,Down,2.0,0.52,,LOSS,NO,-2.0,Up,0xe52464ab1b460bcc96214c8e854e3421a0d262fa8cfaf87f416342f49cd35781,19195619581189079457580487198657427956107538875939198107153791340767213674552
2026-04-25T15:30:05.741309+00:00,2026-04-25T15:38:18.949552+00:00,momentum,"Solana Up or Down - April 25, 11:30AM-11:35AM ET",UP,Up,4.0,0.58,,LOSS,NO,-4.0,Down,0xfa7bed20d65a165065351c1e899eeb9372cc69151534dc7ee951e0be9f4e0c19,80506287564512060536176733635967450332561737645855408274035267492650221388034
2026-04-25T15:30:01.875190+00:00,2026-04-25T15:39:19.097643+00:00,momentum,"Bitcoin Up or Down - April 25, 11:30AM-11:35AM ET",DOWN,Down,2.0,0.51,,LOSS,NO,-2.0,Up,0xa8b8e030e9e552e1dd5ddc2c3b80ca137626ff76026d54402e8cf79c77ab3334,18699491386551576599896035098237611132254654077113083543752010212106819171613
2026-04-25T15:30:05.790896+00:00,2026-04-25T15:39:19.332580+00:00,momentum,"XRP Up or Down - April 25, 11:30AM-11:35AM ET",UP,Up,2.0,0.56,,LOSS,NO,-2.0,Down,0x9d1c81ed025971cceaa10f7dd175dc2222e137456eb051e8472b945fcddf23dd,24084067464756693606110231693992766771722994434242500909834337134757400382466
2026-04-25T15:30:05.767998+00:00,2026-04-25T15:40:20.281914+00:00,momentum,"Ethereum Up or Down - April 25, 11:30AM-11:35AM ET",UP,Up,4.0,0.59,,WIN,YES,2.779661016949153,Up,0x45bcd12b88d32532ed6dc41eff61c58138af6e5de4b9e829b5eca9764a97b747,96956421164812502897025289417442727373002955044621094822716968377529285471138
2026-04-25T15:35:01.537499+00:00,2026-04-25T15:44:22.091256+00:00,momentum,"Bitcoin Up or Down - April 25, 11:35AM-11:40AM ET",UP,Up,4.0,0.54,,LOSS,NO,-4.0,Down,0x3f1c5237ec11a0168d459e595d8ea46b7729f7d82da5785bf575e36097505be2,110603190602259063420556221090912757385059097578908323576091442185866649224643
2026-04-25T15:35:01.566552+00:00,2026-04-25T15:44:22.253499+00:00,momentum,"Ethereum Up or Down - April 25, 11:35AM-11:40AM ET",DOWN,Down,2.0,0.56,,WIN,YES,1.5714285714285712,Down,0xf074c8c1f8bd89889e729bda851063c54af415ff747ccc8939f908339223f68e,64617746980380057003721245795330151247303727728874630822773127590917232128935
2026-04-25T15:35:01.591725+00:00,2026-04-25T15:44:22.289253+00:00,momentum,"Solana Up or Down - April 25, 11:35AM-11:40AM ET",UP,Up,8.0,0.57,,LOSS,NO,-8.0,Down,0xc052634aa594d85c0a9223b03c38c00c1605f1ff4d87c3c888a7fe3ef47c6c0d,34086520654437502393937931800571863359988370906955567002770949238954042430612
2026-04-25T15:36:04.661572+00:00,2026-04-25T15:46:22.793757+00:00,momentum,"XRP Up or Down - April 25, 11:35AM-11:40AM ET",UP,Up,4.0,0.51,,LOSS,NO,-4.0,Down,0xf683ffe43ebee8866250c9fd92e5ad5ccb673d279d6a236f9cf70d95b22b2422,51382902122519366068122015184408943048701718131831999246599610463497046411529
2026-04-25T15:40:00.758862+00:00,2026-04-25T15:50:24.543925+00:00,momentum,"Ethereum Up or Down - April 25, 11:40AM-11:45AM ET",DOWN,Down,2.0,0.525,,WIN,YES,1.8095238095238093,Down,0x4f04f54dd5ff7d528075ffcbaf0420b43b614c27c0315e975377343e3d26d101,71942840265540176558071299249647442007779975242006414821299098769657346101372
2026-04-25T15:40:01.985096+00:00,2026-04-25T15:51:24.709169+00:00,momentum,"XRP Up or Down - April 25, 11:40AM-11:45AM ET",DOWN,Down,4.0,0.51,,LOSS,NO,-4.0,Up,0xd81af6b518149ded1059c0bd10da02ce193fa25b9cd7b2cc48b75c70d411ab49,82313794312891355585759915967429386024145183798185226372495194597306153151214
2026-04-25T15:40:02.009205+00:00,2026-04-25T15:51:24.749227+00:00,momentum,"Bitcoin Up or Down - April 25, 11:40AM-11:45AM ET",UP,Up,4.0,0.52,,LOSS,NO,-4.0,Down,0xd108f7b6b335299e01d72b48c53925e9aeedb3f6019a0789276781102024b846,7890268855315821505409864734082861703447746371173194005310997343767918141202
2026-04-25T15:40:05.277927+00:00,2026-04-25T15:52:25.014408+00:00,momentum,"Solana Up or Down - April 25, 11:40AM-11:45AM ET",DOWN,Down,8.0,0.51,,WIN,YES,7.686274509803921,Down,0xf25a243097e0aaf8e690cfb4efc87990998c71406d2e11a8941fc252f4152c88,9664765757249845594426182192479550963842485639083334143409404316541900679993
2026-04-25T15:45:00.242418+00:00,2026-04-25T15:56:27.724823+00:00,momentum,"Ethereum Up or Down - April 25, 11:45AM-11:50AM ET",UP,Up,2.0,0.51,,LOSS,NO,-2.0,Down,0xee43524d8d0aaa6330e48824b817e3e13b4fbc6f5c7b4c8ad04bb41b4c567a57,11317828444798698501889677134523986300789967180156951248509038164363598740215
2026-04-25T15:45:00.276597+00:00,2026-04-25T15:57:28.295157+00:00,momentum,"Bitcoin Up or Down - April 25, 11:45AM-11:50AM ET",DOWN,Down,8.0,0.53,,WIN,YES,7.094339622641508,Down,0xc8a325c75eefd8c3b642b3ffa3f513e75bf155b974606dc6ac4bf72f245aeb0c,49516859887048393800630031387711718897256464354259989970669142793292805779361
2026-04-25T15:45:00.309597+00:00,2026-04-25T15:57:28.502079+00:00,momentum,"XRP Up or Down - April 25, 11:45AM-11:50AM ET",DOWN,Down,8.0,0.51,,WIN,YES,7.686274509803921,Down,0xe09b65e5c0168b82d669774bd21d4e933ce8aaa22f4aa8cfc0b1a932925e3bd0,50177282663472850204238475115214872897749629474922513832505751757998352937619
2026-04-25T15:45:03.888301+00:00,2026-04-25T15:57:28.659574+00:00,momentum,"Solana Up or Down - April 25, 11:45AM-11:50AM ET",DOWN,Down,2.0,0.54,,WIN,YES,1.7037037037037033,Down,0xa8b303b91bcadd9370ba7f384194cdeed6208e4f5c63cb39cb45b7af30194321,81422064617791702115815875117604065230594001721170254138246461131587650720679
2026-04-25T15:50:03.858387+00:00,2026-04-25T15:59:29.657347+00:00,momentum,"Solana Up or Down - April 25, 11:50AM-11:55AM ET",UP,Up,2.0,0.51,,LOSS,NO,-2.0,Down,0x9c2312ea33abe13b310517a2cc06552b830272b3981679498ab40a261ce6cf80,60670000229176791054345624196522093745906383597741221312647504015814297344293
2026-04-25T15:50:00.682751+00:00,2026-04-25T16:00:29.414213+00:00,momentum,"Bitcoin Up or Down - April 25, 11:50AM-11:55AM ET",UP,Up,2.0,0.54,,LOSS,NO,-2.0,Down,0xf5dae3883eef512597fb485e0d9b6b28ed74e96fe81dba5d5f8afb8b50f1f4f3,2293454000901912506213036515466627946116358711815848067876741097603228411703
2026-04-25T15:50:00.710097+00:00,2026-04-25T16:00:29.451745+00:00,momentum,"Ethereum Up or Down - April 25, 11:50AM-11:55AM ET",UP,Up,2.0,0.58,,LOSS,NO,-2.0,Down,0xeb5e14aad932d9f006487e3f33dc33326767341859d911e479ea8b52804d78ab,32500911530242071342269443726411012581132091601291512336540367438792256737213
2026-04-25T15:50:03.882253+00:00,2026-04-25T16:00:29.671991+00:00,momentum,"XRP Up or Down - April 25, 11:50AM-11:55AM ET",DOWN,Down,2.0,0.65,,WIN,YES,1.0769230769230766,Down,0x4d9b492f32d9278e73c696cf8dcf1148233de940322589cf882a4b057a712849,102796632567867534958065078016650890693331734737221408244035827561038168242884
2026-04-25T15:55:00.451691+00:00,2026-04-25T16:05:31.976943+00:00,momentum,"Solana Up or Down - April 25, 11:55AM-12:00PM ET",UP,Up,4.0,0.53,,LOSS,NO,-4.0,Down,0x2f21e78d618e1c30ebf6f715c03f0cea77623ec2e898b4c97d60385d72d423dd,58560791103363267369363750152890150386411173490091255159624615071051428063985
