timestamp,closed_at,source,market,direction,outcome,amount,entry_price,sell_price,result,won,pnl,winning_outcome,condition_id,token_id
2026-04-26T04:25:22.166269+00:00,2026-04-26T04:35:28.202566+00:00,momentum,"Ethereum Up or Down - April 26, 12:25AM-12:30AM ET",DOWN,Down,2.0,0.63,,WIN,YES,1.1746031746031744,Down,0x6490aca41b8994864e1537c5bb2a13f03b349ac0a74e20fe399d7e7d71dc8209,84830766383390933430204320619184323717319149151936454379626310016050220228047
2026-04-26T04:25:22.228133+00:00,2026-04-26T04:35:28.411017+00:00,momentum,"Bitcoin Up or Down - April 26, 12:25AM-12:30AM ET",DOWN,Down,2.0,0.67,,WIN,YES,0.9850746268656714,Down,0xc4dac1169c087762e128656438407d5b0203ab27c809415bb0174e76cfb939e9,70575745501786940338073928559519882059552442156639137360775146251073412950972
2026-04-26T04:25:22.246073+00:00,2026-04-26T04:36:28.625985+00:00,momentum,"XRP Up or Down - April 26, 12:25AM-12:30AM ET",DOWN,Down,2.0,0.8,,WIN,YES,0.5,Down,0x212c069d0a3f60709d94dcf7098dc3f2c9e7cfbf7cc5d561ba315a12b4ea079c,43998497086980257538968409053662739995399801389210732113553866489616780660267
2026-04-26T04:25:22.286933+00:00,2026-04-26T04:36:28.806049+00:00,momentum,"Solana Up or Down - April 26, 12:25AM-12:30AM ET",DOWN,Down,2.0,0.66,,WIN,YES,1.0303030303030303,Down,0x14bcd1302e12aa1ad1a7d1b871eec34c260e41dfb1cdf8e7e5eb220641cbc272,37840799218242429930705564092976191928460039870444817156126046291947476303305
2026-04-26T04:30:00.838068+00:00,2026-04-26T04:41:30.636843+00:00,momentum,"Bitcoin Up or Down - April 26, 12:30AM-12:35AM ET",DOWN,Down,2.0,0.695,,WIN,YES,0.877697841726619,Down,0x7dd4bb0eb6530b8e72ef6a6f998d3db081ece85398cbbc7ce682bb9ad1b525fb,90527164551076929213323001108945562440608932247709397054877484346989295698995
2026-04-26T04:30:00.839221+00:00,2026-04-26T04:42:31.138477+00:00,momentum,"Ethereum Up or Down - April 26, 12:30AM-12:35AM ET",DOWN,Down,2.0,0.515,,LOSS,NO,-2.0,Up,0x07eb4358427eed31f776882bc8658c55048d890dff412ff6dc36c481ecece52f,95092931930097327898792296090196236067052961670880196092596900297707082092878
2026-04-26T04:30:02.911180+00:00,2026-04-26T04:42:31.181851+00:00,momentum,"Solana Up or Down - April 26, 12:30AM-12:35AM ET",DOWN,Down,2.0,0.51,,LOSS,NO,-2.0,Up,0x7e5d1afc08eca1ea228be6e6906bf0f403381d3530ac75cd0768f42dd7bddc7d,88218707440327219448685727568288535575522372381472657728705931141256926900795
2026-04-26T04:30:02.911811+00:00,2026-04-26T04:42:31.327734+00:00,momentum,"XRP Up or Down - April 26, 12:30AM-12:35AM ET",DOWN,Down,2.0,0.51,,WIN,YES,1.9215686274509802,Down,0x7f983ee7f30594618a77480060db48bbe413471e4984fb9ac008e7594d0c5403,96354655725480206733251978997387958730195515992621811012881556200456668050039
2026-04-26T04:35:00.737785+00:00,2026-04-26T04:44:32.447575+00:00,momentum,"Solana Up or Down - April 26, 12:35AM-12:40AM ET",DOWN,Down,2.0,0.515,,LOSS,NO,-2.0,Up,0x906c76ee17236c4325addac2aa53d8938afec7415cddbcb6577fac9a2366652f,52573497998305234440461755657838532583078306916724564927469126754144387993427
2026-04-26T04:35:01.934210+00:00,2026-04-26T04:44:32.597227+00:00,momentum,"Ethereum Up or Down - April 26, 12:35AM-12:40AM ET",DOWN,Down,2.0,0.51,,LOSS,NO,-2.0,Up,0x3b2c10aaa7a9c4b14321c5fb3f16659ed39e71ca48877f193e3b73cca9b35ccf,83809216292477781781344861940800669965108765862415562625221789708634187584965
2026-04-26T04:35:01.933448+00:00,2026-04-26T04:45:33.001686+00:00,momentum,"Bitcoin Up or Down - April 26, 12:35AM-12:40AM ET",DOWN,Down,2.0,0.53,,LOSS,NO,-2.0,Up,0x7c3bd7ddb361fa0dbef61c95cdedc2e36e3e4e4c80cd65a3eec65438ba1dde6e,23672991198815351878821543253267150934117776022116265589233175711133881126630
2026-04-26T04:35:20.745448+00:00,2026-04-26T04:46:33.484444+00:00,momentum,"XRP Up or Down - April 26, 12:35AM-12:40AM ET",UP,Up,2.0,0.51,,WIN,YES,1.9215686274509802,Up,0x24f85b4e709d3a068d6d91c6e78c0ca98a8527419dd636c5b955a291b86ad4f7,112428471016928011611774243232751908861136963642320267517771292536708184911329
2026-04-26T04:40:00.848848+00:00,2026-04-26T04:51:35.397081+00:00,momentum,"Solana Up or Down - April 26, 12:40AM-12:45AM ET",DOWN,Down,2.0,0.515,,LOSS,NO,-2.0,Up,0x94d147112a5a8bac81e8c44c87e8478c76a3802881b8b56a9d7c0c1f1393ca98,43383746188665595572290076394338801335735649262216293483479905005452116007484
2026-04-26T04:40:02.906618+00:00,2026-04-26T04:51:35.434398+00:00,momentum,"Bitcoin Up or Down - April 26, 12:40AM-12:45AM ET",DOWN,Down,4.0,0.51,,LOSS,NO,-4.0,Up,0x9c9c670052f14f92407e0bc0e004efac1fefe63d8f60fc8a02640f3db7990818,38412389975991341928933753280897563136447048284472168550550186764187718593896
2026-04-26T04:40:09.103351+00:00,2026-04-26T04:51:35.598056+00:00,momentum,"Ethereum Up or Down - April 26, 12:40AM-12:45AM ET",UP,Up,4.0,0.52,,WIN,YES,3.6923076923076916,Up,0xc7e528a7ce3a8d7d1f05b0d9672dae5b8f15bdc9d52bf4500416a7824344d291,81641381825095770783892691137528632225084526038675245371967966159741762265554
2026-04-26T04:40:18.326794+00:00,2026-04-26T04:51:35.753838+00:00,momentum,"XRP Up or Down - April 26, 12:40AM-12:45AM ET",UP,Up,2.0,0.57,,WIN,YES,1.5087719298245617,Up,0xa53a462961327fc5b3dbc09482ee1c0babcd7d457fe2fc358f71d1f450099743,102144380417527863715442193372255857555807849236226482795841439934117841570903
2026-04-26T04:45:04.288263+00:00,2026-04-26T04:53:37.029170+00:00,momentum,"XRP Up or Down - April 26, 12:45AM-12:50AM ET",UP,Up,2.0,0.53,,WIN,YES,1.773584905660377,Up,0x6709bcb042132ac8b3bdefaff9b2c21ad69406f3b82e3aa0e97d1ef7b2abfe86,22492081322767419164319326479147702981661743927931926513612062876795782261641
2026-04-26T04:45:01.215056+00:00,2026-04-26T04:54:36.636586+00:00,momentum,"Ethereum Up or Down - April 26, 12:45AM-12:50AM ET",DOWN,Down,2.0,0.54,,LOSS,NO,-2.0,Up,0x447d304ad631c90ec0cdfda886d2ba3d82d781fe9be856ac70e21078afb17e46,88775199522086332224188779171782140475147723853131606379972167706245050479784
2026-04-26T04:45:13.608678+00:00,2026-04-26T04:54:36.773136+00:00,momentum,"Bitcoin Up or Down - April 26, 12:45AM-12:50AM ET",UP,Up,8.0,0.57,,WIN,YES,6.035087719298247,Up,0x78a6c63d1c87f860ef6eda5442bbee499889b19cfb27d63dcf39534daa5056f7,52770735497700109385253313330391964158953586619060855522005563811452791890055
2026-04-26T04:45:00.152986+00:00,2026-04-26T04:55:37.438025+00:00,momentum,"Solana Up or Down - April 26, 12:45AM-12:50AM ET",DOWN,Down,4.0,0.515,,LOSS,NO,-4.0,Up,0x0ee0a1b84a1dfe38bce2a6d170d481772fce7f6914e78f17f5d16f5a56d10586,15917366963234912212566835232531998743718395689473816662514349736487039573017
2026-04-26T04:50:00.535844+00:00,2026-04-26T04:59:39.956481+00:00,momentum,"XRP Up or Down - April 26, 12:50AM-12:55AM ET",UP,Up,2.0,0.51,,WIN,YES,1.9215686274509802,Up,0x6fe21c1bdbc9a6175c6497adf92ee8b0ee5061bdc8c6075e2778e841e6239026,33749043090787360806912027934218559267547463650856091743413716247679229533359
2026-04-26T04:50:01.655737+00:00,2026-04-26T04:59:40.195081+00:00,momentum,"Bitcoin Up or Down - April 26, 12:50AM-12:55AM ET",DOWN,Down,2.0,0.56,,LOSS,NO,-2.0,Up,0xa7ae8a4119fe00f231e693ed717339dd1e13da4617c79f3b1522ab1aee3965b6,96824825027425326773077596378039053734632704628686783989973086523393775891170
2026-04-26T04:50:00.537325+00:00,2026-04-26T05:00:40.130227+00:00,momentum,"Ethereum Up or Down - April 26, 12:50AM-12:55AM ET",DOWN,Down,4.0,0.515,,LOSS,NO,-4.0,Up,0xd5483bf74ca3ff0fc3044cd05eaad6090cff54612f3d4cb98339d17d3bac3c68,114258226889076536227683692300367264376322673990523784465573011751936845080398
2026-04-26T04:50:00.538711+00:00,2026-04-26T05:00:40.298411+00:00,momentum,"Solana Up or Down - April 26, 12:50AM-12:55AM ET",DOWN,Down,2.0,0.515,,WIN,YES,1.883495145631068,Down,0xf5696046229817b6927a689e4ddfdf1fde51d5e912703e89308908f0537a6f48,112024505428127229737855777583409292614532563737512839897861866394122324594517
2026-04-26T04:55:00.801789+00:00,2026-04-26T05:05:43.875287+00:00,momentum,"Bitcoin Up or Down - April 26, 12:55AM-1:00AM ET",DOWN,Down,4.0,0.515,,WIN,YES,3.766990291262136,Down,0x1f0bf6af9e8e9960525b9f93c04bb79a4ec68e91c91f0503fb11a1c8bc421bda,52385189843052504582367135700563991349633001202075387209701838880351984347343
2026-04-26T04:55:00.802954+00:00,2026-04-26T05:06:44.624455+00:00,momentum,"Solana Up or Down - April 26, 12:55AM-1:00AM ET",DOWN,Down,2.0,0.515,,WIN,YES,1.883495145631068,Down,0xc7766d33bbde7bc5573372da809c543fb57ec81b8d08743e11dfa3b303501008,89829353025928218266656356309701385979979989786343646466477724779875822079296
2026-04-26T04:55:02.995973+00:00,2026-04-26T05:06:44.761292+00:00,momentum,"XRP Up or Down - April 26, 12:55AM-1:00AM ET",DOWN,Down,2.0,0.53,,WIN,YES,1.773584905660377,Down,0xbc9fca4fb4007d976907bdfeaa573a8c0715ecc46c06c9891bd3ac458c42fdec,3857609320442780175711887983331907522744819418719010638914961001488065846574
2026-04-26T04:55:02.997672+00:00,2026-04-26T05:06:44.888049+00:00,momentum,"Ethereum Up or Down - April 26, 12:55AM-1:00AM ET",DOWN,Down,2.0,0.55,,WIN,YES,1.6363636363636362,Down,0x604f897481aa182f7039583b3080977e3a779bc7a38659d797122eeb0ba85431,101778846689801536862501505583543891871424483226998326811346823273341547228548
2026-04-26T05:00:01.216567+00:00,2026-04-26T05:08:45.409128+00:00,momentum,"Solana Up or Down - April 26, 1:00AM-1:05AM ET",DOWN,Down,2.0,0.515,,WIN,YES,1.883495145631068,Down,0x45ba688f899dc7e2797f840aba049a82b98429e3f8324a6c3e7b5b4867e0b86d,90973951522486289290902672350639600116622478432075477380655271686078742695335
2026-04-26T05:00:03.369579+00:00,2026-04-26T05:08:45.549869+00:00,momentum,"XRP Up or Down - April 26, 1:00AM-1:05AM ET",DOWN,Down,2.0,0.53,,WIN,YES,1.773584905660377,Down,0x52e83030f6f28d56aef473389e743a40a65004b8b4af2d89b1733a3705473fc9,77868696477672664675455251741219787617478718191086583822166410468909195250947
2026-04-26T05:00:01.209096+00:00,2026-04-26T05:09:45.238826+00:00,momentum,"Bitcoin Up or Down - April 26, 1:00AM-1:05AM ET",DOWN,Down,2.0,0.535,,WIN,YES,1.7383177570093458,Down,0x7e5221a8950a1c087587597477b2cd1eb58c34e90bdd1282515249e4b46b2688,56289559312949321343416229918877062720407934152994189962342575562248229956647
2026-04-26T05:00:01.211343+00:00,2026-04-26T05:09:45.270669+00:00,momentum,"Ethereum Up or Down - April 26, 1:00AM-1:05AM ET",DOWN,Down,2.0,0.515,,LOSS,NO,-2.0,Up,0x5d93b39f8878b11d38234a1bb12c754f74b2096cb2a5922131b93dd07eeaf850,6139858811650862755948746610160276621257576878041660120101776192245143622915
2026-04-26T05:05:01.043517+00:00,2026-04-26T05:14:48.054969+00:00,momentum,"Ethereum Up or Down - April 26, 1:05AM-1:10AM ET",DOWN,Down,4.0,0.525,,LOSS,NO,-4.0,Up,0xeed6c22cfa091591dc04146d0cbc8daf4340c334f366a6341935dbc7e45b4835,106728242037685553413700955126322843403591374244001037392258850878230766675492
2026-04-26T05:05:01.083561+00:00,2026-04-26T05:14:48.181119+00:00,momentum,"Solana Up or Down - April 26, 1:05AM-1:10AM ET",DOWN,Down,2.0,0.515,,LOSS,NO,-2.0,Up,0x16b74b93f6e954ca11fd6dc0d4890ce94cf1e0ebb298a487bc5c0a28a8a2918e,7348338588653755403653166574930991623533206753272807292652319181246467015935
2026-04-26T05:05:02.700907+00:00,2026-04-26T05:14:48.208945+00:00,momentum,"XRP Up or Down - April 26, 1:05AM-1:10AM ET",DOWN,Down,2.0,0.54,,LOSS,NO,-2.0,Up,0x0bacf652bb16596dbe0ea2c4517e7ca6d6215b269c9e7447d77b2cd00e14dbe7,32924930137017533005315755941760338645172429488500854151531745055982403403092
2026-04-26T05:05:01.045447+00:00,2026-04-26T05:15:48.588332+00:00,momentum,"Bitcoin Up or Down - April 26, 1:05AM-1:10AM ET",DOWN,Down,2.0,0.525,,LOSS,NO,-2.0,Up,0xb904f497d0791e3138f03e96fdec86aa2c7e8b3ef5a437dc0dcb41edcb955272,111491454935748880868699003403688237893473605268290606024512038862887633715452
2026-04-26T05:10:00.913204+00:00,2026-04-26T05:20:50.675081+00:00,momentum,"Ethereum Up or Down - April 26, 1:10AM-1:15AM ET",DOWN,Down,8.0,0.52,,LOSS,NO,-8.0,Up,0x778bddd1551dc6bb6e614822e91334a8e366f8bbe089d7b35177a03c2bf1b289,1548711311143553841220938767334093627306687402474073921009364136046818802708
2026-04-26T05:10:00.915056+00:00,2026-04-26T05:20:50.830083+00:00,momentum,"Solana Up or Down - April 26, 1:10AM-1:15AM ET",DOWN,Down,4.0,0.51,,LOSS,NO,-4.0,Up,0xdd74c1205b8119dfcd63822c5b36f65b220682014b71118296b0d2c2a8e684fb,35513382162867281128893112415121422184915401827409446671427910352300249554112
2026-04-26T05:10:00.918328+00:00,2026-04-26T05:20:51.264941+00:00,momentum,"Bitcoin Up or Down - April 26, 1:10AM-1:15AM ET",DOWN,Down,4.0,0.57,,LOSS,NO,-4.0,Up,0x9429281fc65b2be6b710c52549c38440a744e2ce41923985c5710566ade7d328,63316409597350561699974739614122526911820073890913564774536858079135493003094
2026-04-26T05:10:00.916854+00:00,2026-04-26T05:21:50.844269+00:00,momentum,"XRP Up or Down - April 26, 1:10AM-1:15AM ET",DOWN,Down,4.0,0.51,,LOSS,NO,-4.0,Up,0x08f6511844e87d9dfa7cfcced23fd587e7d8d2892affbcec2dffc7087b82a5bb,89035942750559761477273978765653028970124374517112144469217980804304095913809
2026-04-26T05:15:01.061927+00:00,2026-04-26T05:23:51.549629+00:00,momentum,"Bitcoin Up or Down - April 26, 1:15AM-1:20AM ET",DOWN,Down,4.0,0.57,,WIN,YES,3.0175438596491233,Down,0xc7b0b8994228264f586a410690dae696b7ae59524f65709527bdd79046d59947,96788315131862990158650331963837156619439995006157017866909003408050239500562
2026-04-26T05:15:01.066366+00:00,2026-04-26T05:23:51.668502+00:00,momentum,"XRP Up or Down - April 26, 1:15AM-1:20AM ET",DOWN,Down,4.0,0.62,,LOSS,NO,-4.0,Up,0x1c3c264498b2699633f3f287b3c3bd94092c0335b95f65f2cfd6655f07c9e017,89232283264372263538637981843562098885083713828021817851617204996358472507540
2026-04-26T05:15:01.059514+00:00,2026-04-26T05:24:51.616395+00:00,momentum,"Solana Up or Down - April 26, 1:15AM-1:20AM ET",DOWN,Down,4.0,0.53,,LOSS,NO,-4.0,Up,0x38c651e6272a4e0360ffa4d8b14b3d06922b995ed59effca2b6fdbb59d4cc1b2,50400697298482018955454311775302902226132877220539361601762338429432742342340
2026-04-26T05:15:01.064311+00:00,2026-04-26T05:24:51.657131+00:00,momentum,"Ethereum Up or Down - April 26, 1:15AM-1:20AM ET",DOWN,Down,8.0,0.63,,LOSS,NO,-8.0,Up,0x2842d2605b2771ba4e801d081edb809d67fec505710dfc007a5e2863491a68e6,107387778509119167246271909617025603293849859160961518687261159250461448152366
2026-04-26T05:20:00.166786+00:00,2026-04-26T05:29:53.989558+00:00,momentum,"Bitcoin Up or Down - April 26, 1:20AM-1:25AM ET",DOWN,Down,8.0,0.565,,WIN,YES,6.159292035398231,Down,0xbbd0ae7802f92e7347bbe6b4b8a7b4c811ed0578c65dfd2af92254de1c63d0a1,18751409131533318430221495503076230001863699615528957481258547020569567928986
2026-04-26T05:20:00.173341+00:00,2026-04-26T05:29:54.235145+00:00,momentum,"Solana Up or Down - April 26, 1:20AM-1:25AM ET",DOWN,Down,8.0,0.515,,WIN,YES,7.533980582524272,Down,0x89f39755928f1dde8a7e70f5ad9cb6929eac91a6fff732878f7d48c75f414abb,33043693467370422470146467809463061525358442997953820093203821411626042038141
2026-04-26T05:20:01.275090+00:00,2026-04-26T05:29:54.401492+00:00,momentum,"XRP Up or Down - April 26, 1:20AM-1:25AM ET",DOWN,Down,8.0,0.52,,WIN,YES,7.384615384615383,Down,0xede2eb49518f0c2478bbff611ac4ee86284d719dc98beba84d3aa418d8f48b30,38453229019910929996588615745494166050178549014151546168443649081769637606535
2026-04-26T05:20:00.170269+00:00,2026-04-26T05:30:54.247331+00:00,momentum,"Ethereum Up or Down - April 26, 1:20AM-1:25AM ET",DOWN,Down,16.0,0.515,,WIN,YES,15.067961165048544,Down,0x79ae00788bbfa6b52af34b7a339b37b458726a13e87a8fbdc703a60342ed6625,26615623223280403277263487846695443108138358345173576889354742052788041843138
2026-04-26T05:25:00.195361+00:00,2026-04-26T05:35:56.383873+00:00,momentum,"Bitcoin Up or Down - April 26, 1:25AM-1:30AM ET",DOWN,Down,2.0,0.52,,LOSS,NO,-2.0,Up,0x12870d2d941369a2836cfd05350bbb5fb3725b7de767378e86612d0f3e3cb8e0,67180447883650874836251029836511444546282074914284720647906765287538261484756
2026-04-26T05:25:00.202060+00:00,2026-04-26T05:35:56.518878+00:00,momentum,"Ethereum Up or Down - April 26, 1:25AM-1:30AM ET",DOWN,Down,2.0,0.52,,LOSS,NO,-2.0,Up,0x510b15305c2e6aba9e0064968adebe624a8850c3e9ad9fdeac9b01f3766a0b66,20053279091001198546364278193063957769497052093360654649282072984529264143025
2026-04-26T05:25:02.263293+00:00,2026-04-26T05:35:56.676690+00:00,momentum,"XRP Up or Down - April 26, 1:25AM-1:30AM ET",DOWN,Down,2.0,0.52,,WIN,YES,1.8461538461538458,Down,0x8c2f967f09dfcf5f64ec3e33cf0a543e2edca37a14d8b3817092b20e7d098b88,112928043459338347977383052581435195297047700857856874176614584067821923893527
2026-04-26T05:25:00.198717+00:00,2026-04-26T05:36:57.132750+00:00,momentum,"Solana Up or Down - April 26, 1:25AM-1:30AM ET",DOWN,Down,2.0,0.515,,LOSS,NO,-2.0,Up,0x04c0e8cb6e9c71fcd7373a5193cd43a899d649ad9d8ea531d255a5050c8ad89d,68872395142142791782571307148235783662083903867365327126917585940990330872695
2026-04-26T05:30:13.157119+00:00,2026-04-26T05:37:58.414676+00:00,momentum,"Solana Up or Down - April 26, 1:30AM-1:35AM ET",UP,Up,4.0,0.68,,LOSS,NO,-4.0,Down,0x871a94775e796d39b56c59f8bd74e6bf1952a2bc6e08c0616072b49dc9913242,66791101878157923424873597981456536926272850203603201037582168275973584709054
2026-04-26T05:30:00.927775+00:00,2026-04-26T05:38:58.334043+00:00,momentum,"Bitcoin Up or Down - April 26, 1:30AM-1:35AM ET",DOWN,Down,4.0,0.52,,WIN,YES,3.6923076923076916,Down,0xab56217bc906f46791de3d6756cc7be5aa05c955df53224294995cc1305943ae,90343036697274981213672031672588672091426798716223684218367746088318006333008
2026-04-26T05:30:00.932834+00:00,2026-04-26T05:38:58.563109+00:00,momentum,"XRP Up or Down - April 26, 1:30AM-1:35AM ET",DOWN,Down,2.0,0.56,,WIN,YES,1.5714285714285712,Down,0x4169d6c674c29917ba81f8b5cf6872efd4a83058e0a38272ac357603fe6b1066,101324098133070105718151015003534704657375639689590237945077303692736766962838
2026-04-26T05:30:00.930127+00:00,2026-04-26T05:39:58.464904+00:00,momentum,"Ethereum Up or Down - April 26, 1:30AM-1:35AM ET",DOWN,Down,4.0,0.52,,WIN,YES,3.6923076923076916,Down,0x327de54b6f5f9e4ad85bb49edb7513b9d35246ff8dd50b2d18fc94501e13c4af,6075500895706604344291553824605889339468657002768104330850704823846895397773
2026-04-26T05:35:01.147135+00:00,2026-04-26T05:44:01.699618+00:00,momentum,"XRP Up or Down - April 26, 1:35AM-1:40AM ET",DOWN,Down,2.0,0.55,,WIN,YES,1.6363636363636362,Down,0xb868a1f6d2b7bb82dd5677bf07d3df3aba6225d19555c35c3f393dc93e9dad51,30317966859363643280018311933734612876575298716749235027807095143313391532453
2026-04-26T05:35:01.138598+00:00,2026-04-26T05:45:01.352402+00:00,momentum,"Ethereum Up or Down - April 26, 1:35AM-1:40AM ET",DOWN,Down,2.0,0.52,,WIN,YES,1.8461538461538458,Down,0xcaeb7bf1bdced02cfa30ae2f4e084e122b0e2d9355ccb84833d3f997a3e2da66,88802304388746716548800571841423292071216913492946875932457589445745014747851
2026-04-26T05:35:01.141388+00:00,2026-04-26T05:45:01.536646+00:00,momentum,"Bitcoin Up or Down - April 26, 1:35AM-1:40AM ET",DOWN,Down,2.0,0.57,,WIN,YES,1.5087719298245617,Down,0x7a64908cf392e76543f6f0ee81fc2c5d82551d8ace2dcc5e41843c1524382e0a,64084127692630461694941542572425815328558206149190000883892368525362341747212
2026-04-26T05:35:01.144841+00:00,2026-04-26T05:45:01.675512+00:00,momentum,"Solana Up or Down - April 26, 1:35AM-1:40AM ET",DOWN,Down,8.0,0.51,,WIN,YES,7.686274509803921,Down,0x5f8c475161217f32fa7fa41a7406fe0d6b64dbfb16d2d9c80a9f0ef8afe60195,57186186913041827260514492759666737610892760141304558456883220390015272795317
2026-04-26T05:40:00.962358+00:00,2026-04-26T05:50:04.573229+00:00,momentum,"Ethereum Up or Down - April 26, 1:40AM-1:45AM ET",DOWN,Down,2.0,0.515,,WIN,YES,1.883495145631068,Down,0xbe356afe4731ca80f7c9f4e1f620b3b88ace407dfa8c0895c50dab636749203d,68781805421833090495567686512886037919228636248116194195992475842624970942387
2026-04-26T05:40:00.951802+00:00,2026-04-26T05:51:05.063633+00:00,momentum,"Bitcoin Up or Down - April 26, 1:40AM-1:45AM ET",DOWN,Down,2.0,0.525,,WIN,YES,1.8095238095238093,Down,0x94d0762a30b965e153f500a8384bfde3fe046a61d418a5932d98a557943954c0,48553559752611959691713965846562741605769341843534376454841284139528943262339
2026-04-26T05:40:06.181440+00:00,2026-04-26T05:51:05.310471+00:00,momentum,"XRP Up or Down - April 26, 1:40AM-1:45AM ET",DOWN,Down,2.0,0.52,,WIN,YES,1.8461538461538458,Down,0x0ffd92a057f8ce44797825943828758af2aae4b0ed57c72f92fd47ae135100cc,106675540397557211780221206994224656796402970958150702745287687565417843562018
2026-04-26T05:40:00.959197+00:00,2026-04-26T05:52:05.488692+00:00,momentum,"Solana Up or Down - April 26, 1:40AM-1:45AM ET",DOWN,Down,2.0,0.515,,LOSS,NO,-2.0,Up,0xbef3012d7e8ad8e8f76b355f2d4673181739c719896bebdc8edd64c1b7b695e2,36756814417718466715074002651336039103348083674820184334196720776899660760012
2026-04-26T05:45:01.172138+00:00,2026-04-26T05:54:06.509244+00:00,momentum,"Bitcoin Up or Down - April 26, 1:45AM-1:50AM ET",DOWN,Down,2.0,0.515,,LOSS,NO,-2.0,Up,0x1e424cd983cf9e908e1bef7c8b33da8da7f051d0e4eef586407057411f1eb246,91533560639363644607654870853193498011729053620699101106304057776789324341877
2026-04-26T05:45:12.975925+00:00,2026-04-26T05:54:06.945311+00:00,momentum,"XRP Up or Down - April 26, 1:45AM-1:50AM ET",UP,Up,2.0,0.55,,WIN,YES,1.6363636363636362,Up,0xf4a52aee154c5e98af98aaed3a8dfc6a5c141ba3524b27c879b93875336013c0,65337819757003153190405118335340179242870227055229450682682636784359821099006
2026-04-26T05:45:01.179311+00:00,2026-04-26T05:55:06.910438+00:00,momentum,"Solana Up or Down - April 26, 1:45AM-1:50AM ET",DOWN,Down,4.0,0.515,,LOSS,NO,-4.0,Up,0x43a71d657efcd0b0c1e6a31966241cba2fe2c94fd28defc5290d00d02e45035b,25701198754101238880964380097672584636468900727872709701362559973805429420397
2026-04-26T05:45:01.174650+00:00,2026-04-26T05:57:07.602033+00:00,momentum,"Ethereum Up or Down - April 26, 1:45AM-1:50AM ET",DOWN,Down,2.0,0.515,,LOSS,NO,-2.0,Up,0xa42f76936e44a147b79390ce713793cae24e3f7dbbfffec975174d411cb0444a,55576718305359326983425127340630175087051851765035454639911299264147357903156
2026-04-26T05:50:00.807130+00:00,2026-04-26T06:00:09.836789+00:00,momentum,"Ethereum Up or Down - April 26, 1:50AM-1:55AM ET",DOWN,Down,4.0,0.52,,WIN,YES,3.6923076923076916,Down,0xb23d8629a3e44d6dd82968c27eba82227ceaa3618804ed177a4707dda8592718,32559257618042088359333259984805672331466977709690910299789533148761143407325
2026-04-26T05:50:00.804181+00:00,2026-04-26T06:01:10.712573+00:00,momentum,"XRP Up or Down - April 26, 1:50AM-1:55AM ET",DOWN,Down,2.0,0.51,,WIN,YES,1.9215686274509802,Down,0x04b65dd3cc89ff804f4c500f6841b123af546aedfc23158c79a9ac7ae53d61e0,56143537674983620544091309345835535508295303605040271177511957731372742706365
2026-04-26T05:50:00.820432+00:00,2026-04-26T06:01:10.844203+00:00,momentum,"Bitcoin Up or Down - April 26, 1:50AM-1:55AM ET",DOWN,Down,4.0,0.55,,WIN,YES,3.2727272727272725,Down,0xaff0d9405b9a3fe7afde4a59defe3e0bebdf62955b747792ab74631dc8459680,111381272572533614572949899069429266418174988599833088377846658567030008234057
2026-04-26T05:50:04.135598+00:00,2026-04-26T06:01:10.998918+00:00,momentum,"Solana Up or Down - April 26, 1:50AM-1:55AM ET",DOWN,Down,2.0,0.62,,WIN,YES,1.2258064516129035,Down,0x0a2e322fd26360a11182e7cfcfd144e08f04a88c227d3d9394cfbcc056552f97,36980522950765681400932666129302843991931361095160238745978093575711731345723
2026-04-26T05:55:00.499236+00:00,2026-04-26T06:05:12.156066+00:00,momentum,"Ethereum Up or Down - April 26, 1:55AM-2:00AM ET",DOWN,Down,2.0,0.515,,LOSS,NO,-2.0,Up,0x4ff550e1e7f2075fc02d9eebcbb8624135abc35a25b662e9c751af3a597d60ff,4858468698468939589753584965035753174965219520345359132490155261689993308151
2026-04-26T05:55:11.807230+00:00,2026-04-26T06:06:13.478079+00:00,momentum,"Solana Up or Down - April 26, 1:55AM-2:00AM ET",UP,Up,2.0,0.62,,WIN,YES,1.2258064516129035,Up,0xf23f3bcc628a8a1b48d62298aa89c1cfc7dbde46d3345fc62b174728b67016e0,92838439880828578940569868470959204418442699560584429113078114682569753870782
2026-04-26T05:55:02.596365+00:00,2026-04-26T06:07:13.462104+00:00,momentum,"Bitcoin Up or Down - April 26, 1:55AM-2:00AM ET",DOWN,Down,2.0,0.54,,WIN,YES,1.7037037037037033,Down,0x23697c18c062a5295d726c7fb9433feac19341108b5b7401034ee19efee2df73,70424143291072626551378817153036472129783238047352073853913361190635772009486
2026-04-26T05:55:02.602501+00:00,2026-04-26T06:07:13.600916+00:00,momentum,"XRP Up or Down - April 26, 1:55AM-2:00AM ET",DOWN,Down,2.0,0.52,,WIN,YES,1.8461538461538458,Down,0x7e0552db145b61e2a94ae787645a3ae081841e583a4e7bcda95268db8b5964b8,75579623742967327153943698625501208981493357879109443187166158010979601821036
2026-04-26T06:00:01.117356+00:00,2026-04-26T06:09:14.889330+00:00,momentum,"Ethereum Up or Down - April 26, 2:00AM-2:05AM ET",DOWN,Down,4.0,0.515,,LOSS,NO,-4.0,Up,0xce02d1e90fd8ad140730dea1d429974aed8f3f60c90c463fa5d50d2aab9f0484,46712331295115217889943491577246752512254613479001203676421440532590140331384
2026-04-26T06:00:01.124887+00:00,2026-04-26T06:09:15.101835+00:00,momentum,"Solana Up or Down - April 26, 2:00AM-2:05AM ET",UP,Up,2.0,0.515,,WIN,YES,1.883495145631068,Up,0xb451a5ef237e5549aca166b9ba32fc4d5bc34a3edab0dec3ab15854f87ac547a,30146338675354874244084183712325415329196658064949935901617669528564438234169
2026-04-26T06:00:01.130850+00:00,2026-04-26T06:10:14.513917+00:00,momentum,"XRP Up or Down - April 26, 2:00AM-2:05AM ET",UP,Up,2.0,0.515,,WIN,YES,1.883495145631068,Up,0xb2f0f284a27770e3aa72483fa18c931437f737fbb4a1cf333cccb1842b376b3c,89690329380188029813524062635286596215310117066500409479867923333930470966909
2026-04-26T06:00:02.242974+00:00,2026-04-26T06:12:16.429102+00:00,momentum,"Bitcoin Up or Down - April 26, 2:00AM-2:05AM ET",UP,Up,2.0,0.58,,WIN,YES,1.4482758620689657,Up,0xfaa3e4443622d38f913eecf12645f06da4ef3f63ae7345b52a4da7fb83a3c402,37352159079507555639560911422061959207607737420839037211585537349039741267190
2026-04-26T06:05:00.395451+00:00,2026-04-26T06:15:18.763858+00:00,momentum,"Bitcoin Up or Down - April 26, 2:05AM-2:10AM ET",DOWN,Down,2.0,0.515,,WIN,YES,1.883495145631068,Down,0x958b02ebebe5cf646351b76374d0aa0ee70d13978c8bbc4d882807f59ec3b96a,13367693882917639064605847997030308614635395520143461447495037331912357028261
2026-04-26T06:05:00.399272+00:00,2026-04-26T06:15:18.802016+00:00,momentum,"Solana Up or Down - April 26, 2:05AM-2:10AM ET",UP,Up,2.0,0.52,,LOSS,NO,-2.0,Down,0x0e2e78093e84f87006cb6afe4a7ad97e4a3d17270f313a1323a6403ad83863d7,59849150716138604880289312020206931368352425811334748116495866400061406225049
2026-04-26T06:05:00.390992+00:00,2026-04-26T06:16:18.667650+00:00,momentum,"XRP Up or Down - April 26, 2:05AM-2:10AM ET",UP,Up,2.0,0.515,,LOSS,NO,-2.0,Down,0x761061892018f6222a75879b30ff6cf1d29e673cc18006fcab78dcf605a622c8,40274704768286280194312760519141607444907116034704659103246660461267155147069
2026-04-26T06:05:02.567954+00:00,2026-04-26T06:16:18.806440+00:00,momentum,"Ethereum Up or Down - April 26, 2:05AM-2:10AM ET",DOWN,Down,8.0,0.57,,WIN,YES,6.035087719298247,Down,0xdaa39b1ac6744084f7742b452ad9fb8983aca75b0a25c5e2396d5a4c06d92d29,21336399024630312844305035764699809200882978906768054388537128626349248960860
2026-04-26T06:10:00.936045+00:00,2026-04-26T06:21:21.149239+00:00,momentum,"Bitcoin Up or Down - April 26, 2:10AM-2:15AM ET",DOWN,Down,2.0,0.525,,LOSS,NO,-2.0,Up,0xa8517b87de5219f463739a14497956afe7c3a25b38adb915fd7d1465c12a6193,8270716087603451574233575261380778548506916118482673363906518452756424645483
2026-04-26T06:10:00.944809+00:00,2026-04-26T06:21:21.348885+00:00,momentum,"Solana Up or Down - April 26, 2:10AM-2:15AM ET",UP,Up,4.0,0.52,,WIN,YES,3.6923076923076916,Up,0xc8dedf5f5500fcbae0b877b1a1a732394e19f5cc5b18d312294ad2976bf93c55,106984419315796546347573429471059793455003869123396459797117786368177899994356
2026-04-26T06:10:00.954120+00:00,2026-04-26T06:21:21.502840+00:00,momentum,"XRP Up or Down - April 26, 2:10AM-2:15AM ET",UP,Up,4.0,0.515,,WIN,YES,3.766990291262136,Up,0x28500549f49db440a27f5517fd154df4def3e12e10ffa518d4f372704abfab0f,26797820119001611587406114094780534361120046643891703293206043232804998002275
2026-04-26T06:10:03.155756+00:00,2026-04-26T06:21:21.664950+00:00,momentum,"Ethereum Up or Down - April 26, 2:10AM-2:15AM ET",UP,Up,2.0,0.65,,WIN,YES,1.0769230769230766,Up,0x5dc134f20ff9256500c17ccfdfb07a3f2eba67345a76935bd4325b844b68df0b,56017064497970037034192447171793709408063494378678452234642724525236817632629
2026-04-26T06:15:02.135098+00:00,2026-04-26T06:27:25.315681+00:00,momentum,"Ethereum Up or Down - April 26, 2:15AM-2:20AM ET",DOWN,Down,2.0,0.54,,WIN,YES,1.7037037037037033,Down,0x5e08f638eb3606517d47416867499b3b8773a200b2b0132fcfe237f9ca1ad729,102021651152584599993430203098305553265059317860306181754319124736280213411121
2026-04-26T06:15:02.143885+00:00,2026-04-26T06:27:25.502527+00:00,momentum,"Solana Up or Down - April 26, 2:15AM-2:20AM ET",DOWN,Down,2.0,0.51,,WIN,YES,1.9215686274509802,Down,0xcfb966add0c6e3ca474237ce05baab32a646f70d7faa83a4ffc3e88337478c8a,83022548808356153289126376501515191677897490628842882479355378139415826946033
2026-04-26T06:15:02.149391+00:00,2026-04-26T06:27:25.679440+00:00,momentum,"XRP Up or Down - April 26, 2:15AM-2:20AM ET",DOWN,Down,2.0,0.52,,WIN,YES,1.8461538461538458,Down,0xa924677b3dd92a55f8b00b93a6cd125a9685b704a45c8316297689b4f114aa6c,98317038506485445630065283528038856762455253363143392945638659208601868163523
2026-04-26T06:15:05.626849+00:00,2026-04-26T06:27:25.712109+00:00,momentum,"Bitcoin Up or Down - April 26, 2:15AM-2:20AM ET",UP,Up,4.0,0.55,,LOSS,NO,-4.0,Down,0x076db916e2ee9f73763a366c94605ef229db26876bcb8052e893cb0fdf38258f,52268000506847570003934856151539359211568375013539250446087700012453778092987
2026-04-26T06:20:00.159027+00:00,2026-04-26T06:29:27.298390+00:00,momentum,"Bitcoin Up or Down - April 26, 2:20AM-2:25AM ET",DOWN,Down,8.0,0.515,,WIN,YES,7.533980582524272,Down,0x8ba40af9a425557bdadceb2b3911d6d83578422e6abe1f9a1126d18b725c1144,29117555253704577389053295787669321195618131224886427720490485618106695025799
2026-04-26T06:20:07.427952+00:00,2026-04-26T06:29:27.532810+00:00,momentum,"Ethereum Up or Down - April 26, 2:20AM-2:25AM ET",DOWN,Down,2.0,0.51,,LOSS,NO,-2.0,Up,0xa11701b519267257b040ab869fc6ca32ee3091cfe45507aaf7f1b8838e4eb2cf,89179996812781191660328978211026574488883333828105371506655903856302789601755
2026-04-26T06:20:00.162715+00:00,2026-04-26T06:30:28.418204+00:00,momentum,"Solana Up or Down - April 26, 2:20AM-2:25AM ET",DOWN,Down,2.0,0.515,,WIN,YES,1.883495145631068,Down,0x1287ad76f5114e7678507dac3f0569088d226e537ef865abb9f07f4792f00607,55314810311301338698352492203897019971119788818838702094972358313373446083864
2026-04-26T06:20:01.302878+00:00,2026-04-26T06:30:28.575882+00:00,momentum,"XRP Up or Down - April 26, 2:20AM-2:25AM ET",DOWN,Down,2.0,0.54,,WIN,YES,1.7037037037037033,Down,0xd6e72818f465d04c08f7ba9ffa134529c344c690f2698127b883dd6cf62bd951,85329007838563801102306492835582632597110018807717709191816865377861990898195
2026-04-26T06:25:01.067796+00:00,2026-04-26T06:35:31.678805+00:00,momentum,"Ethereum Up or Down - April 26, 2:25AM-2:30AM ET",DOWN,Down,4.0,0.51,,LOSS,NO,-4.0,Up,0x495cf0d06ea8b695c1f45feb477ba2cf228593391bde65b9af3c8ecfb46062a1,110774342746718826494535827499268511975195482233645881074198312106624777521022
2026-04-26T06:25:01.071543+00:00,2026-04-26T06:35:31.816117+00:00,momentum,"Bitcoin Up or Down - April 26, 2:25AM-2:30AM ET",UP,Up,2.0,0.53,,WIN,YES,1.773584905660377,Up,0x9b7071187e61323ea046e31e4d14514f6853462b3a651fa62671acbf2b60f042,64970382946422168444677285840007813768889245546065715622012446667926877719648
2026-04-26T06:25:01.086207+00:00,2026-04-26T06:35:31.844739+00:00,momentum,"Solana Up or Down - April 26, 2:25AM-2:30AM ET",UP,Up,2.0,0.51,,LOSS,NO,-2.0,Down,0xf00c150cb557dc5ddf60ceed7b1f629132b1ffd07a433d3b7df05b8ff6aa54cf,39610726995499639434972298152608915994604892307177085537353129005876589702326
2026-04-26T06:25:01.173446+00:00,2026-04-26T06:36:32.781222+00:00,momentum,"XRP Up or Down - April 26, 2:25AM-2:30AM ET",DOWN,Down,2.0,0.57,,LOSS,NO,-2.0,Up,0xd6aa078848bea2ff2d7fd84a2f7f8eb4344862e21b21268f5635e1fa81babdca,103742775962240159247817096734951620520880397870213328396922806716851590904048
2026-04-26T06:30:03.216694+00:00,2026-04-26T06:41:35.931249+00:00,momentum,"Bitcoin Up or Down - April 26, 2:30AM-2:35AM ET",UP,Up,2.0,0.58,,LOSS,NO,-2.0,Down,0x0b3f7f03c369c8b86062225ed60ddd5dcd2694b43512e6aa7b480145095f0ae8,109115249067892858372616649499671498964394615378943577940801815367544071989554
2026-04-26T06:30:12.489756+00:00,2026-04-26T06:41:36.112666+00:00,momentum,"Solana Up or Down - April 26, 2:30AM-2:35AM ET",UP,Up,4.0,0.53,,WIN,YES,3.547169811320754,Up,0xd76fcfe3018374e4570b44b8dcc84cc71b0613fca37fcd613d8793c528fbfb1b,53477098756406168227176662992919187024922996967846735151433843734972154205901
2026-04-26T06:30:12.496333+00:00,2026-04-26T06:42:36.238290+00:00,momentum,"XRP Up or Down - April 26, 2:30AM-2:35AM ET",UP,Up,4.0,0.55,,LOSS,NO,-4.0,Down,0x96bbe77881f2496979e8b7611e473f973cc87bf22124840fe4b072b1250b301b,91481030289878881043700163228080016937941400241557909441893943929936934314066
2026-04-26T06:30:25.106811+00:00,2026-04-26T06:42:36.273336+00:00,momentum,"Ethereum Up or Down - April 26, 2:30AM-2:35AM ET",UP,Up,8.0,0.51,,LOSS,NO,-8.0,Down,0x2abc01f3811bccbd2446739f94cf49a4fdd1bf923bc27d29994bf4ecc128cd48,93447911991340556931200054519601443146226196874450068701767212650680729111273
2026-04-26T06:35:01.416898+00:00,2026-04-26T06:44:37.879281+00:00,momentum,"Solana Up or Down - April 26, 2:35AM-2:40AM ET",UP,Up,2.0,0.99,,WIN,YES,0.020202020202020332,Up,0x2eb3a8ffe4ce40c87dd9f45029aa4480c08b0b9c436d23b756663b2884646797,27071600151019848802879141618408610696465998337413006428704778829023831840926
2026-04-26T06:35:01.423992+00:00,2026-04-26T06:45:38.561497+00:00,momentum,"Bitcoin Up or Down - April 26, 2:35AM-2:40AM ET",DOWN,Down,2.0,0.51,,LOSS,NO,-2.0,Up,0x670a5971b5ebbbe9c4a62efc0692a407224af14f08ef99329fa98f7eb06ce24a,105913632349550366302313143057513325173771867232530572640499115287151053544529
2026-04-26T06:35:01.443442+00:00,2026-04-26T06:45:38.682623+00:00,momentum,"Ethereum Up or Down - April 26, 2:35AM-2:40AM ET",UP,Up,16.0,0.51,,WIN,YES,15.372549019607842,Up,0x859ac002576f3abcceb6fad35b21b46bd392c7c822e365d07545b9a804a4c6d3,84039343999966758318307899795963287897131078231224759874026224983068634927812
2026-04-26T06:35:01.450912+00:00,2026-04-26T06:46:39.645039+00:00,momentum,"XRP Up or Down - April 26, 2:35AM-2:40AM ET",DOWN,Down,4.0,0.58,,LOSS,NO,-4.0,Up,0x16e9e6947bc9b3aad3edcf3b0b4013a0c7cfe1e3011ffc1dc5936a6f4b5a0408,48455319877964601052496553505740268016954143160114662347674874104856802013711
2026-04-26T06:40:00.752309+00:00,2026-04-26T06:50:42.948828+00:00,momentum,"Solana Up or Down - April 26, 2:40AM-2:45AM ET",UP,Up,2.0,0.51,,WIN,YES,1.9215686274509802,Up,0xd730b11e34c692f16d3cffad2cad40a8594122750eefde48ced89f98d9f18c87,87956056092119320212267832735962026515383421710189463987750047823657404835460
2026-04-26T06:40:03.984720+00:00,2026-04-26T06:50:43.085932+00:00,momentum,"XRP Up or Down - April 26, 2:40AM-2:45AM ET",UP,Up,8.0,0.54,,WIN,YES,6.814814814814813,Up,0xb6356f8d6e9ef1b8bba963aff4fb11f1c534674fd7b6dbd823b3b921d4895f74,49725309699973640007499642971739681751547937605540283093956103588434094734728
2026-04-26T06:40:00.743166+00:00,2026-04-26T06:51:43.406460+00:00,momentum,"Bitcoin Up or Down - April 26, 2:40AM-2:45AM ET",UP,Up,4.0,0.57,,WIN,YES,3.0175438596491233,Up,0xec82cc020b7b943f59dc9467180e4277331e59eeb790887edba1950ca7a5630a,56284147592163059501343535832760251656575216203663309614542256545021561432194
2026-04-26T06:40:00.747958+00:00,2026-04-26T06:51:43.470514+00:00,momentum,"Ethereum Up or Down - April 26, 2:40AM-2:45AM ET",DOWN,Down,2.0,0.52,,LOSS,NO,-2.0,Up,0x974fa49ed464aec71d6fd46d6a25941ddf8144f6d26b904c7ce1ba55014e48ab,52255352754782615770093678707495996891813666452901291071781242860560347266283
2026-04-26T06:45:01.625801+00:00,2026-04-26T06:53:44.501658+00:00,momentum,"Ethereum Up or Down - April 26, 2:45AM-2:50AM ET",DOWN,Down,4.0,0.54,,WIN,YES,3.4074074074074066,Down,0xe40ee4b62eab10e9cbe397e39b65cfc73cf098231cb8966718fb6e14c38c4429,98005287261835617171031087147237279614356424536760675990640929521018301418634
2026-04-26T06:45:00.504498+00:00,2026-04-26T06:54:44.772665+00:00,momentum,"Solana Up or Down - April 26, 2:45AM-2:50AM ET",UP,Up,2.0,0.52,,LOSS,NO,-2.0,Down,0x406ce5e17c3cce3a04032163d1731d90032e0a3c77e31d48c6b61b2d1c731c5e,63485952201786005067670424990858678759900098579903070831172688150237319035006
2026-04-26T06:45:01.631622+00:00,2026-04-26T06:54:44.816592+00:00,momentum,"Bitcoin Up or Down - April 26, 2:45AM-2:50AM ET",UP,Up,2.0,0.51,,LOSS,NO,-2.0,Down,0xbc4e57ebc00cc93618218c8867247447ac75038258bfab79502d605f01f83d67,77001930334818527767149413838820501178125910681167458428482604425688061160750
2026-04-26T06:45:11.399627+00:00,2026-04-26T06:54:44.985576+00:00,momentum,"XRP Up or Down - April 26, 2:45AM-2:50AM ET",DOWN,Down,2.0,0.51,,WIN,YES,1.9215686274509802,Down,0xe93d0416e05c7c257588e5b7aa420ed633d6b4a3a74116cac49ee7888c788131,18246333901130523953019868633500351851332283359418363597335586825768107435581
2026-04-26T06:50:01.089794+00:00,2026-04-26T06:59:47.558834+00:00,momentum,"Ethereum Up or Down - April 26, 2:50AM-2:55AM ET",DOWN,Down,2.0,0.51,,WIN,YES,1.9215686274509802,Down,0x177937d6dc04321967c34aae6957ff77807674d230fa657d70e3dbf09dbd7448,44619896002721324808083675410463446843877283867914134171731116469070390220403
2026-04-26T06:50:01.098095+00:00,2026-04-26T07:00:48.081428+00:00,momentum,"Bitcoin Up or Down - April 26, 2:50AM-2:55AM ET",UP,Up,4.0,0.54,,WIN,YES,3.4074074074074066,Up,0x4c54bfd67dacf9f6e1285ff463e8318a9a290a9b8b4a0a6bbfa5fb4749f6d05d,67922749170881959735003350757771699893159009321724508659294543134150221779951
2026-04-26T06:50:01.105964+00:00,2026-04-26T07:00:48.114495+00:00,momentum,"Solana Up or Down - April 26, 2:50AM-2:55AM ET",DOWN,Down,4.0,0.54,,LOSS,NO,-4.0,Up,0x5f764f3ec82a3f9a7aff386e9f60d3d375c7c7a14505f6d1985700d3fc2f3ac6,94826801669816698177731935495454465253370574671896145435132038624368684071916
2026-04-26T06:50:13.624211+00:00,2026-04-26T07:01:48.290012+00:00,momentum,"XRP Up or Down - April 26, 2:50AM-2:55AM ET",DOWN,Down,2.0,0.58,,LOSS,NO,-2.0,Up,0xc4f2794a006040109a3e447ea3e2b79b5b504fd3c482750e305fbd5c8e467f9f,3413330735691434666950891019450904122718864423501789675488602722733886855490
2026-04-26T06:55:02.605518+00:00,2026-04-26T07:05:50.462142+00:00,momentum,"XRP Up or Down - April 26, 2:55AM-3:00AM ET",DOWN,Down,2.0,0.53,,LOSS,NO,-2.0,Up,0x57a45eb00b87662ddf5b68e9515218dc058d1dc94b31d7279a351d1fa96f433e,16347917136208314393046818538886911331955850010736625163739501288710560029419
2026-04-26T06:55:00.509347+00:00,2026-04-26T07:06:50.729676+00:00,momentum,"Ethereum Up or Down - April 26, 2:55AM-3:00AM ET",DOWN,Down,2.0,0.515,,LOSS,NO,-2.0,Up,0x4772d4d148124864ffe9f4598edb5e6f0c5430b0ecb5b3e61c4e8be94699bfc6,37776508081415502916285717497117213303674571399291700160745670285849847454729
2026-04-26T06:55:02.591432+00:00,2026-04-26T07:06:50.758593+00:00,momentum,"Solana Up or Down - April 26, 2:55AM-3:00AM ET",DOWN,Down,2.0,0.53,,LOSS,NO,-2.0,Up,0xb06ee567ee36d0fc148a934dd8868624bbf470ed5d5134b8f1a27801f2651922,100252286127163385833305811793121927072079608847379114502683997946549505551465
2026-04-26T06:55:02.597491+00:00,2026-04-26T07:06:50.797262+00:00,momentum,"Bitcoin Up or Down - April 26, 2:55AM-3:00AM ET",DOWN,Down,2.0,0.51,,LOSS,NO,-2.0,Up,0x6414815744b0dc314f0e0badc214d564599a135b8786d9c5627c1e0c88a4faf0,26368384991345846404724169391045089047074922725812359738720475960971440237100
2026-04-26T07:00:02.144776+00:00,2026-04-26T07:08:51.815015+00:00,momentum,"Solana Up or Down - April 26, 3:00AM-3:05AM ET",DOWN,Down,4.0,0.52,,WIN,YES,3.6923076923076916,Down,0x06202ed5f79598d3f6d9f843874b853049ac9167596c159405b9a59998e2ea71,69021904033188262463949045207028444370804634135387738363652168275273406540793
2026-04-26T07:00:00.872801+00:00,2026-04-26T07:09:52.276513+00:00,momentum,"XRP Up or Down - April 26, 3:00AM-3:05AM ET",UP,Up,4.0,0.51,,LOSS,NO,-4.0,Down,0xd46f35440d28e5294a0361483168a8e83ca263c447842421eda6ef06d4cbaf99,28249597378955634108653283841014913844523713660495271862729374538619629643312
2026-04-26T07:00:02.134975+00:00,2026-04-26T07:09:52.460752+00:00,momentum,"Ethereum Up or Down - April 26, 3:00AM-3:05AM ET",UP,Up,4.0,0.67,,LOSS,NO,-4.0,Down,0xba0863bb6cf462f8bd41f3f1e31787ff8f7a3dd83dc01536ff14230fb85ba309,28009833289651739376617875890753441907934450832033490927501004749868010193532
2026-04-26T07:00:00.883187+00:00,2026-04-26T07:11:53.062296+00:00,momentum,"Bitcoin Up or Down - April 26, 3:00AM-3:05AM ET",UP,Up,2.0,0.515,,LOSS,NO,-2.0,Down,0xe9ea07cfc4b66e76ba695288481bda5b5ced08723918e792ef0188565e229f04,73548905670551581569946446310658816112711717986429436546847711130648654159310
2026-04-26T07:05:01.564305+00:00,2026-04-26T07:14:54.435649+00:00,momentum,"XRP Up or Down - April 26, 3:05AM-3:10AM ET",DOWN,Down,8.0,0.52,,LOSS,NO,-8.0,Up,0x0cb56e390141873a6d3454dd9d1d60b3bc8d84f3ab57f0c3257c5b883b81feab,108278081716572215899094624242649949636976820617680282509186018801142641166335
2026-04-26T07:05:04.680515+00:00,2026-04-26T07:14:54.716556+00:00,momentum,"Bitcoin Up or Down - April 26, 3:05AM-3:10AM ET",DOWN,Down,2.0,0.52,,WIN,YES,1.8461538461538458,Down,0x610a24ec72f9e79b0a81707ee73a15a2be20bf9b26cd470186b18b3b8bc55ff6,65270777648276087940969160880544632557841778492247352431577323983993537570074
2026-04-26T07:05:01.557608+00:00,2026-04-26T07:15:55.196490+00:00,momentum,"Ethereum Up or Down - April 26, 3:05AM-3:10AM ET",DOWN,Down,8.0,0.51,,LOSS,NO,-8.0,Up,0x6da3afb9aee6878783cb7332cd35b7b2d62ffe8666f991904e9553253987a949,110630760270468331262090083241184504730683776598173229459524856001582406475303
2026-04-26T07:05:01.569522+00:00,2026-04-26T07:15:55.235760+00:00,momentum,"Solana Up or Down - April 26, 3:05AM-3:10AM ET",DOWN,Down,2.0,0.52,,LOSS,NO,-2.0,Up,0x81029a26a1a772387c902f9a45d34c2ce7c77b22b72998874edfa35e6ee0d288,58779624879104248323605496871864468322267015402197375566870586947930688166013
2026-04-26T07:10:09.323925+00:00,2026-04-26T07:20:58.536336+00:00,momentum,"Bitcoin Up or Down - April 26, 3:10AM-3:15AM ET",DOWN,Down,2.0,0.51,,LOSS,NO,-2.0,Up,0x6ff353272540f60df5f6b0a999e7e70325ba2a4ce2a0741f7020b4b210fb65d6,61367635351558849381271809567835936475829018084390343378102947921691687027796
2026-04-26T07:10:00.959944+00:00,2026-04-26T07:21:58.951889+00:00,momentum,"Solana Up or Down - April 26, 3:10AM-3:15AM ET",DOWN,Down,4.0,0.515,,LOSS,NO,-4.0,Up,0xba6e368f9ff32ab80166dbe273d0286b0e6c14d4cdb734faee0195e52fcf237b,108574606097164357127972766564692210103101171065501591581077631942812363524360
2026-04-26T07:10:03.192638+00:00,2026-04-26T07:21:58.987534+00:00,momentum,"Ethereum Up or Down - April 26, 3:10AM-3:15AM ET",DOWN,Down,16.0,0.51,,LOSS,NO,-16.0,Up,0x35e86c35fa285f50b4f89f4a7a47dee6b8e0fc2464a3d50c161a8c8a84f89713,95603642524525468927816660958352921294330413585146323143975703686632142988032
2026-04-26T07:10:43.372283+00:00,2026-04-26T07:21:59.155791+00:00,momentum,"XRP Up or Down - April 26, 3:10AM-3:15AM ET",UP,Up,16.0,0.51,,WIN,YES,15.372549019607842,Up,0xe14ebd0dc3cb3910b2f7299dede80017ee4461a333a13fc468ceae2aeda4c1e2,9796513323065796024792905207225605865819410894453434876722158011844602332533
2026-04-26T07:15:02.330128+00:00,2026-04-26T07:24:00.069247+00:00,momentum,"Ethereum Up or Down - April 26, 3:15AM-3:20AM ET",UP,Up,32.0,0.65,,WIN,YES,17.230769230769226,Up,0xef8fe9a524cf6e2496fe3d31b56bd1df70768eff5a4e6d1b118a2257903cca5a,29831106034016984080050387702786372040716932048260100431199164713516568446298
2026-04-26T07:15:02.320946+00:00,2026-04-26T07:24:59.602204+00:00,momentum,"XRP Up or Down - April 26, 3:15AM-3:20AM ET",DOWN,Down,2.0,0.51,,LOSS,NO,-2.0,Up,0x2758880236407b0b1d347957d0d111e694732919a18d19d1a426cdf6274d94fa,106207412943243492481339956592116934190857912050045833821825777962698044922121
2026-04-26T07:15:02.335863+00:00,2026-04-26T07:24:59.634598+00:00,momentum,"Bitcoin Up or Down - April 26, 3:15AM-3:20AM ET",UP,Up,4.0,0.6,,LOSS,NO,-4.0,Down,0x262e9ddfff7bc8156f489c0d5aaa4496a38a6006d5475f42c04cea83475f2146,57969617970283805576579569536627556676913542490360216108037694879672138158699
2026-04-26T07:15:05.417821+00:00,2026-04-26T07:24:59.806866+00:00,momentum,"Solana Up or Down - April 26, 3:15AM-3:20AM ET",UP,Up,2.0,0.56,,WIN,YES,1.5714285714285712,Up,0xe3a6434f982699101341a426ad788e0dbb37249f3e2380d418622197af7e32a9,82186591424175160592693408021312912468148747960832627228835041110819861025301
2026-04-26T07:20:01.180749+00:00,2026-04-26T07:30:01.478674+00:00,momentum,"Ethereum Up or Down - April 26, 3:20AM-3:25AM ET",DOWN,Down,2.0,0.52,,LOSS,NO,-2.0,Up,0x536aaab98ac993c065ee338ac647fcef3415975e1c48cd8abe1c6d1551dcce3e,31666550872057623888897069785468114920107271259420983545244962711355920770707
2026-04-26T07:20:01.189499+00:00,2026-04-26T07:31:02.030740+00:00,momentum,"XRP Up or Down - April 26, 3:20AM-3:25AM ET",DOWN,Down,2.0,0.52,,WIN,YES,1.8461538461538458,Down,0x0f0938fb13bdbfd66f9d969d0d2e713f932c212cef405f3f2fbe1e2b45b7b0b4,47359984138644113695733307331371152233921649313331847419071591206978490677697
2026-04-26T07:20:01.196360+00:00,2026-04-26T07:31:02.188365+00:00,momentum,"Solana Up or Down - April 26, 3:20AM-3:25AM ET",DOWN,Down,2.0,0.54,,WIN,YES,1.7037037037037033,Down,0x43071a6c37e5f3845ad5cd18588422b2ae074acb0086e4f3b234dc2318a2b089,6877510280318408854239822105774545039992731907915729890848512131772031360176
2026-04-26T07:20:01.203089+00:00,2026-04-26T07:31:02.228060+00:00,momentum,"Bitcoin Up or Down - April 26, 3:20AM-3:25AM ET",DOWN,Down,8.0,0.53,,LOSS,NO,-8.0,Up,0x0cbcb753e7dd633c51af5bd6b7bb70d2b47216812f661852882e55e3ee0ac3c8,21531454395091410275557287956902563410550013201922210182787923064635818065553
2026-04-26T07:25:01.427920+00:00,2026-04-26T07:36:04.553377+00:00,momentum,"Ethereum Up or Down - April 26, 3:25AM-3:30AM ET",DOWN,Down,4.0,0.51,,WIN,YES,3.8431372549019605,Down,0xd1066aacf465703cf45eb572020ffa49a58e603847c991ee130dcd8755b6e93f,26330971239740551782605340470509404926161336271984672874361104957223018490761
2026-04-26T07:25:01.447523+00:00,2026-04-26T07:36:04.810016+00:00,momentum,"XRP Up or Down - April 26, 3:25AM-3:30AM ET",DOWN,Down,2.0,0.51,,WIN,YES,1.9215686274509802,Down,0x3c67bfcbeca90b80f9195dfcd4956bc8e4e0d40a7977ba76a525131ba51a305a,97944495789267137768547481562061669392229676745761869770380636866784057915150
2026-04-26T07:25:01.416444+00:00,2026-04-26T07:37:04.855406+00:00,momentum,"Bitcoin Up or Down - April 26, 3:25AM-3:30AM ET",UP,Up,16.0,0.53,,LOSS,NO,-16.0,Down,0xd2c4dea8c4a1f65f9e00938c5f082875d4d92646436ea5b80e1e1e7d08935ba9,34714185572669388109410787004623231532513084181727215408180708692245152636727
2026-04-26T07:25:01.437560+00:00,2026-04-26T07:37:04.894402+00:00,momentum,"Solana Up or Down - April 26, 3:25AM-3:30AM ET",DOWN,Down,2.0,0.52,,LOSS,NO,-2.0,Up,0x8add470cb965c01bda0b01d922f6f00b6873bed01a17eeb0ba42934766c14cb4,78275145016632554920664716240095964079564357517903687560185150719143338265202
2026-04-26T07:30:10.009665+00:00,2026-04-26T07:39:05.259567+00:00,momentum,"Solana Up or Down - April 26, 3:30AM-3:35AM ET",UP,Up,4.0,0.56,,LOSS,NO,-4.0,Down,0x41e99deb945612027ea656cf042913fdf282ebe27c3d5fe7629f76056d1ca20b,76393763379581415535145711684181228692493571484225589292067932818109487203225
2026-04-26T07:30:13.638117+00:00,2026-04-26T07:39:05.397305+00:00,momentum,"Bitcoin Up or Down - April 26, 3:30AM-3:35AM ET",DOWN,Down,16.0,0.52,,WIN,YES,14.769230769230766,Down,0xedd56468b2426d714c9864864e1efdfda3a62eafe1ec511a06b02245788ace61,19000272693258080567303877509790352041785009646808664997633569312297819404873
2026-04-26T07:30:00.244540+00:00,2026-04-26T07:40:06.209149+00:00,momentum,"XRP Up or Down - April 26, 3:30AM-3:35AM ET",DOWN,Down,2.0,0.515,,WIN,YES,1.883495145631068,Down,0x2021530346e56cd2031521adf5878e6dc2680d67514565f9e9e13b6261154453,61096193488949458809972122503291464581769063648838706158695055276855148364733
2026-04-26T07:30:03.627348+00:00,2026-04-26T07:40:06.243989+00:00,momentum,"Ethereum Up or Down - April 26, 3:30AM-3:35AM ET",UP,Up,2.0,0.57,,LOSS,NO,-2.0,Down,0x82cd913515022cf85fc8fa8a1af8a5aa2033c9e76a0e56cd0905ac2808163439,97981603606665799798179509900657355357397762607030799943492478589761495970632
2026-04-26T07:35:01.261040+00:00,2026-04-26T07:44:07.592832+00:00,momentum,"Solana Up or Down - April 26, 3:35AM-3:40AM ET",DOWN,Down,8.0,0.52,,WIN,YES,7.384615384615383,Down,0xf7b77c682320662da6cb7fe1137a5e3658bb4949cf7f6c47d0546e74c40282fc,58773720278204271862653972535353929729829149015656253219045830503314698842397
2026-04-26T07:35:12.040800+00:00,2026-04-26T07:45:07.948497+00:00,momentum,"XRP Up or Down - April 26, 3:35AM-3:40AM ET",UP,Up,2.0,0.54,,LOSS,NO,-2.0,Down,0x7992bfd66c526dc0ad692cf8fa63eca7718b08fe2ceeb332cf910a5dec34ace4,97128347931616530371306883497991182727765952511344132896100398896404173930033
2026-04-26T07:35:01.272104+00:00,2026-04-26T07:46:08.770743+00:00,momentum,"Bitcoin Up or Down - April 26, 3:35AM-3:40AM ET",DOWN,Down,2.0,0.53,,WIN,YES,1.773584905660377,Down,0x560cf6d61535cf0fbda71e0002d82218c4777a51de361375ac18d791db12beed,15335208160095378853334951201613284371974241540315051322098007786630960168538
2026-04-26T07:35:08.969856+00:00,2026-04-26T07:46:08.908008+00:00,momentum,"Ethereum Up or Down - April 26, 3:35AM-3:40AM ET",DOWN,Down,4.0,0.51,,WIN,YES,3.8431372549019605,Down,0xe1161eed83b76657d039bbd2f0b7bc966cff90f45269ccb80d7e235e0b49f348,15356174929934907385839547943588041806111433569357781585135191894543172100808
2026-04-26T07:40:02.695318+00:00,2026-04-26T07:51:11.033274+00:00,momentum,"Ethereum Up or Down - April 26, 3:40AM-3:45AM ET",UP,Up,2.0,0.51,,LOSS,NO,-2.0,Down,0x6bf3980dd100b37b2070a5b7e17ce78543e8f9f94de527c63c591dda85d54cbe,69726491154021406468629007954589104947665141867173041562447051568262808645822
2026-04-26T07:40:06.033259+00:00,2026-04-26T07:51:11.066033+00:00,momentum,"Bitcoin Up or Down - April 26, 3:40AM-3:45AM ET",DOWN,Down,2.0,0.53,,LOSS,NO,-2.0,Up,0xd5dbec6fa5316ed67d26b2288101320a05e15e9e00ccd6327b096c10962e9a85,4973159075391806432317971976602700639752539731139398551911491604873401999189
2026-04-26T07:40:18.747027+00:00,2026-04-26T07:51:11.233880+00:00,momentum,"Solana Up or Down - April 26, 3:40AM-3:45AM ET",DOWN,Down,2.0,0.53,,WIN,YES,1.773584905660377,Down,0xd88e1412508f63c8f314c594170137ba99d122c43a7161811066e334137c7715,94559047028907881851161087792648208718832192498628914588839255904727814305321
2026-04-26T07:40:00.543698+00:00,2026-04-26T07:52:11.675640+00:00,momentum,"XRP Up or Down - April 26, 3:40AM-3:45AM ET",UP,Up,4.0,0.515,,LOSS,NO,-4.0,Down,0x52d3be9e80e3ea4072613115092859142a947afb0dc3db5230ba7bc95cc28403,41176821048466624730505454358517534390316009526226482681506762350066390607196
2026-04-26T07:45:01.871039+00:00,2026-04-26T07:53:12.488966+00:00,momentum,"Bitcoin Up or Down - April 26, 3:45AM-3:50AM ET",UP,Up,4.0,0.57,,WIN,YES,3.0175438596491233,Up,0xabbf72613e65f31e4b66fcfbcd5a5b9c6eecb13015542a39450dbc96964cab9b,16380346182358355691926896382648017946564225641060744554653430437297804420565
2026-04-26T07:45:01.880488+00:00,2026-04-26T07:53:12.641445+00:00,momentum,"Solana Up or Down - April 26, 3:45AM-3:50AM ET",UP,Up,2.0,0.51,,WIN,YES,1.9215686274509802,Up,0xd805e3a2ce01b7bf669a2094978d3f2b64d6c428ba48cfb8bfbb803c1e595a37,5325217344162169485311259424973691815282575574718479676124637308274763700191
2026-04-26T07:45:22.294017+00:00,2026-04-26T07:54:12.587659+00:00,momentum,"XRP Up or Down - April 26, 3:45AM-3:50AM ET",UP,Up,8.0,0.51,,WIN,YES,7.686274509803921,Up,0xbabd78723985851c3f62a0690f4ec3e0c0e38664f02e5ef5bd5180c1efe021d0,109568950505991765436754622870523722782785632790910086081236234882334841220787
2026-04-26T07:45:01.893156+00:00,2026-04-26T07:55:13.461712+00:00,momentum,"Ethereum Up or Down - April 26, 3:45AM-3:50AM ET",UP,Up,2.0,0.59,,WIN,YES,1.3898305084745766,Up,0x29a60db860def7b5241e76cb59b3a4142d710e2c58932933d2fcf4cbcac9c8ec,74572689863213574203809146467008040650484465419949282865201907658289745285
2026-04-26T07:50:04.271144+00:00,2026-04-26T07:59:15.696125+00:00,momentum,"Bitcoin Up or Down - April 26, 3:50AM-3:55AM ET",UP,Up,2.0,0.55,,WIN,YES,1.6363636363636362,Up,0x73274adb88c037ad2b66a5280c452524394f3290ae2c7866ae5efac3f74734b9,77189164167906663562769577661649958968827065423716051890931174448037976004509
2026-04-26T07:50:07.606735+00:00,2026-04-26T08:00:16.442530+00:00,momentum,"Ethereum Up or Down - April 26, 3:50AM-3:55AM ET",DOWN,Down,2.0,0.51,,LOSS,NO,-2.0,Up,0x4842329e678d808f9efac17b2b7c9784b8927737db05d203ef6be39a87c80f0b,9187279217086961749834251226877823398473322345941388287021736763081916521033
2026-04-26T07:50:39.773165+00:00,2026-04-26T08:00:16.631607+00:00,momentum,"XRP Up or Down - April 26, 3:50AM-3:55AM ET",UP,Up,2.0,0.57,,WIN,YES,1.5087719298245617,Up,0xf6daf59ed0618f62be2862d360c33556021a4e30ff63fc31bb0109fd6a01c1b0,71977646467518492342676194700274686853761339749234357813721121053630319472486
2026-04-26T07:50:01.172959+00:00,2026-04-26T08:01:16.963410+00:00,momentum,"Solana Up or Down - April 26, 3:50AM-3:55AM ET",UP,Up,2.0,0.51,,WIN,YES,1.9215686274509802,Up,0x649653fa3135af80bb061bc0e202036149c274fc8eeb14a52248884801ad6307,36089600342464474334129269196012671196552297876982348107725549370710017403669
2026-04-26T07:55:00.549616+00:00,2026-04-26T08:06:19.497346+00:00,momentum,"XRP Up or Down - April 26, 3:55AM-4:00AM ET",UP,Up,2.0,0.515,,WIN,YES,1.883495145631068,Up,0xe9f532dae5c666e322a4b29a871866b747b62ac414fb5d56679a00070e555be2,57878714570339447616674707404967384911508830944402787218027688507267492229104
2026-04-26T07:55:01.631727+00:00,2026-04-26T08:06:19.839268+00:00,momentum,"Bitcoin Up or Down - April 26, 3:55AM-4:00AM ET",UP,Up,2.0,0.99,,WIN,YES,0.020202020202020332,Up,0x9f6fb2837d539d91bb07f4b3b9f352d70e988a013aad9ea85056f64c24ae5ab4,3273924188314825288804092268807862670900648278115787363193525871633572139200
2026-04-26T07:55:01.642723+00:00,2026-04-26T08:06:20.096211+00:00,momentum,"Solana Up or Down - April 26, 3:55AM-4:00AM ET",UP,Up,2.0,0.99,,WIN,YES,0.020202020202020332,Up,0xafc776ecf90be93fb0f031ceee2f85c244169201e1637ef7cbf54acf07ad76cd,12612496595606089972108330715270915795816762839426255922489149825081121979155
2026-04-26T07:55:01.661449+00:00,2026-04-26T08:06:20.348448+00:00,momentum,"Ethereum Up or Down - April 26, 3:55AM-4:00AM ET",UP,Up,2.0,0.99,,WIN,YES,0.020202020202020332,Up,0xea8ff93f1d519ba2054814a27ab52e5b6664a52ac954f7a46c68823b10885880,54372279270959290602535459160972399567606691549230608880054949988934797713481
2026-04-26T08:00:00.647592+00:00,2026-04-26T08:08:21.256840+00:00,momentum,"Ethereum Up or Down - April 26, 4:00AM-4:05AM ET",DOWN,Down,2.0,0.55,,LOSS,NO,-2.0,Up,0xefbff447d7f1392412db5150bf4e38c2b39f53208cc17c7e576081bab06d7152,78326693350971809218883382286713677227232108152694654209074549951016925277926
2026-04-26T08:00:00.654719+00:00,2026-04-26T08:08:21.293185+00:00,momentum,"Solana Up or Down - April 26, 4:00AM-4:05AM ET",DOWN,Down,2.0,0.52,,LOSS,NO,-2.0,Up,0x8ed042f592e2f0949890b8a1d3011b77ffb0affe901822a27d6e0e59b46eca85,95766608844367004424396293473010319425862646273717043595374774134622671729153
2026-04-26T08:00:07.074094+00:00,2026-04-26T08:08:21.325643+00:00,momentum,"XRP Up or Down - April 26, 4:00AM-4:05AM ET",UP,Up,2.0,0.54,,LOSS,NO,-2.0,Down,0xcb76a902a7f939e34bc168a401b159ee0f0c94a8e2d31ab23ea483219a4d6f9e,104364441532101707484086506906815310416922255918665648408763463378728065182335
2026-04-26T08:00:00.638067+00:00,2026-04-26T08:10:21.968383+00:00,momentum,"Bitcoin Up or Down - April 26, 4:00AM-4:05AM ET",DOWN,Down,2.0,0.55,,LOSS,NO,-2.0,Up,0xcc91f1c529189b24d03db9dbed274ff829223fb6c66c622b90308f0d9d6d81df,12827325172774716339184306465224298801652304481684818570811316150624460338831
2026-04-26T08:05:00.920073+00:00,2026-04-26T08:14:25.014476+00:00,momentum,"XRP Up or Down - April 26, 4:05AM-4:10AM ET",DOWN,Down,4.0,0.52,,WIN,YES,3.6923076923076916,Down,0x69f969cbe089c2c99effd879fee898a5fcd6ca063647b516fd55480dacaf3fd2,88534443706474603334615646710267675265674732978352326852304080282076963278492
2026-04-26T08:05:00.895987+00:00,2026-04-26T08:15:24.959372+00:00,momentum,"Bitcoin Up or Down - April 26, 4:05AM-4:10AM ET",DOWN,Down,4.0,0.54,,WIN,YES,3.4074074074074066,Down,0x661822fb5936049b22ffd6f4d7de3dacc4c01259df9fb7bae4e3dfa712311258,17704805002171472226373031661552480286157394851869263766983919098214711249722
2026-04-26T08:05:00.905588+00:00,2026-04-26T08:15:25.158804+00:00,momentum,"Solana Up or Down - April 26, 4:05AM-4:10AM ET",DOWN,Down,4.0,0.54,,WIN,YES,3.4074074074074066,Down,0xa343e6975f4958faeed96db617aa7fa1bc6527564d0acb114ba73bc8fe233bcb,55791870911089722551248864803608226579421240262113343649151101030376644842547
2026-04-26T08:05:00.912430+00:00,2026-04-26T08:15:25.190389+00:00,momentum,"Ethereum Up or Down - April 26, 4:05AM-4:10AM ET",DOWN,Down,4.0,0.52,,LOSS,NO,-4.0,Up,0x06b88a59930dd8f48776900c93acdc38600dee3d3711c1293688b80b4d977af9,17022821352515281269075480046178112036614612395355531482362828670103756239736
2026-04-26T08:10:00.124497+00:00,2026-04-26T08:20:27.371490+00:00,momentum,"Solana Up or Down - April 26, 4:10AM-4:15AM ET",DOWN,Down,2.0,0.515,,WIN,YES,1.883495145631068,Down,0x6f963385620fbc582462de856eea0f94bc046d6730cd6164f0f8383b6466cb6d,84078583272617981528416497139038582308256125656764677519840897347355770731091
2026-04-26T08:10:00.099387+00:00,2026-04-26T08:21:27.584158+00:00,momentum,"Ethereum Up or Down - April 26, 4:10AM-4:15AM ET",DOWN,Down,2.0,0.515,,LOSS,NO,-2.0,Up,0xf9e28b860a91fee5bd377e75da89532f2d0f8913cc4e1dc2a7f5d1e06a559734,57696864594947836405395733817913567251088836253703164395262159781759429234609
2026-04-26T08:10:00.111388+00:00,2026-04-26T08:21:27.722197+00:00,momentum,"Bitcoin Up or Down - April 26, 4:10AM-4:15AM ET",DOWN,Down,2.0,0.515,,WIN,YES,1.883495145631068,Down,0xbfe54f24a0d1e418d205782ae8de3666b53840cf1a57d80874b110a79de649af,106849374956526488289204412876944435246587796813323238142358140669361670503179
2026-04-26T08:10:00.117790+00:00,2026-04-26T08:21:27.752246+00:00,momentum,"XRP Up or Down - April 26, 4:10AM-4:15AM ET",UP,Up,2.0,0.51,,LOSS,NO,-2.0,Down,0x6f5e31b67abc130e03ff610d8d3f02ee99c2f112e5cbe3910a35a39d4f3f320e,44129229503608036095899179173483802879471408841589518038134427081743255582513
2026-04-26T08:15:01.447821+00:00,2026-04-26T08:26:31.236417+00:00,momentum,"Solana Up or Down - April 26, 4:15AM-4:20AM ET",DOWN,Down,2.0,0.53,,WIN,YES,1.773584905660377,Down,0x50c6dae309637924299d23097634468340404b2cc6d5c7e16660382740437923,29753834416848964492710608507816803335323564256001801866296500813989274894528
2026-04-26T08:15:01.310582+00:00,2026-04-26T08:27:31.964219+00:00,momentum,"Bitcoin Up or Down - April 26, 4:15AM-4:20AM ET",DOWN,Down,2.0,0.51,,WIN,YES,1.9215686274509802,Down,0xd60f1c0b5d84f21625beca9b3be015b7303f51499f9beb030e22c3aff97e0a67,44000940295244906104899413887890767728482295932789649026587836045383874882682
2026-04-26T08:15:01.527238+00:00,2026-04-26T08:27:32.120687+00:00,momentum,"Ethereum Up or Down - April 26, 4:15AM-4:20AM ET",DOWN,Down,4.0,0.61,,WIN,YES,2.557377049180328,Down,0x839967ede3db5c768f6a22ff1fac158f799fee6665be8332d6e5433f2021c29e,24730431472331646075752921638008339107964635791196186462136430023512175811942
2026-04-26T08:15:01.650469+00:00,2026-04-26T08:27:32.256845+00:00,momentum,"XRP Up or Down - April 26, 4:15AM-4:20AM ET",DOWN,Down,2.0,0.53,,WIN,YES,1.773584905660377,Down,0x1b130d49593cb337d13739bab4ba548035e3838a668528e8a63bc8876310f3bb,63073639985229624518314773663496805594426075078175331561639904570765892404268
2026-04-26T08:20:01.394791+00:00,2026-04-26T08:29:34.155031+00:00,momentum,"Bitcoin Up or Down - April 26, 4:20AM-4:25AM ET",UP,Up,2.0,0.53,,WIN,YES,1.773584905660377,Up,0x5aff992e1f3f81048323188f344b23f0e326a8caf55f304e7ef438ac44398957,107100620804993179132287246483204593351929562248558208548419245337196757118604
2026-04-26T08:20:01.404315+00:00,2026-04-26T08:30:34.759713+00:00,momentum,"Ethereum Up or Down - April 26, 4:20AM-4:25AM ET",DOWN,Down,2.0,0.53,,WIN,YES,1.773584905660377,Down,0xd39d58ca35dfb0257e2ad1059c7e75c2995534447b11840314cde9b8ec108d8b,27431368290584578433123465988670646979052156901383716621337303180029957245784
2026-04-26T08:20:01.415447+00:00,2026-04-26T08:30:34.896543+00:00,momentum,"XRP Up or Down - April 26, 4:20AM-4:25AM ET",DOWN,Down,2.0,0.57,,WIN,YES,1.5087719298245617,Down,0x7cb41361097e32b011b19c7b4668d5d55e81caea5a90d045ff8bc6e92b7b51f4,111422990798745317243951436106241054159961835301195179925195735903488946783265
2026-04-26T08:20:01.424848+00:00,2026-04-26T08:30:34.936872+00:00,momentum,"Solana Up or Down - April 26, 4:20AM-4:25AM ET",DOWN,Down,2.0,0.52,,LOSS,NO,-2.0,Up,0x9236bf57481458d2274dc7aae25bb0a14d846b8b06396ea8dd6de856170aedf9,67942092622189721778245678478363127457186278981660989158710889378368968131255
2026-04-26T08:25:01.703217+00:00,2026-04-26T08:35:36.852047+00:00,momentum,"Bitcoin Up or Down - April 26, 4:25AM-4:30AM ET",UP,Up,2.0,0.63,,WIN,YES,1.1746031746031744,Up,0xd2eb78b2815c972fcb345ba3332ad8eb0949031bee058b3905dc72162311d75c,78051443900164729679562261375175372586665973957380445663294360247500397387453
2026-04-26T08:25:01.725431+00:00,2026-04-26T08:35:37.106840+00:00,momentum,"XRP Up or Down - April 26, 4:25AM-4:30AM ET",DOWN,Down,2.0,0.51,,WIN,YES,1.9215686274509802,Down,0xbd3ccee91f209e93a2b1b467657f769535b87d4af064efc101638d94501f96cd,114333587833264201165149892368125226496198130609491518126868768786328646002005
2026-04-26T08:25:00.578551+00:00,2026-04-26T08:36:37.266111+00:00,momentum,"Solana Up or Down - April 26, 4:25AM-4:30AM ET",DOWN,Down,2.0,0.52,,LOSS,NO,-2.0,Up,0x81c93f3df70a843d3445440864a028fcb8e5230e2e7b387bdc6051a659eb0956,22357427687550333254599716021414774992120208166256075306839486903988978215184
2026-04-26T08:25:01.716110+00:00,2026-04-26T08:36:37.303723+00:00,momentum,"Ethereum Up or Down - April 26, 4:25AM-4:30AM ET",DOWN,Down,2.0,0.51,,LOSS,NO,-2.0,Up,0x32f64e25519633a02017526156cc138431806b19c0d9de606fd459a14b3bdba5,70692003069400935442018652035974944484586705444282204790752940014992083225435
2026-04-26T08:30:01.313036+00:00,2026-04-26T08:38:38.857156+00:00,momentum,"Ethereum Up or Down - April 26, 4:30AM-4:35AM ET",DOWN,Down,2.0,0.52,,LOSS,NO,-2.0,Up,0xac967cf65a56084a1a69499233fe9dbdc98e860b7b3ed2708f168a24e9e622e1,11748653036067872161687466653474527370255782628206136097377028358693660209671
2026-04-26T08:30:02.344521+00:00,2026-04-26T08:38:39.127096+00:00,momentum,"XRP Up or Down - April 26, 4:30AM-4:35AM ET",UP,Up,2.0,0.52,,WIN,YES,1.8461538461538458,Up,0x8d47a947b35cf042c913e32f16de5e0c802d1798082a2f74216b3425d6dfd198,5947231224636179691547879257868852103318356104701256618922882997781692297930
2026-04-26T08:30:01.305060+00:00,2026-04-26T08:39:39.041683+00:00,momentum,"Bitcoin Up or Down - April 26, 4:30AM-4:35AM ET",DOWN,Down,2.0,0.53,,LOSS,NO,-2.0,Up,0x099d3219af06263542871e7dcc924a18aa96e0248411649a8d888b802228d01d,22321116359514158122458945248108952469094473944082328496323492538136628250527
2026-04-26T08:30:02.333938+00:00,2026-04-26T08:39:39.076161+00:00,momentum,"Solana Up or Down - April 26, 4:30AM-4:35AM ET",DOWN,Down,2.0,0.51,,LOSS,NO,-2.0,Up,0x619e8fdb700503b221d48478d627de1d719ff04825c5a4980f3a7fb09d0f6114,69662766913659716116495820256019722443211345674138076773848749407841382508945
2026-04-26T08:35:01.810990+00:00,2026-04-26T08:45:41.367406+00:00,momentum,"Bitcoin Up or Down - April 26, 4:35AM-4:40AM ET",DOWN,Down,4.0,0.53,,LOSS,NO,-4.0,Up,0x995e381e9d3679538aef37c94d11ab2078dc4d7d482e9f5406ea932cbc70e8ca,18732659207524994072587220914457977527459753069266410295100377904111202231234
2026-04-26T08:35:01.824561+00:00,2026-04-26T08:45:41.406778+00:00,momentum,"Ethereum Up or Down - April 26, 4:35AM-4:40AM ET",DOWN,Down,4.0,0.54,,LOSS,NO,-4.0,Up,0xa8e807653f5d0b927c1d1599881b35c0c7db3d6b5c4bb747dbc923d6824ac84c,106873524125024167459298451326897682735050042438766828273650727610921275631143
2026-04-26T08:35:04.930899+00:00,2026-04-26T08:45:41.584900+00:00,momentum,"XRP Up or Down - April 26, 4:35AM-4:40AM ET",UP,Up,2.0,0.67,,WIN,YES,0.9850746268656714,Up,0xe5e2cdfb0d6b9b26cd39919f095e97878894a9373871b380c1a30f729a400983,14798009281280338391806936890242462561505807078569093006256231687247675568577
2026-04-26T08:35:14.259992+00:00,2026-04-26T08:46:41.573091+00:00,momentum,"Solana Up or Down - April 26, 4:35AM-4:40AM ET",UP,Up,4.0,0.53,,LOSS,NO,-4.0,Down,0x293ab17b61892878330b5a22868ab129ca8efa7a638e879f2fbf2576ef8839e6,92114452717748133899769234100974529795258637011384836745742305175608833466972
2026-04-26T08:40:00.742636+00:00,2026-04-26T08:50:43.965183+00:00,momentum,"XRP Up or Down - April 26, 4:40AM-4:45AM ET",UP,Up,2.0,0.515,,LOSS,NO,-2.0,Down,0xb75e370e8171418b365e6e1eb884bb46b91dd98dc775016ca54b6aa73ccdbdd2,8639963337814138543804823177657381609108864399515026343822998645182322364116
2026-04-26T08:40:00.709102+00:00,2026-04-26T08:51:44.289611+00:00,momentum,"Ethereum Up or Down - April 26, 4:40AM-4:45AM ET",DOWN,Down,8.0,0.515,,WIN,YES,7.533980582524272,Down,0xfd702456531413d2cf9983c8f1d57334892e3155df4d093ad791a36536a66866,105922627236682990902971936465788701454975030929881698983272959338003288247683
2026-04-26T08:40:34.036963+00:00,2026-04-26T08:51:44.320428+00:00,momentum,"Bitcoin Up or Down - April 26, 4:40AM-4:45AM ET",UP,Up,8.0,0.64,,LOSS,NO,-8.0,Down,0x2174f1e5a2b1d5d765dc698b2f63012ab5487432a5daa50aa028c728418884d6,13936271033272705835042382295426647455048985902379780749951811439504983781842
2026-04-26T08:40:34.045239+00:00,2026-04-26T08:51:44.478043+00:00,momentum,"Solana Up or Down - April 26, 4:40AM-4:45AM ET",DOWN,Down,8.0,0.52,,WIN,YES,7.384615384615383,Down,0xcfe12a8403ded0bc7ffb4b68a65059d119429c6c14a357c4e7cf2f3deab75c96,37645262520750553221739245106591992471634147867582180293385277799200687666005
2026-04-26T08:45:01.249233+00:00,2026-04-26T08:53:45.924577+00:00,momentum,"Ethereum Up or Down - April 26, 4:45AM-4:50AM ET",DOWN,Down,2.0,0.52,,LOSS,NO,-2.0,Up,0x1d1510908b85e7979748e76c9fdbd62491cb342d829fcd2e29cd17b0265b8380,32186396982845007270868127599417181875600174255365177167159897924781828124589
2026-04-26T08:45:01.126245+00:00,2026-04-26T08:54:45.740742+00:00,momentum,"XRP Up or Down - April 26, 4:45AM-4:50AM ET",DOWN,Down,4.0,0.51,,WIN,YES,3.8431372549019605,Down,0x277a7a177cb57f460d5bf0147c296e565259e85b180f5bce9b820307be0c76ee,63007333266363780026460364111997751398940074185384753178894582960687972703793
2026-04-26T08:45:01.191146+00:00,2026-04-26T08:54:45.879890+00:00,momentum,"Bitcoin Up or Down - April 26, 4:45AM-4:50AM ET",DOWN,Down,16.0,0.57,,WIN,YES,12.070175438596493,Down,0x3542176d7b5775cbf25ad16ce1dab31f47fa9fa3b0af1024f5b52c7cd5ccd936,14914787570771340061862269595636071207004632369426445360864530865550268878823
2026-04-26T08:45:01.288748+00:00,2026-04-26T08:57:47.353699+00:00,momentum,"Solana Up or Down - April 26, 4:45AM-4:50AM ET",DOWN,Down,2.0,0.51,,WIN,YES,1.9215686274509802,Down,0xa2f04ce158f5761bda888eec6782dbbadc0dce96960111cda77017e8bef7bc46,13400823355627538242025937182641445561327100107252169513533516354904557471824
2026-04-26T08:50:01.411059+00:00,2026-04-26T08:59:48.282485+00:00,momentum,"Bitcoin Up or Down - April 26, 4:50AM-4:55AM ET",DOWN,Down,2.0,0.51,,LOSS,NO,-2.0,Up,0xc8912e3b3250df0f8490a4d43e03da1ff4d7c2ffc07c0900a56c26ca554456f7,39158866422226391950089251371577430123728752495989311728111352898243336740868
2026-04-26T08:50:07.592065+00:00,2026-04-26T08:59:48.419790+00:00,momentum,"XRP Up or Down - April 26, 4:50AM-4:55AM ET",DOWN,Down,2.0,0.51,,LOSS,NO,-2.0,Up,0xa92812c058c3ff04e2182b336488336632f79ef93ede1587fb0b879580bdecf5,91420366287820921602516640422940951109967585322323458897897481825102833459845
2026-04-26T08:50:00.294401+00:00,2026-04-26T09:00:48.143929+00:00,momentum,"Ethereum Up or Down - April 26, 4:50AM-4:55AM ET",DOWN,Down,4.0,0.515,,LOSS,NO,-4.0,Up,0x94cde2bb769d8aad525daebc156a0457c6ed6acb1bb334bbcfcc042a7c8729a9,30500266097311290131278641316717690229608666274927822606033596981456877074343
2026-04-26T08:50:04.492566+00:00,2026-04-26T09:00:48.290761+00:00,momentum,"Solana Up or Down - April 26, 4:50AM-4:55AM ET",UP,Up,2.0,0.54,,WIN,YES,1.7037037037037033,Up,0xe10d71b3fdd1241779f0a1ef3ce5855bdc7ad9d7768baf882dc636ddd8a3f63c,11497575048249258890351090761770087477247118396615499982900127179830958310188
2026-04-26T08:55:01.737546+00:00,2026-04-26T09:05:50.214127+00:00,momentum,"Bitcoin Up or Down - April 26, 4:55AM-5:00AM ET",UP,Up,4.0,0.53,,LOSS,NO,-4.0,Down,0x8c716707c33c9daa983f91ee9b941c1f50081212f7d5f8bac792e9fc19db7d1b,81155592700529441176397399877417271768911002781049791477770155297683419649984
2026-04-26T08:55:01.751213+00:00,2026-04-26T09:05:50.365778+00:00,momentum,"XRP Up or Down - April 26, 4:55AM-5:00AM ET",DOWN,Down,4.0,0.51,,WIN,YES,3.8431372549019605,Down,0x22480ef93740dccf0a890db45158f4d22e5d34b05178c296e6ccf7494d3f138c,2728547054073702289713075093327171341324232728626946182612502175888793139018
2026-04-26T08:55:20.357709+00:00,2026-04-26T09:05:50.506131+00:00,momentum,"Solana Up or Down - April 26, 4:55AM-5:00AM ET",DOWN,Down,2.0,0.53,,WIN,YES,1.773584905660377,Down,0xc0e00258ce56328355227d80cdddb9423bd986c5ff0b6e18fce55b74de08c521,88423498998340405334059896861031769994110775157872720718414794097146904466660
2026-04-26T08:55:00.636556+00:00,2026-04-26T09:06:50.585101+00:00,momentum,"Ethereum Up or Down - April 26, 4:55AM-5:00AM ET",DOWN,Down,8.0,0.515,,WIN,YES,7.533980582524272,Down,0x915bad9f74c1a7d313cc797fc448361df7cb0b58c74477bbbeb9076c63362ab5,104009544363261974619460214767767760822349405323226101141481497358944367080505
2026-04-26T09:00:02.186402+00:00,2026-04-26T09:08:51.953403+00:00,momentum,"Ethereum Up or Down - April 26, 5:00AM-5:05AM ET",DOWN,Down,2.0,0.6,,WIN,YES,1.3333333333333335,Down,0x2dab916ad39806cf28fe3d159e34be4b1bebf018fe21abdb415c6eb6e5a93a95,76617019532178161540374092224778622840557649127322407563202761202741156409840
2026-04-26T09:00:02.177278+00:00,2026-04-26T09:10:52.710134+00:00,momentum,"Bitcoin Up or Down - April 26, 5:00AM-5:05AM ET",DOWN,Down,8.0,0.61,,WIN,YES,5.114754098360656,Down,0x84bd49f8656dbe8b8c9330026b73f77d264cf4a91f1c183c93ab495a12e4ec8f,3982447500550626266492826962382220855304071794357524525169314158401114254812
2026-04-26T09:00:05.254851+00:00,2026-04-26T09:11:52.504904+00:00,momentum,"XRP Up or Down - April 26, 5:00AM-5:05AM ET",DOWN,Down,2.0,0.54,,LOSS,NO,-2.0,Up,0x1933bffd51a2c28e411f120ba366410910c694f20101441ba763a86deef69e1d,44032569295333868703803263608250584675387535314716985220518093712193384307138
2026-04-26T09:00:02.165139+00:00,2026-04-26T09:12:53.336043+00:00,momentum,"Solana Up or Down - April 26, 5:00AM-5:05AM ET",DOWN,Down,2.0,0.6,,WIN,YES,1.3333333333333335,Down,0x795ee035c6547a06d872693d2009e5f075d80c3c88f7574645294affab1b2b3d,6840115028042812123345256863492959939727947202887012793004236683218307357656
2026-04-26T09:05:01.012606+00:00,2026-04-26T09:14:54.193570+00:00,momentum,"Ethereum Up or Down - April 26, 5:05AM-5:10AM ET",DOWN,Down,2.0,0.515,,WIN,YES,1.883495145631068,Down,0xe074d500641273185f98319f5597e3c8455213260a4e12bdd2cbe5d2bf847747,68529252949941518767491237843143437946815862028623138734174898678791430679595
2026-04-26T09:05:03.172495+00:00,2026-04-26T09:14:54.336476+00:00,momentum,"Bitcoin Up or Down - April 26, 5:05AM-5:10AM ET",DOWN,Down,2.0,0.52,,WIN,YES,1.8461538461538458,Down,0x94580e505769172395eda1fb157165f6ee02f2c661df92fef41982ae0cf14332,80607072712060383671828400291565255467986519700417984005388731055530188965201
2026-04-26T09:05:03.196979+00:00,2026-04-26T09:14:54.469452+00:00,momentum,"XRP Up or Down - April 26, 5:05AM-5:10AM ET",UP,Up,4.0,0.99,,LOSS,NO,-4.0,Down,0xaa8ace768df944e4f0e60e2036d707b990aca5bf9a1a7e51e7baa56748d192f7,41934238597358196393156184746741617095111151465352230307820988695246400899040
2026-04-26T09:05:03.184155+00:00,2026-04-26T09:15:54.833999+00:00,momentum,"Solana Up or Down - April 26, 5:05AM-5:10AM ET",UP,Up,2.0,0.51,,LOSS,NO,-2.0,Down,0x3f96c12a26482e7636ccde008714b686e12eb0f83507d2fec2d1a6ab19fa701e,61984203066084164446719578952273122467334214107987512711671724493305266856777
2026-04-26T09:10:00.888581+00:00,2026-04-26T09:20:58.181445+00:00,momentum,"Bitcoin Up or Down - April 26, 5:10AM-5:15AM ET",UP,Up,2.0,0.515,,WIN,YES,1.883495145631068,Up,0xebc4e4e7519a312e267e591325a0c2726b9d29d52fea88fb7c631db7ad9920fc,111187235558766054548200873810052555546958088541458197786684891233108161054142
2026-04-26T09:10:00.896717+00:00,2026-04-26T09:20:58.317968+00:00,momentum,"XRP Up or Down - April 26, 5:10AM-5:15AM ET",UP,Up,8.0,0.515,,WIN,YES,7.533980582524272,Up,0x0450cc450314d7f16e084a37c417e904523e6e678263bf9621bb96815c776a10,91100129027577669249324012607105457980571804344786256670926261957501138844781
2026-04-26T09:10:05.074482+00:00,2026-04-26T09:20:58.569546+00:00,momentum,"Solana Up or Down - April 26, 5:10AM-5:15AM ET",UP,Up,4.0,0.51,,WIN,YES,3.8431372549019605,Up,0x422465b85ed864eebb20204b3ec9f98dc624dc9bf16124c4ebc48214c7f796e4,21246258616081411523034777074715887966586471146886301475644645670727229654097
2026-04-26T09:10:01.970168+00:00,2026-04-26T09:21:58.640314+00:00,momentum,"Ethereum Up or Down - April 26, 5:10AM-5:15AM ET",UP,Up,2.0,0.53,,WIN,YES,1.773584905660377,Up,0x050b314dc879939eb7a35a3abf0ef68204c6e750981cb6f7d4d1cd4f1efff6f6,36477558779942044723062819850675054538769497923383508909328498743959955927732
2026-04-26T09:15:00.076905+00:00,2026-04-26T09:27:01.034084+00:00,momentum,"Bitcoin Up or Down - April 26, 5:15AM-5:20AM ET",UP,Up,2.0,0.515,,LOSS,NO,-2.0,Down,0x76960dab6089e2c753c70a791f857f54bed02d3219de0b571cecb8226e5ec095,51264443418573852345688924019008087537907681172021931828091105097531054501415
2026-04-26T09:15:00.091522+00:00,2026-04-26T09:27:01.067929+00:00,momentum,"XRP Up or Down - April 26, 5:15AM-5:20AM ET",UP,Up,2.0,0.515,,LOSS,NO,-2.0,Down,0xa26753be8fe4954966b76f646582f88d6ef14222518d4540afb61057fea41eb0,14057541619781939776149031943599680924696314420026508514604796656693561901720
2026-04-26T09:15:02.176053+00:00,2026-04-26T09:28:01.832715+00:00,momentum,"Solana Up or Down - April 26, 5:15AM-5:20AM ET",UP,Up,2.0,0.51,,LOSS,NO,-2.0,Down,0x0b5c80cc86a5d208ca05031ff87dfdd774bf965bb4a49e0d0d76a580ba98ba6a,111428267144296274748638747529181907730977248960758987688873608463327314393467
2026-04-26T09:15:02.189605+00:00,2026-04-26T09:28:01.971880+00:00,momentum,"Ethereum Up or Down - April 26, 5:15AM-5:20AM ET",DOWN,Down,2.0,0.51,,WIN,YES,1.9215686274509802,Down,0x47cb29188802e2a2fe95f9b55b1f264d11faa1093a7a6da3c9b145c9f28916e4,51851406883436098394607390199496740169996773578173649896058551376933260582015
2026-04-26T09:20:00.178314+00:00,2026-04-26T09:30:02.949404+00:00,momentum,"Bitcoin Up or Down - April 26, 5:20AM-5:25AM ET",DOWN,Down,4.0,0.56,,LOSS,NO,-4.0,Up,0x7a89804e55091ccbdf63b741f59ba662e7728891f548447de29fcfcb85bca6d2,64432225392903592543121003444559206309094682763123543685255112283201177877476
2026-04-26T09:20:00.188270+00:00,2026-04-26T09:31:03.847623+00:00,momentum,"XRP Up or Down - April 26, 5:20AM-5:25AM ET",UP,Up,4.0,0.51,,WIN,YES,3.8431372549019605,Up,0xd9de7bbf4d414b620ba27316399f3dd6645b08565280573f01432ca1154e69d2,114393552909013698431727501261420278387430704143739418712478387471973920722118
2026-04-26T09:20:03.319418+00:00,2026-04-26T09:31:04.016531+00:00,momentum,"Ethereum Up or Down - April 26, 5:20AM-5:25AM ET",UP,Up,2.0,0.65,,WIN,YES,1.0769230769230766,Up,0xd5cbb5c52055686276070b1e4e9e72b0bcda45cf4c30015eae129e27c5cc4687,46404772912131463349453392703146077354758640247114682950141374921553533241916
2026-04-26T09:20:06.485457+00:00,2026-04-26T09:31:04.157769+00:00,momentum,"Solana Up or Down - April 26, 5:20AM-5:25AM ET",UP,Up,4.0,0.53,,WIN,YES,3.547169811320754,Up,0xf0a82b3814115b3366ad974bf0780fad17a7a1316dc07a049c3e45ba0a075e2e,16185848280887064473558263751088797890011325671407504100142929048949205860670
2026-04-26T09:25:00.306944+00:00,2026-04-26T09:36:06.817769+00:00,momentum,"Bitcoin Up or Down - April 26, 5:25AM-5:30AM ET",DOWN,Down,8.0,0.56,,WIN,YES,6.285714285714285,Down,0x47c8cd4e5c84cbdd2d872ef18726c2f90659a8b662e4c78ec11d3ab1fdfc78b1,96662335359608884290148371354473762443173312140327513266281663371313171894942
2026-04-26T09:25:07.118078+00:00,2026-04-26T09:36:07.070842+00:00,momentum,"XRP Up or Down - April 26, 5:25AM-5:30AM ET",UP,Up,2.0,0.56,,WIN,YES,1.5714285714285712,Up,0x503a252dc937c039736c116edd46dd6f750954c8ad44162d2f3fc23501f76653,25713245124720352775014394592219831517820536290072798221125841368839144026446
2026-04-26T09:25:00.319283+00:00,2026-04-26T09:37:07.076437+00:00,momentum,"Ethereum Up or Down - April 26, 5:25AM-5:30AM ET",DOWN,Down,2.0,0.51,,WIN,YES,1.9215686274509802,Down,0xeb0cc126fe1993217d12a43896863640372a6b5cdf56691189e3d21ff7346717,81399799497576441663407855230813777177048043022119552180040273788711332491128
2026-04-26T09:25:13.255257+00:00,2026-04-26T09:37:07.212643+00:00,momentum,"Solana Up or Down - April 26, 5:25AM-5:30AM ET",DOWN,Down,2.0,0.54,,WIN,YES,1.7037037037037033,Down,0x8af8fc5518f3fa9f695a2ac4e2763feab4e0e417a88fc13964f657b476863a3d,14012986019605660979576678066998044566248978628528002765334712646336986838429
2026-04-26T09:30:01.610963+00:00,2026-04-26T09:38:08.182028+00:00,momentum,"Ethereum Up or Down - April 26, 5:30AM-5:35AM ET",DOWN,Down,2.0,0.51,,WIN,YES,1.9215686274509802,Down,0x156d249f6d9cd596d5d43734938a51da0db08c5c31eb16853505779069771f0e,44904258575235476734480633454641313040625404715218223965204775320116024239257
2026-04-26T09:30:01.687227+00:00,2026-04-26T09:40:10.136211+00:00,momentum,"Bitcoin Up or Down - April 26, 5:30AM-5:35AM ET",DOWN,Down,2.0,0.51,,WIN,YES,1.9215686274509802,Down,0xd08d77432b646034590da4930ce5bae15ea297ed26e99496c0117c5bafe3dc47,86137862064685437309081765231044128703064021416314095702425462339370671623621
2026-04-26T09:30:01.596765+00:00,2026-04-26T09:42:11.036481+00:00,momentum,"Solana Up or Down - April 26, 5:30AM-5:35AM ET",UP,Up,2.0,0.51,,LOSS,NO,-2.0,Down,0xb8dc2456fcfac56a5f777ae4deec62f81a67f4f72f778b0fdfe534fb167f5b85,86460606897333886678201456816835262620883713555519576779947831526982338255793
2026-04-26T09:30:01.635193+00:00,2026-04-26T09:42:11.069866+00:00,momentum,"XRP Up or Down - April 26, 5:30AM-5:35AM ET",UP,Up,2.0,0.51,,LOSS,NO,-2.0,Down,0x0172372a5a2618a99f7f413ec3fad41367987ca23e1c6cf049ce024d7f0dcecf,3533775894898733164595562512899010054774454132050472476570318842117388283293
2026-04-26T09:35:01.792180+00:00,2026-04-26T09:45:12.253381+00:00,momentum,"Bitcoin Up or Down - April 26, 5:35AM-5:40AM ET",UP,Up,2.0,0.58,,LOSS,NO,-2.0,Down,0xc550499e3fae430934770a39b653871040422e510c33e7c911f2b3512ac3564a,17100795722285898835072719285264530991754824522434446722245058096725431210057
2026-04-26T09:35:05.117571+00:00,2026-04-26T09:45:12.436444+00:00,momentum,"Ethereum Up or Down - April 26, 5:35AM-5:40AM ET",DOWN,Down,2.0,0.52,,LOSS,NO,-2.0,Up,0x333f17351abd245e86099ab6978ca8033523c0f7f255865766b5bea06c3cc766,102113520248195869729517725863749835580739893583637444724286283276359269500585
2026-04-26T09:35:05.128168+00:00,2026-04-26T09:45:12.557580+00:00,momentum,"XRP Up or Down - April 26, 5:35AM-5:40AM ET",DOWN,Down,4.0,0.55,,WIN,YES,3.2727272727272725,Down,0x797299dd9dd0a45fc2a253a7caff5157de812b07da28987b6d8416888f27204c,48291450498123029556597663981327811092830236935121809221339937297940971721624
2026-04-26T09:35:01.916552+00:00,2026-04-26T09:46:12.624560+00:00,momentum,"Solana Up or Down - April 26, 5:35AM-5:40AM ET",DOWN,Down,2.0,0.51,,WIN,YES,1.9215686274509802,Down,0x45a9069d359715ab7240a666c93a96fb324b3aa47a4313c29f15285622875299,19886205634478446781950970266208558505229644692692602972350552252143155119226
2026-04-26T09:40:01.261541+00:00,2026-04-26T09:50:14.910932+00:00,momentum,"Ethereum Up or Down - April 26, 5:40AM-5:45AM ET",DOWN,Down,4.0,0.52,,LOSS,NO,-4.0,Up,0xbf082e81f85dd0d0011a3601a1f6ed477d84f8993c899b8abbbe0bbe1b88ce4d,61918418388584999354638930550760109893371355662588641394978598292417349859855
2026-04-26T09:40:00.216456+00:00,2026-04-26T09:51:15.922496+00:00,momentum,"Bitcoin Up or Down - April 26, 5:40AM-5:45AM ET",UP,Up,4.0,0.53,,WIN,YES,3.547169811320754,Up,0x1603a8c23f16d95eb2e9dc5ed6ea4ee8ba3bbc3a70ea4c5d42429a327224d7f2,28400958764159529580624023904888831159103438745161178909935049155491141788411
2026-04-26T09:40:01.245935+00:00,2026-04-26T09:51:16.096289+00:00,momentum,"XRP Up or Down - April 26, 5:40AM-5:45AM ET",UP,Up,2.0,0.99,,WIN,YES,0.020202020202020332,Up,0x15c2070998b40842fd293eb6666f4066fc70496923adafe1cba6bcf1168f04a5,47559109553199241806112709332457609302551366637996762176982645441311008212367
2026-04-26T09:40:01.272425+00:00,2026-04-26T09:51:16.261269+00:00,momentum,"Solana Up or Down - April 26, 5:40AM-5:45AM ET",UP,Up,2.0,0.99,,WIN,YES,0.020202020202020332,Up,0x549a49a36bcd57feb81bc3bba5a6e9cb214fa594d28a4e76f1bae4001b771659,115649623587633812286391997803748271090517711366776974742767538034623019646944
2026-04-26T09:45:00.438934+00:00,2026-04-26T09:53:17.924344+00:00,momentum,"Solana Up or Down - April 26, 5:45AM-5:50AM ET",UP,Up,2.0,0.51,,WIN,YES,1.9215686274509802,Up,0x71bb60d0962bb448af112b2a38abe5d0bd217da52a4041fd0af833ee2fe72841,107484194526027581110077916044771070276163823737064965851503319649607792609272
2026-04-26T09:45:03.582668+00:00,2026-04-26T09:54:18.189435+00:00,momentum,"XRP Up or Down - April 26, 5:45AM-5:50AM ET",DOWN,Down,2.0,0.52,,LOSS,NO,-2.0,Up,0x12f428563fed9fad0423f78834c62e820fb84478f4d73fbe97e69d3284ae2e05,94348830166242593176277386377999745287834345915154047875994488909858885979806
2026-04-26T09:45:00.420355+00:00,2026-04-26T09:55:18.426989+00:00,momentum,"Ethereum Up or Down - April 26, 5:45AM-5:50AM ET",DOWN,Down,8.0,0.51,,WIN,YES,7.686274509803921,Down,0xb45512ad82c05164073c2c03ed11f77bc8b6dd0ba597c29096a21b8389c901f7,77726897933928445866993212805977325962032300862040095881721642523030686800825
2026-04-26T09:45:03.568658+00:00,2026-04-26T09:55:18.587890+00:00,momentum,"Bitcoin Up or Down - April 26, 5:45AM-5:50AM ET",DOWN,Down,2.0,0.51,,WIN,YES,1.9215686274509802,Down,0x298a5298aa83159835c602f4bd600b78bf9748354da33d0721835e4d448e8182,40054074858583770879754231083771841811942877714405894912809727670923672445215
2026-04-26T09:50:03.121285+00:00,2026-04-26T09:59:20.406685+00:00,momentum,"Bitcoin Up or Down - April 26, 5:50AM-5:55AM ET",UP,Up,2.0,0.52,,WIN,YES,1.8461538461538458,Up,0x5fd8d3959f0bae8693b507bae56eda2d6ea459f0180cbd688abee18b8335f2f5,7696459099892138588751512722570608309193032675859704515381908197777838812090
2026-04-26T09:50:26.456911+00:00,2026-04-26T09:59:20.556179+00:00,momentum,"Solana Up or Down - April 26, 5:50AM-5:55AM ET",UP,Up,2.0,0.51,,WIN,YES,1.9215686274509802,Up,0xce6c9420f75d5480ccac51ddd2ca33fef984e3f3c45106bd645b5561c0e348c7,9619052671865951600264668693566012248687999490466173446173554141361440635693
2026-04-26T09:50:01.021143+00:00,2026-04-26T10:01:20.954071+00:00,momentum,"Ethereum Up or Down - April 26, 5:50AM-5:55AM ET",DOWN,Down,2.0,0.515,,LOSS,NO,-2.0,Up,0xc6ff756d1a696eebb4a773d598f0a97701f18ca9c411cf8df627b4cae6753b84,55296175538986388118003252134519522105465681901292342165889566095102852695047
2026-04-26T09:50:03.111253+00:00,2026-04-26T10:01:20.992098+00:00,momentum,"XRP Up or Down - April 26, 5:50AM-5:55AM ET",DOWN,Down,4.0,0.55,,LOSS,NO,-4.0,Up,0x4004edacda2360ec5122b06b4fb0ef9b42ad70fddb8cf982788914a5d9fcd35e,69846974029572966015595398963903005856144707221207342252662790765756284634775
2026-04-26T09:55:02.392712+00:00,2026-04-26T10:05:22.929313+00:00,momentum,"Ethereum Up or Down - April 26, 5:55AM-6:00AM ET",DOWN,Down,4.0,0.52,,LOSS,NO,-4.0,Up,0x8e5d794bc2c954a9d7a78d8ce7bc30e37816aeecac6d363c30889845d569a557,3189535460725858781016446796917866313641302677230447022144461402798158897686
2026-04-26T09:55:02.364928+00:00,2026-04-26T10:06:24.034375+00:00,momentum,"Bitcoin Up or Down - April 26, 5:55AM-6:00AM ET",UP,Up,2.0,0.51,,WIN,YES,1.9215686274509802,Up,0x3579fb8db4b7c14136fd535f67c68e03de5d174ffabea70ba8c420021ae36885,107976702029613994884099000067012700390724187923878208880112633218437834543137
2026-04-26T09:55:02.378953+00:00,2026-04-26T10:06:24.184961+00:00,momentum,"XRP Up or Down - April 26, 5:55AM-6:00AM ET",DOWN,Down,8.0,0.61,,WIN,YES,5.114754098360656,Down,0x1073cd83a57b4befc58ee6850f71a3bf955a7d43011db6bd458f56869d73fff2,18231129218198133069250741741803909749518775690247398795301817961293453644364
2026-04-26T09:55:11.823720+00:00,2026-04-26T10:06:24.218085+00:00,momentum,"Solana Up or Down - April 26, 5:55AM-6:00AM ET",DOWN,Down,2.0,0.55,,LOSS,NO,-2.0,Up,0x2f3bf6364403a0e504f56bf6ff3b59e9c1c04b2b0600b074276f6f93c468d60a,45669035079342125173719652269887740435437644490780438409744358689552507857792
2026-04-26T10:00:02.607703+00:00,2026-04-26T10:08:24.898755+00:00,momentum,"Ethereum Up or Down - April 26, 6:00AM-6:05AM ET",DOWN,Down,8.0,0.63,,WIN,YES,4.698412698412698,Down,0x236562220329b6eabab5b43fd143b0232a40567525140d931afa94efe6bb4822,57128576694890549550571114006406142064219499102887616354879877504402890732379
2026-04-26T10:00:02.586561+00:00,2026-04-26T10:09:24.645310+00:00,momentum,"Bitcoin Up or Down - April 26, 6:00AM-6:05AM ET",DOWN,Down,2.0,0.65,,WIN,YES,1.0769230769230766,Down,0x85ecfc7775bda968994134f4f0c1244fa4993e04bb5819a9f6103e6da17d23a4,64874948828077118370249983624899339102961204119218249204373710017797692876959
2026-04-26T10:00:02.634952+00:00,2026-04-26T10:09:24.792741+00:00,momentum,"XRP Up or Down - April 26, 6:00AM-6:05AM ET",DOWN,Down,2.0,0.68,,WIN,YES,0.9411764705882351,Down,0x94221485f177474c6deb9c8272195b0c864d56286df84b23c34ff9688909ec2b,39022834549060927464181457555073362850122798454230255317126300284885685298647
2026-04-26T10:00:11.799438+00:00,2026-04-26T10:09:24.939650+00:00,momentum,"Solana Up or Down - April 26, 6:00AM-6:05AM ET",DOWN,Down,2.0,0.63,,WIN,YES,1.1746031746031744,Down,0xaec9b264fad34abfdc7a40bcd9b4115bea9682f8807f25090ca8c0ad9b914227,58937687594899902586279772770723274022489072778887221880354797149943974910724
2026-04-26T10:05:00.469787+00:00,2026-04-26T10:14:27.564046+00:00,momentum,"Ethereum Up or Down - April 26, 6:05AM-6:10AM ET",DOWN,Down,2.0,0.515,,LOSS,NO,-2.0,Up,0x1084750adcb71b7c020a0910b3af43839f8bbf27e846ae04f8c7fdeddb9fbe5c,55713912036434835668294428811795805088865085652272743703596571929021327861237
2026-04-26T10:05:02.554744+00:00,2026-04-26T10:14:27.736009+00:00,momentum,"Bitcoin Up or Down - April 26, 6:05AM-6:10AM ET",UP,Up,2.0,0.52,,WIN,YES,1.8461538461538458,Up,0x75f78ac38eb8e04ac6ab6688f1ea1cdae6296d190b3b80a52e8b751cb0be59e2,38837570539095820427796638030988979286282783967555874726248716410135073868951
2026-04-26T10:05:02.574392+00:00,2026-04-26T10:15:28.255202+00:00,momentum,"XRP Up or Down - April 26, 6:05AM-6:10AM ET",DOWN,Down,2.0,0.52,,LOSS,NO,-2.0,Up,0x736fde24f9d851170141b385ab4c866a5daa99b8ba775063a60c6a305f1ca83e,33546841949044879236826451828391415905093727428134332297229218477637935500910
2026-04-26T10:05:17.916939+00:00,2026-04-26T10:15:28.292306+00:00,momentum,"Solana Up or Down - April 26, 6:05AM-6:10AM ET",DOWN,Down,2.0,0.51,,LOSS,NO,-2.0,Up,0xcd602a0f7ade8677d944038e4dcbebd03481c14ea2e743e9688723daf26be4a6,72353365847970782579050156280641635205367617490956867239284840702956727100568
2026-04-26T10:10:00.179790+00:00,2026-04-26T10:21:30.535546+00:00,momentum,"Ethereum Up or Down - April 26, 6:10AM-6:15AM ET",DOWN,Down,4.0,0.515,,LOSS,NO,-4.0,Up,0xd955d78a185a8a60031281eefa87c75294f7e1d1c9cc37544d54221ec39d5fa9,50487332565381300829925278386615095242170373418552258123592938939955750276893
2026-04-26T10:10:04.312854+00:00,2026-04-26T10:21:30.573474+00:00,momentum,"Bitcoin Up or Down - April 26, 6:10AM-6:15AM ET",DOWN,Down,2.0,0.56,,LOSS,NO,-2.0,Up,0xd6a140cfc43d9c37a785c6a96fc4d21c22986096d730ac1faf711374fd29ebcf,8761647904918257569975805827912705635408861978940303258183359030456608876450
2026-04-26T10:10:04.324542+00:00,2026-04-26T10:21:30.602685+00:00,momentum,"XRP Up or Down - April 26, 6:10AM-6:15AM ET",DOWN,Down,4.0,0.53,,LOSS,NO,-4.0,Up,0xaee076513ed862f52a11eb7cdfef09f78b1b0a9606f489e0dc750925dc1d4a30,18203200936953023588173888550669898903708649793288517718744059202791079712412
2026-04-26T10:10:10.585757+00:00,2026-04-26T10:21:30.636527+00:00,momentum,"Solana Up or Down - April 26, 6:10AM-6:15AM ET",DOWN,Down,4.0,0.51,,LOSS,NO,-4.0,Up,0x108e3571cb3f8301c821d8f64347908e7aeb1f672d4284dfbe93532cac3d8c70,34281375235071880979449290659255157461356813037866550536402818575230142140766
2026-04-26T10:15:01.028736+00:00,2026-04-26T10:23:32.106865+00:00,momentum,"Bitcoin Up or Down - April 26, 6:15AM-6:20AM ET",DOWN,Down,4.0,0.55,,WIN,YES,3.2727272727272725,Down,0x0d69dfe22fe2217704f0a24ad3bf8a8f3741730f150464d49e3e5e2aca37bd46,83454028020744518393465051973128511092824908508292732757720367795561700350531
2026-04-26T10:15:01.041071+00:00,2026-04-26T10:24:32.688132+00:00,momentum,"Ethereum Up or Down - April 26, 6:15AM-6:20AM ET",DOWN,Down,8.0,0.53,,LOSS,NO,-8.0,Up,0xb5729350768504c134ea1f7323bf4d86889faf4191272a6b388582ccf125a796,52110759446777946865511739547798751930415207223937064208272471222163176126599
2026-04-26T10:15:01.085686+00:00,2026-04-26T10:24:32.951530+00:00,momentum,"Solana Up or Down - April 26, 6:15AM-6:20AM ET",DOWN,Down,8.0,0.51,,WIN,YES,7.686274509803921,Down,0x42a56da4c91e6939daccaaf662b1d1993931ef27ba2687a12486cf15343ce385,63092247176301670181182731570975586129517338800097528549571232390020736120664
2026-04-26T10:15:01.058446+00:00,2026-04-26T10:25:33.489012+00:00,momentum,"XRP Up or Down - April 26, 6:15AM-6:20AM ET",DOWN,Down,8.0,0.51,,LOSS,NO,-8.0,Up,0xfe6d89d01069f86c9073f907c5d833cd7cda2c9af62f3b78213f582df6f93645,51621303370544200017493923535164893933260734497759574297298075560480521812194
2026-04-26T10:20:00.383350+00:00,2026-04-26T10:29:34.477576+00:00,momentum,"Ethereum Up or Down - April 26, 6:20AM-6:25AM ET",DOWN,Down,8.0,0.525,,WIN,YES,7.238095238095237,Down,0xbeb6fe5d7bc8140e1c46a759ea604051aed1c59f842fcdb88d4bb0f3101bc7b0,38147158008599092108415625221618077036443382007562730478378258440821984653159
2026-04-26T10:20:01.522230+00:00,2026-04-26T10:29:34.836637+00:00,momentum,"XRP Up or Down - April 26, 6:20AM-6:25AM ET",DOWN,Down,8.0,0.57,,WIN,YES,6.035087719298247,Down,0x029015c6c311795631295d1c8a1f23a6489269d181fee13dd52d315e31a0ce19,71187379836801189451024182638734824574610711602251366931021881107512378828674
2026-04-26T10:20:01.507260+00:00,2026-04-26T10:30:34.791811+00:00,momentum,"Bitcoin Up or Down - April 26, 6:20AM-6:25AM ET",DOWN,Down,2.0,0.52,,WIN,YES,1.8461538461538458,Down,0xda10e4d6c7072ed07b212c6b283de5513e772f56ad38c6acc2762b8ac8b8f18f,54091045353978326657353650541591100955568164788718714608131580827534799675179
2026-04-26T10:20:00.397090+00:00,2026-04-26T10:31:34.672294+00:00,momentum,"Solana Up or Down - April 26, 6:20AM-6:25AM ET",DOWN,Down,16.0,0.515,,LOSS,NO,-16.0,Up,0x9e499aae520b8a8be04e5ae990af0e29ecf2eac762707763c75fb1d2be991162,103545513330650617863942851496451592694011384474795066858129343570292486674554
2026-04-26T10:25:01.093193+00:00,2026-04-26T10:36:36.952500+00:00,momentum,"Solana Up or Down - April 26, 6:25AM-6:30AM ET",DOWN,Down,32.0,0.51,,WIN,YES,30.745098039215684,Down,0x8e8c41456fbb15924cc03b48f3f81c2c119eb60dcec447b7ac76014928bbd341,39054895639941296735678834994235343289851729822658355403307911971172356951790
2026-04-26T10:25:01.108697+00:00,2026-04-26T10:36:37.094907+00:00,momentum,"XRP Up or Down - April 26, 6:25AM-6:30AM ET",DOWN,Down,2.0,0.58,,WIN,YES,1.4482758620689657,Down,0x7359888255444f6c6b1446a6cd3c7ef11e430958a730e0934b6558434ae5530b,106600185936138447354335087263570831413450965352291669981496548638444560394649
2026-04-26T10:25:01.121042+00:00,2026-04-26T10:36:37.231489+00:00,momentum,"Ethereum Up or Down - April 26, 6:25AM-6:30AM ET",DOWN,Down,2.0,0.51,,WIN,YES,1.9215686274509802,Down,0xc74ec3b06e3a3a18c29b479355a7651ff717482149a64c321742dc5c2e0a899d,27404499631750636446491469655659725366480673066002289759034991204505105716631
2026-04-26T10:25:32.295974+00:00,2026-04-26T10:36:37.263732+00:00,momentum,"Bitcoin Up or Down - April 26, 6:25AM-6:30AM ET",UP,Up,2.0,0.55,,LOSS,NO,-2.0,Down,0x54755013eb812da45b412501afabc340cc29acd7cd159f1a85b37a6b42ae07f4,95200893569416636386275921472029743780248511727617439288815387078840889083834
2026-04-26T10:30:00.486428+00:00,2026-04-26T10:38:38.091992+00:00,momentum,"Ethereum Up or Down - April 26, 6:30AM-6:35AM ET",DOWN,Down,2.0,0.515,,LOSS,NO,-2.0,Up,0xf73c25d25b332c2d5b7cf02f704c2ceb1cf2501597ca859ecb378802a9af4b40,38261405276054338717191125499682530475506091576167350611830426674239605404193
2026-04-26T10:30:00.497009+00:00,2026-04-26T10:39:38.623388+00:00,momentum,"XRP Up or Down - April 26, 6:30AM-6:35AM ET",DOWN,Down,2.0,0.515,,WIN,YES,1.883495145631068,Down,0x44bed0d62a625dfbb1a9ead5daf4f4807b51a80633ce313587756899dbcddcc5,113686814927721715373695457357779865679099029222015440878318150409408162807190
2026-04-26T10:30:14.922616+00:00,2026-04-26T10:41:40.081218+00:00,momentum,"Bitcoin Up or Down - April 26, 6:30AM-6:35AM ET",DOWN,Down,4.0,0.53,,WIN,YES,3.547169811320754,Down,0x6358f2e0af42b223bfee82fb91e0e11282fd54daae24a61d3967497c24410d08,85025103088202711594524102673655365132459275837733730058222845109308266996755
2026-04-26T10:30:00.507813+00:00,2026-04-26T10:43:40.757306+00:00,momentum,"Solana Up or Down - April 26, 6:30AM-6:35AM ET",DOWN,Down,2.0,0.52,,WIN,YES,1.8461538461538458,Down,0x53c22af76d1be78c398367778814342d9ee5ac09c7395bad7e044a9c987475a5,25198435999520370915149201994326024696504324312377515610424301053382413937329
2026-04-26T10:35:01.640863+00:00,2026-04-26T10:44:40.590487+00:00,momentum,"Ethereum Up or Down - April 26, 6:35AM-6:40AM ET",UP,Up,2.0,0.53,,LOSS,NO,-2.0,Down,0xacd807a478d4cc1eef85b500b547bf89fc66d8d23a6bebf8b9105ab18ff49cad,52566575136886364401961650695965019777997290891402788620892472212692669849687
2026-04-26T10:35:01.654625+00:00,2026-04-26T10:44:40.640279+00:00,momentum,"XRP Up or Down - April 26, 6:35AM-6:40AM ET",UP,Up,2.0,0.63,,LOSS,NO,-2.0,Down,0x4d6149c24185fe31b127408d780ef0def1e37722425cefa5034b5b4fadc1c9f9,6235177432411526594626330707192655323781061517237068310417384330249473801285
2026-04-26T10:35:01.666651+00:00,2026-04-26T10:45:41.532270+00:00,momentum,"Solana Up or Down - April 26, 6:35AM-6:40AM ET",UP,Up,2.0,0.54,,LOSS,NO,-2.0,Down,0x4ea444e35aac14c6d44dbe97da8b63216b32b9e357b26e7943420505920d03c5,31012207544094177693761383486179318990323161428889820544415716982948470353036
2026-04-26T10:35:01.679793+00:00,2026-04-26T10:45:41.573865+00:00,momentum,"Bitcoin Up or Down - April 26, 6:35AM-6:40AM ET",UP,Up,2.0,0.53,,LOSS,NO,-2.0,Down,0x3089e6f9bce18845306b4bb9344a26d1ed36e8e486520ee08d1a596b1c7c41c9,17551018917643127441262402801210085277772599557950342720119698235831599239375
2026-04-26T10:40:00.853257+00:00,2026-04-26T10:50:44.431950+00:00,momentum,"XRP Up or Down - April 26, 6:40AM-6:45AM ET",UP,Up,2.0,0.515,,WIN,YES,1.883495145631068,Up,0xaa99cc7ab0571da045837aa4d20d92dba209343914828ef22ee9c5399161000c,64225458544825356468280977649906497705957197671657213168388880761186270827257
2026-04-26T10:40:02.954175+00:00,2026-04-26T10:50:44.464504+00:00,momentum,"Ethereum Up or Down - April 26, 6:40AM-6:45AM ET",UP,Up,4.0,0.51,,LOSS,NO,-4.0,Down,0x8ad6430d018084f484410c756f1c6d82bb63af960eacf144168e37f884248e38,26591448826585442099577129734808885968831684054792523249534546805231396915045
2026-04-26T10:40:09.159705+00:00,2026-04-26T10:50:44.611194+00:00,momentum,"Bitcoin Up or Down - April 26, 6:40AM-6:45AM ET",UP,Up,4.0,0.51,,LOSS,NO,-4.0,Down,0x23684ae4d0decd002bfc0a2cd1978eb6329c76a984712daa5302a9f1a19cc138,42852433894504878046808021905907275709737795205850287258257714126471260648526
2026-04-26T10:40:02.966471+00:00,2026-04-26T10:51:44.649286+00:00,momentum,"Solana Up or Down - April 26, 6:40AM-6:45AM ET",DOWN,Down,4.0,0.53,,WIN,YES,3.547169811320754,Down,0x94772487646c27fd9bee7d52efb6293472be667ce5076c819252f35f48779f83,93766399349738024196870903744590757787320367525262045835126909964077939305262
2026-04-26T10:45:03.845508+00:00,2026-04-26T10:53:46.058572+00:00,momentum,"Solana Up or Down - April 26, 6:45AM-6:50AM ET",UP,Up,2.0,0.56,,WIN,YES,1.5714285714285712,Up,0x1860e7be72def889ac571d37e8cd74f4a8c5bff8983089f3302d09c44a440b3a,2790771881007751254768828551576269463402747711927828460133877509046369847328
2026-04-26T10:45:13.120991+00:00,2026-04-26T10:53:46.303747+00:00,momentum,"XRP Up or Down - April 26, 6:45AM-6:50AM ET",UP,Up,2.0,0.51,,WIN,YES,1.9215686274509802,Up,0x99931b5e2c62c6684666edd262da84df7623f320e3cf304f235990d34c799394,84610045450753975270759712168625902110736315018604486179335499715178842931399
2026-04-26T10:45:00.756438+00:00,2026-04-26T10:54:46.047811+00:00,momentum,"Ethereum Up or Down - April 26, 6:45AM-6:50AM ET",UP,Up,8.0,0.52,,LOSS,NO,-8.0,Down,0x7decdd0504942cc4909282a54151ebbdc5e927a7f4b04d9f45256e303335a839,23367800946547003508771553534828165098574150333503285113791098426095245772745
2026-04-26T10:45:03.857953+00:00,2026-04-26T10:54:46.081182+00:00,momentum,"Bitcoin Up or Down - April 26, 6:45AM-6:50AM ET",UP,Up,2.0,0.59,,LOSS,NO,-2.0,Down,0xc77c37518293adc8fb61885a03552f73048f920cf7f7be1df518c1278ae741ef,103826858378390974764242849677882976805891898568105199724961873235359824543177
2026-04-26T10:50:00.577548+00:00,2026-04-26T10:59:49.166717+00:00,momentum,"Bitcoin Up or Down - April 26, 6:50AM-6:55AM ET",UP,Up,2.0,0.54,,WIN,YES,1.7037037037037033,Up,0x60b5348ac099f28addbcc908b7e4704191d3d8c22bc39dfac317695452366d53,54430198010497282208220974363640567279651155919880537613441918058555937086334
2026-04-26T10:50:00.567419+00:00,2026-04-26T11:00:49.707403+00:00,momentum,"Solana Up or Down - April 26, 6:50AM-6:55AM ET",UP,Up,4.0,0.53,,LOSS,NO,-4.0,Down,0x731826b59c03716fc57356c835d3d54810e78be6165c72fb2ffd8349181e4eb6,41050204008244755997029706454284780664061591591097759871470525957207115234745
2026-04-26T10:50:00.590058+00:00,2026-04-26T11:00:49.838891+00:00,momentum,"Ethereum Up or Down - April 26, 6:50AM-6:55AM ET",UP,Up,8.0,0.52,,WIN,YES,7.384615384615383,Up,0xf2aa096f30d51d5dc9edd0b8f089b133d769ab9f0c6715251bf6d98404bdac13,35066151585661342611567842912086521398706713026745714580885613022475878923684
2026-04-26T10:50:16.236436+00:00,2026-04-26T11:00:49.993163+00:00,momentum,"XRP Up or Down - April 26, 6:50AM-6:55AM ET",DOWN,Down,2.0,0.6,,WIN,YES,1.3333333333333335,Down,0x48cf20f6efecb016000e3994bcdb1d9384c517cefe12d5499b417455f29d0998,112319540069637050346261940831837990432526452487499161730477621420442582878195
2026-04-26T10:55:00.869631+00:00,2026-04-26T11:05:51.924932+00:00,momentum,"XRP Up or Down - April 26, 6:55AM-7:00AM ET",UP,Up,2.0,0.51,,WIN,YES,1.9215686274509802,Up,0x690eb7838ab009162eb1778f8676099b2218e1c1d7ba8370a136c4984925f2c9,62553888333763196443106599045686480560849009613187581535240836998933289185845
2026-04-26T10:55:00.881203+00:00,2026-04-26T11:05:52.064643+00:00,momentum,"Bitcoin Up or Down - April 26, 6:55AM-7:00AM ET",UP,Up,2.0,0.51,,WIN,YES,1.9215686274509802,Up,0x7ed881126c95f30ba34224ba158931509243aa4af43efa7f3ff05883864e2fd3,115015319122888661314020175502044296773006002174039086543014031053936621484455
2026-04-26T10:55:00.894745+00:00,2026-04-26T11:05:52.199062+00:00,momentum,"Ethereum Up or Down - April 26, 6:55AM-7:00AM ET",UP,Up,2.0,0.51,,WIN,YES,1.9215686274509802,Up,0xbe3b4f5b91bcfbc9ca271a1da56ff95a000afef8e1724a15a2e304322345a005,76011569249516325133743579733862721475486326818149657752841133631210899020894
2026-04-26T10:55:13.182575+00:00,2026-04-26T11:05:52.230550+00:00,momentum,"Solana Up or Down - April 26, 6:55AM-7:00AM ET",DOWN,Down,2.0,0.54,,LOSS,NO,-2.0,Up,0x4d8b3801642a4e878ebccf9e79c25b7066830724759a7cf44e2c5b321d25e5e0,23362722181693437592557978792336291368680410763468357202663100938731360249536
2026-04-26T11:00:00.911277+00:00,2026-04-26T11:08:53.574278+00:00,momentum,"Ethereum Up or Down - April 26, 7:00AM-7:05AM ET",UP,Up,2.0,0.515,,WIN,YES,1.883495145631068,Up,0xdae4f3c99c0555c8a713e3dcafbfd431596cefb0389bcbe0880bb1aa49867f59,44414129884531756135573726984453469545158356832230413210431209262871154460122
2026-04-26T11:00:00.925633+00:00,2026-04-26T11:08:53.701477+00:00,momentum,"Solana Up or Down - April 26, 7:00AM-7:05AM ET",UP,Up,4.0,0.515,,WIN,YES,3.766990291262136,Up,0x15e38050efd8aab2d9e4fc4bf5aefb0e40921f799737323a7be319a495f68ea4,29047770623484774887548350794979599532510884574976942100474864160014303584662
2026-04-26T11:00:03.071535+00:00,2026-04-26T11:08:53.951016+00:00,momentum,"XRP Up or Down - April 26, 7:00AM-7:05AM ET",UP,Up,2.0,0.52,,WIN,YES,1.8461538461538458,Up,0xe138145ab141aab7858be70f97c4e819f4d8873db6981ed545f12427a7b5bbf9,24097058099470840104092398325718701262486095054929621199922421680124974220764
2026-04-26T11:00:03.056657+00:00,2026-04-26T11:09:54.098334+00:00,momentum,"Bitcoin Up or Down - April 26, 7:00AM-7:05AM ET",UP,Up,2.0,0.53,,WIN,YES,1.773584905660377,Up,0xec386296c3e170b931a048c10c2e5de6adaf4c6670dcd82aceb0bb2524d64a64,93947880555132720741219030046547732883803283576369209224721673312841880366391
2026-04-26T11:05:03.719024+00:00,2026-04-26T11:14:55.719591+00:00,momentum,"Ethereum Up or Down - April 26, 7:05AM-7:10AM ET",DOWN,Down,2.0,0.51,,LOSS,NO,-2.0,Up,0x7f224ab323021e89aa546b807ae616b436acb5e62f04cf124b2ca5358f909e57,30453793990888844093530985203112210843335055980073262895477260714508273731426
2026-04-26T11:05:03.731098+00:00,2026-04-26T11:14:55.752161+00:00,momentum,"Bitcoin Up or Down - April 26, 7:05AM-7:10AM ET",DOWN,Down,2.0,0.53,,LOSS,NO,-2.0,Up,0x91f7039b53f50000c6785f6be0242ca01822fbf0fd0d49a53c898912740e13f4,31498726943324508931446903337295587529272760202841298577522097395160480247409
2026-04-26T11:05:13.315384+00:00,2026-04-26T11:15:56.688236+00:00,momentum,"XRP Up or Down - April 26, 7:05AM-7:10AM ET",DOWN,Down,2.0,0.51,,LOSS,NO,-2.0,Up,0x4efd8baf94ff0ba23bdf6298306ff5a52f9ba76c6a2ff405c09d221508c40091,78568326916291561369729726334435991659056966204888410659009427639263543763946
2026-04-26T11:05:16.458867+00:00,2026-04-26T11:15:56.822234+00:00,momentum,"Solana Up or Down - April 26, 7:05AM-7:10AM ET",UP,Up,2.0,0.51,,WIN,YES,1.9215686274509802,Up,0xe2074aa1be676966aaac177777ff20499b4775ab345f70bee1e8e183f9fe05cc,31521663233601219550735903717360654074678591127086679651949573281550794000820
2026-04-26T11:10:02.677491+00:00,2026-04-26T11:20:59.798164+00:00,momentum,"Ethereum Up or Down - April 26, 7:10AM-7:15AM ET",DOWN,Down,4.0,0.52,,WIN,YES,3.6923076923076916,Down,0x02a8f26af0f606d157ae197d964078a4d68ba806bfbb7c55b35492fc81d1ac59,115123003577690135867746784468058250709842549926423607609521191113442725417474
2026-04-26T11:10:02.702863+00:00,2026-04-26T11:21:00.243034+00:00,momentum,"Solana Up or Down - April 26, 7:10AM-7:15AM ET",UP,Up,2.0,0.57,,WIN,YES,1.5087719298245617,Up,0xc602d3730c9c63008a3126ece62ff9c547ddb70b912178d55c7271aaf9c975c6,13432895207609134811657787377009600267186229457751219603451708134096306054950
2026-04-26T11:10:18.170078+00:00,2026-04-26T11:21:00.605801+00:00,momentum,"Bitcoin Up or Down - April 26, 7:10AM-7:15AM ET",DOWN,Down,4.0,0.51,,WIN,YES,3.8431372549019605,Down,0xf01114a38021e71fff1565c9e803e733df7888f687f257740b2413d038758514,4463730660223174895362264364474078632384876514784207504323502665443584578816
2026-04-26T11:10:02.689746+00:00,2026-04-26T11:22:00.640541+00:00,momentum,"XRP Up or Down - April 26, 7:10AM-7:15AM ET",UP,Up,4.0,0.57,,WIN,YES,3.0175438596491233,Up,0x75f0a40980d197f48fbb9b811f7276c15a60ac02d5ca6b92196f0dcd3578a2a0,84716250958299220694854174122935048923576811777402096494056751700664635402858
2026-04-26T11:15:00.877299+00:00,2026-04-26T11:24:01.415612+00:00,momentum,"Ethereum Up or Down - April 26, 7:15AM-7:20AM ET",DOWN,Down,2.0,0.52,,WIN,YES,1.8461538461538458,Down,0xa78e8c3c7384a4201315009b45f4e28c50984b6e9cec22ede3c6643a995e387a,61925917147299332552252700490103159590515114266364986121784187611936572041237
2026-04-26T11:15:00.890800+00:00,2026-04-26T11:25:01.950790+00:00,momentum,"Bitcoin Up or Down - April 26, 7:15AM-7:20AM ET",DOWN,Down,2.0,0.51,,WIN,YES,1.9215686274509802,Down,0x564ee224fb328f5a592fad7721be98b7f148e166921ef8e185277e755fbf8dd0,24042508806674423888262876559090665801040848093816867931658884894903029879746
2026-04-26T11:15:04.075128+00:00,2026-04-26T11:25:02.130395+00:00,momentum,"Solana Up or Down - April 26, 7:15AM-7:20AM ET",DOWN,Down,2.0,0.53,,WIN,YES,1.773584905660377,Down,0x57fe1ff7edd2fcf6788129174fb4a78f57efdeeb7f80f7b6b3c9f179616de2bf,61815776769681153951145422868119767034188870790401875419772260658148266427862
2026-04-26T11:15:04.090266+00:00,2026-04-26T11:25:02.169224+00:00,momentum,"XRP Up or Down - April 26, 7:15AM-7:20AM ET",DOWN,Down,2.0,0.55,,LOSS,NO,-2.0,Up,0x6691cd43a3e617d1237dcbd024dc69943329b6026f9b135e81104f61c80c8bbb,54134962047813271422199306049696399536839983574671382942695354842626698841189
2026-04-26T11:20:24.203231+00:00,2026-04-26T11:30:05.234785+00:00,momentum,"XRP Up or Down - April 26, 7:20AM-7:25AM ET",UP,Up,2.0,0.51,,WIN,YES,1.9215686274509802,Up,0xcc3d350ef24752766e7ac7de4fea5d62e1bd73407591a2fa6664e6ce19c6dcfb,61134734093426645401466155086659326014948601570722852435032868357323445270196
2026-04-26T11:20:01.449730+00:00,2026-04-26T11:31:05.638682+00:00,momentum,"Ethereum Up or Down - April 26, 7:20AM-7:25AM ET",DOWN,Down,2.0,0.535,,LOSS,NO,-2.0,Up,0x1ec95ff7707425d90fee9e251541a6ba73548da66bc0e65b0fb01ea08e09f33d,114380795354134223352110594386867203090086194235689673886468892063038493713026
2026-04-26T11:20:14.914829+00:00,2026-04-26T11:31:05.796433+00:00,momentum,"Bitcoin Up or Down - April 26, 7:20AM-7:25AM ET",UP,Up,2.0,0.51,,WIN,YES,1.9215686274509802,Up,0x5b5c3dedd50fc17fafea78ba47f8195899b439ddb7504c8924f758ef9a36714a,113873946432706075878711621168014460499901722195723648620137026268109991277618
2026-04-26T11:20:21.092114+00:00,2026-04-26T11:31:05.981207+00:00,momentum,"Solana Up or Down - April 26, 7:20AM-7:25AM ET",UP,Up,2.0,0.51,,WIN,YES,1.9215686274509802,Up,0x329d68dbe50fd49bcabd39e77afacb1e9e11e6cc9ee2101d9a692c100aaa9435,24233831480333510119307693206808471497141503008526108491539702156815660791898
2026-04-26T11:25:00.767116+00:00,2026-04-26T11:35:09.014188+00:00,momentum,"XRP Up or Down - April 26, 7:25AM-7:30AM ET",DOWN,Down,2.0,0.53,,LOSS,NO,-2.0,Up,0x1ebb8c4802673112fe3063252e4b69ac3ac9a0f3cbe26191a87bb323addae4cf,46712856473560697425451735733270850989295306285652448311686510409981192293446
2026-04-26T11:25:00.778603+00:00,2026-04-26T11:35:09.191468+00:00,momentum,"Solana Up or Down - April 26, 7:25AM-7:30AM ET",DOWN,Down,2.0,0.52,,WIN,YES,1.8461538461538458,Down,0xa6e342ae55462940a318b56841f03cac7b98f66f0abbcfa0b2f3052484547125,99402505658943068487651902593175679019262943241548076150013405356738020908250
2026-04-26T11:25:00.739068+00:00,2026-04-26T11:36:09.532721+00:00,momentum,"Bitcoin Up or Down - April 26, 7:25AM-7:30AM ET",DOWN,Down,2.0,0.53,,LOSS,NO,-2.0,Up,0x80d72b8ce081ce3d1a5976ca05ea5e14de6603473e423b5e3965f92076d7a8d9,95099121834900861028785770526209328582085593353391280316376056652674168538414
2026-04-26T11:25:00.754218+00:00,2026-04-26T11:37:10.140078+00:00,momentum,"Ethereum Up or Down - April 26, 7:25AM-7:30AM ET",DOWN,Down,4.0,0.55,,WIN,YES,3.2727272727272725,Down,0x4e413bc8b7ee15958300d3b7820e43a404bf25ad619c87c8971e6aff9f042aa5,66571494691007914281899940600103324997082408181380772748751501236376349700566
2026-04-26T11:30:01.476688+00:00,2026-04-26T11:39:11.541804+00:00,momentum,"Ethereum Up or Down - April 26, 7:30AM-7:35AM ET",DOWN,Down,8.0,0.54,,LOSS,NO,-8.0,Up,0x46ce1fb55dc1fcb7e2bcf76546d424c8b99338f6a4fc651b17166cc31c4b490b,72609025447190495605681715835644684930435255673640942284336658253525984574650
2026-04-26T11:30:01.459292+00:00,2026-04-26T11:40:12.364066+00:00,momentum,"XRP Up or Down - April 26, 7:30AM-7:35AM ET",DOWN,Down,4.0,0.51,,WIN,YES,3.8431372549019605,Down,0xe2489f21e4e0f63e0bff4affd0e812c3c48ccf19e858e9809e35edb2f5e960ef,111405456398622718421227801620076977065725036215581017382165175204188326652796
2026-04-26T11:30:01.495663+00:00,2026-04-26T11:40:12.404778+00:00,momentum,"Solana Up or Down - April 26, 7:30AM-7:35AM ET",UP,Up,2.0,0.54,,LOSS,NO,-2.0,Down,0x8bddc2fadb675a84e46ffa13fee4f21c88042af2f323a2282d495d5039d67fc9,1212348673483486449389905612303694476479165963632164543928084639127306188888
2026-04-26T11:30:00.359593+00:00,2026-04-26T11:43:13.733277+00:00,momentum,"Bitcoin Up or Down - April 26, 7:30AM-7:35AM ET",DOWN,Down,4.0,0.515,,WIN,YES,3.766990291262136,Down,0xa1f4f6378ce49837725c22ed416e05c4945bf2832028ba919aae8aadf2794e5a,70535714275495382531005494747926992462962755494163151942536299743621614541162
2026-04-26T11:35:01.008904+00:00,2026-04-26T11:44:14.203307+00:00,momentum,"Bitcoin Up or Down - April 26, 7:35AM-7:40AM ET",DOWN,Down,2.0,0.56,,WIN,YES,1.5714285714285712,Down,0x28bbb8d97313db465066c28e13fa6b77fd0e220035919ff49065bf7aad3e4b4e,8089807690023792374949025453605232955858009334598010304275140177467093984239
2026-04-26T11:35:01.021410+00:00,2026-04-26T11:45:15.097957+00:00,momentum,"Solana Up or Down - April 26, 7:35AM-7:40AM ET",DOWN,Down,4.0,0.51,,WIN,YES,3.8431372549019605,Down,0x9d0214681baae404732e889e06928949ec40af8cd77877ac93b7207c22fb3291,54772921786073713906803581167782799063377486047666656770910723387745891781264
2026-04-26T11:35:01.046289+00:00,2026-04-26T11:45:15.360073+00:00,momentum,"XRP Up or Down - April 26, 7:35AM-7:40AM ET",DOWN,Down,2.0,0.52,,WIN,YES,1.8461538461538458,Down,0xb4584e529b04c3c2b4b9bf044b448d2bbc336ffa452095d2fa8920a51a4bd6f0,41690613744254739982761730685620014301036297910938542072461664498686572291334
2026-04-26T11:35:01.033928+00:00,2026-04-26T11:46:15.368726+00:00,momentum,"Ethereum Up or Down - April 26, 7:35AM-7:40AM ET",DOWN,Down,16.0,0.55,,WIN,YES,13.09090909090909,Down,0x9e364f016b40e80d0446dcb1989c58b1470509b0d22ec8f7edb2b2f37e6ee7ec,82381090613227591527075779728025258266352330502615990771550346906569927612568
2026-04-26T11:40:00.832638+00:00,2026-04-26T11:50:16.940852+00:00,momentum,"Ethereum Up or Down - April 26, 7:40AM-7:45AM ET",DOWN,Down,2.0,0.52,,LOSS,NO,-2.0,Up,0x50f1214486c54b6a81fff33e34fb31e8c332df3bf1c4016a2e66a644676032cc,58758435180874155384142031028608823124123259983021231788370671152324036107793
2026-04-26T11:40:29.595588+00:00,2026-04-26T11:50:17.099005+00:00,momentum,"XRP Up or Down - April 26, 7:40AM-7:45AM ET",DOWN,Down,2.0,0.51,,LOSS,NO,-2.0,Up,0x29dc3fc1cceca3cffa54280d77a27aa68115c5d5670c1ea0866e14a09154a53f,33253153731470331113508214635126973650511511623474652415241115464373443797934
2026-04-26T11:40:00.817412+00:00,2026-04-26T11:51:17.075279+00:00,momentum,"Bitcoin Up or Down - April 26, 7:40AM-7:45AM ET",DOWN,Down,2.0,0.51,,LOSS,NO,-2.0,Up,0x2a02b8f1e73d049296f84b44a22565643ff44aeff3b21e08aa27ad634e92d3fb,58174508197027795829085742368617694872778817324235716054323878160342985138558
2026-04-26T11:40:14.178284+00:00,2026-04-26T11:52:17.590031+00:00,momentum,"Solana Up or Down - April 26, 7:40AM-7:45AM ET",DOWN,Down,2.0,0.51,,WIN,YES,1.9215686274509802,Down,0x25890989c70f8fe32534b8707ef7fccd84844aff6abd3bbd7e1ba65a7b80cedd,85351043509552049015789973537104259480522729650559037545466308527062300700875
2026-04-26T11:45:20.665678+00:00,2026-04-26T11:53:17.878516+00:00,momentum,"Solana Up or Down - April 26, 7:45AM-7:50AM ET",DOWN,Down,4.0,0.55,,LOSS,NO,-4.0,Up,0x5559332561045d9f625b48f8aa781cc6f468db0e6a8ce08000b8823b553519bc,45187421615562572521089490951995534461815401486547771972339800874480036995435
2026-04-26T11:45:00.853094+00:00,2026-04-26T11:55:18.574726+00:00,momentum,"XRP Up or Down - April 26, 7:45AM-7:50AM ET",DOWN,Down,4.0,0.515,,LOSS,NO,-4.0,Up,0x9e73d14659670f5e0aaefd60e3cdd5dfebc57a117d7d972405d82d774ccc44d5,6883893133292264635874336047788062843546812279053059034621067736197204239768
2026-04-26T11:45:02.981451+00:00,2026-04-26T11:55:18.606937+00:00,momentum,"Bitcoin Up or Down - April 26, 7:45AM-7:50AM ET",DOWN,Down,4.0,0.53,,LOSS,NO,-4.0,Up,0x613605c868eff19a087d4cc13985712a33015c9d3eaeba9c54b97d541425d342,39030768998073007979529798436270754196700845984127036623988256446442954563215
2026-04-26T11:45:02.993779+00:00,2026-04-26T11:55:18.767761+00:00,momentum,"Ethereum Up or Down - April 26, 7:45AM-7:50AM ET",DOWN,Down,4.0,0.51,,WIN,YES,3.8431372549019605,Down,0xdca77e96a921e329bd17397b3d6ffb6f0b0dae8bb831aafd6ef396b51b3a83d2,44877172542007692107513575711086656621477138974436779695271877605086111299451
2026-04-26T11:50:02.821642+00:00,2026-04-26T11:59:20.199189+00:00,momentum,"Bitcoin Up or Down - April 26, 7:50AM-7:55AM ET",UP,Up,4.0,0.64,,WIN,YES,2.25,Up,0x3e2def58ff1f7ec6fc24e6eb812c6d0e09f1126212618713bb0fc90d9a63fe0f,39213825429453493241324294848631098552387233482412201781597725792769654642642
2026-04-26T11:50:02.990682+00:00,2026-04-26T12:00:20.968391+00:00,momentum,"Ethereum Up or Down - April 26, 7:50AM-7:55AM ET",UP,Up,2.0,0.54,,WIN,YES,1.7037037037037033,Up,0xf77b83c8d48d76876cfa25e20e8d2dc5e5e03ac6436fae34328217fb68641073,86021991908436391177549716191861396954079335695846298596164381347830083980607
2026-04-26T11:50:03.027413+00:00,2026-04-26T12:00:21.147291+00:00,momentum,"Solana Up or Down - April 26, 7:50AM-7:55AM ET",UP,Up,4.0,0.51,,WIN,YES,3.8431372549019605,Up,0x657201074128d82c820f13390f44f84992fc72e12f1e91afb2ab13ece6f64d0d,2155462917254124938437781054158418983826697579533092327918097569361849234915
2026-04-26T11:50:03.075800+00:00,2026-04-26T12:01:21.051695+00:00,momentum,"XRP Up or Down - April 26, 7:50AM-7:55AM ET",DOWN,Down,4.0,0.51,,LOSS,NO,-4.0,Up,0xfc4a295294b50d9a09e1ea84c8d55528104a581a3c1a6497d0647ab1c98f563b,89490949956792596590529021494984379576738447836550155898307696020161380102500
2026-04-26T11:55:01.534099+00:00,2026-04-26T12:05:23.415563+00:00,momentum,"XRP Up or Down - April 26, 7:55AM-8:00AM ET",DOWN,Down,8.0,0.52,,WIN,YES,7.384615384615383,Down,0x7e3847be64b0bb227386338438a83263d7ffb90725e592e1fd9f58f8f190d2ba,9813802507306649308538010025019522423502224665750249280675559224790156340
2026-04-26T11:55:01.486829+00:00,2026-04-26T12:06:23.176009+00:00,momentum,"Ethereum Up or Down - April 26, 7:55AM-8:00AM ET",DOWN,Down,2.0,0.51,,WIN,YES,1.9215686274509802,Down,0x3df401e3e917ac68cfad9a77b75663513fbc206419c6228458d9d4c34ebce0ae,9573756799625234754215302597050375099283870333236278773544142315012197112273
2026-04-26T11:55:01.501106+00:00,2026-04-26T12:06:23.320598+00:00,momentum,"Bitcoin Up or Down - April 26, 7:55AM-8:00AM ET",DOWN,Down,2.0,0.51,,WIN,YES,1.9215686274509802,Down,0xfbe77402f86e4b60ca40da65126ea3d4117436bfa25bcf3a650a66cc7c04fc84,109224604706189254718961821128455649770572389607507451481511699451797307586376
2026-04-26T11:55:01.518901+00:00,2026-04-26T12:07:23.433247+00:00,momentum,"Solana Up or Down - April 26, 7:55AM-8:00AM ET",UP,Up,2.0,0.52,,LOSS,NO,-2.0,Down,0x05b56a65357ae21d65e6057985cb864bad78ce33114d2b6d300ac25e1ec4b07d,8263593297754549537346552661922508760349207453889825821777373984019721949335
2026-04-26T12:00:00.834280+00:00,2026-04-26T12:08:24.446070+00:00,momentum,"Ethereum Up or Down - April 26, 8:00AM-8:05AM ET",DOWN,Down,2.0,0.515,,WIN,YES,1.883495145631068,Down,0xcdee876437fb5c832fc81e6e4af6ebe98b996b9861de79c0fc204f3b03d86656,43917384911188846605616624606584937779817346939701371057939895073124272200632
2026-04-26T12:00:00.850971+00:00,2026-04-26T12:08:24.595030+00:00,momentum,"Bitcoin Up or Down - April 26, 8:00AM-8:05AM ET",DOWN,Down,2.0,0.52,,WIN,YES,1.8461538461538458,Down,0x3443836c6cf3f05989738d838a7c5b6e14475054879788d3e60f49e59520bf3e,83677787758627829528491070567206681579904919025584121109203605158476066687984
2026-04-26T12:00:01.978863+00:00,2026-04-26T12:08:24.728609+00:00,momentum,"Solana Up or Down - April 26, 8:00AM-8:05AM ET",UP,Up,4.0,0.51,,LOSS,NO,-4.0,Down,0x0c810bf4f4b442dd5f1617a85d8228f3ea6b02ec47d626ea19ac87f12b799842,67759396624064423586465922265518818357038670412115349399996132152430464812418
2026-04-26T12:00:01.962554+00:00,2026-04-26T12:12:25.329038+00:00,momentum,"XRP Up or Down - April 26, 8:00AM-8:05AM ET",DOWN,Down,2.0,0.52,,LOSS,NO,-2.0,Up,0x10692c6ee948803955257800e816ece7a34f4edd76efb88d06af5c16bed3c67d,2622418911961892530098568499001374852854740908233074381439794734264949924296
2026-04-26T12:05:04.168110+00:00,2026-04-26T12:14:25.399750+00:00,momentum,"Ethereum Up or Down - April 26, 8:05AM-8:10AM ET",DOWN,Down,2.0,0.53,,WIN,YES,1.773584905660377,Down,0x10970485400f4d1d1e1943a5d5243f9b1cc3f3a6e60868f3d7e27cf09ba7359c,2934685362226777974439991666504728297709496669457984663585890758173160820299
2026-04-26T12:05:04.182556+00:00,2026-04-26T12:14:25.550616+00:00,momentum,"Bitcoin Up or Down - April 26, 8:05AM-8:10AM ET",DOWN,Down,2.0,0.56,,WIN,YES,1.5714285714285712,Down,0xe1983e68f1db6098e7d7e7a204060c288a76d8432f7812dd35afdd844c000cf3,45380608324401298475248794096259489974748700867052856784328383041291578825125
2026-04-26T12:05:07.254394+00:00,2026-04-26T12:15:25.307676+00:00,momentum,"Solana Up or Down - April 26, 8:05AM-8:10AM ET",UP,Up,8.0,0.52,,LOSS,NO,-8.0,Down,0x915d328fff1e104cc63bb37f3fe6c401a3b02bb9a527ca2284606dcd4f5d1a81,71433144938359002552888358985211314578507704730410018540593692856951508581198
2026-04-26T12:05:07.269503+00:00,2026-04-26T12:15:25.341795+00:00,momentum,"XRP Up or Down - April 26, 8:05AM-8:10AM ET",UP,Up,4.0,0.51,,LOSS,NO,-4.0,Down,0xecfa0f86cbbd9e0b611defe34a437c3b3fc4b354c8d82281f98063cf8e314f14,33938243302209555729022272156268011887204880586402613217686305581992768267548
2026-04-26T12:10:00.629996+00:00,2026-04-26T12:21:28.828703+00:00,momentum,"Solana Up or Down - April 26, 8:10AM-8:15AM ET",UP,Up,16.0,0.52,,LOSS,NO,-16.0,Down,0xc2bb13829054bf10fd1958c9dcdd5c48144bb3a722c6eef8b366073fba83b81b,75001136650738306619041939270056451787133302453100266124639513259642654961140
2026-04-26T12:10:00.645430+00:00,2026-04-26T12:21:28.972432+00:00,momentum,"Bitcoin Up or Down - April 26, 8:10AM-8:15AM ET",DOWN,Down,2.0,0.525,,WIN,YES,1.8095238095238093,Down,0x77ac06b678252f942c85f6da5df47c5c7879e213a5936fff8faf219f965661c5,58040879463357637912216097345822545283710049399605263551999584775825002585242
2026-04-26T12:10:02.719753+00:00,2026-04-26T12:21:29.023352+00:00,momentum,"XRP Up or Down - April 26, 8:10AM-8:15AM ET",UP,Up,8.0,0.54,,LOSS,NO,-8.0,Down,0x790e0496d0ae34a9f9cb1279e0599fc9ac23c0bf58cc29c228e640c0d7ecf253,72045276680438979827822188808264655654472898493922829025572897308162719640683
2026-04-26T12:10:05.801082+00:00,2026-04-26T12:21:29.064438+00:00,momentum,"Ethereum Up or Down - April 26, 8:10AM-8:15AM ET",UP,Up,2.0,0.51,,LOSS,NO,-2.0,Down,0xe3737982020cd667d8000783dfa4e7ca1bc1e5a76080cc21853c6f4392d99ced,103461360204302549518136220555844786471922646279249594682611248612071729130967
2026-04-26T12:15:02.385050+00:00,2026-04-26T12:23:31.220883+00:00,momentum,"Bitcoin Up or Down - April 26, 8:15AM-8:20AM ET",UP,Up,2.0,0.58,,WIN,YES,1.4482758620689657,Up,0x274b9cab6822f2568355663b807aff516c6bff6f0f62ae03c8da6be8d0764a7b,14512544955704610947358070113424864890362625771749101359402940243523064021976
2026-04-26T12:15:05.505257+00:00,2026-04-26T12:23:31.250278+00:00,momentum,"XRP Up or Down - April 26, 8:15AM-8:20AM ET",DOWN,Down,16.0,0.51,,LOSS,NO,-16.0,Up,0xeaf290677770d6cfd28dc3c4d29f889adf52579b92562263bea3f08e7da7bde2,53717875927982578893798118777149485094385727778479627810499528096970319559391
2026-04-26T12:15:00.947012+00:00,2026-04-26T12:24:31.321201+00:00,momentum,"Solana Up or Down - April 26, 8:15AM-8:20AM ET",UP,Up,32.0,0.52,,WIN,YES,29.538461538461533,Up,0x312230a902e5e906ffea90aba8a655a1d1b6c2dc698bfb6d8443a794d9bd0bf2,88378848330863484427217650298010223630641850488518720213766418732539687354357
2026-04-26T12:15:02.290433+00:00,2026-04-26T12:25:31.825157+00:00,momentum,"Ethereum Up or Down - April 26, 8:15AM-8:20AM ET",UP,Up,4.0,0.6,,WIN,YES,2.666666666666667,Up,0x9b6823f81783e5ea483b1c0f5c05a84568e162919b6c3b35ac7df56cb284684a,2988349901973804454657112479316317374046961864320122888657881015415022378010
2026-04-26T12:20:00.983488+00:00,2026-04-26T12:29:34.600909+00:00,momentum,"Bitcoin Up or Down - April 26, 8:20AM-8:25AM ET",UP,Up,2.0,0.55,,WIN,YES,1.6363636363636362,Up,0x45e110488647a131dcc05887bbb58079f6e468ef7376bf963287a3a9a28ca12d,13780534669340238413476587672423450130106577373464184344342741849020567339309
2026-04-26T12:20:00.997127+00:00,2026-04-26T12:29:34.747995+00:00,momentum,"Ethereum Up or Down - April 26, 8:20AM-8:25AM ET",UP,Up,2.0,0.59,,WIN,YES,1.3898305084745766,Up,0x1da1e34055af93c18387fa4f81aa98fdba78f2ecc5662f0b76aacee2575f222f,29123143137810762980672645652503985332639425997802331420284478716721720046648
2026-04-26T12:20:01.024690+00:00,2026-04-26T12:29:35.133833+00:00,momentum,"XRP Up or Down - April 26, 8:20AM-8:25AM ET",UP,Up,32.0,0.51,,LOSS,NO,-32.0,Down,0xec67735277239d63ec69e624b686c2aa8e4335ca1f334e8630d69dd65e00ca99,48202300304475841419323458435395636162331010411456095449321720459033020288503
2026-04-26T12:20:01.011482+00:00,2026-04-26T12:31:35.659697+00:00,momentum,"Solana Up or Down - April 26, 8:20AM-8:25AM ET",UP,Up,64.0,0.52,,LOSS,NO,-64.0,Down,0x58d13cba2a46126a17cf33dac77ccb8c5c6da2f75096632cad9b305cc53fb1e2,110633447602368043754484942091797570899051857363811668450288994056159192626426
2026-04-26T12:25:00.086110+00:00,2026-04-26T12:35:37.284272+00:00,momentum,"Ethereum Up or Down - April 26, 8:25AM-8:30AM ET",UP,Up,2.0,0.515,,LOSS,NO,-2.0,Down,0x754ffac16c9a51a792f2f02de38d991c80354ca206b5bb27a9f83c9e9a97b576,105354014626685429521973642568838535832039830177795221293995100209220373300043
2026-04-26T12:25:00.103512+00:00,2026-04-26T12:35:37.319932+00:00,momentum,"Solana Up or Down - April 26, 8:25AM-8:30AM ET",UP,Up,2.0,0.52,,LOSS,NO,-2.0,Down,0xdfce1a24a81769b64972c3e0e19e86f427ac916240c5eb06b9ca372340cb0966,123848075994867565193741830355040348197273373504568577331543008514376878425
2026-04-26T12:25:02.225633+00:00,2026-04-26T12:35:37.353718+00:00,momentum,"XRP Up or Down - April 26, 8:25AM-8:30AM ET",UP,Up,2.0,0.51,,LOSS,NO,-2.0,Down,0xcfa70b5332cb443936062407a201b86fa757dbec58402647023d65a0a86dc066,38612308594437815548395112464758381375432077202998490463441853044465602820870
2026-04-26T12:25:05.367109+00:00,2026-04-26T12:35:37.385816+00:00,momentum,"Bitcoin Up or Down - April 26, 8:25AM-8:30AM ET",UP,Up,2.0,0.51,,LOSS,NO,-2.0,Down,0xfacde4287e42625aa3ecef6e7bc9bdd8574e5d5be776161029b3af508f09b536,86316575469805999316623657194441084669999183030626889272224369472111744351482
2026-04-26T12:30:00.100799+00:00,2026-04-26T12:39:40.597892+00:00,momentum,"Ethereum Up or Down - April 26, 8:30AM-8:35AM ET",UP,Up,4.0,0.525,,LOSS,NO,-4.0,Down,0x2e1764a55acbc132304b8f8401061f8e40b30388c62152459f70b5a8e12dd43a,59382981654634514114054610515436723817814494338809365244122534364375452726324
2026-04-26T12:30:13.617087+00:00,2026-04-26T12:39:40.749525+00:00,momentum,"Bitcoin Up or Down - April 26, 8:30AM-8:35AM ET",DOWN,Down,4.0,0.52,,WIN,YES,3.6923076923076916,Down,0x46df73899c0b6aacecb1d33081f22a06fb01d4132e56622cd9740f675b143b60,45662165537474921721463331444049640128355672911768906399503275723020551225759
2026-04-26T12:30:00.078076+00:00,2026-04-26T12:40:40.821269+00:00,momentum,"Solana Up or Down - April 26, 8:30AM-8:35AM ET",UP,Up,4.0,0.525,,LOSS,NO,-4.0,Down,0x0edc21b772ceeb3ac116f7730508bd7fe3b2ffe783b80c5932169534784960ba,115056184633833151139338703870817137056280470835137757925832630413062577530394
2026-04-26T12:30:39.987412+00:00,2026-04-26T12:41:41.110340+00:00,momentum,"XRP Up or Down - April 26, 8:30AM-8:35AM ET",UP,Up,4.0,0.56,,LOSS,NO,-4.0,Down,0x7d48042c291ffaeda5d807c35206d29040ff539565868746045ea18897310ca8,78657822523805610166701805892273177579361431643528808264893381090926113714222
2026-04-26T12:35:00.472014+00:00,2026-04-26T12:44:42.565562+00:00,momentum,"XRP Up or Down - April 26, 8:35AM-8:40AM ET",UP,Up,8.0,0.515,,WIN,YES,7.533980582524272,Up,0x186c56bcb858db81c0a832ddf719f5703ed41be0f2de277e318a5c1531a20cc4,101073422338699402294824762013448192914237654626880452359031907696488195983978
2026-04-26T12:35:00.452456+00:00,2026-04-26T12:45:42.865597+00:00,momentum,"Ethereum Up or Down - April 26, 8:35AM-8:40AM ET",UP,Up,8.0,0.515,,WIN,YES,7.533980582524272,Up,0xb09244aaa34aa238427d5dde59d7269443925f7bb26fe35620ea9b061879f382,80381993684306479442660138568965771869111257234021712064299529848052976310939
2026-04-26T12:35:00.501614+00:00,2026-04-26T12:45:43.052803+00:00,momentum,"Solana Up or Down - April 26, 8:35AM-8:40AM ET",UP,Up,8.0,0.52,,WIN,YES,7.384615384615383,Up,0x5edbcb4b60cbf9d2d79ce800af2f9f7d45530cffabe8394c32fd65837bf08947,65484496179107466359662309417148593619323639435178407297585700856556630499465
2026-04-26T12:35:01.682596+00:00,2026-04-26T12:45:43.227020+00:00,momentum,"Bitcoin Up or Down - April 26, 8:35AM-8:40AM ET",UP,Up,2.0,0.52,,WIN,YES,1.8461538461538458,Up,0x71ca794ce74f2200040afd9d2c1f580aea216e6fafdaadf2d58ced0038c21b3a,103009254274502628118146497166626583130538836485949045763106323097147739104180
2026-04-26T12:40:00.685630+00:00,2026-04-26T12:50:45.212565+00:00,momentum,"XRP Up or Down - April 26, 8:40AM-8:45AM ET",UP,Up,2.0,0.51,,WIN,YES,1.9215686274509802,Up,0xd1215a404e90bf1267e74a5b3ba669c9397232d1480b9fc307b0dfa92c2f8cda,38246314721922944732907621754051356255177783861870520024493283278717515725299
2026-04-26T12:40:09.889195+00:00,2026-04-26T12:50:45.371412+00:00,momentum,"Ethereum Up or Down - April 26, 8:40AM-8:45AM ET",UP,Up,2.0,0.54,,LOSS,NO,-2.0,Down,0xd6831808f189ab1a65459b78cd84137578e74b4a2bd3a86ab7b83258c568ebe3,36814883423614200444794433038274473654988030552108501919116428754046218667478
2026-04-26T12:40:00.701729+00:00,2026-04-26T12:51:45.118830+00:00,momentum,"Solana Up or Down - April 26, 8:40AM-8:45AM ET",UP,Up,2.0,0.53,,LOSS,NO,-2.0,Down,0xc69de44444a3222f862207b472ca1e5e4a11928f297f04c7b4a6f030d922500d,95421400903891785362458232728252944333389416056684261347547689747928312869868
2026-04-26T12:40:16.044863+00:00,2026-04-26T12:51:45.263872+00:00,momentum,"Bitcoin Up or Down - April 26, 8:40AM-8:45AM ET",DOWN,Down,2.0,0.72,,WIN,YES,0.7777777777777777,Down,0xce5ba1fe77fd4ea18c717e2a63ab9117f5f84bcf33bff2355e67654bb9e38a19,45321705569233367667582615198108943622719299358376507361665515396514447668803
2026-04-26T12:45:02.955550+00:00,2026-04-26T12:53:46.394403+00:00,momentum,"Bitcoin Up or Down - April 26, 8:45AM-8:50AM ET",DOWN,Down,2.0,0.55,,WIN,YES,1.6363636363636362,Down,0x23fa2c718c4fa9424b62bb501ccb0c02287dcd48ab4ad172427b435b6ec242d8,13660971277885566759304367865986496806144516302891030822882910917356892185553
2026-04-26T12:45:02.982980+00:00,2026-04-26T12:53:46.430842+00:00,momentum,"Ethereum Up or Down - April 26, 8:45AM-8:50AM ET",UP,Up,2.0,0.52,,LOSS,NO,-2.0,Down,0x815d463a95c4a0e7f1a75e71ad9c89fc021fc4016424350288418f0318588f72,66982174348352980467235732991986790204114356528038013456539902269893338055629
2026-04-26T12:45:00.715280+00:00,2026-04-26T12:54:46.697627+00:00,momentum,"Solana Up or Down - April 26, 8:45AM-8:50AM ET",UP,Up,2.0,0.52,,LOSS,NO,-2.0,Down,0x2ab77d1b8e5dca557a8209838511ec415d6b6808fe0f6cab35055c48aea1a329,10258735870249968091452783359139366249384066270476127188422009401842222494795
2026-04-26T12:45:00.731805+00:00,2026-04-26T12:54:46.732665+00:00,momentum,"XRP Up or Down - April 26, 8:45AM-8:50AM ET",UP,Up,2.0,0.515,,LOSS,NO,-2.0,Down,0x6914be24a40fad997f5ae3a33dcc71b6bec54d3c710ca413486cd320bb7f4d98,43649684206822057718500567084960253074592854382879389126954321122966922285479
2026-04-26T12:50:00.970039+00:00,2026-04-26T12:59:49.650943+00:00,momentum,"Ethereum Up or Down - April 26, 8:50AM-8:55AM ET",UP,Up,4.0,0.58,,WIN,YES,2.8965517241379315,Up,0x804f4807d68d82ee74a44fd15b18eb7f14a079f530330a464eb4d8b06e8ca8d7,42969140585291934889544030902309701752737056459692808664157803328278244229762
2026-04-26T12:50:07.143181+00:00,2026-04-26T12:59:49.787284+00:00,momentum,"XRP Up or Down - April 26, 8:50AM-8:55AM ET",UP,Up,2.0,0.51,,LOSS,NO,-2.0,Down,0x9dfd3531e26e183fcf7ff7015862f2f1e7cdd4718e08dda12cb34e60728094a9,38774188948105123274485513495480475529458296243209313196789025475496685649834
2026-04-26T12:50:00.953882+00:00,2026-04-26T13:00:50.611641+00:00,momentum,"Bitcoin Up or Down - April 26, 8:50AM-8:55AM ET",UP,Up,2.0,0.57,,WIN,YES,1.5087719298245617,Up,0x9d09c6b1f3d6328cd33d944234a0a508e81f36d015476c98cb75a6a21a75e7c2,101948771466420381422387743165637186051057026801183675035520646388898352094109
2026-04-26T12:50:00.998405+00:00,2026-04-26T13:00:50.650043+00:00,momentum,"Solana Up or Down - April 26, 8:50AM-8:55AM ET",UP,Up,2.0,0.53,,LOSS,NO,-2.0,Down,0x2f4c66871dce6f0fa8e20a20cbb11deb3ce593014479e2af05fcf34f79f25e5f,114937151375113137171066616697312378626015634162929805503552509562948225593381
2026-04-26T12:55:00.245392+00:00,2026-04-26T13:05:53.722802+00:00,momentum,"Bitcoin Up or Down - April 26, 8:55AM-9:00AM ET",UP,Up,2.0,0.52,,LOSS,NO,-2.0,Down,0xfa20cc70afc317e69891c77af7045948d4f7e19ab6a39c2d5dbd8010dec29e25,40483280438591504212856338594871928031931722819641354729533617087124320049701
2026-04-26T12:55:00.266336+00:00,2026-04-26T13:06:54.048943+00:00,momentum,"Solana Up or Down - April 26, 8:55AM-9:00AM ET",UP,Up,4.0,0.52,,WIN,YES,3.6923076923076916,Up,0x1d612264f922420d4a1aac61c54e1b8a4916902a463232c9c66aaf4288a39aae,10641936238984300455880320505490916365724380557250466145725336810657498156504
2026-04-26T12:55:00.290124+00:00,2026-04-26T13:06:54.201248+00:00,momentum,"XRP Up or Down - April 26, 8:55AM-9:00AM ET",UP,Up,4.0,0.515,,WIN,YES,3.766990291262136,Up,0x1a60b10fa4c99d9fe39e24cba0f0e2a8f1c7abd1297f3725be5ecb3965417344,15835645003190612717932603638883365589372040149439629747364810266177312972637
2026-04-26T12:55:00.315866+00:00,2026-04-26T13:06:54.339003+00:00,momentum,"Ethereum Up or Down - April 26, 8:55AM-9:00AM ET",UP,Up,2.0,0.515,,WIN,YES,1.883495145631068,Up,0xba64e402a4369119049a8e52d8f57face1a25573a749be0fb0abfdf23d31106f,41942954662451859932909609352762135099671799153420879097550220866051886578490
2026-04-26T13:00:00.550174+00:00,2026-04-26T13:11:57.399066+00:00,momentum,"Bitcoin Up or Down - April 26, 9:00AM-9:05AM ET",UP,Up,4.0,0.55,,WIN,YES,3.2727272727272725,Up,0x9c1cccfe5e41d50274f1b1e51673871fdc2e9dbfb0a2233087f5d42fd8f8f52d,59795075549426659689947470555674613520940600992493249012719664742837201122866
2026-04-26T13:00:00.506726+00:00,2026-04-26T13:12:57.988821+00:00,momentum,"Solana Up or Down - April 26, 9:00AM-9:05AM ET",UP,Up,2.0,0.53,,LOSS,NO,-2.0,Down,0x368426d3d9d05db07869cbd76a75a72fb3e0c3378d5d0a6b1130ae6da00f1467,41425954709273559840473361529631611838508605165713604852561358326400488830269
2026-04-26T13:00:00.527654+00:00,2026-04-26T13:12:58.145419+00:00,momentum,"Ethereum Up or Down - April 26, 9:00AM-9:05AM ET",UP,Up,2.0,0.55,,WIN,YES,1.6363636363636362,Up,0x20dbe99552ccd63d7fcbd2ccac76f2d93367b6a326426d60f622bd7c0f461591,47792113086302868054363894625830133925489462304825049466895635423155907000722
2026-04-26T13:00:00.570504+00:00,2026-04-26T13:12:58.179663+00:00,momentum,"XRP Up or Down - April 26, 9:00AM-9:05AM ET",UP,Up,2.0,0.52,,LOSS,NO,-2.0,Down,0xf8de0022f4b46e73947e7606e2b19e7c58e1db7b8b063d2d92050291c77e929c,75670903030563153479460930973832652906169626851573317833755454156603553274200
2026-04-26T13:05:00.621724+00:00,2026-04-26T13:14:59.438429+00:00,momentum,"Bitcoin Up or Down - April 26, 9:05AM-9:10AM ET",UP,Up,2.0,0.56,,WIN,YES,1.5714285714285712,Up,0xc02879bf7148f21830e5e0442cb4d737ead47a9971e0729aa695bc3641196753,34027451921610480639630503124557709586145263728001354418073254007331494905632
2026-04-26T13:05:00.635859+00:00,2026-04-26T13:15:59.782066+00:00,momentum,"Solana Up or Down - April 26, 9:05AM-9:10AM ET",UP,Up,2.0,0.52,,WIN,YES,1.8461538461538458,Up,0x8d38a922d53ddf2ff052692a7d4ae8c8948760e78c79eb23f8b3f186e8ab9eff,66859065538138928468632062620668152637190175868579727226823358838046703701325
2026-04-26T13:05:00.685272+00:00,2026-04-26T13:15:59.913825+00:00,momentum,"XRP Up or Down - April 26, 9:05AM-9:10AM ET",UP,Up,4.0,0.51,,WIN,YES,3.8431372549019605,Up,0xac464ae1ec23a00799ea5e82ad7f3da322224cdd5f14ebdbc733911b97fc3f6d,76439548437372063333374562118366600316308135313123653233544833932211857929975
2026-04-26T13:05:03.853965+00:00,2026-04-26T13:15:59.946219+00:00,momentum,"Ethereum Up or Down - April 26, 9:05AM-9:10AM ET",DOWN,Down,2.0,0.51,,LOSS,NO,-2.0,Up,0xba8bd7dd7fec03ac3fb6f407cfa248c5e4fcf0a3f281bea09ef23e3737dacc4a,84355916824461645791190934464234222458153119802383616807922838589063238269015
2026-04-26T13:10:00.937447+00:00,2026-04-26T13:21:02.409271+00:00,momentum,"Ethereum Up or Down - April 26, 9:10AM-9:15AM ET",DOWN,Down,4.0,0.55,,LOSS,NO,-4.0,Up,0xbb0a6963bf91865c1bdbf3b8b0781b79120c7f7bf921fd1f009263bf0230aeb7,75291127773998145559219333395702172202477373268773863055978457874685394471427
2026-04-26T13:10:00.967302+00:00,2026-04-26T13:21:02.563567+00:00,momentum,"XRP Up or Down - April 26, 9:10AM-9:15AM ET",UP,Up,2.0,0.51,,WIN,YES,1.9215686274509802,Up,0xa36f90f64294ce138314ceb5f89b38770bdf24b4e021fc7f077fda6b0f037ccb,102584955285038325404991996890866823130961239274966221981223673015534169531152
2026-04-26T13:10:00.919642+00:00,2026-04-26T13:22:03.284823+00:00,momentum,"Solana Up or Down - April 26, 9:10AM-9:15AM ET",UP,Up,2.0,0.53,,LOSS,NO,-2.0,Down,0x241249bcf9394392e6c27763b437f0493b7d72b5b36e9c98043eaea6d0b10bf4,23875059555408886774776317951073137517636352402636588638994140097649066148493
2026-04-26T13:10:31.754886+00:00,2026-04-26T13:22:03.323979+00:00,momentum,"Bitcoin Up or Down - April 26, 9:10AM-9:15AM ET",DOWN,Down,2.0,0.67,,LOSS,NO,-2.0,Up,0xec9df2c535e31ae7978da2a4e30e19e2fc5206ede5a04172f8f96378501e78d6,48414745954253317990747837600825662773606558304463922485813177050311344314271
2026-04-26T13:15:01.484821+00:00,2026-04-26T13:24:04.665597+00:00,momentum,"Bitcoin Up or Down - April 26, 9:15AM-9:20AM ET",DOWN,Down,4.0,0.54,,WIN,YES,3.4074074074074066,Down,0xa659274e3f2805357bbae3168d257441988c3bd9b822f0ab3004352dc04c4696,110755818336041691679267175099356269853461293349870970321443168032059946307091
2026-04-26T13:15:01.509516+00:00,2026-04-26T13:24:04.704445+00:00,momentum,"XRP Up or Down - April 26, 9:15AM-9:20AM ET",UP,Up,2.0,0.51,,LOSS,NO,-2.0,Down,0x2259c2493b4b9bfcee22a2c8cc2d278d14c1df3f8191b8e2776c8df3e7a481bb,107967852472366238480885867132520688887480203275096211401764429583818208658221
2026-04-26T13:15:01.533323+00:00,2026-04-26T13:24:04.843847+00:00,momentum,"Ethereum Up or Down - April 26, 9:15AM-9:20AM ET",DOWN,Down,8.0,0.53,,WIN,YES,7.094339622641508,Down,0xb51ba869092624b071cdcec8fd39705c37413480fdff1db965b00ae650121b69,13101807560952328440061010366639695960859865125143972068356886217407894311123
2026-04-26T13:15:01.461593+00:00,2026-04-26T13:27:06.776247+00:00,momentum,"Solana Up or Down - April 26, 9:15AM-9:20AM ET",UP,Up,4.0,0.51,,LOSS,NO,-4.0,Down,0xf3df8fbdaed8d58064501039313c7ddcbebc056f127aa2276980bd38bd0fe9aa,11494942120953983365763370587839132916670451231039867766584797553538358944773
2026-04-26T13:20:00.958832+00:00,2026-04-26T13:30:08.582086+00:00,momentum,"XRP Up or Down - April 26, 9:20AM-9:25AM ET",UP,Up,4.0,0.515,,LOSS,NO,-4.0,Down,0x3df3a7186d95d30ab8f21507a3ca07357182e695853aa53f12c7edcef216953a,75653764644618608867312759933769924668758393601639422291344957234530727179859
2026-04-26T13:20:04.343318+00:00,2026-04-26T13:30:08.788662+00:00,momentum,"Bitcoin Up or Down - April 26, 9:20AM-9:25AM ET",DOWN,Down,2.0,0.52,,WIN,YES,1.8461538461538458,Down,0x125ab6520c3901a1f06c020966c2e486d85aba523350ea680650838f81097401,104702454697215839879829487757226525142089795089967033208450033618506312626975
2026-04-26T13:20:07.521902+00:00,2026-04-26T13:30:08.962591+00:00,momentum,"Ethereum Up or Down - April 26, 9:20AM-9:25AM ET",DOWN,Down,2.0,0.51,,WIN,YES,1.9215686274509802,Down,0x8ef884a0292ca88ad0c35ef8146c87bdfcbe53853d81d778de9694a0033463c5,100245096314622569275538326019815355495157574180667628479934593694613244151239
2026-04-26T13:20:00.934032+00:00,2026-04-26T13:31:08.776049+00:00,momentum,"Solana Up or Down - April 26, 9:20AM-9:25AM ET",UP,Up,8.0,0.515,,WIN,YES,7.533980582524272,Up,0x7e17e8e720f5dc4e6b3bfc0ae0e77c311e90cd77c67b759720632144a4e45582,103852007834631574287766015159424515408528919157665293591161117370001713004589
2026-04-26T13:25:00.858142+00:00,2026-04-26T13:35:09.746854+00:00,momentum,"Bitcoin Up or Down - April 26, 9:25AM-9:30AM ET",DOWN,Down,2.0,0.54,,LOSS,NO,-2.0,Up,0x5831a78828b9441dacf11b54f0ab1651431e841e8752e69f3a227cb1e422a80b,54271272068337564573757821148617066004567959927973827388105386562207366741047
2026-04-26T13:25:00.891259+00:00,2026-04-26T13:36:10.395023+00:00,momentum,"Solana Up or Down - April 26, 9:25AM-9:30AM ET",UP,Up,2.0,0.53,,WIN,YES,1.773584905660377,Up,0x0f9aacbff3587405f45b5dabba2b94e8a1534812ee64d14e7f2f4af20d09e453,87455461826784801252164006438546478006821118860898427524732796521419055655480
2026-04-26T13:25:00.915645+00:00,2026-04-26T13:36:10.534996+00:00,momentum,"XRP Up or Down - April 26, 9:25AM-9:30AM ET",UP,Up,2.0,0.51,,WIN,YES,1.9215686274509802,Up,0x24b6a360c0cdc2224a0198e28a4b32ae6377a019213beb5a19ade794c4638888,42969437088906248801374474211843191739109130255711346970585099492829589177878
2026-04-26T13:25:04.057814+00:00,2026-04-26T13:36:10.578123+00:00,momentum,"Ethereum Up or Down - April 26, 9:25AM-9:30AM ET",DOWN,Down,2.0,0.59,,LOSS,NO,-2.0,Up,0x5e968ddfe011652f58b9a899e081a9f6a7a0a4158145e1f14567fe2a6a956a59,53907978267848005540823401790752068798579097746849956442117859549643648903518
2026-04-26T13:30:14.019411+00:00,2026-04-26T13:38:12.172646+00:00,momentum,"Ethereum Up or Down - April 26, 9:30AM-9:35AM ET",UP,Up,4.0,0.52,,WIN,YES,3.6923076923076916,Up,0x6b1fa9a2fdd2c6681a8f850ecfc9e2aba080b80e3a974732cc9a3ea2f1f52075,68166042333888480239544274579563440837550071936318230446750881938147856999214
2026-04-26T13:30:00.440717+00:00,2026-04-26T13:39:11.893798+00:00,momentum,"Solana Up or Down - April 26, 9:30AM-9:35AM ET",UP,Up,2.0,0.53,,WIN,YES,1.773584905660377,Up,0x26d5e318bf39c9b350de7cd266c41b70af056cadf9392ac809d18528be39d844,6280348425113281065329186617772204714693930568032895982452442255632508509773
2026-04-26T13:30:00.463402+00:00,2026-04-26T13:39:12.032435+00:00,momentum,"Bitcoin Up or Down - April 26, 9:30AM-9:35AM ET",UP,Up,4.0,0.51,,WIN,YES,3.8431372549019605,Up,0x2f04071a272e2d7c4de1faa160c7d6217e4dc7a74276683dddd617701cebbd91,70014994610794575964854405652263211081840632016415032937859760375338846785431
2026-04-26T13:30:00.486084+00:00,2026-04-26T13:40:11.972957+00:00,momentum,"XRP Up or Down - April 26, 9:30AM-9:35AM ET",UP,Up,2.0,0.51,,WIN,YES,1.9215686274509802,Up,0x005de174e4ff4cfbd6bbfc21944393b54774c93b8f8847361178b13865d1e200,73558639970024588778132591676334170653466979663723273694384787681824013139940
2026-04-26T13:35:00.992586+00:00,2026-04-26T13:44:14.345337+00:00,momentum,"Solana Up or Down - April 26, 9:35AM-9:40AM ET",UP,Up,2.0,0.515,,LOSS,NO,-2.0,Down,0x274a5f86ff822fef61cafe3f9395f0f26c51111f87a5dd08008754899d886259,20032184384768311454011897625356029581230187752384229922141506430718862496865
2026-04-26T13:35:02.203070+00:00,2026-04-26T13:44:14.500805+00:00,momentum,"Ethereum Up or Down - April 26, 9:35AM-9:40AM ET",DOWN,Down,2.0,0.55,,LOSS,NO,-2.0,Up,0x5c18b446f291e0faa60fceb3e579e8b0275604f7ec9877fc9cc9d724787d57c1,19353590087749749742858974772829672738074017265160182945617661751540844678531
2026-04-26T13:35:00.970762+00:00,2026-04-26T13:45:14.389876+00:00,momentum,"XRP Up or Down - April 26, 9:35AM-9:40AM ET",UP,Up,2.0,0.515,,LOSS,NO,-2.0,Down,0xc099993d3afd8dcd74869dd1b4bac724ffeb5a22d76371c5afce4a552eebfb7a,79387316158355181537107355555078344691905925585902076106577230291919452092108
2026-04-26T13:35:02.180280+00:00,2026-04-26T13:45:14.434584+00:00,momentum,"Bitcoin Up or Down - April 26, 9:35AM-9:40AM ET",DOWN,Down,2.0,0.54,,LOSS,NO,-2.0,Up,0xc88bc035c04aec507be6e4d69b2f7e9ad4c964611b1ed68d0d422c754a4fbf4d,63734682816405704787618140526253825914189450628200320639564019321167963040676
2026-04-26T13:40:00.365221+00:00,2026-04-26T13:50:17.680090+00:00,momentum,"Solana Up or Down - April 26, 9:40AM-9:45AM ET",UP,Up,4.0,0.515,,LOSS,NO,-4.0,Down,0xa3284a577ac3da470de3bb7713c40e824bb51d875438d5b0ef2bcadc872858a6,96758268464484495730321723191971662683190848232055139591540370532173098702101
2026-04-26T13:40:08.740695+00:00,2026-04-26T13:50:17.957854+00:00,momentum,"XRP Up or Down - April 26, 9:40AM-9:45AM ET",DOWN,Down,4.0,0.51,,WIN,YES,3.8431372549019605,Down,0xc59852f639032437ed6f13f303b3214c7c14cae2453eaeb332be69219c411c12,37380612425739522527137796460873675167915679300061417916510742007089655238348
2026-04-26T13:40:02.498590+00:00,2026-04-26T13:51:18.302528+00:00,momentum,"Ethereum Up or Down - April 26, 9:40AM-9:45AM ET",DOWN,Down,4.0,0.53,,LOSS,NO,-4.0,Up,0x042b57153f51b11b4db9a72c86a542ec3e4b6a4d116db16ac66ba84a2f68f256,59238039504790713850655050590233979482861962317673104738821370579651404598607
2026-04-26T13:40:00.337730+00:00,2026-04-26T13:52:19.442403+00:00,momentum,"Bitcoin Up or Down - April 26, 9:40AM-9:45AM ET",UP,Up,4.0,0.515,,WIN,YES,3.766990291262136,Up,0x426c71852089c240918c41f650a4e702f937cf3365a02654e6888584a96d8c91,92263905925871936253287577268840934342887854086732433983553441229230560984104
2026-04-26T13:45:00.721607+00:00,2026-04-26T13:54:19.894785+00:00,momentum,"Ethereum Up or Down - April 26, 9:45AM-9:50AM ET",DOWN,Down,8.0,0.525,,WIN,YES,7.238095238095237,Down,0xfe6e8f64bb3ab04d33e742ca58ab1310921522682248130f4d08ee6e47de1bb9,33578575808283463892773417960860880282814565263318165553933581354054970870227
2026-04-26T13:45:02.001417+00:00,2026-04-26T13:54:20.202166+00:00,momentum,"Bitcoin Up or Down - April 26, 9:45AM-9:50AM ET",UP,Up,2.0,0.56,,LOSS,NO,-2.0,Down,0xd2bf1f6f64586e8e5069d27fa37780b8679f10840df4846384d5aa0e0d06745e,76911051223781184102025736560711306246420864809325084676125221170894667027842
2026-04-26T13:45:00.749233+00:00,2026-04-26T13:55:20.887243+00:00,momentum,"Solana Up or Down - April 26, 9:45AM-9:50AM ET",DOWN,Down,8.0,0.515,,WIN,YES,7.533980582524272,Down,0xedbedbd7d96ca44366704eae61931df024277c125139e4d6de9ca879a5e886a1,65755925325339928197877808320203488982726007673114731724759753413469178177126
2026-04-26T13:45:01.973386+00:00,2026-04-26T13:55:20.920503+00:00,momentum,"XRP Up or Down - April 26, 9:45AM-9:50AM ET",UP,Up,2.0,0.51,,LOSS,NO,-2.0,Down,0xbd16a463b76d36d7d495844f32e86ac8e77d1138c3f229903c4910f7c004235a,83345377101898337353398068377650934603605553580986182033615530056172372093458
2026-04-26T13:50:03.826610+00:00,2026-04-26T13:59:22.555576+00:00,momentum,"Bitcoin Up or Down - April 26, 9:50AM-9:55AM ET",DOWN,Down,4.0,0.52,,LOSS,NO,-4.0,Up,0x01dcd15fc511f9a389b520b03f303912a253cb5a9a14eed48fb75ad212d73eef,26971084005848708042677847515228686710081050780704028278353807003204497425124
2026-04-26T13:50:00.702843+00:00,2026-04-26T14:00:22.605878+00:00,momentum,"Ethereum Up or Down - April 26, 9:50AM-9:55AM ET",DOWN,Down,2.0,0.57,,LOSS,NO,-2.0,Up,0xd941917befcdf85bb4fc2708a7134f5a22bd1fd783105713d10953672620951a,26452574977514169411200672657196307551503500037660328405101233669711857291170
2026-04-26T13:50:00.719704+00:00,2026-04-26T14:01:22.997359+00:00,momentum,"Solana Up or Down - April 26, 9:50AM-9:55AM ET",UP,Up,2.0,0.53,,WIN,YES,1.773584905660377,Up,0x8d920b11e7bf9804d69b021c1bd8076cc90b5d2c8491573986c31fdd6dd82c49,9901554515949000720434798873162055078837454880841681268781988980709508196429
2026-04-26T13:50:06.913508+00:00,2026-04-26T14:01:23.346065+00:00,momentum,"XRP Up or Down - April 26, 9:50AM-9:55AM ET",DOWN,Down,2.0,0.54,,WIN,YES,1.7037037037037033,Down,0xa662c2b991a517d095e13413d3164f051c5a23beddefb8ffd924219edf9a68f6,44996470491915066701559305229206780773314785698875019527449019092910978934189
2026-04-26T13:55:02.195228+00:00,2026-04-26T14:05:24.450386+00:00,momentum,"XRP Up or Down - April 26, 9:55AM-10:00AM ET",DOWN,Down,2.0,0.52,,LOSS,NO,-2.0,Up,0xecd512e6035d6e4a2f19b13980a4f992d627860053e5600a8a7cb96915c61b46,46479534541232310390571880966606141793352715594913034438725962286218981680199
2026-04-26T13:55:02.154132+00:00,2026-04-26T14:06:24.396125+00:00,momentum,"Bitcoin Up or Down - April 26, 9:55AM-10:00AM ET",DOWN,Down,8.0,0.58,,LOSS,NO,-8.0,Up,0x35b43bab23369acad5d41cce14027ac18b728b5cd3585590b6287bd6c4b9361f,37628211584551370010145793390437171959018386652582507661862828529107277546856
2026-04-26T13:55:02.174535+00:00,2026-04-26T14:07:24.736973+00:00,momentum,"Solana Up or Down - April 26, 9:55AM-10:00AM ET",UP,Up,2.0,0.51,,WIN,YES,1.9215686274509802,Up,0x8a6bd3a9e587ec80a973ca3f23733e4afa116614c2147d73720f63e3f914f5ab,60836889914120699694892771906208198346637199114766035901339669007128103081405
2026-04-26T13:55:02.215057+00:00,2026-04-26T14:07:24.882353+00:00,momentum,"Ethereum Up or Down - April 26, 9:55AM-10:00AM ET",DOWN,Down,2.0,0.52,,WIN,YES,1.8461538461538458,Down,0x17f5ae9c7a78f949471ffe4c646e98ee5814744b897b7647857255e389ab33ce,58324833050545327726516066583092406571642293072583945974943306275658872635122
2026-04-26T14:00:01.167932+00:00,2026-04-26T14:08:25.252875+00:00,momentum,"Solana Up or Down - April 26, 10:00AM-10:05AM ET",UP,Up,2.0,0.52,,LOSS,NO,-2.0,Down,0xf028588ae1d8a3325c74fd69d8d3b0867d0a6afe9fc423148557607eb0b76928,49326345590372287844676951206122144416218878988738135292782826298315044312376
2026-04-26T14:00:01.198299+00:00,2026-04-26T14:09:26.320892+00:00,momentum,"XRP Up or Down - April 26, 10:00AM-10:05AM ET",UP,Up,4.0,0.51,,LOSS,NO,-4.0,Down,0x95f6aaf4eb06db195b658e9c1954ed1c739a3279ee3f12281d88350371e14472,83150996491717931392182915012651218525665973261747227299638446377359870687596
2026-04-26T14:00:01.229134+00:00,2026-04-26T14:09:26.461303+00:00,momentum,"Ethereum Up or Down - April 26, 10:00AM-10:05AM ET",DOWN,Down,2.0,0.55,,WIN,YES,1.6363636363636362,Down,0x0c27500f2dab4b16c4807b09029c7eafd393ec2e15d892d9bb6ed62d68ffd5b6,14347916845815283227581755821993874930293127519937937639256727480556699689766
2026-04-26T14:00:01.133936+00:00,2026-04-26T14:10:26.334545+00:00,momentum,"Bitcoin Up or Down - April 26, 10:00AM-10:05AM ET",DOWN,Down,16.0,0.6,,WIN,YES,10.666666666666668,Down,0x0e509383fc2eaf8205d2c6c418fd8d359f10aaff371c5c8f46c5f9a6ce1b22b8,87998163821348589316775155120363899250650315966778706205244641056410661119443
2026-04-26T14:05:03.252366+00:00,2026-04-26T14:14:28.146294+00:00,momentum,"Bitcoin Up or Down - April 26, 10:05AM-10:10AM ET",DOWN,Down,2.0,0.52,,LOSS,NO,-2.0,Up,0x397c7da630216802a59cb313c7e7c7576ca160ebda388a22d9a8b46b83614f4a,381379908997694120143398393192627271983639962955386239109909507715841482327
2026-04-26T14:05:03.271697+00:00,2026-04-26T14:15:29.106163+00:00,momentum,"XRP Up or Down - April 26, 10:05AM-10:10AM ET",UP,Up,8.0,0.51,,WIN,YES,7.686274509803921,Up,0x96095d0df37ce14283fe44e5f60dee1d7e11f579b9c7d0f14d05828764bde2b1,87347239879731392903923741616992921804943948904005746151993704877005542934056
2026-04-26T14:05:29.559777+00:00,2026-04-26T14:15:29.258276+00:00,momentum,"Ethereum Up or Down - April 26, 10:05AM-10:10AM ET",UP,Up,2.0,0.51,,WIN,YES,1.9215686274509802,Up,0xbcdda9b97f2276196a90422cb1108b8673839319df6334ddce9137c8467063fc,21809841363361749758345047793463541473224795301085454143242291879721884970774
2026-04-26T14:05:03.235801+00:00,2026-04-26T14:16:29.168778+00:00,momentum,"Solana Up or Down - April 26, 10:05AM-10:10AM ET",UP,Up,4.0,0.51,,WIN,YES,3.8431372549019605,Up,0xe2119a65eb733d2a45156847fa3ec47cc2273fbeb9b6fc8bf97316243ca4b4d7,75854591224769815454886275625728413311677699560231745672989244714725393454126
2026-04-26T14:10:00.411908+00:00,2026-04-26T14:20:31.788188+00:00,momentum,"XRP Up or Down - April 26, 10:10AM-10:15AM ET",UP,Up,2.0,0.51,,WIN,YES,1.9215686274509802,Up,0x80ec7f18407b00d54f3dc3f6bdb38053e0c77c03bb818212932af9d6a0e334d5,91324959679837260047290647664798866172942794387037693819235533598063906386540
2026-04-26T14:10:00.390155+00:00,2026-04-26T14:21:31.622088+00:00,momentum,"Bitcoin Up or Down - April 26, 10:10AM-10:15AM ET",UP,Up,4.0,0.51,,WIN,YES,3.8431372549019605,Up,0xc10f3c2660ef13ed494498974e046dd637db3bff3f9bd58bf5bb7b6c3b382a41,72317446179741058943711941040427335327618066642217019380471227819305459849164
2026-04-26T14:10:03.505974+00:00,2026-04-26T14:21:31.785549+00:00,momentum,"Ethereum Up or Down - April 26, 10:10AM-10:15AM ET",DOWN,Down,2.0,0.53,,WIN,YES,1.773584905660377,Down,0x9c219a7c2659bd1fd80a0f0fb2cd3a24a50ebc7ed917aa6959ad522a463ad209,76698086613557648953243824304487046462997297935373776969022315162576836500754
2026-04-26T14:10:03.524684+00:00,2026-04-26T14:21:31.815286+00:00,momentum,"Solana Up or Down - April 26, 10:10AM-10:15AM ET",UP,Up,2.0,0.51,,LOSS,NO,-2.0,Down,0xaa5dc56902bea8af46c15add1bcbd5aedf63d023cfcd841a3be77ba1609e64b6,28684484194339281984640847843486920132454026188885192152358347145786030188268
2026-04-26T14:15:00.231998+00:00,2026-04-26T14:27:33.979055+00:00,momentum,"Bitcoin Up or Down - April 26, 10:15AM-10:20AM ET",DOWN,Down,2.0,0.53,,LOSS,NO,-2.0,Up,0xd12b3b70a749c679c3bb11a09c3ca5ac873656da3403ffcd52fcdc2e5b26558b,29469763275667573212042429591247517297821605054092723767136839851675070962563
2026-04-26T14:15:00.265712+00:00,2026-04-26T14:27:34.018367+00:00,momentum,"Ethereum Up or Down - April 26, 10:15AM-10:20AM ET",DOWN,Down,2.0,0.54,,LOSS,NO,-2.0,Up,0xe850f7061b78a40d7af7d5f2856b67038d5753472d44f233929a905ded7b781c,100664098316863631191597156758536333674765233269756258309055926190873456712818
2026-04-26T14:15:00.310555+00:00,2026-04-26T14:27:34.265969+00:00,momentum,"XRP Up or Down - April 26, 10:15AM-10:20AM ET",UP,Up,2.0,0.51,,WIN,YES,1.9215686274509802,Up,0xab8e991497926c89bf8fd801c4d79873043f6d8a0606828d5b35ba746f92a065,61622471982083274544524265434608611339352455128222421363720765427247448733477
2026-04-26T14:15:00.290461+00:00,2026-04-26T14:28:34.374737+00:00,momentum,"Solana Up or Down - April 26, 10:15AM-10:20AM ET",UP,Up,4.0,0.52,,WIN,YES,3.6923076923076916,Up,0xaf901e8864d4754b4c34bbb63889705b61f6b897f2a84077144ed825c44ce1fe,32037098827199149355005525378307187012530846460133155683691150778564743417138
2026-04-26T14:20:03.534601+00:00,2026-04-26T14:29:35.146161+00:00,momentum,"Solana Up or Down - April 26, 10:20AM-10:25AM ET",UP,Up,2.0,0.55,,WIN,YES,1.6363636363636362,Up,0x7b3963feb5ab61753eab8506bc05712bf2feabe5e9a602b29d0244166ae9dc21,47831920518156851046180403388485518722220459899186980899377255034636533278462
2026-04-26T14:20:00.427520+00:00,2026-04-26T14:30:35.690944+00:00,momentum,"Bitcoin Up or Down - April 26, 10:20AM-10:25AM ET",DOWN,Down,4.0,0.54,,LOSS,NO,-4.0,Up,0x1f9d68e14e9a1f225b71be91712414611db22004d229876198417e289f5076e1,50790372336393464884531569615950169847590738765044406465833531304590091573099
2026-04-26T14:20:00.447025+00:00,2026-04-26T14:30:35.725465+00:00,momentum,"Ethereum Up or Down - April 26, 10:20AM-10:25AM ET",DOWN,Down,4.0,0.56,,LOSS,NO,-4.0,Up,0xd34aee4fb7d66f2f53d22b8166db0a8d6bd4cdb23a0044b62a92aa9cf2df12b5,106107417407170953230839084819295251605683148496368330546712934618337089296432
2026-04-26T14:20:03.551975+00:00,2026-04-26T14:30:35.849924+00:00,momentum,"XRP Up or Down - April 26, 10:20AM-10:25AM ET",UP,Up,2.0,0.59,,WIN,YES,1.3898305084745766,Up,0xddfadfd811f6949760915182cb18e40cd6d0bf24b4d7c2e5485fea7f9f156810,2168588276367332728211475285768327671506584257812838699178732258856338195938
2026-04-26T14:25:02.754904+00:00,2026-04-26T14:35:38.138336+00:00,momentum,"Ethereum Up or Down - April 26, 10:25AM-10:30AM ET",DOWN,Down,4.0,0.58,,LOSS,NO,-4.0,Up,0xd689524b4063789ba387546c037aeb5119fc098b37678dd5c777b5c5adec0bcd,56192973777971840402761565918909501558579363289607974997412488728175886803624
2026-04-26T14:25:02.712477+00:00,2026-04-26T14:36:38.375782+00:00,momentum,"Bitcoin Up or Down - April 26, 10:25AM-10:30AM ET",DOWN,Down,4.0,0.58,,LOSS,NO,-4.0,Up,0xa17923da3e7e1d46a7dea09256f352764084f8b4f3abe4b8b28d768073578bf0,55932851987070680907794002954745395140063045775058529688318633954470510021231
2026-04-26T14:25:02.734199+00:00,2026-04-26T14:36:38.410445+00:00,momentum,"Solana Up or Down - April 26, 10:25AM-10:30AM ET",DOWN,Down,2.0,0.51,,LOSS,NO,-2.0,Up,0x45f59173106d7e13c77cb995b363469ce78bbabc5502b881c21cdd71bd608023,84510025615941555922585612044978692057807853424813665357590556725969657909017
2026-04-26T14:25:02.775945+00:00,2026-04-26T14:36:38.604016+00:00,momentum,"XRP Up or Down - April 26, 10:25AM-10:30AM ET",DOWN,Down,2.0,0.55,,WIN,YES,1.6363636363636362,Down,0xb90ce100e36ef94e79c3987c668a7ced0426bef871b8bfb12c922a4b6dab2283,11319710814407472863305483955731422878126071473919973896375771068509982988858
2026-04-26T14:30:00.435555+00:00,2026-04-26T14:41:41.751710+00:00,momentum,"Solana Up or Down - April 26, 10:30AM-10:35AM ET",DOWN,Down,4.0,0.515,,LOSS,NO,-4.0,Up,0xbdc214689c365e3c27a47902f0b91f2315417534d4a69712816caedfc48473de,71087185745915236431920026922093408857892967139550977305359145141592398081480
2026-04-26T14:30:01.619732+00:00,2026-04-26T14:41:42.022525+00:00,momentum,"Ethereum Up or Down - April 26, 10:30AM-10:35AM ET",DOWN,Down,4.0,0.6,,WIN,YES,2.666666666666667,Down,0xb79edca64fc4d3b5539e98abddbd1eeff4ae88ffa2e4c97bc8c9c8798e01b819,57580165238178563075420881710986272750235910199497284502955797073677233282280
2026-04-26T14:30:01.596214+00:00,2026-04-26T14:42:42.702577+00:00,momentum,"Bitcoin Up or Down - April 26, 10:30AM-10:35AM ET",UP,Up,4.0,0.54,,WIN,YES,3.4074074074074066,Up,0x6b485e04e295cc9e42e6bdc42d137570f001a4c7aef422ecb2f56b6682a321d2,109593279921107721036941756991547942051115192880094780498763993972492037236845
2026-04-26T14:30:56.291416+00:00,2026-04-26T14:42:42.842762+00:00,momentum,"XRP Up or Down - April 26, 10:30AM-10:35AM ET",DOWN,Down,2.0,0.53,,WIN,YES,1.773584905660377,Down,0x05a278aab88f8ede71c5fc92cbc19c04d0259c9a3a937c4becde1ed2cefc8964,107167887034983743672439735037011969318687692708865281221410326279795061096021
2026-04-26T14:35:00.271390+00:00,2026-04-26T14:44:43.633240+00:00,momentum,"Ethereum Up or Down - April 26, 10:35AM-10:40AM ET",DOWN,Down,2.0,0.56,,LOSS,NO,-2.0,Up,0x43fabc31897e34d4af3dd437f21c1607961103d9ffd81264195a4449aabc865b,101808821351117141930433013637458640000759353663949075608012981908374824491812
2026-04-26T14:35:00.293149+00:00,2026-04-26T14:45:43.666625+00:00,momentum,"Bitcoin Up or Down - April 26, 10:35AM-10:40AM ET",DOWN,Down,2.0,0.58,,LOSS,NO,-2.0,Up,0x53c84c3ade0324cb04a0bdd65b85177c7f3d31146256a9dc8e8e99f4d8f6d31e,102164378134204181796781217354484771959332334150521758167459958521665951139069
2026-04-26T14:35:00.315417+00:00,2026-04-26T14:45:43.700449+00:00,momentum,"XRP Up or Down - April 26, 10:35AM-10:40AM ET",DOWN,Down,2.0,0.51,,LOSS,NO,-2.0,Up,0x0530277bf630aba73fb2457433e1c0474f17b614afa8ff0b90b73dcd2335d7a4,38635886593014281160692644353205920507911092968134136658996367164970101438296
2026-04-26T14:35:00.337636+00:00,2026-04-26T14:46:43.870158+00:00,momentum,"Solana Up or Down - April 26, 10:35AM-10:40AM ET",DOWN,Down,2.0,0.52,,LOSS,NO,-2.0,Up,0x7c88ae3d8c8423c4a218507fd5f6b6eb4bf3da5785d5a5e6ac7fccf5f26e8d70,64681974791664906581143759891566976423215958722314414396725160463478251034334
2026-04-26T14:40:02.765929+00:00,2026-04-26T14:50:47.216885+00:00,momentum,"Bitcoin Up or Down - April 26, 10:40AM-10:45AM ET",DOWN,Down,4.0,0.53,,WIN,YES,3.547169811320754,Down,0xaf1f3f928284655820d3cbfea3b8a20f75bd86f04ab599c1e29de82dc7cd6f5b,59347372769973273340064584572480971172477904969625903567774832838816786230974
2026-04-26T14:40:00.606765+00:00,2026-04-26T14:51:47.620820+00:00,momentum,"Ethereum Up or Down - April 26, 10:40AM-10:45AM ET",DOWN,Down,2.0,0.515,,WIN,YES,1.883495145631068,Down,0x6689e639add4fe6623e20e1ab155c125e01c92075e0de22797293688992cdb66,53885043347210525815741898483916647756450227400522344041542802449131737704108
2026-04-26T14:40:00.629623+00:00,2026-04-26T14:51:47.820426+00:00,momentum,"Solana Up or Down - April 26, 10:40AM-10:45AM ET",DOWN,Down,4.0,0.515,,WIN,YES,3.766990291262136,Down,0x219c2102d7d49849ee3a1f8a6c2d0268f04a59c951055fdd632a62944e260df6,51212559984162512554126326371275474052655294257712446434088947786656285402535
2026-04-26T14:40:02.790755+00:00,2026-04-26T14:51:47.942091+00:00,momentum,"XRP Up or Down - April 26, 10:40AM-10:45AM ET",DOWN,Down,4.0,0.51,,WIN,YES,3.8431372549019605,Down,0x80d534407be2552b0316c416d831f063b7076034c2f1b9b66ab2265a63ab124e,70955277246307881987535710489270294393163492458828471503722453346837270723642
2026-04-26T14:45:01.746421+00:00,2026-04-26T14:53:49.559577+00:00,momentum,"XRP Up or Down - April 26, 10:45AM-10:50AM ET",DOWN,Down,2.0,0.52,,WIN,YES,1.8461538461538458,Down,0x4b6fa69b50c016598a88c6fc414769fe969a663511a2b33dc3c16df1fd95fe7e,92539978842221746674655733180953382969801708971288368192365139197557687424102
2026-04-26T14:45:01.765464+00:00,2026-04-26T14:53:49.592071+00:00,momentum,"Solana Up or Down - April 26, 10:45AM-10:50AM ET",DOWN,Down,2.0,0.52,,LOSS,NO,-2.0,Up,0x3c953d2f31811ce2af7d257797c4f1fa9ed2ca2f7ba35ec3d8ccff60ac6281a7,33904957154137355747619155217490126669475910843709685989425569355268570231357
2026-04-26T14:45:00.663196+00:00,2026-04-26T14:54:49.669549+00:00,momentum,"Ethereum Up or Down - April 26, 10:45AM-10:50AM ET",DOWN,Down,2.0,0.515,,WIN,YES,1.883495145631068,Down,0x899df44843c56a31fceb1c10efed737f8e6b1ff75ac6875c27356b27190cd4a6,41476695338710297740969693775462832846072230831897760737300422819467180466607
2026-04-26T14:45:11.134748+00:00,2026-04-26T14:54:49.835991+00:00,momentum,"Bitcoin Up or Down - April 26, 10:45AM-10:50AM ET",DOWN,Down,2.0,0.52,,WIN,YES,1.8461538461538458,Down,0x7ac72afcce3d398906c15b0d9ba0d3a7e03777b1b4a82a78d644af6382e76a91,75895950434478706672092072143243131512514111564281093447899600476283548920105
2026-04-26T14:50:00.993979+00:00,2026-04-26T14:59:52.710723+00:00,momentum,"Bitcoin Up or Down - April 26, 10:50AM-10:55AM ET",DOWN,Down,2.0,0.58,,LOSS,NO,-2.0,Up,0x9b3bdde5520151a068381a5faf36cf2b2a397c616a00b3dec0b71f551247a7fc,2414581014468762663788760718277909290088536481796938428271011696829095028909
2026-04-26T14:50:01.024130+00:00,2026-04-26T14:59:52.804710+00:00,momentum,"Solana Up or Down - April 26, 10:50AM-10:55AM ET",DOWN,Down,2.0,0.52,,LOSS,NO,-2.0,Up,0xdf997e6e1fd761907c11d9d0e6ff59c9861c1e4dc46d31bdadfd01323f36ff34,30331981733016971652609642601938371725136419224918129715395067403715856467418
2026-04-26T14:50:01.043924+00:00,2026-04-26T14:59:52.851637+00:00,momentum,"XRP Up or Down - April 26, 10:50AM-10:55AM ET",DOWN,Down,2.0,0.51,,LOSS,NO,-2.0,Up,0x3641eed0a19af93c7392c3384caab1d3282d354f4793a660231788005ec3f1ae,112759093511442156315656652013370550053841401451587191342181588735195968127125
2026-04-26T14:50:01.065607+00:00,2026-04-26T15:00:53.796288+00:00,momentum,"Ethereum Up or Down - April 26, 10:50AM-10:55AM ET",DOWN,Down,2.0,0.51,,LOSS,NO,-2.0,Up,0x698c1f10705cd5ab87e8d5c6b3dfa05d64f1fd8b6bdb3e29b4e71cd13d44290d,490309381328834185172033692834958097125944245353542440214415361970288521509
2026-04-26T14:55:00.835515+00:00,2026-04-26T15:05:56.112862+00:00,momentum,"Bitcoin Up or Down - April 26, 10:55AM-11:00AM ET",DOWN,Down,2.0,0.51,,WIN,YES,1.9215686274509802,Down,0xfaffa505fc7af3b3c94c1a7d8853ddd5ea893fca9b9cdea47ff8bdc1da4223b4,106479635048260714104581599193423059658626985915869978654826063279890997492673
2026-04-26T14:55:00.886462+00:00,2026-04-26T15:05:56.544810+00:00,momentum,"Solana Up or Down - April 26, 10:55AM-11:00AM ET",DOWN,Down,2.0,0.51,,WIN,YES,1.9215686274509802,Down,0xf61b67f503370a15c51eac67b8166980fe1fb555d882c6b0f6987054d1e1aa1c,94591468434442285077713984329088848706560655643448150806384719202304589736095
2026-04-26T14:55:00.852347+00:00,2026-04-26T15:06:56.186879+00:00,momentum,"Ethereum Up or Down - April 26, 10:55AM-11:00AM ET",DOWN,Down,2.0,0.54,,WIN,YES,1.7037037037037033,Down,0x51b35b02c40e9b08cc736b7a2099fbb6a09eadeeb284f1883309f4f63eaae1b0,54616616384955293360567918133773579183414852047963883416448552853015940677479
2026-04-26T14:55:00.868750+00:00,2026-04-26T15:06:56.333883+00:00,momentum,"XRP Up or Down - April 26, 10:55AM-11:00AM ET",DOWN,Down,4.0,0.51,,WIN,YES,3.8431372549019605,Down,0xbbbf3d2e9d00266939a703fcf6abeaf42922b53b05e6d9c2d23a18af9d4df23a,44944987732886434234778062900499896056311750068492195791554789898594609711813
2026-04-26T15:00:05.952383+00:00,2026-04-26T15:08:57.727318+00:00,momentum,"XRP Up or Down - April 26, 11:00AM-11:05AM ET",UP,Up,2.0,0.56,,WIN,YES,1.5714285714285712,Up,0xb8f3997cd99c450015d21ff739654613c0d9b4d39c9c7810eba58a8436d5f847,39467733420183340494570454968410682191691505078546049029576899337687175366077
2026-04-26T15:00:00.755601+00:00,2026-04-26T15:09:58.117458+00:00,momentum,"Solana Up or Down - April 26, 11:00AM-11:05AM ET",DOWN,Down,2.0,0.515,,LOSS,NO,-2.0,Up,0x6741343fef93fba90edf86dba40b8d7c085b21df1cd07acf23a6bc542fc9e6f6,111579225722757899943854905620393303022159862558113619423974474436660870572287
2026-04-26T15:00:02.868463+00:00,2026-04-26T15:09:58.307737+00:00,momentum,"Bitcoin Up or Down - April 26, 11:00AM-11:05AM ET",UP,Up,2.0,0.66,,WIN,YES,1.0303030303030303,Up,0x2e040478adcc42fceb1397b871b220b105c77ad46e2275831d99d8719af7ada6,34622619893802132065969295404555675551406021571269056999001002036064082238372
2026-04-26T15:00:00.722800+00:00,2026-04-26T15:12:58.824945+00:00,momentum,"Ethereum Up or Down - April 26, 11:00AM-11:05AM ET",DOWN,Down,2.0,0.515,,LOSS,NO,-2.0,Up,0x001a36c2ba8002e26944fa64f387e99038ae0b7e3688b33bb3f9c79a8a27fbaf,12314750206925872910302058243308960823717452768137282486278407141493395948556
2026-04-26T15:05:00.787587+00:00,2026-04-26T15:14:59.239984+00:00,momentum,"Ethereum Up or Down - April 26, 11:05AM-11:10AM ET",DOWN,Down,4.0,0.53,,WIN,YES,3.547169811320754,Down,0x0df9b86b2db7b3be10961d41ea6116eb0e6df6200b9f58e0e130355cb458e61c,69610841229093242636717047642537242484502591018378474180103765496279117041151
2026-04-26T15:05:00.820458+00:00,2026-04-26T15:15:59.479751+00:00,momentum,"Bitcoin Up or Down - April 26, 11:05AM-11:10AM ET",DOWN,Down,2.0,0.52,,WIN,YES,1.8461538461538458,Down,0x54c732536e1dee7692b605ad55e13f411bdc337566bc445b2f77eabf20d22877,78162222839283306050209271056029882338801461005663768020835141074941336021791
2026-04-26T15:05:03.914436+00:00,2026-04-26T15:15:59.609769+00:00,momentum,"Solana Up or Down - April 26, 11:05AM-11:10AM ET",DOWN,Down,4.0,0.53,,WIN,YES,3.547169811320754,Down,0xf45920d0364e47a337341b162484e91c465bc2637bbf95c3c6a52d6e6c291ebc,68933245227870146157238788086925592176667266967927441675132037055440451147105
2026-04-26T15:05:31.758120+00:00,2026-04-26T15:15:59.753951+00:00,momentum,"XRP Up or Down - April 26, 11:05AM-11:10AM ET",DOWN,Down,2.0,0.51,,WIN,YES,1.9215686274509802,Down,0x37f347e2a893abc9f026adc7d34f3d9f5d1d7d3102c5da14c8a2863dbe825bcb,16993170685419142253870033653195032392253980909866815353129073228804056226369
2026-04-26T15:10:00.792685+00:00,2026-04-26T15:21:01.761019+00:00,momentum,"Ethereum Up or Down - April 26, 11:10AM-11:15AM ET",DOWN,Down,2.0,0.515,,WIN,YES,1.883495145631068,Down,0x97cb13ee3717fd9ea04b4511627e52af4d629cdb235a54e7228a4deadc7932f2,6131140806215414705029539437099791435343952554119453643177404233786413945726
2026-04-26T15:10:01.871729+00:00,2026-04-26T15:21:01.796374+00:00,momentum,"Bitcoin Up or Down - April 26, 11:10AM-11:15AM ET",DOWN,Down,2.0,0.53,,LOSS,NO,-2.0,Up,0x7c92fc154071c4a495015f09b8ba4a9205f484deb143600c66c9ea91fa026c4b,84788162335355261741287255699316081783696336604297465187445496793400421540316
2026-04-26T15:10:01.912927+00:00,2026-04-26T15:21:01.961808+00:00,momentum,"Solana Up or Down - April 26, 11:10AM-11:15AM ET",DOWN,Down,2.0,0.53,,LOSS,NO,-2.0,Up,0xeffd3da9630549c633a545cc4ae940159fbfe285bc6732ae4e39868ec246b929,65721228588647479217564734015954506362068686036223829928879018374893377723106
2026-04-26T15:10:01.891965+00:00,2026-04-26T15:22:02.500969+00:00,momentum,"XRP Up or Down - April 26, 11:10AM-11:15AM ET",DOWN,Down,2.0,0.53,,WIN,YES,1.773584905660377,Down,0x95629e0eec1ba0eb3d6fd43b17254a63ef529420d16fd9b4b2c1e7689495c669,62237527438211603142571828835829762576185397049914763885181248521732980374909
2026-04-26T15:15:01.306036+00:00,2026-04-26T15:24:04.916675+00:00,momentum,"Solana Up or Down - April 26, 11:15AM-11:20AM ET",DOWN,Down,4.0,0.51,,LOSS,NO,-4.0,Up,0xcd8e85c5fd5bf0442af797ef29d7f761c3fb0f54f9458ce639869a0c04605022,70093252815162716881540925855445160488613614644273668159819562376249589557099
2026-04-26T15:15:01.260112+00:00,2026-04-26T15:25:05.021955+00:00,momentum,"XRP Up or Down - April 26, 11:15AM-11:20AM ET",DOWN,Down,2.0,0.51,,LOSS,NO,-2.0,Up,0xde38a5f569d564b24ba0d613026669d0b13da3939f59214fcf7c5b77860d63b1,98126541505776781872806222777291107953950975802323309500491114697389713669155
2026-04-26T15:15:01.286078+00:00,2026-04-26T15:25:05.068844+00:00,momentum,"Ethereum Up or Down - April 26, 11:15AM-11:20AM ET",DOWN,Down,2.0,0.52,,LOSS,NO,-2.0,Up,0x8c9fde997f127a9d75e07411ee3b3c9ac754655122b05b223a05446596bf4984,80958737787331693891243139403141328322968497905183907759672694005984709903988
2026-04-26T15:15:01.231961+00:00,2026-04-26T15:28:06.384881+00:00,momentum,"Bitcoin Up or Down - April 26, 11:15AM-11:20AM ET",UP,Up,2.0,0.52,,WIN,YES,1.8461538461538458,Up,0x6c9f1beed8d4cad9dd7b4061666d09b22d7515f0747b2d21070c2a07253ce15f,96663564789859915452754068007307764155435001627897680428348131345872023331315
2026-04-26T15:20:00.917728+00:00,2026-04-26T15:30:08.044405+00:00,momentum,"XRP Up or Down - April 26, 11:20AM-11:25AM ET",UP,Up,2.0,0.51,,LOSS,NO,-2.0,Down,0x2b839245468e9f385e02fca6849d404d2998eb4067a188c041c471e88cea4b4c,61442536947611145091402226361063872975099815651787102934090544356610043921597
2026-04-26T15:20:04.695122+00:00,2026-04-26T15:30:08.077247+00:00,momentum,"Ethereum Up or Down - April 26, 11:20AM-11:25AM ET",UP,Up,4.0,0.52,,LOSS,NO,-4.0,Down,0xa427c56a249215a11518dde44634d3d49ddb9c049becebe3b8906f34250ccd58,105162032124209370556002574151581093119222443154490963722203669517483247744545
2026-04-26T15:20:04.717255+00:00,2026-04-26T15:30:08.291387+00:00,momentum,"Solana Up or Down - April 26, 11:20AM-11:25AM ET",DOWN,Down,8.0,0.55,,WIN,YES,6.545454545454545,Down,0xf79f5953f3766185149e4eb56773c31633a73926f80bdae0832ed51516673930,28620054054356303535373324400758087163066780862604972241633596665021897353492
2026-04-26T15:20:00.893717+00:00,2026-04-26T15:31:08.783825+00:00,momentum,"Bitcoin Up or Down - April 26, 11:20AM-11:25AM ET",DOWN,Down,2.0,0.53,,WIN,YES,1.773584905660377,Down,0xc055a38adcc03b70fc69322237fb01840e16c34d117cf502d8b16ea7e313bca8,100240036802245944828794706715036869608272810592642249851938607146898135000321
2026-04-26T15:25:00.701262+00:00,2026-04-26T15:35:11.452276+00:00,momentum,"XRP Up or Down - April 26, 11:25AM-11:30AM ET",UP,Up,4.0,0.515,,WIN,YES,3.766990291262136,Up,0xb062331432ec317c6b99a55e211c63e7e65228a24712bd5705176a0d3b541c80,26151747071309948686389588057525243184964430119630041338700528825249031723737
2026-04-26T15:25:02.784488+00:00,2026-04-26T15:35:11.630528+00:00,momentum,"Bitcoin Up or Down - April 26, 11:25AM-11:30AM ET",UP,Up,2.0,0.58,,WIN,YES,1.4482758620689657,Up,0xf75d7bed43195b02ae3931d5892e37b89ed5484b7841bd9f1605f0f62e43cc14,68059719085743780008634419774586903169226795477437608747927698945129776985300
2026-04-26T15:25:02.811310+00:00,2026-04-26T15:35:11.792874+00:00,momentum,"Ethereum Up or Down - April 26, 11:25AM-11:30AM ET",UP,Up,8.0,0.66,,WIN,YES,4.121212121212121,Up,0x801baff74786f2578476bbdfef80020dc795e2151e57b9d47619864a9adeda39,107996151810455169109483356437268536227994363456024767011080799730998083607532
2026-04-26T15:25:02.841676+00:00,2026-04-26T15:35:11.826841+00:00,momentum,"Solana Up or Down - April 26, 11:25AM-11:30AM ET",DOWN,Down,2.0,0.51,,LOSS,NO,-2.0,Up,0xf21c5c0e53d5dd177449fb3f34506a590befe936c5a45af17da7623ab4daaca0,37248561647892876249106874516096479797032613785379567586954481665222557353162
2026-04-26T15:30:00.804454+00:00,2026-04-26T15:42:14.367292+00:00,momentum,"Ethereum Up or Down - April 26, 11:30AM-11:35AM ET",UP,Up,2.0,0.51,,LOSS,NO,-2.0,Down,0xfcdb18efa5da9a68e710100ddd4dda23d071b5fe1ddeb4d2236aef16baa589c0,65878029022017295191377915540740108952151266768897156603442617549175191043069
2026-04-26T15:30:02.550271+00:00,2026-04-26T15:42:14.405319+00:00,momentum,"XRP Up or Down - April 26, 11:30AM-11:35AM ET",UP,Up,2.0,0.59,,LOSS,NO,-2.0,Down,0x59db253979a41f6a8025be67f1c2fd84f92b2522dacbb6604a5e97556d79476a,73547475669483233983994003871352730252297578851261081238993810163835388976846
2026-04-26T15:30:02.576445+00:00,2026-04-26T15:42:14.441939+00:00,momentum,"Bitcoin Up or Down - April 26, 11:30AM-11:35AM ET",UP,Up,2.0,0.6,,LOSS,NO,-2.0,Down,0xc3ee6a2c2548ff39e7d5809e0a49ca12cc5a116828d2549507c09e7177ec5796,75794124572589394857124012680621540439809629162421091494680974874735738543816
2026-04-26T15:30:00.780917+00:00,2026-04-26T15:43:15.217222+00:00,momentum,"Solana Up or Down - April 26, 11:30AM-11:35AM ET",DOWN,Down,2.0,0.52,,WIN,YES,1.8461538461538458,Down,0x80b99f4118b4c773f3d2a1723cf70447f3ff254ea002649fb1286a1306ac8d57,74598016040657106116314383385464180290894518021330219186131284676889517035859
2026-04-26T15:35:03.669500+00:00,2026-04-26T15:44:15.708859+00:00,momentum,"Solana Up or Down - April 26, 11:35AM-11:40AM ET",DOWN,Down,2.0,0.54,,LOSS,NO,-2.0,Up,0xae2a4bc7376c88a83842e0e9c054db129dad6ca1f72a3c9eb13ceec8e3b134e3,111503385761228670870761287099370949329031399819187599251958455361944147085984
2026-04-26T15:35:03.708911+00:00,2026-04-26T15:44:15.755229+00:00,momentum,"XRP Up or Down - April 26, 11:35AM-11:40AM ET",DOWN,Down,4.0,0.51,,LOSS,NO,-4.0,Up,0x2e5fe3f6e6dd60b9effe1306d6fc6f2e327440908277fdac247af0f26139c0b4,48557231937652990057441954101918886636053416856151323832312234047825209803657
2026-04-26T15:35:03.220216+00:00,2026-04-26T15:46:16.227621+00:00,momentum,"Bitcoin Up or Down - April 26, 11:35AM-11:40AM ET",DOWN,Down,4.0,0.52,,LOSS,NO,-4.0,Up,0x4dd2b778dc3260c6c3bbc55da39c32ac189121b7c3dc59bc802e99b1ce38beb2,82456895819114623190081645010214727568957409267187773901469759697468454940733
2026-04-26T15:35:03.461089+00:00,2026-04-26T15:46:16.377039+00:00,momentum,"Ethereum Up or Down - April 26, 11:35AM-11:40AM ET",UP,Up,4.0,0.53,,WIN,YES,3.547169811320754,Up,0xb30bc408a2e9f8a8f86cf8351f372ca19709f74d38fe407a8c1a0e18cc0aa8b4,48686187986422714593120024568547276878034845854100912437246747864508048574657
2026-04-26T15:40:02.080294+00:00,2026-04-26T15:51:18.924527+00:00,momentum,"Bitcoin Up or Down - April 26, 11:40AM-11:45AM ET",DOWN,Down,8.0,0.58,,WIN,YES,5.793103448275863,Down,0xd7dee31e8b4cbbe530b5c687cd115def8e6c46e6ba854b51456c25ebbac91553,87806866909027020673597625040604132886540648156490004970195541614852780908989
2026-04-26T15:40:02.104172+00:00,2026-04-26T15:51:19.102399+00:00,momentum,"Ethereum Up or Down - April 26, 11:40AM-11:45AM ET",DOWN,Down,2.0,0.51,,WIN,YES,1.9215686274509802,Down,0x8633e2f12fca9de043e7821326dd27eca1cb5a20306da0f72465fc9e163a7e3d,13856022365661188260227497582870792000973314655331690476345026811883879698905
2026-04-26T15:40:02.129663+00:00,2026-04-26T15:51:19.235098+00:00,momentum,"Solana Up or Down - April 26, 11:40AM-11:45AM ET",DOWN,Down,4.0,0.56,,WIN,YES,3.1428571428571423,Down,0xff88cbd3e80d233c8939187b640920538c4489713b11863322344c1c4e6bbb40,92378877512176014244915289600101775502594287211927841006476107324498462569625
2026-04-26T15:40:11.395950+00:00,2026-04-26T15:51:19.384555+00:00,momentum,"XRP Up or Down - April 26, 11:40AM-11:45AM ET",DOWN,Down,8.0,0.6,,WIN,YES,5.333333333333334,Down,0x2ca1e61e641dd3d9f49d3b76747fd3cb8128249dd77a7b998db0bdaeaaed7f2e,106014884295222363064029101628617941437408578783584830163991455266402080405909
2026-04-26T15:45:01.194419+00:00,2026-04-26T15:53:21.246078+00:00,momentum,"Solana Up or Down - April 26, 11:45AM-11:50AM ET",DOWN,Down,2.0,0.51,,WIN,YES,1.9215686274509802,Down,0xd37493b1df63cd5506631388ff9f0d44ff8cde61974a181c9ca6bc6bcc5376c0,31802378794217978060742569568250917540397172602587648664777298629507655898696
2026-04-26T15:45:04.610273+00:00,2026-04-26T15:53:21.382570+00:00,momentum,"Ethereum Up or Down - April 26, 11:45AM-11:50AM ET",UP,Up,2.0,0.54,,LOSS,NO,-2.0,Down,0xba3709ef0c770cd1cccebb7220f1b34fd2b9e2b41797610c2766286bb5cb33d3,111526695943711691997239311327906959965784756045557039548166687364486363034162
2026-04-26T15:45:04.584650+00:00,2026-04-26T15:54:20.561438+00:00,momentum,"XRP Up or Down - April 26, 11:45AM-11:50AM ET",UP,Up,2.0,0.84,,LOSS,NO,-2.0,Down,0x9a7e6dae4d51cfe8bd777dfd3de789022b436ece816cc0b534868da5ff092f73,105435686096645314593055853899510157739561151135077606339954503831508745949791
2026-04-26T15:45:00.085430+00:00,2026-04-26T15:55:21.398469+00:00,momentum,"Bitcoin Up or Down - April 26, 11:45AM-11:50AM ET",UP,Up,2.0,0.515,,LOSS,NO,-2.0,Down,0x32d1938766ba7afe00df6a1f8a74dcb92b0cae171fc17d3ae3feeeecc2b1f7ef,40608705816748997703198563972621790315966486106463177587411604016278125249122
2026-04-26T15:50:02.773251+00:00,2026-04-26T15:59:24.637502+00:00,momentum,"Bitcoin Up or Down - April 26, 11:50AM-11:55AM ET",UP,Up,2.0,0.51,,WIN,YES,1.9215686274509802,Up,0xbb3103368431f762ec0b58666ddfc97a9d9581c370ba58a56843b3022eb3a200,79184915797397405373955462017476992763339194434058785773650253739469479450148
2026-04-26T15:50:00.505415+00:00,2026-04-26T16:00:24.976723+00:00,momentum,"Solana Up or Down - April 26, 11:50AM-11:55AM ET",DOWN,Down,2.0,0.515,,LOSS,NO,-2.0,Up,0xfcde3335312983712d5f844fb5af53d47e4a89a264d6e26dab43cdf472ec4748,26911432019452100634296069026941867096472779875919307219190615265006001335658
2026-04-26T15:50:02.796529+00:00,2026-04-26T16:00:25.138894+00:00,momentum,"Ethereum Up or Down - April 26, 11:50AM-11:55AM ET",UP,Up,4.0,0.51,,WIN,YES,3.8431372549019605,Up,0x6f6fc57e506d93b91d139522a17a987145ada4072b1902435a0f554e40f6512c,87990626188324681930709686757025058761979822675928560671907700328495026217863
2026-04-26T15:50:09.075018+00:00,2026-04-26T16:01:25.493995+00:00,momentum,"XRP Up or Down - April 26, 11:50AM-11:55AM ET",UP,Up,2.0,0.55,,WIN,YES,1.6363636363636362,Up,0xc7b66dd1a3a306f31d4b09a7fa3e4ce1d46ebfb7a24e47b93fce9f4f42ae3cd6,45829220130412997575575890084439826863475444073620694137578612237820434133550
2026-04-26T15:55:00.618116+00:00,2026-04-26T16:05:27.919362+00:00,momentum,"Bitcoin Up or Down - April 26, 11:55AM-12:00PM ET",DOWN,Down,2.0,0.545,,WIN,YES,1.6697247706422016,Down,0xdfe2606dd333bcc4d06df7c4094ff5f55fe993fc7ed4eec4ab2e5db11fc17655,106483069793437910365121250832551395890471946833428775115693073484197749026826
2026-04-26T15:55:14.041550+00:00,2026-04-26T16:05:28.185447+00:00,momentum,"Ethereum Up or Down - April 26, 11:55AM-12:00PM ET",DOWN,Down,2.0,0.52,,LOSS,NO,-2.0,Up,0x96c6905cb0f01f4c371656ee908e86ca74e84d964a5645c8ea2b51967d1af7af,63285505775318421514193841924818669098953342088301161638662531553513413741849
2026-04-26T15:55:01.707541+00:00,2026-04-26T16:06:28.363349+00:00,momentum,"Solana Up or Down - April 26, 11:55AM-12:00PM ET",DOWN,Down,4.0,0.51,,LOSS,NO,-4.0,Up,0xa1658b8df98ccfcb6a33d6e0c5eabe5251366fa06aa81bd54167bb68c93c1b48,40085085551750028636641713945164180378033628379557427949243496779282578673995
2026-04-26T15:55:01.742329+00:00,2026-04-26T16:06:28.434071+00:00,momentum,"XRP Up or Down - April 26, 11:55AM-12:00PM ET",DOWN,Down,2.0,0.51,,LOSS,NO,-2.0,Up,0x06f972f5cdd18c463cb936dbd820672f64b692792271628f3fe0baf6a8de83c4,50729578266748948526937345272791350702661504205919193060355837508810934016312
2026-04-26T16:00:02.801627+00:00,2026-04-26T16:12:31.916813+00:00,momentum,"Bitcoin Up or Down - April 26, 12:00PM-12:05PM ET",UP,Up,2.0,0.58,,WIN,YES,1.4482758620689657,Up,0x1a98ddbf5438f0130650bb88ddb1822b2e34489198336d4a34c19b820d89df97,85171437247040682037347712383758610417208229668372154042723834647566204006106
2026-04-26T16:00:02.826691+00:00,2026-04-26T16:12:31.949445+00:00,momentum,"XRP Up or Down - April 26, 12:00PM-12:05PM ET",UP,Up,4.0,0.51,,LOSS,NO,-4.0,Down,0x486a5d7ce11c361bc023559731fda44d0c432883e2a35de40981d3dc32cfea96,21024729750349849732419550475321755390644104655113338885596728004955775876295
2026-04-26T16:00:02.854210+00:00,2026-04-26T16:12:31.985515+00:00,momentum,"Solana Up or Down - April 26, 12:00PM-12:05PM ET",DOWN,Down,2.0,0.51,,LOSS,NO,-2.0,Up,0xb3d5eb15b7d010e0a414465a8fa6ddd8b2944358f5250f396207df20e4a6cbb8,107286132811097252067029150231215929837070395865850367895567231310181013410222
2026-04-26T16:00:02.775872+00:00,2026-04-26T16:13:31.735392+00:00,momentum,"Ethereum Up or Down - April 26, 12:00PM-12:05PM ET",UP,Up,4.0,0.6,,LOSS,NO,-4.0,Down,0xa24f295571bc01204ba51f220919fce5840cc5cb9f48a037971c41d12e8befd3,60801273203004951590741990644791896879680480399687285751933314830738244243491
2026-04-26T16:05:02.008347+00:00,2026-04-26T16:14:32.629531+00:00,momentum,"Ethereum Up or Down - April 26, 12:05PM-12:10PM ET",DOWN,Down,8.0,0.51,,WIN,YES,7.686274509803921,Down,0x89a8e355fafa3a30921b76f319382cefb7f199e4731f01942ceebeb1eca5031f,78649730373268852073712703524838476907386831754649200767391707545206222736853
2026-04-26T16:05:00.883145+00:00,2026-04-26T16:15:32.464555+00:00,momentum,"Solana Up or Down - April 26, 12:05PM-12:10PM ET",DOWN,Down,4.0,0.515,,WIN,YES,3.766990291262136,Down,0xe4c93db090a9f4be1645e0487f1f1a3a39b31502d270a77e33092fe933add4b7,109746498446139731031280866992512622488580668783621707325410109989112884645547
2026-04-26T16:05:01.986752+00:00,2026-04-26T16:15:32.688310+00:00,momentum,"XRP Up or Down - April 26, 12:05PM-12:10PM ET",DOWN,Down,8.0,0.53,,WIN,YES,7.094339622641508,Down,0xbf53c00fa8702a0d91905ee392e5b8ea33fffa4b24db4f0ef697575c3e343c6c,58327694484327551256847235827981130442197325284906149763009482689137981525405
2026-04-26T16:05:17.859146+00:00,2026-04-26T16:15:32.724551+00:00,momentum,"Bitcoin Up or Down - April 26, 12:05PM-12:10PM ET",UP,Up,2.0,0.54,,LOSS,NO,-2.0,Down,0xb45b1839400f65954fda6d9381ff61c33f14c9d250e6a162f5585af5e1fdf51a,21531673013983865556883338562247005250223526242201963406740846802818002897048
2026-04-26T16:10:00.555266+00:00,2026-04-26T16:21:34.917687+00:00,momentum,"Ethereum Up or Down - April 26, 12:10PM-12:15PM ET",UP,Up,2.0,0.56,,LOSS,NO,-2.0,Down,0x4d6a3dddab9e58a1c285bd2ef300b7ed7c20fb6de5577dc51040abd9fd711fd5,29988611259356870997787373184181288660979571576558794008627420539756415140628
2026-04-26T16:10:00.584834+00:00,2026-04-26T16:21:34.959403+00:00,momentum,"XRP Up or Down - April 26, 12:10PM-12:15PM ET",UP,Up,2.0,0.99,,LOSS,NO,-2.0,Down,0x85a5ce52395e5e4420a0bd7bb71e8124699987539feb9120d699d21e61927750,15360967336626323530170919975473339013580391496188902424253325357907839066641
2026-04-26T16:10:00.609454+00:00,2026-04-26T16:21:35.104801+00:00,momentum,"Solana Up or Down - April 26, 12:10PM-12:15PM ET",DOWN,Down,2.0,0.62,,WIN,YES,1.2258064516129035,Down,0x0a3ca8437964eb5805d83015e7233c1179d4448eea4aff0d178e89f6fa191b6a,59058994348910003844943531027867203907401995744381023891020199450734899897782
2026-04-26T16:10:00.640303+00:00,2026-04-26T16:21:35.258173+00:00,momentum,"Bitcoin Up or Down - April 26, 12:10PM-12:15PM ET",DOWN,Down,4.0,0.51,,WIN,YES,3.8431372549019605,Down,0x428030d95db555cef224ce2b7df35d85ad2a14ecaf6ded4c772cc6fc12f88183,97538907859021289339410657785257704364925462634869905389903844949480215997980
2026-04-26T16:15:00.806140+00:00,2026-04-26T16:26:36.984672+00:00,momentum,"Solana Up or Down - April 26, 12:15PM-12:20PM ET",DOWN,Down,2.0,0.515,,LOSS,NO,-2.0,Up,0x5131afafaf4c7513a9210fab8f30c2782244bd723cbea9af9a5c83559057698f,114748400017943605774810808903536496044813799409686658837802293181821518820140
2026-04-26T16:15:03.222655+00:00,2026-04-26T16:26:37.183385+00:00,momentum,"Bitcoin Up or Down - April 26, 12:15PM-12:20PM ET",UP,Up,2.0,0.52,,WIN,YES,1.8461538461538458,Up,0x5978325720bc289a204293cf503531316318dc414f4479edbbdab66d3263f416,14349190983599636298582482278264861130656769881331943711688489023507316718639
2026-04-26T16:15:06.545101+00:00,2026-04-26T16:26:37.444732+00:00,momentum,"Ethereum Up or Down - April 26, 12:15PM-12:20PM ET",UP,Up,4.0,0.51,,WIN,YES,3.8431372549019605,Up,0x2ab043a16a0c67223511863f12d059a71c97beb3e47688b626d4d61b3077a0b3,7971399061379328280785277936810519617722316123466037603681055612059802587578
2026-04-26T16:15:03.249774+00:00,2026-04-26T16:27:37.754042+00:00,momentum,"XRP Up or Down - April 26, 12:15PM-12:20PM ET",UP,Up,2.0,0.56,,LOSS,NO,-2.0,Down,0x3cfce265cbb6687ef32c1b6b0d32bc9b76a30448f37cf98177e30788021c3bd4,90444803844972036847249473612375078266113731764031087675533449650470118292602
2026-04-26T16:20:00.359587+00:00,2026-04-26T16:29:38.425609+00:00,momentum,"XRP Up or Down - April 26, 12:20PM-12:25PM ET",UP,Up,4.0,0.51,,WIN,YES,3.8431372549019605,Up,0x118c56d0a91dac56d3209a77ec014b0775b9a9a1d0b7565805c299466c63f311,90446445367848222293790310622952138972840957697921146256316779178836844664287
2026-04-26T16:20:03.446434+00:00,2026-04-26T16:29:38.468667+00:00,momentum,"Solana Up or Down - April 26, 12:20PM-12:25PM ET",DOWN,Down,2.0,0.53,,LOSS,NO,-2.0,Up,0x55a6ec97f07577181a5a570dda51d632465a59969407bd69cb1fa34fdda1ffb9,1164128902089535648645056276629853269835494499964549220037655307583572566429
2026-04-26T16:20:09.591366+00:00,2026-04-26T16:30:39.123608+00:00,momentum,"Ethereum Up or Down - April 26, 12:20PM-12:25PM ET",UP,Up,2.0,0.51,,WIN,YES,1.9215686274509802,Up,0x99ed7c7534adc56969feb59a53ed18a6c136cd3a099821dcccd9832ebbfe64f9,71226419714744700073201037874121258597833181722947577185545529050021083828967
2026-04-26T16:20:12.683936+00:00,2026-04-26T16:30:39.290661+00:00,momentum,"Bitcoin Up or Down - April 26, 12:20PM-12:25PM ET",UP,Up,2.0,0.51,,WIN,YES,1.9215686274509802,Up,0x03afe1150b8ac576d0d54c1446102da2f8ccf1fa50bc19599cf7ba038f917703,20512717608962736543629192385694763133826397649015457052280565746473294990141
2026-04-26T16:25:02.111908+00:00,2026-04-26T16:36:41.992151+00:00,momentum,"Solana Up or Down - April 26, 12:25PM-12:30PM ET",DOWN,Down,2.0,0.58,,WIN,YES,1.4482758620689657,Down,0xea49e890f61d8209be88093b648b2fd2bd8d817fafe24852ee6c763239fcbd53,96390982136740139207454944235650915758815309734303360879157035229344317123446
2026-04-26T16:25:02.144716+00:00,2026-04-26T16:36:42.142142+00:00,momentum,"Bitcoin Up or Down - April 26, 12:25PM-12:30PM ET",UP,Up,2.0,0.51,,WIN,YES,1.9215686274509802,Up,0xd086c7465e0c5557ad0168af8092b90c1be527f5a29bc9ffac4e10b243e80ee3,94622608381169921069070985173992749322381121370644764432812522664599417668167
2026-04-26T16:25:02.178541+00:00,2026-04-26T16:36:42.289649+00:00,momentum,"Ethereum Up or Down - April 26, 12:25PM-12:30PM ET",DOWN,Down,2.0,0.55,,WIN,YES,1.6363636363636362,Down,0x24c8021a9430e672fee2e8d02099fefcae320e2e663f7db079b184e2bba67b42,111072446743711835935295110487270054922499312869078229580189349834262836987163
2026-04-26T16:25:02.229567+00:00,2026-04-26T16:36:42.475480+00:00,momentum,"XRP Up or Down - April 26, 12:25PM-12:30PM ET",UP,Up,2.0,0.51,,WIN,YES,1.9215686274509802,Up,0x7f687eb286269d25ad589c9b2b789758fa95f688d47f2b48e1b4736bb7432f6f,112649892382767135099989821467301523877332833784804621318856376155801406414268
2026-04-26T16:30:01.838136+00:00,2026-04-26T16:38:43.049577+00:00,momentum,"Ethereum Up or Down - April 26, 12:30PM-12:35PM ET",DOWN,Down,2.0,0.51,,LOSS,NO,-2.0,Up,0xb67e67d848a9318d6dc3604aad5ea7def7d0837653fcc8d2265f50a16118fa49,19436892374702934004602041442818436969702247677317504766491834317413791155512
2026-04-26T16:30:00.692954+00:00,2026-04-26T16:39:43.456809+00:00,momentum,"XRP Up or Down - April 26, 12:30PM-12:35PM ET",UP,Up,2.0,0.525,,WIN,YES,1.8095238095238093,Up,0xa22850c27cd09baf52dabcdd17845b9a554deac15bd9a4174ba1eea61e7a7143,34532055346662746433632583327082383980131634191428103037712288438691418241789
2026-04-26T16:30:01.816412+00:00,2026-04-26T16:39:43.601104+00:00,momentum,"Bitcoin Up or Down - April 26, 12:30PM-12:35PM ET",UP,Up,2.0,0.53,,WIN,YES,1.773584905660377,Up,0xaeba560332ca983c517b919ba559a3c7ed3be49beaf12e7e9243ace649e5edaf,36402455335238569604726284694731504669474474219223546232769904301601588986498
2026-04-26T16:30:01.861553+00:00,2026-04-26T16:39:43.634464+00:00,momentum,"Solana Up or Down - April 26, 12:30PM-12:35PM ET",DOWN,Down,2.0,0.53,,LOSS,NO,-2.0,Up,0x9ee3964efe5e0cf24c30d09127a9d146ba529341fba9b73e668be7b6e5b19e0f,6043184140265097565274659604622947760662112076486564328204505138615742172274
2026-04-26T16:35:00.677185+00:00,2026-04-26T16:44:45.731868+00:00,momentum,"XRP Up or Down - April 26, 12:35PM-12:40PM ET",UP,Up,2.0,0.52,,LOSS,NO,-2.0,Down,0xfd5248df7bfa1166cf3858508f2d3f6191cddade32f790090670d54364d3cae3,40576561554284043107999065093434918160795163196404334014336887192704584746983
2026-04-26T16:35:01.818108+00:00,2026-04-26T16:45:46.007586+00:00,momentum,"Solana Up or Down - April 26, 12:35PM-12:40PM ET",DOWN,Down,4.0,0.52,,WIN,YES,3.6923076923076916,Down,0xf744b9c994e3abe6c919bf9286ae71b33cdfc36147ecf0e3eda9d0bee4aa44c7,92700685632441785483534339293422541528410848197780192372251783555763372502265
2026-04-26T16:35:01.854977+00:00,2026-04-26T16:45:46.045353+00:00,momentum,"Bitcoin Up or Down - April 26, 12:35PM-12:40PM ET",UP,Up,2.0,0.56,,LOSS,NO,-2.0,Down,0x2fd65827cb9236a220a37622228bb977d5ee43c10bbe08af2ab4350c3fa72a7c,105843355354365162798171230177501943156925930960348993296639089949811046892534
2026-04-26T16:35:01.883063+00:00,2026-04-26T16:45:46.092525+00:00,momentum,"Ethereum Up or Down - April 26, 12:35PM-12:40PM ET",UP,Up,2.0,0.51,,LOSS,NO,-2.0,Down,0x9e88dbb4ddc8aed9f69fd92f99dfadea75907325b3abe9f8b7a2d616f6182a2e,26582838455859431524419723058317872924375074042823501479595050871497477890630
2026-04-26T16:40:00.589879+00:00,2026-04-26T16:50:47.753497+00:00,momentum,"XRP Up or Down - April 26, 12:40PM-12:45PM ET",UP,Up,4.0,0.51,,LOSS,NO,-4.0,Down,0x2cfc44e007531a100da515d520478feaaa5e598f2096ad23b156bcf0ed6721b5,34502578437141958313359526646530330582481081606798078921678003194602844467445
2026-04-26T16:40:00.617048+00:00,2026-04-26T16:50:47.922648+00:00,momentum,"Solana Up or Down - April 26, 12:40PM-12:45PM ET",DOWN,Down,2.0,0.52,,WIN,YES,1.8461538461538458,Down,0xde45134467d42ae70181d06ee920b0eb9e46eb47958f0d4a78d2a26662822c20,78744294759271754796680859734595591969309147669581239584908274771763849098426
2026-04-26T16:40:00.565610+00:00,2026-04-26T16:51:48.562561+00:00,momentum,"Ethereum Up or Down - April 26, 12:40PM-12:45PM ET",UP,Up,4.0,0.51,,LOSS,NO,-4.0,Down,0x62b10a0afec46d3dbf369dcec2bfcc5c87f52348b0ed126516906972baa34fc7,24619601613230865104199834854709178439353026207200384241352472096421854249769
2026-04-26T16:40:00.685607+00:00,2026-04-26T16:51:48.604679+00:00,momentum,"Bitcoin Up or Down - April 26, 12:40PM-12:45PM ET",UP,Up,4.0,0.51,,LOSS,NO,-4.0,Down,0x633403e32dd7dca17630288a64be781542c98771c222c0d5435749c76db277bd,64067898825300825157726565961032995837613846400631652486738729336375732108152
2026-04-26T16:45:00.760709+00:00,2026-04-26T16:53:49.600046+00:00,momentum,"Ethereum Up or Down - April 26, 12:45PM-12:50PM ET",UP,Up,4.0,0.51,,WIN,YES,3.8431372549019605,Up,0x11022e6f6eb9c6c6d3fb3c99d08e3d640d602cb74348094e8da0ee92753a3c3f,59380954712153680841085233633049724869382991186697904992774725044703344212498
2026-04-26T16:45:00.792543+00:00,2026-04-26T16:54:50.507387+00:00,momentum,"Bitcoin Up or Down - April 26, 12:45PM-12:50PM ET",UP,Up,4.0,0.51,,WIN,YES,3.8431372549019605,Up,0x35cd19a3da67cd7a7793cec0841f10559b2a8dfd74d0c4d06341b95e459bd52a,81916376094118420482043961709754343573301803356254979705404527552592479361570
2026-04-26T16:45:00.821833+00:00,2026-04-26T16:54:50.544692+00:00,momentum,"Solana Up or Down - April 26, 12:45PM-12:50PM ET",DOWN,Down,2.0,0.51,,LOSS,NO,-2.0,Up,0xc8dad70f02348d4264722854ca3c8b897b8f31ef08bcfc9c005f47a505b3585b,99715003553148093133431506629517998927344818440707289821541634432369408251430
2026-04-26T16:45:00.850450+00:00,2026-04-26T16:55:50.872615+00:00,momentum,"XRP Up or Down - April 26, 12:45PM-12:50PM ET",DOWN,Down,8.0,0.51,,LOSS,NO,-8.0,Up,0x73da13e02c28224a31ec87a768a2a36a90d434a079ead0691da65636de95e05a,4851365192636245272025986704151278493576180391102986943969086704582979200506
2026-04-26T16:50:01.950406+00:00,2026-04-26T16:59:53.021128+00:00,momentum,"Bitcoin Up or Down - April 26, 12:50PM-12:55PM ET",UP,Up,2.0,0.51,,WIN,YES,1.9215686274509802,Up,0x6a9ceafb8388ec596b9cfe348fc6c800e1d7507ca1c287a9361989b54dddf88c,78447634079147722149550181240562024043441084065249307217055607007218173078357
2026-04-26T16:50:00.816148+00:00,2026-04-26T17:00:52.918575+00:00,momentum,"XRP Up or Down - April 26, 12:50PM-12:55PM ET",UP,Up,2.0,0.515,,LOSS,NO,-2.0,Down,0x78173bee6019323dbc9895dffefa553a231ec190eeda77f9aaac2b488d6903f6,59641623559057164128587400471862661478309570510734683191629298688309973847365
2026-04-26T16:50:00.845014+00:00,2026-04-26T17:00:52.960266+00:00,momentum,"Ethereum Up or Down - April 26, 12:50PM-12:55PM ET",UP,Up,2.0,0.515,,LOSS,NO,-2.0,Down,0x3897f817d50cc1052f7dc3c1cda5c546d461391cd3a8c0f06690a6feaed71b36,114507084233132963899346500012938052859469392437043991179406145809568643924509
2026-04-26T16:50:17.427689+00:00,2026-04-26T17:00:53.163322+00:00,momentum,"Solana Up or Down - April 26, 12:50PM-12:55PM ET",UP,Up,4.0,0.52,,WIN,YES,3.6923076923076916,Up,0x33de5b01b6780a36c659db4e3aa8521ce08d31139774b39ea09fae544b5bdd7b,84668355039833558071321135110442721018459417993590087538397971831412263008389
2026-04-26T16:55:03.182608+00:00,2026-04-26T17:05:55.227345+00:00,momentum,"XRP Up or Down - April 26, 12:55PM-1:00PM ET",DOWN,Down,4.0,0.51,,WIN,YES,3.8431372549019605,Down,0x6f2b99f51eeb8bfae5800e09b0d43597b3f78a0a2b56df5f08d26759ad3d57a5,97452862702062203444948178484403655944399577443086304585520658122215070066751
2026-04-26T16:55:25.577284+00:00,2026-04-26T17:05:55.507650+00:00,momentum,"Bitcoin Up or Down - April 26, 12:55PM-1:00PM ET",UP,Up,2.0,0.51,,LOSS,NO,-2.0,Down,0x514e26f947ba8ca8c6374f007a12fe4dc5fec9012e063969eaa581087c52cb00,20809231455752847373268720006488938542811331858413468417261330893594395999128
2026-04-26T16:55:15.578978+00:00,2026-04-26T17:06:55.662898+00:00,momentum,"Ethereum Up or Down - April 26, 12:55PM-1:00PM ET",DOWN,Down,4.0,0.51,,WIN,YES,3.8431372549019605,Down,0x6addc272fcdf296607b7e997418e8a5ad6018240e4f36778df4c739763b3354d,49299605715827165347526924930790972458232563783692060938844694363140587671385
2026-04-26T16:55:21.823960+00:00,2026-04-26T17:06:55.692403+00:00,momentum,"Solana Up or Down - April 26, 12:55PM-1:00PM ET",UP,Up,2.0,0.56,,LOSS,NO,-2.0,Down,0xb196dc436c76d2569614fcf1d600229405128ac5522de8d93301ecf75de6fdb1,90241777387051927358644217757926461506351967525195027258722304097787302132538
2026-04-26T17:00:01.358354+00:00,2026-04-26T17:08:56.802670+00:00,momentum,"Ethereum Up or Down - April 26, 1:00PM-1:05PM ET",UP,Up,2.0,0.55,,WIN,YES,1.6363636363636362,Up,0x6d10cdf1fb0e25d5018930800cd6a9fe89e2edc14910a9e81ab89f4d8e55d092,93880660208409730833186579993967669395127663765809374191992691756129944026890
2026-04-26T17:00:01.680515+00:00,2026-04-26T17:08:56.834800+00:00,momentum,"XRP Up or Down - April 26, 1:00PM-1:05PM ET",UP,Up,2.0,0.51,,LOSS,NO,-2.0,Down,0x854b58ea6bcc6280fa8229f8a29073655d4613cfaa5904dd06ba1f6ac6398ad3,75316226630462953921374864518038408976584987289114257742636638516824855294720
2026-04-26T17:00:06.941793+00:00,2026-04-26T17:08:57.113852+00:00,momentum,"Solana Up or Down - April 26, 1:00PM-1:05PM ET",DOWN,Down,4.0,0.54,,WIN,YES,3.4074074074074066,Down,0x23c7eb423dc214c63ae801e2416bd08aca38177006f9562c4f76aeeb95038f27,114657792531446790465877750202065478798518994402155529446313328390707903030195
2026-04-26T17:00:01.737374+00:00,2026-04-26T17:09:57.336783+00:00,momentum,"Bitcoin Up or Down - April 26, 1:00PM-1:05PM ET",UP,Up,4.0,0.52,,WIN,YES,3.6923076923076916,Up,0xd389b61ac5f78a7e8ccea5e5e152ddb8f6fe519a750ed87749ee20d86fd983a7,71580755296294332375052605212629653170764238480582726755157256710508385108783
2026-04-26T17:05:00.498573+00:00,2026-04-26T17:15:01.579338+00:00,momentum,"Solana Up or Down - April 26, 1:05PM-1:10PM ET",UP,Up,2.0,0.52,,WIN,YES,1.8461538461538458,Up,0x3c2784695633611e1d00a9fce6620b8eeeeb45ce0b779114e9c8f14d58a6871a,66089762707797540678240799981407619382588760677623738436862312650831690315869
2026-04-26T17:05:00.440287+00:00,2026-04-26T17:16:02.103564+00:00,momentum,"Ethereum Up or Down - April 26, 1:05PM-1:10PM ET",UP,Up,2.0,0.56,,WIN,YES,1.5714285714285712,Up,0xb760a03e9f85c392ac0da0779f2e8f451756a81816eda4ce0b8d5b6e1c2acf61,8461908312945381342249366206762957891338942374972745172995926956716195712110
2026-04-26T17:05:00.471384+00:00,2026-04-26T17:16:02.280111+00:00,momentum,"XRP Up or Down - April 26, 1:05PM-1:10PM ET",UP,Up,2.0,0.53,,WIN,YES,1.773584905660377,Up,0x10047febbfb4c90a10aa4987b78fca935837bcf4ca456746f873e5f5e6387a9b,64718653236815106302810555892317631637696722772375121637202377603402871901680
2026-04-26T17:05:00.526095+00:00,2026-04-26T17:16:02.428758+00:00,momentum,"Bitcoin Up or Down - April 26, 1:05PM-1:10PM ET",UP,Up,2.0,0.55,,WIN,YES,1.6363636363636362,Up,0xb70f16e9a0004ce769460e764c9a1a7df553e8f14c666d4b15707ce96dd552d3,77878417143747341182381743529372086873518961459996914412516762117294998460809
2026-04-26T17:10:00.895455+00:00,2026-04-26T17:21:05.168118+00:00,momentum,"XRP Up or Down - April 26, 1:10PM-1:15PM ET",UP,Up,2.0,0.525,,WIN,YES,1.8095238095238093,Up,0xfd4f1dcb2187bc52293273ac451b2278a5b2492d2bce0a822576c08a1d127820,48186634161191040682032499424680995501224966635923077598819775859299745841036
2026-04-26T17:10:03.186327+00:00,2026-04-26T17:21:05.308035+00:00,momentum,"Solana Up or Down - April 26, 1:10PM-1:15PM ET",UP,Up,2.0,0.52,,WIN,YES,1.8461538461538458,Up,0x137e1f8545192df3733a80e0a36d2e500aa20be59e3ba64f3aceda218eb3d605,8805813541492938230709582919476000528910413222091929590350820321393140986802
2026-04-26T17:10:12.975493+00:00,2026-04-26T17:21:05.458992+00:00,momentum,"Ethereum Up or Down - April 26, 1:10PM-1:15PM ET",UP,Up,2.0,0.53,,WIN,YES,1.773584905660377,Up,0x64e0a696d899663e9b8e1b76c00b6189bb5656e19d3ce394db34574fccf1a88a,62235949360903341500351850007796672788902392273228954181737594817132562238966
2026-04-26T17:10:00.868545+00:00,2026-04-26T17:22:05.868510+00:00,momentum,"Bitcoin Up or Down - April 26, 1:10PM-1:15PM ET",UP,Up,2.0,0.56,,WIN,YES,1.5714285714285712,Up,0x3fffe5934c9b8e1ffe515e70427981ea5f9603efdaa3369c485e7b0be79ac298,84884900783320703659384269488234218926041227819305800712221560135620208397191
2026-04-26T17:15:00.928773+00:00,2026-04-26T17:24:07.073876+00:00,momentum,"Solana Up or Down - April 26, 1:15PM-1:20PM ET",UP,Up,2.0,0.515,,WIN,YES,1.883495145631068,Up,0x992a71dedc22cabce0a884093b1b4f1708df24d384366d64910be4f303190e0c,20979139523111086305693586064616297218445369754510465002019336234239773582790
2026-04-26T17:15:00.992574+00:00,2026-04-26T17:24:07.108128+00:00,momentum,"XRP Up or Down - April 26, 1:15PM-1:20PM ET",UP,Up,2.0,0.515,,LOSS,NO,-2.0,Down,0x4c2a7afa04d4fbce733bed8c85b73946336548d91e576ff58ad2c5c80322f0a6,55619001044850564241428468882170864129056746417331596154959740949925158410194
2026-04-26T17:15:00.876922+00:00,2026-04-26T17:25:07.815368+00:00,momentum,"Ethereum Up or Down - April 26, 1:15PM-1:20PM ET",UP,Up,2.0,0.515,,WIN,YES,1.883495145631068,Up,0xfc0762a1c5d3e152834d9f14e130a140aeccca7f3f8ebcec6bdf0a8734019b72,20100343633364451659581765909414295825321324337399473547947509028994684691294
2026-04-26T17:15:07.440723+00:00,2026-04-26T17:25:07.867268+00:00,momentum,"Bitcoin Up or Down - April 26, 1:15PM-1:20PM ET",DOWN,Down,2.0,0.51,,LOSS,NO,-2.0,Up,0x3f0243606ec8cd9f802501907d42cad6f86d86687606b066285b23a84a82c15e,5605006926391384809787205542251362221371605623101307270937547956812691690163
2026-04-26T17:20:01.330452+00:00,2026-04-26T17:29:11.174828+00:00,momentum,"Ethereum Up or Down - April 26, 1:20PM-1:25PM ET",DOWN,Down,2.0,0.53,,WIN,YES,1.773584905660377,Down,0x8666d8a61733d794ebc560928d8e955729cec6283af7f188ce8eda29febb4abc,75776398468897843692449889314419686654638447535914580585477971536906745331427
2026-04-26T17:20:00.272603+00:00,2026-04-26T17:30:11.308027+00:00,momentum,"Solana Up or Down - April 26, 1:20PM-1:25PM ET",UP,Up,2.0,0.515,,WIN,YES,1.883495145631068,Up,0x7d2be88dda3cb0de862c0628abc791909dbfef09d0d97ee34a11d349a51862cc,35935843490017249973804138607965287403539273072089423386735244837198991820050
2026-04-26T17:20:01.296328+00:00,2026-04-26T17:30:11.349017+00:00,momentum,"Bitcoin Up or Down - April 26, 1:20PM-1:25PM ET",UP,Up,4.0,0.51,,LOSS,NO,-4.0,Down,0x3b7f51647da855805f543d4f5d15ba9d2c71d0c90e23f4998161aa3012c64bf5,7472424137297276326277258023557607088255640198800123763909744284153670855261
2026-04-26T17:20:00.248133+00:00,2026-04-26T17:31:11.649564+00:00,momentum,"XRP Up or Down - April 26, 1:20PM-1:25PM ET",UP,Up,4.0,0.515,,LOSS,NO,-4.0,Down,0x3ae565f24b3eaa5ff26e561e6519f27562d2ebf6374b9ebbbedfb9d81a6ed6e0,26143902107943137265510760500348435933530344666411253409902234174032717551206
2026-04-26T17:25:01.289861+00:00,2026-04-26T17:36:13.795284+00:00,momentum,"Ethereum Up or Down - April 26, 1:25PM-1:30PM ET",DOWN,Down,2.0,0.52,,LOSS,NO,-2.0,Up,0xeddd20a58231d163587b1071a49cd6943d3275712964ef82086cd87d0a7ec31e,81199944498671722117353607753339663113266271855930458716321890386441791742030
2026-04-26T17:25:01.336011+00:00,2026-04-26T17:36:13.828123+00:00,momentum,"Bitcoin Up or Down - April 26, 1:25PM-1:30PM ET",DOWN,Down,8.0,0.51,,LOSS,NO,-8.0,Up,0x2254084397d17bb4a366e21b7ab89271bc57f3a7194c7e8b3a17397d78f618aa,31455308418554149897244405940358739186407561174820255912635912876064167150262
2026-04-26T17:25:04.468785+00:00,2026-04-26T17:36:13.865136+00:00,momentum,"Solana Up or Down - April 26, 1:25PM-1:30PM ET",UP,Up,2.0,0.58,,LOSS,NO,-2.0,Down,0x4e83ffb5adff30a8c1bb329bc9cd7ea47fa0f21af784de319b1beff9394ee95e,90012072897406725369319687393008465366759698748268544788423281421034913525885
2026-04-26T17:25:04.498255+00:00,2026-04-26T17:37:14.166747+00:00,momentum,"XRP Up or Down - April 26, 1:25PM-1:30PM ET",UP,Up,8.0,0.71,,WIN,YES,3.267605633802818,Up,0x1e43d904f3593b890e65e2ab65eb80a75e9784fb5b6541118c7750b183faee0f,31393063201092624520352482029566400208178149596797687238143206118196407531267
2026-04-26T17:30:00.439261+00:00,2026-04-26T17:39:15.838082+00:00,momentum,"Ethereum Up or Down - April 26, 1:30PM-1:35PM ET",DOWN,Down,4.0,0.51,,WIN,YES,3.8431372549019605,Down,0x3d01025237ecddb25eaaa5188a8a3fffc9e8bbdd07cc4fddfd67e1178273a1ca,60907586173358062786870150759517381530471167288865623485839525291413551081455
2026-04-26T17:30:01.475536+00:00,2026-04-26T17:39:15.871177+00:00,momentum,"XRP Up or Down - April 26, 1:30PM-1:35PM ET",UP,Up,2.0,0.99,,LOSS,NO,-2.0,Down,0x262c4a5b81e5540e03b74d94b7f423eafe579c1464b3987b37ea8ff339177a3c,47356293976657347730202943730707230120842375956022976272857809470514929356360
2026-04-26T17:30:01.504112+00:00,2026-04-26T17:39:15.924280+00:00,momentum,"Solana Up or Down - April 26, 1:30PM-1:35PM ET",UP,Up,4.0,0.99,,LOSS,NO,-4.0,Down,0x4bfccc3026fd74b604af42d2673d42538d05d795b3c846648400c9402ed828d3,1635322095030479380724132268172226078895548138581365664516611449388854717801
2026-04-26T17:30:01.532509+00:00,2026-04-26T17:39:15.959003+00:00,momentum,"Bitcoin Up or Down - April 26, 1:30PM-1:35PM ET",UP,Up,16.0,0.99,,LOSS,NO,-16.0,Down,0xf5cee24c2848d2e03b721924b77def098163bf25019a4d1ccdab3d5a912ed5fc,63354130159580883181356483451999048170849338122724712327701242786596057800913
2026-04-26T17:35:01.552331+00:00,2026-04-26T17:44:19.417317+00:00,momentum,"Bitcoin Up or Down - April 26, 1:35PM-1:40PM ET",DOWN,Down,32.0,0.51,,WIN,YES,30.745098039215684,Down,0xa29752884bbb3e0848f9a135c937617812fcb6ca7589d20d90b411e5146445b0,25187870721133932580433073794929370336629909592734460170479593808882348121835
2026-04-26T17:35:01.577860+00:00,2026-04-26T17:44:19.816248+00:00,momentum,"Solana Up or Down - April 26, 1:35PM-1:40PM ET",DOWN,Down,2.0,0.52,,WIN,YES,1.8461538461538458,Down,0x725f5b7bdc5e956b8e82a9ed5e1e1b18e3ff910dc4e366cb567131ea568574c2,62958530824082562938622247911248052387565484971028637776470009378873508216569
2026-04-26T17:35:04.714473+00:00,2026-04-26T17:45:19.571477+00:00,momentum,"Ethereum Up or Down - April 26, 1:35PM-1:40PM ET",DOWN,Down,2.0,0.58,,LOSS,NO,-2.0,Up,0x627d04de4c8f5c0f03deac3baa262063679b2c479f613555d3278749bbd4d7c5,71638522257823748915940198299107346838482313212428027105064395569125225409628
2026-04-26T17:35:04.742238+00:00,2026-04-26T17:45:20.240036+00:00,momentum,"XRP Up or Down - April 26, 1:35PM-1:40PM ET",DOWN,Down,4.0,0.67,,WIN,YES,1.9701492537313428,Down,0x190875d3b1477bc9afa2557748d630a9fda081ac820fec2600dd9f89cb416729,17565698998911306887149406443875277053941579523678622182537192911012387464574
2026-04-26T17:40:10.050379+00:00,2026-04-26T17:50:21.986569+00:00,momentum,"Bitcoin Up or Down - April 26, 1:40PM-1:45PM ET",UP,Up,2.0,0.51,,WIN,YES,1.9215686274509802,Up,0xba6c099a2ad9ce9d7a647207cbba081ce6b8c7a47eb597d68d47919f77f3f966,66726000298522298778993285177710142082916841089556560087756801206459971454029
2026-04-26T17:40:00.477231+00:00,2026-04-26T17:51:21.720432+00:00,momentum,"XRP Up or Down - April 26, 1:40PM-1:45PM ET",UP,Up,2.0,0.51,,WIN,YES,1.9215686274509802,Up,0x2f56dcce2f8cb1e3e3bed6f045ff00b94dd2bf85e87dd3364c886272b430a921,102743772958836492618594399119918393823832754197054377251314325543355034186678
2026-04-26T17:40:03.906794+00:00,2026-04-26T17:52:21.723491+00:00,momentum,"Solana Up or Down - April 26, 1:40PM-1:45PM ET",DOWN,Down,2.0,0.52,,LOSS,NO,-2.0,Up,0x34713526fa34d678a2653fd85f0255008af5c51e48541d06bf27287132ab1330,90038355462581274473242412273364087531425286990460419211164304868154431157407
2026-04-26T17:40:13.143413+00:00,2026-04-26T17:52:21.867500+00:00,momentum,"Ethereum Up or Down - April 26, 1:40PM-1:45PM ET",UP,Up,4.0,0.64,,WIN,YES,2.25,Up,0xf35d91589e7e769b13e8b06af8eaa372cff1d3e2a4967a27b73741003e4e9ed7,43211357809971995179854478130400999417600319156301524312136474949034592235066
2026-04-26T17:45:02.206771+00:00,2026-04-26T17:57:25.225199+00:00,momentum,"Ethereum Up or Down - April 26, 1:45PM-1:50PM ET",DOWN,Down,2.0,0.51,,LOSS,NO,-2.0,Up,0x3c9af4d097cf660f5c2b117b3c7c127dbc712559711880b3059d79bd6cfc36ee,52067197953453089790609557728721259086021052867987435117834555119757546792457
2026-04-26T17:45:02.234425+00:00,2026-04-26T17:57:25.266109+00:00,momentum,"Bitcoin Up or Down - April 26, 1:45PM-1:50PM ET",DOWN,Down,2.0,0.51,,LOSS,NO,-2.0,Up,0x5ef05c8685a7cc3f041ecf68c9cbbdb99f6c5af17943140565b9cfb4c47fada3,55043116356444930626639193318050694302928738452733358118769226064928846986263
2026-04-26T17:45:02.263939+00:00,2026-04-26T17:57:25.420639+00:00,momentum,"XRP Up or Down - April 26, 1:45PM-1:50PM ET",UP,Up,2.0,0.53,,WIN,YES,1.773584905660377,Up,0x7422faaac96c8f4c96d662307c3de20ec707473d3d7c9cd226436b3760261975,103738193282269961323497881527410736039316033598887320320895025632242764996639
2026-04-26T17:45:02.289344+00:00,2026-04-26T17:57:25.453101+00:00,momentum,"Solana Up or Down - April 26, 1:45PM-1:50PM ET",DOWN,Down,2.0,0.52,,LOSS,NO,-2.0,Up,0x75601ea5b6475b8ea9ffbccafca0e1aedd5595387415b3725589ff05e628cd68,27277785151986005004170367322891576217065999111925716091703149006495980824240
2026-04-26T17:50:01.785812+00:00,2026-04-26T17:59:26.611546+00:00,momentum,"Bitcoin Up or Down - April 26, 1:50PM-1:55PM ET",UP,Up,4.0,0.52,,LOSS,NO,-4.0,Down,0x23151e873e70ca258b872bc4392af55a5110266deffc983948b4541c372e2022,71333199815373407818666423510224001485853683234081416589560906819718060486681
2026-04-26T17:50:00.655914+00:00,2026-04-26T18:00:26.749322+00:00,momentum,"Ethereum Up or Down - April 26, 1:50PM-1:55PM ET",DOWN,Down,4.0,0.515,,WIN,YES,3.766990291262136,Down,0xd1953bc23f3a1b233b8616653248aeb2412ce3ea61f6777b6c8f9e83b3872eda,60137554321844881382412396532117014701920707816413314880553495869517239452678
2026-04-26T17:50:01.754574+00:00,2026-04-26T18:00:26.782793+00:00,momentum,"Solana Up or Down - April 26, 1:50PM-1:55PM ET",DOWN,Down,4.0,0.51,,LOSS,NO,-4.0,Up,0x43a9f05b6dd170ccf33aaee9cd253c3285c9e55ceca437f1af9509529bb8bfe2,75425339069909336245452036920507361150455279259007452844639029453392328139883
2026-04-26T17:50:07.959704+00:00,2026-04-26T18:00:26.843696+00:00,momentum,"XRP Up or Down - April 26, 1:50PM-1:55PM ET",UP,Up,2.0,0.51,,LOSS,NO,-2.0,Down,0x8f037eca92eee21a8913bfd28eaa87c672fffd410860802b228b8b059cf2e252,89196227724326833762512730262764008195309849656606872103250023484366113119753
2026-04-26T17:55:02.909092+00:00,2026-04-26T18:05:28.747154+00:00,momentum,"Bitcoin Up or Down - April 26, 1:55PM-2:00PM ET",DOWN,Down,2.0,0.51,,WIN,YES,1.9215686274509802,Down,0xe39bce06ef504705f7bb225bd5bc9aa4609eb2d7b85bb486697d05a61332ac48,37609384745923546322230273382943710019545164208410216893268523622733805439821
2026-04-26T17:55:00.757129+00:00,2026-04-26T18:06:29.199425+00:00,momentum,"XRP Up or Down - April 26, 1:55PM-2:00PM ET",UP,Up,4.0,0.51,,LOSS,NO,-4.0,Down,0xdddf198ef23e6a2e26705f1b84432c0783a975aea0d2dde2899b96e727f075e4,60892542926728971372596853794296010734759265741539438360362896516690016776114
2026-04-26T17:55:02.941932+00:00,2026-04-26T18:06:29.249230+00:00,momentum,"Solana Up or Down - April 26, 1:55PM-2:00PM ET",DOWN,Down,8.0,0.51,,LOSS,NO,-8.0,Up,0x88171753773d77d4081b5e6970632ae49e185e6e39f73246978ec4f1cce4b769,90883280097563482829123186845463207987269137177833532111064384604811971240458
2026-04-26T17:55:02.971484+00:00,2026-04-26T18:06:29.280710+00:00,momentum,"Ethereum Up or Down - April 26, 1:55PM-2:00PM ET",DOWN,Down,2.0,0.53,,LOSS,NO,-2.0,Up,0x95fde678443f8a6af619a43d1d71d2ff856e4e9a5abdd2b793f5c687643ccde2,63838859711954164778137169684470684689046305732467822652516096304037785028400
2026-04-26T18:00:13.069920+00:00,2026-04-26T18:11:33.424681+00:00,momentum,"XRP Up or Down - April 26, 2:00PM-2:05PM ET",UP,Up,2.0,0.56,,LOSS,NO,-2.0,Down,0xb22ac3bc6019ae2c1a6736db322af3c1488e1a3ee2d5b6212526526d990a6112,90906983079776687193848310305900776156704631855492962469237661459682655945322
2026-04-26T18:00:00.658294+00:00,2026-04-26T18:12:33.336349+00:00,momentum,"Ethereum Up or Down - April 26, 2:00PM-2:05PM ET",DOWN,Down,4.0,0.52,,WIN,YES,3.6923076923076916,Down,0x88b45fb2c79d11364c94e5e23bd73152717ddfc46d787424c15c2e9746a3ad1c,79265649759889525615209898381737248223354803030215651806533958412544267547004
2026-04-26T18:00:03.222208+00:00,2026-04-26T18:12:33.371471+00:00,momentum,"Bitcoin Up or Down - April 26, 2:00PM-2:05PM ET",UP,Up,2.0,0.62,,LOSS,NO,-2.0,Down,0x7a777ef460d1211995f8f8b92ba0e952a3cacfedf8b1998e721b05cc7a8b4580,80116320052095944783258132743457967136272044293313707180160685338431790895606
2026-04-26T18:00:03.493773+00:00,2026-04-26T18:12:33.500558+00:00,momentum,"Solana Up or Down - April 26, 2:00PM-2:05PM ET",DOWN,Down,16.0,0.57,,WIN,YES,12.070175438596493,Down,0xe8d0cac08325a3a8ab432a4b92aa104b1d664d83c64394e91a37d3fd3581efca,34146108434116847919729038215252749694125702456375180468095077133968310148197
2026-04-26T18:05:00.815995+00:00,2026-04-26T18:14:35.425617+00:00,momentum,"XRP Up or Down - April 26, 2:05PM-2:10PM ET",UP,Up,4.0,0.51,,WIN,YES,3.8431372549019605,Up,0x2c36712b2ca6d8d0c4f15c670c1ffe697b2c79d16cfda65124f96df2d1ddd1b7,90630804776129753267974139895080903088553375451752855897579925640186169548795
2026-04-26T18:05:00.793855+00:00,2026-04-26T18:15:36.113268+00:00,momentum,"Ethereum Up or Down - April 26, 2:05PM-2:10PM ET",DOWN,Down,2.0,0.52,,LOSS,NO,-2.0,Up,0x2a596fc89874c7403d0c6b03b55d44c3e62c0f7b686266881e3f9a6053c2c027,95579823181141557253174017011722046923479983997347632162433161867895818856530
2026-04-26T18:05:04.974711+00:00,2026-04-26T18:15:36.292323+00:00,momentum,"Bitcoin Up or Down - April 26, 2:05PM-2:10PM ET",UP,Up,4.0,0.53,,WIN,YES,3.547169811320754,Up,0xde02ab4536add5e63cc35fe54ac52c36c02471c7714f2211e2be3d1479f64be3,93906891167830720281116139575511343149043413509682420111255724069159585466714
2026-04-26T18:05:08.407584+00:00,2026-04-26T18:16:37.107309+00:00,momentum,"Solana Up or Down - April 26, 2:05PM-2:10PM ET",UP,Up,2.0,0.56,,WIN,YES,1.5714285714285712,Up,0x0a1951d55a4d3eea6ba698cdcce4fafe2519ef1f28f31ba418534b2d27f03436,61527260088952450516538020989074726815453271460553272716049255258816185887531
2026-04-26T18:10:01.782779+00:00,2026-04-26T18:20:39.445515+00:00,momentum,"Bitcoin Up or Down - April 26, 2:10PM-2:15PM ET",DOWN,Down,2.0,0.55,,LOSS,NO,-2.0,Up,0x26996e98e27b3fd60ff646307d20ae6dfaf6f27ef6a8adcd83dea4a308236863,105862829683875394296425628076816758987603756681792160007704921956570165716099
2026-04-26T18:10:00.456126+00:00,2026-04-26T18:21:40.388969+00:00,momentum,"Solana Up or Down - April 26, 2:10PM-2:15PM ET",UP,Up,2.0,0.515,,WIN,YES,1.883495145631068,Up,0x39057097bf12d27bde417b9d4bfab59b21cc0012c198b7bf07c636b637b65145,103297123089342643208817010796270022440584603684110675281260861449698447094385
2026-04-26T18:10:00.498000+00:00,2026-04-26T18:21:40.427951+00:00,momentum,"Ethereum Up or Down - April 26, 2:10PM-2:15PM ET",DOWN,Down,4.0,0.515,,LOSS,NO,-4.0,Up,0xcb2abb60921d3527986ab88613a44d828d144190bd78d9662db00ea56c3dc9fd,63353728680590602753447886662846474658738217343984739930858362068805890183226
2026-04-26T18:10:14.610093+00:00,2026-04-26T18:21:40.458930+00:00,momentum,"XRP Up or Down - April 26, 2:10PM-2:15PM ET",DOWN,Down,2.0,0.56,,LOSS,NO,-2.0,Up,0x4096f059de2f066c2d2810ff2a8e7be2e5624f85d05507edb8c0e08212177f54,24573855186799632062117929246949054297464520128458262506863466402917059622974
2026-04-26T18:15:00.979796+00:00,2026-04-26T18:23:40.801382+00:00,momentum,"Solana Up or Down - April 26, 2:15PM-2:20PM ET",UP,Up,2.0,0.515,,WIN,YES,1.883495145631068,Up,0x979e35b0ce6a98a94308ba1e8082591d7ed43bc91a9a0160ad42ca9f9327d300,74233814386942681493152965488930716628530249890232302036261122450613454550765
2026-04-26T18:15:01.022553+00:00,2026-04-26T18:23:40.945956+00:00,momentum,"XRP Up or Down - April 26, 2:15PM-2:20PM ET",UP,Up,2.0,0.51,,WIN,YES,1.9215686274509802,Up,0x27569798b0e4df9529c9c7fd4f775414fbb0a5c10fd2f2a4443d4ee05d022a07,54484183376979981521838675520843952540864107078001111145804797577525503476398
2026-04-26T18:15:02.062150+00:00,2026-04-26T18:23:41.087700+00:00,momentum,"Bitcoin Up or Down - April 26, 2:15PM-2:20PM ET",UP,Up,2.0,0.99,,WIN,YES,0.020202020202020332,Up,0x3fbd4494c61640fb3d2e9ba30d9debd7c8734ef0cc1a10852157625ea20c7eb2,10502761562465370388398064964617773825379804565257304710151012409650281630727
2026-04-26T18:15:02.112311+00:00,2026-04-26T18:24:41.221954+00:00,momentum,"Ethereum Up or Down - April 26, 2:15PM-2:20PM ET",DOWN,Down,4.0,0.64,,LOSS,NO,-4.0,Up,0x8b7d57b9702fda18cf5084d10d623e94c0d33fd8a32ae30ed205165ea27fcb36,50135123332109723787168461690869372680406637675869586275208893704584226316286
2026-04-26T18:20:00.204440+00:00,2026-04-26T18:29:44.599308+00:00,momentum,"Ethereum Up or Down - April 26, 2:20PM-2:25PM ET",DOWN,Down,8.0,0.535,,WIN,YES,6.953271028037383,Down,0xdea6fb0b182ef395b3696f347f86b86a765151a6deae23df4241e1c643a90285,9842977709657257802741390736220298188438813324586098861497895101840522662634
2026-04-26T18:20:00.280150+00:00,2026-04-26T18:29:44.749193+00:00,momentum,"Solana Up or Down - April 26, 2:20PM-2:25PM ET",DOWN,Down,2.0,0.515,,LOSS,NO,-2.0,Up,0x5711e1a6a7035baa457c09bda5842bb42a756b20d65c4e685d4815bd50569aa4,59079828968547212757055268130650979822444411191563731019775383527774691822892
2026-04-26T18:20:01.446110+00:00,2026-04-26T18:29:44.786172+00:00,momentum,"Bitcoin Up or Down - April 26, 2:20PM-2:25PM ET",DOWN,Down,2.0,0.58,,LOSS,NO,-2.0,Up,0xc0e051dbb0f4c93305ffcc2d89a238b3895598347dd739afd8e31620a9b903df,102487906306505728231890384707037448875522962834922865531447221881900911462437
2026-04-26T18:20:00.233094+00:00,2026-04-26T18:30:45.578257+00:00,momentum,"XRP Up or Down - April 26, 2:20PM-2:25PM ET",DOWN,Down,2.0,0.515,,LOSS,NO,-2.0,Up,0x8f454b0391ed98f99294a17d0eee922829d81de40f6b85846b0844fc1b273f53,80772596458183364491619680448595715488527274659112852632425632653801639015517
2026-04-26T18:25:01.150466+00:00,2026-04-26T18:35:47.894844+00:00,momentum,"Solana Up or Down - April 26, 2:25PM-2:30PM ET",DOWN,Down,4.0,0.525,,WIN,YES,3.6190476190476186,Down,0x1f281d770650f0f295c474ff58d77d3b4e9d87916b489778ffe593f0b9180b11,60489168678910177004247210407359386615208414602644329934484617065123609480004
2026-04-26T18:25:01.179188+00:00,2026-04-26T18:35:48.038310+00:00,momentum,"XRP Up or Down - April 26, 2:25PM-2:30PM ET",DOWN,Down,4.0,0.515,,WIN,YES,3.766990291262136,Down,0x894f131087de6a770e809260b3f60824d7e55a4aaf06dcf00ecf06522f2ebcac,79174761209266670011866659108059850944288564451477697930592006344463223335822
2026-04-26T18:25:01.079299+00:00,2026-04-26T18:36:47.777323+00:00,momentum,"Bitcoin Up or Down - April 26, 2:25PM-2:30PM ET",DOWN,Down,4.0,0.525,,WIN,YES,3.6190476190476186,Down,0x9ffcf55b66f433d8203b2fd1db572e2b176b9302003fb67c700d456b077a2323,109615233955357901050183471021427400754082913303754029073376354339162088427989
2026-04-26T18:25:01.104038+00:00,2026-04-26T18:36:47.925056+00:00,momentum,"Ethereum Up or Down - April 26, 2:25PM-2:30PM ET",DOWN,Down,2.0,0.535,,WIN,YES,1.7383177570093458,Down,0xab8a6ec90e80b91adbd95f760b9a3dac77071f8c39eba41442b5166d25fb78d6,70253512930225394414944165245438415436861503320245906782074672837372389156729
2026-04-26T18:30:02.868670+00:00,2026-04-26T18:39:49.469441+00:00,momentum,"Solana Up or Down - April 26, 2:30PM-2:35PM ET",DOWN,Down,2.0,0.53,,WIN,YES,1.773584905660377,Down,0x9e0d1c27380e38313ae14c7560e42e8146d8ba6218073382349d2e96346c89cb,38662326044291373025952962950948708320901586588343653438874486047847892538168
2026-04-26T18:30:02.896873+00:00,2026-04-26T18:39:49.601852+00:00,momentum,"XRP Up or Down - April 26, 2:30PM-2:35PM ET",DOWN,Down,2.0,0.51,,WIN,YES,1.9215686274509802,Down,0x8314e90b54d8bde5f907a93e96d6723f489d94bd7a2143acf048b835d5cc51c2,110706141266473903877763841828924580010957441954283226450084659209248962473919
2026-04-26T18:30:02.931271+00:00,2026-04-26T18:39:49.732966+00:00,momentum,"Bitcoin Up or Down - April 26, 2:30PM-2:35PM ET",DOWN,Down,2.0,0.51,,WIN,YES,1.9215686274509802,Down,0xa43d906c253aa24f74e7f0be350d9d3a3abd0b8405f42b261c9aca3bda3571d9,666933303710209650061512087264742753626244415688303725898240615506401394024
2026-04-26T18:30:03.967672+00:00,2026-04-26T18:39:49.890713+00:00,momentum,"Ethereum Up or Down - April 26, 2:30PM-2:35PM ET",DOWN,Down,2.0,0.52,,WIN,YES,1.8461538461538458,Down,0xe2c3dc374de921182603a8f6e44ce3727efa4155e72d1d19e8fb46fafb621fcc,21373015603557020781676548340592416231405755861932813259485062553230619689078
2026-04-26T18:35:00.483660+00:00,2026-04-26T18:44:53.111957+00:00,momentum,"Ethereum Up or Down - April 26, 2:35PM-2:40PM ET",DOWN,Down,2.0,0.52,,LOSS,NO,-2.0,Up,0x44bc95168b0fa4a885e38fc45d36e903281009ec75744d9b655cb18f8cfb70c0,78408344491868503849499554620030397154721025327383755038648252528535659187062
2026-04-26T18:35:00.509435+00:00,2026-04-26T18:45:54.114513+00:00,momentum,"Solana Up or Down - April 26, 2:35PM-2:40PM ET",DOWN,Down,2.0,0.52,,WIN,YES,1.8461538461538458,Down,0xe5b7233fcc8f0b283b4412e283c8afa26721f314a97a25df4bcb4b61f7cff46c,104204331305170096716149865862915825940806227673472414554866444957141072497190
2026-04-26T18:35:01.666080+00:00,2026-04-26T18:45:54.357306+00:00,momentum,"Bitcoin Up or Down - April 26, 2:35PM-2:40PM ET",UP,Up,2.0,0.51,,WIN,YES,1.9215686274509802,Up,0xcff775790b23aa3b49542a654175ea60cbdcf3a1b376caa05977a3e75a771fd7,66269896487129782818104582385024569738414162983280814326647855609156791848593
2026-04-26T18:35:01.699068+00:00,2026-04-26T18:45:54.612844+00:00,momentum,"XRP Up or Down - April 26, 2:35PM-2:40PM ET",DOWN,Down,2.0,0.51,,WIN,YES,1.9215686274509802,Down,0x7619a1544cc8684e4e33d802d7fd10f7698b47635755c1801fbf98a04b18c529,77565143420406707874688958725105804731875504099487642465550102986213757374469
2026-04-26T18:40:03.841362+00:00,2026-04-26T18:49:58.184945+00:00,momentum,"Bitcoin Up or Down - April 26, 2:40PM-2:45PM ET",DOWN,Down,2.0,0.51,,LOSS,NO,-2.0,Up,0x3e09d8a4eb069623c0e076ce795d11ea65644dba17a2e11e0751a3a9a84e55d9,115502174944227723488834140938748309728220314657178558365337681148670274098789
2026-04-26T18:40:00.564389+00:00,2026-04-26T18:50:58.463581+00:00,momentum,"Solana Up or Down - April 26, 2:40PM-2:45PM ET",UP,Up,2.0,0.51,,WIN,YES,1.9215686274509802,Up,0xe3650259d31b21d4b77d223bce6a2fdbaef73008bd85ff6edb6e5afc93cd64ad,74009939201999619836581601072352562608906424114789768348842103755930915351821
2026-04-26T18:40:00.596402+00:00,2026-04-26T18:50:58.528819+00:00,momentum,"Ethereum Up or Down - April 26, 2:40PM-2:45PM ET",DOWN,Down,4.0,0.55,,LOSS,NO,-4.0,Up,0xdeaa9563f2014b1571e573a294cc992e7eae3a18af05c92d8dd43d2c24cc3f95,78077271972076409714367854652367655199720403599568674826751405675954077103438
2026-04-26T18:40:00.624765+00:00,2026-04-26T18:50:58.612491+00:00,momentum,"XRP Up or Down - April 26, 2:40PM-2:45PM ET",DOWN,Down,2.0,0.51,,LOSS,NO,-2.0,Up,0x9205ae875f9f422b77e57f868344e40d46331ba54fc39a8ea9cbee57f356f52d,86747058973049356864905977255598787846024392313510530801170105582316738837825
2026-04-26T18:45:00.316830+00:00,2026-04-26T18:53:59.608799+00:00,momentum,"Ethereum Up or Down - April 26, 2:45PM-2:50PM ET",DOWN,Down,8.0,0.515,,LOSS,NO,-8.0,Up,0xc45cc1ebade04641eb96bb253c3419db84c9b3bd292c24a616dd55204bedaee2,18385165678057424505409222261870547675447027536792188314004938271972051375560
2026-04-26T18:45:00.353405+00:00,2026-04-26T18:53:59.642814+00:00,momentum,"Solana Up or Down - April 26, 2:45PM-2:50PM ET",DOWN,Down,2.0,0.515,,LOSS,NO,-2.0,Up,0x539c8050fa26903ec87147abb182ff2be9e7e5bf1940e68f8b203e4467568762,104272799712367200258799970999665134571744992536558858807244216151343504902862
2026-04-26T18:45:02.461123+00:00,2026-04-26T18:53:59.677058+00:00,momentum,"Bitcoin Up or Down - April 26, 2:45PM-2:50PM ET",DOWN,Down,4.0,0.55,,LOSS,NO,-4.0,Up,0xf9fb97dae36f3645ebacb1ea6daa26dcf39293a4e1fc449293f721f421998f90,31835985045100728143054802994359631538838798378136478956933926371094420113478
2026-04-26T18:45:08.760579+00:00,2026-04-26T18:54:59.748329+00:00,momentum,"XRP Up or Down - April 26, 2:45PM-2:50PM ET",DOWN,Down,4.0,0.51,,LOSS,NO,-4.0,Up,0xe41844081e379f9078f8f02ff68ea59e8a7af1f3f2c9112da1a8c76e282d8d70,84897006945163577126442023405411065219436604543775404560407037466390702623973
2026-04-26T18:50:04.115934+00:00,2026-04-26T18:59:03.398041+00:00,momentum,"Ethereum Up or Down - April 26, 2:50PM-2:55PM ET",DOWN,Down,8.0,0.56,,LOSS,NO,-8.0,Up,0x1e6ac2bc591f5cb7d77023048ecd265dec5f46e492ddf1687e0ce129e4c3525d,98510868595593356683061412375153513303227793089077660723215837737962431344903
2026-04-26T18:50:00.877857+00:00,2026-04-26T19:00:04.039377+00:00,momentum,"Bitcoin Up or Down - April 26, 2:50PM-2:55PM ET",DOWN,Down,8.0,0.52,,LOSS,NO,-8.0,Up,0x823170a34a2ea8d6eefc050116006310a5c3f48db9286cbac627c37affc55312,75775938803490776074709487034453803631751592101957351915699179250422846152892
2026-04-26T18:50:00.903661+00:00,2026-04-26T19:00:04.268917+00:00,momentum,"Solana Up or Down - April 26, 2:50PM-2:55PM ET",DOWN,Down,2.0,0.51,,WIN,YES,1.9215686274509802,Down,0x60aafcef364c9dd2b7c214db0fba2cc98fbfcb234e23ebc8e436bde7fa847bab,34276857709654786124902347500130185588556718425978118246529923176088037128094
2026-04-26T18:50:00.933658+00:00,2026-04-26T19:00:04.308738+00:00,momentum,"XRP Up or Down - April 26, 2:50PM-2:55PM ET",DOWN,Down,8.0,0.51,,LOSS,NO,-8.0,Up,0xe0575990dc1770448e9c25722c4ffe9d60248d8209dd43b26bf348654e972887,41335305936471243590090285579315849859550023576246253693121093996149088773832
2026-04-26T18:55:01.272924+00:00,2026-04-26T19:05:06.934520+00:00,momentum,"Solana Up or Down - April 26, 2:55PM-3:00PM ET",DOWN,Down,4.0,0.515,,WIN,YES,3.766990291262136,Down,0x5797f6ecc4cf9984c11d5a32556383408579c13b68a2d51db255b5d53562c0c5,2057861036904168891323556048389317014645457593104950468905290556573210457186
2026-04-26T18:55:03.492433+00:00,2026-04-26T19:06:07.411300+00:00,momentum,"Ethereum Up or Down - April 26, 2:55PM-3:00PM ET",DOWN,Down,16.0,0.54,,WIN,YES,13.629629629629626,Down,0x9379b9e60b93f931c58fad92ef95ea83ee5cda58ac9a40f77192c87d69df6acc,103520142787794032353550113317601855084013471581544168777838820652211815713670
2026-04-26T18:55:03.890915+00:00,2026-04-26T19:06:07.448127+00:00,momentum,"Bitcoin Up or Down - April 26, 2:55PM-3:00PM ET",DOWN,Down,16.0,0.54,,LOSS,NO,-16.0,Up,0x11c6f8d9eaa058945586f53f7541d5f3982dd63dd464585b197dbf654c0ecd8a,18568675183815635274918050503676239157266298603213395118993008281175751571396
2026-04-26T18:55:04.128368+00:00,2026-04-26T19:06:07.595132+00:00,momentum,"XRP Up or Down - April 26, 2:55PM-3:00PM ET",DOWN,Down,16.0,0.51,,WIN,YES,15.372549019607842,Down,0x3a188749f67bac4566ec66f6360c6edb3fe3757ff4069c9437d83529675a06b9,72040382816186238783574340360539666926532627727440104928303894498503409955630
2026-04-26T19:00:02.898227+00:00,2026-04-26T19:08:09.011364+00:00,momentum,"XRP Up or Down - April 26, 3:00PM-3:05PM ET",DOWN,Down,2.0,0.52,,WIN,YES,1.8461538461538458,Down,0x60909ad0a20e16729bcc4cf0108ecaa5ec63b1e554ebe95bb73fa2dadc2fd6c2,57480527796484066985525962693925868197997005151693491161411675334995213972500
2026-04-26T19:00:02.932625+00:00,2026-04-26T19:08:09.158270+00:00,momentum,"Ethereum Up or Down - April 26, 3:00PM-3:05PM ET",DOWN,Down,2.0,0.53,,WIN,YES,1.773584905660377,Down,0xdfa8fddaae0a30047ef7c63f4c389c0b1ca214ce10719765c477d9cfe5eedcc7,85915327412779620917451818642129738109634576326039578730065813221708228766206
2026-04-26T19:00:06.359240+00:00,2026-04-26T19:09:09.857974+00:00,momentum,"Bitcoin Up or Down - April 26, 3:00PM-3:05PM ET",UP,Up,32.0,0.58,,LOSS,NO,-32.0,Down,0xe1261a8c794a7d96dd5e04ac6210ae073bfe72e0d2f5cb14b45472466bad9404,52782541333745431734337023415261281342262495103399223334888315129976038124694
2026-04-26T19:00:02.966623+00:00,2026-04-26T19:10:10.975545+00:00,momentum,"Solana Up or Down - April 26, 3:00PM-3:05PM ET",UP,Up,2.0,0.51,,LOSS,NO,-2.0,Down,0xe5372c67f3006b028750dd65c1b5217bd56cabd856d31c8387c9416e8d7634dd,113811864648030067901791581724258291153499745457904442046037314017111639889081
2026-04-26T19:05:05.745759+00:00,2026-04-26T19:14:14.136064+00:00,momentum,"Bitcoin Up or Down - April 26, 3:05PM-3:10PM ET",DOWN,Down,64.0,0.51,,LOSS,NO,-64.0,Up,0x7e85e521e323bc20200a0c6541f49b38817cfe805283ca68a0212ab95e2f895d,20430688448909810653371466424005413350619525916025428470951880366005813667313
2026-04-26T19:05:00.533639+00:00,2026-04-26T19:15:14.658884+00:00,momentum,"Ethereum Up or Down - April 26, 3:05PM-3:10PM ET",DOWN,Down,2.0,0.515,,LOSS,NO,-2.0,Up,0x9e89e540a826af97b505a1b7cea9104e4942676ee072730191ba1a17a50c31fa,34123912876977165228657629241207078896024877671899449313462725851331796886553
2026-04-26T19:05:02.650511+00:00,2026-04-26T19:15:14.806029+00:00,momentum,"Solana Up or Down - April 26, 3:05PM-3:10PM ET",DOWN,Down,4.0,0.53,,LOSS,NO,-4.0,Up,0x7d854b3f2b57b41c6452cefed7a8ec4191b2801b27dacd4a36cafa3dc9ec291f,87572047046144544959948133155838227289472727847385965397335842833576738296892
2026-04-26T19:05:02.622728+00:00,2026-04-26T19:16:14.723293+00:00,momentum,"XRP Up or Down - April 26, 3:05PM-3:10PM ET",DOWN,Down,2.0,0.53,,LOSS,NO,-2.0,Up,0x5b2f124e7620585d005fd57aca266daedaff0d8f6a2b1929c330c49ef1a6900f,74837052370115191711171390634994509805146334141617029938819989292602525698106
2026-04-26T19:10:01.176526+00:00,2026-04-26T19:20:15.836448+00:00,momentum,"Ethereum Up or Down - April 26, 3:10PM-3:15PM ET",DOWN,Down,4.0,0.53,,LOSS,NO,-4.0,Up,0xdf175f088d1b8ae115ecfb724509a84d5d8179f97614e74cfa0f8107ed7234e5,71832197234584282134425604107368859974796392200176737605782862831284395629469
2026-04-26T19:10:01.200799+00:00,2026-04-26T19:20:15.884156+00:00,momentum,"Bitcoin Up or Down - April 26, 3:10PM-3:15PM ET",DOWN,Down,128.0,0.54,,LOSS,NO,-128.0,Up,0xb55f9a86cfba3955e5640a746e2b7115f17c4b60d7047ac5fe059d6be6bc7be4,14666931484387959996037721317964152501965012495563327849333148294495565910625
2026-04-26T19:10:01.225140+00:00,2026-04-26T19:21:15.947101+00:00,momentum,"Solana Up or Down - April 26, 3:10PM-3:15PM ET",DOWN,Down,8.0,0.52,,LOSS,NO,-8.0,Up,0xb5dad8f7a902eef6d41f517928c787461843d5726127cd564c45329cb9184676,83389700788033773264700765191149065029396726391364180522052377742585481176469
2026-04-26T19:10:04.478251+00:00,2026-04-26T19:21:16.123970+00:00,momentum,"XRP Up or Down - April 26, 3:10PM-3:15PM ET",UP,Up,4.0,0.52,,WIN,YES,3.6923076923076916,Up,0x0cb59fa0af9f319b5082275f7436cf8e38ee705ab69e9c12c176fe23784fea6e,39357337437680683488167048178303358283510335076320009474758569750681954156950
2026-04-26T19:15:00.731354+00:00,2026-04-26T19:23:16.713020+00:00,momentum,"XRP Up or Down - April 26, 3:15PM-3:20PM ET",DOWN,Down,2.0,0.52,,LOSS,NO,-2.0,Up,0xb84152e2c717b92fe1313b25f8c0cb2ae1b852d39cc3ffd9147e9918bf9f9e72,101011100247370099108572579976815173136863428512274790889425459361376237516623
2026-04-26T19:15:00.632900+00:00,2026-04-26T19:24:17.094001+00:00,momentum,"Bitcoin Up or Down - April 26, 3:15PM-3:20PM ET",DOWN,Down,128.0,0.6,,WIN,YES,85.33333333333334,Down,0xa2c7179400f5fe2ccaf7812682e9061a237c2b9fcf78ce7621cc09998330b83d,4506029884293969242536128786966312163354349756043092616721497087966973517934
2026-04-26T19:15:00.699168+00:00,2026-04-26T19:24:17.238196+00:00,momentum,"Ethereum Up or Down - April 26, 3:15PM-3:20PM ET",DOWN,Down,4.0,0.57,,LOSS,NO,-4.0,Up,0xdb92b0f0fb54b3cc66a54379e3edd241fe742789a5cd291059310f2785a666bc,232272243848569528781465041279119137080003649236572329584150744383308186212
2026-04-26T19:15:00.665311+00:00,2026-04-26T19:25:17.720242+00:00,momentum,"Solana Up or Down - April 26, 3:15PM-3:20PM ET",DOWN,Down,8.0,0.53,,LOSS,NO,-8.0,Up,0x2a8e9cc93bd1f47a4b68e10dda187f13a683571dc914d0273fad795f691ca993,39092171169720633923686115313038850534329641401915867174424900548698058396058
2026-04-26T19:20:00.788787+00:00,2026-04-26T19:30:19.889690+00:00,momentum,"Solana Up or Down - April 26, 3:20PM-3:25PM ET",DOWN,Down,8.0,0.515,,WIN,YES,7.533980582524272,Down,0x71e0f1465073844e6a8539d27ec8581a93375310df8a2bd66006c1644177709f,86057285006415485776717647970291817749457934579163955560841662319916816273531
2026-04-26T19:20:01.982305+00:00,2026-04-26T19:30:20.067543+00:00,momentum,"Bitcoin Up or Down - April 26, 3:20PM-3:25PM ET",DOWN,Down,2.0,0.51,,WIN,YES,1.9215686274509802,Down,0x3c27744c06e7fbb21ab95fbe1a67f5c1e7f3ecd3f773910d2d18c3e8f936e655,3573702236923116571118053959055272898468699996222272879892486315709152014805
2026-04-26T19:20:00.750804+00:00,2026-04-26T19:31:20.375350+00:00,momentum,"XRP Up or Down - April 26, 3:20PM-3:25PM ET",DOWN,Down,2.0,0.515,,WIN,YES,1.883495145631068,Down,0x08776366b43712b4efefb8512eb68554afc26e4cf239cba28e060c023adb0b89,26264723127561455965336131859374177398817146454759797317450096427052498915548
2026-04-26T19:20:02.007433+00:00,2026-04-26T19:31:20.539238+00:00,momentum,"Ethereum Up or Down - April 26, 3:20PM-3:25PM ET",DOWN,Down,4.0,0.58,,WIN,YES,2.8965517241379315,Down,0x59cac0a186308fd20903eee62fb9b95334e9fd22908e459b56e4ef484e78303d,6178559760123645737030996107802131765704835034971266005400993069832154587871
2026-04-26T19:25:02.110808+00:00,2026-04-26T19:35:23.212128+00:00,momentum,"Ethereum Up or Down - April 26, 3:25PM-3:30PM ET",DOWN,Down,2.0,0.52,,WIN,YES,1.8461538461538458,Down,0x5e329f8ad904be91fc1b6df22c8d1d6dd13663a25c360978f05e49271e86b10e,56907025762236379567091322673514006907506777047338236667723209717105591544304
2026-04-26T19:25:02.148667+00:00,2026-04-26T19:35:23.247713+00:00,momentum,"Bitcoin Up or Down - April 26, 3:25PM-3:30PM ET",UP,Up,2.0,0.52,,LOSS,NO,-2.0,Down,0xc6cf87e639a5bc05cb8fdc5f00e7862e53f2f0a6c72700c8839c8c7eef832661,3796882950039795153264216266249459850407378083845501734107799596822458026694
2026-04-26T19:25:00.941388+00:00,2026-04-26T19:36:24.060588+00:00,momentum,"Solana Up or Down - April 26, 3:25PM-3:30PM ET",DOWN,Down,2.0,0.515,,WIN,YES,1.883495145631068,Down,0x4e251b714472b5f7fd01fbf652cd5b96d18143fb053702a759a445e5a17affe5,100285540389841991568328236983038614228170630619983499336836933002449507572060
2026-04-26T19:25:00.980942+00:00,2026-04-26T19:36:24.342860+00:00,momentum,"XRP Up or Down - April 26, 3:25PM-3:30PM ET",DOWN,Down,2.0,0.51,,WIN,YES,1.9215686274509802,Down,0xc491fa92072b84545dbd1435146f40d26a44aafba131bb96ce69bf980285537d,41381307802679692588669578676943993649269067563886329817931278027644827215206
2026-04-26T19:30:03.715770+00:00,2026-04-26T19:38:25.318425+00:00,momentum,"Bitcoin Up or Down - April 26, 3:30PM-3:35PM ET",UP,Up,4.0,0.51,,LOSS,NO,-4.0,Down,0xe352566939b2440de9fac1b6bb1da3e76f7f5724d0abb21c4b41ca8b624ecfa5,47945258948749856853571326581547169531163408016308627547916554073416609497071
2026-04-26T19:30:00.579143+00:00,2026-04-26T19:39:25.946370+00:00,momentum,"Ethereum Up or Down - April 26, 3:30PM-3:35PM ET",DOWN,Down,2.0,0.52,,WIN,YES,1.8461538461538458,Down,0xc96224df34a2e3a5aa083658c5e5c9ce84c98551fe5da6ff3bfe4c625320f4e5,31078144532393207459994634526238666955155082688797351687103188277311235985735
2026-04-26T19:30:00.607523+00:00,2026-04-26T19:40:26.321373+00:00,momentum,"XRP Up or Down - April 26, 3:30PM-3:35PM ET",DOWN,Down,2.0,0.51,,WIN,YES,1.9215686274509802,Down,0xbc797f4526f21d90c5e274f3013fd60b2fd6b54516f42d9844e527b047f28875,94726082886170553475851089859678330493370231712498906202745118106834638439489
2026-04-26T19:30:03.748416+00:00,2026-04-26T19:40:26.524099+00:00,momentum,"Solana Up or Down - April 26, 3:30PM-3:35PM ET",DOWN,Down,2.0,0.56,,WIN,YES,1.5714285714285712,Down,0xb3b91ce9e7aaa0490f24056cdd8487203d04d00c3c0cb25b8d2e6f98fafbf143,73218277481746934920875654724341554488704048886087195024401781991153256793298
2026-04-26T19:35:00.375235+00:00,2026-04-26T19:44:28.531009+00:00,momentum,"Solana Up or Down - April 26, 3:35PM-3:40PM ET",DOWN,Down,2.0,0.51,,WIN,YES,1.9215686274509802,Down,0xee2d6264d0e68494e9874140a311957d84adc8d471174ebfe780c6f3a55e6f24,35448541931998846028180636740386104743037873514805310065935670840648037920553
2026-04-26T19:35:00.403983+00:00,2026-04-26T19:44:28.667344+00:00,momentum,"XRP Up or Down - April 26, 3:35PM-3:40PM ET",DOWN,Down,2.0,0.51,,WIN,YES,1.9215686274509802,Down,0x8cc03cc49b2e9afe05c5419f20a3cf2f52d319739510bb645bf322539800bead,53441443542960126671208122423684511108762970726992323913277870277873769056607
2026-04-26T19:35:00.330782+00:00,2026-04-26T19:45:29.099525+00:00,momentum,"Bitcoin Up or Down - April 26, 3:35PM-3:40PM ET",UP,Up,4.0,0.53,,LOSS,NO,-4.0,Down,0x5620a31b1a307e53638dd5c5a4ed35f2c07119be11589aaf2a0ec3bde91b5ca3,44170569797296040976692144415849483238163606058642245221114709884274750917949
2026-04-26T19:35:03.594303+00:00,2026-04-26T19:45:29.133533+00:00,momentum,"Ethereum Up or Down - April 26, 3:35PM-3:40PM ET",UP,Up,2.0,0.56,,LOSS,NO,-2.0,Down,0xf8cfe878f7bc6e60bfefcea370cc8f665f4adf9da57a65a0d9b740c1ee336545,79259717618715755499687206246287810063801582396331960113027130978168332875540
2026-04-26T19:40:01.107637+00:00,2026-04-26T19:50:31.572818+00:00,momentum,"XRP Up or Down - April 26, 3:40PM-3:45PM ET",DOWN,Down,2.0,0.51,,LOSS,NO,-2.0,Up,0xcb84020280e1ad70f4f46de39655ae567035cfa4bc9f669995d3a81fdbeebf93,22763059063785478104528308518787027854724726587952920003817454868311802306307
2026-04-26T19:40:01.230991+00:00,2026-04-26T19:51:32.322575+00:00,momentum,"Ethereum Up or Down - April 26, 3:40PM-3:45PM ET",UP,Up,2.0,0.55,,WIN,YES,1.6363636363636362,Up,0x488bfd0b9b34273f6b985f0e01895588e7674113688e0806da083e42c3ab12b1,1721215425937674025146216265520942650156341346241294968955333965241898329291
2026-04-26T19:40:01.150314+00:00,2026-04-26T19:52:32.107844+00:00,momentum,"Solana Up or Down - April 26, 3:40PM-3:45PM ET",UP,Up,2.0,0.51,,WIN,YES,1.9215686274509802,Up,0xea6923e8843b7a7cfad6b9252647ec0778491df17e262fd9e5d41d64bdaadf46,26354762700785052533389524048185990970485248682862037097859556161798030522004
2026-04-26T19:40:01.190492+00:00,2026-04-26T19:52:32.310399+00:00,momentum,"Bitcoin Up or Down - April 26, 3:40PM-3:45PM ET",UP,Up,8.0,0.57,,WIN,YES,6.035087719298247,Up,0x114a921ac0b4968feee5502f7e4dfd8b19486c9f511e190d1bb93dfa44a271fd,21807473588587789226672589917084242986433725544074335295206527063998823249252
2026-04-26T19:45:00.135728+00:00,2026-04-26T19:56:33.156037+00:00,momentum,"Ethereum Up or Down - April 26, 3:45PM-3:50PM ET",DOWN,Down,2.0,0.515,,LOSS,NO,-2.0,Up,0xd4200126beea602d2f5557651293f59835eaf37306c2165ca3188350b459deb9,115257800024176617485136295473900408825161420503724453744332485427669711133600
2026-04-26T19:45:00.181323+00:00,2026-04-26T19:57:34.030113+00:00,momentum,"XRP Up or Down - April 26, 3:45PM-3:50PM ET",DOWN,Down,4.0,0.515,,LOSS,NO,-4.0,Up,0x71c85a28867fa41bed515492e3b438f11e778bc7a58cacab118a8f6672c794fc,71110317280872249314333514550344021329514453284368504836557456928076402765492
2026-04-26T19:45:00.215290+00:00,2026-04-26T19:57:34.175924+00:00,momentum,"Bitcoin Up or Down - April 26, 3:45PM-3:50PM ET",UP,Up,2.0,0.525,,WIN,YES,1.8095238095238093,Up,0x1f66b21f97ee7591c757b0a9718789ce37a255e277f6d38cfd7753e226e1707c,33033590311443192851387227203812133495634342343682776439315177624201941412148
2026-04-26T19:45:01.341930+00:00,2026-04-26T19:58:35.004265+00:00,momentum,"Solana Up or Down - April 26, 3:45PM-3:50PM ET",DOWN,Down,2.0,0.53,,LOSS,NO,-2.0,Up,0x9449f05f61d143644970f3326aa55570c5908676b14f5d59f96227a60d63bb10,73766575169989482662169277077331452926189552211361986774593923697539955323573
2026-04-26T19:50:01.758628+00:00,2026-04-26T19:59:36.030274+00:00,momentum,"Bitcoin Up or Down - April 26, 3:50PM-3:55PM ET",UP,Up,2.0,0.53,,WIN,YES,1.773584905660377,Up,0x63731c088b159bdd1218ce8d04cba0a4ea4e3e0297da347c100de773525892d7,43746335683351987316646775875212667412624945926403750818419937362181125492240
2026-04-26T19:50:04.900893+00:00,2026-04-26T19:59:36.163746+00:00,momentum,"Solana Up or Down - April 26, 3:50PM-3:55PM ET",UP,Up,2.0,0.53,,WIN,YES,1.773584905660377,Up,0x40b4c78210410a9558ccf9da862eca7d61c87711fc4fcc12a8e6f2ce204ff669,34799253333420527570280250901787694432334860043408348347171604139840966263765
2026-04-26T19:50:00.590213+00:00,2026-04-26T20:00:36.140629+00:00,momentum,"XRP Up or Down - April 26, 3:50PM-3:55PM ET",DOWN,Down,4.0,0.515,,WIN,YES,3.766990291262136,Down,0xfc4767d08172db78faa70de166e92d203e7a160d24a9c34c6586f25ceafc2aad,61606969989963926600751271905988155671320834419134629111403738235748314913690
2026-04-26T19:50:00.617341+00:00,2026-04-26T20:00:36.176968+00:00,momentum,"Ethereum Up or Down - April 26, 3:50PM-3:55PM ET",DOWN,Down,2.0,0.515,,LOSS,NO,-2.0,Up,0xf8111c47f75d91983acf99ca2deb0e752f403805e78349574e1547b5e1cdb0e9,53645820158107964620420577700046802882395847140559041172984279018159314747399
2026-04-26T19:55:00.913441+00:00,2026-04-26T20:05:38.966687+00:00,momentum,"Solana Up or Down - April 26, 3:55PM-4:00PM ET",DOWN,Down,2.0,0.52,,WIN,YES,1.8461538461538458,Down,0x3873b64f751d181756fac3913d6965a0a3cf0ca43bf48496791c82b65f45c7a2,11820166455635501102200871088248707099611160886471627463613673447997898398010
2026-04-26T19:55:01.008093+00:00,2026-04-26T20:05:39.105008+00:00,momentum,"Bitcoin Up or Down - April 26, 3:55PM-4:00PM ET",DOWN,Down,2.0,0.52,,WIN,YES,1.8461538461538458,Down,0x5d24eafcce9b0861d4678cd043d5b3ef35318bef4cedba22a2483b0bd233dd35,18879231322503619799646719168376932725721862243316513461223331836756136094531
2026-04-26T19:55:01.068245+00:00,2026-04-26T20:05:39.269750+00:00,momentum,"Ethereum Up or Down - April 26, 3:55PM-4:00PM ET",DOWN,Down,4.0,0.56,,WIN,YES,3.1428571428571423,Down,0xc5c081710d4efae4aff4589897c68e6146a101fe116d168464da8d61bbeadd5a,22496953050193804929375706184337228788321583668173293953361690314851875735927
2026-04-26T19:55:09.292291+00:00,2026-04-26T20:06:38.989843+00:00,momentum,"XRP Up or Down - April 26, 3:55PM-4:00PM ET",DOWN,Down,2.0,0.51,,WIN,YES,1.9215686274509802,Down,0x2a2372b147023d56b647cb5ce3748106dd23fb4a66a5f01f7d638b9d6d73c502,58617796791782971092720287600088927586454019838076123310648892376793109579020
2026-04-26T20:00:00.270989+00:00,2026-04-26T20:08:39.841884+00:00,momentum,"Bitcoin Up or Down - April 26, 4:00PM-4:05PM ET",DOWN,Down,2.0,0.51,,LOSS,NO,-2.0,Up,0x49f7ea93202852197faff846ed5e0f5390a3a5c1c418d15b087eea938e8a105a,109510083654739016545886772574580687027737559386603507387918840699849389011327
2026-04-26T20:00:00.363190+00:00,2026-04-26T20:08:39.987148+00:00,momentum,"Ethereum Up or Down - April 26, 4:00PM-4:05PM ET",DOWN,Down,2.0,0.53,,LOSS,NO,-2.0,Up,0x1e0acf8943fb17660e1c85954f1dbac5619428af262f7de4aba54873814846f3,90667256492935414210832783902678417993186178193359474992411943408129284100289
2026-04-26T20:00:00.304630+00:00,2026-04-26T20:09:40.663425+00:00,momentum,"Solana Up or Down - April 26, 4:00PM-4:05PM ET",DOWN,Down,2.0,0.51,,LOSS,NO,-2.0,Up,0xaeeca1c743da9636c51a2c518f0411645471669529abb54db3e6005bcd888776,42891905058956786581492356753590544153304301791623374725877670517427306348983
2026-04-26T20:00:00.396398+00:00,2026-04-26T20:09:40.717150+00:00,momentum,"XRP Up or Down - April 26, 4:00PM-4:05PM ET",DOWN,Down,2.0,0.51,,LOSS,NO,-2.0,Up,0x81e4410c11303992c82822ef11be331f8e804685f80bc162c6a62751eea39ba5,44111626059175254617958254845052602305620090618535795147972563645060866544264
2026-04-26T20:05:32.058540+00:00,2026-04-26T20:14:44.491299+00:00,momentum,"Bitcoin Up or Down - April 26, 4:05PM-4:10PM ET",UP,Up,4.0,0.54,,WIN,YES,3.4074074074074066,Up,0x1f78c64b53ff92a7c43810ca32a354042e8bb6ec6f54fefa9f1097930f31c325,5528125370291831458355340085485352455252269304216569618140880261881532142340
2026-04-26T20:05:32.097352+00:00,2026-04-26T20:14:44.542091+00:00,momentum,"Ethereum Up or Down - April 26, 4:05PM-4:10PM ET",UP,Up,4.0,0.64,,LOSS,NO,-4.0,Down,0x93a2b5288cf9749ca23bc4a44d9e20cfa22862645acb37dbcb57c190c148d3ed,32695210988836983938247136998825609939250421412389143300627381345952440342392
2026-04-26T20:05:32.152996+00:00,2026-04-26T20:14:44.694764+00:00,momentum,"XRP Up or Down - April 26, 4:05PM-4:10PM ET",UP,Up,4.0,0.64,,LOSS,NO,-4.0,Down,0xf32639f33e4c180bceffae93683975365518cd81a1880db354f188ac055205d1,90948133175298731764988333896379047332100243311940825093830310451356305040626
2026-04-26T20:05:32.124426+00:00,2026-04-26T20:15:45.194754+00:00,momentum,"Solana Up or Down - April 26, 4:05PM-4:10PM ET",UP,Up,2.0,0.52,,LOSS,NO,-2.0,Down,0x893503a137f49f39283255e26ca0c3aaeb0d5b32ffe8d98ff9471ff734f7a441,9892433500220064239990570935586338591267543344091155801539413480945773250682
2026-04-26T20:10:00.766612+00:00,2026-04-26T20:20:47.567902+00:00,momentum,"Solana Up or Down - April 26, 4:10PM-4:15PM ET",DOWN,Down,4.0,0.52,,WIN,YES,3.6923076923076916,Down,0xd8677608af3b5e375ded8367e5e4d9f5a2ad498f9871aff7737692bd0ed870a4,6883197967778420645094275533081075883549582341407815653477663848475392635177
2026-04-26T20:10:01.925629+00:00,2026-04-26T20:20:47.799045+00:00,momentum,"XRP Up or Down - April 26, 4:10PM-4:15PM ET",DOWN,Down,8.0,0.51,,WIN,YES,7.686274509803921,Down,0x388c06377cf8a6ceb52c31a80906016255d872e47c8fd6ed1bae4bde767537e6,29682246712560201928306303014814479698813079251951395177655192411027251404613
2026-04-26T20:10:05.283655+00:00,2026-04-26T20:20:47.924331+00:00,momentum,"Bitcoin Up or Down - April 26, 4:10PM-4:15PM ET",DOWN,Down,2.0,0.57,,WIN,YES,1.5087719298245617,Down,0x44487569a3aa8e8597b49e140c867c1d257f119475cfc4076400bed4f725e03b,93188358100533261782879251282617797124954219615993527750145216942599650875860
2026-04-26T20:10:00.796160+00:00,2026-04-26T20:21:47.756354+00:00,momentum,"Ethereum Up or Down - April 26, 4:10PM-4:15PM ET",UP,Up,2.0,0.515,,LOSS,NO,-2.0,Down,0x8ae45808dc19472364273d03767b2ee570b911f6043ea76d1b548abf4c4746a1,85214398881283939660927727886191274599315618737377569957944716744181476401532
2026-04-26T20:15:01.451111+00:00,2026-04-26T20:23:49.201976+00:00,momentum,"Bitcoin Up or Down - April 26, 4:15PM-4:20PM ET",UP,Up,2.0,0.53,,LOSS,NO,-2.0,Down,0x271133b3d1fea798c663ad452259681489aeaabb3844fb82d87de329410c2200,14164794755166141829173411518155883371990516642244539233918109294999363401254
2026-04-26T20:15:00.342972+00:00,2026-04-26T20:24:50.041032+00:00,momentum,"Solana Up or Down - April 26, 4:15PM-4:20PM ET",DOWN,Down,2.0,0.515,,LOSS,NO,-2.0,Up,0x379835c6e1ab6c40bf62881b1e035b16942ba524bcd308d8e8b3fb9e51c5e705,101899973588478891839512734792945626189625257723565735562293776542896343707741
2026-04-26T20:15:01.479223+00:00,2026-04-26T20:24:50.159420+00:00,momentum,"XRP Up or Down - April 26, 4:15PM-4:20PM ET",DOWN,Down,2.0,0.51,,LOSS,NO,-2.0,Up,0x831c4fab0f589712f40e1cbbf10104825e55e95f7a2f099e678d52fed7d034d4,51607899689955287524879692989195133110451204061795132384874955746430603291985
2026-04-26T20:15:04.593456+00:00,2026-04-26T20:24:50.270984+00:00,momentum,"Ethereum Up or Down - April 26, 4:15PM-4:20PM ET",UP,Up,4.0,0.51,,LOSS,NO,-4.0,Down,0x7452bff81849975d584322034ee05041d2e5ecd6dd8744891076f5024ce60c05,108249875777447560895737101268412084468513152135617480487716301885831573861597
2026-04-26T20:20:00.917161+00:00,2026-04-26T20:29:52.927457+00:00,momentum,"Ethereum Up or Down - April 26, 4:20PM-4:25PM ET",UP,Up,4.0,0.515,,WIN,YES,3.766990291262136,Up,0x73aa90afd54d48357e85e899944f26143b85f5810c9a131f73094f5ac7509eab,42931413573722126953088885687448239052505796749393294981183807392372391917499
2026-04-26T20:20:00.991890+00:00,2026-04-26T20:29:53.174958+00:00,momentum,"Bitcoin Up or Down - April 26, 4:20PM-4:25PM ET",UP,Up,2.0,0.52,,WIN,YES,1.8461538461538458,Up,0xecfe99323cb1dc1fb965bf1f48546ca7327a290240ee9aa0ddb17fe202f1559e,860764081294823856460480400150512084966446310858958854188070740546400662159
2026-04-26T20:20:00.957385+00:00,2026-04-26T20:30:52.925638+00:00,momentum,"Solana Up or Down - April 26, 4:20PM-4:25PM ET",UP,Up,2.0,0.99,,WIN,YES,0.020202020202020332,Up,0x26b216ef1649026b2ed6af18a99f562d6fe775fa566f85c7af0c018fd72d674c,52456164361653796980638577075183033256660314187977888542888186713138176668102
2026-04-26T20:20:01.019895+00:00,2026-04-26T20:30:53.070051+00:00,momentum,"XRP Up or Down - April 26, 4:20PM-4:25PM ET",UP,Up,2.0,0.99,,WIN,YES,0.020202020202020332,Up,0x4c271bcf12389105ada379382ecb8b31525231772db72bb2f715b03803be79f3,70982778304538213516922555427862359599857641046200766550166281491733648682579
2026-04-26T20:25:00.168843+00:00,2026-04-26T20:35:56.312873+00:00,momentum,"XRP Up or Down - April 26, 4:25PM-4:30PM ET",UP,Up,2.0,0.52,,WIN,YES,1.8461538461538458,Up,0x38c7a011c12e3ebd25d6beb4c4885b62bca8f50ea88d52619fe8eb1ff755a056,60332993693981835224365955854155664442965729305236732426077293542334601854083
2026-04-26T20:25:02.267993+00:00,2026-04-26T20:35:56.451572+00:00,momentum,"Bitcoin Up or Down - April 26, 4:25PM-4:30PM ET",UP,Up,2.0,0.54,,WIN,YES,1.7037037037037033,Up,0x95272e9f372740fbd99c97b0fcda56b4a96de6a71dec39b7a958ed54610f9e35,88235215636830052944956919011449495241358957507233140694766364476511382450633
2026-04-26T20:25:00.133234+00:00,2026-04-26T20:36:56.961317+00:00,momentum,"Ethereum Up or Down - April 26, 4:25PM-4:30PM ET",UP,Up,2.0,0.515,,LOSS,NO,-2.0,Down,0x263377b98b242af151254465f2ebdd3ae4515d264492eb63aaeb7612a19976f2,31714926663640537146341268643334258568848082136868426082251283444005530357915
2026-04-26T20:25:05.361925+00:00,2026-04-26T20:36:57.000194+00:00,momentum,"Solana Up or Down - April 26, 4:25PM-4:30PM ET",UP,Up,2.0,0.51,,LOSS,NO,-2.0,Down,0x90714bfb32caac8763b685f65ae7f32a6b21b3050630f830ce34ec95598da95a,19774623340590117184402635021442088966823557394076478741121964326930079896154
2026-04-26T20:30:00.560785+00:00,2026-04-26T20:38:57.739984+00:00,momentum,"Solana Up or Down - April 26, 4:30PM-4:35PM ET",UP,Up,2.0,0.52,,WIN,YES,1.8461538461538458,Up,0xc55d76703b1f53eabd8e866b82eceb4e94dbccdb473b279bb5a548d8e5290869,48429149647702758496122889898416695240419260229064234038512857603402181272899
2026-04-26T20:30:00.602252+00:00,2026-04-26T20:38:57.887957+00:00,momentum,"XRP Up or Down - April 26, 4:30PM-4:35PM ET",UP,Up,2.0,0.515,,WIN,YES,1.883495145631068,Up,0x9b67f0f08cb7f145602428d41b54fecf2fd441e5dd0b41d07a209e144f01de9f,56185632515713672526035034612035180506086349324111616340873678815987416153386
2026-04-26T20:30:00.707427+00:00,2026-04-26T20:39:58.741406+00:00,momentum,"Ethereum Up or Down - April 26, 4:30PM-4:35PM ET",UP,Up,4.0,0.51,,WIN,YES,3.8431372549019605,Up,0x3c6d45fb37d9f68545ad65e95ac7305f2d10b8db1bba5b2e50dfd5aa792b2020,9745262561722636422039379375608273728894651420630615190948273375177363901000
2026-04-26T20:30:01.827371+00:00,2026-04-26T20:39:58.779355+00:00,momentum,"Bitcoin Up or Down - April 26, 4:30PM-4:35PM ET",DOWN,Down,2.0,0.51,,LOSS,NO,-2.0,Up,0xe59a80b44193998b36006e64195925b9cac1f05ee9f471d08f82be18af5b1866,8241719719755194663220254802424405700565389339423712030754715364178513605305
2026-04-26T20:35:00.322765+00:00,2026-04-26T20:45:02.400970+00:00,momentum,"Bitcoin Up or Down - April 26, 4:35PM-4:40PM ET",DOWN,Down,2.0,0.51,,WIN,YES,1.9215686274509802,Down,0x5bee98d95bd6c80c8967a07ff736db6cc1adfde16cb8b703a676eb2dda6e4e24,90933837825266299348457072253716302582016672473400076965913278748984394147388
2026-04-26T20:35:00.355858+00:00,2026-04-26T20:45:02.632166+00:00,momentum,"Ethereum Up or Down - April 26, 4:35PM-4:40PM ET",DOWN,Down,2.0,0.55,,WIN,YES,1.6363636363636362,Down,0xd5f79e15defefba80faf738e3a54efbd55576677455b1cdae227224fd210e61a,47841227179067616627603031878495476911082792053968606542627711920842320647319
2026-04-26T20:35:00.266316+00:00,2026-04-26T20:46:02.507382+00:00,momentum,"Solana Up or Down - April 26, 4:35PM-4:40PM ET",UP,Up,2.0,0.52,,LOSS,NO,-2.0,Down,0xa0746552fd1db06b95bf4d2ecb5631ef1a710aa9cbabda2350e86976060332ad,4844651904308084219605883451616366074470035081761004393660774469068216739329
2026-04-26T20:35:00.294049+00:00,2026-04-26T20:46:02.661255+00:00,momentum,"XRP Up or Down - April 26, 4:35PM-4:40PM ET",DOWN,Down,2.0,0.51,,WIN,YES,1.9215686274509802,Down,0xb07114eb30d12c2f40194629ddac0fccec8546c6ac2a2d064f9112cf7c401b38,60859804256117144970059685217837490941956473433452919183305779686199316731813
2026-04-26T20:40:00.286017+00:00,2026-04-26T20:50:04.581524+00:00,momentum,"Solana Up or Down - April 26, 4:40PM-4:45PM ET",UP,Up,2.0,0.515,,LOSS,NO,-2.0,Down,0xe37a475dce60d1c257f00ada23cd387cf09d8472019db47553171042a787d849,90570841390128283441833155532293549931511108701038000220391302860971655676086
2026-04-26T20:40:00.321381+00:00,2026-04-26T20:51:04.969981+00:00,momentum,"XRP Up or Down - April 26, 4:40PM-4:45PM ET",DOWN,Down,2.0,0.515,,WIN,YES,1.883495145631068,Down,0x06cfe4a8862080335bdd7f98dad3c6659f6d2a4a50305bff12b44974cd6b0445,43916553320758141730358980457728864358674322581973962155840771467594105557839
2026-04-26T20:40:02.455106+00:00,2026-04-26T20:51:05.094432+00:00,momentum,"Bitcoin Up or Down - April 26, 4:40PM-4:45PM ET",DOWN,Down,2.0,0.57,,LOSS,NO,-2.0,Up,0x8c20ec51ab4dd22bb0e712a008ae692f9635ccb330e270223af8f482d455fc8f,25532616484781316130841454023812146189034908746538451847512312325385227000269
2026-04-26T20:40:00.350701+00:00,2026-04-26T20:52:05.531955+00:00,momentum,"Ethereum Up or Down - April 26, 4:40PM-4:45PM ET",UP,Up,2.0,0.51,,LOSS,NO,-2.0,Down,0x55b4e6bf914e9541d9fa6ae8d9d14a18fb977b157d2d3a9a48d904a70fbea744,60667220608825144586184704315551049098786954388241647877836080000187345176812
2026-04-26T20:45:00.824257+00:00,2026-04-26T20:56:08.153582+00:00,momentum,"Solana Up or Down - April 26, 4:45PM-4:50PM ET",UP,Up,4.0,0.515,,WIN,YES,3.766990291262136,Up,0x177c74581b0f6a7cf9d7a7e1afdc1d3e03ab38b6d9679b2ba516659f0907d9d7,24926406673790435309464832729274055673159498000478226453079380293450584818850
2026-04-26T20:45:01.868593+00:00,2026-04-26T20:57:08.692123+00:00,momentum,"Bitcoin Up or Down - April 26, 4:45PM-4:50PM ET",UP,Up,2.0,0.51,,LOSS,NO,-2.0,Down,0x46316913f9b31faa42228b605fda50ff71baa5f888dc96660ba9838549d1151e,90868619065838585456059893391219551963262186362213020997692613438452611628532
2026-04-26T20:45:01.922249+00:00,2026-04-26T20:57:08.727714+00:00,momentum,"XRP Up or Down - April 26, 4:45PM-4:50PM ET",UP,Up,2.0,0.51,,LOSS,NO,-2.0,Down,0x01ede61c24d4fa382ddfa9599ba2dac61c3477a9bb5b4597c6facc4b28636162,67682963502782866996299845603601116537630253079596692308847508231580878763668
2026-04-26T20:45:01.957432+00:00,2026-04-26T20:57:08.758434+00:00,momentum,"Ethereum Up or Down - April 26, 4:45PM-4:50PM ET",UP,Up,4.0,0.52,,LOSS,NO,-4.0,Down,0x68c710ef45cc276eca1f1071a411e487f2bf4dbe1b2527bd8e2cf3a5e33eebde,53006074094248024026140230290621990797130423822788648675099212786042021229674
2026-04-26T20:50:02.411858+00:00,2026-04-26T21:00:09.651490+00:00,momentum,"Solana Up or Down - April 26, 4:50PM-4:55PM ET",UP,Up,2.0,0.51,,LOSS,NO,-2.0,Down,0x2efc2ad77cc78b0ba9976ff7b0137e8de09d3be97761bbf40bd8955fab639085,4219138303381834321362259019265395945609853984977189547913274723644053168690
2026-04-26T20:50:02.462397+00:00,2026-04-26T21:00:09.701129+00:00,momentum,"XRP Up or Down - April 26, 4:50PM-4:55PM ET",UP,Up,4.0,0.51,,LOSS,NO,-4.0,Down,0xb0980722febc3a56a2c840583af65b4a1185a0fa7354c2bd3d3994598ba91963,14598731481013931893477159266712371908059783967517250020415646258818760230334
2026-04-26T20:50:02.501922+00:00,2026-04-26T21:00:09.865596+00:00,momentum,"Bitcoin Up or Down - April 26, 4:50PM-4:55PM ET",DOWN,Down,4.0,0.52,,WIN,YES,3.6923076923076916,Down,0x8d55c01ee9a7c089aae52ddf3df56aa834e7fd41ac906ed827904de05b293379,77182323317670718176255703735987573841573038296227477068345615934864990626005
2026-04-26T20:50:00.245545+00:00,2026-04-26T21:01:09.539355+00:00,momentum,"Ethereum Up or Down - April 26, 4:50PM-4:55PM ET",UP,Up,8.0,0.515,,LOSS,NO,-8.0,Down,0xd3fdde66c2f5a6f239f13e8a1bdfcfccb100d11eafbc740583f8006279778c9c,19603721904677484821647819459097669932138978603700536747537709277311700057453
2026-04-26T20:55:02.418695+00:00,2026-04-26T21:05:11.508313+00:00,momentum,"Ethereum Up or Down - April 26, 4:55PM-5:00PM ET",UP,Up,16.0,0.54,,LOSS,NO,-16.0,Down,0xe71fa0d718e4491e5d9c666efedd9e4b9059d0d1671e41efbc6945b2e5e30027,76177763830605265381308313326579237951149659862073110470375962513832696409019
2026-04-26T20:55:02.384529+00:00,2026-04-26T21:06:12.077398+00:00,momentum,"Bitcoin Up or Down - April 26, 4:55PM-5:00PM ET",DOWN,Down,2.0,0.51,,WIN,YES,1.9215686274509802,Down,0x9de24876800d1ac003c58729f7a062150be3f341d6d82425db641bfc9bc9ec7d,8348236643978935699714717919710147934163252210850309050189967201691749426126
2026-04-26T20:55:02.453478+00:00,2026-04-26T21:06:12.127403+00:00,momentum,"Solana Up or Down - April 26, 4:55PM-5:00PM ET",UP,Up,4.0,0.56,,LOSS,NO,-4.0,Down,0xdf3ee33d45e57e00271c80cf478838380384177c193aab586e121d1c75bd47be,71390934684388422970490350682157069815970015663028132960189379447883634183662
2026-04-26T20:55:00.190977+00:00,2026-04-26T21:07:12.750055+00:00,momentum,"XRP Up or Down - April 26, 4:55PM-5:00PM ET",UP,Up,8.0,0.52,,LOSS,NO,-8.0,Down,0x87752f82a7a670534fc784c7bbbc651abff6dc92c62cba017cb1ed8a5eda624d,36128727773070621679762591099965534267702897113068708433346980940945823785066
2026-04-26T21:00:00.940734+00:00,2026-04-26T21:09:13.888692+00:00,momentum,"Bitcoin Up or Down - April 26, 5:00PM-5:05PM ET",UP,Up,2.0,0.58,,WIN,YES,1.4482758620689657,Up,0x4e8a19a616fe6fd1d0839f50e82c2c23aed676c798b7dead5db3fcdfadfa3a7a,89218936902521888954745612573204895505310084342175363149446460529319125363037
2026-04-26T21:00:00.975202+00:00,2026-04-26T21:10:14.672379+00:00,momentum,"XRP Up or Down - April 26, 5:00PM-5:05PM ET",UP,Up,16.0,0.51,,WIN,YES,15.372549019607842,Up,0xf41ae41ac32e397b45195c6de51fa52db1ae549139e30d1104aecf50b43147e7,39083228030624046047384511905525522083317651947555010163396904351847026759627
2026-04-26T21:00:01.009730+00:00,2026-04-26T21:10:14.810032+00:00,momentum,"Solana Up or Down - April 26, 5:00PM-5:05PM ET",UP,Up,2.0,0.51,,WIN,YES,1.9215686274509802,Up,0x05d30fd5a5d8a1e47a00e1d42e0e03330b3209329abf8d3982472cfd01a78c8e,58799311793765183035623150442687954131271311117495473756180195431619891109705
2026-04-26T21:00:01.051007+00:00,2026-04-26T21:12:15.778282+00:00,momentum,"Ethereum Up or Down - April 26, 5:00PM-5:05PM ET",UP,Up,32.0,0.55,,WIN,YES,26.18181818181818,Up,0xdfc05826b1aa656f77d5a7c3b2d6a5f4b54b5e39af1bc4bb000014900df8f89f,67055179501699677632608656773465877307641650853909750513540325387284735376967
2026-04-26T21:05:00.826383+00:00,2026-04-26T21:15:16.567585+00:00,momentum,"Solana Up or Down - April 26, 5:05PM-5:10PM ET",UP,Up,2.0,0.54,,WIN,YES,1.7037037037037033,Up,0xd811bbf161b9a8223fc5bdf562121e0ba0f4371c325d972663585811410f8896,1322270743448906521673105148990953515120600968320647911814241494405499883152
2026-04-26T21:05:00.866155+00:00,2026-04-26T21:15:16.721228+00:00,momentum,"Bitcoin Up or Down - April 26, 5:05PM-5:10PM ET",DOWN,Down,2.0,0.54,,WIN,YES,1.7037037037037033,Down,0x3c42cc5dacdfdea3f62a11345ff4d455750ab0b81b176f114f76fc8ffecd022a,93370149464900394595889465027982063876659609260342379961090090221197784882536
2026-04-26T21:05:10.246132+00:00,2026-04-26T21:15:16.913888+00:00,momentum,"Ethereum Up or Down - April 26, 5:05PM-5:10PM ET",DOWN,Down,2.0,0.51,,WIN,YES,1.9215686274509802,Down,0xc3ff5c6fca2a9fad39085fe4f0e5cb9f0352361b29df0743d2941234357709b8,92977017519246404827209366886979824267827781966435336765649673551802916903773
2026-04-26T21:05:00.717179+00:00,2026-04-26T21:16:17.146518+00:00,momentum,"XRP Up or Down - April 26, 5:05PM-5:10PM ET",UP,Up,2.0,0.52,,WIN,YES,1.8461538461538458,Up,0x9b764551da8fbacb0bc54db9726e6b6fcaa7b28cad5d30e2bd63b322b3e7862c,33798015848857756635707019046854117314630972845929921037414391669757828377863
2026-04-26T21:10:01.786440+00:00,2026-04-26T21:20:20.224140+00:00,momentum,"Bitcoin Up or Down - April 26, 5:10PM-5:15PM ET",UP,Up,2.0,0.51,,LOSS,NO,-2.0,Down,0x2ba3b950a772388bc6b6576a3ca14e21032997aadde1f81d98e0ef1dac714555,95020483444942470517142945001982457042669088548713398314971003207043212513854
2026-04-26T21:10:00.508091+00:00,2026-04-26T21:21:20.915877+00:00,momentum,"XRP Up or Down - April 26, 5:10PM-5:15PM ET",UP,Up,4.0,0.515,,WIN,YES,3.766990291262136,Up,0x73118c4981f25b551c164975a101cdf8693bbc4d2fceb248d39291415c840ff8,92134487054801259250669897938359875680955322337759284805918400663558039688822
2026-04-26T21:10:01.819786+00:00,2026-04-26T21:21:21.305242+00:00,momentum,"Ethereum Up or Down - April 26, 5:10PM-5:15PM ET",UP,Up,2.0,0.51,,WIN,YES,1.9215686274509802,Up,0xc357e7757fe5c0c953c0e9110d2f4906c5e7e6004016192dda5ab8eb23562ba9,37211843702713067746148750821500545892985503526677237919276130331895152165199
2026-04-26T21:10:04.967329+00:00,2026-04-26T21:21:21.422728+00:00,momentum,"Solana Up or Down - April 26, 5:10PM-5:15PM ET",DOWN,Down,2.0,0.51,,LOSS,NO,-2.0,Up,0x2ac628650e8c66439e70da42172785985f6cc3106dc0202ec6ec899fcb279488,98067655635256120437997913521614809332468643280321088859915334508663970085493
2026-04-26T21:15:00.811280+00:00,2026-04-26T21:23:21.937430+00:00,momentum,"XRP Up or Down - April 26, 5:15PM-5:20PM ET",UP,Up,2.0,0.515,,WIN,YES,1.883495145631068,Up,0x438869b711a08e453dca070bd9755bcd9837cf76c5311a5ff5aeb834b3db07fe,62548446770433047715108711481555311843448726409344638963572789155577680596688
2026-04-26T21:15:01.931702+00:00,2026-04-26T21:24:21.852785+00:00,momentum,"Solana Up or Down - April 26, 5:15PM-5:20PM ET",DOWN,Down,4.0,0.57,,WIN,YES,3.0175438596491233,Down,0xc5a0c42d535d579015fddbcd3edb600e888d0ad43f5f4af04e85f69d74ef0e2c,38676220774753672178562075542066012675896747970923922322988895618880652942697
2026-04-26T21:15:01.967209+00:00,2026-04-26T21:24:21.893867+00:00,momentum,"Ethereum Up or Down - April 26, 5:15PM-5:20PM ET",UP,Up,2.0,0.51,,LOSS,NO,-2.0,Down,0xcb9b17609a610c1dd14d0a839e152903950ccaa07658d3a285486cefc519f7d9,87396282286584626722170911966195343613361360255635207669168934424919996558885
2026-04-26T21:15:05.199312+00:00,2026-04-26T21:24:21.929977+00:00,momentum,"Bitcoin Up or Down - April 26, 5:15PM-5:20PM ET",DOWN,Down,4.0,0.51,,LOSS,NO,-4.0,Up,0x5efa1fe3c2479a0bc06c2fe6fd22879da9311e7cfb7ba6c2dd8c37a789c90e74,22798000269465481833500792665945929589309100028125648576593363961498399336547
2026-04-26T21:20:02.388462+00:00,2026-04-26T21:30:23.875925+00:00,momentum,"Solana Up or Down - April 26, 5:20PM-5:25PM ET",DOWN,Down,2.0,0.51,,LOSS,NO,-2.0,Up,0x75bbfd0caf3412d47e5647a89dcaaa01ab94738bc3eba0f48ad78ccf1e944e64,27995486057275261950071311425935561343662074615944705816509469225888986351528
2026-04-26T21:20:02.429530+00:00,2026-04-26T21:30:23.918840+00:00,momentum,"XRP Up or Down - April 26, 5:20PM-5:25PM ET",DOWN,Down,2.0,0.52,,LOSS,NO,-2.0,Up,0xa656f6bba17e9b2cb01cca4f6d6117441536a2cc180b5063dedccb6cfa9aee84,115551243978498624970907564567842934430473606103115099914796680689183825418825
2026-04-26T21:20:05.559200+00:00,2026-04-26T21:30:24.056695+00:00,momentum,"Ethereum Up or Down - April 26, 5:20PM-5:25PM ET",UP,Up,4.0,0.52,,WIN,YES,3.6923076923076916,Up,0x8a985c55ee631fe60512c7b41595996f1f4536bc9944cb785852bdcd994f4e92,32400762159967014578305543143281311617325286462511378197766132543542257628677
2026-04-26T21:21:03.286955+00:00,2026-04-26T21:30:24.097345+00:00,momentum,"Bitcoin Up or Down - April 26, 5:20PM-5:25PM ET",DOWN,Down,8.0,0.51,,LOSS,NO,-8.0,Up,0xf9110095d89b1c68fc1aeff5f76ce3ebd436abd0a73178b64cdba3519a4420da,628977754721855242113620847597154537447751716009823920678393044664918363003
2026-04-26T21:25:00.177270+00:00,2026-04-26T21:36:27.520331+00:00,momentum,"Bitcoin Up or Down - April 26, 5:25PM-5:30PM ET",DOWN,Down,2.0,0.51,,WIN,YES,1.9215686274509802,Down,0xe2ebb6f90726ef40231405b930bdc59b54e7d5a50be340c6e3b668e39af64f84,21217749276123637296234127475947813033020915476995413954351971065916763884723
2026-04-26T21:25:00.206912+00:00,2026-04-26T21:36:27.682606+00:00,momentum,"Solana Up or Down - April 26, 5:25PM-5:30PM ET",DOWN,Down,4.0,0.51,,WIN,YES,3.8431372549019605,Down,0x0a798b5c3f0e20f37762d980c0d12989f285f000e1d075ae6ec805b04611e33e,54143072491846485236892556886310742991826173987766705935776170720963420651621
2026-04-26T21:25:00.234511+00:00,2026-04-26T21:36:27.834219+00:00,momentum,"Ethereum Up or Down - April 26, 5:25PM-5:30PM ET",DOWN,Down,2.0,0.51,,WIN,YES,1.9215686274509802,Down,0xc4c6aba66618f8476b22d485a67cd89044f6a4625f92ec046607e76058d9fc97,2870270140696500864065343795787431102454261182674865305983876230462323881016
2026-04-26T21:25:06.473094+00:00,2026-04-26T21:36:27.871893+00:00,momentum,"XRP Up or Down - April 26, 5:25PM-5:30PM ET",UP,Up,4.0,0.51,,LOSS,NO,-4.0,Down,0x92cad158560d3e88d088d3041377b62e2e638a5159937ad253bb9dfefcd4273c,104161379918288708796341479947434700888162594680872202803146054133122184754382
2026-04-26T21:30:00.245538+00:00,2026-04-26T21:38:28.622257+00:00,momentum,"XRP Up or Down - April 26, 5:30PM-5:35PM ET",DOWN,Down,8.0,0.53,,WIN,YES,7.094339622641508,Down,0xc2d1dd12e5c5b0e47138a980f0614094bd0ebf25414a9134237c8f8e3f623202,27566981916226266895211351697879638957395590435870642784674535992983104846966
2026-04-26T21:30:06.535773+00:00,2026-04-26T21:38:28.852086+00:00,momentum,"Ethereum Up or Down - April 26, 5:30PM-5:35PM ET",DOWN,Down,2.0,0.55,,WIN,YES,1.6363636363636362,Down,0x60efa6fa099631cd45d906bbced678e07491881ceeb8e1316fc3ed5b759c65ff,78457997788433808517039410315994004850616632155510375573158954539636344928914
2026-04-26T21:30:03.398522+00:00,2026-04-26T21:39:29.072337+00:00,momentum,"Solana Up or Down - April 26, 5:30PM-5:35PM ET",DOWN,Down,2.0,0.55,,WIN,YES,1.6363636363636362,Down,0x7f926681cd70518c4a14e90f3e548708d5327cdf661b9e9aaaea6ae3be8fc0f4,81859923349161313976286674314118432219641456059789589414262272139701673390047
2026-04-26T21:30:00.207261+00:00,2026-04-26T21:40:30.188982+00:00,momentum,"Bitcoin Up or Down - April 26, 5:30PM-5:35PM ET",UP,Up,2.0,0.53,,LOSS,NO,-2.0,Down,0xa440e11fba5d16a8a46d92569bf86d6a37fdfbf6f7652f25adb2a6126192b8a2,97037777355901072037351222973070271564249578793264061864047304839413460489798
2026-04-26T21:35:00.973544+00:00,2026-04-26T21:50:35.847755+00:00,momentum,"Bitcoin Up or Down - April 26, 5:35PM-5:40PM ET",UP,Up,2.0,0.55,,WIN,YES,1.6363636363636362,Up,0x5cd9fc65c5a947074cf63d146089b78552abfe0a3522e72a1c826dddd8c43af6,61919114014574596534526030600253443300316978165107803504414566090575414169848
2026-04-26T21:35:01.029935+00:00,2026-04-26T21:50:36.131717+00:00,momentum,"XRP Up or Down - April 26, 5:35PM-5:40PM ET",UP,Up,2.0,0.53,,WIN,YES,1.773584905660377,Up,0x0897b65ae701806e1ff796adae486d0c28d57ed4123d1860749c6e2db55e702f,61486704020943275583141738015361347108554119467887612536815841602449954295678
2026-04-26T21:35:01.065798+00:00,2026-04-26T21:50:36.170309+00:00,momentum,"Solana Up or Down - April 26, 5:35PM-5:40PM ET",UP,Up,2.0,0.53,,LOSS,NO,-2.0,Down,0x531c615037e7f162b442ff922f35621ec3e3d9d731ab0f4f69034d91bc570e1e,88702623779368690987609350218021693303010135686362021668810838948333788694451
2026-04-26T21:40:01.020646+00:00,2026-04-26T21:50:36.201090+00:00,momentum,"Ethereum Up or Down - April 26, 5:40PM-5:45PM ET",UP,Up,2.0,0.515,,LOSS,NO,-2.0,Down,0x763b8a759cc1243dd5afa88288432f3e9b40b7c0a7d2511118eb31a2c4cd4f12,77789201163016127968319636171022247332266230583509130462028257551308052009975
2026-04-26T21:40:01.119066+00:00,2026-04-26T21:51:36.441437+00:00,momentum,"XRP Up or Down - April 26, 5:40PM-5:45PM ET",UP,Up,2.0,0.515,,LOSS,NO,-2.0,Down,0x39c8dc715fad51cdd5937e6d98970153434a12290cf45922735d6a0b76433635,112287995281577659098394628864979278732115027625624569395186396003980288410936
2026-04-26T21:40:01.235916+00:00,2026-04-26T21:51:36.597877+00:00,momentum,"Solana Up or Down - April 26, 5:40PM-5:45PM ET",DOWN,Down,4.0,0.515,,WIN,YES,3.766990291262136,Down,0x356dad60c3e995b2b26efc23f262fb72640bf2d12ee459fd4559cf781e48ffcd,54738377077561139326068158401655016170950844052652968635331778030921715100308
2026-04-26T21:40:02.555990+00:00,2026-04-26T21:51:36.629508+00:00,momentum,"Bitcoin Up or Down - April 26, 5:40PM-5:45PM ET",UP,Up,2.0,0.52,,LOSS,NO,-2.0,Down,0x00c70256ae1bb67ff38019670d60a92958750153db06018c93fba06fd1783beb,12917970184780302133724526566962860751120855606527806443015289799776513771211
2026-04-26T21:35:01.000874+00:00,2026-04-26T21:52:37.268696+00:00,momentum,"Ethereum Up or Down - April 26, 5:35PM-5:40PM ET",UP,Up,2.0,0.58,,WIN,YES,1.4482758620689657,Up,0x469e1ff8d6afd22a6ea47ed969eb75eaaf8953fe3942ae490f6d1c5fbb202406,81012650451403660958841899140805960775033428816113393185733650316314005645687
2026-04-26T21:45:00.807205+00:00,2026-04-26T21:53:37.712374+00:00,momentum,"Ethereum Up or Down - April 26, 5:45PM-5:50PM ET",UP,Up,4.0,0.56,,LOSS,NO,-4.0,Down,0x70c405fc612fcb67265c566038d4635fe407e5d399f8955e6e4c291a96028f4f,81627972190194108210513665180186929039902529462286507117620248908807106954943
2026-04-26T21:45:00.901810+00:00,2026-04-26T21:53:37.983452+00:00,momentum,"XRP Up or Down - April 26, 5:45PM-5:50PM ET",UP,Up,2.0,0.53,,LOSS,NO,-2.0,Down,0xf4b913e73e42fc8317efb4f2a624e41d208c537aecfe73a3822ca7a8ccc3dfac,35150183612631035844435448902757252661388781260286348755176300196541253015207
2026-04-26T21:45:00.838753+00:00,2026-04-26T21:54:38.569522+00:00,momentum,"Solana Up or Down - April 26, 5:45PM-5:50PM ET",UP,Up,2.0,0.53,,LOSS,NO,-2.0,Down,0x21bac4899b71b1a707828f2b307a2320e8a616c238bf875bb89ec3ff40018fee,1689884359177449199328794476803880527621207557501582622742770485796248908891
2026-04-26T21:45:00.870056+00:00,2026-04-26T21:55:38.960510+00:00,momentum,"Bitcoin Up or Down - April 26, 5:45PM-5:50PM ET",UP,Up,2.0,0.58,,LOSS,NO,-2.0,Down,0xb9aa8f71ce1e84000596f0632e21a58c72314928514c1d76f5493841629702a8,82651027236748892481663205598460241091167931098812467616830926453064152311773
2026-04-26T21:50:00.832931+00:00,2026-04-26T22:02:41.611620+00:00,momentum,"Bitcoin Up or Down - April 26, 5:50PM-5:55PM ET",UP,Up,2.0,0.52,,WIN,YES,1.8461538461538458,Up,0x67ef1d8db923535d142e3e2e897f2a7831e247a3eb62cff141c9faa017711b0c,3429051952340126059531663121214493931645800359994701243267045180240475725270
2026-04-26T21:50:00.907492+00:00,2026-04-26T22:02:41.919144+00:00,momentum,"Ethereum Up or Down - April 26, 5:50PM-5:55PM ET",UP,Up,4.0,0.515,,WIN,YES,3.766990291262136,Up,0xb1dd89a8e1d68bf556f06e594d377a80675fdcbf04ea1380d4648ffc06fa8f0b,65926345087362162908441910950506457314749198475524285566680589852440867107416
2026-04-26T21:50:00.872150+00:00,2026-04-26T22:03:42.410393+00:00,momentum,"XRP Up or Down - April 26, 5:50PM-5:55PM ET",UP,Up,2.0,0.525,,WIN,YES,1.8095238095238093,Up,0xd9a990691b4f1efa0f7571b640d9fe2f664b84bf3ddb11883015e62f1cc6da39,114063466070626446187593246551530635004294047217741965806050433998615019923191
2026-04-26T21:50:00.941909+00:00,2026-04-26T22:03:42.572612+00:00,momentum,"Solana Up or Down - April 26, 5:50PM-5:55PM ET",UP,Up,2.0,0.52,,WIN,YES,1.8461538461538458,Up,0xcbdff1a9e2455d1ee19806d12498b3edd1b3bdb79559eaf158ff41d8d00eca18,101521592146439724192053611333169335034137601707413293523601088543093393864448
2026-04-26T21:55:00.517085+00:00,2026-04-26T22:05:44.328488+00:00,momentum,"XRP Up or Down - April 26, 5:55PM-6:00PM ET",UP,Up,2.0,0.52,,WIN,YES,1.8461538461538458,Up,0x700aed987f2d750034e6a812d109afe35708cb9a245a5f7cb5ae0e3fcfc590af,102541323475670516335313168511289296398950062747215297911467861357607719024045
2026-04-26T21:55:00.648718+00:00,2026-04-26T22:05:44.673866+00:00,momentum,"Bitcoin Up or Down - April 26, 5:55PM-6:00PM ET",UP,Up,2.0,0.57,,WIN,YES,1.5087719298245617,Up,0x961a454478df616578a6ca08c3a50eba53e7f0df08dec8acfb4a5fcd07bd561a,5550741908100431083132416981349698263916363143372281785709426147632617588782
2026-04-26T21:55:00.553918+00:00,2026-04-26T22:06:45.003342+00:00,momentum,"Ethereum Up or Down - April 26, 5:55PM-6:00PM ET",UP,Up,8.0,0.56,,WIN,YES,6.285714285714285,Up,0x6ed99b5ea3a468ea028469c1bd747a9f2c36dd4206adebf265ac89b3a2040905,65194517252312452245351331241522311194683743284743287065219395847816237814913
2026-04-26T21:55:00.612018+00:00,2026-04-26T22:06:45.161168+00:00,momentum,"Solana Up or Down - April 26, 5:55PM-6:00PM ET",UP,Up,2.0,0.53,,WIN,YES,1.773584905660377,Up,0x75a79d2b0bfdc25f4c2c066033a05d0e392c8b55e9a0cd2c62b3c5683d942156,41882438002163750940418103302370690956663440659254086044332413899423120502550
2026-04-26T22:00:00.674346+00:00,2026-04-26T22:09:46.281004+00:00,momentum,"Solana Up or Down - April 26, 6:00PM-6:05PM ET",UP,Up,2.0,0.515,,LOSS,NO,-2.0,Down,0x19f45f27d678ac67737816720e83c2fad2ed08ae9eef2fbb4f470d3ea1c12be2,21151481402200881730961278206122654177621162746708236105588998850166889449384
2026-04-26T22:00:00.726327+00:00,2026-04-26T22:09:46.310656+00:00,momentum,"XRP Up or Down - April 26, 6:00PM-6:05PM ET",DOWN,Down,2.0,0.51,,LOSS,NO,-2.0,Up,0x3b81674c4ab4b488bb2ab1e0de5d1a98efe9e6d2635ecb85227ad4361325fc32,81741295162034782253870944384733416760532151654528894245532951215717924633885
2026-04-26T22:00:00.774939+00:00,2026-04-26T22:09:46.341920+00:00,momentum,"Bitcoin Up or Down - April 26, 6:00PM-6:05PM ET",UP,Up,2.0,0.515,,LOSS,NO,-2.0,Down,0xa75ee092c59cac352dc31894a6655767ae3f3e128391cf0b6611b8562855c600,33925709681925540570240553524656723641246574334627718439964194206832593501676
2026-04-26T22:00:00.821653+00:00,2026-04-26T22:09:46.462559+00:00,momentum,"Ethereum Up or Down - April 26, 6:00PM-6:05PM ET",UP,Up,2.0,0.515,,WIN,YES,1.883495145631068,Up,0xb5795d6e69939fc5754de5a020295f584c0af53cb6ac922dd59ea3f838798765,73410293219726016167104157427639557720808053119231159670222693858839130273106
2026-04-26T22:05:00.468355+00:00,2026-04-26T22:14:49.798246+00:00,momentum,"Bitcoin Up or Down - April 26, 6:05PM-6:10PM ET",DOWN,Down,4.0,0.515,,LOSS,NO,-4.0,Up,0x26dd6672071604a66989f48c2e2f81a7e1658cdbd64e602e4cc2998ad1a4c1c0,73724008588782821434710085894181816877018382305203866492518300385725665901806
2026-04-26T22:05:00.507694+00:00,2026-04-26T22:14:49.947782+00:00,momentum,"Ethereum Up or Down - April 26, 6:05PM-6:10PM ET",UP,Up,2.0,0.515,,WIN,YES,1.883495145631068,Up,0x5a32b30e16449060f7c1b242facebf294cca78572422277a547f22d106eb4db2,64989858542699217984172338963988568815094297405260517549496548843715759774012
2026-04-26T22:05:00.580167+00:00,2026-04-26T22:15:50.932668+00:00,momentum,"Solana Up or Down - April 26, 6:05PM-6:10PM ET",UP,Up,4.0,0.515,,WIN,YES,3.766990291262136,Up,0x0fcfcd52572aff6b060d4f7bec904d68f747688a7f9c252909ba7303115212a1,83389097453230537647478137107306065509891986495553533361280939627989764096507
2026-04-26T22:05:00.642313+00:00,2026-04-26T22:15:51.085543+00:00,momentum,"XRP Up or Down - April 26, 6:05PM-6:10PM ET",UP,Up,4.0,0.515,,WIN,YES,3.766990291262136,Up,0x3aaf40eeef2fdfc238a3dff923accee4159e0a051a969ce128aa4a87a6f1bd79,103480879967667488959411719564674931016034119492053584295502537598018447986613
2026-04-26T22:10:02.430068+00:00,2026-04-26T22:20:52.644404+00:00,momentum,"Solana Up or Down - April 26, 6:10PM-6:15PM ET",DOWN,Down,2.0,0.58,,WIN,YES,1.4482758620689657,Down,0x6b34c65e03520be650b2cb7467d18a7c165c0e73ea3b620065d44a111c9280dc,6448374374529454138802276269241750503496945375503599293859754046971713212923
2026-04-26T22:10:00.189170+00:00,2026-04-26T22:21:52.869674+00:00,momentum,"Bitcoin Up or Down - April 26, 6:10PM-6:15PM ET",DOWN,Down,8.0,0.565,,LOSS,NO,-8.0,Up,0xdf49d71966b4a588daf88733b0fa26228e7e27095d9dbb947b7fdb8d2ccf32d5,111277135081609251898388460089027348365975554786809324133000217482082721760696
2026-04-26T22:10:00.229669+00:00,2026-04-26T22:21:53.009950+00:00,momentum,"Ethereum Up or Down - April 26, 6:10PM-6:15PM ET",UP,Up,2.0,0.515,,WIN,YES,1.883495145631068,Up,0x2a001f3e708d0b72fcc46ad1f8f00468676635743906ba2d5ecd4de0d7098b16,5535875942902061986108280094510118114122553518025392073557030210547896204653
2026-04-26T22:10:02.397172+00:00,2026-04-26T22:21:53.363648+00:00,momentum,"XRP Up or Down - April 26, 6:10PM-6:15PM ET",DOWN,Down,2.0,0.57,,WIN,YES,1.5087719298245617,Down,0xe67643598dfe47f82165771f5a8e7811fdccdd3019dc792944804c5c95b5c419,13504920490787928984826388040234584210972755833650608255942977199521251149199
2026-04-26T22:15:01.056901+00:00,2026-04-26T22:22:53.405402+00:00,momentum,"Ethereum Up or Down - April 26, 6:15PM-6:20PM ET",DOWN,Down,2.0,0.52,,LOSS,NO,-2.0,Up,0x2de6d00da6ed6fb9cc84447c3b2de21a13d6f2ff18719cf86ad3ccb614178ff9,35110757840609865297255955130684504145258496474618204280428948825435600635088
2026-04-26T22:15:01.025391+00:00,2026-04-26T22:23:54.385037+00:00,momentum,"Bitcoin Up or Down - April 26, 6:15PM-6:20PM ET",DOWN,Down,16.0,0.53,,LOSS,NO,-16.0,Up,0xb99c244bcf561c6840999e87d72df29c03db3035a1edec0fbac0d8f42023cd08,19308700189363210174122839000351841833357746881075159213062540850852328640481
2026-04-26T22:15:01.256886+00:00,2026-04-26T22:23:54.530507+00:00,momentum,"Solana Up or Down - April 26, 6:15PM-6:20PM ET",DOWN,Down,2.0,0.57,,LOSS,NO,-2.0,Up,0x2b7488bb85cb757b6235d1c7732b04496eeda2a7e18f3743e02f4487c97b183b,6944967390048500838303804295501470650833490630258883511158447555876651497545
2026-04-26T22:15:01.086530+00:00,2026-04-26T22:24:54.807399+00:00,momentum,"XRP Up or Down - April 26, 6:15PM-6:20PM ET",DOWN,Down,2.0,0.51,,LOSS,NO,-2.0,Up,0x289ae2a3f883b1766f306acf375982be625d65a80fceb66f6e5671f3594eb133,113571931721008746348400775896944217175901528153559706143728441232057894045369
2026-04-26T22:20:01.004940+00:00,2026-04-26T22:29:57.809949+00:00,momentum,"Solana Up or Down - April 26, 6:20PM-6:25PM ET",DOWN,Down,4.0,0.52,,WIN,YES,3.6923076923076916,Down,0x9f16b5561e6eace45656f0012df71e9a19074d0fff652759c038e485308d4aaa,76755727208089778498245068707050410964170052210842501388852845679759795963727
2026-04-26T22:20:01.137274+00:00,2026-04-26T22:29:57.938298+00:00,momentum,"Ethereum Up or Down - April 26, 6:20PM-6:25PM ET",DOWN,Down,2.0,0.535,,WIN,YES,1.7383177570093458,Down,0x4cb4a13d064e380f0809e31e77faca8f640bec48d830c91ef5b0263623793646,12796357222955353242476529506398128789004272751774306998563758560410884739368
2026-04-26T22:20:03.535123+00:00,2026-04-26T22:29:58.175020+00:00,momentum,"XRP Up or Down - April 26, 6:20PM-6:25PM ET",DOWN,Down,4.0,0.52,,WIN,YES,3.6923076923076916,Down,0xe6a050f4c9a665e30d803876efa5cfc0af718dbc9ad4d0097065b05af9e62dc8,114959888686581283461741323887486611689504192519740699828080486389896187797013
2026-04-26T22:20:03.493871+00:00,2026-04-26T22:30:58.612728+00:00,momentum,"Bitcoin Up or Down - April 26, 6:20PM-6:25PM ET",DOWN,Down,16.0,0.52,,WIN,YES,14.769230769230766,Down,0xc97b9b16474d770bed80cc0b06d7e3e5d5e29f36c29b7f79de982c3d6bcea6b3,25982057346523609695728109212056002941552138177003864916467295949370876055718
2026-04-26T22:25:00.563454+00:00,2026-04-26T22:35:02.334928+00:00,momentum,"Bitcoin Up or Down - April 26, 6:25PM-6:30PM ET",DOWN,Down,2.0,0.51,,WIN,YES,1.9215686274509802,Down,0x8f76de8f1cac762ae3766f1f56579f91f57b4c57bf76fb04509472a6fdfe7ad9,29611638241481279691516128079112892418922906163647434081388566882903757414048
2026-04-26T22:25:00.492729+00:00,2026-04-26T22:36:02.222979+00:00,momentum,"Ethereum Up or Down - April 26, 6:25PM-6:30PM ET",DOWN,Down,2.0,0.52,,WIN,YES,1.8461538461538458,Down,0xa1b5e203d8657191f455990c3989606dcfd3417316d32271b4515153553f857a,42843992581844703103281571400275338207530704841999744170969657743736159754716
2026-04-26T22:25:00.625276+00:00,2026-04-26T22:36:02.471409+00:00,momentum,"XRP Up or Down - April 26, 6:25PM-6:30PM ET",DOWN,Down,2.0,0.52,,WIN,YES,1.8461538461538458,Down,0x52be0cdbfb63357639ac952e7c4e6f0eda0d29eced5336823063674286973927,113992092552048909134330619182942442436557665929994713283847307618858279408406
2026-04-26T22:25:00.523079+00:00,2026-04-26T22:37:03.216343+00:00,momentum,"Solana Up or Down - April 26, 6:25PM-6:30PM ET",DOWN,Down,2.0,0.51,,WIN,YES,1.9215686274509802,Down,0x24511048de537c158c3bc4c85fddcb21c65794fe09d8159c3b82c52eea43b724,66461437815911001686490542683632280783746954878703733858086276361433604183990
2026-04-26T22:30:00.700673+00:00,2026-04-26T22:39:03.532644+00:00,momentum,"Solana Up or Down - April 26, 6:30PM-6:35PM ET",DOWN,Down,2.0,0.515,,WIN,YES,1.883495145631068,Down,0xe86c43f2539d2deb107eee8a9c5ac8fe686c166744257b73f2099928e5190d3d,81072475023340096474709988492946776486363329154407127925717916417836772922138
2026-04-26T22:30:02.876703+00:00,2026-04-26T22:39:03.778811+00:00,momentum,"XRP Up or Down - April 26, 6:30PM-6:35PM ET",DOWN,Down,2.0,0.58,,WIN,YES,1.4482758620689657,Down,0xccc5593cac696478d9b77ef2b2ed3575eb1ac8c7517ef798ab51f9aba2fffbc8,98101606800135698183935800909502732473948254439168949550069900815977628739251
2026-04-26T22:30:02.920842+00:00,2026-04-26T22:39:03.913174+00:00,momentum,"Bitcoin Up or Down - April 26, 6:30PM-6:35PM ET",DOWN,Down,2.0,0.56,,WIN,YES,1.5714285714285712,Down,0xda3e24c5062f9cc2cad40f07efa186c2e992b6f36441ac1c7a7bcc682e327173,38745420054960691973289929667703262244967879972513146750774311396207102986621
2026-04-26T22:30:00.733866+00:00,2026-04-26T22:40:04.019531+00:00,momentum,"Ethereum Up or Down - April 26, 6:30PM-6:35PM ET",DOWN,Down,2.0,0.515,,WIN,YES,1.883495145631068,Down,0xf178c6fd62adf0d5d219866a2c8ed08ee49cec8986012aacf1f0596630712b8d,88376431830851156138813737198877773985330816251063053437175375832972664965419
2026-04-26T22:35:00.741078+00:00,2026-04-26T22:45:06.403437+00:00,momentum,"Bitcoin Up or Down - April 26, 6:35PM-6:40PM ET",UP,Up,2.0,0.57,,WIN,YES,1.5087719298245617,Up,0xd5da42b381f111f4be49a03ac8621d8061b9ad9785b143d4b7dd1e1ca320b638,20396695619506738316695363800888105573237220430577674746712152120441947695813
2026-04-26T22:35:00.832760+00:00,2026-04-26T22:45:06.631651+00:00,momentum,"Ethereum Up or Down - April 26, 6:35PM-6:40PM ET",UP,Up,2.0,0.55,,WIN,YES,1.6363636363636362,Up,0x347f7c8a4d5bb90d04228c443c1c518e5eaa15346fc0d1d8edf97ef1848cb288,65999406888294210663233744427856453782069688341374802249991097432714754712675
2026-04-26T22:35:00.878930+00:00,2026-04-26T22:45:06.747294+00:00,momentum,"Solana Up or Down - April 26, 6:35PM-6:40PM ET",UP,Up,2.0,0.51,,WIN,YES,1.9215686274509802,Up,0xc08e2301291061883817858c6d3b5a929b316591e52e4ff261aeea0c05972739,77046795999839493283911585791671313161517327812359381829535811223392723187732
2026-04-26T22:35:00.775153+00:00,2026-04-26T22:46:06.527208+00:00,momentum,"XRP Up or Down - April 26, 6:35PM-6:40PM ET",UP,Up,2.0,0.52,,WIN,YES,1.8461538461538458,Up,0xcd17fb400907d0eb21ec21b679afc76897d78c59c5546c6f28c4b7152d0b1b27,36065157307660276491595373307464230280655313225307211864877862703506933492088
2026-04-26T22:40:00.640409+00:00,2026-04-26T22:50:09.354275+00:00,momentum,"XRP Up or Down - April 26, 6:40PM-6:45PM ET",UP,Up,2.0,0.51,,WIN,YES,1.9215686274509802,Up,0xa4f0a13122cf5ba35723904a53180ed7c0a822243970118ddb01b3836f265a4f,91055913714340678541846189368840144536312399894954039671156258239134611339691
2026-04-26T22:40:00.560954+00:00,2026-04-26T22:51:09.251022+00:00,momentum,"Ethereum Up or Down - April 26, 6:40PM-6:45PM ET",UP,Up,2.0,0.52,,WIN,YES,1.8461538461538458,Up,0x6d4cc837dca98dbc57eb1712fa42895fa28cec0cc3a41b5469a8f9dcfb153c20,12558893218474707438316069360175873476226488095079503731280498657552972884117
2026-04-26T22:40:00.605042+00:00,2026-04-26T22:51:09.383172+00:00,momentum,"Solana Up or Down - April 26, 6:40PM-6:45PM ET",UP,Up,2.0,0.51,,WIN,YES,1.9215686274509802,Up,0x3c46e88cbb59fa54414fa737477553163fe6d817e7f0831b123e7ea7c65c66c9,8486606872087567050595405281611297981618810016853353910410796882029245373578
2026-04-26T22:40:00.512165+00:00,2026-04-26T22:52:09.247754+00:00,momentum,"Bitcoin Up or Down - April 26, 6:40PM-6:45PM ET",UP,Up,2.0,0.53,,WIN,YES,1.773584905660377,Up,0x4ca0c15c6f582d9340724a191e93c8d8070cd03dd413e2a93222f1be5129ac74,25464062183964016753724767003136112164835635770140246620024984666299799170484
2026-04-26T22:45:00.396844+00:00,2026-04-26T22:57:12.457691+00:00,momentum,"Ethereum Up or Down - April 26, 6:45PM-6:50PM ET",UP,Up,2.0,0.51,,WIN,YES,1.9215686274509802,Up,0x30b339c251cf81ec6f279f8eef5541a3a2fa13b8499a1a9eeeb2f0931c4aaefd,50053865059614522961091551004839097551670900353800383635694277353974935468550
2026-04-26T22:45:00.232698+00:00,2026-04-26T22:58:13.070525+00:00,momentum,"Solana Up or Down - April 26, 6:45PM-6:50PM ET",UP,Up,2.0,0.51,,WIN,YES,1.9215686274509802,Up,0x0ae9b6ac50053215eec35f6d59e3fee96330b0a49e3d06d9c3575b69eae9fe15,89970851179939046034961262076145379732221013269381459397634289605512207155399
2026-04-26T22:45:00.275185+00:00,2026-04-26T22:58:13.221115+00:00,momentum,"Bitcoin Up or Down - April 26, 6:45PM-6:50PM ET",UP,Up,2.0,0.51,,WIN,YES,1.9215686274509802,Up,0x7812f2f239bbd1e3be221070f4bd4925d171655d4d97754b5a6d0f1b3f2ca187,82178305093079494345917894629434993412867733529866808008089839259411085673226
2026-04-26T22:45:00.352105+00:00,2026-04-26T22:58:13.366786+00:00,momentum,"XRP Up or Down - April 26, 6:45PM-6:50PM ET",UP,Up,2.0,0.51,,WIN,YES,1.9215686274509802,Up,0xbc3e0eedee84bebb40a1ebf4bb859851b0a3e49539f6391a637bbb349ac4f87a,48671582326082062816533639333477339743259218634093011231564387525011931082114
2026-04-26T22:50:00.287588+00:00,2026-04-26T22:59:13.950148+00:00,momentum,"Solana Up or Down - April 26, 6:50PM-6:55PM ET",UP,Up,2.0,0.52,,LOSS,NO,-2.0,Down,0x79674ca14ad8d49183b8ae3cc93f13171b183e9162882204ebf7681680f0db5a,94878392832231345014546058534221179584762635817186289606333704182291186804734
2026-04-26T22:50:03.424846+00:00,2026-04-26T22:59:14.223111+00:00,momentum,"Ethereum Up or Down - April 26, 6:50PM-6:55PM ET",DOWN,Down,2.0,0.51,,WIN,YES,1.9215686274509802,Down,0x6406a09aab4c2a04c8fcef510f83e723a328e37bea082f331fe8c40e900b5f31,109402384020536949146732551524074393483551611342290721521778630441707901193070
2026-04-26T22:50:00.248739+00:00,2026-04-26T23:00:14.926642+00:00,momentum,"XRP Up or Down - April 26, 6:50PM-6:55PM ET",UP,Up,2.0,0.51,,LOSS,NO,-2.0,Down,0x42a61f5522e5a59787c1bca8d5d937db75ee4970389a4521a30c3c09259b0d18,113874119229014500581688977256355511065704160598744420291739393354157805494379
2026-04-26T22:50:00.324008+00:00,2026-04-26T23:01:15.847468+00:00,momentum,"Bitcoin Up or Down - April 26, 6:50PM-6:55PM ET",DOWN,Down,2.0,0.52,,WIN,YES,1.8461538461538458,Down,0x4429b512ba228b8da9f92857d8345eb35c8d22613276834b1a9559aa13f8f236,52874757069389967087373494403879061541076705925376357150773745846521352354609
2026-04-26T22:55:01.787571+00:00,2026-04-26T23:05:19.206920+00:00,momentum,"Bitcoin Up or Down - April 26, 6:55PM-7:00PM ET",UP,Up,2.0,0.51,,LOSS,NO,-2.0,Down,0x8638fd8e579e83cae3a23a137242d9aeacc8ebd0e9e00cab2eea20fefc80e9a1,100263354277546420963124085311164383523460747197669083030299793587902649011353
2026-04-26T22:55:00.644867+00:00,2026-04-26T23:06:19.639234+00:00,momentum,"Solana Up or Down - April 26, 6:55PM-7:00PM ET",UP,Up,4.0,0.52,,LOSS,NO,-4.0,Down,0x8aa8a30509d6b097d999f2b8b36c8a66fde1a5f18792eb41064574400492b84f,69672878914395346315234101306654985636866447894230724974694343625569169713929
2026-04-26T22:55:00.678796+00:00,2026-04-26T23:06:19.669173+00:00,momentum,"XRP Up or Down - April 26, 6:55PM-7:00PM ET",UP,Up,4.0,0.515,,LOSS,NO,-4.0,Down,0xff17e2b211a9925186042dec3ac1a20f4cdf84c9784d7a8b94a0364e236c905a,8176562717502110412070186291644586329716770972680874258908690196366225599815
2026-04-26T22:55:01.822607+00:00,2026-04-26T23:06:19.702973+00:00,momentum,"Ethereum Up or Down - April 26, 6:55PM-7:00PM ET",UP,Up,2.0,0.51,,LOSS,NO,-2.0,Down,0xfff13c290e0168909e62d0f4027b2dfce49d275f0f362b237673dc9dd5830cbe,68654034170582539886688046546416478917419125080871380420240719581582025306031
2026-04-26T23:00:02.486951+00:00,2026-04-26T23:08:21.045548+00:00,momentum,"Bitcoin Up or Down - April 26, 7:00PM-7:05PM ET",DOWN,Down,2.0,0.64,,LOSS,NO,-2.0,Up,0xe9c0c61377a57b3c914845e5594869b29cd9e75510e771f104fffff24129021b,22753863558778317411300710841157734780734874106494270795702682468878884468278
2026-04-26T23:00:00.154659+00:00,2026-04-26T23:09:20.891792+00:00,momentum,"Ethereum Up or Down - April 26, 7:00PM-7:05PM ET",UP,Up,4.0,0.515,,LOSS,NO,-4.0,Down,0xeec0b60f71acca5b7d8e6e5ced3b805ed46dac07c2ac51664541c3ec420f4b8e,810534026090561835104678399779676015511084755495331046483463333748187580685
2026-04-26T23:00:00.103814+00:00,2026-04-26T23:10:21.685552+00:00,momentum,"Solana Up or Down - April 26, 7:00PM-7:05PM ET",UP,Up,8.0,0.515,,LOSS,NO,-8.0,Down,0xb8f3904853eb16e958c5ffd19e24552f4f24074aa9667cce5849c4b060161b9c,76730056268003885297694481149187022822656082538528783759111203337794536426694
2026-04-26T23:00:00.191224+00:00,2026-04-26T23:10:21.791702+00:00,momentum,"XRP Up or Down - April 26, 7:00PM-7:05PM ET",UP,Up,8.0,0.515,,LOSS,NO,-8.0,Down,0xf6a2d6cb8eab1a54cdafc20257dbc7d34706e39bf17f24a37eba73ad8441be60,89569304985099510632423780481812785330387481829138107007956988029683914501275
2026-04-26T23:05:00.612151+00:00,2026-04-26T23:15:24.884206+00:00,momentum,"Ethereum Up or Down - April 26, 7:05PM-7:10PM ET",UP,Up,8.0,0.515,,LOSS,NO,-8.0,Down,0x99254ea909a680f5f812ae9f7258d93c2ddb7c847d3c327ed820001651356d8d,13839241077683016385482033968066595883644248968202585385384728849554097602588
2026-04-26T23:05:00.650283+00:00,2026-04-26T23:15:25.289234+00:00,momentum,"XRP Up or Down - April 26, 7:05PM-7:10PM ET",UP,Up,16.0,0.515,,WIN,YES,15.067961165048544,Up,0x5649b9ea46b2f6cd8c1bc9beebd93e8937d8c7265ba351a748623484d3c0a3b5,79701556086263078731371572141180539269133282815998831184320176142419923706935
2026-04-26T23:05:00.687421+00:00,2026-04-26T23:15:25.365760+00:00,momentum,"Solana Up or Down - April 26, 7:05PM-7:10PM ET",UP,Up,16.0,0.52,,LOSS,NO,-16.0,Down,0xc1cc6211b6e53561c51fbce99d7cf50e48d9006015872eb7170520a15394d944,67391583184078231890914841140221733680603418947826926934392619987755512836493
2026-04-26T23:05:02.823203+00:00,2026-04-26T23:15:25.449739+00:00,momentum,"Bitcoin Up or Down - April 26, 7:05PM-7:10PM ET",UP,Up,4.0,0.51,,LOSS,NO,-4.0,Down,0xb7772b726802c663982fc50a7672acc2590555736a0b6bacf82e992197fa1bc9,92547613220017013071416166174624784839934175219681544411468031024830201441396
2026-04-26T23:10:00.182080+00:00,2026-04-26T23:21:28.129880+00:00,momentum,"XRP Up or Down - April 26, 7:10PM-7:15PM ET",UP,Up,2.0,0.515,,WIN,YES,1.883495145631068,Up,0x26039f45b13ababddd00fead641e3ff7df4178fe25fbd2a8d49afa2c12489643,108550398392594245409365426853618173541164838967001838109017689785694203720307
2026-04-26T23:10:00.229814+00:00,2026-04-26T23:21:28.441680+00:00,momentum,"Solana Up or Down - April 26, 7:10PM-7:15PM ET",UP,Up,32.0,0.52,,WIN,YES,29.538461538461533,Up,0x96b8699daa2cd9180ebaff1bdf4a435004edf5ec5fe2ebc5a49ebf018c740930,111032469623658309663436522453590853700532758245407761165738132183270530476537
2026-04-26T23:10:00.274734+00:00,2026-04-26T23:21:28.697524+00:00,momentum,"Ethereum Up or Down - April 26, 7:10PM-7:15PM ET",UP,Up,16.0,0.515,,WIN,YES,15.067961165048544,Up,0xe8f2ecd8c8ea96445c43915b2a6d2359a84f7e94a9c3b0a8d2cd6104c09f0981,16313051157082948140126233956371164294109448931721119702521662092026016057827
2026-04-26T23:10:02.381320+00:00,2026-04-26T23:21:28.820949+00:00,momentum,"Bitcoin Up or Down - April 26, 7:10PM-7:15PM ET",UP,Up,8.0,0.52,,WIN,YES,7.384615384615383,Up,0x1c2e1eef0898a589a1f4098fee566630876a23544a68b2e9bc95c866513399b7,110889529349927195878123502570171800464532870251089926173688571958197275834029
2026-04-26T23:15:04.092633+00:00,2026-04-26T23:23:30.362573+00:00,momentum,"Bitcoin Up or Down - April 26, 7:15PM-7:20PM ET",DOWN,Down,2.0,0.53,,WIN,YES,1.773584905660377,Down,0xa1cf422d640493670e670873b13da30fa5332f6487f53e33036268ecaac23f52,79730206040353532684989181322575303367126720548861289628912564637496432913082
2026-04-26T23:15:00.780987+00:00,2026-04-26T23:24:30.413514+00:00,momentum,"Ethereum Up or Down - April 26, 7:15PM-7:20PM ET",UP,Up,2.0,0.51,,LOSS,NO,-2.0,Down,0x01816ab4b1c05da92dba115885b0d341abce00426c2feeeb28de94367602c9b9,74439869637419279427458648806556371122817448465106291245466712719181794079443
2026-04-26T23:15:00.825871+00:00,2026-04-26T23:24:30.601535+00:00,momentum,"Solana Up or Down - April 26, 7:15PM-7:20PM ET",DOWN,Down,2.0,0.52,,WIN,YES,1.8461538461538458,Down,0xa8d1a21328444a3078eb978d2b243b0e56a0f5426d104c51fc12910d86f08a13,34957283265256291170591833635494531066843047870985597794141848155777023711547
2026-04-26T23:15:00.858208+00:00,2026-04-26T23:24:30.737394+00:00,momentum,"XRP Up or Down - April 26, 7:15PM-7:20PM ET",DOWN,Down,2.0,0.51,,WIN,YES,1.9215686274509802,Down,0x5963dc94cf04893384ea9dda46ee9ff7a61b2fe54db3e58e7e37ed6fff58c319,67456375895141622736778946104025889275974818140543948070615055012265979406624
2026-04-26T23:20:00.920992+00:00,2026-04-26T23:29:33.549008+00:00,momentum,"Ethereum Up or Down - April 26, 7:20PM-7:25PM ET",UP,Up,2.0,0.515,,WIN,YES,1.883495145631068,Up,0x1d0078e156e0ef983dcc0d915e77869c74fd8545636e5756c064362e4648f8f9,103972758919641243860027351474772512027078918180745432921613752243379134747577
2026-04-26T23:20:00.962214+00:00,2026-04-26T23:30:34.421272+00:00,momentum,"Solana Up or Down - April 26, 7:20PM-7:25PM ET",DOWN,Down,2.0,0.515,,LOSS,NO,-2.0,Up,0x9dd082218c1e83e1d23211785500f3701a381108843a6ff410b8c19533ad31c7,11560522256719267351889532641335166026325469293395085795488760737845347892428
2026-04-26T23:20:03.067689+00:00,2026-04-26T23:30:34.593328+00:00,momentum,"Bitcoin Up or Down - April 26, 7:20PM-7:25PM ET",UP,Up,2.0,0.51,,WIN,YES,1.9215686274509802,Up,0xd9645066177a3eecf8c324adab40df942be2d4daf7f68de9ba209a897a512eee,95269224837111465513284901243730042636345909453530883430390213772247233886851
2026-04-26T23:20:06.153901+00:00,2026-04-26T23:30:34.629808+00:00,momentum,"XRP Up or Down - April 26, 7:20PM-7:25PM ET",DOWN,Down,2.0,0.52,,LOSS,NO,-2.0,Up,0xff72cab3900e0ea0073588a3cea213b92413fcc1da31f6fc7493c9460567efa7,8710458387162819522306014125911008032136741276001140993132693061414195271212
2026-04-26T23:25:01.534402+00:00,2026-04-26T23:35:37.419259+00:00,momentum,"Ethereum Up or Down - April 26, 7:25PM-7:30PM ET",DOWN,Down,2.0,0.52,,WIN,YES,1.8461538461538458,Down,0x29ae0e43a2fd1087bbe8c3c97ab55758df51f2ba6725d02714a41f6e4c1ba7f0,44392954443555796656968567227002440918487543662064334788791252595766249738268
2026-04-26T23:25:01.571711+00:00,2026-04-26T23:35:37.567787+00:00,momentum,"Bitcoin Up or Down - April 26, 7:25PM-7:30PM ET",DOWN,Down,2.0,0.53,,WIN,YES,1.773584905660377,Down,0x80b92f084b4a2aad69ee5e452ed22fb8e78635a62515c96c9229be882eaefb27,80150373068219177765814069253441322862593817358844751001819491217118791987651
2026-04-26T23:25:07.762726+00:00,2026-04-26T23:35:37.595336+00:00,momentum,"XRP Up or Down - April 26, 7:25PM-7:30PM ET",UP,Up,4.0,0.65,,LOSS,NO,-4.0,Down,0x195255ef4f98bba328c85b504f20685dbda6d07ce347ba8a203e8f218a22e7c9,37187350353425617217335532156629596108243290021973808486547830803577217471100
2026-04-26T23:25:00.427676+00:00,2026-04-26T23:36:38.060046+00:00,momentum,"Solana Up or Down - April 26, 7:25PM-7:30PM ET",DOWN,Down,4.0,0.515,,WIN,YES,3.766990291262136,Down,0xedcc83e2f199bc35cf021de3306977a043263b76c3a249ca2a0812041cd2e356,95025264723778469087897576729536826013545850301618883503822120514769783506160
2026-04-26T23:30:00.844570+00:00,2026-04-26T23:38:39.687448+00:00,momentum,"Solana Up or Down - April 26, 7:30PM-7:35PM ET",UP,Up,2.0,0.515,,WIN,YES,1.883495145631068,Up,0xe78d09f7642e022036103d3b6c3b92788ea150b262a7190a6b3a63b5e58d3fb9,63598522872646063932756271692869638864523229566486260587656397563821382167176
2026-04-26T23:30:03.197793+00:00,2026-04-26T23:38:39.820541+00:00,momentum,"Bitcoin Up or Down - April 26, 7:30PM-7:35PM ET",DOWN,Down,2.0,0.53,,LOSS,NO,-2.0,Up,0xd8e659bcaaf09dee2da21bbde4819ec896d10e9bd352c243d4291a9c89edbdd7,53848503450242994033806367392309609649002444068076807520888862973615245961401
2026-04-26T23:30:00.909170+00:00,2026-04-26T23:39:40.546875+00:00,momentum,"XRP Up or Down - April 26, 7:30PM-7:35PM ET",UP,Up,8.0,0.515,,WIN,YES,7.533980582524272,Up,0x573924561c4265349d11e23ac19811f22443ef5b9369adaf4fc23ee040b3d95b,106991374782024995356330012293882215305644420939770416552117977191051688093264
2026-04-26T23:30:00.794571+00:00,2026-04-26T23:40:40.590899+00:00,momentum,"Ethereum Up or Down - April 26, 7:30PM-7:35PM ET",DOWN,Down,2.0,0.525,,LOSS,NO,-2.0,Up,0x2ff3dfe49c59fbd3b2af55fda6530bdbe9574ef2304f4f2c1361c2fa359cc39c,105801528657174327553493242044098851380738832550225108540573924809413195869936
2026-04-26T23:35:00.634859+00:00,2026-04-26T23:45:44.028381+00:00,momentum,"Ethereum Up or Down - April 26, 7:35PM-7:40PM ET",DOWN,Down,2.0,0.51,,LOSS,NO,-2.0,Up,0x8813af5fe14edca58793dd510fbbc35efe1ccacab130d3d4e73d0ef52b2ab43b,40927351822323853066253062170648938811845627723893503974849559977875364647631
2026-04-26T23:35:00.544331+00:00,2026-04-26T23:46:44.124794+00:00,momentum,"XRP Up or Down - April 26, 7:35PM-7:40PM ET",DOWN,Down,2.0,0.51,,LOSS,NO,-2.0,Up,0x56fe6e9ed50d9800df533a2d72a5c32895abe1bb377256ad598c82fee8387420,69863794289509436593094765093929348512608311861103413260757363088231051016732
2026-04-26T23:35:00.580348+00:00,2026-04-26T23:46:44.159760+00:00,momentum,"Bitcoin Up or Down - April 26, 7:35PM-7:40PM ET",DOWN,Down,2.0,0.53,,LOSS,NO,-2.0,Up,0x286490a8715932e33a74668ccd2eef536ebb27740012909d2f8e14beb056b22a,45755778068745529279352048906553452941562733152048274244196607778906157786974
2026-04-26T23:35:01.676509+00:00,2026-04-26T23:46:44.295481+00:00,momentum,"Solana Up or Down - April 26, 7:35PM-7:40PM ET",UP,Up,2.0,0.58,,WIN,YES,1.4482758620689657,Up,0xb0d7f98f914291012db5e89c69807b4b963151514bd542ae9bcb18f44ec708ad,68640022067459236082051728335952036980447040634569881461149678039539656042348
2026-04-26T23:40:09.239296+00:00,2026-04-26T23:50:46.027241+00:00,momentum,"Solana Up or Down - April 26, 7:40PM-7:45PM ET",UP,Up,2.0,0.56,,WIN,YES,1.5714285714285712,Up,0xff876b4ea6137f17dcdb00591738430ea112e857df901468a2222ed514767bef,95736752934830158780879379382013353281497510495160431971092046122676876755404
2026-04-26T23:40:02.682960+00:00,2026-04-26T23:51:45.632234+00:00,momentum,"XRP Up or Down - April 26, 7:40PM-7:45PM ET",DOWN,Down,4.0,0.51,,LOSS,NO,-4.0,Up,0xafe92c3be323c8d94b2c0314e80cc9637de72895d13e19785e0c1558fe5af44c,99751308544692002428310160985435744990799635280732687241061624543077241694477
2026-04-26T23:40:02.733122+00:00,2026-04-26T23:51:45.674598+00:00,momentum,"Ethereum Up or Down - April 26, 7:40PM-7:45PM ET",DOWN,Down,4.0,0.54,,LOSS,NO,-4.0,Up,0xde83abe929afb1b959943b6e6ec24670e21c307946394a85fd24d3df00b96b7c,56577017474997909907791003757046863501595987450835241288904829301156590499724
2026-04-26T23:40:02.780488+00:00,2026-04-26T23:52:46.102419+00:00,momentum,"Bitcoin Up or Down - April 26, 7:40PM-7:45PM ET",UP,Up,4.0,0.51,,WIN,YES,3.8431372549019605,Up,0x83d85634cb1fcd84a64baaa53362dedbc50cb9e89da7c29ef0212cd6a9b0f377,67482304708945299654550190499796517220078469127338828767727845081120054010252
2026-04-26T23:45:00.490659+00:00,2026-04-26T23:53:47.034517+00:00,momentum,"Solana Up or Down - April 26, 7:45PM-7:50PM ET",DOWN,Down,2.0,0.63,,LOSS,NO,-2.0,Up,0xd71f61aed376f7413e6e99ec7a08715412a59b15870d77aa1cbb36ec90950818,55660863460899032984252814610579688986883554665516056765266396022892724013625
2026-04-26T23:45:00.594596+00:00,2026-04-26T23:53:47.172903+00:00,momentum,"Ethereum Up or Down - April 26, 7:45PM-7:50PM ET",DOWN,Down,4.0,0.63,,LOSS,NO,-4.0,Up,0xc83795944c5d3addd33f828e450785a2edf6ce71d34b31a9c8b7a71d333490af,45128362415765653667941944413896851403262303901751764153210194819861937423438
2026-04-26T23:45:00.543936+00:00,2026-04-26T23:56:49.213270+00:00,momentum,"XRP Up or Down - April 26, 7:45PM-7:50PM ET",DOWN,Down,4.0,0.51,,LOSS,NO,-4.0,Up,0x2e21f00ad02b1fc2b261c19bde4c20937646049711bf91e770030688a8fbbcb9,35051867311630440220618119881235184611343518211155784502464706932782204086440
2026-04-26T23:45:00.443916+00:00,2026-04-26T23:57:49.415702+00:00,momentum,"Bitcoin Up or Down - April 26, 7:45PM-7:50PM ET",DOWN,Down,2.0,0.56,,LOSS,NO,-2.0,Up,0x541ee2559a16ecda5600cc74ba7d62559e8abe444253aec7c1c155441358b6bf,114105502593021857659944116135482845950385609630927655953979512301723010183650
2026-04-26T23:50:01.072419+00:00,2026-04-26T23:59:50.425261+00:00,momentum,"Bitcoin Up or Down - April 26, 7:50PM-7:55PM ET",DOWN,Down,4.0,0.525,,WIN,YES,3.6190476190476186,Down,0xe1e2855631614a54905285c25e51d6066ae46100dbddbfd6091e10266cd90130,88191951000454147163752595833297008798945098119541857112576921597811763151812
2026-04-26T23:50:02.220259+00:00,2026-04-26T23:59:50.623844+00:00,momentum,"Ethereum Up or Down - April 26, 7:50PM-7:55PM ET",DOWN,Down,8.0,0.55,,WIN,YES,6.545454545454545,Down,0x8c8890daf609352b6a12e25ffd18049620499b65c0821a8f3a1a2b95760f666e,54522188258967841090201739144200368620919699944917636969630741548352870433525
2026-04-26T23:50:01.035733+00:00,2026-04-27T00:00:51.094804+00:00,momentum,"Solana Up or Down - April 26, 7:50PM-7:55PM ET",DOWN,Down,4.0,0.515,,WIN,YES,3.766990291262136,Down,0x24cab2b5814e63c69cafbd2f85c84507fb94a5e1254f270dbaf9f4e8c60d9fe8,76649515564120267140254335316795490562939493345388812459116823727006644112113
2026-04-26T23:50:05.402785+00:00,2026-04-27T00:00:51.249559+00:00,momentum,"XRP Up or Down - April 26, 7:50PM-7:55PM ET",DOWN,Down,8.0,0.51,,WIN,YES,7.686274509803921,Down,0x442aa7a190c453e031cd69783ba9cab62c7afc97efcb7f79b593412291e48a63,76275011365962295143874490003531349985979718401302626642145544615070521015111
2026-04-26T23:55:07.363690+00:00,2026-04-27T00:05:55.268652+00:00,momentum,"Ethereum Up or Down - April 26, 7:55PM-8:00PM ET",DOWN,Down,2.0,0.51,,LOSS,NO,-2.0,Up,0x8e148eee64c60b9e31e9a71297697f0a0ba584cfaf41f8dda2d6629b410a7667,8910812320979914831103696416758096729458967075210020581655156021256214270074
2026-04-26T23:55:00.651001+00:00,2026-04-27T00:06:55.578944+00:00,momentum,"Bitcoin Up or Down - April 26, 7:55PM-8:00PM ET",DOWN,Down,2.0,0.515,,WIN,YES,1.883495145631068,Down,0x8188a3e341c2b3ae1daab7683f0ae7e1f1b41c9c22d4d71c464f14563aa99c61,75849202264290879443571817346176216686244653628622016614668510307547108113352
2026-04-26T23:55:02.799117+00:00,2026-04-27T00:06:55.701403+00:00,momentum,"Solana Up or Down - April 26, 7:55PM-8:00PM ET",DOWN,Down,2.0,0.52,,WIN,YES,1.8461538461538458,Down,0xde7a9cb3734e604e7448d30547be276e550dff548c3a827d7331c70f67338f82,23817520540182833369071242436993133696624635287326496268674996267599107263600
2026-04-26T23:55:02.844505+00:00,2026-04-27T00:06:55.849958+00:00,momentum,"XRP Up or Down - April 26, 7:55PM-8:00PM ET",DOWN,Down,2.0,0.53,,WIN,YES,1.773584905660377,Down,0x2b81882e1697f6b8d41c44d5de37a10130ad32878f33f68dc194dc7c9a1bec16,62981455641694633425810690971765111592343030665557188322171381156338405538617
2026-04-27T00:00:00.377627+00:00,2026-04-27T00:07:56.312119+00:00,momentum,"Ethereum Up or Down - April 26, 8:00PM-8:05PM ET",DOWN,Down,4.0,0.515,,LOSS,NO,-4.0,Up,0x06ef5e9222e5eae30b4f5064760e83d9021ac64bec1a81c4b7cee75065993014,25360273413560417105916230385491748319763600896839350507347128268077647117334
2026-04-27T00:00:01.931097+00:00,2026-04-27T00:08:57.539477+00:00,momentum,"XRP Up or Down - April 26, 8:00PM-8:05PM ET",DOWN,Down,2.0,0.51,,LOSS,NO,-2.0,Up,0xf34dad10f6f9e08811a895be6bbfe6ef0f58bb83f702ccf2fc692dda9076025e,105830018537339928849099288672661065749974455533454396531628485252402336516205
2026-04-27T00:00:08.450056+00:00,2026-04-27T00:08:57.572029+00:00,momentum,"Bitcoin Up or Down - April 26, 8:00PM-8:05PM ET",DOWN,Down,4.0,0.51,,LOSS,NO,-4.0,Up,0xd39bbcc8c9a7e573ef962a506386277c1ac8a690a81182ec8a90958f35e854cd,71935656506636379712927953675986907845314768594683509474004524060527691715522
2026-04-27T00:00:00.281739+00:00,2026-04-27T00:09:58.094220+00:00,momentum,"Solana Up or Down - April 26, 8:00PM-8:05PM ET",DOWN,Down,2.0,0.515,,LOSS,NO,-2.0,Up,0x60e1115dda4caebc89a6adb6e766dae4f3e320d39d39283b963e0172d2103ed8,66151372127233929135951937274405738099221195429259448556941108465076860874192
2026-04-27T00:05:00.844591+00:00,2026-04-27T00:15:00.964386+00:00,momentum,"Bitcoin Up or Down - April 26, 8:05PM-8:10PM ET",DOWN,Down,8.0,0.535,,WIN,YES,6.953271028037383,Down,0x570e134beebb383e8a4e9dd1149ad26ad6be32c44d2b6f1f18759cc470d21b11,76560731407108746149443416276265693386259371883767269432755372982139707682982
2026-04-27T00:05:00.891146+00:00,2026-04-27T00:15:01.107438+00:00,momentum,"Solana Up or Down - April 26, 8:05PM-8:10PM ET",DOWN,Down,2.0,0.515,,WIN,YES,1.883495145631068,Down,0xfb547c1486f682d276e3938018c106c7c81bb07c66630a63ed69cf433f642548,67611669931744551087396721851030070639259896653068710287638501291376511601116
2026-04-27T00:05:02.032463+00:00,2026-04-27T00:15:01.268696+00:00,momentum,"XRP Up or Down - April 26, 8:05PM-8:10PM ET",DOWN,Down,4.0,0.51,,WIN,YES,3.8431372549019605,Down,0x02ca99c0e86bac4c7a0173b1ad852eb258f067b194715e6dbc3b30b33a8467c5,58601550556221760815612784143167595236441312332494872523912606659313432711152
2026-04-27T00:05:02.082125+00:00,2026-04-27T00:16:01.558620+00:00,momentum,"Ethereum Up or Down - April 26, 8:05PM-8:10PM ET",DOWN,Down,8.0,0.54,,WIN,YES,6.814814814814813,Down,0x630a668c2fb155f34ab116143fb03878c6930dff6ddf97c95468808a07e201ac,59514290374395811195782258962408918672931772130597114208674664053041701978846
2026-04-27T00:10:00.567528+00:00,2026-04-27T00:21:03.967250+00:00,momentum,"Bitcoin Up or Down - April 26, 8:10PM-8:15PM ET",DOWN,Down,2.0,0.515,,WIN,YES,1.883495145631068,Down,0x79851e7327b1ef28b414d27d4ffecd33e7568d2d599a4c2e9310585529394e5d,108407387906986135798150313869377652448522618966825969680477394147451869606706
2026-04-27T00:10:00.616820+00:00,2026-04-27T00:21:04.112789+00:00,momentum,"Solana Up or Down - April 26, 8:10PM-8:15PM ET",DOWN,Down,2.0,0.515,,WIN,YES,1.883495145631068,Down,0xf2e3b7973996ceca6f2918493dd841029221512b0c7fba3a987592aba5a3dbb6,96108799181570659934613481469758381230584527146887909516076889392323331623547
2026-04-27T00:10:05.882868+00:00,2026-04-27T00:21:04.172044+00:00,momentum,"Ethereum Up or Down - April 26, 8:10PM-8:15PM ET",UP,Up,2.0,0.53,,LOSS,NO,-2.0,Down,0xf68711536fc3758b10d2c66ac2fe929188d1986f29009162ee2687844df07bdd,85123205010392324392697062095935407508101653443916050961141904863326602874257
2026-04-27T00:10:12.151966+00:00,2026-04-27T00:21:04.209005+00:00,momentum,"XRP Up or Down - April 26, 8:10PM-8:15PM ET",UP,Up,2.0,0.56,,LOSS,NO,-2.0,Down,0x5e9d0651f708d6afb4961ef0dfe73108beace99f794e693cb9c4e14683f9d963,53372132129761759041381142150799019495273453363353350806032783563248128185761
2026-04-27T00:15:00.772236+00:00,2026-04-27T00:23:05.529468+00:00,momentum,"Ethereum Up or Down - April 26, 8:15PM-8:20PM ET",DOWN,Down,2.0,0.515,,LOSS,NO,-2.0,Up,0x95c962714937da0a56f6d327fdb9a48de0a318344afb560e6f1a08312a7d7564,114067098462123166099154198521535797573138396779562735505115175273431210063089
2026-04-27T00:15:03.353568+00:00,2026-04-27T00:23:05.559922+00:00,momentum,"Bitcoin Up or Down - April 26, 8:15PM-8:20PM ET",DOWN,Down,2.0,0.56,,LOSS,NO,-2.0,Up,0xb6c7d3e4fa5bfb79d49e1f2cec26712bbaf6e8c69a286cf7ec7a7c0aefdcceff,115626019887214356637390779937026119170100128965810517694807832897359049637888
2026-04-27T00:15:00.729569+00:00,2026-04-27T00:25:06.437283+00:00,momentum,"Solana Up or Down - April 26, 8:15PM-8:20PM ET",DOWN,Down,2.0,0.515,,LOSS,NO,-2.0,Up,0x67810d4bbed79fa8aa2bdda52f548bec31526d075c0f6dd36a6c2dc6d4934bee,100913583595068509494256160247150527060548992169062391081561320546491186339993
2026-04-27T00:15:06.596224+00:00,2026-04-27T00:25:06.595893+00:00,momentum,"XRP Up or Down - April 26, 8:15PM-8:20PM ET",DOWN,Down,2.0,0.63,,WIN,YES,1.1746031746031744,Down,0x23b5546b33ef92a35988ee243bd08f8016337cf34ea6a27b6824eec5e8c13270,12604075459449117836930241166822853990613115720004245663575342789302618633222
2026-04-27T00:20:00.462703+00:00,2026-04-27T00:29:08.070999+00:00,momentum,"Ethereum Up or Down - April 26, 8:20PM-8:25PM ET",DOWN,Down,2.0,0.515,,WIN,YES,1.883495145631068,Down,0x16b8d8025ebfdff90b86b681acd5d65c23a6c6b9f27211d9bad274aa9b76da82,80378324788714962227079120290373466445173519418327002795247047526050128434233
2026-04-27T00:20:01.610087+00:00,2026-04-27T00:29:08.105793+00:00,momentum,"Bitcoin Up or Down - April 26, 8:20PM-8:25PM ET",UP,Up,2.0,0.52,,LOSS,NO,-2.0,Down,0xd56bd29e7090a772e9510535d2b7b43881cf9df35028ad2110e308d17a7faa22,7505819636451420352899886242770157527519347161103690153752438399276056708634
2026-04-27T00:20:09.700488+00:00,2026-04-27T00:29:08.252616+00:00,momentum,"XRP Up or Down - April 26, 8:20PM-8:25PM ET",UP,Up,2.0,0.59,,LOSS,NO,-2.0,Down,0x83cd859e2c948adef6ac1ede7f93648059766ea1bbebb2dd85f7de073765d9bd,32765431995882398386285417199261257600672955734439330327899122055154174237681
2026-04-27T00:20:09.666280+00:00,2026-04-27T00:30:08.408565+00:00,momentum,"Solana Up or Down - April 26, 8:20PM-8:25PM ET",UP,Up,2.0,0.57,,LOSS,NO,-2.0,Down,0x610af039d9a1436c26975c7c1f2fcf530e28aa80e3953c60a80a5eaaa8d8bf2f,6535021311472571739060566699343587586425699110811105386275720001765797658826
2026-04-27T00:25:02.228405+00:00,2026-04-27T00:35:09.295876+00:00,momentum,"Bitcoin Up or Down - April 26, 8:25PM-8:30PM ET",UP,Up,4.0,0.52,,LOSS,NO,-4.0,Down,0xcdeaded3780e547fdee34301bf1e1503bcfbc21d9c906e002c1c3f0b9d908851,15543464958276311137808668827079356675634207278941874160204869698421590263612
2026-04-27T00:25:02.286763+00:00,2026-04-27T00:35:09.343264+00:00,momentum,"XRP Up or Down - April 26, 8:25PM-8:30PM ET",UP,Up,4.0,0.51,,LOSS,NO,-4.0,Down,0x96cdad59695cd765927062f46c7b518460202158209783325ff480a7a89764d5,63419186522339477134743565957372747285098346704628043828629318541731548778188
2026-04-27T00:25:02.163053+00:00,2026-04-27T00:36:09.250390+00:00,momentum,"Solana Up or Down - April 26, 8:25PM-8:30PM ET",UP,Up,4.0,0.51,,LOSS,NO,-4.0,Down,0xaf555ce9788b584cdab9df8445f8c9a9dc3ab41627f25efd896de531d3cff870,31072319040818996079555821300143989267890762433577259755300984717023776897484
2026-04-27T00:25:02.072938+00:00,2026-04-27T00:37:09.909844+00:00,momentum,"Ethereum Up or Down - April 26, 8:25PM-8:30PM ET",UP,Up,2.0,0.52,,LOSS,NO,-2.0,Down,0x8c8d481c78227a6d42a114c2e1777c518272e557d7109e65f23357ef724b4f3b,99846326202007741873818900950363511736680071506337299419402653175056635222184
2026-04-27T00:30:01.410214+00:00,2026-04-27T00:39:11.486144+00:00,momentum,"Ethereum Up or Down - April 26, 8:30PM-8:35PM ET",UP,Up,2.0,0.53,,WIN,YES,1.773584905660377,Up,0xf6b707e90f4a73c2b5cc1347d03ca55e0ae23a783c7745aef7055779799781cf,43634226628806233718028084524984095692169897183445201673728504226361952367412
2026-04-27T00:30:01.447451+00:00,2026-04-27T00:39:11.521675+00:00,momentum,"Solana Up or Down - April 26, 8:30PM-8:35PM ET",UP,Up,4.0,0.52,,LOSS,NO,-4.0,Down,0xde9f34167299c1ba1bac57a3552b8d7b71dc23ef71a21a3eeb9084801da2c209,25574929894158192971822302843460827601885632372117180608486611322557327069243
2026-04-27T00:30:08.325875+00:00,2026-04-27T00:39:11.669965+00:00,momentum,"Bitcoin Up or Down - April 26, 8:30PM-8:35PM ET",DOWN,Down,4.0,0.54,,LOSS,NO,-4.0,Up,0x6d7dcb85e99a0a8870315cf7950ebfc8d72614954169b55c0a28beb61d872c3d,99373998772703203981387283560883425530137700710700027860794895149421963066329
2026-04-27T00:30:01.480926+00:00,2026-04-27T00:40:11.658999+00:00,momentum,"XRP Up or Down - April 26, 8:30PM-8:35PM ET",UP,Up,8.0,0.51,,LOSS,NO,-8.0,Down,0x6daf68dcdbe9b2ecc4177d71e00bd9772d9db00a3a6b3e735ac69ff57dabe7b6,98373982426781446709302797166432244258152032253729031772710546211991000820109
2026-04-27T00:35:02.146819+00:00,2026-04-27T00:44:13.317584+00:00,momentum,"Ethereum Up or Down - April 26, 8:35PM-8:40PM ET",DOWN,Down,2.0,0.56,,LOSS,NO,-2.0,Up,0xff5354758a391c93abedf4773a9e3f12ec50b12d94d7f53ffe947c07f20f7cf4,114014325823331357336001108339784643157813521803909750879449240970685316258911
2026-04-27T00:35:02.098369+00:00,2026-04-27T00:45:14.398808+00:00,momentum,"Solana Up or Down - April 26, 8:35PM-8:40PM ET",UP,Up,8.0,0.51,,WIN,YES,7.686274509803921,Up,0xd972483d8a6e0b93fd5a6c648832f3eb466e3e095bdbb3d986269a1f3277c3bb,102698048442473975163327895135658953877504614880199017307174544914317063602744
2026-04-27T00:35:02.189672+00:00,2026-04-27T00:45:14.590928+00:00,momentum,"XRP Up or Down - April 26, 8:35PM-8:40PM ET",UP,Up,16.0,0.51,,WIN,YES,15.372549019607842,Up,0xdf54180a43c68c88c3b2d5f55f21cbfe94bd1799ccd10ecbf2ff70319402f7a9,99425774990529877428389233181102171904458199147037587928910507486367901549680
2026-04-27T00:35:00.926580+00:00,2026-04-27T00:46:14.502312+00:00,momentum,"Bitcoin Up or Down - April 26, 8:35PM-8:40PM ET",UP,Up,8.0,0.515,,WIN,YES,7.533980582524272,Up,0xc3eeca29b10f1a2fd25a49a97dd46be317a93dec116d0a559fd463b4d053396d,93566178312629460823049480191495756947193132841377126042378411772549464920624
2026-04-27T00:40:00.077161+00:00,2026-04-27T00:51:17.544207+00:00,momentum,"XRP Up or Down - April 26, 8:40PM-8:45PM ET",UP,Up,2.0,0.515,,WIN,YES,1.883495145631068,Up,0xed35b8a9e9966ae76fdc3ab4987040f52744b6d39896fed9c170b661b9409314,40456723549958050250648071460388661708742639390482580764024622686642646499899
2026-04-27T00:40:01.189822+00:00,2026-04-27T00:51:17.576057+00:00,momentum,"Bitcoin Up or Down - April 26, 8:40PM-8:45PM ET",DOWN,Down,2.0,0.52,,LOSS,NO,-2.0,Up,0x62646a3620ac873f9934911817717a70f7bb897589cf3e9e59234ba4028a690c,36402458505027206006181137977199823392170863646374063441335316764819107166170
2026-04-27T00:40:01.231915+00:00,2026-04-27T00:51:17.699464+00:00,momentum,"Solana Up or Down - April 26, 8:40PM-8:45PM ET",UP,Up,2.0,0.51,,WIN,YES,1.9215686274509802,Up,0xe01af3f012b0e3451e94b74122e1c05320d7da8fce5af9d67b0bcad9362476b4,91324324175213482065955119065612319131067478972157678518528176353611057359842
2026-04-27T00:40:04.357348+00:00,2026-04-27T00:51:17.829215+00:00,momentum,"Ethereum Up or Down - April 26, 8:40PM-8:45PM ET",UP,Up,4.0,0.58,,WIN,YES,2.8965517241379315,Up,0x6bfc2b2a529651b0cb7a684040d2ff99189e2954ce19a61bf214d687fd7c9a93,11543244038546401319643707218314524388814075234814553798274208049649784932289
2026-04-27T00:45:03.227801+00:00,2026-04-27T00:54:19.814760+00:00,momentum,"Bitcoin Up or Down - April 26, 8:45PM-8:50PM ET",UP,Up,2.0,0.53,,WIN,YES,1.773584905660377,Up,0x488d53d5c51df89673f4da7eed03eab937b322ce1c12661f9a57aa211fc460b1,1418762359442452924309032729015018227181435881141722385336665725024606160607
2026-04-27T00:45:03.271706+00:00,2026-04-27T00:54:19.853518+00:00,momentum,"XRP Up or Down - April 26, 8:45PM-8:50PM ET",DOWN,Down,2.0,0.52,,LOSS,NO,-2.0,Up,0xd62016386a2a517f382b27d77064ec063eb20be8ee14d9adcc30d87be51b009c,94650183165507226674989433111273634016898120921425927639896599445318705652988
2026-04-27T00:45:03.350415+00:00,2026-04-27T00:54:20.087247+00:00,momentum,"Solana Up or Down - April 26, 8:45PM-8:50PM ET",UP,Up,2.0,0.51,,WIN,YES,1.9215686274509802,Up,0xf4317df559f9eaa75e5d87834ec02cf04a2a7e8a31646f4eafb6745af0a145cb,86344327083286426524702781174364442632933548623189086212226651852711811889329
2026-04-27T00:45:03.310728+00:00,2026-04-27T00:55:20.508179+00:00,momentum,"Ethereum Up or Down - April 26, 8:45PM-8:50PM ET",DOWN,Down,2.0,0.53,,LOSS,NO,-2.0,Up,0x0340f30054eb9128a5508f5c21745a5f239fec988ef9c7e7986866d435c80eac,83538763289287873244569422137668069087598474002073680710746219355025407275040
2026-04-27T00:50:05.103512+00:00,2026-04-27T00:59:23.613516+00:00,momentum,"Ethereum Up or Down - April 26, 8:50PM-8:55PM ET",DOWN,Down,4.0,0.54,,LOSS,NO,-4.0,Up,0x0dffea3ec5cfdd07bb0868e629a5ecf15a094aedd6ca9aca27902aa029ce3a19,65104039237756322518138107956693798416372482436590033946489969434597372687248
2026-04-27T00:50:01.923137+00:00,2026-04-27T01:00:23.607311+00:00,momentum,"XRP Up or Down - April 26, 8:50PM-8:55PM ET",DOWN,Down,4.0,0.51,,LOSS,NO,-4.0,Up,0x3165d2dbdee21b9155745fd9cfcd39f7a3e56516af0552887f5de01a154bde0e,60992717110208460294979066162307339346997572895130480364152427777314226852633
2026-04-27T00:50:01.957635+00:00,2026-04-27T01:00:23.779763+00:00,momentum,"Solana Up or Down - April 26, 8:50PM-8:55PM ET",UP,Up,2.0,0.54,,WIN,YES,1.7037037037037033,Up,0x689bb1c67d87fa7c3d59b7ac4744e5f51ce17d458bf88777f6d30368fc1eee65,82371514886491584148458708768910734244939323628295230867726854206096416336112
2026-04-27T00:50:05.065621+00:00,2026-04-27T01:00:23.815196+00:00,momentum,"Bitcoin Up or Down - April 26, 8:50PM-8:55PM ET",DOWN,Down,2.0,0.54,,LOSS,NO,-2.0,Up,0xa828d25ea6aa34b260f0e4113c767470408337b2b5ff3da4187973897e8de7a1,77657210055560241679539367656762618769459152567293267251251756735547304849832
2026-04-27T00:55:02.975610+00:00,2026-04-27T01:05:25.453972+00:00,momentum,"Ethereum Up or Down - April 26, 8:55PM-9:00PM ET",DOWN,Down,8.0,0.52,,LOSS,NO,-8.0,Up,0x1a0607684c0cc039b7eddae80706807decdb8b86eed8c76b2157d38c618f5e94,34782744005337732833549684616286501499649876525275068073439387338818675002375
2026-04-27T00:55:06.075041+00:00,2026-04-27T01:05:25.646216+00:00,momentum,"Bitcoin Up or Down - April 26, 8:55PM-9:00PM ET",UP,Up,4.0,0.53,,WIN,YES,3.547169811320754,Up,0xdbfff9ca4d8cf066eb762bc4f43d603e3255b685b665d9820bdcc5623b50eca6,49056099478228541350267770756899904897161534165799217109058150710715247688131
2026-04-27T00:55:09.167122+00:00,2026-04-27T01:05:25.774712+00:00,momentum,"Solana Up or Down - April 26, 8:55PM-9:00PM ET",UP,Up,2.0,0.58,,WIN,YES,1.4482758620689657,Up,0x84afd56c90e3d157b63948dd109750968585adaef322409d7decabb344a5819b,36889787184377221357423299872609795001303009475001331114844002114051764266464
2026-04-27T00:55:02.934717+00:00,2026-04-27T01:06:25.954896+00:00,momentum,"XRP Up or Down - April 26, 8:55PM-9:00PM ET",DOWN,Down,8.0,0.51,,LOSS,NO,-8.0,Up,0xd18c35aa8d74885704ee48d6288b59b35470a6aecda470f678e2c68c7c5c4ba1,62246072506337734559930456162261393677510330281292696911025296781646179194450
2026-04-27T01:00:05.462336+00:00,2026-04-27T01:08:27.680980+00:00,momentum,"Bitcoin Up or Down - April 26, 9:00PM-9:05PM ET",UP,Up,2.0,0.65,,WIN,YES,1.0769230769230766,Up,0xf55836d42683b68b4ce4679548c545206ef93b54a9a4faab0530f61565569ce8,3870904814341012115652736277931323057412592669343076177967544077445750431121
2026-04-27T01:00:01.627643+00:00,2026-04-27T01:09:28.077784+00:00,momentum,"Ethereum Up or Down - April 26, 9:00PM-9:05PM ET",DOWN,Down,16.0,0.56,,LOSS,NO,-16.0,Up,0xeb423886553fb04e8b096d5cd5b4e138e1be42bd128149abab95da09ea543e67,41229163179304174008025295977727560972258607567378483545120355791198574848606
2026-04-27T01:00:01.720649+00:00,2026-04-27T01:09:28.385721+00:00,momentum,"XRP Up or Down - April 26, 9:00PM-9:05PM ET",DOWN,Down,8.0,0.53,,LOSS,NO,-8.0,Up,0x8104c530bae3158dc2feecde2fae2352d09c50df27c9ca73ec1ff810585e99ec,17207116300918890574180748818352012994408761490616992863389278174271699210449
2026-04-27T01:00:01.677862+00:00,2026-04-27T01:10:28.236510+00:00,momentum,"Solana Up or Down - April 26, 9:00PM-9:05PM ET",DOWN,Down,2.0,0.52,,LOSS,NO,-2.0,Up,0x8f8354667c456e9f8858fecb7f925832bc6aca729df484227bd0bd9b1c11ba1f,14214679756061661306337218292477736506057091784995905199422649535239540211508
2026-04-27T01:05:00.179603+00:00,2026-04-27T01:15:30.672999+00:00,momentum,"Solana Up or Down - April 26, 9:05PM-9:10PM ET",DOWN,Down,4.0,0.515,,WIN,YES,3.766990291262136,Down,0x2f5af8b172a325fa4a47232587688052e2bb31ebf02ef1385dd126496749164f,4949477920868769548051649073102058746400353595547663037028482711942444231078
2026-04-27T01:05:01.330662+00:00,2026-04-27T01:15:30.819120+00:00,momentum,"Bitcoin Up or Down - April 26, 9:05PM-9:10PM ET",DOWN,Down,2.0,0.52,,WIN,YES,1.8461538461538458,Down,0xcdde3d92bac95dfc6f2e17cbff3cc8e12ee278404f6e94f542f6fe6181aa0781,75338652078132338709027067381555569709517400404631692538383667906443714102207
2026-04-27T01:05:01.385926+00:00,2026-04-27T01:15:30.991751+00:00,momentum,"Ethereum Up or Down - April 26, 9:05PM-9:10PM ET",DOWN,Down,32.0,0.54,,WIN,YES,27.259259259259252,Down,0x234490a0eb942e18482975340ac261f42657ca73ed8963854e28f016b387b790,7654080621143720125637250365628896735783652865680040858463576238325471478040
2026-04-27T01:05:01.423816+00:00,2026-04-27T01:16:30.933951+00:00,momentum,"XRP Up or Down - April 26, 9:05PM-9:10PM ET",DOWN,Down,4.0,0.52,,WIN,YES,3.6923076923076916,Down,0x9e22d60759a1a3896b3531fc9b38c6680bb8e5bd29096d92a7f670f29932af3f,42618293883036505422720752770415230522648860966902548886726033905046019534240
2026-04-27T01:10:01.954630+00:00,2026-04-27T01:21:34.185628+00:00,momentum,"Ethereum Up or Down - April 26, 9:10PM-9:15PM ET",DOWN,Down,2.0,0.51,,LOSS,NO,-2.0,Up,0x5328a08d40bf72a3237a46100de0b375e020cd866ce3997bd728cdcf6f1fc182,102590461748455906023362864347138643080284863518556947081906680450634331724570
2026-04-27T01:10:02.001958+00:00,2026-04-27T01:21:34.220572+00:00,momentum,"Solana Up or Down - April 26, 9:10PM-9:15PM ET",DOWN,Down,2.0,0.52,,LOSS,NO,-2.0,Up,0xb3a4c90307bcd566088fc1def8c0f0eefb0bc9832379f33fc080a629c486380c,19694414218086068899034801139845061571720454715425498956232942387191875764745
2026-04-27T01:10:02.045970+00:00,2026-04-27T01:21:34.260166+00:00,momentum,"XRP Up or Down - April 26, 9:10PM-9:15PM ET",DOWN,Down,2.0,0.51,,LOSS,NO,-2.0,Up,0xd425c08d27999015c4a52cfa186699b46355f5da2f09a4b75e603df3c63b93b5,49177569115366220614162812353032298401042107204110435917701897895207900840131
2026-04-27T01:10:05.262768+00:00,2026-04-27T01:21:34.392975+00:00,momentum,"Bitcoin Up or Down - April 26, 9:10PM-9:15PM ET",DOWN,Down,2.0,0.52,,WIN,YES,1.8461538461538458,Down,0x899e23dbea47db8fd6613d3b0b05a9202f7a4671cfa8dbd26f9485647767ee9f,58620359165019498581686825559952960232863094095637351508415908600198741779835
2026-04-27T01:15:00.993613+00:00,2026-04-27T01:23:34.935186+00:00,momentum,"Solana Up or Down - April 26, 9:15PM-9:20PM ET",DOWN,Down,4.0,0.515,,WIN,YES,3.766990291262136,Down,0xf4b7ca0fd87c019941aa2f3b4cd6a51fa6987ad75e590d146c154ced685003e2,41238815074852964464046682295793027175997353001160318626130519432308977943788
2026-04-27T01:15:03.642745+00:00,2026-04-27T01:23:35.048995+00:00,momentum,"Bitcoin Up or Down - April 26, 9:15PM-9:20PM ET",DOWN,Down,2.0,0.55,,WIN,YES,1.6363636363636362,Down,0xd7cf4d4c586e191910b0aeb01aaf20320493b24920168cb296b2efc27d28244f,17353175782086216682740990399263271200897238804553178451850793729715870327318
2026-04-27T01:15:03.737183+00:00,2026-04-27T01:23:35.288678+00:00,momentum,"XRP Up or Down - April 26, 9:15PM-9:20PM ET",DOWN,Down,2.0,0.54,,WIN,YES,1.7037037037037033,Down,0xd62ce294a3a246deab7ce2c58b4bc84f1c35fd00150ff77c1ce0c47d3756bcaf,15007972025344963246348111880784240112223675841394716944378209410753273361597
2026-04-27T01:15:03.691511+00:00,2026-04-27T01:24:35.637768+00:00,momentum,"Ethereum Up or Down - April 26, 9:15PM-9:20PM ET",DOWN,Down,4.0,0.53,,WIN,YES,3.547169811320754,Down,0xfbc60918024034233902f54625f0c7dd52b9deede80c93f4ffc5b75391e1aa3e,10913799958325571512067528254858425916584349260447715448532796069035133665449
2026-04-27T01:20:00.310306+00:00,2026-04-27T01:29:39.794643+00:00,momentum,"Solana Up or Down - April 26, 9:20PM-9:25PM ET",DOWN,Down,2.0,0.51,,LOSS,NO,-2.0,Up,0xed37dd462ec9fab105a8e6f432bcc15774b6867a8e7679dd9e1e5161821a1e01,52116753451421485368306688242284154416337109002225255716264727698902554388639
2026-04-27T01:20:00.182045+00:00,2026-04-27T01:30:40.395580+00:00,momentum,"Bitcoin Up or Down - April 26, 9:20PM-9:25PM ET",UP,Up,2.0,0.53,,WIN,YES,1.773584905660377,Up,0x61cd3b1ecc30dc653de54ff86da9d9a4d6b4eda4aee36d909144606919777062,30074206425058313268412094326440281398771161530971787158891607077941173225178
2026-04-27T01:20:00.223932+00:00,2026-04-27T01:30:40.426809+00:00,momentum,"Ethereum Up or Down - April 26, 9:20PM-9:25PM ET",UP,Up,2.0,0.51,,LOSS,NO,-2.0,Down,0x283391cf986a10a40ec5e64573c5a0e4d0036376fb0a1c00b3d26389500a49bd,70683119034576656300548112538888921641999504809373597285219144408703712062750
2026-04-27T01:20:00.267986+00:00,2026-04-27T01:30:40.457964+00:00,momentum,"XRP Up or Down - April 26, 9:20PM-9:25PM ET",DOWN,Down,2.0,0.53,,LOSS,NO,-2.0,Up,0x5dc91b8ea627818282f94798bbbd3ce091a95759b4fb884c398c98f92230a4f9,112768715371076474167930878206947373791336733794894434429459363181853112158329
2026-04-27T01:25:04.060948+00:00,2026-04-27T01:35:43.292745+00:00,momentum,"Solana Up or Down - April 26, 9:25PM-9:30PM ET",DOWN,Down,4.0,0.53,,WIN,YES,3.547169811320754,Down,0x272e90960e2c49db431ce6bb1bfb380a63f773a563e53ea99aa311bc798850c3,30788864448406616159779511082301955219514505154398565864616640756028919700840
2026-04-27T01:25:04.098747+00:00,2026-04-27T01:35:43.463539+00:00,momentum,"XRP Up or Down - April 26, 9:25PM-9:30PM ET",DOWN,Down,4.0,0.53,,WIN,YES,3.547169811320754,Down,0x3adc001e3371cf0bd0e1007008192ef07d65830bb1b13f087b9f19566a426cd9,102022771642766661747252210772505736780824780490477826569175563232236487565307
2026-04-27T01:25:00.858061+00:00,2026-04-27T01:36:43.428450+00:00,momentum,"Bitcoin Up or Down - April 26, 9:25PM-9:30PM ET",UP,Up,2.0,0.51,,LOSS,NO,-2.0,Down,0xa14cb67d2e2b35318959640fcaeb250f64c9a5a56cc1607035eb3ace84bc08c7,23577453341331501149842831566796977634385193778598343749429262009274978918019
2026-04-27T01:25:00.906394+00:00,2026-04-27T01:36:43.588223+00:00,momentum,"Ethereum Up or Down - April 26, 9:25PM-9:30PM ET",DOWN,Down,2.0,0.52,,WIN,YES,1.8461538461538458,Down,0xaf7f38f4b25da5bbb4b9f5e19a27220a00f35719e6aca253605744017af8fb3a,75882104787957745704206311483268419666311213868454207593452123829141903058216
2026-04-27T01:30:06.477624+00:00,2026-04-27T01:38:44.460628+00:00,momentum,"Solana Up or Down - April 26, 9:30PM-9:35PM ET",DOWN,Down,2.0,0.54,,WIN,YES,1.7037037037037033,Down,0xfae0e13cd039931ec42f87e8e831ed24cca1cb9daded2a617eb39beb9800ffb3,88482547656656787818072482476495234875983110401043618505342447924901847286086
2026-04-27T01:30:06.428612+00:00,2026-04-27T01:39:45.119112+00:00,momentum,"Bitcoin Up or Down - April 26, 9:30PM-9:35PM ET",DOWN,Down,4.0,0.53,,WIN,YES,3.547169811320754,Down,0xa491b9f7ac6aaf2da7f18501de10ba825eb0df60727fc563899de3e27eaac7e4,21513529578031949526663301336100176198270709768551441454855541395376352113289
2026-04-27T01:30:06.528662+00:00,2026-04-27T01:39:45.249982+00:00,momentum,"Ethereum Up or Down - April 26, 9:30PM-9:35PM ET",DOWN,Down,2.0,0.54,,WIN,YES,1.7037037037037033,Down,0x3b44a9fea6e4cd91cc9d35981e8a20a9ddb004797355b6fe09d6e1e2a8e54eea,105021540247208813433346000054685498718854677720167539992344892760269591683920
2026-04-27T01:30:19.096887+00:00,2026-04-27T01:39:45.374485+00:00,momentum,"XRP Up or Down - April 26, 9:30PM-9:35PM ET",UP,Up,2.0,0.54,,WIN,YES,1.7037037037037033,Up,0x3d38a57c246d46624fdfdd481d9fd3268151e77e838500d412e6b97a32469b5a,69160398408194520839470236796236820815926032874729473438063952355528423806834
2026-04-27T01:35:01.713495+00:00,2026-04-27T01:44:48.249396+00:00,momentum,"Bitcoin Up or Down - April 26, 9:35PM-9:40PM ET",UP,Up,2.0,0.55,,WIN,YES,1.6363636363636362,Up,0x561e18b16c0aeb64225e03ce90394d07bc57f8693aaea9cc4061531b25ed25b4,55321369336599815066047321904954470108907066830788852242676184241546544630224
2026-04-27T01:35:08.134638+00:00,2026-04-27T01:44:48.396764+00:00,momentum,"XRP Up or Down - April 26, 9:35PM-9:40PM ET",UP,Up,2.0,0.52,,WIN,YES,1.8461538461538458,Up,0xd2191fbf959986bd9074dcfa209823e198ad27af1c0f74e2e033f11265eca635,99061578208533187320558477436181415266262361147816079055414926501813315902134
2026-04-27T01:35:11.264968+00:00,2026-04-27T01:44:48.599786+00:00,momentum,"Solana Up or Down - April 26, 9:35PM-9:40PM ET",UP,Up,2.0,0.51,,WIN,YES,1.9215686274509802,Up,0x778846381fc6a35ac13948b770bc12df839c36a5fa587c62e024000053991380,41715362077207814577680038794769115940093581804367140153639177239092953636747
2026-04-27T01:35:01.650725+00:00,2026-04-27T01:45:49.118202+00:00,momentum,"Ethereum Up or Down - April 26, 9:35PM-9:40PM ET",UP,Up,2.0,0.51,,WIN,YES,1.9215686274509802,Up,0x2163ba63d910c6e5cd8a56b76c9b34f13832848cb0ef91e466bfb5cc0043ec45,101657994878575678174999831201721736812557844114136105153453764275819580128604
2026-04-27T01:40:01.318291+00:00,2026-04-27T01:50:51.830029+00:00,momentum,"Solana Up or Down - April 26, 9:40PM-9:45PM ET",DOWN,Down,2.0,0.53,,WIN,YES,1.773584905660377,Down,0xa1ff379f57b5acafe21d35e8defc825787a07ebfbb1e4ad5a5b62912a6fe36bf,5135967546094881391400015153600006868457905334689238004618165632511159420558
2026-04-27T01:40:01.362982+00:00,2026-04-27T01:51:51.895452+00:00,momentum,"Bitcoin Up or Down - April 26, 9:40PM-9:45PM ET",DOWN,Down,2.0,0.53,,WIN,YES,1.773584905660377,Down,0x553054cf0bff931b1ce72ad13e34fdf1a5c09cc607019b0690c0a1e5f4a3c949,48912778548060482403477871214264103758534472683612243766191903926475921144090
2026-04-27T01:40:01.442980+00:00,2026-04-27T01:51:52.144390+00:00,momentum,"Ethereum Up or Down - April 26, 9:40PM-9:45PM ET",DOWN,Down,2.0,0.54,,WIN,YES,1.7037037037037033,Down,0xfd028249f065349c145f7d964d5bb9afb0cff3fead9f4085eb29feb61ed54c07,41879402425999175178126880814769254007413000582196095499662416510063412020238
2026-04-27T01:40:01.401463+00:00,2026-04-27T01:52:52.434548+00:00,momentum,"XRP Up or Down - April 26, 9:40PM-9:45PM ET",UP,Up,2.0,0.56,,LOSS,NO,-2.0,Down,0x153a5d92e84e61082e37424c82dd542f638cfdb852975736f02203ec4b9a232f,80852844602403885303277724843161805583683399345258461855423431679081398587565
2026-04-27T01:45:02.443714+00:00,2026-04-27T01:56:54.788336+00:00,momentum,"Bitcoin Up or Down - April 26, 9:45PM-9:50PM ET",UP,Up,2.0,0.52,,WIN,YES,1.8461538461538458,Up,0xf8ae2f2aece546eb794d813bbdd7e7dbf0be22ebb6b926a2b407d224c86ed66d,6938224068164836832569407516727708349242634631450656022078738600964859786247
2026-04-27T01:45:02.605672+00:00,2026-04-27T01:56:55.075699+00:00,momentum,"Solana Up or Down - April 26, 9:45PM-9:50PM ET",DOWN,Down,2.0,0.57,,LOSS,NO,-2.0,Up,0xf899a525cb9c1d97ff5dae4572023e4cb8200303b19ea91149061daea925a5b2,1293705924773152610879436211225466324566690414129926886403310945165438082478
2026-04-27T01:45:02.493904+00:00,2026-04-27T01:57:55.482408+00:00,momentum,"XRP Up or Down - April 26, 9:45PM-9:50PM ET",DOWN,Down,4.0,0.51,,LOSS,NO,-4.0,Up,0xfe4135d18c0f7d85decb74b73f7e2d462eba7cfda76e2caa41462eed10a863cc,41746964189245624216351550849887634261752869413475901000663666365090201318671
2026-04-27T01:45:02.556489+00:00,2026-04-27T01:57:55.524105+00:00,momentum,"Ethereum Up or Down - April 26, 9:45PM-9:50PM ET",DOWN,Down,2.0,0.52,,LOSS,NO,-2.0,Up,0xd3dcc13cd2ea09b244b235ddd7ca0e6adba865376cea7e68794b02c2b451b5a8,51629773709964698927233590639068854544972156369245772834823080687749374738171
2026-04-27T01:50:00.929695+00:00,2026-04-27T01:59:57.039511+00:00,momentum,"Bitcoin Up or Down - April 26, 9:50PM-9:55PM ET",DOWN,Down,2.0,0.51,,WIN,YES,1.9215686274509802,Down,0xbd91c81a433e989858bf72e85e186ccd040108b8f6f23ef1e626942ed5881853,37988319817595582365869468161810855806347862141977377936429731496750568962375
2026-04-27T01:50:01.153939+00:00,2026-04-27T01:59:57.435428+00:00,momentum,"Solana Up or Down - April 26, 9:50PM-9:55PM ET",DOWN,Down,4.0,0.52,,WIN,YES,3.6923076923076916,Down,0x8ff1ad984073f499240e3a953666c4d148f93febd789b0da39aa9ff82db4c566,82057072519892386284022742390138383715375843548429607558217897340665123295082
2026-04-27T01:50:00.965691+00:00,2026-04-27T02:00:57.663572+00:00,momentum,"Ethereum Up or Down - April 26, 9:50PM-9:55PM ET",DOWN,Down,4.0,0.57,,WIN,YES,3.0175438596491233,Down,0xa5eda7e2711761b5a208dd7c3d88c22f514e3be654c146d68cb417bb892d241c,34236365496475830255447092522162516748182657589756509479408796029263222527605
2026-04-27T01:50:01.056175+00:00,2026-04-27T02:00:57.829442+00:00,momentum,"XRP Up or Down - April 26, 9:50PM-9:55PM ET",DOWN,Down,4.0,0.53,,WIN,YES,3.547169811320754,Down,0x4916f560ed0cb19604806b1d1dfd08a06828d32a0b593779c49de934ec065524,87496209823158160297320400209745122484333819422926527389667695218765276820721
2026-04-27T01:55:00.854613+00:00,2026-04-27T02:05:59.436746+00:00,momentum,"XRP Up or Down - April 26, 9:55PM-10:00PM ET",DOWN,Down,2.0,0.51,,LOSS,NO,-2.0,Up,0x3d8589b37ff621e4febc755b5d68c777e006d8c0be6da18e698232add54c936d,26424576481569905660911756585674767055602462294978431670339589083847950370462
2026-04-27T01:55:00.899307+00:00,2026-04-27T02:05:59.620845+00:00,momentum,"Bitcoin Up or Down - April 26, 9:55PM-10:00PM ET",UP,Up,2.0,0.52,,WIN,YES,1.8461538461538458,Up,0x44ff3f0559805d6617a75563d4ee51b8ac014d859b6acd159509b17d9d3ad755,111168031380783993715649631833155933021202265484841636977857284545628081034387
2026-04-27T01:55:00.935952+00:00,2026-04-27T02:07:00.919810+00:00,momentum,"Ethereum Up or Down - April 26, 9:55PM-10:00PM ET",DOWN,Down,2.0,0.52,,LOSS,NO,-2.0,Up,0x38cf3b6b88c6c8cd165c0fd05e99b0b28a0e2fd84ab1f5c6288fe698d3a91159,14233984644016254540160910913311588175481071315999526041407628439079357722322
2026-04-27T01:55:00.976772+00:00,2026-04-27T02:07:00.956128+00:00,momentum,"Solana Up or Down - April 26, 9:55PM-10:00PM ET",DOWN,Down,2.0,0.57,,LOSS,NO,-2.0,Up,0x75624e8b62822ac1735def7b02c6e58c184142313b1d9dfdf4443ead41fc27fe,23619565408747247351451480730815558902446633262798933004345606178543817331027
2026-04-27T02:00:01.039572+00:00,2026-04-27T02:09:02.332218+00:00,momentum,"Bitcoin Up or Down - April 26, 10:00PM-10:05PM ET",UP,Up,2.0,0.515,,LOSS,NO,-2.0,Down,0xd1e33c5a575d568967a1b2500e6c8809c4f8ab926af899cf3f116c0b515828e0,30196176971305500155822319980869615095971540188626232358853944623385334228772
2026-04-27T02:00:01.163709+00:00,2026-04-27T02:09:02.772114+00:00,momentum,"XRP Up or Down - April 26, 10:00PM-10:05PM ET",UP,Up,2.0,0.515,,LOSS,NO,-2.0,Down,0x4665e1055df154177f81de18db3abd5d99e9fd5492c53c55536f523d89634101,93873484762695000757650395793267136624666770525852229047281572483844807065020
2026-04-27T02:00:01.103799+00:00,2026-04-27T02:10:02.659397+00:00,momentum,"Ethereum Up or Down - April 26, 10:00PM-10:05PM ET",DOWN,Down,4.0,0.515,,WIN,YES,3.766990291262136,Down,0x69eba49074e9b694399bec30ae80df04bb0616978d40dad52b231e8b8d08526f,64841342736311179054738073211211414552843070665545441843369135570491806406738
2026-04-27T02:00:01.216685+00:00,2026-04-27T02:10:02.892973+00:00,momentum,"Solana Up or Down - April 26, 10:00PM-10:05PM ET",DOWN,Down,2.0,0.515,,WIN,YES,1.883495145631068,Down,0xafe9ec7e4e5a2405077696208998bb680e6c68985d6620e44fd13c10ac2c3b1b,53728989500928960061306725797639651203391911419573327202676550192233277419498
2026-04-27T02:05:00.598129+00:00,2026-04-27T02:15:04.940858+00:00,momentum,"Solana Up or Down - April 26, 10:05PM-10:10PM ET",DOWN,Down,2.0,0.515,,WIN,YES,1.883495145631068,Down,0xda588a5b240f0f99356942f8a47b4a6fb9aeb02be9916556853639999f62c81c,66442827206697606020562254448419810857695391008754155944350991357725656936903
2026-04-27T02:05:00.680335+00:00,2026-04-27T02:15:05.311395+00:00,momentum,"Ethereum Up or Down - April 26, 10:05PM-10:10PM ET",DOWN,Down,2.0,0.515,,WIN,YES,1.883495145631068,Down,0x31b64df5c6019b7f8724e035c5c250918be47fd89b4137d30f5573cca879c71f,115659878391637884537725993826254486341701532088628117369381512191572016947557
2026-04-27T02:05:01.837156+00:00,2026-04-27T02:15:05.510717+00:00,momentum,"Bitcoin Up or Down - April 26, 10:05PM-10:10PM ET",DOWN,Down,4.0,0.51,,WIN,YES,3.8431372549019605,Down,0x86fbb32f85ec95113118d69abd967b753821b0bf09e3bd010c9eeb4ccf2d3f11,82124125665345855776784681550637887323422723752109051491208796923670627441721
2026-04-27T02:05:00.637031+00:00,2026-04-27T02:16:05.361928+00:00,momentum,"XRP Up or Down - April 26, 10:05PM-10:10PM ET",UP,Up,4.0,0.515,,LOSS,NO,-4.0,Down,0xbcd7b6f3b2dcf9729ed7eeb7ec84063386c4a3d0e0ae27a0b7ad2c97e04372dc,82992434222597828495777620872093344178316139076206930044789658464572019518145
2026-04-27T02:10:00.307074+00:00,2026-04-27T02:21:08.678173+00:00,momentum,"Ethereum Up or Down - April 26, 10:10PM-10:15PM ET",DOWN,Down,2.0,0.515,,LOSS,NO,-2.0,Up,0x48d60f9125215030dfdfc5928dc67cd74993d4fe5692050c3fd5d8ae023a5236,81812096219542786296510338798234312083139471696520918817955327108449655655075
2026-04-27T02:10:01.443171+00:00,2026-04-27T02:21:08.712736+00:00,momentum,"Bitcoin Up or Down - April 26, 10:10PM-10:15PM ET",DOWN,Down,2.0,0.53,,LOSS,NO,-2.0,Up,0x03127754efb95cf8090ba7caa66606c8c595cdd6395c1e4fadf92b0553a7d99c,16375938267584684237622255504816244511047419352432109399393467492071726407753
2026-04-27T02:10:00.195293+00:00,2026-04-27T02:22:09.245448+00:00,momentum,"XRP Up or Down - April 26, 10:10PM-10:15PM ET",UP,Up,4.0,0.515,,WIN,YES,3.766990291262136,Up,0x7f9ec239b282c2b92a916cc873d48bd0f4de2b9a4f7f2ed14ddb638151a3008b,59310945314491521395049199887925091229913300011530104830330053340680707396029
2026-04-27T02:10:00.245871+00:00,2026-04-27T02:22:09.369417+00:00,momentum,"Solana Up or Down - April 26, 10:10PM-10:15PM ET",DOWN,Down,2.0,0.515,,WIN,YES,1.883495145631068,Down,0x8befb6cc9781607c0f460b64df236b9d0494c3db6840d5c02fde2275a5450d9b,75604294149432185654431250111763626127735120938882484832011436980970176712063
2026-04-27T02:15:00.228781+00:00,2026-04-27T02:24:10.539418+00:00,momentum,"Solana Up or Down - April 26, 10:15PM-10:20PM ET",DOWN,Down,2.0,0.515,,LOSS,NO,-2.0,Up,0x16443678e78a076f8f919282239bb6dd19cc04cc4f25e475ed7fc817041fc1c3,96417162241842394977205656458701808645761179671250563914675664424488705906689
2026-04-27T02:15:02.394779+00:00,2026-04-27T02:24:10.567777+00:00,momentum,"XRP Up or Down - April 26, 10:15PM-10:20PM ET",DOWN,Down,8.0,0.52,,LOSS,NO,-8.0,Up,0xac0b3cfefeb05bf7cb10aa585c790c91fb9a56c995242ffd67bae00367357b56,54363480186930869988888547154992043264854491476407224350747559024025563897123
2026-04-27T02:15:07.246517+00:00,2026-04-27T02:25:10.856466+00:00,momentum,"Bitcoin Up or Down - April 26, 10:15PM-10:20PM ET",DOWN,Down,4.0,0.51,,WIN,YES,3.8431372549019605,Down,0xec1fb3362859d550d48c2eefc4699266ae21f66a7acfba24be8a050995a1f70a,33231145197784030314648921198626964078137874360893615691665790583596260696707
2026-04-27T02:15:16.859323+00:00,2026-04-27T02:25:10.978400+00:00,momentum,"Ethereum Up or Down - April 26, 10:15PM-10:20PM ET",UP,Up,4.0,0.51,,WIN,YES,3.8431372549019605,Up,0x6c7734466390c334b928a92fcb5cdee16ad3c184b91920731faaf16de7ac5f56,655482788572950682288418194079257258964758599439336248498867831830406421177
2026-04-27T02:20:01.136186+00:00,2026-04-27T02:30:13.718688+00:00,momentum,"XRP Up or Down - April 26, 10:20PM-10:25PM ET",UP,Up,16.0,0.515,,LOSS,NO,-16.0,Down,0x974dac2572b7d52541e2ea239f7966afa9d87cea28ef2676db10a39d7df85aa7,76528767790015864412192482915762232430738912350844886120658483110965289036667
2026-04-27T02:20:03.428119+00:00,2026-04-27T02:30:13.755117+00:00,momentum,"Bitcoin Up or Down - April 26, 10:20PM-10:25PM ET",UP,Up,8.0,0.51,,LOSS,NO,-8.0,Down,0x271ecae15b7bb64d2f9715dae8570d2f69c7019d6a0c0ce3bff66ff848fca6cb,21348672618834593802198996985008721715933353252732039187259723922439837680950
2026-04-27T02:20:01.044939+00:00,2026-04-27T02:31:13.618020+00:00,momentum,"Solana Up or Down - April 26, 10:20PM-10:25PM ET",UP,Up,4.0,0.515,,LOSS,NO,-4.0,Down,0x39f60a084dd301d95eddc4f77f9d41dc8555b34d776411da26e33e8481b3a3f6,5284369217158249251831415010519563825363229998360651864755063244559551858720
2026-04-27T02:20:01.088137+00:00,2026-04-27T02:31:13.655142+00:00,momentum,"Ethereum Up or Down - April 26, 10:20PM-10:25PM ET",UP,Up,2.0,0.515,,LOSS,NO,-2.0,Down,0x356e08564dde46bccad5036d2d94cf29ec434376824ac57dfb73a6427854edaf,24647222188350173758610418850300073434959819262573853213254820010685302215706
2026-04-27T02:25:01.099004+00:00,2026-04-27T02:36:15.132274+00:00,momentum,"Solana Up or Down - April 26, 10:25PM-10:30PM ET",UP,Up,8.0,0.52,,WIN,YES,7.384615384615383,Up,0xb7920e6037b0fccce76020c9cc186a7e1235daad5349b4db3e6956d2d3a2884a,39037822498476324747486521769043378962624103899387331362571252808748109637243
2026-04-27T02:25:03.386329+00:00,2026-04-27T02:36:15.283171+00:00,momentum,"XRP Up or Down - April 26, 10:25PM-10:30PM ET",DOWN,Down,32.0,0.51,,LOSS,NO,-32.0,Up,0xb0fc9f165c51bac6b4073a28e006e7773d5b955c2d831a975a4497c1bd8f6f27,72746838359389910541859641389948813560109496814761466246168019805824985717803
2026-04-27T02:25:01.057825+00:00,2026-04-27T02:37:15.047611+00:00,momentum,"Ethereum Up or Down - April 26, 10:25PM-10:30PM ET",DOWN,Down,4.0,0.515,,LOSS,NO,-4.0,Up,0x9474211204573bf13143e1ddb0b1bf87c79814b5dc8d2be57895f47e1594ef49,60931157881920373958047219358731792342583700719149132187287160253343070590023
2026-04-27T02:25:03.346116+00:00,2026-04-27T02:37:15.077788+00:00,momentum,"Bitcoin Up or Down - April 26, 10:25PM-10:30PM ET",DOWN,Down,16.0,0.51,,LOSS,NO,-16.0,Up,0x58610abc51d5f976ca768214229d018e6a7214f6e537889aa751e7e1e20185d3,11803398722202186946665459845305201488739693327830213275349157225402151388994
2026-04-27T02:30:01.154188+00:00,2026-04-27T02:38:15.852045+00:00,momentum,"Solana Up or Down - April 26, 10:30PM-10:35PM ET",UP,Up,2.0,0.52,,WIN,YES,1.8461538461538458,Up,0xa6dab765d0fe57b489b7beb93b8ed2f6e2a219bd27a8ff7f12c8163d54215d27,100269709066967357479940969229677807301138109257727403659493539509783857069638
2026-04-27T02:30:01.197932+00:00,2026-04-27T02:39:16.624632+00:00,momentum,"Ethereum Up or Down - April 26, 10:30PM-10:35PM ET",DOWN,Down,4.0,0.515,,WIN,YES,3.766990291262136,Down,0xc28abcf16c7940769cdecff29ec3262ab9233713f565484214a27a330e78dd05,63273124327397071910647279808084208092328429195358388409737045383866492466490
2026-04-27T02:30:02.306182+00:00,2026-04-27T02:39:16.658498+00:00,momentum,"Bitcoin Up or Down - April 26, 10:30PM-10:35PM ET",UP,Up,32.0,0.57,,LOSS,NO,-32.0,Down,0x8e6fa3c0a17875e74a4b62b8521fa0757326a85e74452b199735e42d78247015,61457461957852575486356917521917459904010599031972961026380068183490112939849
2026-04-27T02:30:02.346964+00:00,2026-04-27T02:39:16.694713+00:00,momentum,"XRP Up or Down - April 26, 10:30PM-10:35PM ET",UP,Up,64.0,0.52,,LOSS,NO,-64.0,Down,0xce176a446ef1be8b82540e8a1411fb44cccc5622106c4b8cd3de68e0da7f13d2,74749366580053766810784714000867268373285128491290295714940489515100947760356
2026-04-27T02:35:07.349447+00:00,2026-04-27T02:44:18.565977+00:00,momentum,"Bitcoin Up or Down - April 26, 10:35PM-10:40PM ET",UP,Up,64.0,0.51,,LOSS,NO,-64.0,Down,0x1eae81184d1bcee367f43e2c2c5e1b1629aef55bc452702ede4e18d559524a6f,67960540553202782908870587282616080548973044696894484483687762323533121791838
2026-04-27T02:35:00.945867+00:00,2026-04-27T02:45:19.333752+00:00,momentum,"Ethereum Up or Down - April 26, 10:35PM-10:40PM ET",DOWN,Down,2.0,0.51,,WIN,YES,1.9215686274509802,Down,0xe3e9c465dd3be0ced95846ca4325fef631d6efa18bcdfcc21d26c13e17ca5a33,12281990732788944791137333108780082580096166664522108527389230386574404695015
2026-04-27T02:35:00.987476+00:00,2026-04-27T02:46:19.740173+00:00,momentum,"Solana Up or Down - April 26, 10:35PM-10:40PM ET",UP,Up,2.0,0.51,,WIN,YES,1.9215686274509802,Up,0x71058e78933ca3b440c9314210b35d9171fcf2c957283a4eb92bb9db7148a949,34498707221150422530236074716797915494505729053241533894946865206654299551378
2026-04-27T02:35:01.034142+00:00,2026-04-27T02:46:19.899093+00:00,momentum,"XRP Up or Down - April 26, 10:35PM-10:40PM ET",UP,Up,128.0,0.51,,WIN,YES,122.98039215686273,Up,0x40e8f84b80afeac2ea3db3d87ed6a232d685c95a5dc39edf2ed0d333b42704b0,100901017437899836694558800603136024652370922706830929445764453514438754753457
2026-04-27T02:40:00.949641+00:00,2026-04-27T02:51:22.230578+00:00,momentum,"Ethereum Up or Down - April 26, 10:40PM-10:45PM ET",DOWN,Down,2.0,0.53,,WIN,YES,1.773584905660377,Down,0x3cf22bd4cd7b33c695570cbba34692aff07d24eeec98c3778fa2938033842534,83885954638168729827521505798696483338969515584880818122297514076518710731799
2026-04-27T02:40:01.030297+00:00,2026-04-27T02:51:22.268344+00:00,momentum,"Bitcoin Up or Down - April 26, 10:40PM-10:45PM ET",UP,Up,128.0,0.51,,LOSS,NO,-128.0,Down,0x336b42fce471f0bd65c46c9c1da3de01875933ff53d68f232b7578582e6e4e4a,47838543043942496182348432451105675243095214058136567336379833409407302362013
2026-04-27T02:40:01.115577+00:00,2026-04-27T02:51:22.391421+00:00,momentum,"XRP Up or Down - April 26, 10:40PM-10:45PM ET",UP,Up,2.0,0.51,,WIN,YES,1.9215686274509802,Up,0x6e9d022e953717b01a2618e7421918e12fb901479d39c2e109b3590cfbfa9eef,55058418633163867311744831026650661208153246170527223502485247939163284149392
2026-04-27T02:40:01.223375+00:00,2026-04-27T02:51:22.430490+00:00,momentum,"Solana Up or Down - April 26, 10:40PM-10:45PM ET",UP,Up,2.0,0.51,,LOSS,NO,-2.0,Down,0x4e14251aa042471c5d91c686333258d4b9409b73e5ebb107776ef22d6e69c7b3,109969801512887608664210169177920706209293721812256221153585296614699230178443
2026-04-27T02:45:01.680299+00:00,2026-04-27T02:53:23.008581+00:00,momentum,"XRP Up or Down - April 26, 10:45PM-10:50PM ET",DOWN,Down,2.0,0.51,,LOSS,NO,-2.0,Up,0xd72641d2f40d8bda99fcab14f45fc68597ec219d6a48ad3a8a473acafcaaeaeb,99867663532563365514041582362531176971808174889801806722411062472906998329165
2026-04-27T02:45:05.182318+00:00,2026-04-27T02:53:23.149462+00:00,momentum,"Ethereum Up or Down - April 26, 10:45PM-10:50PM ET",UP,Up,2.0,0.52,,WIN,YES,1.8461538461538458,Up,0xb4f67bfd38d55fadbc0d50a25bec17699f1411a1578673418a2ccb68b5868e0f,109457898055881875508861570317861475187109399125337083553233933034071964305836
2026-04-27T02:45:01.632884+00:00,2026-04-27T02:54:23.601218+00:00,momentum,"Bitcoin Up or Down - April 26, 10:45PM-10:50PM ET",UP,Up,2.0,0.51,,WIN,YES,1.9215686274509802,Up,0x4f35322b04cbf80059110e3c69cec315fc7e0a3aa0a764a9ba44a7d7fa055d5f,29243317297621063230632845412544334288862487205667634980888488621209694749609
2026-04-27T02:45:08.621373+00:00,2026-04-27T02:54:23.739199+00:00,momentum,"Solana Up or Down - April 26, 10:45PM-10:50PM ET",UP,Up,4.0,0.55,,WIN,YES,3.2727272727272725,Up,0x54a573c5ef2aafa6572f3e37c6378b1c928ff2f8dbcce9cc729791362eae074d,24367080614728914405518962639613969464296984867707954756991686481817292648353
2026-04-27T02:50:00.805874+00:00,2026-04-27T02:59:28.032482+00:00,momentum,"Ethereum Up or Down - April 26, 10:50PM-10:55PM ET",UP,Up,2.0,0.515,,WIN,YES,1.883495145631068,Up,0x88f5bbf82efe9bc6dc7bb15804df8f778b073a042c70bd158fb664b18a1327d1,966366117652030689948233406477160859798676191856833244404538048567425987967
2026-04-27T02:50:05.180905+00:00,2026-04-27T02:59:28.268004+00:00,momentum,"Solana Up or Down - April 26, 10:50PM-10:55PM ET",DOWN,Down,2.0,0.6,,LOSS,NO,-2.0,Up,0x176ec75f2787674c4ac5ac4203201cc05a1b307ba776ffe5996f5de14e985034,100777123505673018678804048855475817592228172145662838977083490878788846456542
2026-04-27T02:50:01.955526+00:00,2026-04-27T03:00:29.313072+00:00,momentum,"Bitcoin Up or Down - April 26, 10:50PM-10:55PM ET",DOWN,Down,2.0,0.53,,LOSS,NO,-2.0,Up,0xac3b14918d1437b1af5f8969efd7a4609c3dc40e472c8d80a56b5521f669b6a6,107190838561811794205819661761252791040311238460890857190694810279933360744077
2026-04-27T02:50:02.019061+00:00,2026-04-27T03:01:30.597913+00:00,momentum,"XRP Up or Down - April 26, 10:50PM-10:55PM ET",DOWN,Down,4.0,0.62,,LOSS,NO,-4.0,Up,0x9f2ff44c4b9863bc5d320dff37a80e1389be99177e568cf1956aa878fc4a4c2b,112991857678576272356878124863908072600158160225124764392174042072969264723629
2026-04-27T02:55:03.189927+00:00,2026-04-27T03:05:34.046275+00:00,momentum,"Ethereum Up or Down - April 26, 10:55PM-11:00PM ET",UP,Up,2.0,0.53,,LOSS,NO,-2.0,Down,0x3029c6a727d7b63633e7111fa7e18238e613c4a4b7eb67bd9c6d9a325d130607,55507825707977577062986607885073057784243937820417437662709576048372185019492
2026-04-27T02:55:01.011472+00:00,2026-04-27T03:06:33.823472+00:00,momentum,"Bitcoin Up or Down - April 26, 10:55PM-11:00PM ET",UP,Up,2.0,0.525,,LOSS,NO,-2.0,Down,0xf2e8395f5e4688e13820929d13dbdd449da1456fd59305a9cc88ade6face9367,107056246102927141752944147423995937560514103853637046848046129935706743211531
2026-04-27T02:55:03.236068+00:00,2026-04-27T03:06:33.949858+00:00,momentum,"Solana Up or Down - April 26, 10:55PM-11:00PM ET",UP,Up,4.0,0.65,,LOSS,NO,-4.0,Down,0x0d8f967f7d474246865eb28dfedf68c16b37a68cf2f8d6914c0ee60ca5ce8bdc,39224921976421535831158804140478531311653878838439373244987479443122462727659
2026-04-27T02:55:03.146559+00:00,2026-04-27T03:07:34.616523+00:00,momentum,"XRP Up or Down - April 26, 10:55PM-11:00PM ET",UP,Up,8.0,0.54,,LOSS,NO,-8.0,Down,0xc5d8698f1a2a33f2bcba76b18fd4808a0dbcffe74306d31f9f07d0e602afc217,85687619277885044174553102130085074122109855409448144135011967272250318799972
2026-04-27T03:00:03.317803+00:00,2026-04-27T03:11:37.317068+00:00,momentum,"Ethereum Up or Down - April 26, 11:00PM-11:05PM ET",DOWN,Down,4.0,0.65,,LOSS,NO,-4.0,Up,0xf28b005f4d2e0b5e8dba15b4c0188789d482af5490fd33275b5546ab50f57ef6,82242297277768065519850684088440024292237313146464787246362348949485589416166
2026-04-27T03:00:00.737986+00:00,2026-04-27T03:12:37.407535+00:00,momentum,"XRP Up or Down - April 26, 11:00PM-11:05PM ET",UP,Up,8.0,0.515,,LOSS,NO,-8.0,Down,0x9e6ee45d3c1def49a55273181d2d69024670bcca3d025424c1a7ed73e7002feb,76670686226167654387906478105735752944224256787345296044921476450453933152338
2026-04-27T03:00:00.784691+00:00,2026-04-27T03:12:37.454928+00:00,momentum,"Solana Up or Down - April 26, 11:00PM-11:05PM ET",DOWN,Down,4.0,0.515,,LOSS,NO,-4.0,Up,0x9925fba68a30ab3c1372e20145cccfaacae4e1814a87306ca465b0ab8863d20d,41900991793403405086193530786072214550494769088939153067582153178532163644777
2026-04-27T03:00:03.261767+00:00,2026-04-27T03:12:37.489544+00:00,momentum,"Bitcoin Up or Down - April 26, 11:00PM-11:05PM ET",DOWN,Down,2.0,0.63,,LOSS,NO,-2.0,Up,0x489c4cdf83dc3fbff6b8f7e3aaff6a9e02b4a885dae1f74876e111273bb589bf,68260753124658905325871588624857936912560054250783378431878926783709253968269
2026-04-27T03:05:03.956550+00:00,2026-04-27T03:14:38.581286+00:00,momentum,"Solana Up or Down - April 26, 11:05PM-11:10PM ET",UP,Up,2.0,0.51,,WIN,YES,1.9215686274509802,Up,0x00c1e7e13a85cbb83754c8e55304dede7f04cd0afccfa0324e2db1e883d4c480,34430972060530446701901912867858551720669079524156890970813712818853517384802
2026-04-27T03:05:04.097551+00:00,2026-04-27T03:14:38.721874+00:00,momentum,"XRP Up or Down - April 26, 11:05PM-11:10PM ET",DOWN,Down,16.0,0.53,,WIN,YES,14.188679245283016,Down,0xc594d7a116101b6b6e07ea1c7413fd754f4b990ef30310169517a78fb93ad4f7,41406133507084562786462870915809554227718224703198131239228763092945744937942
2026-04-27T03:05:01.162822+00:00,2026-04-27T03:15:38.492393+00:00,momentum,"Bitcoin Up or Down - April 26, 11:05PM-11:10PM ET",UP,Up,4.0,0.525,,WIN,YES,3.6190476190476186,Up,0x2b67e3f027b424458a2eba92c2e50921f962657da58393504e240a6116643304,76666989818710318481353900659713249667790873253939536883242224239506448249628
2026-04-27T03:05:01.118617+00:00,2026-04-27T03:16:38.505818+00:00,momentum,"Ethereum Up or Down - April 26, 11:05PM-11:10PM ET",DOWN,Down,8.0,0.515,,LOSS,NO,-8.0,Up,0x3c6f5165c61f6fa5265549e64f0a09c1455152e79de9752c66ec71c183810495,83352518796523333925200048423245998703162949631639166284388857179754215875203
2026-04-27T03:10:06.255819+00:00,2026-04-27T03:20:40.036415+00:00,momentum,"XRP Up or Down - April 26, 11:10PM-11:15PM ET",DOWN,Down,2.0,0.51,,WIN,YES,1.9215686274509802,Down,0xaeaa57853bc24c6358260d9366fae66cfa4e576d9ff7ab42691ccbe28fd6cf2f,102818462190357606397945053879616534056185078496296605797688876099808226402464
2026-04-27T03:10:02.797724+00:00,2026-04-27T03:21:39.808644+00:00,momentum,"Solana Up or Down - April 26, 11:10PM-11:15PM ET",DOWN,Down,2.0,0.51,,LOSS,NO,-2.0,Up,0x8a7be1380c45be54b2626991a3303b4639d97e965ace64dd6d42d1eeee7f4879,51847926107070197812779647005530811409559362095418944743903052118349187566168
2026-04-27T03:10:06.348832+00:00,2026-04-27T03:21:39.958722+00:00,momentum,"Ethereum Up or Down - April 26, 11:10PM-11:15PM ET",UP,Up,16.0,0.52,,WIN,YES,14.769230769230766,Up,0xea606cba93f2a774115e351d6ddc74c207f03c3ef6f7b2b6b4bc4f6d00b22045,19047695751038469220727031926245438658604667321823724512071788958664568561579
2026-04-27T03:10:18.633151+00:00,2026-04-27T03:21:40.105658+00:00,momentum,"Bitcoin Up or Down - April 26, 11:10PM-11:15PM ET",UP,Up,2.0,0.51,,WIN,YES,1.9215686274509802,Up,0xf229ace584335ac08b39cbf2b9bd65cdbd9b1fd5f76e89370e29453bcfc57df4,73357526255409436068010624867483513408545188264803760262341229657898029294925
2026-04-27T03:15:01.959661+00:00,2026-04-27T03:23:41.875652+00:00,momentum,"Solana Up or Down - April 26, 11:15PM-11:20PM ET",DOWN,Down,4.0,0.55,,WIN,YES,3.2727272727272725,Down,0x9ad0e15bb29614f5859e2f6c1727096e51868a477c0278794d9481bcd5c21550,60120788273183384120790970432391410425133158489684402641144557300806994082476
2026-04-27T03:15:05.435167+00:00,2026-04-27T03:23:41.928811+00:00,momentum,"XRP Up or Down - April 26, 11:15PM-11:20PM ET",DOWN,Down,2.0,0.59,,LOSS,NO,-2.0,Up,0x57ebc68db0f990c9c5e99515cb37bd3b58a1fe44b0d2e8bc59a17d9efdb4e4d0,305328388511645805552881838334732867977949149615862574281639132393303809536
2026-04-27T03:15:01.831337+00:00,2026-04-27T03:24:42.410855+00:00,momentum,"Ethereum Up or Down - April 26, 11:15PM-11:20PM ET",DOWN,Down,2.0,0.54,,WIN,YES,1.7037037037037033,Down,0x4cfb001e176f222d77416ca4602da7143029675acd6e85b2070032f55403fe2a,52804776405634732524140542718722203599919474624224997456232866134566182713643
2026-04-27T03:15:01.894385+00:00,2026-04-27T03:24:42.442035+00:00,momentum,"Bitcoin Up or Down - April 26, 11:15PM-11:20PM ET",DOWN,Down,2.0,0.55,,LOSS,NO,-2.0,Up,0x6bacd158301fe11d9c1537ef05c6d65d646c70f505a847bdad85d8df2eb56392,53546035795359984245942340176957929641708697429432846476620523956850869861036
2026-04-27T03:20:03.975641+00:00,2026-04-27T03:29:45.302663+00:00,momentum,"Solana Up or Down - April 26, 11:20PM-11:25PM ET",DOWN,Down,2.0,0.51,,LOSS,NO,-2.0,Up,0x658cda3603d1af4e0149a4038a15c455aa18c74baad025725489ef29a10c4823,113641375422423625738025587150603405828019424563558867976753987250520800573740
2026-04-27T03:20:02.758738+00:00,2026-04-27T03:30:45.486115+00:00,momentum,"Ethereum Up or Down - April 26, 11:20PM-11:25PM ET",DOWN,Down,2.0,0.55,,LOSS,NO,-2.0,Up,0x2cd1641c430cd27b38fb85f0f847397caf7b4b82bc9ca80b99facf13890f434f,1656924574296754642337214198199607725985054221410110829537972792080780904762
2026-04-27T03:20:02.812692+00:00,2026-04-27T03:30:45.518295+00:00,momentum,"Bitcoin Up or Down - April 26, 11:20PM-11:25PM ET",DOWN,Down,2.0,0.53,,LOSS,NO,-2.0,Up,0x5ca99e34678da9573a104c2dc90a19af537e8c47ee12813776fb420e52c83a2a,98079614640556926205215277162490659761904756209594905554096513432136891098408
2026-04-27T03:20:10.250577+00:00,2026-04-27T03:30:45.550819+00:00,momentum,"XRP Up or Down - April 26, 11:20PM-11:25PM ET",DOWN,Down,4.0,0.53,,LOSS,NO,-4.0,Up,0x302bacdf51fe72996e544b18c8e1d12caaaafa7c2539eed110a0adfd12e8d88b,47923978853348040017017879617252004359705553998856636303765414663818721988030
2026-04-27T03:25:03.190086+00:00,2026-04-27T03:35:47.371519+00:00,momentum,"Solana Up or Down - April 26, 11:25PM-11:30PM ET",DOWN,Down,4.0,0.54,,LOSS,NO,-4.0,Up,0xa699b84d59513b3545861ae6c117af97e8503204335c2a2f2446b848bb06de30,14729202442641985302169135152567551542682710852112097082716203386536225014064
2026-04-27T03:25:01.033182+00:00,2026-04-27T03:36:47.454178+00:00,momentum,"Ethereum Up or Down - April 26, 11:25PM-11:30PM ET",DOWN,Down,4.0,0.515,,LOSS,NO,-4.0,Up,0xf77cb3dd77922a4bf0d133e9ae557620c3dc53dcd9fc862f4980b248893f9631,12812650467571921048268694270877509753244804772357325097418507172296830071024
2026-04-27T03:25:03.150706+00:00,2026-04-27T03:36:47.482670+00:00,momentum,"Bitcoin Up or Down - April 26, 11:25PM-11:30PM ET",DOWN,Down,8.0,0.57,,LOSS,NO,-8.0,Up,0x43e4e34f83f38f4c0c195374d5d18672f82d84ece379ccbb54a9bdaaeac745dc,36042553011320909650550704479708414987500906011732756318329754033572724521317
2026-04-27T03:25:24.965025+00:00,2026-04-27T03:36:47.533968+00:00,momentum,"XRP Up or Down - April 26, 11:25PM-11:30PM ET",DOWN,Down,8.0,0.62,,LOSS,NO,-8.0,Up,0xe047c96b2d5108430cd4eb7249ec839f746851dbd6544f9747bc675ab383434f,88656702797863295528756863089885375897227056495215936726068322696935460712426
2026-04-27T03:30:00.326578+00:00,2026-04-27T03:38:48.949272+00:00,momentum,"Ethereum Up or Down - April 26, 11:30PM-11:35PM ET",DOWN,Down,8.0,0.55,,WIN,YES,6.545454545454545,Down,0x95867432a8c2ca3f9e0d494c408f299aa0483ef334f29340cf1e03f592b7e90c,73845763697715846242415568321983363763030989870949124795808041871785084177840
2026-04-27T03:30:00.428911+00:00,2026-04-27T03:38:49.074944+00:00,momentum,"Bitcoin Up or Down - April 26, 11:30PM-11:35PM ET",DOWN,Down,16.0,0.55,,LOSS,NO,-16.0,Up,0x68ade0655648ebaf52456c0671a5469fede0a42a3d174d9bf102d92fc64acb26,31070035055114708484127157743926394781924488799247161743563928206876056213802
2026-04-27T03:30:00.372509+00:00,2026-04-27T03:39:49.801342+00:00,momentum,"Solana Up or Down - April 26, 11:30PM-11:35PM ET",DOWN,Down,8.0,0.51,,WIN,YES,7.686274509803921,Down,0x71abdcf630b2a5f24feb2ebf87701fca07eac6e3a4f68ca6bdac497d7a53a1a8,18295857111089913493508661905192086620228377094448962743607017040724623493259
2026-04-27T03:30:03.901610+00:00,2026-04-27T03:41:50.561987+00:00,momentum,"XRP Up or Down - April 26, 11:30PM-11:35PM ET",UP,Up,16.0,0.58,,WIN,YES,11.586206896551726,Up,0xccbf57587ee28bfac2f86c3836bb515033db3465986491edcaf8a268b2583547,32295874756103393264902342495777277837221185828186336676801816883684018676600
2026-04-27T03:35:01.258799+00:00,2026-04-27T03:44:52.138151+00:00,momentum,"Solana Up or Down - April 26, 11:35PM-11:40PM ET",DOWN,Down,2.0,0.52,,WIN,YES,1.8461538461538458,Down,0x9b38f09adf58e67ee17ac8ce966697dd96531cb0985e7e6be1e201ecdfddc4d7,85972899775709917999157872102893304755713975063338133846207576201990516332864
2026-04-27T03:35:00.119320+00:00,2026-04-27T03:45:52.276009+00:00,momentum,"Ethereum Up or Down - April 26, 11:35PM-11:40PM ET",DOWN,Down,2.0,0.515,,WIN,YES,1.883495145631068,Down,0x7a754f60375afc26eae83dcfae628b9ba92e2bebc729ced07dfadd8053d25db0,11947308457212874584061529788417971483968766388822275973543943599285136715149
2026-04-27T03:35:01.300681+00:00,2026-04-27T03:45:52.408125+00:00,momentum,"Bitcoin Up or Down - April 26, 11:35PM-11:40PM ET",DOWN,Down,32.0,0.56,,WIN,YES,25.14285714285714,Down,0x5b78975a471b5d1533ef91450e66c542086189a8b5b1b946160ccdc544eeacdc,26820847947712394315634991865126974413422842554951866898029097210536569028665
2026-04-27T03:35:04.839898+00:00,2026-04-27T03:45:52.442537+00:00,momentum,"XRP Up or Down - April 26, 11:35PM-11:40PM ET",DOWN,Down,2.0,0.52,,LOSS,NO,-2.0,Up,0x87980fefcca809a377b6d54717b34785e3838bffaed904143870b91519fd73d0,4339673959191060409665299466337224355820425165172786429290422933985923673363
2026-04-27T03:40:00.718745+00:00,2026-04-27T03:50:55.161544+00:00,momentum,"Bitcoin Up or Down - April 26, 11:40PM-11:45PM ET",DOWN,Down,2.0,0.515,,LOSS,NO,-2.0,Up,0xb52d5e8c25e29a3fafe7b9bdb254ece3027e5573d10a2828e0c06b6389ab98b9,103339364545493467775034223384214323086653863871171937107113311628148977313704
2026-04-27T03:40:00.759113+00:00,2026-04-27T03:51:55.466972+00:00,momentum,"Solana Up or Down - April 26, 11:40PM-11:45PM ET",DOWN,Down,2.0,0.515,,LOSS,NO,-2.0,Up,0x916e5dca8561f9d54dd0fdae0ea17d8305b05b8ae4958bd311573704e7104cd3,26894422279731329525307263205612316896017419474114684065497711722249139580325
2026-04-27T03:40:00.799493+00:00,2026-04-27T03:51:55.499820+00:00,momentum,"Ethereum Up or Down - April 26, 11:40PM-11:45PM ET",DOWN,Down,2.0,0.515,,LOSS,NO,-2.0,Up,0x97f6668cf6ea6ca577ce377039c64e49e8b631844ac25b8f6777e601268c3cae,56968056319406031720712982861499348856944614002404931347397110745976713838057
2026-04-27T03:40:01.840045+00:00,2026-04-27T03:51:55.755559+00:00,momentum,"XRP Up or Down - April 26, 11:40PM-11:45PM ET",UP,Up,4.0,0.51,,WIN,YES,3.8431372549019605,Up,0x268a1721fff00848439b4f6fd02c3f7ed554d907fbd4c6d0cc039cfc051ed39e,91939639353495760090655911875408029939468659276777638563547622419728812407864
2026-04-27T03:45:00.464828+00:00,2026-04-27T03:53:55.788328+00:00,momentum,"XRP Up or Down - April 26, 11:45PM-11:50PM ET",UP,Up,2.0,0.515,,LOSS,NO,-2.0,Down,0xd7a21c61385e3400f9c0dbbc86ab66560cfab83f94421325075316b0ebe6e06c,28134309305467771017558222796946798020242153376174311880511347986523446346434
2026-04-27T03:45:00.542054+00:00,2026-04-27T03:53:55.949240+00:00,momentum,"Solana Up or Down - April 26, 11:45PM-11:50PM ET",DOWN,Down,4.0,0.515,,WIN,YES,3.766990291262136,Down,0x92987697d9ac553a446fe29a48bdeb48417af05b52e8b1791c9461e37ddf3beb,59732664227282312025528724814471897377470676013903309894412190455606192546461
2026-04-27T03:45:01.755538+00:00,2026-04-27T03:53:56.202040+00:00,momentum,"Ethereum Up or Down - April 26, 11:45PM-11:50PM ET",DOWN,Down,4.0,0.57,,WIN,YES,3.0175438596491233,Down,0xd0a147cfa76b615d1beadbdb397eae2b593eb0c6059355e84fe78bf909f65ae6,103260544476119292916340437316367136944718672980936441875244693427764853716578
2026-04-27T03:45:01.707804+00:00,2026-04-27T03:54:55.899454+00:00,momentum,"Bitcoin Up or Down - April 26, 11:45PM-11:50PM ET",DOWN,Down,2.0,0.52,,WIN,YES,1.8461538461538458,Down,0x115711bb093bb238e66f68205bc6718f3c16215d2804ce35700b8309b83764aa,77198201556259472437710776285417957162214643771501346362278206963828224920815
2026-04-27T03:50:00.444513+00:00,2026-04-27T03:59:58.889370+00:00,momentum,"Ethereum Up or Down - April 26, 11:50PM-11:55PM ET",DOWN,Down,2.0,0.515,,WIN,YES,1.883495145631068,Down,0x95591f7b9022cef865b445ee98fe8add60b032ac36e70de56a609bc828b7204f,56341798083842001678229702915194900730994142217709266842636143327457523473587
2026-04-27T03:50:00.494919+00:00,2026-04-27T03:59:59.009945+00:00,momentum,"Solana Up or Down - April 26, 11:50PM-11:55PM ET",DOWN,Down,2.0,0.515,,WIN,YES,1.883495145631068,Down,0x5b8a9ecde0e8e03f8577a310a9e287f944afe796b20162873f4f05ab69a9be81,102756928248465015186204295815286441651365476748395975976870847626461870257250
2026-04-27T03:50:02.676714+00:00,2026-04-27T03:59:59.317518+00:00,momentum,"XRP Up or Down - April 26, 11:50PM-11:55PM ET",DOWN,Down,2.0,0.51,,WIN,YES,1.9215686274509802,Down,0xcc2bd60edc70c90da0e423fe358619187503f0c2c5c5faa0f6fef20172bfb555,48484797884534433087980204431413861136197091280755292514328964157218599631332
2026-04-27T03:50:02.632862+00:00,2026-04-27T04:00:58.670538+00:00,momentum,"Bitcoin Up or Down - April 26, 11:50PM-11:55PM ET",UP,Up,2.0,0.56,,LOSS,NO,-2.0,Down,0x7615245e44e035e6eb0593731477ad33f4c9b96ce61bd9a35e30cdaf4e1517d6,46137936431953724415720227542377906983588488254171661925910201409342137712251
2026-04-27T03:55:11.860636+00:00,2026-04-27T04:06:01.895319+00:00,momentum,"Bitcoin Up or Down - April 26, 11:55PM-12:00AM ET",DOWN,Down,4.0,0.52,,WIN,YES,3.6923076923076916,Down,0x3c78aec620b59ea24c9bea836fdc7dc43fcfd40c39fde10066e0245814db4fda,3674675420438000852419794355277548532356464287329736261231029438173971831153
2026-04-27T03:55:00.486138+00:00,2026-04-27T04:07:01.594071+00:00,momentum,"Ethereum Up or Down - April 26, 11:55PM-12:00AM ET",DOWN,Down,2.0,0.52,,WIN,YES,1.8461538461538458,Down,0xb2bccf837440d1934cadfb014f4dca57280044ae3877e3a99b3b5310036ca919,111642339562267043643495779980908856185625669651568145242389364041719108824549
2026-04-27T03:55:02.609733+00:00,2026-04-27T04:07:01.742411+00:00,momentum,"XRP Up or Down - April 26, 11:55PM-12:00AM ET",DOWN,Down,2.0,0.55,,WIN,YES,1.6363636363636362,Down,0x428b7fc748363c808e1792242d7f995613c0c7c073ec74a36c7ce95d360dec71,92656064035045270710666355433604697083078963651032617460526608276408808775341
2026-04-27T03:55:15.052520+00:00,2026-04-27T04:07:01.883917+00:00,momentum,"Solana Up or Down - April 26, 11:55PM-12:00AM ET",DOWN,Down,2.0,0.51,,WIN,YES,1.9215686274509802,Down,0xa50fbf28919ac0dced04593f79f15f05857fb8bced4832b61a7843e05ddded9b,7706808741784489023136982851986428990267342439658597419967378078104147046645
2026-04-27T04:00:05.857701+00:00,2026-04-27T04:12:05.778623+00:00,momentum,"Bitcoin Up or Down - April 27, 12:00AM-12:05AM ET",UP,Up,2.0,0.54,,WIN,YES,1.7037037037037033,Up,0x2ae70a3335b52572188af1e32404dfc4e60dd5ee6cbc7181ea2cc7fec16e5299,15780037342066028331322031967991383288302174807245784410760695799011320993726
2026-04-27T04:00:09.193494+00:00,2026-04-27T04:12:05.914978+00:00,momentum,"Solana Up or Down - April 27, 12:00AM-12:05AM ET",UP,Up,2.0,0.56,,WIN,YES,1.5714285714285712,Up,0x7b47c9d1d57c3bd33eb84df055cd3d5acdc126acab66c4d19828a0f945a23254,90283448716724203748679933241478795645337802463962867376911356901772350571837
2026-04-27T04:00:00.826309+00:00,2026-04-27T04:13:06.629606+00:00,momentum,"Ethereum Up or Down - April 27, 12:00AM-12:05AM ET",DOWN,Down,2.0,0.515,,WIN,YES,1.883495145631068,Down,0xa65d2b1e7e088ffccd98c679e147f466a1543dddfaef7c2265f6a17a00e963ba,74277444668515898649132441091393785016698986077790860162558689114123556160709
2026-04-27T04:00:02.029915+00:00,2026-04-27T04:13:06.760549+00:00,momentum,"XRP Up or Down - April 27, 12:00AM-12:05AM ET",DOWN,Down,2.0,0.52,,WIN,YES,1.8461538461538458,Down,0xcf88389e2e74552e9cc6e93d756e22a14dced49e89d4d68e0a21cbb942cc4205,18070186518964393870380578805425390355419513447030499194134040673135343372210
2026-04-27T04:05:03.042649+00:00,2026-04-27T04:15:07.822367+00:00,momentum,"Bitcoin Up or Down - April 27, 12:05AM-12:10AM ET",DOWN,Down,4.0,0.67,,WIN,YES,1.9701492537313428,Down,0x53e701f30804f02109b6a78091e2349686b79b4fb4d93ecb0107652eb35b4544,56887594140542726331382416443267598302696635793404711005253505213074344739394
2026-04-27T04:05:03.085796+00:00,2026-04-27T04:15:07.874047+00:00,momentum,"Solana Up or Down - April 27, 12:05AM-12:10AM ET",UP,Up,4.0,0.51,,LOSS,NO,-4.0,Down,0x783a77a3f677f44f17439ac92a00b69a697986953387fef5f9bef755a87413c2,56904271853942309270108285072757522538387663411781231401303238665159858080601
2026-04-27T04:05:03.174098+00:00,2026-04-27T04:15:08.111085+00:00,momentum,"XRP Up or Down - April 27, 12:05AM-12:10AM ET",DOWN,Down,2.0,0.58,,WIN,YES,1.4482758620689657,Down,0xf9e7dca8ecf51775bf205ed08d127821240185c991f92d97f1b62f82ad6039ff,109479781915351284208003114652229493808871095123627929957377541231640236412106
2026-04-27T04:05:03.129069+00:00,2026-04-27T04:16:07.929126+00:00,momentum,"Ethereum Up or Down - April 27, 12:05AM-12:10AM ET",DOWN,Down,2.0,0.54,,WIN,YES,1.7037037037037033,Down,0xc05aa738b41842f693044c3e0c2ed65a00ac3bca08267d6047bd9b181b09f776,69229815875827910976492107318912756916798446097535540067976779815382000446704
2026-04-27T04:10:00.872484+00:00,2026-04-27T04:21:10.141656+00:00,momentum,"Bitcoin Up or Down - April 27, 12:10AM-12:15AM ET",UP,Up,2.0,0.51,,LOSS,NO,-2.0,Down,0xd5e42b82840edde1418ddb9e0c8d3d33c28ffeeb8979863b8ac776528fbb8b0c,22300281484356986221437935978626491864577175519103989222216220815760886533338
2026-04-27T04:10:00.925498+00:00,2026-04-27T04:21:10.197871+00:00,momentum,"Solana Up or Down - April 27, 12:10AM-12:15AM ET",UP,Up,2.0,0.51,,LOSS,NO,-2.0,Down,0x867b2f8b24657f0df841287d712fcb458d869f204edf7b57aa2ee2ecbb714442,96460152392553203984041770761520815253084904305297028280358844511420699266344
2026-04-27T04:10:00.971473+00:00,2026-04-27T04:21:10.230821+00:00,momentum,"XRP Up or Down - April 27, 12:10AM-12:15AM ET",UP,Up,2.0,0.51,,LOSS,NO,-2.0,Down,0xb61b52decd1c15be6a7e1df5f036f95f780bd4b4e7c1ccf62991e798676798e3,28024842494252166225500999607942293114335196044036010992753267771553337223809
2026-04-27T04:10:01.017670+00:00,2026-04-27T04:21:10.263251+00:00,momentum,"Ethereum Up or Down - April 27, 12:10AM-12:15AM ET",UP,Up,2.0,0.52,,LOSS,NO,-2.0,Down,0x6dfeb6a1f3b04dab7894c42f99eb1dbb43e381e74ef802de3c26c4f170b6d00d,103492365547198965408826469903927256678442176868028441550773074403332773587921
2026-04-27T04:15:01.092695+00:00,2026-04-27T04:23:11.246543+00:00,momentum,"Ethereum Up or Down - April 27, 12:15AM-12:20AM ET",UP,Up,4.0,0.54,,LOSS,NO,-4.0,Down,0xbd1c471555adbd451275461b3ac5400a917c15305c260d00c8e093cf0b3752af,53820064096857296240434824420307896348186412221701184308009084933102259003107
