timestamp,closed_at,source,market,direction,outcome,amount,entry_price,sell_price,result,won,pnl,winning_outcome,condition_id,token_id
2026-04-20T23:44:33.733153+00:00,2026-04-20T23:50:37.550157+00:00,momentum,"Bitcoin Up or Down - April 20, 7:40PM-7:45PM ET",DOWN,Down,2.0,0.88,,WIN,YES,0.27272727272727293,Down,0x67df5fe279a22dd4b396272ee7f4f7babd115ca74f6fcafcb6af7c877900c9bb,103150773815281712539609442739222570490631714484353806534329732593382770228893
2026-04-20T23:44:33.744686+00:00,2026-04-20T23:50:37.703898+00:00,momentum,"Ethereum Up or Down - April 20, 7:40PM-7:45PM ET",DOWN,Down,2.0,0.68,,WIN,YES,0.9411764705882351,Down,0xa289fb5b8858f3d51256541ef6e2976bdbdbfafbd9db3a5f378359b0f4bbc5d7,31316242374897846186991909928267735956563431626633404587661196979165640391453
2026-04-20T23:44:33.782029+00:00,2026-04-20T23:50:38.038931+00:00,momentum,"Solana Up or Down - April 20, 7:40PM-7:45PM ET",DOWN,Down,2.0,0.9,,WIN,YES,0.22222222222222232,Down,0x15c4f0044d8319d84875f3208dafc9d965b0fec30489b790ebafca292bc6d39d,10868975221403891975628280131451175525163514597400481673085914312234661055478
2026-04-20T23:44:33.760124+00:00,2026-04-20T23:51:37.705628+00:00,momentum,"XRP Up or Down - April 20, 7:40PM-7:45PM ET",DOWN,Down,2.0,0.95,,WIN,YES,0.10526315789473673,Down,0x5e6faf390a28377b8a381848cc1d540557b13389265bb1049dfaac085262c21b,51476369673971044819011901136235244722145933813944768347415431537239113524259
2026-04-20T23:45:00.753661+00:00,2026-04-20T23:54:40.116908+00:00,momentum,"Bitcoin Up or Down - April 20, 7:45PM-7:50PM ET",UP,Up,2.0,0.52,,WIN,YES,1.8461538461538458,Up,0x1b248d5c811237f63a266ebade429ccc8fc51d94b2efc15d2a6fd3bedbbafb21,109276711592331021210171677170386201522408020282728162769099721851372866566935
2026-04-20T23:45:00.754235+00:00,2026-04-20T23:54:40.259286+00:00,momentum,"Solana Up or Down - April 20, 7:45PM-7:50PM ET",UP,Up,2.0,0.51,,WIN,YES,1.9215686274509802,Up,0xdc59b1f544afd81f2b4f595e857d33a182c9902b93c66685f36643f08b50d900,100547244440160540719579438934752048910840894572821163072296580047655417427720
2026-04-20T23:45:00.755717+00:00,2026-04-20T23:54:40.464033+00:00,momentum,"XRP Up or Down - April 20, 7:45PM-7:50PM ET",UP,Up,2.0,0.51,,WIN,YES,1.9215686274509802,Up,0xc8072f37347c9300441a02d4e4bbb18d35e0b5d7c0fb700acfea515ca3fb0c14,104888114793384700871616487246146539121623515583053913432976487610590796521707
2026-04-20T23:45:03.950821+00:00,2026-04-20T23:54:40.671887+00:00,momentum,"Ethereum Up or Down - April 20, 7:45PM-7:50PM ET",UP,Up,2.0,0.64,,WIN,YES,1.125,Up,0xe4f8ad301ab51e3aa202af018e9c93a5c96920ade29bc150b40aa08a1e97b4fc,113906972370945592028211630670715108126107474842310283628028427259584972738111
2026-04-20T23:50:06.636840+00:00,2026-04-20T23:59:41.971297+00:00,momentum,"XRP Up or Down - April 20, 7:50PM-7:55PM ET",DOWN,Down,2.0,0.54,,LOSS,NO,-2.0,Up,0x166a7e42f055d1dbac78ab7c55af04c030409253eadaad49b82a8ea3246b3916,90963039132103479179600911723676000472752782426861662461508441564054093424873
2026-04-20T23:50:00.515403+00:00,2026-04-21T00:00:43.820794+00:00,momentum,"Bitcoin Up or Down - April 20, 7:50PM-7:55PM ET",UP,Up,2.0,0.51,,WIN,YES,1.9215686274509802,Up,0x80cd3b4b329ec2b17f421a6453e7695c551b6ccc17e91e11e4aae851a20f023e,35884254862101999095467869090750842445424940637544884100095031521489924246396
2026-04-20T23:50:00.516009+00:00,2026-04-21T00:00:43.862690+00:00,momentum,"Solana Up or Down - April 20, 7:50PM-7:55PM ET",UP,Up,2.0,0.51,,LOSS,NO,-2.0,Down,0xa3537e57ad3395f5e575f5c0a476fb09c5b152d8fabaa89fc09bc6217b84ec5a,87065653696690243894398887225869447826205204200533284835713988847213717242578
2026-04-20T23:50:06.637850+00:00,2026-04-21T00:00:43.905020+00:00,momentum,"Ethereum Up or Down - April 20, 7:50PM-7:55PM ET",DOWN,Down,2.0,0.54,,LOSS,NO,-2.0,Up,0x66a55217665e6a0989d0b855084c198e2ad683c83d7044af0e7d682407a00451,97385448403937932982216925072286496395429285307670620976301330716099306335576
2026-04-20T23:55:01.842690+00:00,2026-04-21T00:05:47.076057+00:00,momentum,"Bitcoin Up or Down - April 20, 7:55PM-8:00PM ET",UP,Up,4.0,0.51,,LOSS,NO,-4.0,Down,0x361a125443279bdb8f29389ff45ed61c749c4334e4b095757c0cb8e1162dea42,20268647435979818158284669488143867886402418646146248347763635101722845915518
2026-04-20T23:55:01.843608+00:00,2026-04-21T00:05:47.236070+00:00,momentum,"XRP Up or Down - April 20, 7:55PM-8:00PM ET",UP,Up,2.0,0.51,,WIN,YES,1.9215686274509802,Up,0x6cf19234e554adab3d4bcb946e087184c7f72f73535b00f6f30aadf9ee3b66f6,97943739048241222438374340139516467003548560479388941138731437499328188732175
2026-04-20T23:55:00.731497+00:00,2026-04-21T00:06:47.377214+00:00,momentum,"Solana Up or Down - April 20, 7:55PM-8:00PM ET",UP,Up,4.0,0.515,,WIN,YES,3.766990291262136,Up,0x0b2785f0e901757c290a1a491bc10b2d80ea8fe90c29cc2be645253ee227e205,9533650032035267375884787496258688351103821703336671993770696650282015815491
2026-04-20T23:55:04.970519+00:00,2026-04-21T00:06:47.676444+00:00,momentum,"Ethereum Up or Down - April 20, 7:55PM-8:00PM ET",DOWN,Down,2.0,0.57,,WIN,YES,1.5087719298245617,Down,0x8c2ca2e877f96f4dbce4959041a86b4cd572610c583de1e2a2007693d9eb5b57,56247329461776081884373418122990465438925790324761848878499572575339674780377
2026-04-21T00:00:02.768359+00:00,2026-04-21T00:11:50.117786+00:00,momentum,"Ethereum Up or Down - April 20, 8:00PM-8:05PM ET",UP,Up,2.0,0.55,,WIN,YES,1.6363636363636362,Up,0x80216ce6efd5db227a07b83f30b32a3b3291f7c5a3bc1c5c600a3216d1d04171,105227583235901281540170905543906608727795736885147295351861907848790279734849
2026-04-21T00:00:02.767274+00:00,2026-04-21T00:12:50.327982+00:00,momentum,"Bitcoin Up or Down - April 20, 8:00PM-8:05PM ET",UP,Up,2.0,0.54,,LOSS,NO,-2.0,Down,0x59a39407e40103b123011fc22869e245e0da3f824eb1d9dde11b9e88ce0cb665,105245602782073676699665946116740679230963831856142023416989225744973012135113
2026-04-21T00:00:05.830916+00:00,2026-04-21T00:12:50.519860+00:00,momentum,"Solana Up or Down - April 20, 8:00PM-8:05PM ET",UP,Up,2.0,0.58,,WIN,YES,1.4482758620689657,Up,0x5443798b941345b905596921ee8b7d33df52ef5feb1b57e448ed1dcc347d759f,108364079002261498453948331418797438630167358630701868472840250161043676132463
2026-04-21T00:00:08.890733+00:00,2026-04-21T00:12:50.766242+00:00,momentum,"XRP Up or Down - April 20, 8:00PM-8:05PM ET",UP,Up,2.0,0.51,,WIN,YES,1.9215686274509802,Up,0xbf676683965b7cbb0085200d2f2a986a79c53469c299cfb5099f5a2b2b98e2c0,104445071593924478414032024165807045985927906994424542362653313087174951861332
2026-04-21T00:05:00.722695+00:00,2026-04-21T00:14:51.583612+00:00,momentum,"XRP Up or Down - April 20, 8:05PM-8:10PM ET",UP,Up,2.0,0.51,,LOSS,NO,-2.0,Down,0xc37710ba52ea236f76ba034c6cfee7b186d17e0ccd8fc372f85eb5961bea7211,45189500338579165871885830020610624665923545571984979844105338709934061165239
2026-04-21T00:05:01.786810+00:00,2026-04-21T00:15:51.824318+00:00,momentum,"Ethereum Up or Down - April 20, 8:05PM-8:10PM ET",UP,Up,2.0,0.52,,LOSS,NO,-2.0,Down,0xc9b453ea5c80e9bc17c814fa7363a537ebbdc55fe595e500734a78a2be764771,44724282747182126503811572812230237933334469387073586903931036623071190743556
2026-04-21T00:05:01.788435+00:00,2026-04-21T00:15:52.000951+00:00,momentum,"Bitcoin Up or Down - April 20, 8:05PM-8:10PM ET",DOWN,Down,4.0,0.55,,WIN,YES,3.2727272727272725,Down,0xa75d9cfd02545f64881b0099976ef9a30f33394119302945797f481170f26744,70940038065336999242217592373944626991119092293973960683193507845406838388095
2026-04-21T00:05:01.789946+00:00,2026-04-21T00:15:52.042220+00:00,momentum,"Solana Up or Down - April 20, 8:05PM-8:10PM ET",UP,Up,2.0,0.53,,LOSS,NO,-2.0,Down,0x5f413fd784097eacc36ed046a2a699f9957197887bd722ebc7942b79eb3a19d7,103594921366999291611254129248066648956456159577454667081895606273861650588786
2026-04-21T00:10:00.654752+00:00,2026-04-21T00:20:54.193948+00:00,momentum,"Bitcoin Up or Down - April 20, 8:10PM-8:15PM ET",UP,Up,2.0,0.51,,WIN,YES,1.9215686274509802,Up,0xd5da16bc2aa9f1691312cd4eef4585ce07d84dc96767be0b700eb973cda23af7,105848355443606444423911296702156270012740494784036462907234362975811718758649
2026-04-21T00:10:03.723676+00:00,2026-04-21T00:20:54.772063+00:00,momentum,"Solana Up or Down - April 20, 8:10PM-8:15PM ET",UP,Up,4.0,0.56,,WIN,YES,3.1428571428571423,Up,0xe4c2fcf3ab863b571e6f9bdd40f22cec33509c1b735e5e6daa9ba3d0d40a118f,24554313385341290496503328442395336557033981254963551249296010019095297778741
2026-04-21T00:10:00.656208+00:00,2026-04-21T00:21:55.084297+00:00,momentum,"XRP Up or Down - April 20, 8:10PM-8:15PM ET",DOWN,Down,4.0,0.51,,LOSS,NO,-4.0,Up,0xc014cf43b70e7e6d71c9cdeb50f7967e994e2ad29eb5b0fb7d07ce8f9a20af36,11362503583080618256262143760951577223254201374776074895022221830421148898278
2026-04-21T00:10:00.658217+00:00,2026-04-21T00:21:55.237252+00:00,momentum,"Ethereum Up or Down - April 20, 8:10PM-8:15PM ET",UP,Up,4.0,0.52,,WIN,YES,3.6923076923076916,Up,0x5d1f280acf867f7dd7b7d3c3a1dd383d5b3329c25ea97b546f6653d0ba160f20,106424301910493889893850099675706160359079155802831708397148512710553124332646
2026-04-21T00:15:00.637693+00:00,2026-04-21T00:23:55.660121+00:00,momentum,"Bitcoin Up or Down - April 20, 8:15PM-8:20PM ET",DOWN,Down,2.0,0.53,,LOSS,NO,-2.0,Up,0x17a44c3cdc9b65e5270200b76dcb6286459564b3e65b9e35372a778b18eddd32,15546323920010852900076886543048321727054859766798709757043849908623500973585
2026-04-21T00:15:03.702924+00:00,2026-04-21T00:23:55.841681+00:00,momentum,"XRP Up or Down - April 20, 8:15PM-8:20PM ET",DOWN,Down,8.0,0.54,,WIN,YES,6.814814814814813,Down,0xb93039b289759026b3b359d4ac2de896217b1870523271b54b1c0de7f5e25ff7,69557851826896940095331637486258894907590686462147279773670502060812523962376
2026-04-21T00:15:03.704478+00:00,2026-04-21T00:23:56.004111+00:00,momentum,"Ethereum Up or Down - April 20, 8:15PM-8:20PM ET",DOWN,Down,2.0,0.6,,WIN,YES,1.3333333333333335,Down,0x77903832a7c9a5c6594d57f73d41c52bb8deeee1c660ea599f19d8c62df24762,87122406135848092173108191149786508266661115636909305659438727165499628994144
2026-04-21T00:15:03.706924+00:00,2026-04-21T00:23:56.048526+00:00,momentum,"Solana Up or Down - April 20, 8:15PM-8:20PM ET",DOWN,Down,2.0,0.63,,LOSS,NO,-2.0,Up,0xbc51051bcc4458286111da69e83eb922448a45edb853b42fe45cec844ead5630,26561680095122203707519324991532530573173475643419480407113123194674206773683
2026-04-21T00:20:02.701621+00:00,2026-04-21T00:28:59.754176+00:00,momentum,"Solana Up or Down - April 20, 8:20PM-8:25PM ET",DOWN,Down,2.0,0.53,,WIN,YES,1.773584905660377,Down,0x6dcd1c3189126c6664e366204bc6761d7706a6c6ddf190659ef7956d64636bfc,82859644007376907463633741283022837941555636422207323284143665542722338934650
2026-04-21T00:20:00.604324+00:00,2026-04-21T00:29:59.930107+00:00,momentum,"Bitcoin Up or Down - April 20, 8:20PM-8:25PM ET",DOWN,Down,4.0,0.515,,LOSS,NO,-4.0,Up,0xcfa12733cbbeb5525a0e8d2b2dab89840a76af022959d07aef5deec5c5f91e99,107692488673179184573313073304209777098063417524057067076264859796597103624815
2026-04-21T00:20:02.703497+00:00,2026-04-21T00:31:00.201635+00:00,momentum,"Ethereum Up or Down - April 20, 8:20PM-8:25PM ET",DOWN,Down,4.0,0.55,,LOSS,NO,-4.0,Up,0xb5a8024acefed3d17cc971569ceb0b058d2ac627380afdec8b6c75684c1ad2ee,31550199731242151891484595379920433858573352172896236649084730053072494898613
2026-04-21T00:20:11.991073+00:00,2026-04-21T00:31:00.403290+00:00,momentum,"XRP Up or Down - April 20, 8:20PM-8:25PM ET",DOWN,Down,2.0,0.51,,WIN,YES,1.9215686274509802,Down,0x88a295f2ecb5cb6c65008ad226ac16df05239e2131fcec74df741e7f768dc718,38780452636052214871008861152742940322901609320197856189869156089692818244734
2026-04-21T00:25:00.849949+00:00,2026-04-21T00:35:03.737242+00:00,momentum,"XRP Up or Down - April 20, 8:25PM-8:30PM ET",DOWN,Down,4.0,0.51,,WIN,YES,3.8431372549019605,Down,0xc0672ee2b27152aacc94d9293d7f186c88953a227a0650b424ef96fc41522288,68132674438256658378848901906496306804377580304141900615617368717309729769265
2026-04-21T00:25:02.989620+00:00,2026-04-21T00:36:04.475739+00:00,momentum,"Bitcoin Up or Down - April 20, 8:25PM-8:30PM ET",DOWN,Down,2.0,0.53,,WIN,YES,1.773584905660377,Down,0x3d429c345cd0ee68d768216ea5e28644eb5a5522446f3fb7fb554224539f3a4b,82857232745509092461946550233930365860725923023363913094733768060180699375358
2026-04-21T00:25:02.991646+00:00,2026-04-21T00:36:04.518354+00:00,momentum,"Ethereum Up or Down - April 20, 8:25PM-8:30PM ET",DOWN,Down,8.0,0.51,,LOSS,NO,-8.0,Up,0x73ff20f936450bf4ed1dd1954d05479a08437b3d22881e1d374b182672ded954,66385804323064028003586135323096528568362821381382052639382897645719887717644
2026-04-21T00:25:02.994877+00:00,2026-04-21T00:36:04.797109+00:00,momentum,"Solana Up or Down - April 20, 8:25PM-8:30PM ET",DOWN,Down,4.0,0.52,,WIN,YES,3.6923076923076916,Down,0x596d15c28d7bfd4c38d6687e00b5e3b22bca8cce9852a006403d63581bb1d1a4,83322986194103013743995135046818732775011147669990472573988483139244040008671
2026-04-21T00:30:01.907098+00:00,2026-04-21T00:42:06.759679+00:00,momentum,"Bitcoin Up or Down - April 20, 8:30PM-8:35PM ET",UP,Up,4.0,0.53,,WIN,YES,3.547169811320754,Up,0xa4f2a6570fcb7d8ba06b860dd08d4d4284993fb46b93fce33f2269eaf25c9605,20635799695313297371614367365956441722605459131267045429296175751769918578663
2026-04-21T00:30:05.039596+00:00,2026-04-21T00:42:07.185601+00:00,momentum,"XRP Up or Down - April 20, 8:30PM-8:35PM ET",UP,Up,2.0,0.6,,WIN,YES,1.3333333333333335,Up,0x70c70d3d9716a61b9dfb33f03ed3fe593bdff735d86839a107aefd10eab50c9e,36591870252380738582060792220200329729610875303711920451718075230448920708341
2026-04-21T00:30:01.910253+00:00,2026-04-21T00:43:07.092933+00:00,momentum,"Ethereum Up or Down - April 20, 8:30PM-8:35PM ET",UP,Up,16.0,0.58,,WIN,YES,11.586206896551726,Up,0x1278605474a2b442d6f5c7eb1042fe7ad40dc5e7760f9d4b29494062343745eb,43037456427629474454148133664814100708017638799105136212114347518477819016697
2026-04-21T00:30:05.037175+00:00,2026-04-21T00:43:07.245599+00:00,momentum,"Solana Up or Down - April 20, 8:30PM-8:35PM ET",UP,Up,8.0,0.59,,WIN,YES,5.559322033898306,Up,0xf291a310953262af4b6d5ffddd1e91c600c85419a944849346a6d5011a09c21d,68070920082447278018286015599140837898411103280904831569941779223785366697800
2026-04-21T00:35:00.230938+00:00,2026-04-21T00:44:07.319549+00:00,momentum,"Bitcoin Up or Down - April 20, 8:35PM-8:40PM ET",UP,Up,2.0,0.53,,LOSS,NO,-2.0,Down,0x640aff963d8a5244cbef8efe703e046945b7906da4aadd23b94f4954ffa1e05c,25395065807109320711558425918987455812064260874810871089145128724745557668344
2026-04-21T00:35:03.495904+00:00,2026-04-21T00:45:08.932446+00:00,momentum,"Ethereum Up or Down - April 20, 8:35PM-8:40PM ET",DOWN,Down,2.0,0.51,,WIN,YES,1.9215686274509802,Down,0x410e5d1d28ffe47f514078e8fb842d005c2abda9bb4e5f33f418136ca2444509,72761358603832560416228109639947591187504279658583964153599722956454641520074
2026-04-21T00:35:07.035393+00:00,2026-04-21T00:45:09.189029+00:00,momentum,"Solana Up or Down - April 20, 8:35PM-8:40PM ET",DOWN,Down,2.0,0.52,,WIN,YES,1.8461538461538458,Down,0xc1f7708fa0566fd7ea7fc745c17fbed6505415161cac5594c35b6ed02f4fbaf2,27886019462324564247098058586321054224176288186549836110656168699489057817150
2026-04-21T00:35:13.242392+00:00,2026-04-21T00:46:08.873036+00:00,momentum,"XRP Up or Down - April 20, 8:35PM-8:40PM ET",DOWN,Down,2.0,0.51,,WIN,YES,1.9215686274509802,Down,0x2dc8dd19cde20097ce1cd64465ff46c5e16c129c42cc7fa67d2a862318a6b187,53544822440051036639969989546269596767025510876005774119442570966788535430457
2026-04-21T00:40:06.286965+00:00,2026-04-21T00:50:11.152153+00:00,momentum,"XRP Up or Down - April 20, 8:40PM-8:45PM ET",DOWN,Down,2.0,0.51,,WIN,YES,1.9215686274509802,Down,0x0e2c58f8f012a6357a00a7f40541f7127fb9d510791bcd5b8eed47a50b9b9bca,85789738756528358939822215535752328775974826523426872297284632975998962176887
2026-04-21T00:40:01.059247+00:00,2026-04-21T00:51:11.682589+00:00,momentum,"Ethereum Up or Down - April 20, 8:40PM-8:45PM ET",DOWN,Down,4.0,0.515,,WIN,YES,3.766990291262136,Down,0x89095e9c2a2f5c10ce298ce4af03b6d9f9756030d9f6eb8a61f25e0e704f388f,57577316558126820515889013413790941871613369218325864626823501760648616455625
2026-04-21T00:40:01.061538+00:00,2026-04-21T00:51:11.835057+00:00,momentum,"Bitcoin Up or Down - April 20, 8:40PM-8:45PM ET",DOWN,Down,4.0,0.575,,WIN,YES,2.9565217391304355,Down,0xad0605d622ba1227c10f2e0639e94062b597733d6d560711e72c59b141e07c8e,4085610037877058587473721330461896913534440212288798741738423488460028056157
2026-04-21T00:40:03.167194+00:00,2026-04-21T00:51:11.997262+00:00,momentum,"Solana Up or Down - April 20, 8:40PM-8:45PM ET",DOWN,Down,4.0,0.52,,WIN,YES,3.6923076923076916,Down,0x8bbd2cb9e2a4ddd638babd2403219fb03649b2a222047805e1854f9bf467f337,46435272688286806021873011041338891767387205497063132240948913736403265727686
2026-04-21T00:45:02.309507+00:00,2026-04-21T00:53:13.783878+00:00,momentum,"Solana Up or Down - April 20, 8:45PM-8:50PM ET",DOWN,Down,8.0,0.56,,LOSS,NO,-8.0,Up,0x7afcd813fef0396a3c65604b4471400d82087a0227353022128b2728bd65850e,113335936785729811280288030040339652315446288010944148303531763620966829017209
2026-04-21T00:45:00.141371+00:00,2026-04-21T00:54:13.227290+00:00,momentum,"Bitcoin Up or Down - April 20, 8:45PM-8:50PM ET",DOWN,Down,2.0,0.595,,LOSS,NO,-2.0,Up,0x785385e84a16cb3eca09c47ce7f74217b48626635397b4d5a73b546074e22ad9,2084216774140649769769445843144609984512388064163661827179674798682717624974
2026-04-21T00:45:02.306645+00:00,2026-04-21T00:54:13.315441+00:00,momentum,"XRP Up or Down - April 20, 8:45PM-8:50PM ET",DOWN,Down,4.0,0.56,,LOSS,NO,-4.0,Up,0x3fce42df715022c8318c184e9b9a1c65b23ce54eb74b34cf545356af195a6aa2,18843028364258630201040649061237675402366600584116874905305828128875721422526
2026-04-21T00:45:02.312820+00:00,2026-04-21T00:54:13.573366+00:00,momentum,"Ethereum Up or Down - April 20, 8:45PM-8:50PM ET",UP,Up,8.0,0.52,,WIN,YES,7.384615384615383,Up,0x187e59b9648ec564b313ce756271a15ca3e86d7153a15efc761ed4e6e14313f2,48342207511310251249113695018565439562859258236829401926896208036769423807269
2026-04-21T00:50:03.083599+00:00,2026-04-21T00:59:16.192347+00:00,momentum,"Solana Up or Down - April 20, 8:50PM-8:55PM ET",DOWN,Down,16.0,0.6,,WIN,YES,10.666666666666668,Down,0x9d28748537174e02501e7b1d0e1fbd2aa2cbc8297f7fa9ddbc8def7c8e99f289,29745695160885531350353240983531324512375662415963343962894873546037595370122
2026-04-21T00:50:01.006365+00:00,2026-04-21T01:00:16.742462+00:00,momentum,"XRP Up or Down - April 20, 8:50PM-8:55PM ET",DOWN,Down,8.0,0.51,,WIN,YES,7.686274509803921,Down,0xa9383ea19f353a4795a4a6da26c574f8f16efc490b9eae08aa4086061dda7877,89765013772022029220977744531794092087013665442650717836210830620140787809273
2026-04-21T00:50:03.075631+00:00,2026-04-21T01:00:16.924982+00:00,momentum,"Bitcoin Up or Down - April 20, 8:50PM-8:55PM ET",DOWN,Down,4.0,0.54,,WIN,YES,3.4074074074074066,Down,0x684ab7c8cb9751125a125854f455a1170e08229f27b45f51a2ba512aa87a9343,56906289936416976536817849765991673878745781694450117016379503484740325744293
2026-04-21T00:50:03.080365+00:00,2026-04-21T01:00:17.113086+00:00,momentum,"Ethereum Up or Down - April 20, 8:50PM-8:55PM ET",DOWN,Down,2.0,0.54,,WIN,YES,1.7037037037037033,Down,0x7889ac278351f1931a43522375afcaa2688f1c536180064f0eaaa0a550d8a377,72934692901047354463136435358780735565997734424917814628842368574261219788477
2026-04-21T00:55:02.076190+00:00,2026-04-21T01:05:19.792453+00:00,momentum,"Solana Up or Down - April 20, 8:55PM-9:00PM ET",DOWN,Down,2.0,0.55,,LOSS,NO,-2.0,Up,0x6f0cd46652462ec6a1149a2e19ecabfa3427a531b448e48091e9db73c33bdb75,34058173649430615496801442487135739406855210766344758310600096545622297207527
2026-04-21T00:55:02.079856+00:00,2026-04-21T01:05:19.832180+00:00,momentum,"Ethereum Up or Down - April 20, 8:55PM-9:00PM ET",DOWN,Down,2.0,0.55,,LOSS,NO,-2.0,Up,0x4bde1caa71942c0451770fde0167eccc3b74bdd1a913c1f27f6e363353c8c7ef,41069501505774242515285329403181771820165961297273140513723887101316333700442
2026-04-21T00:55:00.954809+00:00,2026-04-21T01:06:19.767354+00:00,momentum,"XRP Up or Down - April 20, 8:55PM-9:00PM ET",UP,Up,2.0,0.515,,WIN,YES,1.883495145631068,Up,0xe9be33bc718695939bba16bab9830232fbc16d18626e09520bbebb94286a9a16,90434722869799887470031439379414153092680352665199708556729610145135836714619
2026-04-21T00:55:02.073058+00:00,2026-04-21T01:06:19.815567+00:00,momentum,"Bitcoin Up or Down - April 20, 8:55PM-9:00PM ET",DOWN,Down,2.0,0.58,,LOSS,NO,-2.0,Up,0x501d772341b16e9668b67979f4cfbd1bd0e1b3f4542d475854b9bb8f3beecb75,97109900603314065781670560932170382623254269474610484325798438978912816349148
2026-04-21T01:00:00.903084+00:00,2026-04-21T01:09:21.564263+00:00,momentum,"Ethereum Up or Down - April 20, 9:00PM-9:05PM ET",DOWN,Down,4.0,0.58,,WIN,YES,2.8965517241379315,Down,0x0b21d221ffdbcc46866e9a6da0a392be12a50687003e448c53281787bcca15ea,4822246211530318585672962747227513763321128182701900771838883242098031921306
2026-04-21T01:00:00.895403+00:00,2026-04-21T01:10:21.737416+00:00,momentum,"Bitcoin Up or Down - April 20, 9:00PM-9:05PM ET",DOWN,Down,4.0,0.52,,LOSS,NO,-4.0,Up,0x2726722c79b05b347bfc2af27aa008572346e7610a97cba8c828f940b1a0b11d,8667548492910311418615638155111902181956703194943987937131605657031322666934
2026-04-21T01:00:04.005267+00:00,2026-04-21T01:10:21.971351+00:00,momentum,"XRP Up or Down - April 20, 9:00PM-9:05PM ET",DOWN,Down,2.0,0.57,,LOSS,NO,-2.0,Up,0x57f0d7462ca3e6f6503b879fbee8cf52332f062d0a36acca8cfe9f33cb7fa271,2914495706514923859858197031457276256729146428859635265868024180486909337540
2026-04-21T01:00:00.898542+00:00,2026-04-21T01:12:22.735896+00:00,momentum,"Solana Up or Down - April 20, 9:00PM-9:05PM ET",DOWN,Down,4.0,0.53,,WIN,YES,3.547169811320754,Down,0xeaab74ba2d63b419bc3b8eb749cd217199901e133bb1edfc063a53e4cf5e9996,109629971618852896095525687601371280954723202680015773588118028905141566717240
2026-04-21T01:05:13.451073+00:00,2026-04-21T01:14:24.205495+00:00,momentum,"XRP Up or Down - April 20, 9:05PM-9:10PM ET",DOWN,Down,4.0,0.51,,LOSS,NO,-4.0,Up,0x95f2a2f69f748b36bbdfbbcb09a03c3edb809632e31645d814d91138dda16a4a,6289139591626429190377023164032287650443021334032837389616172846172480709586
2026-04-21T01:05:00.900306+00:00,2026-04-21T01:15:24.140258+00:00,momentum,"Solana Up or Down - April 20, 9:05PM-9:10PM ET",DOWN,Down,2.0,0.53,,LOSS,NO,-2.0,Up,0x6c6fba13cfd22e6acf33551e2d166d6b171daf927cf761cb4c683eb813c31bde,71784818192946924573952176052088563737983446167439293272985358965899551192194
2026-04-21T01:05:00.897064+00:00,2026-04-21T01:16:24.939052+00:00,momentum,"Bitcoin Up or Down - April 20, 9:05PM-9:10PM ET",DOWN,Down,8.0,0.53,,LOSS,NO,-8.0,Up,0x3fd6a831004fc6a8d9e587f5e61e2a2d8e0496ff22ee4290932736db8aaaab83,97316861335956369907683811165098711132048040291150170864385043135548165467991
2026-04-21T01:05:00.905505+00:00,2026-04-21T01:16:24.991709+00:00,momentum,"Ethereum Up or Down - April 20, 9:05PM-9:10PM ET",DOWN,Down,2.0,0.55,,LOSS,NO,-2.0,Up,0x0c2ec1d922ab8ce3820b44959ef01f56ebf7961790f4c883c0b7a6313e7bebeb,13363011929282951591701324292933463651517192413496557709060844880682149588160
2026-04-21T01:10:00.311715+00:00,2026-04-21T01:21:26.431740+00:00,momentum,"Solana Up or Down - April 20, 9:10PM-9:15PM ET",DOWN,Down,2.0,0.51,,LOSS,NO,-2.0,Up,0xd1e856a19e76dd2510da4af8a414e64498d6452ef85fe21d6b29ccecb462f67c,105463786099745967109514956048425583083304468271408632738315825592190414661743
2026-04-21T01:10:00.316195+00:00,2026-04-21T01:21:26.592454+00:00,momentum,"Bitcoin Up or Down - April 20, 9:10PM-9:15PM ET",DOWN,Down,8.0,0.55,,WIN,YES,6.545454545454545,Down,0xf7d30cb7f2e0ed9a647b357694b10b6542fbb8434fe25eea831b90fd1017da54,100645204887107459511236538395402130120728259337779944686634187243149953058825
2026-04-21T01:10:00.320142+00:00,2026-04-21T01:21:26.634633+00:00,momentum,"XRP Up or Down - April 20, 9:10PM-9:15PM ET",DOWN,Down,4.0,0.51,,LOSS,NO,-4.0,Up,0xf75065a236d185776b2abd530fa581101353172b56100aa72302c49214cfcecb,95694283704623077623701043935694380646142623653173241118423704603879653922385
2026-04-21T01:10:00.308258+00:00,2026-04-21T01:22:27.457872+00:00,momentum,"Ethereum Up or Down - April 20, 9:10PM-9:15PM ET",DOWN,Down,4.0,0.53,,WIN,YES,3.547169811320754,Down,0xab7ed677e58571a2577d3e1c4250eab403557f8d50e48c31c556f0981c59f322,75951641216860118674468590233389581521617445417838426527660532189076752989226
2026-04-21T01:15:03.664229+00:00,2026-04-21T01:23:28.319637+00:00,momentum,"XRP Up or Down - April 20, 9:15PM-9:20PM ET",DOWN,Down,8.0,0.57,,LOSS,NO,-8.0,Up,0xf02a3f5f8fd5e4726e266503459205a25d51da3ca538b0e86c9aa895ba350ead,15537805998571524072916722256748673545442489942946205132292146748243863116563
2026-04-21T01:15:03.668299+00:00,2026-04-21T01:23:28.560568+00:00,momentum,"Solana Up or Down - April 20, 9:15PM-9:20PM ET",DOWN,Down,4.0,0.64,,WIN,YES,2.25,Down,0x835cf46a14c87ca53dbdea7a7e6d7b4682b9a59a76ba282948bfcf956eceb108,9389520295684470369795749265189562144406313352308539949655938730155213840478
2026-04-21T01:15:00.556074+00:00,2026-04-21T01:24:29.115596+00:00,momentum,"Ethereum Up or Down - April 20, 9:15PM-9:20PM ET",DOWN,Down,2.0,0.52,,WIN,YES,1.8461538461538458,Down,0xd8771277e00f0f61215788cf90b11acd1eae5b0348f55c70f098c35e2e3670a8,86072201025499141299325479707161817444190614122341658273595549872813505680192
2026-04-21T01:15:00.560227+00:00,2026-04-21T01:25:30.162911+00:00,momentum,"Bitcoin Up or Down - April 20, 9:15PM-9:20PM ET",DOWN,Down,2.0,0.52,,WIN,YES,1.8461538461538458,Down,0xdea05619e65f4634f92dbb9e6fcfa79944218f57f03c6f10844c2711c6582ed5,94649328280230205508181298214558722813954728357477407218371728789879481248396
2026-04-21T01:20:05.030828+00:00,2026-04-21T01:29:31.790761+00:00,momentum,"Solana Up or Down - April 20, 9:20PM-9:25PM ET",UP,Up,2.0,0.54,,WIN,YES,1.7037037037037033,Up,0xf0d0d15cefd668d002f954b9406f3d3946cf3c9211d0b5318717cca018777611,104360714299497319919457461471370640876185117909388433201424536432955520179802
2026-04-21T01:20:01.955372+00:00,2026-04-21T01:30:32.399058+00:00,momentum,"Ethereum Up or Down - April 20, 9:20PM-9:25PM ET",UP,Up,2.0,0.51,,WIN,YES,1.9215686274509802,Up,0xe1eb49836bc1dab0327e8ceb57d767ce150b9ab2c4cbe80afe3afe26f79a1d5e,8865936348515633502252510656133845867034707366672445735798387033664751881386
2026-04-21T01:20:05.026390+00:00,2026-04-21T01:30:32.743223+00:00,momentum,"Bitcoin Up or Down - April 20, 9:20PM-9:25PM ET",UP,Up,2.0,0.55,,WIN,YES,1.6363636363636362,Up,0xa40081a36f4a116b81d04e248c4e340c2db4a1cb6cbf3d10fa3247b783def8d9,4019127292527491909974277387104587531165983026987020039105660308572775259017
2026-04-21T01:20:01.959208+00:00,2026-04-21T01:31:32.819572+00:00,momentum,"XRP Up or Down - April 20, 9:20PM-9:25PM ET",DOWN,Down,2.0,0.51,,LOSS,NO,-2.0,Up,0x6c9a8b31ce39d829e83f12f7d6e1e1cceb6fd289e1dcb5419a316a1545d39c19,21428121276516580733414344743037060247847667506541168863034290793995953907034
2026-04-21T01:25:00.813398+00:00,2026-04-21T01:36:35.395739+00:00,momentum,"XRP Up or Down - April 20, 9:25PM-9:30PM ET",DOWN,Down,4.0,0.51,,WIN,YES,3.8431372549019605,Down,0xb34913bd1563b6bdc0eef053ec2c8eebb34b6b086b2e725ac93c22e1f9d9ef50,31749884092085093903224140440137144666122735320530614837851988015916465759045
2026-04-21T01:25:00.817684+00:00,2026-04-21T01:36:35.582017+00:00,momentum,"Bitcoin Up or Down - April 20, 9:25PM-9:30PM ET",UP,Up,2.0,0.51,,WIN,YES,1.9215686274509802,Up,0xb5ee87de7b20af75544cd66c36824b83bce4ac8d897c4ea8821e6a381bfbaf97,97274303135636462007508726216259382468880423288459965710147155379702518279091
2026-04-21T01:25:07.029157+00:00,2026-04-21T01:36:35.737663+00:00,momentum,"Solana Up or Down - April 20, 9:25PM-9:30PM ET",UP,Up,2.0,0.55,,WIN,YES,1.6363636363636362,Up,0x2184adf3aa76190e68bf935156fd1ffd809ece784107db709189e9e6312325e6,66398189555716716920723777094019754152430089913956587202527530282656740473950
2026-04-21T01:25:07.033851+00:00,2026-04-21T01:36:35.914582+00:00,momentum,"Ethereum Up or Down - April 20, 9:25PM-9:30PM ET",UP,Up,2.0,0.59,,WIN,YES,1.3898305084745766,Up,0xd4edcb97921067ce3be2ba1c620911003a882afa6dbe66cb274e925d4c8d510a,37374189466335217396442852976375597105783397504253344013488925291729149882770
2026-04-21T01:30:01.627670+00:00,2026-04-21T01:38:36.974828+00:00,momentum,"Bitcoin Up or Down - April 20, 9:30PM-9:35PM ET",DOWN,Down,2.0,0.51,,WIN,YES,1.9215686274509802,Down,0x190956063cb90f9320da685cc8a51dc0e3f8917d383cabbde3145d4e11f58709,100109590818624227945741295030164806700969555622731235584419685856757560257341
2026-04-21T01:30:01.638617+00:00,2026-04-21T01:38:37.255216+00:00,momentum,"XRP Up or Down - April 20, 9:30PM-9:35PM ET",DOWN,Down,2.0,0.52,,WIN,YES,1.8461538461538458,Down,0xe1dd72d5c441708f46dfc61c5c60c3b548aa68dc8841301a6958d4777a7ee98f,1821341715909552650527398377797793570162260159908484625576700995916132851138
2026-04-21T01:30:01.644144+00:00,2026-04-21T01:38:37.399317+00:00,momentum,"Ethereum Up or Down - April 20, 9:30PM-9:35PM ET",UP,Up,2.0,0.51,,WIN,YES,1.9215686274509802,Up,0xc1adfdf96eb15026b1c3f83e195a4ee61fc15c9f17739fb542eb21f65c0b9003,78408335091354375614523923903063691761915709331003332630163616969159619020919
2026-04-21T01:30:01.634497+00:00,2026-04-21T01:39:37.498838+00:00,momentum,"Solana Up or Down - April 20, 9:30PM-9:35PM ET",UP,Up,2.0,0.51,,WIN,YES,1.9215686274509802,Up,0xa017296fd9ba161c3c091565ce98a7a53b37bafd1bcf60b92554273a912829a1,96646130821585907462202168923818580604632032256803178838724411112535364035916
2026-04-21T01:35:01.670307+00:00,2026-04-21T01:44:39.483446+00:00,momentum,"XRP Up or Down - April 20, 9:35PM-9:40PM ET",DOWN,Down,2.0,0.53,,LOSS,NO,-2.0,Up,0x5b71e2e021a40e9778d0b91575e1c59e8e534a8e21f40091664426075f447a5b,68637047097766249575900411442202615608938768403838557937553516715440515479352
2026-04-21T01:35:01.677505+00:00,2026-04-21T01:45:40.272530+00:00,momentum,"Ethereum Up or Down - April 20, 9:35PM-9:40PM ET",DOWN,Down,2.0,0.53,,WIN,YES,1.773584905660377,Down,0x67290105e1d3e137a23571b1997a4022c75d8f904781c4c9d1f29ba6112d2f09,91503686773527733387055775623423736939033320996633133394777814374986945358466
2026-04-21T01:35:08.061601+00:00,2026-04-21T01:45:40.583118+00:00,momentum,"Solana Up or Down - April 20, 9:35PM-9:40PM ET",DOWN,Down,2.0,0.52,,WIN,YES,1.8461538461538458,Down,0x177edcf7d88ebf743faf80a699dbfebe13f5f1f12b150feb259220bc9fbbc4b6,22547631279377644636871939558521255450897649310202484805435997244173085644264
2026-04-21T01:35:04.786944+00:00,2026-04-21T01:46:40.371996+00:00,momentum,"Bitcoin Up or Down - April 20, 9:35PM-9:40PM ET",DOWN,Down,2.0,0.51,,WIN,YES,1.9215686274509802,Down,0x3bb3d144c5eec8aa6509d3d9d48bfc2317f7cefdc790bcf56c1683a87e5b919d,64775583707205129152959018775464638645361440214479699124724327492480681801643
2026-04-21T01:40:00.738499+00:00,2026-04-21T01:51:43.848741+00:00,momentum,"Bitcoin Up or Down - April 20, 9:40PM-9:45PM ET",DOWN,Down,2.0,0.58,,LOSS,NO,-2.0,Up,0xf6362e5005ed5f68320d7caa6a12ddbc42bd1b71517c62d9a23199b3822bc4e3,44811308680413209156832358107459351360133368893908484891076904903377314710568
2026-04-21T01:40:04.059372+00:00,2026-04-21T01:51:43.888993+00:00,momentum,"Ethereum Up or Down - April 20, 9:40PM-9:45PM ET",DOWN,Down,2.0,0.58,,LOSS,NO,-2.0,Up,0x389eb2f79fdeb3aab5e24ef48770a51012a3a15f2a7f4c976d40873d1a323561,10445233031574583116499239186661313489761968921545502135188170908221371948803
2026-04-21T01:40:04.078250+00:00,2026-04-21T01:51:43.942731+00:00,momentum,"Solana Up or Down - April 20, 9:40PM-9:45PM ET",DOWN,Down,2.0,0.58,,LOSS,NO,-2.0,Up,0xdb22158fc5503d6151c046cf74e9062ee325a904e408930774487573b969bf0d,105949709816601319586930083479357896689985773808246396628047334488237731003520
2026-04-21T01:40:04.101191+00:00,2026-04-21T01:51:43.991053+00:00,momentum,"XRP Up or Down - April 20, 9:40PM-9:45PM ET",DOWN,Down,4.0,0.51,,LOSS,NO,-4.0,Up,0xa2239ff3130397069e82ab026fb899312fbbac7b834be10b1849e332694ae008,83876789241031314567255190904272983033349084979754928589003982442219628279521
2026-04-21T01:45:00.839920+00:00,2026-04-21T01:56:47.698454+00:00,momentum,"Bitcoin Up or Down - April 20, 9:45PM-9:50PM ET",UP,Up,2.0,0.52,,LOSS,NO,-2.0,Down,0x609655edb19d88115b0e3808fe1ca61da0792cd8cde57efc551f0919ac67b09e,28537358824779789731167881780674203577290069356266746997099711301382673253485
2026-04-21T01:45:03.913429+00:00,2026-04-21T01:56:48.041850+00:00,momentum,"XRP Up or Down - April 20, 9:45PM-9:50PM ET",DOWN,Down,2.0,0.59,,WIN,YES,1.3898305084745766,Down,0xd8482d896832a9ed9f8dc67711ac100f9ed882560e30279592d89d8787e91cbe,114511663283028815480741777812192910651545052847905731559238668422933984794643
2026-04-21T01:45:03.908285+00:00,2026-04-21T01:57:48.590006+00:00,momentum,"Ethereum Up or Down - April 20, 9:45PM-9:50PM ET",UP,Up,4.0,0.51,,LOSS,NO,-4.0,Down,0x71627171d2fb5bf8e75e6f736df2e2fe6756ebc0d559fddcea8698dbd7f67ab9,38685259021513711867039765390199490581635358706578367357453368070754098002906
2026-04-21T01:45:16.439568+00:00,2026-04-21T01:57:48.791892+00:00,momentum,"Solana Up or Down - April 20, 9:45PM-9:50PM ET",DOWN,Down,2.0,0.63,,WIN,YES,1.1746031746031744,Down,0xb1e731119ba61d4473dfee545e5248ac416b42d9c1fe33171b3bdcacef067b7b,88706570436864290610815392800412905512012897020742241112458738680731022142110
2026-04-21T01:50:00.600998+00:00,2026-04-21T02:00:50.546091+00:00,momentum,"Solana Up or Down - April 20, 9:50PM-9:55PM ET",UP,Up,2.0,0.52,,LOSS,NO,-2.0,Down,0x9cd675534e458d823a6c993590e056a2592b2c9724ecf4f2e8b2a1bb8dbbd489,17394282110013201224326991747008145988421002245296931431240324735231665653150
2026-04-21T01:50:00.608053+00:00,2026-04-21T02:00:50.585503+00:00,momentum,"Bitcoin Up or Down - April 20, 9:50PM-9:55PM ET",UP,Up,4.0,0.52,,LOSS,NO,-4.0,Down,0x9ab357a69264163924b0e40bd259ff2d8528e9a8fc0f3ea8574e598107dacf02,73031794055080774008455259364956462197934382344062390056730037362937312426344
2026-04-21T01:50:03.669261+00:00,2026-04-21T02:00:50.629578+00:00,momentum,"Ethereum Up or Down - April 20, 9:50PM-9:55PM ET",UP,Up,8.0,0.51,,LOSS,NO,-8.0,Down,0x649fbf429ee3fe46ff1be99b42280d340cd5b2f6f2a16506b62002e0ccbf26ab,1927420953959854251852864893476014719443459003382214824427733748624379633708
2026-04-21T01:50:06.739794+00:00,2026-04-21T02:00:50.672609+00:00,momentum,"XRP Up or Down - April 20, 9:50PM-9:55PM ET",UP,Up,2.0,0.53,,LOSS,NO,-2.0,Down,0x473e2f6719d1cd33c3a5447d514ceda8244098ca12865d729ca5db5fe162ba77,40332720418460305933383493824358341705272269291822758659196191473483435821006
2026-04-21T01:55:00.374389+00:00,2026-04-21T02:05:53.892321+00:00,momentum,"Bitcoin Up or Down - April 20, 9:55PM-10:00PM ET",UP,Up,8.0,0.52,,WIN,YES,7.384615384615383,Up,0x4451cd146d8f34bb98a0b965e0d2f02b5c5db885bab78d3429a9c8c3a1bdad84,71865153056084525672113664265415837822294499530248543007581225700904723130347
2026-04-21T01:55:15.723884+00:00,2026-04-21T02:05:54.074121+00:00,momentum,"XRP Up or Down - April 20, 9:55PM-10:00PM ET",DOWN,Down,4.0,0.57,,LOSS,NO,-4.0,Up,0xa76ece9d19ad048d66196f69655ab0807815cc0a9b62e11a3e4bf54e78143d11,110858611077531978629407230977957890087058079256111808979580560986197355733151
2026-04-21T01:55:00.368904+00:00,2026-04-21T02:06:53.663990+00:00,momentum,"Ethereum Up or Down - April 20, 9:55PM-10:00PM ET",UP,Up,16.0,0.52,,LOSS,NO,-16.0,Down,0x6d6095563e5594857265817f87b468af7f5532b5fb19d1d2576c9582edc02e51,54469287363650081808475665547068218080415869182743329316464717899959278173742
2026-04-21T01:55:00.380869+00:00,2026-04-21T02:06:53.873423+00:00,momentum,"Solana Up or Down - April 20, 9:55PM-10:00PM ET",UP,Up,4.0,0.53,,WIN,YES,3.547169811320754,Up,0x217cf9c0773ce6b9e27bbe9c3ca879b3b1c25b02dcbafe56e9dea769e8d46bb6,19992012261404440901040628174191263922761862656231418239780092837436609724205
2026-04-21T02:00:00.230163+00:00,2026-04-21T02:08:55.539777+00:00,momentum,"Ethereum Up or Down - April 20, 10:00PM-10:05PM ET",UP,Up,32.0,0.535,,LOSS,NO,-32.0,Down,0x760f840247b5e437eaf2ec2925d72a66f490bb59da726d3ddad213cd7d397584,76491835347640187474938252241061054761439897006200827496880297589911517041348
2026-04-21T02:00:01.345534+00:00,2026-04-21T02:08:55.885840+00:00,momentum,"Solana Up or Down - April 20, 10:00PM-10:05PM ET",UP,Up,2.0,0.51,,LOSS,NO,-2.0,Down,0x245a1391d2be2280bd236158412f87b0e806a9f7af0fd7aa6792f7d7e978df3b,5056767221591212437139291326025250669035600607633560499113333857920550131623
2026-04-21T02:00:00.236605+00:00,2026-04-21T02:09:56.346790+00:00,momentum,"XRP Up or Down - April 20, 10:00PM-10:05PM ET",UP,Up,8.0,0.51,,LOSS,NO,-8.0,Down,0x7510c6fb4e64540c8b426495ec0422f0893f0349d54ec8d633f74df421476e1a,105061133348132118492641244893652260818417015347537109960759917224238506803734
2026-04-21T02:00:01.338328+00:00,2026-04-21T02:09:56.496097+00:00,momentum,"Bitcoin Up or Down - April 20, 10:00PM-10:05PM ET",DOWN,Down,16.0,0.61,,WIN,YES,10.229508196721312,Down,0xb47c5c4a6c3273b2c4b26c244a8f2212e1ccfbb158ebb34f308005f1d452a63c,7259429042536306653461256131852379767910698039435776279627362119137311916089
2026-04-21T02:05:00.073680+00:00,2026-04-21T02:14:59.656757+00:00,momentum,"XRP Up or Down - April 20, 10:05PM-10:10PM ET",UP,Up,16.0,0.51,,WIN,YES,15.372549019607842,Up,0xe58f8d96cc6be31bc1bb520a7a3742f01ed641043c51e74d26369abd6d073992,89241596302916196388281275032065057136588304318038697257357842248936895410876
2026-04-21T02:05:02.161433+00:00,2026-04-21T02:14:59.963808+00:00,momentum,"Solana Up or Down - April 20, 10:05PM-10:10PM ET",UP,Up,4.0,0.52,,LOSS,NO,-4.0,Down,0xf545f040e797a3868e61662d4c38a0351f2d9808dbcb89d4221b54862865e2ad,77044403695238936519995099406576690263008305906688511309812029781394669263557
2026-04-21T02:05:02.148443+00:00,2026-04-21T02:15:59.897558+00:00,momentum,"Bitcoin Up or Down - April 20, 10:05PM-10:10PM ET",UP,Up,2.0,0.56,,WIN,YES,1.5714285714285712,Up,0x0f49bb47933a596a9b78aa59225fbe075664f2871f928c88e66fe13b7a18fdf0,112595742257292687850170591980638963074001168403204238721136458117266715543593
2026-04-21T02:05:02.154579+00:00,2026-04-21T02:15:59.942128+00:00,momentum,"Ethereum Up or Down - April 20, 10:05PM-10:10PM ET",UP,Up,64.0,0.54,,LOSS,NO,-64.0,Down,0x0dfcdb92a127570bade44d71ea41e2959dada5a52cb66166360fb790e0f96d30,56777602128329597798483631662411639567531801927107102191300227902534930339359
2026-04-21T02:10:00.271593+00:00,2026-04-21T02:21:03.227231+00:00,momentum,"Solana Up or Down - April 20, 10:10PM-10:15PM ET",UP,Up,8.0,0.54,,WIN,YES,6.814814814814813,Up,0x5b84f272c5f7d3fe2e225adf64af0aa71af0b609d73cf2bde588523b61ff3ce9,12003811901079623318128441948981219530907545106940650802273992689860361441647
2026-04-21T02:10:00.259400+00:00,2026-04-21T02:22:03.801695+00:00,momentum,"Ethereum Up or Down - April 20, 10:10PM-10:15PM ET",UP,Up,128.0,0.55,,WIN,YES,104.72727272727272,Up,0x9bdd2dc6842afae6ad619976342d01c72171062af93c69797396287cf1b31655,65765305531233985159921755944281730102496204071534461377186243044919325861014
2026-04-21T02:10:00.264934+00:00,2026-04-21T02:22:03.844411+00:00,momentum,"XRP Up or Down - April 20, 10:10PM-10:15PM ET",UP,Up,2.0,0.53,,LOSS,NO,-2.0,Down,0x78c5d25ce097b2b09f32757dcd3f18d92e0066a7953ed8449ed5bb3457f417dc,51548657001246269000089384594544689696250470782625911655047694238096213101148
2026-04-21T02:10:06.751884+00:00,2026-04-21T02:22:03.887242+00:00,momentum,"Bitcoin Up or Down - April 20, 10:10PM-10:15PM ET",UP,Up,2.0,0.51,,LOSS,NO,-2.0,Down,0xe96e7fcb475531b444a6e4c5ffcbdcb2d1655d17231e353dab0b5d133449bec0,45484713757233805425470327127577702114229353454967313597562919461285746556923
2026-04-21T02:15:01.652244+00:00,2026-04-21T02:26:07.081497+00:00,momentum,"Solana Up or Down - April 20, 10:15PM-10:20PM ET",UP,Up,2.0,0.52,,WIN,YES,1.8461538461538458,Up,0xe0932cc300ad5564cb208120347ef0b4b1c9631bd86d8d6a2d02d030b46eed90,21301449661782090726973508105364402402480533448291117418916119052200742892048
2026-04-21T02:15:23.562864+00:00,2026-04-21T02:27:07.885472+00:00,momentum,"XRP Up or Down - April 20, 10:15PM-10:20PM ET",DOWN,Down,4.0,0.54,,WIN,YES,3.4074074074074066,Down,0xbcac029a3340c67fa1895b99b6baea2b376224283ae5eea2663c062da71421fe,58334670952277978828637967987261587804506980588168732769013258017418632078553
2026-04-21T02:15:01.645720+00:00,2026-04-21T02:28:08.169151+00:00,momentum,"Bitcoin Up or Down - April 20, 10:15PM-10:20PM ET",UP,Up,4.0,0.52,,WIN,YES,3.6923076923076916,Up,0x2579e49be15f2f0dc0cd7e47e3737c6fdf5c192c68b37542f3ff4767344572c0,76021698477971062351897358347597711819710847767170116461150763087845767358789
2026-04-21T02:15:01.659415+00:00,2026-04-21T02:28:08.339474+00:00,momentum,"Ethereum Up or Down - April 20, 10:15PM-10:20PM ET",UP,Up,2.0,0.51,,WIN,YES,1.9215686274509802,Up,0x9afc31c91c4d3cb9af28f0cd1e004a609e57c840f48bd6048318462313c863da,19163602973866186828268397217148307766116294814191112598362162546984262509845
2026-04-21T02:20:01.631758+00:00,2026-04-21T02:29:08.664108+00:00,momentum,"Bitcoin Up or Down - April 20, 10:20PM-10:25PM ET",UP,Up,8.0,0.55,,LOSS,NO,-8.0,Down,0x47d989b9c3876d3ffeb84807f263b36044bd256685baeaa6d56d9de222ea1667,91459384978013521486095842714919524451222170319391337771315501955536469955629
2026-04-21T02:20:05.211907+00:00,2026-04-21T02:29:08.830250+00:00,momentum,"Ethereum Up or Down - April 20, 10:20PM-10:25PM ET",UP,Up,2.0,0.52,,LOSS,NO,-2.0,Down,0xb1c7e323115fde13167bdd43594d9e56af027c3c70f14a09d3f0a788fe53c4b4,79664927935052550249363601398502812396100536433203152956121892618711470925490
2026-04-21T02:20:00.551735+00:00,2026-04-21T02:30:08.949943+00:00,momentum,"XRP Up or Down - April 20, 10:20PM-10:25PM ET",UP,Up,2.0,0.525,,WIN,YES,1.8095238095238093,Up,0xf25428b6e757f99bb5f85459b8835de629cf346f3b2e68dcd8f85807d13aecd5,62545820770953355694940773738593090357729678212207583253212664230514803277713
2026-04-21T02:20:01.642246+00:00,2026-04-21T02:30:08.995627+00:00,momentum,"Solana Up or Down - April 20, 10:20PM-10:25PM ET",UP,Up,2.0,0.53,,LOSS,NO,-2.0,Down,0xa3a4584c85c41830606ea7ce32988a6bd25450253b833f56bdee32657286b84f,9860761965687605676035563697716610530614446104014339073505552337089760344509
2026-04-21T02:25:00.669243+00:00,2026-04-21T02:36:11.510147+00:00,momentum,"XRP Up or Down - April 20, 10:25PM-10:30PM ET",UP,Up,2.0,0.51,,LOSS,NO,-2.0,Down,0x6322610e57cdbb5a88f6e240389963658388c907755a61501ac873266541ae55,25356540707737953090035394028678399713133178066042538275208912623212991903806
2026-04-21T02:25:00.675471+00:00,2026-04-21T02:36:11.660988+00:00,momentum,"Solana Up or Down - April 20, 10:25PM-10:30PM ET",UP,Up,4.0,0.515,,WIN,YES,3.766990291262136,Up,0xffdf1edaf157bbbdd2341b384f5a5a14fe23644b8d3e4790049ac9a593f9fe9a,45700227116642569018048856259367592770096456010112646994261450109167781175630
2026-04-21T02:25:02.741444+00:00,2026-04-21T02:36:11.814579+00:00,momentum,"Ethereum Up or Down - April 20, 10:25PM-10:30PM ET",UP,Up,4.0,0.52,,WIN,YES,3.6923076923076916,Up,0x05f714ab042bbc48b5bd203c5d2301489ea25f7d1ca83c773ccb808c97e58863,54763376055867215493325049222293900086202090687868164868482105332591293527060
2026-04-21T02:25:05.808416+00:00,2026-04-21T02:36:11.961433+00:00,momentum,"Bitcoin Up or Down - April 20, 10:25PM-10:30PM ET",DOWN,Down,2.0,0.54,,WIN,YES,1.7037037037037033,Down,0x877b4ceb4e106f4f06afa15dc0ddfaedf90b892ccb5b479f7364141a75584a70,37021292224981143920069032799646113665067894106307530603702140770004242134751
2026-04-21T02:30:00.915651+00:00,2026-04-21T02:42:15.442614+00:00,momentum,"Solana Up or Down - April 20, 10:30PM-10:35PM ET",UP,Up,2.0,0.51,,WIN,YES,1.9215686274509802,Up,0xf70601bae0a521d54c835326c4529b7df5c8cfb516c39bc8b820919777a8a773,50474583250858164043696776667057434801578777106793305555538004182685490913485
2026-04-21T02:30:03.245031+00:00,2026-04-21T02:42:15.902489+00:00,momentum,"Bitcoin Up or Down - April 20, 10:30PM-10:35PM ET",UP,Up,2.0,0.65,,WIN,YES,1.0769230769230766,Up,0x2c2fffbfe88d2982dc679e7bf41f0a22f260936c36bf540deb6d5f15a6d7661a,76752427551685251317478519524768446342298509340696044484814596710465549899400
2026-04-21T02:30:03.251442+00:00,2026-04-21T02:42:16.086191+00:00,momentum,"Ethereum Up or Down - April 20, 10:30PM-10:35PM ET",UP,Up,2.0,0.54,,WIN,YES,1.7037037037037033,Up,0x417ad75c3ecdf675bb4b7daabe53b65af6a7eea596a1ccaa5bffd1ee00598391,41090459673016878992271270845047814975350147741611794062398120357954654369027
2026-04-21T02:30:00.921991+00:00,2026-04-21T02:43:16.232260+00:00,momentum,"XRP Up or Down - April 20, 10:30PM-10:35PM ET",UP,Up,2.0,0.51,,WIN,YES,1.9215686274509802,Up,0x26b986d9f2de40ea761592e492fda6458b5c914e5383f1bf60ada867a71aa253,26361994219979673320611466049537718776659928266097304372756301843040640476863
2026-04-21T02:35:00.387912+00:00,2026-04-21T02:44:17.096090+00:00,momentum,"Ethereum Up or Down - April 20, 10:35PM-10:40PM ET",UP,Up,2.0,0.51,,LOSS,NO,-2.0,Down,0x8d4968f4c36383b8cf23e8f94c2377d072c60c70c9347e4f5d42bb5828ae49a6,94781015833517693902905570222149280224888819548014991604701278055742414074697
2026-04-21T02:35:03.452822+00:00,2026-04-21T02:44:17.138700+00:00,momentum,"Solana Up or Down - April 20, 10:35PM-10:40PM ET",UP,Up,2.0,0.57,,LOSS,NO,-2.0,Down,0xd2c4fc6fe4aefeaa97c8aafc9fd4235c682a68381535794cd2cf1a04165e0ac9,71611092809796163835327884760993465189712512584390715195499687082133743071216
2026-04-21T02:35:25.598216+00:00,2026-04-21T02:44:17.192269+00:00,momentum,"XRP Up or Down - April 20, 10:35PM-10:40PM ET",UP,Up,2.0,0.52,,LOSS,NO,-2.0,Down,0xebecd54f3011d7276fd7455fe663a4d68a9143dc6ba6789739bab34f50f0d564,84933147295524112327732274694352767247147909428568231431686771863413777702141
2026-04-21T02:35:00.380987+00:00,2026-04-21T02:46:17.248976+00:00,momentum,"Bitcoin Up or Down - April 20, 10:35PM-10:40PM ET",UP,Up,2.0,0.53,,LOSS,NO,-2.0,Down,0x6fa43fb6737f5c505ffd3a13a3d8844101a18777e35d915ec299e6b473d4f457,30470462911138897607553354863267022993450012155976165947913817754536136069074
2026-04-21T02:40:00.060004+00:00,2026-04-21T02:50:20.218670+00:00,momentum,"Ethereum Up or Down - April 20, 10:40PM-10:45PM ET",UP,Up,4.0,0.51,,LOSS,NO,-4.0,Down,0x0ef904a4b9b42b72aa22bb2483ac07283973b32effebc6c19962312f47441daa,79963249549132507997043528748759409978891895734871821251371276113162080950454
2026-04-21T02:40:02.194344+00:00,2026-04-21T02:50:20.264772+00:00,momentum,"Bitcoin Up or Down - April 20, 10:40PM-10:45PM ET",UP,Up,2.0,0.54,,LOSS,NO,-2.0,Down,0xf9ecbf8933a3e9bad508b57ce2af60cbdcc70c7b2ecfb79685d78d4dcb537eaf,83874412832242217403573604028366022930343620577151012516277549710688841549011
2026-04-21T02:40:00.053427+00:00,2026-04-21T02:51:20.974825+00:00,momentum,"Solana Up or Down - April 20, 10:40PM-10:45PM ET",UP,Up,4.0,0.515,,LOSS,NO,-4.0,Down,0xd788e3d44b6ae1cf6296eaddd22b0cc6315ed2fb4466972b550ba47afe802b54,29520677391654164059605751660817782449958554781140291960549333405483449471858
2026-04-21T02:40:05.233001+00:00,2026-04-21T02:51:21.016339+00:00,momentum,"XRP Up or Down - April 20, 10:40PM-10:45PM ET",UP,Up,4.0,0.54,,LOSS,NO,-4.0,Down,0xbfda9297cce5adbd27024b1e2ec11a1d3cbac43267e60ac3ec6e281b4feed69a,86919683691887645221721488415594371641368388365707665361509438698253193720550
2026-04-21T02:45:00.822272+00:00,2026-04-21T02:56:24.052100+00:00,momentum,"XRP Up or Down - April 20, 10:45PM-10:50PM ET",UP,Up,8.0,0.51,,LOSS,NO,-8.0,Down,0xe0ea7f61e2ae2f71a62bd7ca903d6f45ce530b8010286907168f682449e83f3e,64305520714292265231751572996446511056801700448717887205831829889153987189774
2026-04-21T02:45:00.815385+00:00,2026-04-21T02:57:23.949137+00:00,momentum,"Ethereum Up or Down - April 20, 10:45PM-10:50PM ET",UP,Up,8.0,0.51,,LOSS,NO,-8.0,Down,0x615e51b01689d39ae8b2b2c2431e00f35f90cf05f23093551ffce04210891c3b,92728862283464651045126644537529681806740623465009716332829979944262548544476
2026-04-21T02:45:05.098717+00:00,2026-04-21T02:57:24.246362+00:00,momentum,"Solana Up or Down - April 20, 10:45PM-10:50PM ET",DOWN,Down,2.0,0.51,,WIN,YES,1.9215686274509802,Down,0x43bb3d9e90e75fadcea71b2056492d9659af53d4bc528c575858c8ae69c7408f,21647019414691543086994805902618888140324482927122305649013747397658574058123
2026-04-21T02:45:01.895083+00:00,2026-04-21T02:58:24.101210+00:00,momentum,"Bitcoin Up or Down - April 20, 10:45PM-10:50PM ET",UP,Up,4.0,0.53,,LOSS,NO,-4.0,Down,0x085f19a43fe816c6326d86c70fb0d289ed38fc5e31a8db9878b9c56e1162fa7a,9639503778902783952602855238164497650711207081449228383068048624272251706471
2026-04-21T02:50:00.424269+00:00,2026-04-21T02:59:25.309546+00:00,momentum,"Ethereum Up or Down - April 20, 10:50PM-10:55PM ET",UP,Up,2.0,0.51,,WIN,YES,1.9215686274509802,Up,0x5e247155765ca3ca72c8ad2cebdd77139c23ca267c0bb6ee5a9b783cb3b54792,37229004560065360751812999599335393840708602971310662353942162749859957845652
2026-04-21T02:50:00.431326+00:00,2026-04-21T03:00:25.983520+00:00,momentum,"XRP Up or Down - April 20, 10:50PM-10:55PM ET",UP,Up,2.0,0.51,,WIN,YES,1.9215686274509802,Up,0x0d846e01786478dc19146ecf5c741327ad5112f2bbde7ab045a41e10bd4cc730,35239360603085374477927184714332122862401670027280195478401331393139029300631
2026-04-21T02:50:02.564251+00:00,2026-04-21T03:00:26.392013+00:00,momentum,"Bitcoin Up or Down - April 20, 10:50PM-10:55PM ET",UP,Up,8.0,0.68,,WIN,YES,3.7647058823529402,Up,0x78ffb630caffb3153a5289caba3416e5486ba78646763563bb80d0bc88636445,29977034849133335157380366260050993901175903847155031925646679176309916657007
2026-04-21T02:50:02.572092+00:00,2026-04-21T03:00:26.575050+00:00,momentum,"Solana Up or Down - April 20, 10:50PM-10:55PM ET",UP,Up,4.0,0.58,,WIN,YES,2.8965517241379315,Up,0xd541bcb4ea979efc75be10853f6e1f2019c5df49e749768bce107e90ebc2582e,1901728808982914199352626360317901091816441343056023496549241401821548033110
2026-04-21T02:55:00.413197+00:00,2026-04-21T03:05:28.811443+00:00,momentum,"XRP Up or Down - April 20, 10:55PM-11:00PM ET",UP,Up,2.0,0.51,,LOSS,NO,-2.0,Down,0x28cfe23dd8e0f9cb50e55811cb7f610400095ed2b7412f8e80576baa026f0eca,10418969616193604692727083420935777779846767657925676117418264020450619732211
2026-04-21T02:55:02.480436+00:00,2026-04-21T03:05:29.122278+00:00,momentum,"Bitcoin Up or Down - April 20, 10:55PM-11:00PM ET",DOWN,Down,2.0,0.61,,WIN,YES,1.278688524590164,Down,0xf21eb89f7d9c536709c244ae4f3da53085b620041ae6abccab8b718fa3010ca9,42914926947370824012734759075981423542763860504187396880380073366686799062650
2026-04-21T02:55:02.488067+00:00,2026-04-21T03:06:29.538366+00:00,momentum,"Solana Up or Down - April 20, 10:55PM-11:00PM ET",DOWN,Down,2.0,0.51,,WIN,YES,1.9215686274509802,Down,0x39fc0d8fc73c61a52f5152ebb0f6225fe6cc858aa6ae42e27f7e2f8eb0dc99fa,102133720621708842710412794499261031283094952910493853671072483364088951395355
2026-04-21T02:55:02.495716+00:00,2026-04-21T03:06:29.793014+00:00,momentum,"Ethereum Up or Down - April 20, 10:55PM-11:00PM ET",DOWN,Down,2.0,0.6,,WIN,YES,1.3333333333333335,Down,0x3cc73abcef008b1ceeeff4a633e51225031d9f8e45019f581204b3ba6093b24c,84986857489955339490353731073693006371551424734495125938582153736358912699480
2026-04-21T03:00:00.075085+00:00,2026-04-21T03:08:31.473063+00:00,momentum,"XRP Up or Down - April 20, 11:00PM-11:05PM ET",UP,Up,4.0,0.51,,WIN,YES,3.8431372549019605,Up,0x0fef9e87f82299baece8ca82c138d6d12d6ec2542d1170a712c1a3c753f19db1,59175065795433821340558248073406585382293682915822215285326945320211692190924
2026-04-21T03:00:02.149997+00:00,2026-04-21T03:08:31.720571+00:00,momentum,"Ethereum Up or Down - April 20, 11:00PM-11:05PM ET",DOWN,Down,2.0,0.54,,WIN,YES,1.7037037037037033,Down,0x97c3f33243ac2c78006832caa8276466abdd0f04774ef901d7a9ea5375dbc91e,8396704129393279609491134595096390918805608190062541309657759733863943746521
2026-04-21T03:00:02.158144+00:00,2026-04-21T03:08:31.962238+00:00,momentum,"Solana Up or Down - April 20, 11:00PM-11:05PM ET",DOWN,Down,2.0,0.56,,WIN,YES,1.5714285714285712,Down,0x191aba54c823bac137fc7739d2edb2836a69a7f904812965348b63b83d05c22e,1267990827579222719097698117156187732826382596405759774469026712730129630308
2026-04-21T03:00:05.231024+00:00,2026-04-21T03:08:32.014048+00:00,momentum,"Bitcoin Up or Down - April 20, 11:00PM-11:05PM ET",DOWN,Down,2.0,0.51,,LOSS,NO,-2.0,Up,0x497e1e8afe196aff36a18d663253f80387fa146c747411f7e89b42e5362141e1,60892332303879208025090769716310307053918704249528969153553596237782943200483
2026-04-21T03:05:00.827416+00:00,2026-04-21T03:14:35.589960+00:00,momentum,"XRP Up or Down - April 20, 11:05PM-11:10PM ET",UP,Up,8.0,0.515,,LOSS,NO,-8.0,Down,0x7722e19482927969dddf1358806112a09528df5a80447142c60d22ca3d59cbd7,102683035016687743036023100354990089582300348200638397289680782513548798735678
2026-04-21T03:05:02.948400+00:00,2026-04-21T03:14:35.718325+00:00,momentum,"Solana Up or Down - April 20, 11:05PM-11:10PM ET",UP,Up,2.0,0.52,,LOSS,NO,-2.0,Down,0xaf44a6266e894a6d4c13f712f37fc349a9eef73b1ce4d78f90f7c732e3162594,82668741306572568065524057844158390074367132095075970649427011272968731534776
2026-04-21T03:05:02.955675+00:00,2026-04-21T03:14:35.802363+00:00,momentum,"Ethereum Up or Down - April 20, 11:05PM-11:10PM ET",UP,Up,2.0,0.51,,LOSS,NO,-2.0,Down,0x6047c506a8cf712c614f3473974b41e8749136825ca4801841b95530148b0241,24094718358844825081454188542965545611740164761647992614930403050190384278916
2026-04-21T03:05:06.087060+00:00,2026-04-21T03:14:36.020545+00:00,momentum,"Bitcoin Up or Down - April 20, 11:05PM-11:10PM ET",DOWN,Down,4.0,0.63,,WIN,YES,2.349206349206349,Down,0x0368efa7b6d0b27aecd978c123c700689565ee9779d5ce61b672a203772a5b7a,83449280905181566580098432717352878380816454266828739986480252600801773792402
2026-04-21T03:10:00.322122+00:00,2026-04-21T03:20:39.577643+00:00,momentum,"Ethereum Up or Down - April 20, 11:10PM-11:15PM ET",UP,Up,4.0,0.53,,LOSS,NO,-4.0,Down,0x29a27b36bffae6daa1079e1b28e2873b5b740163d5651eda66477cb84d4c07ef,78125716119872172799677886875315007128027256739130336012896128298035242174010
2026-04-21T03:10:03.390098+00:00,2026-04-21T03:20:39.626473+00:00,momentum,"Solana Up or Down - April 20, 11:10PM-11:15PM ET",DOWN,Down,4.0,0.53,,LOSS,NO,-4.0,Up,0x13b53359909641d165e50f0ea02384d615e543c31dbf09ef1d428481f82a86c0,5941649705502175851099669063495173168624464470535606978688627038651609541701
2026-04-21T03:10:09.518527+00:00,2026-04-21T03:20:39.938918+00:00,momentum,"Bitcoin Up or Down - April 20, 11:10PM-11:15PM ET",DOWN,Down,2.0,0.56,,WIN,YES,1.5714285714285712,Down,0xb8dbad8534b64562a73fd5796cfa03b594f59e73851b9db3f6c5917595801716,103678947235258694169121767822392691993385460209176491663443049914319721956940
2026-04-21T03:10:06.455528+00:00,2026-04-21T03:21:39.878488+00:00,momentum,"XRP Up or Down - April 20, 11:10PM-11:15PM ET",DOWN,Down,16.0,0.51,,WIN,YES,15.372549019607842,Down,0x2d465aa94629085946814767104edba16af4ea6c23c1eb18a4d7452bbd699c7f,66538014730524640418280906507623771519053247204805347005331318894858685512322
2026-04-21T03:15:00.332829+00:00,2026-04-21T03:24:41.438050+00:00,momentum,"XRP Up or Down - April 20, 11:15PM-11:20PM ET",UP,Up,2.0,0.51,,LOSS,NO,-2.0,Down,0x5b8c6b270b7609581ccd76d17b2e41105cc59d9ff40bb8b27d7d1dd6077ab749,18385964853889590794583556154941597437397007551087679562972420821183218673906
2026-04-21T03:15:02.450507+00:00,2026-04-21T03:24:41.489241+00:00,momentum,"Ethereum Up or Down - April 20, 11:15PM-11:20PM ET",UP,Up,8.0,0.51,,LOSS,NO,-8.0,Down,0x0c71eac46c9355306c97eff7445883b80dd58ebfefb8b08393370f19258417d6,36120002198055213517342520779888703105844163436637797804146710923874373122218
2026-04-21T03:15:05.889927+00:00,2026-04-21T03:24:41.536661+00:00,momentum,"Bitcoin Up or Down - April 20, 11:15PM-11:20PM ET",UP,Up,2.0,0.51,,LOSS,NO,-2.0,Down,0x4a074f2d0c06b8ace7f039a53128a7524263f4cf90241febd66190e3b596ee25,69075098002328069002563788652348370482307332486680241886074417479257878662183
2026-04-21T03:15:15.535994+00:00,2026-04-21T03:24:41.698595+00:00,momentum,"Solana Up or Down - April 20, 11:15PM-11:20PM ET",DOWN,Down,8.0,0.53,,WIN,YES,7.094339622641508,Down,0x058b36a933d53056b30133d5356098a2e8c60e924bb8cb05872c274a7dcdb14b,9869572618328991173990745417132419473493334936373206406631665316044888042956
2026-04-21T03:20:00.343181+00:00,2026-04-21T03:29:43.966980+00:00,momentum,"Ethereum Up or Down - April 20, 11:20PM-11:25PM ET",UP,Up,16.0,0.515,,WIN,YES,15.067961165048544,Up,0xef111601023550d39ff08fde5b8be8e3173c97bb1fcb523caad09eccb5e3c2ce,108904566218545126837351091745204253118753629305285822115952773733911874128895
2026-04-21T03:20:00.352234+00:00,2026-04-21T03:29:44.127447+00:00,momentum,"Solana Up or Down - April 20, 11:20PM-11:25PM ET",UP,Up,2.0,0.515,,WIN,YES,1.883495145631068,Up,0x9e1b98427042a28ac1d7b7525c4ec80782a6779ecbb0d3fc995fa58f5233b042,38173683954888660407377595050291664451851297020457293387458352600132011470415
2026-04-21T03:20:00.362393+00:00,2026-04-21T03:29:44.283137+00:00,momentum,"XRP Up or Down - April 20, 11:20PM-11:25PM ET",UP,Up,4.0,0.515,,WIN,YES,3.766990291262136,Up,0xb6bddbc918f547b2097d2017677c4c97939f929ec1e0f4e4893a46257db88979,70614672789106109265012845458687109637844793440971625332578189954735110824592
2026-04-21T03:20:02.477311+00:00,2026-04-21T03:30:44.424739+00:00,momentum,"Bitcoin Up or Down - April 20, 11:20PM-11:25PM ET",UP,Up,2.0,0.54,,WIN,YES,1.7037037037037033,Up,0x23040e23467f60d77ca245fc13c937582375c4c8d64f1446ddedfe1a98fe2a7d,57798885956042524491925993504592407806976415933133620064485031643220221896514
2026-04-21T03:25:00.858852+00:00,2026-04-21T03:35:46.986100+00:00,momentum,"XRP Up or Down - April 20, 11:25PM-11:30PM ET",UP,Up,2.0,0.525,,WIN,YES,1.8095238095238093,Up,0x46671dbc749b3a2cdb6d4b80bff3ee5c2e3cb1d38d792535f710284051a2137c,89791027002640363814655387204083831829445344844910110292861770412753854608075
2026-04-21T03:25:01.946137+00:00,2026-04-21T03:35:47.442562+00:00,momentum,"Ethereum Up or Down - April 20, 11:25PM-11:30PM ET",UP,Up,2.0,0.54,,WIN,YES,1.7037037037037033,Up,0xc0346733e573c1e35cfbd1338a8cebbd2a5904cd9095b10ee6891a3583d9f9a5,75738260745811576401224948734519066081024021221404566323084899742438531641020
2026-04-21T03:25:01.936934+00:00,2026-04-21T03:36:48.095741+00:00,momentum,"Bitcoin Up or Down - April 20, 11:25PM-11:30PM ET",UP,Up,2.0,0.55,,WIN,YES,1.6363636363636362,Up,0x7024bc6ecd5e509099d347393d87f40ed3fb2be7de08a27e70fc825c1dd5a2a6,108691526215779179641847178042083586482960274668793979662268811929757877321171
2026-04-21T03:25:00.867150+00:00,2026-04-21T03:37:49.173140+00:00,momentum,"Solana Up or Down - April 20, 11:25PM-11:30PM ET",UP,Up,2.0,0.515,,WIN,YES,1.883495145631068,Up,0x51b2cbeda9b958b941847c45c805ce9364571ed171fcbd8290b03ad9f5cdf166,91757433016659074054837739600253544123072869574219628827113292240258590917471
2026-04-21T03:30:00.270437+00:00,2026-04-21T03:38:49.976841+00:00,momentum,"Solana Up or Down - April 20, 11:30PM-11:35PM ET",UP,Up,2.0,0.515,,WIN,YES,1.883495145631068,Up,0xcf10c04df13f2b67e8121fb7b38c29ae5445686e65bc624acb0e9be868979b16,72633669431923258025340827072790107684295294134633023106119233967901853131524
2026-04-21T03:30:00.279541+00:00,2026-04-21T03:38:50.147969+00:00,momentum,"Ethereum Up or Down - April 20, 11:30PM-11:35PM ET",UP,Up,2.0,0.51,,WIN,YES,1.9215686274509802,Up,0x6622430e9636dcc9e97e228ce5a180641f9e011d869e157a19af896bfc7d4663,59933048755165323781794938857007789676017700261690748773585789731784915705772
2026-04-21T03:30:04.495477+00:00,2026-04-21T03:38:50.330025+00:00,momentum,"Bitcoin Up or Down - April 20, 11:30PM-11:35PM ET",DOWN,Down,2.0,0.54,,LOSS,NO,-2.0,Up,0x042d4310d525e3fddfcaf2a4fb6b40d752f66da9926422381c788b1345261be5,62732059543246583578869703575460110571889637630236477596507968702226173354901
2026-04-21T03:30:00.290279+00:00,2026-04-21T03:39:50.865560+00:00,momentum,"XRP Up or Down - April 20, 11:30PM-11:35PM ET",UP,Up,2.0,0.52,,WIN,YES,1.8461538461538458,Up,0xbfeca1a5b8f92ffa69ab25ec29c4c2297de3d8c08d8747d9e75c0f538370b742,15705728716755011480976787145038363756797935518973942494714465564555902102993
2026-04-21T03:35:04.950934+00:00,2026-04-21T03:44:53.228405+00:00,momentum,"Bitcoin Up or Down - April 20, 11:35PM-11:40PM ET",DOWN,Down,4.0,0.53,,WIN,YES,3.547169811320754,Down,0xbd4e425cb00ea0315d78bff87737e56deddbfeacf1157afe5209e88c5ab87210,61146265491271034513715225017570594136698398146378493139563219617821871217782
2026-04-21T03:35:04.960154+00:00,2026-04-21T03:44:53.489699+00:00,momentum,"XRP Up or Down - April 20, 11:35PM-11:40PM ET",DOWN,Down,2.0,0.56,,WIN,YES,1.5714285714285712,Down,0x495f734b136462bcf2c13776ec044f9643fc749496ceae3524af15936039635b,22117494791382560657457572794034334813645069190200867055734452381049770317080
2026-04-21T03:35:00.803745+00:00,2026-04-21T03:45:52.912348+00:00,momentum,"Ethereum Up or Down - April 20, 11:35PM-11:40PM ET",UP,Up,2.0,0.515,,LOSS,NO,-2.0,Down,0x006aad1e6b4e435edacd6a61781e1f38183b23c2cc7e6f3a4f04ffceeca6e813,30823011560059614701553736096532067992340600141122560325827713552958198324077
2026-04-21T03:35:01.878313+00:00,2026-04-21T03:45:53.103851+00:00,momentum,"Solana Up or Down - April 20, 11:35PM-11:40PM ET",DOWN,Down,2.0,0.52,,WIN,YES,1.8461538461538458,Down,0xa5ebe3819dd7ea3fe669c9519a6fbb806a82799263bebf1c2a352a2257f2b153,111169497560560614696501810349471657167765383023032234676590651845893609022332
2026-04-21T03:40:01.741973+00:00,2026-04-21T03:50:55.721079+00:00,momentum,"Solana Up or Down - April 20, 11:40PM-11:45PM ET",UP,Up,2.0,0.51,,WIN,YES,1.9215686274509802,Up,0xdcdec805fc30fed976b658d9382bdc81226dcc88b6b2d730873b2c6cbfe417a3,46778560818107593054786842831424345056675769104227122807710846584315132719837
2026-04-21T03:40:01.752548+00:00,2026-04-21T03:50:55.902183+00:00,momentum,"XRP Up or Down - April 20, 11:40PM-11:45PM ET",UP,Up,2.0,0.51,,WIN,YES,1.9215686274509802,Up,0x32edabf47648d66186f3456160d92d6e4df1ef41becd59041c08764825080c3f,92693662163521099449119884778136010891962174155661135871167821839648771269674
2026-04-21T03:40:00.659821+00:00,2026-04-21T03:51:55.456322+00:00,momentum,"Ethereum Up or Down - April 20, 11:40PM-11:45PM ET",UP,Up,4.0,0.51,,WIN,YES,3.8431372549019605,Up,0xae2e6553d12a49b7dcdf4f314dceb825be39cafbf8aeb11ab5c4f44ee3ebf5d5,33888815133089789161444080945779849501981483461524552281131251741725497576970
2026-04-21T03:40:01.731552+00:00,2026-04-21T03:51:55.646768+00:00,momentum,"Bitcoin Up or Down - April 20, 11:40PM-11:45PM ET",UP,Up,2.0,0.51,,WIN,YES,1.9215686274509802,Up,0x786a35850efaad2d9fdb9093a8076e31ad20f904c3fcce68d6d1f8ad8f550fa1,76092895793965783027403239814602010416844551833274530587842676301474477665532
2026-04-21T03:45:00.311219+00:00,2026-04-21T03:53:56.245257+00:00,momentum,"Bitcoin Up or Down - April 20, 11:45PM-11:50PM ET",UP,Up,2.0,0.525,,WIN,YES,1.8095238095238093,Up,0xd6938f104017eea4ee2f9aedecafe14e14cc01bb7439964c52287cf29d21b4dc,32631153841715472826526198084252755988423324462990849427152769715161788807124
2026-04-21T03:45:00.320646+00:00,2026-04-21T03:53:56.395610+00:00,momentum,"Ethereum Up or Down - April 20, 11:45PM-11:50PM ET",UP,Up,2.0,0.515,,WIN,YES,1.883495145631068,Up,0x2c60fb34fbd4238b70c024acb04d91d906d4cbba09365cfb3d2d0b2a3948da8b,79183082771688076146877034308326660950276757460551593871553681278753792644281
2026-04-21T03:45:08.005224+00:00,2026-04-21T03:54:56.340328+00:00,momentum,"Solana Up or Down - April 20, 11:45PM-11:50PM ET",UP,Up,2.0,0.58,,WIN,YES,1.4482758620689657,Up,0xd4b9b4439eec873194a14d6f59426e45b71fa6bbaaa382924267e00e621bcad0,67162501828468678903253774137800622633794595294219476443622645278462306364102
2026-04-21T03:45:08.013979+00:00,2026-04-21T03:54:56.533129+00:00,momentum,"XRP Up or Down - April 20, 11:45PM-11:50PM ET",UP,Up,2.0,0.52,,WIN,YES,1.8461538461538458,Up,0xe46e957c7101852ca720704806967122c161dbcf1d607a1ac71cd988169e12fc,30898047905347596700734430781344981166770408159816630552425505480106487010038
2026-04-21T03:50:03.425335+00:00,2026-04-21T03:59:59.430412+00:00,momentum,"Bitcoin Up or Down - April 20, 11:50PM-11:55PM ET",UP,Up,2.0,0.52,,WIN,YES,1.8461538461538458,Up,0x2809427d70a1ac3d4cf22e9249cc31da33cfb02f5a14a959ae6dab5697ab2fd9,112231316252333868040446333035599688570681510710663762139774756662188829268571
2026-04-21T03:50:03.445002+00:00,2026-04-21T03:59:59.723388+00:00,momentum,"Solana Up or Down - April 20, 11:50PM-11:55PM ET",DOWN,Down,2.0,0.51,,WIN,YES,1.9215686274509802,Down,0xdf309d9bf55eb070384a918207bdb1cd9976311e383fb8e9155a201e76e9a726,9528214106517858262604838866449220674997976654999366713852070587315496019839
2026-04-21T03:50:00.355281+00:00,2026-04-21T04:00:59.715849+00:00,momentum,"XRP Up or Down - April 20, 11:50PM-11:55PM ET",DOWN,Down,2.0,0.51,,LOSS,NO,-2.0,Up,0xc832278b7cd07f7220c1c86845968cb8b5c5c796cb029ce33964ba0eac08af46,4499677951382132394569252321591725067757323211625721538920089372545268798811
2026-04-21T03:50:03.435037+00:00,2026-04-21T04:00:59.943729+00:00,momentum,"Ethereum Up or Down - April 20, 11:50PM-11:55PM ET",UP,Up,2.0,0.53,,WIN,YES,1.773584905660377,Up,0x7241c3baa5036e0e5cda15c19bfafca94c655d282afb7eaac081fc928c21042f,80910752533453971877702941010780412384011059748527541347698027518882461693347
2026-04-21T03:55:04.611614+00:00,2026-04-21T04:05:02.983646+00:00,momentum,"Bitcoin Up or Down - April 20, 11:55PM-12:00AM ET",DOWN,Down,2.0,0.55,,LOSS,NO,-2.0,Up,0x6594368e895adbbeae8a46482968f8b8d4e54e91c0757fdd0036e8c402a03216,62577356282907057815195524014548198198504545193049695493596001796066557608272
2026-04-21T03:55:01.381750+00:00,2026-04-21T04:06:03.175920+00:00,momentum,"Ethereum Up or Down - April 20, 11:55PM-12:00AM ET",DOWN,Down,2.0,0.53,,WIN,YES,1.773584905660377,Down,0x35f1bfcb84ad71292b13eed8cc5706ff95cb54f18a029ed4ef1b0d4ed80139a4,16023614057629746867825877800911206361087779537553154539086810783545294178159
2026-04-21T03:55:01.393379+00:00,2026-04-21T04:06:03.441353+00:00,momentum,"XRP Up or Down - April 20, 11:55PM-12:00AM ET",DOWN,Down,4.0,0.53,,WIN,YES,3.547169811320754,Down,0x09aed490588b9519c6e2bbc3fad528a45039daf19e55f612749859cd9bcdfc96,62443719456198695291257928719599979564449231220221421789564751072748363659570
2026-04-21T03:55:10.909638+00:00,2026-04-21T04:06:03.640325+00:00,momentum,"Solana Up or Down - April 20, 11:55PM-12:00AM ET",DOWN,Down,2.0,0.53,,WIN,YES,1.773584905660377,Down,0x08d5a223eb56ab12f025c7e05c8bcbd434ba023ec279ac51c026d4085e738a5a,73260571760530144032313728055410324554590757448495130632276530951767752510838
2026-04-21T04:00:02.495314+00:00,2026-04-21T04:09:05.183674+00:00,momentum,"Bitcoin Up or Down - April 21, 12:00AM-12:05AM ET",UP,Up,4.0,0.59,,WIN,YES,2.779661016949153,Up,0xcf1221c1e52721707732b175024f8f4d3f65caf20c1d979be09c59de39c3cf49,87338724005452504735901087312864650916556663383690867516709413550844210291912
2026-04-21T04:00:02.508687+00:00,2026-04-21T04:09:05.549317+00:00,momentum,"Solana Up or Down - April 21, 12:00AM-12:05AM ET",UP,Up,2.0,0.51,,WIN,YES,1.9215686274509802,Up,0xc1d33e9656d26a161da42c084f5b7e929c027531481ce80e59441ec1c51581f5,19847055712292750617447987565863334049362487316709869858518021334435222471150
2026-04-21T04:00:02.519498+00:00,2026-04-21T04:09:05.677570+00:00,momentum,"XRP Up or Down - April 21, 12:00AM-12:05AM ET",DOWN,Down,2.0,0.53,,LOSS,NO,-2.0,Up,0x99bce2eb1f80556a60f8727a1ddb8770c5cc384e5e04c48aa67ce3c8f4b0ad7f,104196976484832953522589336230141220257338484597688467654765747005922134327976
2026-04-21T04:00:02.481808+00:00,2026-04-21T04:10:05.323736+00:00,momentum,"Ethereum Up or Down - April 21, 12:00AM-12:05AM ET",DOWN,Down,4.0,0.53,,WIN,YES,3.547169811320754,Down,0xaca685aa536c6964e9071f89c6848910f7f4f370395bf0dd62f8c425eac1c5ab,31731554136244381299939854761959823494765327712691129022954520199679046510550
2026-04-21T04:05:02.641201+00:00,2026-04-21T04:15:07.456141+00:00,momentum,"Solana Up or Down - April 21, 12:05AM-12:10AM ET",UP,Up,2.0,0.51,,LOSS,NO,-2.0,Down,0xa50d8018266029afaae01c702efb1ce5fa976cf6f7fa95cf02ca616144f955fd,53915573583985829635132636753068961611247757689623123647547433251392057628726
2026-04-21T04:05:02.617579+00:00,2026-04-21T04:16:08.220175+00:00,momentum,"Bitcoin Up or Down - April 21, 12:05AM-12:10AM ET",DOWN,Down,2.0,0.53,,WIN,YES,1.773584905660377,Down,0x37bd81d9e51bca3ecf29ad6cb1fefb128afaa8161570452eefb0e1ec95313caa,110142326953654220543297378647708950929080366781810051612551745683853543198233
2026-04-21T04:05:02.630328+00:00,2026-04-21T04:16:08.396507+00:00,momentum,"Ethereum Up or Down - April 21, 12:05AM-12:10AM ET",DOWN,Down,8.0,0.54,,WIN,YES,6.814814814814813,Down,0x1f880771a94751bf89a43bccc070c6db4b7ca7d063637eb7e8c47f88ded9c17c,41811682269950112908117721597626714991309875633711401116691331131516512366480
2026-04-21T04:05:02.653434+00:00,2026-04-21T04:16:08.440496+00:00,momentum,"XRP Up or Down - April 21, 12:05AM-12:10AM ET",DOWN,Down,2.0,0.54,,LOSS,NO,-2.0,Up,0x2f193b6db62949e5b92d2d94994f20da36a3b624c3683f5f3db077234f953b42,41873476909535425117971303289463722882774814273205762300930742491458998768302
2026-04-21T04:10:02.986905+00:00,2026-04-21T04:21:11.068830+00:00,momentum,"Ethereum Up or Down - April 21, 12:10AM-12:15AM ET",UP,Up,2.0,0.52,,LOSS,NO,-2.0,Down,0x5f0a6fc70888ed68bd47b1decece1d0a3c321126c43d22991cb645ab9fedba74,99860373945278916500664883948799700946385739105633166323963980933463632261728
2026-04-21T04:10:03.007007+00:00,2026-04-21T04:21:11.417556+00:00,momentum,"XRP Up or Down - April 21, 12:10AM-12:15AM ET",DOWN,Down,4.0,0.52,,WIN,YES,3.6923076923076916,Down,0xe5afca6885a24b2443228051c0b63595ad9e0b639a216577990058baa2a144bd,75170828661758683935975439644287255707287847438694013790701088500617967781397
2026-04-21T04:10:03.017449+00:00,2026-04-21T04:21:11.468288+00:00,momentum,"Solana Up or Down - April 21, 12:10AM-12:15AM ET",UP,Up,4.0,0.54,,LOSS,NO,-4.0,Down,0x13ec5510d82cd7017e541c0c458ec036f550b82e063e1b8da925087f7ad06a41,104625727032731850439993752136190970537714469749715680826585129983500187693950
2026-04-21T04:10:02.996392+00:00,2026-04-21T04:22:11.769224+00:00,momentum,"Bitcoin Up or Down - April 21, 12:10AM-12:15AM ET",UP,Up,2.0,0.52,,LOSS,NO,-2.0,Down,0xdcb9eb1c986efdebfa48c21fb7f056510052d6e219e69ac493b64f3c5ef54b32,78118679648006805226097989120748485913269544063046191311471398558014845134908
2026-04-21T04:15:02.854796+00:00,2026-04-21T04:23:11.886664+00:00,momentum,"Bitcoin Up or Down - April 21, 12:15AM-12:20AM ET",UP,Up,4.0,0.62,,LOSS,NO,-4.0,Down,0x067e006c46a68f0a05b1b560bd70809cab4a048236349f351262b844f5ab888b,74748666282471465442601109274164211431340567761205201005494179639531638023657
2026-04-21T04:15:02.864712+00:00,2026-04-21T04:23:11.935187+00:00,momentum,"Solana Up or Down - April 21, 12:15AM-12:20AM ET",UP,Up,8.0,0.57,,LOSS,NO,-8.0,Down,0xb0e32d0119249880fb5f733ba814ff1b89ef73783078ff5e58aea0a058931a35,39766259106896557603240116674779325612743719084470774715580271895356671080153
2026-04-21T04:15:06.143433+00:00,2026-04-21T04:23:12.227165+00:00,momentum,"XRP Up or Down - April 21, 12:15AM-12:20AM ET",UP,Up,2.0,0.6,,WIN,YES,1.3333333333333335,Up,0xe1018857550ddae9c482ff224508a94e44b3d275365dcf8ceb25fb573cc71281,13786745715548615138646548698263685778911942579213614144679164590691508949514
2026-04-21T04:15:02.876573+00:00,2026-04-21T04:24:12.266686+00:00,momentum,"Ethereum Up or Down - April 21, 12:15AM-12:20AM ET",UP,Up,4.0,0.58,,LOSS,NO,-4.0,Down,0x81624a818b1f99e0fef970e7b9411c3291e1c52be2db11d247cbaa999b3d0a1d,4807390282291724090294110189771352101868859798017190991156872416339172114865
2026-04-21T04:20:01.642438+00:00,2026-04-21T04:30:15.280074+00:00,momentum,"Bitcoin Up or Down - April 21, 12:20AM-12:25AM ET",UP,Up,2.0,0.66,,WIN,YES,1.0303030303030303,Up,0x30ff87ec8368b64a397f15fcf08676348a4e4de7f24f777b0eca9cf2794f7ab0,19077020481697046634054492747317028171170367727993193668594579098999004505227
2026-04-21T04:20:04.720124+00:00,2026-04-21T04:30:15.460318+00:00,momentum,"XRP Up or Down - April 21, 12:20AM-12:25AM ET",UP,Up,2.0,0.55,,WIN,YES,1.6363636363636362,Up,0x6ae701df91ee31278fafac63b24a7f10a6ead12b2ffeed43bd89c51736c00e72,44354324995391529718248790350705271099633246165865447222972397596626917955409
2026-04-21T04:20:04.731787+00:00,2026-04-21T04:30:15.606567+00:00,momentum,"Solana Up or Down - April 21, 12:20AM-12:25AM ET",UP,Up,16.0,0.51,,WIN,YES,15.372549019607842,Up,0xc05c0c531d52c9a336e887b9f2e74f386bf08da4a8098e27c230db0fb913bcc1,93548215010320799408534022374978645649764816582000701272977270023173886518161
2026-04-21T04:20:01.627523+00:00,2026-04-21T04:31:15.143142+00:00,momentum,"Ethereum Up or Down - April 21, 12:20AM-12:25AM ET",UP,Up,2.0,0.53,,WIN,YES,1.773584905660377,Up,0x3abe4252390a16c2fb13e403e309299afc72ef65041449095ebe2307a33d9e56,78795862151896150849653301498148679183766001358733511449221405128696491058731
2026-04-21T04:25:04.669245+00:00,2026-04-21T04:35:17.954724+00:00,momentum,"Solana Up or Down - April 21, 12:25AM-12:30AM ET",DOWN,Down,2.0,0.51,,LOSS,NO,-2.0,Up,0x8ba5ad71d896ece144617132362744d746b31328f75ed2203c233f59a6519329,15625129943752044382767690730815213681482910775353639577805057509439728026084
2026-04-21T04:25:01.572303+00:00,2026-04-21T04:36:18.166946+00:00,momentum,"Ethereum Up or Down - April 21, 12:25AM-12:30AM ET",UP,Up,2.0,0.51,,WIN,YES,1.9215686274509802,Up,0x967eb44beed8eae95d67138fd34780fb0af83658981e85d97e94b6d6a03ee654,4474480627357769205256662459016133496423437201601375235428077244753425103046
2026-04-21T04:25:01.584229+00:00,2026-04-21T04:36:18.226744+00:00,momentum,"Bitcoin Up or Down - April 21, 12:25AM-12:30AM ET",UP,Up,2.0,0.51,,LOSS,NO,-2.0,Down,0x430ce4af98ff0d44ced83c30c47a6da6003c26dd7dd24560fbb4efc7088d6c56,9997080418815827988620856696552217228114119438311344178579560821460390348294
2026-04-21T04:25:01.598098+00:00,2026-04-21T04:37:18.844759+00:00,momentum,"XRP Up or Down - April 21, 12:25AM-12:30AM ET",DOWN,Down,2.0,0.54,,LOSS,NO,-2.0,Up,0xd3afbc63cfc40260bf25cfc6eea8463ee9a7604c09b1de4fd06cdd1e2fe877c0,37019534321704175395299069363640944256132826841738110080110784417320565360039
2026-04-21T04:30:00.642978+00:00,2026-04-21T04:39:20.630598+00:00,momentum,"Solana Up or Down - April 21, 12:30AM-12:35AM ET",UP,Up,2.0,0.51,,LOSS,NO,-2.0,Down,0x73ebefdac0df994797c578637ece30dce2ec8fee5f014ca76cef26e42e030749,2603960467078815936359483036661334513104054846465401864540965938115455057445
2026-04-21T04:30:00.654910+00:00,2026-04-21T04:39:20.784385+00:00,momentum,"XRP Up or Down - April 21, 12:30AM-12:35AM ET",DOWN,Down,4.0,0.52,,WIN,YES,3.6923076923076916,Down,0x120833f12bce25a610fd43e5faa3ab5194ca508be49809779a4b0ccc04d40fbb,74514784799862362617877396462170531836051104554103056905198130225424868466242
2026-04-21T04:30:04.109739+00:00,2026-04-21T04:39:20.944561+00:00,momentum,"Ethereum Up or Down - April 21, 12:30AM-12:35AM ET",DOWN,Down,2.0,0.51,,WIN,YES,1.9215686274509802,Down,0x7e9a6dc0bf7a25c1babc27022654ca51b61a354b22a044a5c7fd11580d321e10,33890863159942494352376254469807464822767394412993738109687519510985244325170
2026-04-21T04:30:00.631908+00:00,2026-04-21T04:40:20.720155+00:00,momentum,"Bitcoin Up or Down - April 21, 12:30AM-12:35AM ET",UP,Up,4.0,0.68,,LOSS,NO,-4.0,Down,0x6966b800ac901340fe6143329ea59c1aa72ffa1073437647bf2fee298138277e,13318048914719729738965150044102381021546109953651382760023094366748840943958
2026-04-21T04:35:02.995428+00:00,2026-04-21T04:44:22.309294+00:00,momentum,"XRP Up or Down - April 21, 12:35AM-12:40AM ET",UP,Up,8.0,0.56,,WIN,YES,6.285714285714285,Up,0x2e292e5881a4f1ca5d52fcf4fb12d9fd1587dfe3005fc19943a1849b5ce1d2b9,33965884679251078829783052842548482358328831628591697419583127271194278457112
2026-04-21T04:35:02.970470+00:00,2026-04-21T04:45:22.838738+00:00,momentum,"Bitcoin Up or Down - April 21, 12:35AM-12:40AM ET",UP,Up,8.0,0.51,,WIN,YES,7.686274509803921,Up,0xa3ff75a8b8afec5985cf80f00b7a8562894cc7918452923013985fa4bdb26390,83772714423164005227242680768286199763523102404411836779365745143932736042338
2026-04-21T04:35:06.122801+00:00,2026-04-21T04:45:23.070124+00:00,momentum,"Ethereum Up or Down - April 21, 12:35AM-12:40AM ET",UP,Up,2.0,0.51,,WIN,YES,1.9215686274509802,Up,0xf6a64cab8f60099235783cadbf876f8f65ec50ef724e68473f0a9fd45e5e66d3,85603427429893541032057109513341400765853509713729776921875432403997327876797
2026-04-21T04:35:06.133149+00:00,2026-04-21T04:45:23.239887+00:00,momentum,"Solana Up or Down - April 21, 12:35AM-12:40AM ET",UP,Up,2.0,0.51,,WIN,YES,1.9215686274509802,Up,0x9612c330517a4318eaa5198d1f7525f20214704d94ccd2a2a554c5678fe4fd2d,92428046449495685744903548690435416058557485199411458923864572183890493274489
2026-04-21T04:40:05.164915+00:00,2026-04-21T04:50:24.809909+00:00,momentum,"Solana Up or Down - April 21, 12:40AM-12:45AM ET",DOWN,Down,2.0,0.61,,LOSS,NO,-2.0,Up,0x09dd06c2b89263266f23e071c9dbd41a54fbe09a60c7c0b02192fb8c4a01d9f5,106226028530187307687628402215272649559613476060175454816784033625127950836652
2026-04-21T04:40:02.068442+00:00,2026-04-21T04:51:25.360235+00:00,momentum,"Ethereum Up or Down - April 21, 12:40AM-12:45AM ET",DOWN,Down,2.0,0.57,,LOSS,NO,-2.0,Up,0xc97361251239b91d7492215539c3705e49c419087c612d3e8bb42dddbeb2c7d7,95816055032632040197627254067230980929306107462190827099890475543030936815698
2026-04-21T04:40:02.078866+00:00,2026-04-21T04:51:25.402771+00:00,momentum,"XRP Up or Down - April 21, 12:40AM-12:45AM ET",DOWN,Down,2.0,0.57,,LOSS,NO,-2.0,Up,0x47019164b51086cc701903a841501ba0a7faad35904294b654c31b65acda1543,65508540514329785044747252606959458795569938731725104255410182348573592744317
2026-04-21T04:40:05.153031+00:00,2026-04-21T04:52:25.682984+00:00,momentum,"Bitcoin Up or Down - April 21, 12:40AM-12:45AM ET",DOWN,Down,2.0,0.57,,WIN,YES,1.5087719298245617,Down,0x045acea04cc6ff927576cfe049229046797d0a68bc9a710978a4ec4ef6e8da54,8655982187876234068051983536722682079961158658273637270224225732077502015637
2026-04-21T04:45:00.588164+00:00,2026-04-21T04:53:26.098330+00:00,momentum,"XRP Up or Down - April 21, 12:45AM-12:50AM ET",UP,Up,4.0,0.515,,WIN,YES,3.766990291262136,Up,0x93c3d4b4f631b527c6dd115ed2d4f13b68e62d1b55a311f86478a1f8cef7eed4,68301155001350885274112997582901976915210477526228214007569268728434827899682
2026-04-21T04:45:01.611812+00:00,2026-04-21T04:53:26.370976+00:00,momentum,"Bitcoin Up or Down - April 21, 12:45AM-12:50AM ET",UP,Up,2.0,0.56,,WIN,YES,1.5714285714285712,Up,0xf53eb573ebeb91df1b6222b6aff90fd24b3dcc90fbf31b68a00840340d31316c,100893585322112498053118660957959884895373017458454654823943615626123088790551
2026-04-21T04:45:01.625139+00:00,2026-04-21T04:54:26.243045+00:00,momentum,"Solana Up or Down - April 21, 12:45AM-12:50AM ET",UP,Up,2.0,0.56,,WIN,YES,1.5714285714285712,Up,0x6130bc3550543fcddf12d3fc92a59b4c4ccffd26ee4d20866630f2eaa4d6af3e,91289016824889621420325090603849672110014938672158682617007790071012127045918
2026-04-21T04:45:01.599645+00:00,2026-04-21T04:55:26.315182+00:00,momentum,"Ethereum Up or Down - April 21, 12:45AM-12:50AM ET",UP,Up,2.0,0.57,,WIN,YES,1.5087719298245617,Up,0x082c40355c0f687870177663c40aa2c4e0c03e41adff0f27da0d1f1639732ba4,40091788369409410298712602418050437606121976678298443562703915034256045401356
2026-04-21T04:50:00.299975+00:00,2026-04-21T05:00:30.050459+00:00,momentum,"Bitcoin Up or Down - April 21, 12:50AM-12:55AM ET",DOWN,Down,2.0,0.51,,LOSS,NO,-2.0,Up,0x6d83f08874ad270c32cd59f36ddc01b98d96e0dfeb71f57afb9cec05e9d8eb16,43196769534046183526910357016368044230894014724429879475793278145743598831516
2026-04-21T04:50:00.312032+00:00,2026-04-21T05:00:30.098617+00:00,momentum,"Solana Up or Down - April 21, 12:50AM-12:55AM ET",DOWN,Down,2.0,0.52,,LOSS,NO,-2.0,Up,0xe4991fcf9800549fefbaa070f6c51c00dea3f19ccc21a4bb56aa0da7a55d12a0,104585167101719023108722231351688622066571207731346971782151011038790548895932
2026-04-21T04:50:22.192363+00:00,2026-04-21T05:00:30.407710+00:00,momentum,"Ethereum Up or Down - April 21, 12:50AM-12:55AM ET",UP,Up,2.0,0.57,,WIN,YES,1.5087719298245617,Up,0x527cb1738e2cce8185ac61fdba6eeb5640d099312a0181697efe646c93afe2a7,5982286886856925636930108786611792057091569097351619601250493906919223495583
2026-04-21T04:50:03.390310+00:00,2026-04-21T05:01:30.624635+00:00,momentum,"XRP Up or Down - April 21, 12:50AM-12:55AM ET",DOWN,Down,2.0,0.52,,LOSS,NO,-2.0,Up,0xbd7032e8f7158b883e8f5a7a868b855de6b2dd67d9ecf3a30c9b475662d4b0f7,29137132855326335504886027405343853431675845460971586863381788061961765319569
2026-04-21T04:55:03.386086+00:00,2026-04-21T05:05:32.547358+00:00,momentum,"Solana Up or Down - April 21, 12:55AM-1:00AM ET",DOWN,Down,4.0,0.56,,LOSS,NO,-4.0,Up,0x27df14ef74021a2445213369e73285cae72755e7e1818861add8b53db3c6fce2,53502219152068153994443314393827678986901728108326798737221404406413992908565
2026-04-21T04:55:00.147028+00:00,2026-04-21T05:06:33.137502+00:00,momentum,"Ethereum Up or Down - April 21, 12:55AM-1:00AM ET",DOWN,Down,2.0,0.52,,LOSS,NO,-2.0,Up,0x5e85e3d6334e3a0a853de7f498342ba9366a0a52f00012d3213728f8f9e8242e,76554436007727919321998384832832953407092155725811507687267133368146424106395
2026-04-21T04:55:03.374659+00:00,2026-04-21T05:06:33.179245+00:00,momentum,"Bitcoin Up or Down - April 21, 12:55AM-1:00AM ET",DOWN,Down,4.0,0.54,,LOSS,NO,-4.0,Up,0x4f105c9b65f671a8cabc2332a0ea524ee5a5373df938cb411fcff15577d5556a,17775142903998493656744688186561697649335712013068287192986296475912668298966
2026-04-21T04:55:03.398241+00:00,2026-04-21T05:06:33.222285+00:00,momentum,"XRP Up or Down - April 21, 12:55AM-1:00AM ET",DOWN,Down,4.0,0.53,,LOSS,NO,-4.0,Up,0xe8ca56266ce31639c95ac8f14b659b19b9b3828a13b85bc1f5f6fb29f9a7e977,55043892841406199077708374873508027372170413216626905629766627227582556399924
2026-04-21T05:00:01.214637+00:00,2026-04-21T05:08:33.128222+00:00,momentum,"Solana Up or Down - April 21, 1:00AM-1:05AM ET",DOWN,Down,8.0,0.59,,LOSS,NO,-8.0,Up,0x822fdfac72bb43031d9f2869121c973c3041e952cc8e8ebd64bf961209c1ac0d,26529036313363893466251713389878740143001275452227427719698068405500692791808
2026-04-21T05:00:01.233843+00:00,2026-04-21T05:08:33.176468+00:00,momentum,"XRP Up or Down - April 21, 1:00AM-1:05AM ET",DOWN,Down,8.0,0.59,,LOSS,NO,-8.0,Up,0xccdc5f5ae32918282217007b142b5701d555b801fd82c7033cb468278d7fd344,41250199862872424216780957192347895251808068985183282000115430420323335934830
2026-04-21T05:00:03.685894+00:00,2026-04-21T05:08:33.355022+00:00,momentum,"Ethereum Up or Down - April 21, 1:00AM-1:05AM ET",DOWN,Down,4.0,0.54,,LOSS,NO,-4.0,Up,0x9a48911af38c39ad283293cb24eb7e34901e341ecf4eebcd1115cddecdf10856,656132818139790502159880758237084476035249683489823009041025748783209287046
2026-04-21T05:00:03.674008+00:00,2026-04-21T05:09:34.134167+00:00,momentum,"Bitcoin Up or Down - April 21, 1:00AM-1:05AM ET",DOWN,Down,8.0,0.57,,LOSS,NO,-8.0,Up,0xede0202ad13183ae8179fca3977cdf84729b68714635493ac68fc4662830b319,115780848816451410884825989726655143935369104755225551541066134695167600778102
2026-04-21T05:05:00.630466+00:00,2026-04-21T05:15:35.611674+00:00,momentum,"Ethereum Up or Down - April 21, 1:05AM-1:10AM ET",DOWN,Down,4.0,0.525,,LOSS,NO,-4.0,Up,0x1c5ed69628e149c2bb4570dce82e22f7af6ffdf8de5918291bbcf075ae3c3481,80860302792727565567103001429928351463675471522839167688960052225500102354212
2026-04-21T05:05:00.648462+00:00,2026-04-21T05:15:35.694475+00:00,momentum,"Solana Up or Down - April 21, 1:05AM-1:10AM ET",DOWN,Down,16.0,0.515,,LOSS,NO,-16.0,Up,0x749faefccfb5ff489e494d943d7dba7f465a14eaabc0badfdaa0e1648a49ce76,106299255449420084918779908944193681170429776731761360028760423861930490704026
2026-04-21T05:05:00.667940+00:00,2026-04-21T05:15:35.735985+00:00,momentum,"XRP Up or Down - April 21, 1:05AM-1:10AM ET",DOWN,Down,16.0,0.515,,LOSS,NO,-16.0,Up,0xc44ec0dada137da156ba14f2770edad0effbd214d63237a77a07e0bc8789a9e0,90137344625603680460502127746846125658449364768002230059423716906536310574026
2026-04-21T05:05:03.021981+00:00,2026-04-21T05:15:35.782132+00:00,momentum,"Bitcoin Up or Down - April 21, 1:05AM-1:10AM ET",DOWN,Down,16.0,0.53,,LOSS,NO,-16.0,Up,0x28043aefe2f71429fb2c7f280605e63e8839b8f4b215437b00d3d729684cfbf7,105322201665829014548014578165683419881412666614664568092465793429957952473544
2026-04-21T05:10:00.888735+00:00,2026-04-21T05:20:37.821969+00:00,momentum,"Bitcoin Up or Down - April 21, 1:10AM-1:15AM ET",DOWN,Down,32.0,0.59,,WIN,YES,22.237288135593225,Down,0x1fa50cbb37b3b67176b7486da368a30debe8cd526fb49f0f899d6346567d91e4,56564365100707169588095165979152283689291157189982794008980909546154829439354
2026-04-21T05:10:00.900575+00:00,2026-04-21T05:20:38.039239+00:00,momentum,"Ethereum Up or Down - April 21, 1:10AM-1:15AM ET",DOWN,Down,8.0,0.56,,WIN,YES,6.285714285714285,Down,0x95e1651ba6f7389ff7fe3d3c04f5238b6b3d6891cf887aa7fc4f72dac0a7cf73,94762511674497346499920643912213918276888620956401440022668740607143486855924
2026-04-21T05:10:00.928757+00:00,2026-04-21T05:20:38.370568+00:00,momentum,"XRP Up or Down - April 21, 1:10AM-1:15AM ET",DOWN,Down,32.0,0.52,,WIN,YES,29.538461538461533,Down,0x8bb4944ebb32e3b6f5b34e1344d592d25e3664f753a893d18e180cfd2f7f6469,110999978709675302151991447497202932978946254700554783692929544612144754503939
2026-04-21T05:10:00.915776+00:00,2026-04-21T05:21:38.668702+00:00,momentum,"Solana Up or Down - April 21, 1:10AM-1:15AM ET",DOWN,Down,32.0,0.53,,WIN,YES,28.37735849056603,Down,0xd04b152faad64669fe46b77b89cb6eb67b75dae95ee0e0599a24769ad02f87a6,9020643440304949609977997917686118580332833914410742216820846763548774187439
2026-04-21T05:15:02.183971+00:00,2026-04-21T05:24:40.045726+00:00,momentum,"Ethereum Up or Down - April 21, 1:15AM-1:20AM ET",DOWN,Down,2.0,0.55,,WIN,YES,1.6363636363636362,Down,0xc89dfd4017c81a4662cadff93b074ffef68afae670a7c1e406e9014f9bbab80e,9707611918795790327786471332529968634578366499134928555258223551455418789514
2026-04-21T05:15:02.199289+00:00,2026-04-21T05:24:40.241224+00:00,momentum,"XRP Up or Down - April 21, 1:15AM-1:20AM ET",DOWN,Down,2.0,0.53,,WIN,YES,1.773584905660377,Down,0x955a9dd6e5fc589f217cd93a59e07b1f96ed06ad196d0630133d4d786c6e6019,44728449108708700837279972792597616975629319556685080917943526113011965266118
2026-04-21T05:15:02.213121+00:00,2026-04-21T05:24:40.453713+00:00,momentum,"Solana Up or Down - April 21, 1:15AM-1:20AM ET",DOWN,Down,2.0,0.52,,WIN,YES,1.8461538461538458,Down,0xf88cb785230123ebf7ffdc2b9f56ec2219523d23dbf118f9285c3d9f19448f81,470501171527710137462547531812075136697203480489472340136609791636414908370
2026-04-21T05:15:02.170229+00:00,2026-04-21T05:25:40.824778+00:00,momentum,"Bitcoin Up or Down - April 21, 1:15AM-1:20AM ET",DOWN,Down,2.0,0.52,,WIN,YES,1.8461538461538458,Down,0xaf1c3a64278edaec4dc82fef0d594a272c9b6ba59a2550ec80e5630354bee52d,39800147261853887336540318606643609411337195766843062465252087773979864747030
2026-04-21T05:20:00.677748+00:00,2026-04-21T05:30:43.323358+00:00,momentum,"Bitcoin Up or Down - April 21, 1:20AM-1:25AM ET",DOWN,Down,2.0,0.51,,LOSS,NO,-2.0,Up,0xc6124682f9d9991fad1956c1c323215b867012b68f714c70f846a45f197b80a6,4649661582344816676251700727403627059019992251253057541101315560443478047091
2026-04-21T05:20:00.690746+00:00,2026-04-21T05:30:43.373792+00:00,momentum,"Solana Up or Down - April 21, 1:20AM-1:25AM ET",DOWN,Down,2.0,0.51,,LOSS,NO,-2.0,Up,0x2f94cae9bfc378c0c0d916326dfa0ba7b375fcb7b1d0e239ee06ebf1f77b1f0b,49363546545561223278735752191172501339099676973407813864202183358450337780678
2026-04-21T05:20:00.704413+00:00,2026-04-21T05:30:43.430506+00:00,momentum,"Ethereum Up or Down - April 21, 1:20AM-1:25AM ET",DOWN,Down,2.0,0.51,,LOSS,NO,-2.0,Up,0xbcf2fda7c87210bb00ae9775765d6503fc94c01383b5ff4ef4125dc045284dde,75827301436849204811405187132829633125712692810478849153383852682696578010007
2026-04-21T05:20:00.720297+00:00,2026-04-21T05:30:43.485687+00:00,momentum,"XRP Up or Down - April 21, 1:20AM-1:25AM ET",DOWN,Down,2.0,0.52,,LOSS,NO,-2.0,Up,0x3d7a5589394afb29ea82fcf244c2f6f76b00dd40f098a4d650ddcce332b1fa31,81072535452147537730493994470173262354858116125511235691907807713460819644988
2026-04-21T05:25:01.411206+00:00,2026-04-21T05:35:45.456624+00:00,momentum,"Bitcoin Up or Down - April 21, 1:25AM-1:30AM ET",DOWN,Down,4.0,0.53,,WIN,YES,3.547169811320754,Down,0x32c15cf33a07b83d47653a1bc07ad5d50813b5d9e596d342bf8237e403b8dff6,6492676324217680913518571808805052496253338522525121818612424915372942351548
2026-04-21T05:25:01.458892+00:00,2026-04-21T05:35:45.623295+00:00,momentum,"XRP Up or Down - April 21, 1:25AM-1:30AM ET",DOWN,Down,4.0,0.55,,LOSS,NO,-4.0,Up,0x4a34c1fd6a75bc97486ba2a7c5a2b39bbe8199483ba270478977d2bc75962909,87070076952848679371955951580479520876422573892594522895262648087897902927652
2026-04-21T05:25:01.477721+00:00,2026-04-21T05:35:45.825004+00:00,momentum,"Solana Up or Down - April 21, 1:25AM-1:30AM ET",DOWN,Down,4.0,0.53,,WIN,YES,3.547169811320754,Down,0x7c920f80ec18eace15232e1a46fa2d32b08122cb3614433895055189879c91a8,10682122694492147685621092048684448000072869284777868545993296574000614475600
2026-04-21T05:25:01.438513+00:00,2026-04-21T05:36:45.784432+00:00,momentum,"Ethereum Up or Down - April 21, 1:25AM-1:30AM ET",DOWN,Down,2.0,0.52,,WIN,YES,1.8461538461538458,Down,0x0c912c5bb55de9b8e4d27c1649d7b9702589e55fe5b4a85cdae1827ad7295111,39139163579032124381973791750161065419042759858353589854600442937258506125385
2026-04-21T05:30:00.500407+00:00,2026-04-21T05:41:49.371267+00:00,momentum,"Bitcoin Up or Down - April 21, 1:30AM-1:35AM ET",DOWN,Down,2.0,0.51,,WIN,YES,1.9215686274509802,Down,0x73b6dd05e5d4531925f4b71e9832edfea79fb09049295123d3bd2f3f7df7e6bd,82977670435709276586038947236903905859039258194006694336157408791446039995357
2026-04-21T05:30:00.527916+00:00,2026-04-21T05:41:49.664571+00:00,momentum,"XRP Up or Down - April 21, 1:30AM-1:35AM ET",DOWN,Down,8.0,0.51,,WIN,YES,7.686274509803921,Down,0xffdf01f94bc958f11c6e998618da600e3e53f09c060822d0001aae5a95b33edb,111314739512283771976058825969923001229059383848105746812912001277352759600856
2026-04-21T05:30:00.487900+00:00,2026-04-21T05:42:49.762312+00:00,momentum,"Ethereum Up or Down - April 21, 1:30AM-1:35AM ET",DOWN,Down,2.0,0.53,,WIN,YES,1.773584905660377,Down,0xd1a7896ab16a94e4e71f788f0705c222b593d0d0a0c617b228edcb43008bdc6e,84497420484763258619505904302787402683064151519470448327430685012724935500899
2026-04-21T05:30:00.514335+00:00,2026-04-21T05:42:49.910291+00:00,momentum,"Solana Up or Down - April 21, 1:30AM-1:35AM ET",DOWN,Down,2.0,0.51,,WIN,YES,1.9215686274509802,Down,0xee81e34b28b3702bca956bea2306bdb56975eb6be5e99c619533baa6447b1c31,20073837682510434175637781931720309944448235595585786421538915080163165627675
2026-04-21T05:35:00.869786+00:00,2026-04-21T05:44:51.347812+00:00,momentum,"Solana Up or Down - April 21, 1:35AM-1:40AM ET",DOWN,Down,2.0,0.51,,LOSS,NO,-2.0,Up,0x72382391fdcfec508c3d623dcd069952e432973412041643a8235901eba224ac,22139503411942387758214789407609365245066089472391998379789807613681056691047
2026-04-21T05:35:03.000198+00:00,2026-04-21T05:44:51.763582+00:00,momentum,"Bitcoin Up or Down - April 21, 1:35AM-1:40AM ET",DOWN,Down,2.0,0.52,,WIN,YES,1.8461538461538458,Down,0x747a5eaf6e7a90425e7116b5c985390b075ab06decdd193715e16df39846966b,93462418350977147840927826374355159521893295743061420385578053565593481034918
2026-04-21T05:35:00.883368+00:00,2026-04-21T05:45:52.266075+00:00,momentum,"XRP Up or Down - April 21, 1:35AM-1:40AM ET",DOWN,Down,2.0,0.51,,LOSS,NO,-2.0,Up,0x9fe735576eaf5cdd6d1065bf4f2201d08b16acb0389e9d90416a252452f741b1,58422349179753673883682025635702858136145735441909363084649553399395311399247
2026-04-21T05:35:00.901013+00:00,2026-04-21T05:45:52.456148+00:00,momentum,"Ethereum Up or Down - April 21, 1:35AM-1:40AM ET",DOWN,Down,2.0,0.51,,WIN,YES,1.9215686274509802,Down,0xc44b2a6b58b60c196e126f94bc03e2841de6b87a534b8dd2746529eed0617850,114743601541590766822596254666803933714362259780867418531006380457270627261204
2026-04-21T05:40:05.449619+00:00,2026-04-21T05:50:57.087570+00:00,momentum,"XRP Up or Down - April 21, 1:40AM-1:45AM ET",UP,Up,4.0,0.55,,LOSS,NO,-4.0,Down,0xe32a143f0c32eacd4d4f4b06b6eca86f0c15d88906160922a5b705f6a9edec90,36511959041563159487216247414437191175239336808247957230303373794185407032151
2026-04-21T05:40:00.286190+00:00,2026-04-21T05:51:57.331216+00:00,momentum,"Ethereum Up or Down - April 21, 1:40AM-1:45AM ET",DOWN,Down,2.0,0.51,,WIN,YES,1.9215686274509802,Down,0x7cc546779f5ab05ed92ca4348eff866391752a699c3d6f2215d65e3223df49ea,95012709488878065161364065024862533828239336991461287123716448605048065986247
2026-04-21T05:40:02.360500+00:00,2026-04-21T05:51:57.482729+00:00,momentum,"Bitcoin Up or Down - April 21, 1:40AM-1:45AM ET",UP,Up,2.0,0.53,,WIN,YES,1.773584905660377,Up,0x1e9e1ef1e796b08aec837af6ccab84ec046d5f6c8ed2036ae6c698cd2941ea4e,78055586303557231572710430660474803178855341039630713605915890354603678502542
2026-04-21T05:40:05.436634+00:00,2026-04-21T05:51:57.679402+00:00,momentum,"Solana Up or Down - April 21, 1:40AM-1:45AM ET",UP,Up,4.0,0.61,,WIN,YES,2.557377049180328,Up,0xa19e4eb1ff1bd4ea8b750b83ea4780b4f70216f5a4c8f81dc5d770bdad16dc7d,76866405431469066137469464225180061460966027193231841514151706486237069155870
2026-04-21T05:45:00.666495+00:00,2026-04-21T05:53:58.518230+00:00,momentum,"Bitcoin Up or Down - April 21, 1:45AM-1:50AM ET",DOWN,Down,2.0,0.57,,WIN,YES,1.5087719298245617,Down,0xa68ddbfe50f618559f9f15bdca98e7edf4ec0f3d53cd59b73c115e790c0e1345,41487209385255698601464959700701820041849476411419502942464803495950432528018
2026-04-21T05:45:03.756720+00:00,2026-04-21T05:53:58.925646+00:00,momentum,"Solana Up or Down - April 21, 1:45AM-1:50AM ET",DOWN,Down,2.0,0.61,,WIN,YES,1.278688524590164,Down,0x0922ed1d0e11bb7660880697feb2c3564f0a8b8bc1d6e0cb9b590de122efb913,52662376194908379599592043794940380314570249045745090634129020039527919162305
2026-04-21T05:45:03.769389+00:00,2026-04-21T05:53:59.068487+00:00,momentum,"XRP Up or Down - April 21, 1:45AM-1:50AM ET",DOWN,Down,2.0,0.6,,WIN,YES,1.3333333333333335,Down,0xef396b6e01e53d8ebfdbc4af9eaf74889aa3d2d0a740e68b1fc9d7d096fe50ec,100964831681278277342239142944465103215862619256680198167806969269597584580787
2026-04-21T05:45:00.682470+00:00,2026-04-21T05:54:58.906251+00:00,momentum,"Ethereum Up or Down - April 21, 1:45AM-1:50AM ET",DOWN,Down,2.0,0.54,,WIN,YES,1.7037037037037033,Down,0xd6f84c09dd1a2287e33252da77f15689deb884db74f5154a6db387246f3d41d3,75706805240528229681915295538165371016148578993938642251802508632833115522545
2026-04-21T05:50:02.429353+00:00,2026-04-21T06:00:01.749072+00:00,momentum,"XRP Up or Down - April 21, 1:50AM-1:55AM ET",DOWN,Down,2.0,0.54,,LOSS,NO,-2.0,Up,0x37962c90c5f7b9dc9349156f768f30641193beba4a9c06dda1c2d5e804a12258,93860385300701437446958908297415003659312137035442307910552581499201170567262
2026-04-21T05:50:05.728601+00:00,2026-04-21T06:00:01.930890+00:00,momentum,"Solana Up or Down - April 21, 1:50AM-1:55AM ET",DOWN,Down,2.0,0.57,,LOSS,NO,-2.0,Up,0x2b85bccea5ee1d9c35d4390903d8e22a9225e5e125689454970999b351770f0f,27712652434492418483186066384019315699462704538284304768661895116583233813308
2026-04-21T05:50:02.410625+00:00,2026-04-21T06:01:02.766605+00:00,momentum,"Bitcoin Up or Down - April 21, 1:50AM-1:55AM ET",DOWN,Down,2.0,0.52,,LOSS,NO,-2.0,Up,0x623fe275f06ad726fdbf24fd146f190a11a6b955571a139095ffc89256c182b2,46075700664797063585198786298221596888791608111517425572940480705704059958576
2026-04-21T05:50:02.447587+00:00,2026-04-21T06:01:02.817611+00:00,momentum,"Ethereum Up or Down - April 21, 1:50AM-1:55AM ET",DOWN,Down,2.0,0.58,,LOSS,NO,-2.0,Up,0x06c83a961e2aa9a95986eea21cdaf48775e665332c50fe3a96d690e9d41bd742,110415605191043383090060480881165309789094020933509520455371184644418847093171
2026-04-21T05:55:04.225984+00:00,2026-04-21T06:06:04.497527+00:00,momentum,"XRP Up or Down - April 21, 1:55AM-2:00AM ET",DOWN,Down,4.0,0.52,,LOSS,NO,-4.0,Up,0xc94f6c6cbdf216d182cbc4427fb151240f95ddc45b466cc8c0f3c30644b7b3fc,6330310911691185451738756785303074469781091111428032605776119223201855495818
2026-04-21T05:55:07.341272+00:00,2026-04-21T06:06:04.541058+00:00,momentum,"Bitcoin Up or Down - April 21, 1:55AM-2:00AM ET",UP,Up,4.0,0.55,,LOSS,NO,-4.0,Down,0x8cd4d42b326d08b149550640c55898a342bb8b33e2702124129f74d56b27ace6,9663628202339941463153650740904963226116145817153665978591308469518985591069
2026-04-21T05:55:07.354916+00:00,2026-04-21T06:07:05.453895+00:00,momentum,"Ethereum Up or Down - April 21, 1:55AM-2:00AM ET",UP,Up,4.0,0.56,,LOSS,NO,-4.0,Down,0x4fc321cd53d66fc936ad8defa7f6425053610b861972079386ca0cc674d63974,106047326181518845059260413750417146422495624619060084113237153372982036107471
2026-04-21T05:55:16.554994+00:00,2026-04-21T06:07:05.496480+00:00,momentum,"Solana Up or Down - April 21, 1:55AM-2:00AM ET",UP,Up,2.0,0.51,,LOSS,NO,-2.0,Down,0x95787303bb78a9b818f3582edf4762e7d5806b26192c2750186c22f3cb556fa3,27734171646529698770879977139002430065278850729445403967591897886419571416880
2026-04-21T06:00:03.573795+00:00,2026-04-21T06:08:06.005425+00:00,momentum,"XRP Up or Down - April 21, 2:00AM-2:05AM ET",UP,Up,8.0,0.52,,LOSS,NO,-8.0,Down,0x7e5133a129f36d1cab6f7dadd33fb155e7e0d236a338c14b8d05655e9c18f4f1,74420830283822655284891711141758953173295320305474634523958914878847047038359
2026-04-21T06:00:03.557446+00:00,2026-04-21T06:09:05.865508+00:00,momentum,"Ethereum Up or Down - April 21, 2:00AM-2:05AM ET",UP,Up,8.0,0.6,,LOSS,NO,-8.0,Down,0x4c12755eb4f68c9dfdb9fb06e104fac4ccefea0c3303fe89113d6f27a502a8cf,112871073055114082535280430289473399622752318610905324493274816028490341311345
2026-04-21T06:00:03.590977+00:00,2026-04-21T06:09:05.910138+00:00,momentum,"Solana Up or Down - April 21, 2:00AM-2:05AM ET",UP,Up,4.0,0.62,,LOSS,NO,-4.0,Down,0x2db61facd16d518c847375ee4441922ece78e283ed7a4935c0538298c355302c,28810446612010684443740531724485280341578370473560883801756899019674400710877
2026-04-21T06:00:03.608666+00:00,2026-04-21T06:09:05.954929+00:00,momentum,"Bitcoin Up or Down - April 21, 2:00AM-2:05AM ET",UP,Up,8.0,0.53,,LOSS,NO,-8.0,Down,0x5b39d90227651e54eaf2de3992e5d36b38a57c9660828c41008ea8476d902ed2,102894388361890786788965154500613085173907280318404372576659822727854698160386
2026-04-21T06:05:02.399023+00:00,2026-04-21T06:15:09.116849+00:00,momentum,"XRP Up or Down - April 21, 2:05AM-2:10AM ET",UP,Up,16.0,0.51,,LOSS,NO,-16.0,Down,0x0450df60ac5802e7c3500790a03c5f6db9f72c4068e895ea6945571eed461af1,58160321024718030554420472632193301171130327997556572202804572846723328150354
2026-04-21T06:05:10.027241+00:00,2026-04-21T06:15:09.324508+00:00,momentum,"Bitcoin Up or Down - April 21, 2:05AM-2:10AM ET",DOWN,Down,16.0,0.51,,LOSS,NO,-16.0,Up,0xf311a150a36c927fe03ac99ed24fb41875f3cec7cea449b9132559fc08c2c320,112113599619432426365587563100663716705284254471042881976806961443277051350158
2026-04-21T06:05:13.147018+00:00,2026-04-21T06:15:09.540794+00:00,momentum,"Solana Up or Down - April 21, 2:05AM-2:10AM ET",DOWN,Down,8.0,0.52,,WIN,YES,7.384615384615383,Down,0x7d50c2c81529c755949d13445bc704f5a8c8f0eb52ba633be18e5f50109ab550,17914694952007279966707031482003933828314412389014655050518794599088585906255
2026-04-21T06:05:02.416074+00:00,2026-04-21T06:16:09.526933+00:00,momentum,"Ethereum Up or Down - April 21, 2:05AM-2:10AM ET",UP,Up,16.0,0.52,,WIN,YES,14.769230769230766,Up,0xf1aecde15f184c4cf1895e50c43de6d12a2f42877ecabd5aaff537891fca0423,114850704302412906441106411104213965090461447020865959634251398141993527296702
2026-04-21T06:10:02.387357+00:00,2026-04-21T06:20:11.824436+00:00,momentum,"Ethereum Up or Down - April 21, 2:10AM-2:15AM ET",UP,Up,2.0,0.55,,LOSS,NO,-2.0,Down,0xdb8330e4b7ca2daa633e3c57bae1dbde52312fb5a5a46b182d58d3cf47bb2316,79849960338908663878309253964321152946140156815423690624621243064748969347749
2026-04-21T06:10:02.402731+00:00,2026-04-21T06:21:12.173256+00:00,momentum,"XRP Up or Down - April 21, 2:10AM-2:15AM ET",DOWN,Down,2.0,0.51,,WIN,YES,1.9215686274509802,Down,0xf9b0952f32e7304db4ecfecb01624172d9674d22828b51838ec8d7d4fb682ede,93754475811833838287374932142183634779099139070450350167609506640396574269665
2026-04-21T06:10:12.730388+00:00,2026-04-21T06:21:12.480086+00:00,momentum,"Solana Up or Down - April 21, 2:10AM-2:15AM ET",DOWN,Down,2.0,0.51,,WIN,YES,1.9215686274509802,Down,0x8338970d68804b195359405fbee4c53ab16930dfebab57ec0ae31508dd8c010e,94823811415171648188267547528752130811599475379192551511366215607843500681713
2026-04-21T06:10:09.625992+00:00,2026-04-21T06:22:12.058937+00:00,momentum,"Bitcoin Up or Down - April 21, 2:10AM-2:15AM ET",DOWN,Down,32.0,0.55,,LOSS,NO,-32.0,Up,0x00039cead3a346ec82e50412ca6fdd2353e65ee5c425fb7309e99f6d15b57553,63402403857055441757895768257704265084412427031997861289201988886216256785017
2026-04-21T06:15:00.810065+00:00,2026-04-21T06:23:13.242091+00:00,momentum,"Solana Up or Down - April 21, 2:15AM-2:20AM ET",UP,Up,2.0,0.52,,LOSS,NO,-2.0,Down,0x7591b2a9e369293cb7040e0de467982541f2174468befbb590fe2a8ed730c4fe,20996618939002596854736033917594350879459801456502882561450584494800197859008
2026-04-21T06:15:00.792945+00:00,2026-04-21T06:24:13.400033+00:00,momentum,"Ethereum Up or Down - April 21, 2:15AM-2:20AM ET",UP,Up,4.0,0.52,,LOSS,NO,-4.0,Down,0x9ed1a59ad6bf9c9eec30c062ead23283178900c89a69ede762cf8e3c53842f62,90600642827958372375498717811124773184498853271559194200238091807252269676552
2026-04-21T06:15:03.950332+00:00,2026-04-21T06:24:13.565610+00:00,momentum,"XRP Up or Down - April 21, 2:15AM-2:20AM ET",DOWN,Down,2.0,0.51,,WIN,YES,1.9215686274509802,Down,0x049825c9378fa00e098f958ebdb0c7508487bcb712d6d9503972a5a54dcbc095,4141493890084417314592673578021630531655058201217253326107281265135899272692
2026-04-21T06:15:00.777809+00:00,2026-04-21T06:25:14.389148+00:00,momentum,"Bitcoin Up or Down - April 21, 2:15AM-2:20AM ET",DOWN,Down,64.0,0.51,,WIN,YES,61.49019607843137,Down,0x4c9e6997e8b4c9872c24b00f0f7e8a9fcb14fb5d9bb80face01848156e140d6d,86493481682805580791668329187497297664462581657080728168264770976108047044344
2026-04-21T06:20:03.323232+00:00,2026-04-21T06:30:17.647087+00:00,momentum,"Ethereum Up or Down - April 21, 2:20AM-2:25AM ET",UP,Up,4.0,0.52,,WIN,YES,3.6923076923076916,Up,0xe7b65d0fe33451594d212387a3aaa28a4772b05031d60c5b6dfa77849c894627,77838845821331167287049029112594103075672504882269927079531239339194329025604
2026-04-21T06:20:03.337528+00:00,2026-04-21T06:30:17.690134+00:00,momentum,"Solana Up or Down - April 21, 2:20AM-2:25AM ET",UP,Up,2.0,0.52,,LOSS,NO,-2.0,Down,0x46c7a09e7ea2eeef784ece2465e687c9c2e30b74d2745c5c55cf456d557af31c,94049468385106782164451242664007765256478394428323036423906248759905855087020
2026-04-21T06:20:06.552313+00:00,2026-04-21T06:30:17.880501+00:00,momentum,"XRP Up or Down - April 21, 2:20AM-2:25AM ET",DOWN,Down,2.0,0.54,,LOSS,NO,-2.0,Up,0x9a46c34876be2387f49c6f59482e56bcda4c88441b3f27257ae54a7a2056f273,22331441431127863490734581674240166022622812079401050478488155086690432545616
2026-04-21T06:20:06.537948+00:00,2026-04-21T06:31:18.628765+00:00,momentum,"Bitcoin Up or Down - April 21, 2:20AM-2:25AM ET",DOWN,Down,2.0,0.69,,WIN,YES,0.8985507246376816,Down,0x04a77d6650aa5c00bad3dc56246c63f65919883c567db1f341d27c56adab2c8a,25497475614739031239576509475324563087289865862344506961041212607807646216285
2026-04-21T06:25:00.060644+00:00,2026-04-21T06:35:20.702839+00:00,momentum,"XRP Up or Down - April 21, 2:25AM-2:30AM ET",UP,Up,4.0,0.51,,WIN,YES,3.8431372549019605,Up,0x167004d746cea7fab5dff721e778b83e10655c77b77f464f87baac7cbd2eb87c,59802525757329974052778688267271616150468974557099229511267367037907684892873
2026-04-21T06:25:02.730921+00:00,2026-04-21T06:36:21.139653+00:00,momentum,"Bitcoin Up or Down - April 21, 2:25AM-2:30AM ET",UP,Up,2.0,0.6,,WIN,YES,1.3333333333333335,Up,0x60b67d5ac0ef630644f0dda0b103b40f146308c06153171fb634ae7e79675f9c,43876526932546843103185267016598404409806315583179947978893449681025496126318
2026-04-21T06:25:02.750257+00:00,2026-04-21T06:37:21.834263+00:00,momentum,"Ethereum Up or Down - April 21, 2:25AM-2:30AM ET",UP,Up,2.0,0.52,,WIN,YES,1.8461538461538458,Up,0x3e5f2db8f09d96c77fe3c3e785c030a397f5887f13a33f45af5f9e6324fe5456,46857750938828160989116039891044534686508760600062735808129225499260027534678
2026-04-21T06:25:02.769555+00:00,2026-04-21T06:37:21.991566+00:00,momentum,"Solana Up or Down - April 21, 2:25AM-2:30AM ET",UP,Up,4.0,0.52,,WIN,YES,3.6923076923076916,Up,0x1347cf8d6ac8d435b75026403f4a207886946ea26dfa6222445215ee9e30ce61,69266971411464076172545393317541713509501006025096846919964162873235571069197
2026-04-21T06:30:00.144564+00:00,2026-04-21T06:39:23.160105+00:00,momentum,"Solana Up or Down - April 21, 2:30AM-2:35AM ET",UP,Up,2.0,0.53,,WIN,YES,1.773584905660377,Up,0x96895b34d252f52b20a14187172bccaff054987c60bc7d1abee367fe3b3b50a0,89802057091286293322072288478264221560843015280357558049914995708248526188175
2026-04-21T06:30:03.226599+00:00,2026-04-21T06:39:23.335844+00:00,momentum,"Bitcoin Up or Down - April 21, 2:30AM-2:35AM ET",UP,Up,2.0,0.62,,WIN,YES,1.2258064516129035,Up,0xaa765965aa55522462c18f0ad7cdf443f4e64ce60822bff6e62a2038cd7d54d1,14067351308833958472426932140880228532336873401269839346494675031297525381940
2026-04-21T06:30:03.241899+00:00,2026-04-21T06:39:23.522658+00:00,momentum,"Ethereum Up or Down - April 21, 2:30AM-2:35AM ET",UP,Up,2.0,0.52,,WIN,YES,1.8461538461538458,Up,0xd750c3174c2226bdbbed2507750f1f2d3b6ff205841111aa0d3f012f92642ef5,30776551053678411570087865625889360848516582735794385497916048589427570546363
2026-04-21T06:30:03.259876+00:00,2026-04-21T06:39:23.697790+00:00,momentum,"XRP Up or Down - April 21, 2:30AM-2:35AM ET",UP,Up,2.0,0.51,,WIN,YES,1.9215686274509802,Up,0x49f5671a6f42db109628d145505affbeb684ff96a669cdf338053e20659de875,74545909114782038952012903362046636158424573916097346038097280587773502133693
2026-04-21T06:35:05.792335+00:00,2026-04-21T06:44:25.478434+00:00,momentum,"Solana Up or Down - April 21, 2:35AM-2:40AM ET",UP,Up,2.0,0.56,,LOSS,NO,-2.0,Down,0xfccc104260b5cb2afa6dac9ceb6385347bec355b997cf6500c3e136529f5f8cb,107808661872758304400076272490346330569301649679541668048590757072909289884509
2026-04-21T06:35:02.710590+00:00,2026-04-21T06:45:27.424741+00:00,momentum,"Bitcoin Up or Down - April 21, 2:35AM-2:40AM ET",DOWN,Down,2.0,0.53,,WIN,YES,1.773584905660377,Down,0x44611d0caf2a9b2621339e3cf7f85ee6743a2db3b88a360fd63a40bf83cfac0c,33946628205991242667896491245532048711789373613203430091542058975563056688711
2026-04-21T06:35:00.572616+00:00,2026-04-21T06:46:27.310291+00:00,momentum,"XRP Up or Down - April 21, 2:35AM-2:40AM ET",UP,Up,2.0,0.51,,WIN,YES,1.9215686274509802,Up,0x9e05cfd5a274b5e33f1e6fcdb87e607f816721c8eb0b14a40dc0040d1b748f28,10540645119681756504916458997649324435301871165845414989565753967792867642003
2026-04-21T06:35:00.596195+00:00,2026-04-21T06:46:27.671561+00:00,momentum,"Ethereum Up or Down - April 21, 2:35AM-2:40AM ET",UP,Up,2.0,0.51,,WIN,YES,1.9215686274509802,Up,0xab965b451b75e719c2baca33cdf08762653d045cbd953c915feeee0dfb110d91,29542837788189879679038110224021173585919971927704895379577613117572011205760
2026-04-21T06:40:00.500448+00:00,2026-04-21T06:50:29.685267+00:00,momentum,"Ethereum Up or Down - April 21, 2:40AM-2:45AM ET",UP,Up,2.0,0.51,,LOSS,NO,-2.0,Down,0x87c6d56bcb449de4ab4d223816f794f9801e3f0a9664835e25056a2d4c56a8a4,74547696584665199558836083856187982698120870645101382526642706243680516333713
2026-04-21T06:40:02.585260+00:00,2026-04-21T06:50:29.884626+00:00,momentum,"Bitcoin Up or Down - April 21, 2:40AM-2:45AM ET",DOWN,Down,2.0,0.53,,WIN,YES,1.773584905660377,Down,0xe04b00085c669a0291046b2a1f3225586f74f5108e528763e5afff2229deb50f,27687166264147173248961920254598644175291792569150586459969150514570672168872
2026-04-21T06:40:02.602002+00:00,2026-04-21T06:51:30.690029+00:00,momentum,"XRP Up or Down - April 21, 2:40AM-2:45AM ET",DOWN,Down,2.0,0.53,,WIN,YES,1.773584905660377,Down,0x676f619a87dd24b855906030ac0d2dfe2d7e93045abe8da91e6ce2b5763c9214,53319625235031129360359616748317409653918263864693219892016708247247165894530
2026-04-21T06:40:08.758303+00:00,2026-04-21T06:51:30.868141+00:00,momentum,"Solana Up or Down - April 21, 2:40AM-2:45AM ET",UP,Up,2.0,0.57,,WIN,YES,1.5087719298245617,Up,0x19dcac6a24773eab47aed591f079a054bbc097a70fff462b16bde5c9208cf36a,81890357833430534902169673653534275727589433126201609487944887836045391919047
2026-04-21T06:45:01.889307+00:00,2026-04-21T06:53:31.507836+00:00,momentum,"Bitcoin Up or Down - April 21, 2:45AM-2:50AM ET",DOWN,Down,2.0,0.52,,LOSS,NO,-2.0,Up,0x32da9766f69fab8dea45664cf2587a1f378291575cd5e0ef0b488c18df92fce5,33274024615069616906370948497388615763139611047780092874344779402054984167721
2026-04-21T06:45:08.037720+00:00,2026-04-21T06:53:31.560008+00:00,momentum,"Solana Up or Down - April 21, 2:45AM-2:50AM ET",DOWN,Down,2.0,0.54,,LOSS,NO,-2.0,Up,0xf16ffeba3470f6cfc7d7dbb7d3718b69787048fc1525ed3c4d0d9be44b088954,101226552604590120814925586446273102802542586564318617191301678782075550042792
2026-04-21T06:45:00.778871+00:00,2026-04-21T06:54:31.695059+00:00,momentum,"Ethereum Up or Down - April 21, 2:45AM-2:50AM ET",UP,Up,4.0,0.51,,LOSS,NO,-4.0,Down,0x19f8ef5fbd1d18a39b6c33776e0333bb80b0282a341436716d52536c0e19104b,13905886118211783149200427306037965331855621678605256303402811723380985617960
2026-04-21T06:45:00.797949+00:00,2026-04-21T06:54:31.872137+00:00,momentum,"XRP Up or Down - April 21, 2:45AM-2:50AM ET",DOWN,Down,2.0,0.515,,WIN,YES,1.883495145631068,Down,0x8177bb57d43c0078a73158089b0f2b110f8c2a77106ff223e914fbd825a0eb0e,111962383648147695696493662085374596056421914032690902102471845291064479073922
2026-04-21T06:50:00.770089+00:00,2026-04-21T06:59:35.709631+00:00,momentum,"XRP Up or Down - April 21, 2:50AM-2:55AM ET",DOWN,Down,2.0,0.515,,LOSS,NO,-2.0,Up,0x87b59721d21faecee8af23185e97ecbcbc7337323944f2135d77aee959242fbd,72137386388628064686288873818843672117237667144692677031294428806393811911691
2026-04-21T06:50:01.859585+00:00,2026-04-21T07:00:36.541852+00:00,momentum,"Bitcoin Up or Down - April 21, 2:50AM-2:55AM ET",DOWN,Down,2.0,0.56,,WIN,YES,1.5714285714285712,Down,0x40512102933a3de508d1f4c858cab827f6a7cc9c6c4f0c46da20ff366d3c4f3a,36163854127269915699520111785042710229580491011195346288655526452864769727794
2026-04-21T06:50:01.875458+00:00,2026-04-21T07:00:36.705021+00:00,momentum,"Solana Up or Down - April 21, 2:50AM-2:55AM ET",DOWN,Down,4.0,0.55,,WIN,YES,3.2727272727272725,Down,0xbb60312e29a6b2f54d3de79aa8b2c3448b5843fa6fcfd9180931c3bfd0208ccf,23123127415263731680088208405028927392161087182188587363574896346353581683462
2026-04-21T06:50:01.895666+00:00,2026-04-21T07:00:36.983184+00:00,momentum,"Ethereum Up or Down - April 21, 2:50AM-2:55AM ET",DOWN,Down,2.0,0.53,,WIN,YES,1.773584905660377,Down,0x87682132cb7f03e55b47e413349108c8b9793e102a9ea1847e55e18bf50b9571,37899411918004516409806812205017694347075740528090517357001706357774765609309
2026-04-21T06:55:00.917856+00:00,2026-04-21T07:05:40.066339+00:00,momentum,"Solana Up or Down - April 21, 2:55AM-3:00AM ET",DOWN,Down,2.0,0.51,,WIN,YES,1.9215686274509802,Down,0xe2b61eff195a2c8f6d5ec316dc36fdab31896c245fcf99ac90fde600ef6496c9,77163163495758021297973028968372610364713217118620174210941470419387486560295
2026-04-21T06:55:04.535724+00:00,2026-04-21T07:06:40.931777+00:00,momentum,"Bitcoin Up or Down - April 21, 2:55AM-3:00AM ET",DOWN,Down,2.0,0.57,,WIN,YES,1.5087719298245617,Down,0xf2ab00cbba37ded7a6d3c53756789c50bedb56482cbed7ed3e7ba22c83b318a7,52281982952728153101077265701664680917218267878263351750946099490282024778817
2026-04-21T06:55:04.551371+00:00,2026-04-21T07:06:41.090740+00:00,momentum,"XRP Up or Down - April 21, 2:55AM-3:00AM ET",DOWN,Down,4.0,0.54,,WIN,YES,3.4074074074074066,Down,0xfb1e16f37fd776de156ace7911d4a33aafc2f9abec5a5cfc228d0018ceaf064f,97184477369888382356390534186312222987614411850181864179658415071243098299873
2026-04-21T06:55:00.934496+00:00,2026-04-21T07:07:41.445058+00:00,momentum,"Ethereum Up or Down - April 21, 2:55AM-3:00AM ET",DOWN,Down,2.0,0.52,,WIN,YES,1.8461538461538458,Down,0x782aec7f0190457b06211c0db925f8bf65457fe0c273369262572c67317274f1,11221365232433470978451917490181955743453565582566733780888141941741803790320
2026-04-21T07:00:01.931749+00:00,2026-04-21T07:14:45.649699+00:00,momentum,"Bitcoin Up or Down - April 21, 3:00AM-3:05AM ET",UP,Up,2.0,0.53,,LOSS,NO,-2.0,Down,0x46c34208b3107b013e13ee19aba11ca539a8f5c06de9d2e6771bfcad938fa0ca,63090504399613810156007549795157486689903665724468811206614537042546578723312
2026-04-21T07:00:17.820289+00:00,2026-04-21T07:14:46.113061+00:00,momentum,"Solana Up or Down - April 21, 3:00AM-3:05AM ET",DOWN,Down,2.0,0.73,,WIN,YES,0.7397260273972601,Down,0xf182fbd77a7a4d5dd564ab4404480344d183441d64475b85d5a9c00420bdb8da,110496479712158750739562249987411267841218112955337200316155109068163619440406
2026-04-21T07:05:01.532032+00:00,2026-04-21T07:14:46.541914+00:00,momentum,"XRP Up or Down - April 21, 3:05AM-3:10AM ET",UP,Up,2.0,0.55,,WIN,YES,1.6363636363636362,Up,0xa52aacf39e2401b1a103c610f97dc097c1c2fd9444a34039c5d91e5a9a7b2718,21985298452359173542950223128163452958362983338846192252309501678304879215437
2026-04-21T07:05:01.625137+00:00,2026-04-21T07:14:46.694551+00:00,momentum,"Bitcoin Up or Down - April 21, 3:05AM-3:10AM ET",UP,Up,2.0,0.51,,WIN,YES,1.9215686274509802,Up,0x78a1db793bb524241d763a18086dea1c0a6c52163447402fb0ef929984313434,91972991801750436311852663945820167553136077385730408194322555596059740967369
2026-04-21T07:00:01.952337+00:00,2026-04-21T07:15:46.360215+00:00,momentum,"Ethereum Up or Down - April 21, 3:00AM-3:05AM ET",UP,Up,2.0,0.53,,LOSS,NO,-2.0,Down,0x6869a5087ee0786342996cb880aa695c6964e69ec087db34fac538baa8d2e23f,46632549615139403181239519022129396993745072438924766651434458079714764455846
2026-04-21T07:00:01.970382+00:00,2026-04-21T07:15:46.516387+00:00,momentum,"XRP Up or Down - April 21, 3:00AM-3:05AM ET",DOWN,Down,2.0,0.53,,WIN,YES,1.773584905660377,Down,0x6f8adf1d536a95fed23f75423d0e9e34fde349f46a5844e7768b08fe6183d97a,108739522829141193041403096035921251167179844754409789791358951663558598261101
2026-04-21T07:05:01.442413+00:00,2026-04-21T07:15:46.672332+00:00,momentum,"Ethereum Up or Down - April 21, 3:05AM-3:10AM ET",UP,Up,2.0,0.55,,WIN,YES,1.6363636363636362,Up,0xad94f00288dcc82dabbcbef5e6443020601a861dfc4732433d6b9b093a2c7df0,43741954341815659220352896733835046890299521254213972044039129908284557476843
2026-04-21T07:05:01.481205+00:00,2026-04-21T07:15:46.838556+00:00,momentum,"Solana Up or Down - April 21, 3:05AM-3:10AM ET",UP,Up,2.0,0.55,,WIN,YES,1.6363636363636362,Up,0xc79a0c42a0447a68da011ad1eb6e9e9b55e7ae1dd9dd2ea0a984b0243c22c11f,63365433105556500761192253731117073910932292818061453075835337524725549996241
2026-04-21T07:10:00.752241+00:00,2026-04-21T07:20:50.483795+00:00,momentum,"Solana Up or Down - April 21, 3:10AM-3:15AM ET",UP,Up,2.0,0.51,,LOSS,NO,-2.0,Down,0x2f5fdf1dfdcefda6e9ee31537d28490b5ed079148d4f8c225ce3805dff39cdd7,109785637034569633434422142825049471740732267602816101999427525231018589263975
2026-04-21T07:10:00.732463+00:00,2026-04-21T07:21:50.967248+00:00,momentum,"Ethereum Up or Down - April 21, 3:10AM-3:15AM ET",UP,Up,2.0,0.53,,LOSS,NO,-2.0,Down,0x55438d8269325849d950e3ca98de4d32b3d4537b7ebbc26eca747d91f6708cb1,35167684299422345045999068550873491044048231741120855910984365298610972973524
2026-04-21T07:10:03.888160+00:00,2026-04-21T07:21:51.137796+00:00,momentum,"Bitcoin Up or Down - April 21, 3:10AM-3:15AM ET",UP,Up,2.0,0.59,,WIN,YES,1.3898305084745766,Up,0xb1c38242b53a2dcca9aed24988c1a04c6276dd6f39584186a848ff19db3e45f3,7195787395696686132441807996548018230315412474833581660287172839187639142863
2026-04-21T07:10:03.904491+00:00,2026-04-21T07:21:51.191625+00:00,momentum,"XRP Up or Down - April 21, 3:10AM-3:15AM ET",UP,Up,2.0,0.58,,LOSS,NO,-2.0,Down,0xb130953978ed2d22aa54a70f78cf370eb3791fab94201dc09d6fe505e7fa645e,109643539088297159083546573071367068841421713929602882435158187254728637263942
2026-04-21T07:15:00.974603+00:00,2026-04-21T07:23:51.673678+00:00,momentum,"XRP Up or Down - April 21, 3:15AM-3:20AM ET",UP,Up,2.0,0.52,,LOSS,NO,-2.0,Down,0xc3a24e7f4ea75bac1f5496f62ea256111294987a129f6bc4eaa37b869d272791,73952262980138858074666079054700966515680789307009892616793135257788852323769
2026-04-21T07:15:00.992252+00:00,2026-04-21T07:23:51.742242+00:00,momentum,"Bitcoin Up or Down - April 21, 3:15AM-3:20AM ET",DOWN,Down,2.0,0.51,,LOSS,NO,-2.0,Up,0x73d0bdf2c20d0574053c7c81d6de2f613449d5b3ed5444776ab952f46153e492,4763790049506645945467026572106853791688467736734282609197030487563467063656
2026-04-21T07:15:01.012550+00:00,2026-04-21T07:23:51.938233+00:00,momentum,"Solana Up or Down - April 21, 3:15AM-3:20AM ET",UP,Up,4.0,0.51,,WIN,YES,3.8431372549019605,Up,0xde434b192346f2e32682679e4ecfcc355d5dd4c5e10250de56e2d93c0a215510,89260346638189030610556039837689643812613691079077853656816070566837621709898
2026-04-21T07:15:04.147875+00:00,2026-04-21T07:23:52.115213+00:00,momentum,"Ethereum Up or Down - April 21, 3:15AM-3:20AM ET",UP,Up,4.0,0.54,,WIN,YES,3.4074074074074066,Up,0x5009778e611a0be30b2e404f4cdd89dd4fe7e76562b4efbf787250bb745b09bd,38794309534549719804949168951649068133629166534110027960663176136850466548803
2026-04-21T07:20:01.080879+00:00,2026-04-21T07:29:54.306399+00:00,momentum,"Bitcoin Up or Down - April 21, 3:20AM-3:25AM ET",DOWN,Down,2.0,0.52,,LOSS,NO,-2.0,Up,0x436682845ef45ea6083567ebee4411d99a2f260461a72482888000ebb7d490ca,16451150136865237755451148743436486895171594673135624380545241988780705474688
2026-04-21T07:20:04.239807+00:00,2026-04-21T07:29:54.500262+00:00,momentum,"Solana Up or Down - April 21, 3:20AM-3:25AM ET",DOWN,Down,2.0,0.57,,LOSS,NO,-2.0,Up,0xb1d7c5122f07f27a11c48b11db6616adcc930599369bf4d5789578a13394be9b,18508326794833712702246815174673843264033092432760190137554177227202296095488
2026-04-21T07:20:01.063375+00:00,2026-04-21T07:30:55.136973+00:00,momentum,"Ethereum Up or Down - April 21, 3:20AM-3:25AM ET",DOWN,Down,2.0,0.52,,LOSS,NO,-2.0,Up,0x77f953bd07f1260dc6fa677766f0474c49f5c57991f7c1d637b22195442f32ff,44906829238789749690812910081991486636063666979352152284312419644385620301748
2026-04-21T07:20:01.100677+00:00,2026-04-21T07:30:55.319197+00:00,momentum,"XRP Up or Down - April 21, 3:20AM-3:25AM ET",UP,Up,4.0,0.51,,WIN,YES,3.8431372549019605,Up,0x584a19482411ef08f3f3c3b6a427fdc46144b942f1a251745512a5a944749654,69171713320791174293540522889532212345986749261620849204562498376461224797801
2026-04-21T07:25:01.647851+00:00,2026-04-21T07:35:58.373534+00:00,momentum,"Ethereum Up or Down - April 21, 3:25AM-3:30AM ET",UP,Up,4.0,0.6,,WIN,YES,2.666666666666667,Up,0xfd6319384ba33374500aa0eb7fe867597f40ef02440a2f4ae9f94d1c70c1bb36,46494990273708351424209607844028068092370917819743976806849892236513687360486
2026-04-21T07:25:01.688556+00:00,2026-04-21T07:35:58.679872+00:00,momentum,"Solana Up or Down - April 21, 3:25AM-3:30AM ET",UP,Up,2.0,0.53,,WIN,YES,1.773584905660377,Up,0xcdfc57284d055e65036e1a3e375cc65fba1f9a374848cd594402887000d30078,48330597717043016135702192077856699896119210654494536649763193255743779219923
2026-04-21T07:25:00.539025+00:00,2026-04-21T07:36:58.305607+00:00,momentum,"XRP Up or Down - April 21, 3:25AM-3:30AM ET",UP,Up,2.0,0.51,,WIN,YES,1.9215686274509802,Up,0x10b7c7b0f3b62ee1328a1291b1697512478ee7c2f09c02ed7dc918797f78cb17,25851704982079162591593262809506445755315371918964133834157043383630752814156
2026-04-21T07:25:01.666887+00:00,2026-04-21T07:36:58.356960+00:00,momentum,"Bitcoin Up or Down - April 21, 3:25AM-3:30AM ET",DOWN,Down,4.0,0.53,,LOSS,NO,-4.0,Up,0xaafd725a96a1a776fa71624ff14de0b68adf4631ef80ee7edf7a353ac43acdd2,57132166832604922543548023034746192293791254975355772147690510072247292481165
2026-04-21T07:30:01.269639+00:00,2026-04-21T07:42:01.002854+00:00,momentum,"Solana Up or Down - April 21, 3:30AM-3:35AM ET",DOWN,Down,2.0,0.52,,LOSS,NO,-2.0,Up,0x1216ab336ea2372b7a23533267f9508d345db96de78787549d2b82217ad6aa43,54019671266258948119641590486074242314396182107601690537740220069796903970927
2026-04-21T07:30:04.390639+00:00,2026-04-21T07:42:01.204724+00:00,momentum,"Bitcoin Up or Down - April 21, 3:30AM-3:35AM ET",UP,Up,8.0,0.64,,LOSS,NO,-8.0,Down,0x1ec65ab68fb67560cfee318486fb3cdb1403a91d2464c89c610761ee7990e38f,115482174766833339551173915655707990649592370909748113801479684057553308190979
2026-04-21T07:30:01.295668+00:00,2026-04-21T07:43:00.731628+00:00,momentum,"Ethereum Up or Down - April 21, 3:30AM-3:35AM ET",DOWN,Down,2.0,0.53,,WIN,YES,1.773584905660377,Down,0xbad65dda5dfddd34a776d6726f6c214ea884c41f404cdcf43fe4d3ff369dba78,9190931463594070013928642820138942214386757378408141951900559850896339199799
2026-04-21T07:30:07.474989+00:00,2026-04-21T07:43:00.827758+00:00,momentum,"XRP Up or Down - April 21, 3:30AM-3:35AM ET",UP,Up,2.0,0.58,,LOSS,NO,-2.0,Down,0xeba4c94d2c5989f449fbaa41e77493149e49550cf1ff1d23c1ab5e48a7d07d8f,87233914114563874693628455629315173818492773069945188645617346060290515869489
2026-04-21T07:35:00.117612+00:00,2026-04-21T07:45:01.620586+00:00,momentum,"XRP Up or Down - April 21, 3:35AM-3:40AM ET",UP,Up,2.0,0.51,,WIN,YES,1.9215686274509802,Up,0x201020dcd257c01b3736ec4a9913774248f80721d33ca8f43a21d7d6711813cf,72537977797122970335723868580648575156295830029994472228251280413314359552457
2026-04-21T07:35:01.281292+00:00,2026-04-21T07:45:01.887145+00:00,momentum,"Solana Up or Down - April 21, 3:35AM-3:40AM ET",DOWN,Down,2.0,0.52,,WIN,YES,1.8461538461538458,Down,0x98a4d7cf5d4ff4c8e81854042381f4b241879da72a4f5b07ee1593b569669efe,45001854128307725847945290630508702685134238123744303567472075437467162853606
2026-04-21T07:35:04.423718+00:00,2026-04-21T07:45:02.062849+00:00,momentum,"Ethereum Up or Down - April 21, 3:35AM-3:40AM ET",UP,Up,2.0,0.65,,WIN,YES,1.0769230769230766,Up,0xe510cb88d3da5a8b7e70c81c5f63f71fcc18d5083c1df0a24bd9c3f0f516ebac,114497327670602681783617164388068200501358402884379841504661882980203828352909
2026-04-21T07:35:07.602209+00:00,2026-04-21T07:46:01.521745+00:00,momentum,"Bitcoin Up or Down - April 21, 3:35AM-3:40AM ET",UP,Up,2.0,0.57,,WIN,YES,1.5087719298245617,Up,0x02c78c0f19a9f71d4293b635f23535d2c4585522f1a38aeb00fb67b4995721a9,89772160682428776263316882397441431490057267524140904515894089306137017475279
2026-04-21T07:40:01.341215+00:00,2026-04-21T07:51:03.997345+00:00,momentum,"Bitcoin Up or Down - April 21, 3:40AM-3:45AM ET",DOWN,Down,2.0,0.51,,LOSS,NO,-2.0,Up,0x83d622b8652314bd2ff199d563a8bc5e7ba75635172755181233454189469c88,113283570259666395033797279583343762886770332693953149580421621549328109001425
2026-04-21T07:40:04.450737+00:00,2026-04-21T07:51:04.417525+00:00,momentum,"XRP Up or Down - April 21, 3:40AM-3:45AM ET",UP,Up,2.0,0.54,,WIN,YES,1.7037037037037033,Up,0x67487a2f3abd41cfd4a79cf0270582e34c8dbef036acda0a602687bc5b47d3ec,45502204166333244974497599407297318490700038355696813595670356947856610076918
2026-04-21T07:40:01.317145+00:00,2026-04-21T07:52:04.632552+00:00,momentum,"Solana Up or Down - April 21, 3:40AM-3:45AM ET",DOWN,Down,2.0,0.51,,LOSS,NO,-2.0,Up,0x69174fa0d60cef50550dc4abacd0d88e5723c4fcf399179b33cc8a73a5e97faf,100460019894752825568196212881597317626239481039329218866247137921098462502369
2026-04-21T07:40:04.431344+00:00,2026-04-21T07:52:04.810605+00:00,momentum,"Ethereum Up or Down - April 21, 3:40AM-3:45AM ET",UP,Up,2.0,0.6,,WIN,YES,1.3333333333333335,Up,0xc04ebdd8f963360d859bc8ab579724e7663ecf9ee5e648e09c945273d66ffa0e,30458695950921018957725740975900182045311668743100264078904377424218033434475
2026-04-21T07:45:00.892620+00:00,2026-04-21T07:54:05.801530+00:00,momentum,"Bitcoin Up or Down - April 21, 3:45AM-3:50AM ET",DOWN,Down,4.0,0.53,,LOSS,NO,-4.0,Up,0x48e0deb9feb4aac270f4bfe504109131ca2f6bfc0b42ba5f88ae428a3c6380be,61811709493001134656314407809516508633534607812683412580617070321124440019380
2026-04-21T07:45:00.863383+00:00,2026-04-21T07:55:06.023489+00:00,momentum,"Ethereum Up or Down - April 21, 3:45AM-3:50AM ET",DOWN,Down,2.0,0.53,,LOSS,NO,-2.0,Up,0xc6c272e42cdf3867d584ab2575dd478a2d3561d8d00bf542d567e8a9ad92297a,40461052317165388045786346309812414779078769801556233247265402759425336860637
2026-04-21T07:45:00.927393+00:00,2026-04-21T07:55:06.064260+00:00,momentum,"Solana Up or Down - April 21, 3:45AM-3:50AM ET",DOWN,Down,4.0,0.51,,LOSS,NO,-4.0,Up,0x3287d7dcd3892046854a4bb14ae965fb1d93f032100291e1511371cca28929fc,111164365657335544522905205398316189553348241327692338627216821912338837745131
2026-04-21T07:45:00.961294+00:00,2026-04-21T07:55:06.277726+00:00,momentum,"XRP Up or Down - April 21, 3:45AM-3:50AM ET",DOWN,Down,2.0,0.51,,WIN,YES,1.9215686274509802,Down,0x964ebaccaee726281ac87dfd71f4d5420f514153b5f991cd4525d9b299d706f0,47581701760038596285973024249090494485739784776746001064811810542646130962146
2026-04-21T07:50:01.205560+00:00,2026-04-21T07:59:09.584770+00:00,momentum,"XRP Up or Down - April 21, 3:50AM-3:55AM ET",DOWN,Down,2.0,0.51,,WIN,YES,1.9215686274509802,Down,0x88a151f3daee843765b384027612a291857fccccd08857332cd1f841fa04ddf6,32816052150578812548982586983698242913755272551687970034993663832934573352612
2026-04-21T07:50:06.617753+00:00,2026-04-21T07:59:09.780493+00:00,momentum,"Solana Up or Down - April 21, 3:50AM-3:55AM ET",UP,Up,8.0,0.57,,LOSS,NO,-8.0,Down,0x9c9ff5d9f65e540dd810302e106d66a060d4b87ca71b87b9ffd9d3cf927bd8b6,32829852808383897328913126644898690403569128307925644051358057246992741270739
2026-04-21T07:50:01.181935+00:00,2026-04-21T08:00:09.681357+00:00,momentum,"Bitcoin Up or Down - April 21, 3:50AM-3:55AM ET",DOWN,Down,8.0,0.52,,WIN,YES,7.384615384615383,Down,0xa18de9413cdeec04d4562b1e8e1b25b0f9566f69791ad5b6c99c95b13520e6ec,69184552324496467861331361954307474897039828432710695136258400492121066433016
2026-04-21T07:50:06.590180+00:00,2026-04-21T08:00:09.737512+00:00,momentum,"Ethereum Up or Down - April 21, 3:50AM-3:55AM ET",UP,Up,4.0,0.6,,LOSS,NO,-4.0,Down,0x62c6c292d149036e9f0e6289642bd68155d2c05b8c4e206e9fb8c00354b79bee,29071829858722017585001711670142423770405219226776812064148657721889183249594
2026-04-21T07:55:00.677475+00:00,2026-04-21T08:06:13.906551+00:00,momentum,"Ethereum Up or Down - April 21, 3:55AM-4:00AM ET",DOWN,Down,8.0,0.51,,WIN,YES,7.686274509803921,Down,0x3a1f3f5199674b05ab820764e14ba668658e11fd7aaba1a2f6af637e57f461b5,80365470318195739748562910237111789187548147907810171145824299866857412564687
2026-04-21T07:55:00.699287+00:00,2026-04-21T08:06:14.089501+00:00,momentum,"Solana Up or Down - April 21, 3:55AM-4:00AM ET",DOWN,Down,16.0,0.51,,WIN,YES,15.372549019607842,Down,0xe3ef43ae8cce6c0231eadefdd52e29cf300d2f4e3e2224f82dcf860954adf45f,5936108663050162786423715331676752612775357693688874206897962787847065471348
2026-04-21T07:55:00.741031+00:00,2026-04-21T08:06:14.382961+00:00,momentum,"XRP Up or Down - April 21, 3:55AM-4:00AM ET",DOWN,Down,2.0,0.53,,WIN,YES,1.773584905660377,Down,0x30debe51d96e601793a096cb1dc543dac6585a8c2d269f59cb0889af69eb21a9,70041783848547396890596261463910713455071496176413934614514092583218297933725
2026-04-21T07:55:00.719849+00:00,2026-04-21T08:07:14.682675+00:00,momentum,"Bitcoin Up or Down - April 21, 3:55AM-4:00AM ET",UP,Up,2.0,0.51,,LOSS,NO,-2.0,Down,0x7d49dbc5d86e17a035565f97a774eee08b022b651b89ab15222560d7a0f2b2b4,28515631064829102450440663910828480782914678448028872940929177480076837083111
2026-04-21T08:00:01.083965+00:00,2026-04-21T08:08:15.900639+00:00,momentum,"Ethereum Up or Down - April 21, 4:00AM-4:05AM ET",DOWN,Down,2.0,0.52,,LOSS,NO,-2.0,Up,0x463dd15aaba4d55e93e6d8902dd05f4a4210be43e778d64f7201ca3e0210229d,106038509454498969245029794414084974657020304226027778172136823493949250786276
2026-04-21T08:00:01.064938+00:00,2026-04-21T08:09:15.797502+00:00,momentum,"Bitcoin Up or Down - April 21, 4:00AM-4:05AM ET",DOWN,Down,4.0,0.52,,LOSS,NO,-4.0,Up,0xa233e0c8f1b88cae89227e2b9f48b92aa978d4dfd5c12f9d5259bd5a982e8566,114140886815772149124116182685377070467758974311133888185469404195205244947297
2026-04-21T08:00:02.107066+00:00,2026-04-21T08:09:15.848493+00:00,momentum,"Solana Up or Down - April 21, 4:00AM-4:05AM ET",DOWN,Down,2.0,0.55,,LOSS,NO,-2.0,Up,0x86b1e8235a32fa776850eb26166bbe0b65145363cc7f17fba63147ff04521e28,43825349744692889647746066557961183404049543472343681970491040280546847656570
2026-04-21T08:00:02.129208+00:00,2026-04-21T08:09:15.893581+00:00,momentum,"XRP Up or Down - April 21, 4:00AM-4:05AM ET",UP,Up,2.0,0.52,,LOSS,NO,-2.0,Down,0xcd097cf250ff7f29edc145ff83b25bbe95bd648750d5a90e3cdb3ff24970265b,44962015220813572631541987591116777783780175849049755369930281405743516975939
2026-04-21T08:05:02.514866+00:00,2026-04-21T08:14:18.583404+00:00,momentum,"Ethereum Up or Down - April 21, 4:05AM-4:10AM ET",DOWN,Down,4.0,0.53,,WIN,YES,3.547169811320754,Down,0x9eb45b9ac8c1cf024c69a09891ba97e8e4861b61d3c8605321e0dc42e5c4a7a6,51910727831917411147259036787942143835571403617136723316071620934631354622775
2026-04-21T08:05:02.538526+00:00,2026-04-21T08:15:19.491409+00:00,momentum,"Solana Up or Down - April 21, 4:05AM-4:10AM ET",DOWN,Down,4.0,0.51,,LOSS,NO,-4.0,Up,0xe8912c324d3abea71d7db74c30a99f9828aeced88cc0bc48ca755a294fe901e6,108683496690794925755839627990697809114874199567492375707067609087971344099554
2026-04-21T08:05:02.563893+00:00,2026-04-21T08:15:19.550848+00:00,momentum,"XRP Up or Down - April 21, 4:05AM-4:10AM ET",DOWN,Down,4.0,0.51,,LOSS,NO,-4.0,Up,0x35fdc36490790c86b8b12b66b25013571aee432e1de41a7ec897a0a83838cba8,68513380023443578306824480949602832981145977560237362075041584864963476982346
2026-04-21T08:05:02.494126+00:00,2026-04-21T08:16:20.557122+00:00,momentum,"Bitcoin Up or Down - April 21, 4:05AM-4:10AM ET",UP,Up,8.0,0.51,,WIN,YES,7.686274509803921,Up,0xb8ddac78db00c9e2ce0597a0997093eb16aca9786eec45aaf21bf7c16bc4686f,55412297869076214429860715977543285195286584976793386173903628954836920478723
2026-04-21T08:10:02.534508+00:00,2026-04-21T08:20:23.028205+00:00,momentum,"XRP Up or Down - April 21, 4:10AM-4:15AM ET",DOWN,Down,8.0,0.51,,WIN,YES,7.686274509803921,Down,0x001f24bc4d92f77b3b3597333c014c43465e9c2333acea258199784d530ef1f5,57126089920441525317234662806063059434175745613035251811245398692359550513111
2026-04-21T08:10:05.620721+00:00,2026-04-21T08:20:23.076203+00:00,momentum,"Bitcoin Up or Down - April 21, 4:10AM-4:15AM ET",UP,Up,2.0,0.53,,LOSS,NO,-2.0,Down,0x004a81e30303a2a2ab93e9c230e1084dc64de285608deb92b76ae5690a5910f4,12319147759718668622797243762813388859961230482575545603783228718988495854286
2026-04-21T08:10:08.737206+00:00,2026-04-21T08:20:23.393065+00:00,momentum,"Solana Up or Down - April 21, 4:10AM-4:15AM ET",DOWN,Down,8.0,0.52,,WIN,YES,7.384615384615383,Down,0x601beb4cf673d42a6b122042676a932b2b2043ab51ca2cc8a174dcb782a928ce,102864909139513434340866323974369974404619869871024971602788939374242757375199
2026-04-21T08:10:05.646264+00:00,2026-04-21T08:21:23.010026+00:00,momentum,"Ethereum Up or Down - April 21, 4:10AM-4:15AM ET",UP,Up,2.0,0.54,,LOSS,NO,-2.0,Down,0xf592c840a2f39347260a861ba84aebad18c3fdecd5730e65cc989ba1062af24c,85743447691198245377484772596408818681017621570667771457296914276798107540284
2026-04-21T08:15:03.210995+00:00,2026-04-21T08:23:24.141862+00:00,momentum,"Ethereum Up or Down - April 21, 4:15AM-4:20AM ET",DOWN,Down,4.0,0.53,,LOSS,NO,-4.0,Up,0x7e9090d76399cea381e9e6d4db57f74885b6fa0501642b5b86eb12be70e0eaf3,57631042436937384335690768297424906273825972775554208576507425473064684062097
2026-04-21T08:15:09.841145+00:00,2026-04-21T08:23:24.328056+00:00,momentum,"XRP Up or Down - April 21, 4:15AM-4:20AM ET",DOWN,Down,2.0,0.54,,LOSS,NO,-2.0,Up,0xcb227b2ed97fac0cb5d6acfe5b2f3a8e69a4822d6b8f2acdae005e48c51d2a23,69505145533330553863483375227882487101901965191108661772273155088198483600497
2026-04-21T08:15:06.562103+00:00,2026-04-21T08:24:24.755356+00:00,momentum,"Solana Up or Down - April 21, 4:15AM-4:20AM ET",DOWN,Down,2.0,0.51,,LOSS,NO,-2.0,Up,0xf9ffc3722326e81ef4ee1cd9f702211975d57fe7c21838834a48e9d1832c3d1f,31674139393552222302835455744194045782459962377627658641000737014243404367993
2026-04-21T08:15:03.183230+00:00,2026-04-21T08:25:25.340535+00:00,momentum,"Bitcoin Up or Down - April 21, 4:15AM-4:20AM ET",DOWN,Down,4.0,0.55,,LOSS,NO,-4.0,Up,0x6cd41def81191495112e82bc22234725ea66f2cfdf707d85eb896d301c2ecd3d,51213982700937916547601057212896487461789148544206278262243697598558383233995
2026-04-21T08:20:03.591903+00:00,2026-04-21T08:29:28.835023+00:00,momentum,"XRP Up or Down - April 21, 4:20AM-4:25AM ET",DOWN,Down,4.0,0.6,,LOSS,NO,-4.0,Up,0xce44964b6180debb5aedb0f4bc0bd843c39bf8047af19b8e910978c43c7083ec,38671608283868661472054301364123499698949724273639192302907685735221982764626
2026-04-21T08:20:03.647196+00:00,2026-04-21T08:29:28.878644+00:00,momentum,"Solana Up or Down - April 21, 4:20AM-4:25AM ET",DOWN,Down,4.0,0.52,,LOSS,NO,-4.0,Up,0xe0f0bd165d290eb595f2c42855e8cd1aab40c8b91eb5784cc9e62db532f6b86b,84572044066037714645683725265873625235781044930571458532757176290996476610665
2026-04-21T08:20:19.616355+00:00,2026-04-21T08:29:29.064005+00:00,momentum,"Bitcoin Up or Down - April 21, 4:20AM-4:25AM ET",UP,Up,8.0,0.64,,WIN,YES,4.5,Up,0x7916e578ec4fb91c67766dbb0542a63e85da40936d4d1b68d82484510e0d4738,55774505455498393942167277175958911980355891429383675859738849644735059790383
2026-04-21T08:20:03.530243+00:00,2026-04-21T08:31:29.750064+00:00,momentum,"Ethereum Up or Down - April 21, 4:20AM-4:25AM ET",DOWN,Down,8.0,0.57,,LOSS,NO,-8.0,Up,0x4894c25c1929477c3fb990acfbea7259b3383509e85fccc6220047da3f2f6ee6,81897095835198633572507809936547775486130460258490044198123622410056930905472
2026-04-21T08:25:02.155034+00:00,2026-04-21T08:35:31.772043+00:00,momentum,"Bitcoin Up or Down - April 21, 4:25AM-4:30AM ET",DOWN,Down,2.0,0.52,,LOSS,NO,-2.0,Up,0xd0213acf962e04d0864915c396f68c882e565b353c610ca2660e36bb1de5e3af,26842979402345610149699510065056942993792484372500954712839348843176503237715
2026-04-21T08:25:08.503214+00:00,2026-04-21T08:35:32.220187+00:00,momentum,"Ethereum Up or Down - April 21, 4:25AM-4:30AM ET",UP,Up,16.0,0.51,,WIN,YES,15.372549019607842,Up,0x7c18de72f4f5deaa45401f29b3b546bc7d1fd2fbdb2eb3b8bc2bf45eec07e217,80600585273011682709624537875879784572034707005243485322489354925285886260050
2026-04-21T08:25:02.183211+00:00,2026-04-21T08:36:31.809404+00:00,momentum,"Solana Up or Down - April 21, 4:25AM-4:30AM ET",DOWN,Down,8.0,0.53,,LOSS,NO,-8.0,Up,0x328c6ebfab740d3b8aa0bfcfd1cdc59932fae4aee1c8282ae8fd7eb0289b8e18,10963208379196476362758040236419442581635893508666792729477883507388970382781
2026-04-21T08:25:02.208945+00:00,2026-04-21T08:36:31.856646+00:00,momentum,"XRP Up or Down - April 21, 4:25AM-4:30AM ET",DOWN,Down,8.0,0.51,,LOSS,NO,-8.0,Up,0x68f89e7a9a55ae14dbc0a34a2e3edf16cc13d8a799d3a0141e472bd7a07af6d7,10692578177234772015055764870128834977088076680333541038476470198163703081089
2026-04-21T08:30:01.612470+00:00,2026-04-21T08:38:32.950815+00:00,momentum,"Bitcoin Up or Down - April 21, 4:30AM-4:35AM ET",DOWN,Down,2.0,0.54,,WIN,YES,1.7037037037037033,Down,0x66ac453dd603933450fa177a0d55c94e4b19e9165df946c7ac214e3781fb1928,48125955050226104709935738224441149592044954091837909349329195980084539254564
2026-04-21T08:30:00.497564+00:00,2026-04-21T08:39:33.376405+00:00,momentum,"XRP Up or Down - April 21, 4:30AM-4:35AM ET",UP,Up,16.0,0.51,,LOSS,NO,-16.0,Down,0x4c8d7d653cead18b64fda5ad7b8283de7b15469769b2ff37cbd16d8da3795902,19685625594058833174390807172437210242295917606392453151503426110845009460630
2026-04-21T08:30:01.588105+00:00,2026-04-21T08:39:33.531132+00:00,momentum,"Solana Up or Down - April 21, 4:30AM-4:35AM ET",DOWN,Down,16.0,0.52,,WIN,YES,14.769230769230766,Down,0xc38ba19c57cfaff113e705677fad9ae4e8c3a786710bdc07e9e792ae3d11117e,12602112740717312411607000858082485864618871424854879352873353740170558002430
2026-04-21T08:30:01.636451+00:00,2026-04-21T08:39:33.696486+00:00,momentum,"Ethereum Up or Down - April 21, 4:30AM-4:35AM ET",DOWN,Down,2.0,0.51,,WIN,YES,1.9215686274509802,Down,0x3708cde8764a81f5a4eca524c77f6d22bf020fed03aa242f40ccf3a36e6e4ecb,19965244048319082165808708567544055952031853305148889348287120569099454287131
2026-04-21T08:35:01.369121+00:00,2026-04-21T08:44:36.213028+00:00,momentum,"Bitcoin Up or Down - April 21, 4:35AM-4:40AM ET",UP,Up,2.0,0.52,,WIN,YES,1.8461538461538458,Up,0x9b1a37787031c33a92b2d94477afe6f591347e38d7f4963d47d3404fb9921c72,114992196990489262225495123373714751370400060068601194325423532744029522624213
2026-04-21T08:35:04.546057+00:00,2026-04-21T08:45:36.576830+00:00,momentum,"Ethereum Up or Down - April 21, 4:35AM-4:40AM ET",DOWN,Down,2.0,0.56,,WIN,YES,1.5714285714285712,Down,0xdacf720bc5ebe6e187f75158816332e26588783caf03c13ea19fd261f7946a6d,100782619198616458790663317069893262557152265046317525379005562266780983580629
2026-04-21T08:35:07.736452+00:00,2026-04-21T08:45:36.789617+00:00,momentum,"Solana Up or Down - April 21, 4:35AM-4:40AM ET",DOWN,Down,2.0,0.51,,LOSS,NO,-2.0,Up,0x892aa476dec38b1d60c1a98973ab32788114892c70ded138853ab676f4626105,28601768050379040799707614926388423308234042630370745019194509941017998387217
2026-04-21T08:35:04.572585+00:00,2026-04-21T08:46:36.839586+00:00,momentum,"XRP Up or Down - April 21, 4:35AM-4:40AM ET",DOWN,Down,32.0,0.52,,LOSS,NO,-32.0,Up,0xefb54e3ab0037392d8d6b4f36ed64a8ca583b5acbd8aba39b4abfed65d99f5c9,99465879978852923225625567099031554329301226467662469418830947842455565060714
2026-04-21T08:40:00.631001+00:00,2026-04-21T08:50:39.348740+00:00,momentum,"Bitcoin Up or Down - April 21, 4:40AM-4:45AM ET",DOWN,Down,4.0,0.51,,LOSS,NO,-4.0,Up,0xb4c209721bab8bbfeb1b5ad67a0da364afee6e0097e2fb4027705dab30752ac0,115641535889237557881778072569996437553466980566321257769977970705330226925346
2026-04-21T08:40:03.752702+00:00,2026-04-21T08:50:39.572709+00:00,momentum,"XRP Up or Down - April 21, 4:40AM-4:45AM ET",DOWN,Down,2.0,0.53,,LOSS,NO,-2.0,Up,0x198d084cd9a3bbdb3050a1afcf5b52ad0cc79fdc3243165b1d18f8d5d77c4ba7,100838479619417581753879483497501841721244702565852267449478939324436155901406
2026-04-21T08:40:00.650212+00:00,2026-04-21T08:51:40.003805+00:00,momentum,"Solana Up or Down - April 21, 4:40AM-4:45AM ET",DOWN,Down,4.0,0.52,,LOSS,NO,-4.0,Up,0xd76fd12f426624e244793e55be010dac701f21db8a4620e477e1eb4504ebc718,55247052234669898937104445104166761784891463710729092595994299068640536256810
2026-04-21T08:40:03.772028+00:00,2026-04-21T08:51:40.110816+00:00,momentum,"Ethereum Up or Down - April 21, 4:40AM-4:45AM ET",DOWN,Down,2.0,0.51,,LOSS,NO,-2.0,Up,0x1c5a073d4c5dc1e84089e6c33977376a6931c92eb564695894b4e35ad95082ef,32226522328850435304366123644205088457798855262633621358166514573960765122969
2026-04-21T08:45:01.481445+00:00,2026-04-21T08:53:40.713737+00:00,momentum,"Ethereum Up or Down - April 21, 4:45AM-4:50AM ET",DOWN,Down,2.0,0.54,,LOSS,NO,-2.0,Up,0xd5434d6291ce55e6526991d3ae9d9a4ce6cbf7eda6daae29a4c6d82f76c1c3f2,50248693869035928918244694473865808078492997090303850133841006379055692821293
2026-04-21T08:45:01.523060+00:00,2026-04-21T08:53:40.908988+00:00,momentum,"Bitcoin Up or Down - April 21, 4:45AM-4:50AM ET",DOWN,Down,4.0,0.55,,LOSS,NO,-4.0,Up,0x3a2cea84e5b2b130c8d986b9ebae0f2ab9b71ecec261429402e0aaaa3d856038,16971822902042559929770661880308173395450613022693883513297470345160236456136
2026-04-21T08:45:00.377981+00:00,2026-04-21T08:54:41.155772+00:00,momentum,"XRP Up or Down - April 21, 4:45AM-4:50AM ET",DOWN,Down,4.0,0.51,,LOSS,NO,-4.0,Up,0x8f39ab3dfc52ee124be12eb219c87a4f269f93cdf834cdc0d7564ff1c26b7610,105622310908295228753665281340560341800144458895638541557113875463711819582599
2026-04-21T08:45:01.501521+00:00,2026-04-21T08:54:41.208943+00:00,momentum,"Solana Up or Down - April 21, 4:45AM-4:50AM ET",DOWN,Down,4.0,0.53,,LOSS,NO,-4.0,Up,0x320b00278f607c86d60e56c0844f8a7dff9f1fb15ab581f144ff1a5fbd9e6774,114885949663384039450369030970970152318405341963577629421686380244538432101785
2026-04-21T08:50:02.292622+00:00,2026-04-21T08:59:42.972498+00:00,momentum,"Bitcoin Up or Down - April 21, 4:50AM-4:55AM ET",DOWN,Down,8.0,0.56,,WIN,YES,6.285714285714285,Down,0x2085d0a9b69029f5d194be488e3847d028c217c4c6f6098ae69e80e73642213e,56695712097148594578000815190555113314290556346147781030685591712922801610996
2026-04-21T08:50:02.314104+00:00,2026-04-21T08:59:43.152439+00:00,momentum,"Solana Up or Down - April 21, 4:50AM-4:55AM ET",DOWN,Down,8.0,0.53,,WIN,YES,7.094339622641508,Down,0x1dbfb6f71d6d115a27ea5608273660a927f65075bdf66ca8532def39c2a62e96,2702575053737987366249431176514496742644637097851844779313285629088823264405
2026-04-21T08:50:02.337517+00:00,2026-04-21T09:00:43.143354+00:00,momentum,"Ethereum Up or Down - April 21, 4:50AM-4:55AM ET",DOWN,Down,4.0,0.52,,WIN,YES,3.6923076923076916,Down,0x235232659597f09e2ca79f67a6a81feba7dd618da24b8b499d30355d43675659,26186805867803955923578797361814135918060065608986787074414646327131069073739
2026-04-21T08:50:02.360061+00:00,2026-04-21T09:00:43.370350+00:00,momentum,"XRP Up or Down - April 21, 4:50AM-4:55AM ET",DOWN,Down,8.0,0.54,,WIN,YES,6.814814814814813,Down,0x35bff9328967f9a75dc0c39a0aa46a2f17dc15e10d5a5db50495c14eff818f2d,60463692941722537944897903566059343080514405123125522892787909450723694876674
2026-04-21T08:55:02.998004+00:00,2026-04-21T09:05:45.881129+00:00,momentum,"Ethereum Up or Down - April 21, 4:55AM-5:00AM ET",DOWN,Down,2.0,0.54,,WIN,YES,1.7037037037037033,Down,0x8e25b658f48bfb97321355a047f7d3d79514356ef7d3bf6deaa3b95fa7dc4c66,67361382899438380185416551989149007221117731039075321454016538147952751380720
2026-04-21T08:55:06.249901+00:00,2026-04-21T09:05:46.057951+00:00,momentum,"XRP Up or Down - April 21, 4:55AM-5:00AM ET",DOWN,Down,2.0,0.59,,WIN,YES,1.3898305084745766,Down,0x5c087ca21de0a0cd5137119016767f19a6bfe079bbcb00eb20f670211fe6bb0e,90291279841806631697351894517131837210888802635520449242094677303540955213520
2026-04-21T08:55:00.888433+00:00,2026-04-21T09:06:46.480116+00:00,momentum,"Bitcoin Up or Down - April 21, 4:55AM-5:00AM ET",DOWN,Down,2.0,0.515,,WIN,YES,1.883495145631068,Down,0xcb87a3b7df7aaf9fd91aad381adc88f9ccc2f3ec2d8ef67b8b5780e211f90242,58447172110910563521020108821206895747719473277228797576543378982623180116993
2026-04-21T08:55:00.910640+00:00,2026-04-21T09:06:46.644697+00:00,momentum,"Solana Up or Down - April 21, 4:55AM-5:00AM ET",DOWN,Down,2.0,0.515,,WIN,YES,1.883495145631068,Down,0xef3fe2750cbe5fb6c3da1a61dfda5e925c847b8b465069c144ac30a78748920d,14630962046804600962767064413420644072963650812034739884606369001036047975612
2026-04-21T09:00:00.516638+00:00,2026-04-21T09:08:48.624028+00:00,momentum,"Ethereum Up or Down - April 21, 5:00AM-5:05AM ET",DOWN,Down,2.0,0.515,,WIN,YES,1.883495145631068,Down,0x464c5c2264053bd8c1e2df3dd4558e5ee20c1c9fb7a0bdd706743cfb1b64469d,85953605410394031256968391422121891634703654994900714468963458545378336527726
2026-04-21T09:00:00.537507+00:00,2026-04-21T09:08:48.775473+00:00,momentum,"Solana Up or Down - April 21, 5:00AM-5:05AM ET",DOWN,Down,2.0,0.51,,WIN,YES,1.9215686274509802,Down,0xd7b67cf952dc93741b6ae8c5bab06fe31cf926442d9e77ab0b3e69601b975bef,95514090740152272625031121887636692225203749440647565946691867548339664411376
2026-04-21T09:00:08.003998+00:00,2026-04-21T09:08:48.946153+00:00,momentum,"Bitcoin Up or Down - April 21, 5:00AM-5:05AM ET",DOWN,Down,2.0,0.58,,WIN,YES,1.4482758620689657,Down,0xb4766e7eece4bb16709e758fab59a2a24c49ba190895523da0c8371d9b5dd9f6,19927386590421263665616831334548576830589382678172569402679785697735741038530
2026-04-21T09:00:11.246866+00:00,2026-04-21T09:08:49.123821+00:00,momentum,"XRP Up or Down - April 21, 5:00AM-5:05AM ET",DOWN,Down,2.0,0.6,,WIN,YES,1.3333333333333335,Down,0xfbf3d0d153ccc053476a806af7fcd27ca5fd0c6180edb719d5ecbeafe6b95f33,35436277605729012890226246737398960759945508448167037103550956894181430757080
2026-04-21T09:05:00.138474+00:00,2026-04-21T09:14:52.547051+00:00,momentum,"Solana Up or Down - April 21, 5:05AM-5:10AM ET",DOWN,Down,2.0,0.51,,WIN,YES,1.9215686274509802,Down,0x87aaedd8fe62bbe301f57d38fd3ffd99c299c2c2b8f71d7bee4b5153e84786ed,3622105680046197219061978496575132438174391317846572345792474550543153713696
2026-04-21T09:05:02.231293+00:00,2026-04-21T09:14:52.731873+00:00,momentum,"Ethereum Up or Down - April 21, 5:05AM-5:10AM ET",UP,Up,2.0,0.51,,WIN,YES,1.9215686274509802,Up,0xf9a84c61e2e77c39df2a720d1bfa776fdc499b7079585e096a87a77081921cf7,90374352453819870713930311378335492543778000923237586158526147877416216919503
2026-04-21T09:05:02.266544+00:00,2026-04-21T09:14:52.778876+00:00,momentum,"XRP Up or Down - April 21, 5:05AM-5:10AM ET",UP,Up,2.0,0.51,,LOSS,NO,-2.0,Down,0x8e34409f6de43c538a48a182b6a2e7bc62eb94c810683a6e6dd325d3ff5d8e55,32036510253496342707695414943075722188212575313889705670484632032381728201263
2026-04-21T09:05:08.437757+00:00,2026-04-21T09:14:52.824416+00:00,momentum,"Bitcoin Up or Down - April 21, 5:05AM-5:10AM ET",UP,Up,2.0,0.56,,LOSS,NO,-2.0,Down,0xfaae5a66c494dbe633e6448b50583c0dce4f4a44cd3bfc395e5f49f9f825c64b,105271291954092054869260881587497840360774769636321581523821496631696192388813
2026-04-21T09:10:03.079565+00:00,2026-04-21T09:20:55.899007+00:00,momentum,"Ethereum Up or Down - April 21, 5:10AM-5:15AM ET",UP,Up,2.0,0.52,,WIN,YES,1.8461538461538458,Up,0x2ae42d19482a9738e4d1f9eef422410314b4f902b4ffc21f4565ead5dda8e2ce,89276975635003594047755737673572490442869472621445624790061773992093313759942
2026-04-21T09:10:03.111311+00:00,2026-04-21T09:20:56.082267+00:00,momentum,"Solana Up or Down - April 21, 5:10AM-5:15AM ET",UP,Up,2.0,0.56,,WIN,YES,1.5714285714285712,Up,0x7b7df42039f1d0985a500800414c723ca3837771b1a75f777b0296781bc6627a,111827407004918152199690147265224321718434554220828397278411204363581550248189
2026-04-21T09:10:03.135878+00:00,2026-04-21T09:20:56.276921+00:00,momentum,"XRP Up or Down - April 21, 5:10AM-5:15AM ET",UP,Up,4.0,0.51,,WIN,YES,3.8431372549019605,Up,0x3b984151e73e3745a33b5064439a513a369c1b34eb4f30df7e0df47bb6d0286b,65294801435411466441221233471713641719133139846577229563912025181278658468751
2026-04-21T09:10:33.978791+00:00,2026-04-21T09:20:56.451345+00:00,momentum,"Bitcoin Up or Down - April 21, 5:10AM-5:15AM ET",UP,Up,2.0,0.62,,WIN,YES,1.2258064516129035,Up,0x2dfd5b0e005e2c24faf19c71b1301d685050a7b078fddd905fa0aa79de707614,93852312855238270012043837725728826204902301598985895440825894563047292594469
2026-04-21T09:15:01.880249+00:00,2026-04-21T09:22:57.993527+00:00,momentum,"XRP Up or Down - April 21, 5:15AM-5:20AM ET",UP,Up,2.0,0.51,,WIN,YES,1.9215686274509802,Up,0x63d603e9ae802871cd37998a1c486fe0c20f341815ac7535d8813018cdecee4e,19667835604328390523758785809002938302027647880484975554758803594477439633062
2026-04-21T09:15:00.712832+00:00,2026-04-21T09:23:57.650694+00:00,momentum,"Bitcoin Up or Down - April 21, 5:15AM-5:20AM ET",DOWN,Down,2.0,0.515,,LOSS,NO,-2.0,Up,0x3483898cc3ee52830491b909f6914443b3a543fd21aad23cb875530fed36ec88,40178686887420841265520898788926356434170771931592289839012736674165244087373
2026-04-21T09:15:01.820476+00:00,2026-04-21T09:24:58.178343+00:00,momentum,"Ethereum Up or Down - April 21, 5:15AM-5:20AM ET",UP,Up,2.0,0.99,,WIN,YES,0.020202020202020332,Up,0x773d5042051eca7c3d092ed5270d3d08e9caadce97ff3c0782cfd493119444d8,107662714985800094115834020550979167821664492773589395218150832583347596984936
2026-04-21T09:15:01.848384+00:00,2026-04-21T09:24:58.409572+00:00,momentum,"Solana Up or Down - April 21, 5:15AM-5:20AM ET",UP,Up,2.0,0.52,,WIN,YES,1.8461538461538458,Up,0xc9bfc741900a63f29b75b388fd301f8caef4f773f37746355ecde7b6cb84650e,55259855364825967713443751525494303572742167795347066558720202334727556020643
2026-04-21T09:20:01.368092+00:00,2026-04-21T09:29:00.453859+00:00,momentum,"Ethereum Up or Down - April 21, 5:20AM-5:25AM ET",DOWN,Down,2.0,0.52,,WIN,YES,1.8461538461538458,Down,0x9dcf34699893cc76ac2744b6275d7846a0b902434405b5120dca48203be41b13,44036257078642214340576474598440606670084855827957939077733292320604381539293
2026-04-21T09:20:01.447533+00:00,2026-04-21T09:30:01.214120+00:00,momentum,"XRP Up or Down - April 21, 5:20AM-5:25AM ET",DOWN,Down,2.0,0.52,,WIN,YES,1.8461538461538458,Down,0x1adfeaac059bb4e9cea410c9a895f35d5c1bdf8f6943b7d4c13247dcb6ef9087,76815873896420292159455845949066506938652239527305589463627803406652802088781
2026-04-21T09:20:04.606660+00:00,2026-04-21T09:30:01.548841+00:00,momentum,"Solana Up or Down - April 21, 5:20AM-5:25AM ET",DOWN,Down,2.0,0.54,,WIN,YES,1.7037037037037033,Down,0x43d9e1ccb1361cb3c68e858e56a5fcd35ad48c761bb01958705a4717da99501d,100096122848522419866580495288582768586143111431555756123766680706233979555868
2026-04-21T09:20:01.412655+00:00,2026-04-21T09:31:01.399308+00:00,momentum,"Bitcoin Up or Down - April 21, 5:20AM-5:25AM ET",DOWN,Down,4.0,0.52,,WIN,YES,3.6923076923076916,Down,0xe6cbb94af94ea7ada37147dd7ca9e25c2899eadd67efd05c8510d020e079e6df,42154842430350538059195424829299271636357819849427567228360861019887047286092
2026-04-21T09:25:00.253208+00:00,2026-04-21T09:35:02.612748+00:00,momentum,"Solana Up or Down - April 21, 5:25AM-5:30AM ET",UP,Up,2.0,0.51,,LOSS,NO,-2.0,Down,0x89b7d8f3db111ab94797ce0c33458a57c3c4425ead572203b04cf7fe6e5b993b,12002984550166946180590765094876465855228651319116670485796371409297716951394
2026-04-21T09:25:00.302685+00:00,2026-04-21T09:36:03.997138+00:00,momentum,"Ethereum Up or Down - April 21, 5:25AM-5:30AM ET",DOWN,Down,2.0,0.53,,WIN,YES,1.773584905660377,Down,0x425837f347d1588683caeddb791868c9f85d3e598f90f952f3056931add04461,23175183659389830644453585139315779565577965374372741622885662137225585145849
2026-04-21T09:25:00.277099+00:00,2026-04-21T09:37:04.069148+00:00,momentum,"XRP Up or Down - April 21, 5:25AM-5:30AM ET",DOWN,Down,2.0,0.53,,WIN,YES,1.773584905660377,Down,0x24c5ce0585307e6554acd2e53738a3608d5b9b5cc9ec35cb9d5d54c08c8acb37,9111187417046697358810994101446847313588793514741856025556492838523940618196
2026-04-21T09:25:00.329270+00:00,2026-04-21T09:37:04.222577+00:00,momentum,"Bitcoin Up or Down - April 21, 5:25AM-5:30AM ET",DOWN,Down,2.0,0.51,,WIN,YES,1.9215686274509802,Down,0xee01758d294e792789fe3a989cb516fe6d6970c1f953511c4263cf408106901b,32390773774543902684839660155202228304229183338933088961002607402998540736544
2026-04-21T09:30:03.583979+00:00,2026-04-21T09:38:04.899305+00:00,momentum,"XRP Up or Down - April 21, 5:30AM-5:35AM ET",UP,Up,2.0,0.54,,LOSS,NO,-2.0,Down,0x7f9c34cbbcb699b48d047efd9a49ea80a7dc89d9eaa12f4191c50e7ca7236b39,18575449835462979296223484175348891871078360622605627194366125582493794924003
2026-04-21T09:30:00.771650+00:00,2026-04-21T09:39:04.846908+00:00,momentum,"Ethereum Up or Down - April 21, 5:30AM-5:35AM ET",DOWN,Down,2.0,0.51,,LOSS,NO,-2.0,Up,0x93b15c640f8cc15dbcbe8dfe35234e9c15c82fe271d319d84cec96b344a52f80,21391091176426939310131953615317961661263149006371712638772388703849287807728
2026-04-21T09:30:03.559020+00:00,2026-04-21T09:39:04.909344+00:00,momentum,"Bitcoin Up or Down - April 21, 5:30AM-5:35AM ET",UP,Up,2.0,0.99,,LOSS,NO,-2.0,Down,0x7442f9334b2d4e65e5bbb4cabf0c8db097f6e65e7587950ebda0b30c5a484992,64516015197902631525033768697135162307323526807620629482727998116419084913393
2026-04-21T09:30:03.610100+00:00,2026-04-21T09:40:04.969481+00:00,momentum,"Solana Up or Down - April 21, 5:30AM-5:35AM ET",UP,Up,2.0,0.58,,WIN,YES,1.4482758620689657,Up,0xa60c919db172434568094584dfd6a169ecea4d0975fce48be2875678eb8fe65b,19599994222004705053005649225519319377945830622168178763917931914776291461963
2026-04-21T09:35:00.317988+00:00,2026-04-21T09:45:06.790825+00:00,momentum,"Bitcoin Up or Down - April 21, 5:35AM-5:40AM ET",UP,Up,4.0,0.58,,WIN,YES,2.8965517241379315,Up,0x71d1e3c61482bcba0aae0d03a64e00d19bc9a7438d8019ac649ed7ee8e288773,72185446069245189627171749790485625642597543852982872778509338231152008237968
2026-04-21T09:35:06.183827+00:00,2026-04-21T09:46:06.920279+00:00,momentum,"Ethereum Up or Down - April 21, 5:35AM-5:40AM ET",DOWN,Down,4.0,0.53,,LOSS,NO,-4.0,Up,0x358337bd4a1efb8b5519df68374114a4a8946c3f599741f879bc1252508a874b,88369922576446759183953768685710246393855823190114395350481458802066330824849
2026-04-21T09:35:06.205106+00:00,2026-04-21T09:46:06.978736+00:00,momentum,"Solana Up or Down - April 21, 5:35AM-5:40AM ET",DOWN,Down,2.0,0.52,,LOSS,NO,-2.0,Up,0x81ab7daae0978e688a59e0247f6e5d81d18b71680240a609403314a4e361899c,76996441619578748864036039589228833235677352318830279773862566280939758836273
2026-04-21T09:35:15.474317+00:00,2026-04-21T09:46:07.033199+00:00,momentum,"XRP Up or Down - April 21, 5:35AM-5:40AM ET",DOWN,Down,4.0,0.54,,LOSS,NO,-4.0,Up,0x301ffe7206fb32013e163700b39c7dc3a150575f48e333816afaceb07fb27a70,105628398628386965400981117737368292939217577574903297270253319658541404527695
2026-04-21T09:40:02.709533+00:00,2026-04-21T09:51:10.277919+00:00,momentum,"Ethereum Up or Down - April 21, 5:40AM-5:45AM ET",DOWN,Down,8.0,0.52,,LOSS,NO,-8.0,Up,0x2a95e57b19154550eb5c315435a0d0d29bb6fd78c7a30e8bd1b12a8cb456eae5,14233521140264809106419103816951887609210774407154855514106614704660878527145
2026-04-21T09:40:02.741994+00:00,2026-04-21T09:51:10.512562+00:00,momentum,"Solana Up or Down - April 21, 5:40AM-5:45AM ET",UP,Up,4.0,0.52,,WIN,YES,3.6923076923076916,Up,0x592ed8b8c25bd9d379d4421a401ced824cfd68eb7b95bf04c66ddc64c810f5b1,13720568841788714008962946403533659500765507198262588726099830305418830456600
2026-04-21T09:40:07.323397+00:00,2026-04-21T09:51:10.690373+00:00,momentum,"Bitcoin Up or Down - April 21, 5:40AM-5:45AM ET",UP,Up,2.0,0.54,,WIN,YES,1.7037037037037033,Up,0x04d1675b22c88221aa0c5393505e1b4de96c791ca86323c6999939b9dfceaa00,115442021066338562356937383456210215653885577968168430835512511812709066922915
2026-04-21T09:40:00.584100+00:00,2026-04-21T09:52:11.195892+00:00,momentum,"XRP Up or Down - April 21, 5:40AM-5:45AM ET",UP,Up,8.0,0.51,,WIN,YES,7.686274509803921,Up,0x31d106a44c9ed1b70512304d226415bc2bd58f01ac869d2198ff2e351742de74,106907985840626558493748355998320015975966789779311933558122786248164491531794
2026-04-21T09:45:00.571094+00:00,2026-04-21T09:53:12.705019+00:00,momentum,"XRP Up or Down - April 21, 5:45AM-5:50AM ET",UP,Up,2.0,0.51,,WIN,YES,1.9215686274509802,Up,0x4568d8545b6914351c4efe26733e535269b94a9e146fbe26228a4c87f6face2a,66878488831369751241093984828500411532877256733090775349672043784719755214884
2026-04-21T09:45:01.720868+00:00,2026-04-21T09:54:13.603251+00:00,momentum,"Ethereum Up or Down - April 21, 5:45AM-5:50AM ET",DOWN,Down,8.0,0.51,,WIN,YES,7.686274509803921,Down,0x6b68e8d860b575f5ccfa7d669c9e58f0150336f86fcaa838b6570db6c27bce8f,70926662688585432019013313222552525220070242963850945376889085163348118481454
2026-04-21T09:45:01.745393+00:00,2026-04-21T09:54:13.650973+00:00,momentum,"Bitcoin Up or Down - April 21, 5:45AM-5:50AM ET",UP,Up,2.0,0.52,,LOSS,NO,-2.0,Down,0xcc654c67b043e367f5e9dfe1abdc02a71e26156ee924132d89ce94d87f001475,104483214823957367442402735724853128067463030271927273963848592442431283795878
2026-04-21T09:45:05.022395+00:00,2026-04-21T09:55:14.000372+00:00,momentum,"Solana Up or Down - April 21, 5:45AM-5:50AM ET",UP,Up,2.0,0.59,,LOSS,NO,-2.0,Down,0xec81bdbd728343c4d570574b9110722821578d342d0374827016a0eab3839af2,60301310489321280534258544604792185181426989475757213319308896435627027958594
2026-04-21T09:50:03.345135+00:00,2026-04-21T10:00:17.437354+00:00,momentum,"Bitcoin Up or Down - April 21, 5:50AM-5:55AM ET",DOWN,Down,4.0,0.59,,LOSS,NO,-4.0,Up,0x3a919a31600e950c2bcb7474b4cd0cef4b14d723071a4a9530baade66f7013d3,456528741444126373978658895433817610386890960195612345536211033323609738876
2026-04-21T09:50:06.641577+00:00,2026-04-21T10:00:17.521779+00:00,momentum,"Solana Up or Down - April 21, 5:50AM-5:55AM ET",DOWN,Down,4.0,0.51,,LOSS,NO,-4.0,Up,0x0bf68a31c3eeaa62d63091e5c20f30bd73e138ad5edc6d4fbe5b623ba24938a5,75254946831470160851999263947763221182604238493096454468452561286816379601765
2026-04-21T09:50:06.668802+00:00,2026-04-21T10:00:17.868924+00:00,momentum,"Ethereum Up or Down - April 21, 5:50AM-5:55AM ET",DOWN,Down,2.0,0.54,,WIN,YES,1.7037037037037033,Down,0x420368f3291f3349fff2139ff99f53df8337d3d37413652c9c527f3816cdc897,27390053809332969045746588467123347096954952887074432956596389725786455491078
2026-04-21T09:50:03.319719+00:00,2026-04-21T10:01:18.359073+00:00,momentum,"XRP Up or Down - April 21, 5:50AM-5:55AM ET",DOWN,Down,2.0,0.51,,WIN,YES,1.9215686274509802,Down,0x14926c87933cc2fbbef5b3b69e51d64dc8b444f5deb9663b163a4951dbcd9a7b,45010331529680811328625277087577531924138770268236108832987504023003913815270
2026-04-21T09:55:04.109466+00:00,2026-04-21T10:06:20.436743+00:00,momentum,"Ethereum Up or Down - April 21, 5:55AM-6:00AM ET",UP,Up,2.0,0.65,,WIN,YES,1.0769230769230766,Up,0xde177b13d71dbe1317cfa4aeaf622a075450b0fba4c63d382c6c417023ab8439,29768745071464257274490797311473819955465371868184064085049507215950749901577
2026-04-21T09:55:04.134666+00:00,2026-04-21T10:06:20.626823+00:00,momentum,"XRP Up or Down - April 21, 5:55AM-6:00AM ET",UP,Up,2.0,0.55,,WIN,YES,1.6363636363636362,Up,0x358af3c3813d2b719af1edf34115aab514439be5e8344207cb43d6ffe9de75d9,96168012009916183465479441029123609461946793992901355247127708486467413747563
2026-04-21T09:55:04.160271+00:00,2026-04-21T10:06:20.825941+00:00,momentum,"Solana Up or Down - April 21, 5:55AM-6:00AM ET",UP,Up,2.0,0.68,,WIN,YES,0.9411764705882351,Up,0xab9f99f5200c9349c5068b8756cf8b14e95c2042ea80e63d68bd2370fd8f9a4f,14663252475046356794294202750071948486642200311244727701265975760445851206444
2026-04-21T09:55:00.713666+00:00,2026-04-21T10:07:20.365128+00:00,momentum,"Bitcoin Up or Down - April 21, 5:55AM-6:00AM ET",UP,Up,8.0,0.62,,WIN,YES,4.903225806451614,Up,0xa5fdcc44e28996fd8c39ba3cb5b5cc1e0d09725ddcbae7596c91e11865865380,103895357823357940855397409102907730020145218945213835368038129232782539275670
2026-04-21T10:00:04.855202+00:00,2026-04-21T10:08:21.057114+00:00,momentum,"Bitcoin Up or Down - April 21, 6:00AM-6:05AM ET",DOWN,Down,2.0,0.57,,LOSS,NO,-2.0,Up,0x0bcaf371e08b02ae9d8ccd55d23d0b7b6ab365f821b6bb88327879aa3cb009be,26717784404017741160085501809189529669781430306559372709454124674204218458447
2026-04-21T10:00:00.633835+00:00,2026-04-21T10:09:21.898770+00:00,momentum,"XRP Up or Down - April 21, 6:00AM-6:05AM ET",UP,Up,2.0,0.51,,WIN,YES,1.9215686274509802,Up,0x718ab03b6f257335739c6540f8b26a5311698d7ce53e42b33b1e0512ca2dca14,3489338109968935471986641394225248937908256156785073957341681483296963660365
2026-04-21T10:00:01.752860+00:00,2026-04-21T10:09:21.945353+00:00,momentum,"Ethereum Up or Down - April 21, 6:00AM-6:05AM ET",DOWN,Down,2.0,0.53,,LOSS,NO,-2.0,Up,0x38d00283b8627b77a29d6c61642bdde937be05875b14b2ffa26231519b6840a9,108562348538811735579750015919808131321793808392089293263935737447060742835813
2026-04-21T10:00:04.878754+00:00,2026-04-21T10:09:22.254500+00:00,momentum,"Solana Up or Down - April 21, 6:00AM-6:05AM ET",UP,Up,2.0,0.52,,WIN,YES,1.8461538461538458,Up,0x546e39284e032a7ee481e03465d3a1433e81e4316fc1cd99e70e83a822bdfc19,27097365724699346424729230510932736221876556923557560895987370835616509314005
2026-04-21T10:05:00.358279+00:00,2026-04-21T10:15:25.191973+00:00,momentum,"XRP Up or Down - April 21, 6:05AM-6:10AM ET",UP,Up,2.0,0.51,,LOSS,NO,-2.0,Down,0x507da7d425864b8f1a6e1a3e8194b0fc99066eb7424782fcbf46b632b8483c56,52177507863138748147241624706041697407443222164548307142669944514932890788799
2026-04-21T10:05:01.470640+00:00,2026-04-21T10:15:25.240345+00:00,momentum,"Bitcoin Up or Down - April 21, 6:05AM-6:10AM ET",DOWN,Down,2.0,0.52,,LOSS,NO,-2.0,Up,0x9330b3d416015e2601576e8ea6ac0ee322d6b06585928ec40bd03722a16b0211,51889875423635282047084268221784135872112218271728099431719087633812456041821
2026-04-21T10:05:07.638268+00:00,2026-04-21T10:15:25.452965+00:00,momentum,"Ethereum Up or Down - April 21, 6:05AM-6:10AM ET",UP,Up,4.0,0.58,,WIN,YES,2.8965517241379315,Up,0xb0345db32412bf940382745abc22fd3691bbf7d359e804430e079e97ae70db78,52762093806109754679154973250473123216097230935724316221222743579615900111292
2026-04-21T10:05:07.662628+00:00,2026-04-21T10:16:25.785002+00:00,momentum,"Solana Up or Down - April 21, 6:05AM-6:10AM ET",UP,Up,2.0,0.54,,WIN,YES,1.7037037037037033,Up,0xe821743a9b1ef7124e2fc3aff3e773c52cca1db352b2b8082cafe60e2b6f5caa,96883885262002227096454887637346593119217889908914139210562679591668010064441
2026-04-21T10:10:01.655255+00:00,2026-04-21T10:20:28.013395+00:00,momentum,"Bitcoin Up or Down - April 21, 6:10AM-6:15AM ET",DOWN,Down,4.0,0.53,,WIN,YES,3.547169811320754,Down,0xd2de53a032e3d6ce0920f3782210c3a642b2b7baec896a3f0d5bdc53bea03935,35294470489598615157333331706217594191934955520249839965929321790095913093920
2026-04-21T10:10:01.626200+00:00,2026-04-21T10:21:28.462272+00:00,momentum,"Ethereum Up or Down - April 21, 6:10AM-6:15AM ET",DOWN,Down,2.0,0.53,,WIN,YES,1.773584905660377,Down,0x0e5364c736b1bc677eb4f3cb4f0f842a3138ec50615ac412ae95fab3db8a88e3,80749930871538024856643724339904706688402691690951402089671966520352757663906
2026-04-21T10:10:01.689872+00:00,2026-04-21T10:21:28.655400+00:00,momentum,"Solana Up or Down - April 21, 6:10AM-6:15AM ET",DOWN,Down,2.0,0.52,,WIN,YES,1.8461538461538458,Down,0xba1c39f022a3526cee1ed0a1b86eb13f614265f066ac25873c999515a67e4981,78976197324258590132784604701658689083289576070210388569638498543196495701298
2026-04-21T10:10:01.722121+00:00,2026-04-21T10:21:28.843655+00:00,momentum,"XRP Up or Down - April 21, 6:10AM-6:15AM ET",DOWN,Down,2.0,0.53,,WIN,YES,1.773584905660377,Down,0xa4c8e384138b289260844b16c452672ce7e90f6e3fd0f4935ed4ebb6593c509b,34437785358340972981796287367734327768171325780013981675423836474993720132303
2026-04-21T10:15:01.536413+00:00,2026-04-21T10:23:30.847121+00:00,momentum,"Solana Up or Down - April 21, 6:15AM-6:20AM ET",DOWN,Down,2.0,0.51,,WIN,YES,1.9215686274509802,Down,0x4dbbb9c572604ea5c2de57fad7b6779b4f4715841173d6653e30efac1bab9334,75469634991318305837645094846396651146065571159062650453611425335881350547155
2026-04-21T10:15:04.651866+00:00,2026-04-21T10:23:31.049437+00:00,momentum,"XRP Up or Down - April 21, 6:15AM-6:20AM ET",DOWN,Down,2.0,0.57,,WIN,YES,1.5087719298245617,Down,0x9e25d1d02d26f13b23e250e5574218b99d0f26bd34dbd3bba9765b4efa32c0b1,86924467980602079043814116477853254343915225700492376708450876634646554603639
2026-04-21T10:15:01.483189+00:00,2026-04-21T10:24:31.215217+00:00,momentum,"Bitcoin Up or Down - April 21, 6:15AM-6:20AM ET",DOWN,Down,2.0,0.54,,LOSS,NO,-2.0,Up,0x10f6c97be7c29c2daa2c3a22c4e874359b291fb5504aeffa4955d9388ea7152a,82170818088956173385305273969889476559667074500226027488660193909437133605329
2026-04-21T10:15:01.508118+00:00,2026-04-21T10:24:31.404753+00:00,momentum,"Ethereum Up or Down - April 21, 6:15AM-6:20AM ET",DOWN,Down,2.0,0.54,,WIN,YES,1.7037037037037033,Down,0x8591b77467c77d8d359ff432199c194daa191aaaec515259ccab04a9376a809f,92794886547553950248146511895409611650378927966764208388026852420325171311894
2026-04-21T10:20:03.837647+00:00,2026-04-21T10:29:34.190421+00:00,momentum,"XRP Up or Down - April 21, 6:20AM-6:25AM ET",DOWN,Down,2.0,0.67,,LOSS,NO,-2.0,Up,0x4bd4c0f2c183e9247d97b1f97a3fa920a2fef0ebb2a580991e7c83be2904ad79,89198386392899430136585586981602555009474052935500741651674852278099781656579
2026-04-21T10:20:00.644647+00:00,2026-04-21T10:30:34.131429+00:00,momentum,"Ethereum Up or Down - April 21, 6:20AM-6:25AM ET",DOWN,Down,2.0,0.52,,LOSS,NO,-2.0,Up,0x2fb2c3bff036b25a1af2205ffc2b00fd903d0d1a5abbd73985e50c2e93d135a5,31592826210774348295651953556966166642281131801291558160856996265352667017369
2026-04-21T10:20:00.671556+00:00,2026-04-21T10:30:34.178880+00:00,momentum,"Solana Up or Down - April 21, 6:20AM-6:25AM ET",DOWN,Down,2.0,0.52,,LOSS,NO,-2.0,Up,0x7f65457af84a6d8f07e4c564717e0f6a6992bdc455ed88b61eb0aa156ab7678c,36701226873149587301109767211848035875858766427658301796360432232519884588204
2026-04-21T10:20:07.012606+00:00,2026-04-21T10:30:34.361519+00:00,momentum,"Bitcoin Up or Down - April 21, 6:20AM-6:25AM ET",UP,Up,2.0,0.51,,WIN,YES,1.9215686274509802,Up,0xa94232bd7f9c8134490cddfb44f9ae9b21d70cc3ffd1924ee74c6c7d6e3dc7e6,7234858687259358963295096696592033978966622502000062754023772285149695846827
2026-04-21T10:25:02.629542+00:00,2026-04-21T10:35:38.390679+00:00,momentum,"Bitcoin Up or Down - April 21, 6:25AM-6:30AM ET",DOWN,Down,2.0,0.54,,WIN,YES,1.7037037037037033,Down,0xc433687795e967f6606d05f9fcb8af27391cf3a102614a27c07e748096ceb60d,84451360306334655879522160875467570270754113897338041276478109150270990783208
2026-04-21T10:25:02.666933+00:00,2026-04-21T10:35:38.625126+00:00,momentum,"XRP Up or Down - April 21, 6:25AM-6:30AM ET",DOWN,Down,4.0,0.52,,WIN,YES,3.6923076923076916,Down,0xf5149b1cd32f670b8647d52eec9bf778a72540ee873dafc50dd2d936cf3b7504,46000721856514386711199831074943628376328153991710184994710960684899544652664
2026-04-21T10:25:02.563320+00:00,2026-04-21T10:36:38.845642+00:00,momentum,"Solana Up or Down - April 21, 6:25AM-6:30AM ET",DOWN,Down,4.0,0.51,,WIN,YES,3.8431372549019605,Down,0x7fe1f66901842434146d93d207b4443668b66a84e25b42414d684896a218f50f,51553684951749500214711666527448585406616622453445342314897106708550604254079
2026-04-21T10:25:02.594178+00:00,2026-04-21T10:36:39.015938+00:00,momentum,"Ethereum Up or Down - April 21, 6:25AM-6:30AM ET",DOWN,Down,4.0,0.52,,WIN,YES,3.6923076923076916,Down,0xdf238b3fedcfb262a33cedfd26d207852695631af08de7e8e950c7afc097d50b,10129852945515132033571031094667566845204828765552373231118264466960718937797
2026-04-21T10:30:00.476443+00:00,2026-04-21T10:38:40.649426+00:00,momentum,"Solana Up or Down - April 21, 6:30AM-6:35AM ET",DOWN,Down,2.0,0.53,,LOSS,NO,-2.0,Up,0xe4e1961880fa3d4f2cf0e2e126a6f090b5712452a2076a0d21c16fd0c9cbb26e,39486902341270187214756298974843450347631477326698790953059117272063711614776
2026-04-21T10:30:00.407994+00:00,2026-04-21T10:39:40.724197+00:00,momentum,"Bitcoin Up or Down - April 21, 6:30AM-6:35AM ET",DOWN,Down,2.0,0.53,,LOSS,NO,-2.0,Up,0xabe99cc27bc11ea52486eda30a871330a323e62fab0005b216162e903e1fbbf3,87550575527048875172831080809941891289833938675894088096664867931888946887529
2026-04-21T10:30:00.519092+00:00,2026-04-21T10:39:41.071732+00:00,momentum,"XRP Up or Down - April 21, 6:30AM-6:35AM ET",UP,Up,2.0,0.51,,WIN,YES,1.9215686274509802,Up,0xf101e4006b574a524e9867d7ac1226edbd2a08db525e939ad67e0811579ee102,53786899274954019702100974678583057536482362465728383352776992622388522923211
2026-04-21T10:30:00.446847+00:00,2026-04-21T10:40:41.803815+00:00,momentum,"Ethereum Up or Down - April 21, 6:30AM-6:35AM ET",DOWN,Down,2.0,0.51,,LOSS,NO,-2.0,Up,0x5ea6ca6dc2ff8d5725cdf0ab975c829c99e2fbd420b7a56ad54dc0365f162387,73192889501071071032774478188908289224582742430154795216154268962317696500786
2026-04-21T10:35:00.716628+00:00,2026-04-21T10:44:44.218404+00:00,momentum,"Ethereum Up or Down - April 21, 6:35AM-6:40AM ET",DOWN,Down,2.0,0.51,,WIN,YES,1.9215686274509802,Down,0x7169d742b9089902c00d6ea38814105c7ce1e2ddc1d8ced095186b5b1f29d4b2,53175914129386979876701204579991651790844273882889437804156877677543778866085
2026-04-21T10:35:01.862922+00:00,2026-04-21T10:44:44.259980+00:00,momentum,"Bitcoin Up or Down - April 21, 6:35AM-6:40AM ET",DOWN,Down,4.0,0.52,,LOSS,NO,-4.0,Up,0x44879c1e2d31ce42d42a02bc3704cd69bc00f8959a0717eb005552aadf81d0fd,35427047252611286723834058087994897455249354163816657834772383017362898732870
2026-04-21T10:35:01.887936+00:00,2026-04-21T10:44:44.424679+00:00,momentum,"XRP Up or Down - April 21, 6:35AM-6:40AM ET",DOWN,Down,2.0,0.52,,WIN,YES,1.8461538461538458,Down,0x837f5021f48b23018686739379c40242b363eab3d0967dc8ffd98c4a904dfb00,75537595774857229431416624357503686048719662260912420416546150477264425013370
2026-04-21T10:35:01.914130+00:00,2026-04-21T10:45:44.991480+00:00,momentum,"Solana Up or Down - April 21, 6:35AM-6:40AM ET",DOWN,Down,4.0,0.52,,WIN,YES,3.6923076923076916,Down,0x1954a44dde7f0009a0271444f91eb40c142765374000df72e4a92910bb958b19,12709209933640633841828128188501042265692762725511644675968465694226637290831
2026-04-21T10:40:00.066968+00:00,2026-04-21T10:50:47.577419+00:00,momentum,"XRP Up or Down - April 21, 6:40AM-6:45AM ET",UP,Up,2.0,0.51,,WIN,YES,1.9215686274509802,Up,0x5eb501cc681ad3699ea46440f59d2751311d91a912e37f88e8b66bb979db5847,46809082170327011113104624578693462911380317644062289600172910939574300516626
2026-04-21T10:40:01.265937+00:00,2026-04-21T10:50:47.779761+00:00,momentum,"Ethereum Up or Down - April 21, 6:40AM-6:45AM ET",DOWN,Down,4.0,0.53,,LOSS,NO,-4.0,Up,0x7d9abc1c62aaae7d086199d863312a0e27a2aca10654eecd7b4cd6dd5dce35b6,19435321771182487695128072531344583978459238941387988119210538394060185377398
2026-04-21T10:40:01.240005+00:00,2026-04-21T10:51:47.571092+00:00,momentum,"Bitcoin Up or Down - April 21, 6:40AM-6:45AM ET",DOWN,Down,8.0,0.51,,LOSS,NO,-8.0,Up,0xa5d305246f893e41d4273876d30e207a7ad30f5cf7913e0e79d9642bbceb22f8,16449746731336121623670450381344715607514568777712733591055281556459485514654
2026-04-21T10:40:04.416191+00:00,2026-04-21T10:51:47.620928+00:00,momentum,"Solana Up or Down - April 21, 6:40AM-6:45AM ET",DOWN,Down,2.0,0.54,,LOSS,NO,-2.0,Up,0x7851ddf144ec06ff795bba09bc24dfb4c4cf0f70ece87820fb4d558b1812165c,57736092883157604867745010035171674023359993756498156274069900598226528955526
2026-04-21T10:45:00.781936+00:00,2026-04-21T10:54:48.821975+00:00,momentum,"XRP Up or Down - April 21, 6:45AM-6:50AM ET",UP,Up,2.0,0.51,,WIN,YES,1.9215686274509802,Up,0x38d8eb1a844d788d23228d10ef653d36ddfc1ba25476ca13ee3fce30cde8fb0d,66697718968355889542404199904515511012721939264180942584326629142892712248185
2026-04-21T10:45:01.969881+00:00,2026-04-21T10:54:48.867750+00:00,momentum,"Bitcoin Up or Down - April 21, 6:45AM-6:50AM ET",DOWN,Down,16.0,0.54,,LOSS,NO,-16.0,Up,0x7df46e076931ccfe3e38bddc938ce70f95902f55a9c43c7f2f38dd2ea7a0cd47,108734065121314811107990128484220458971871134801173792784375873564267936885911
2026-04-21T10:45:05.344410+00:00,2026-04-21T10:54:49.084752+00:00,momentum,"Solana Up or Down - April 21, 6:45AM-6:50AM ET",DOWN,Down,2.0,0.58,,LOSS,NO,-2.0,Up,0x21400e5661dd2e7a04a55ca6077f6dd02c4c0eb776dfc2ff4821b1c8b287c92c,78627682721499891550349989612409785592925745162661516174329885035352932664603
2026-04-21T10:45:01.995171+00:00,2026-04-21T10:57:50.340439+00:00,momentum,"Ethereum Up or Down - April 21, 6:45AM-6:50AM ET",DOWN,Down,4.0,0.54,,LOSS,NO,-4.0,Up,0x6ec1aee10bee9c5c957654c9550cd082ca12ef27a5f0076377d9613af354d849,40310103581784486652967091152595086626528366039380569131579842400754924062118
2026-04-21T10:50:00.690776+00:00,2026-04-21T10:59:51.928505+00:00,momentum,"XRP Up or Down - April 21, 6:50AM-6:55AM ET",UP,Up,2.0,0.51,,WIN,YES,1.9215686274509802,Up,0x1c95158f5df36f7c3d41e287d0b6e0987def0f13ec296f68a9c999ca373a6021,48009356408709732924242910146530156719096639126577139854363855651087416829138
2026-04-21T10:50:02.861082+00:00,2026-04-21T10:59:52.122550+00:00,momentum,"Bitcoin Up or Down - April 21, 6:50AM-6:55AM ET",DOWN,Down,32.0,0.54,,LOSS,NO,-32.0,Up,0xc6cbe416ffbc298a2a4662ba7eb980be079a2ce30c9c2f1cf3c41100ff9a86b7,33217639688743647202947727431510645220058309663005758142777758286749756066156
2026-04-21T10:50:02.832018+00:00,2026-04-21T11:00:52.671461+00:00,momentum,"Ethereum Up or Down - April 21, 6:50AM-6:55AM ET",DOWN,Down,8.0,0.54,,WIN,YES,6.814814814814813,Down,0x0aa611934c4fc52daa8034f94ad1bdf3053d4ac5a96473043884a329d3ce6304,106528346390178487876337659190395840104603038209934390359847551881657252680850
2026-04-21T10:50:02.889385+00:00,2026-04-21T11:00:52.765982+00:00,momentum,"Solana Up or Down - April 21, 6:50AM-6:55AM ET",DOWN,Down,4.0,0.52,,LOSS,NO,-4.0,Up,0x81fa72560ccf70029f63593b7725db8f5dd6e4a7e224d4e8822ab7750a31d20d,60280547174754025504794524974183181996272885170484430030950269611876375417684
2026-04-21T10:55:03.496442+00:00,2026-04-21T11:05:54.835001+00:00,momentum,"Bitcoin Up or Down - April 21, 6:55AM-7:00AM ET",UP,Up,32.0,0.99,,LOSS,NO,-32.0,Down,0xe4239fb9053ad26c3de2cb8e04d3d323e17ea4e235ef4442f3a4502fb0a97694,8642860939293655476570261960714216143083827150206641923469856619111117144381
2026-04-21T10:55:03.527486+00:00,2026-04-21T11:05:55.022486+00:00,momentum,"XRP Up or Down - April 21, 6:55AM-7:00AM ET",DOWN,Down,2.0,0.55,,WIN,YES,1.6363636363636362,Down,0x5ca8ce4c21a9526d99aeee1900f0b9190f7909718b2f7a741b5cd71291195ef8,32078300255639045463117591941684612676670551788237034724349402241803393746546
2026-04-21T10:55:01.051294+00:00,2026-04-21T11:06:55.314036+00:00,momentum,"Ethereum Up or Down - April 21, 6:55AM-7:00AM ET",DOWN,Down,2.0,0.525,,WIN,YES,1.8095238095238093,Down,0x359e7340a44431b7b3ca7480ec1d5847105555cebda31c01fb7e5f1725dadf6f,79874700944240679945617821019221748721449362518648696559690497200854565290480
2026-04-21T10:55:03.558247+00:00,2026-04-21T11:06:55.490476+00:00,momentum,"Solana Up or Down - April 21, 6:55AM-7:00AM ET",DOWN,Down,4.0,0.54,,WIN,YES,3.4074074074074066,Down,0x858cd8b75f2114990462464cefadc8f53a20d68c4d30674f2013daaf390fd106,9861817424512379371568781599491183832899138369568907034576054471347556065302
2026-04-21T11:00:01.114195+00:00,2026-04-21T11:08:56.671110+00:00,momentum,"Bitcoin Up or Down - April 21, 7:00AM-7:05AM ET",DOWN,Down,64.0,0.515,,WIN,YES,60.271844660194176,Down,0x2f9a7440cdd2de38e36e4c18f0bb693eb0cf93f650fe97e095c61d06da762b3f,48056899040195008166589181703448326098003457962751420629318844476178402422256
2026-04-21T11:00:03.257423+00:00,2026-04-21T11:08:56.731117+00:00,momentum,"Solana Up or Down - April 21, 7:00AM-7:05AM ET",UP,Up,2.0,0.53,,LOSS,NO,-2.0,Down,0xea313d5ec703fde7e2e77b1c9b344e76302f3bdc5be8b4440f0277fb5ff35c99,3198543252169996818307727506315646854907482196072892984867514862682690047648
2026-04-21T11:00:03.314162+00:00,2026-04-21T11:08:56.940746+00:00,momentum,"Ethereum Up or Down - April 21, 7:00AM-7:05AM ET",UP,Up,2.0,0.52,,LOSS,NO,-2.0,Down,0xb70ec8dd520afb936a3504f3ab7606723e9103554d68df912309fdb7bf49ec60,65446868305173097120916514558452812428938337175745438163543007509904002894549
2026-04-21T11:00:03.285818+00:00,2026-04-21T11:09:56.922111+00:00,momentum,"XRP Up or Down - April 21, 7:00AM-7:05AM ET",DOWN,Down,2.0,0.53,,WIN,YES,1.773584905660377,Down,0x1427a22b3761cabe8f682687962c0282482260ab70520f4e9c3243a3c8718ee6,8347109207153824346644623237384276926542717671360823271359676545282566830458
2026-04-21T11:05:02.962019+00:00,2026-04-21T11:14:59.276125+00:00,momentum,"Ethereum Up or Down - April 21, 7:05AM-7:10AM ET",UP,Up,2.0,0.53,,LOSS,NO,-2.0,Down,0x45b3d26854c959585f77cce32020385384d0fc64a11f7457cae025322496b5c5,41367921600841005198175807742514625094752007945640345604895206701192467882390
2026-04-21T11:05:16.980687+00:00,2026-04-21T11:14:59.596875+00:00,momentum,"Bitcoin Up or Down - April 21, 7:05AM-7:10AM ET",DOWN,Down,2.0,0.51,,WIN,YES,1.9215686274509802,Down,0xc830a3704cc6b9522510a213fc66ae9d3ab46181359f4b3892b0781b83fcdcca,98979940915670297344644505627825217412288142558994366866765424650414164140273
2026-04-21T11:05:06.154387+00:00,2026-04-21T11:16:00.267187+00:00,momentum,"Solana Up or Down - April 21, 7:05AM-7:10AM ET",DOWN,Down,2.0,0.55,,WIN,YES,1.6363636363636362,Down,0xe8214a754661b438905c05f3bede34b6f358a7d978548c79edbb5a887f70cb53,79508337190665118645417107698538887109362865744525893453651672006124637570775
2026-04-21T11:05:17.006899+00:00,2026-04-21T11:16:00.314542+00:00,momentum,"XRP Up or Down - April 21, 7:05AM-7:10AM ET",UP,Up,2.0,0.54,,LOSS,NO,-2.0,Down,0xa743b4a8a5be113178ff3f1edfd617f738cdfd0773c7d43002a2cbcf1a2fe5db,97106997305314450991833336903221819331347519035597518207244676095359939965523
2026-04-21T11:10:04.872560+00:00,2026-04-21T11:20:02.244525+00:00,momentum,"Solana Up or Down - April 21, 7:10AM-7:15AM ET",UP,Up,2.0,0.52,,LOSS,NO,-2.0,Down,0xf12e80dbfa03e2e41a5d7c2ba7b8e048c44cf482f2ae32a0d5a2ed40307154fc,93551548052350803880961889062899956361393602495208493573945132389246465597247
2026-04-21T11:10:07.974656+00:00,2026-04-21T11:21:03.084370+00:00,momentum,"Bitcoin Up or Down - April 21, 7:10AM-7:15AM ET",DOWN,Down,2.0,0.64,,WIN,YES,1.125,Down,0x92dd8653fd5213b1ca194e5c5bcbda2b480133c37f013ac4fe5d3f046a6a63db,29863762740233942135375605540410350338414909655390893730755371821032157431353
2026-04-21T11:10:01.688524+00:00,2026-04-21T11:22:03.789042+00:00,momentum,"XRP Up or Down - April 21, 7:10AM-7:15AM ET",DOWN,Down,4.0,0.51,,WIN,YES,3.8431372549019605,Down,0x9802205a90b83094c38c9646830d2cac342b79dc90aabb28f9feb734e28c5af2,37056349418704555192132332496941689413679500117165222047044226394825924650398
2026-04-21T11:10:04.827747+00:00,2026-04-21T11:22:03.840798+00:00,momentum,"Ethereum Up or Down - April 21, 7:10AM-7:15AM ET",UP,Up,4.0,0.51,,LOSS,NO,-4.0,Down,0xd6951a4cd722b72c43b15ab7b00b75c1f0ec845e1d36be8fd164b144d18af88d,35175935500054319498426589124042770165749469579782901056898963764224666305609
2026-04-21T11:15:01.728379+00:00,2026-04-21T11:27:07.038316+00:00,momentum,"Ethereum Up or Down - April 21, 7:15AM-7:20AM ET",UP,Up,4.0,0.53,,WIN,YES,3.547169811320754,Up,0xfb0ae5711b8c3fc145881245dd891326653e8075c60eaeddeffeaa579067e5d7,38067930103672122661640700435952460368792644824079186768709903277527351628425
2026-04-21T11:15:01.756699+00:00,2026-04-21T11:27:07.203966+00:00,momentum,"Bitcoin Up or Down - April 21, 7:15AM-7:20AM ET",UP,Up,2.0,0.53,,WIN,YES,1.773584905660377,Up,0x0e13743e1eec8959a4988f8806dac33dfbba377bb60587ae35e365166f3c7c54,26965392880279214794151259809445593173152558914777516821932200464014911398663
2026-04-21T11:15:01.795540+00:00,2026-04-21T11:27:07.390356+00:00,momentum,"XRP Up or Down - April 21, 7:15AM-7:20AM ET",UP,Up,2.0,0.51,,WIN,YES,1.9215686274509802,Up,0x6acd77569a0ec6318850deddf36900a793be89a57445251393350b2551271640,83322140363572843333405310019876861406864614349226889437806455623821400532465
2026-04-21T11:15:01.702091+00:00,2026-04-21T11:28:07.699011+00:00,momentum,"Solana Up or Down - April 21, 7:15AM-7:20AM ET",UP,Up,2.0,0.53,,WIN,YES,1.773584905660377,Up,0x42a851dfb0c24402f7c62faccc616774d6f765f0b6cfa40ebb31cadf71ddd465,28099090595111849417732879273544503877644589750897270640401116514331888736901
2026-04-21T11:20:07.467912+00:00,2026-04-21T11:30:08.304460+00:00,momentum,"XRP Up or Down - April 21, 7:20AM-7:25AM ET",DOWN,Down,2.0,0.51,,LOSS,NO,-2.0,Up,0x05df30e918c760a0269dab4bb18fb850b58d152746cf47cc0cb9865315fffe3e,10654019372691779140642201348737472651264256594408334211818163283828990668508
2026-04-21T11:20:10.614816+00:00,2026-04-21T11:30:08.492588+00:00,momentum,"Solana Up or Down - April 21, 7:20AM-7:25AM ET",UP,Up,2.0,0.54,,WIN,YES,1.7037037037037033,Up,0x13a5c562bb1bc2ec073af2134f4579b19301b27bca861b2b65df424ce30991fc,107921871612887223711227296226512839931726119459144232217198232865016503162034
2026-04-21T11:20:04.224277+00:00,2026-04-21T11:31:08.612852+00:00,momentum,"Bitcoin Up or Down - April 21, 7:20AM-7:25AM ET",DOWN,Down,2.0,0.53,,LOSS,NO,-2.0,Up,0x580853af30d2ba6804c8229d45ca1607bd8f4fe6d0c2ea0ebf29863c5fb78eda,25883705183392728883886856382661433322177221114627920431696895692158968454296
2026-04-21T11:20:04.251039+00:00,2026-04-21T11:31:08.664837+00:00,momentum,"Ethereum Up or Down - April 21, 7:20AM-7:25AM ET",DOWN,Down,2.0,0.54,,LOSS,NO,-2.0,Up,0x8c2e1d44084743c526d88a773a2efcb1cb05805b27d7f7bf1eeb8e26619f980b,103489127290057579424795389885707746677362758712660122988524186320562418803498
2026-04-21T11:25:01.730578+00:00,2026-04-21T11:35:10.589865+00:00,momentum,"Solana Up or Down - April 21, 7:25AM-7:30AM ET",UP,Up,2.0,0.51,,LOSS,NO,-2.0,Down,0xbea10e7dceacb65c46cbcc6ef97e30705f9075b768711f1f743ca7b78633fe34,31037756774989524406434749685969087250974454306417694181164746960717518081489
2026-04-21T11:25:00.554179+00:00,2026-04-21T11:36:10.914196+00:00,momentum,"Ethereum Up or Down - April 21, 7:25AM-7:30AM ET",UP,Up,4.0,0.51,,LOSS,NO,-4.0,Down,0x7732c13df801bb1f14f95762fb7656a9770e08d7f1716729898ff73d14115506,8528295382990214755744962440097327525334252862809881757200396505672708871762
2026-04-21T11:25:00.581040+00:00,2026-04-21T11:36:10.967195+00:00,momentum,"XRP Up or Down - April 21, 7:25AM-7:30AM ET",UP,Up,4.0,0.51,,LOSS,NO,-4.0,Down,0xf033e69e0139f2cb9d6742813785fabf54f7be348543f4a347cfc7f9841c7697,96364765675126658218209473788306185173054511171203671797347074969792387835266
2026-04-21T11:25:01.700500+00:00,2026-04-21T11:36:11.159153+00:00,momentum,"Bitcoin Up or Down - April 21, 7:25AM-7:30AM ET",DOWN,Down,4.0,0.51,,WIN,YES,3.8431372549019605,Down,0xa4a0e74be666f50e057d7dee9c2e93e22205cffddb47eb0b1e80f5054617bf32,93146325721817883726070097080149648585572062087467670420323873117516188497674
2026-04-21T11:30:01.396528+00:00,2026-04-21T11:38:11.906335+00:00,momentum,"Bitcoin Up or Down - April 21, 7:30AM-7:35AM ET",UP,Up,2.0,0.51,,LOSS,NO,-2.0,Down,0xcc657a557f21fbc4f0d74050e9eca6ce84d71db239514c507324d41cd966accf,5480151016848380136496333032737616360254837906740942625869666747722052939961
2026-04-21T11:30:00.364599+00:00,2026-04-21T11:39:12.577853+00:00,momentum,"Solana Up or Down - April 21, 7:30AM-7:35AM ET",DOWN,Down,2.0,0.52,,WIN,YES,1.8461538461538458,Down,0x0ebefbdf77a197a9f55001201bcf3f8b709563c41791f5fd7df7ef7430c3161e,64215658912639367924104520926037844650706563336168969191997763203844745039111
2026-04-21T11:30:01.492610+00:00,2026-04-21T11:39:12.775365+00:00,momentum,"XRP Up or Down - April 21, 7:30AM-7:35AM ET",UP,Up,4.0,0.51,,LOSS,NO,-4.0,Down,0x7d39499967193f7fcd30c14ff741c2073a7ab3d485045fc534c79129a796694b,108668611954122643259216972120944979509098708030759088811990868679287080842993
2026-04-21T11:30:01.440634+00:00,2026-04-21T11:40:13.394591+00:00,momentum,"Ethereum Up or Down - April 21, 7:30AM-7:35AM ET",UP,Up,4.0,0.51,,LOSS,NO,-4.0,Down,0xce445c81cf6cf03d12037bd9fe911336d5cb8dc3069cc6267874fba1fd89b0d4,87473582939984082880955132555711433739764837053528023188513517782760734061880
2026-04-21T11:35:00.362301+00:00,2026-04-21T11:44:14.547966+00:00,momentum,"XRP Up or Down - April 21, 7:35AM-7:40AM ET",UP,Up,8.0,0.51,,WIN,YES,7.686274509803921,Up,0xdbc2a57a5dd19b0f8eda59b09fe35267afc0b6075ebf14139416bee265abcc6d,92684353498429428975601257798087438643241432269911857951825728759660677183752
2026-04-21T11:35:01.581941+00:00,2026-04-21T11:44:14.594995+00:00,momentum,"Bitcoin Up or Down - April 21, 7:35AM-7:40AM ET",DOWN,Down,4.0,0.51,,LOSS,NO,-4.0,Up,0x909a1f4feef9c4eed58fb006c885445473b64fda7b0cfbe49c6ceb20150283cf,63022300787328170103750261908294088025004480791407782120698105134513889364499
2026-04-21T11:35:01.609505+00:00,2026-04-21T11:45:15.613819+00:00,momentum,"Ethereum Up or Down - April 21, 7:35AM-7:40AM ET",UP,Up,8.0,0.51,,LOSS,NO,-8.0,Down,0x07759a3c8c8490e8af5ff4677ac401045bd06107e92785802ee40be64ab4c7b1,42409388889247812211472485792115779547341152965004466261218186954161579286609
2026-04-21T11:35:08.095164+00:00,2026-04-21T11:45:15.791814+00:00,momentum,"Solana Up or Down - April 21, 7:35AM-7:40AM ET",DOWN,Down,2.0,0.53,,WIN,YES,1.773584905660377,Down,0x7bc06b4e1fed712a2ed94a2574d5d9e8d011ee4f8af74439340047320a5f0d56,91230335558785319342422177206579184743496254916087107013857125851132912851145
2026-04-21T11:40:00.545191+00:00,2026-04-21T11:51:19.533873+00:00,momentum,"Bitcoin Up or Down - April 21, 7:40AM-7:45AM ET",UP,Up,8.0,0.52,,LOSS,NO,-8.0,Down,0x1fc3807eda1dfa71702000bd4385da80aa82a346b30586c91397ff9594e5288c,72162493904206356377092086683181274186141541922099079604311288766091962841911
2026-04-21T11:40:03.655092+00:00,2026-04-21T11:51:19.726117+00:00,momentum,"Solana Up or Down - April 21, 7:40AM-7:45AM ET",DOWN,Down,2.0,0.53,,WIN,YES,1.773584905660377,Down,0xff917a2288d03dce64039722943a9b76625766568b7b97d7d5187f9d68ac5987,47496257524777339507843555095324983685703548761147509755485504274558210849323
2026-04-21T11:40:06.972494+00:00,2026-04-21T11:51:19.902399+00:00,momentum,"XRP Up or Down - April 21, 7:40AM-7:45AM ET",DOWN,Down,2.0,0.53,,WIN,YES,1.773584905660377,Down,0xa2b27ef69367416ba3e69953833864b9179c8018ab685b6f8926e554d9387906,72837555759729818659770549704753102402401470350433710675443854231632559963247
2026-04-21T11:40:17.078024+00:00,2026-04-21T11:51:20.079867+00:00,momentum,"Ethereum Up or Down - April 21, 7:40AM-7:45AM ET",DOWN,Down,16.0,0.52,,WIN,YES,14.769230769230766,Down,0x1f7c341c86ae47f792399567383e0739e566063fe955ed619978353f1bd50605,5307726639751812513284264418227247316557384902941813051046876977553252975487
2026-04-21T11:45:00.357310+00:00,2026-04-21T11:54:21.876256+00:00,momentum,"Ethereum Up or Down - April 21, 7:45AM-7:50AM ET",UP,Up,2.0,0.52,,LOSS,NO,-2.0,Down,0x753b89d4defbfe211f0e7538536d1c36ee59ef843f6be3c38d35b58211dea69b,85864159504440756888370118473664578346617361453735385037302366648243829900998
2026-04-21T11:45:00.390762+00:00,2026-04-21T11:54:21.928746+00:00,momentum,"Bitcoin Up or Down - April 21, 7:45AM-7:50AM ET",UP,Up,16.0,0.52,,LOSS,NO,-16.0,Down,0x742d1c2c737f9ab7bd64daabd7f3e593ebd3d0dd0d02a41ba90f2ce619fcbd5d,5140228089775724349108061624339155880279543396341044959272849777828098572945
2026-04-21T11:45:00.451671+00:00,2026-04-21T11:54:22.137053+00:00,momentum,"XRP Up or Down - April 21, 7:45AM-7:50AM ET",UP,Up,2.0,0.51,,LOSS,NO,-2.0,Down,0x1edb6fb5891b443b016a3744c37d15862d31398f6cfd86e23946cf8064b51908,72706597444631203281711637292756331379040225451594824897146781719681567481332
2026-04-21T11:45:00.423394+00:00,2026-04-21T11:55:22.281319+00:00,momentum,"Solana Up or Down - April 21, 7:45AM-7:50AM ET",UP,Up,2.0,0.53,,LOSS,NO,-2.0,Down,0x4fec73f18c48e015d926addc2ea707b34b1541fc331f7b526d3957595ed66db1,74183106707120404575401645446334590212823027985895081784510270394959341752683
2026-04-21T11:50:00.376261+00:00,2026-04-21T12:00:23.930716+00:00,momentum,"XRP Up or Down - April 21, 7:50AM-7:55AM ET",UP,Up,4.0,0.51,,LOSS,NO,-4.0,Down,0x6b91c0c1645f5a886a68172a48678fdfb3d8e876adda7c2b8bcfbbda727f51d3,31934358770906063574423289358516870225206250033015278213245297316241556209438
2026-04-21T11:50:02.556158+00:00,2026-04-21T12:00:23.978585+00:00,momentum,"Bitcoin Up or Down - April 21, 7:50AM-7:55AM ET",UP,Up,32.0,0.52,,LOSS,NO,-32.0,Down,0xb5caa8731bac394f04332c7cdfe6d54fac7bc7f942b696a6cd8464a199e5b4b1,102581852914995792702083574371277830024684334481343485077526725903883516681597
2026-04-21T11:50:02.584393+00:00,2026-04-21T12:01:24.092595+00:00,momentum,"Ethereum Up or Down - April 21, 7:50AM-7:55AM ET",UP,Up,4.0,0.54,,LOSS,NO,-4.0,Down,0x5d9578775615634c47c7856e7b814829a9d2d141aab8317c8996eaeff12aa739,53462347319503124947940315058815763154386843763933313739809643477012010803839
2026-04-21T11:50:18.841455+00:00,2026-04-21T12:01:24.522121+00:00,momentum,"Solana Up or Down - April 21, 7:50AM-7:55AM ET",UP,Up,4.0,0.57,,WIN,YES,3.0175438596491233,Up,0x632e3782187e82cdbb1dd7f580609ad7edb632bd3944675349d65c57f55021cb,1421881909612472299967680201066039195286816397602095441687564191629344781243
2026-04-21T11:55:00.203911+00:00,2026-04-21T12:06:27.496995+00:00,momentum,"Solana Up or Down - April 21, 7:55AM-8:00AM ET",UP,Up,2.0,0.51,,LOSS,NO,-2.0,Down,0x66df8d74275d6a4ba1691d7a317d9adb41a57b3883ca89383a49d0dbe88eb6a9,89898096032564362455175645500518167320240986260797544628221104917058986262807
2026-04-21T11:55:05.754561+00:00,2026-04-21T12:06:28.032259+00:00,momentum,"Ethereum Up or Down - April 21, 7:55AM-8:00AM ET",DOWN,Down,8.0,0.53,,WIN,YES,7.094339622641508,Down,0xdc85cbbaac0908a8e139abd6f3031a6509af4b8140be3f76f6436509ffa3e3d2,79668959819020601437145995940795134452660096321113250981375720613241427342542
2026-04-21T11:55:02.309544+00:00,2026-04-21T12:07:28.100821+00:00,momentum,"Bitcoin Up or Down - April 21, 7:55AM-8:00AM ET",UP,Up,2.0,0.52,,WIN,YES,1.8461538461538458,Up,0x029124b36c69a2abc82b96a2cc65854d9f7359cb696bdec15975cac3b16cb0c1,99786901789398902661067299999493401162977733052159293662190561520084101590700
2026-04-21T11:55:02.340351+00:00,2026-04-21T12:07:28.277072+00:00,momentum,"XRP Up or Down - April 21, 7:55AM-8:00AM ET",UP,Up,2.0,0.52,,WIN,YES,1.8461538461538458,Up,0x274482f5743d6a8f80cc84f86e5b7d1c46dcf7c849eb207add1cc401973971c4,70315406912389091560191858327088512375815594230067995493997730940276466398517
2026-04-21T12:00:00.680563+00:00,2026-04-21T12:08:29.020445+00:00,momentum,"Solana Up or Down - April 21, 8:00AM-8:05AM ET",UP,Up,2.0,0.52,,WIN,YES,1.8461538461538458,Up,0x6b374590305d203e5fcf92099875d6a8df900f41ed90b8cc4425328df8f4251f,112310097404216420445362302582061626233106949228984702762902654185353919198777
2026-04-21T12:00:00.609920+00:00,2026-04-21T12:09:29.358833+00:00,momentum,"XRP Up or Down - April 21, 8:00AM-8:05AM ET",UP,Up,2.0,0.51,,LOSS,NO,-2.0,Down,0x97bad448238745f1456892061af1722aa44220b89a08d1fa0ecc73b6b275cc8d,56522475893623780127003740749625712928405015886202599654064365132783062593950
2026-04-21T12:00:02.790588+00:00,2026-04-21T12:09:29.544669+00:00,momentum,"Bitcoin Up or Down - April 21, 8:00AM-8:05AM ET",UP,Up,2.0,0.52,,LOSS,NO,-2.0,Down,0x340b131c7d3165a3201d332e46224a6cfb445bf73b6da2ea78294541543875e2,3988292205290862823771367698268545345471711624407634162999076551351294782942
2026-04-21T12:00:00.645203+00:00,2026-04-21T12:10:29.651025+00:00,momentum,"Ethereum Up or Down - April 21, 8:00AM-8:05AM ET",UP,Up,2.0,0.525,,LOSS,NO,-2.0,Down,0x07e06204cb2217f7da9797ebd1588b764b43dbffceb2c391ab662b53e3bf85ca,2064105858751883768989070222749689032208303750047860820297257915636585120663
2026-04-21T12:05:00.470603+00:00,2026-04-21T12:14:32.674349+00:00,momentum,"XRP Up or Down - April 21, 8:05AM-8:10AM ET",UP,Up,2.0,0.51,,LOSS,NO,-2.0,Down,0xe26ff615df99e89ce8d5e138ba14b518d296fb7e394981819ca6bbb4f3499118,19772686503964460339593634956539591832181983974000799460585277383240513979878
2026-04-21T12:05:00.440125+00:00,2026-04-21T12:15:33.107357+00:00,momentum,"Bitcoin Up or Down - April 21, 8:05AM-8:10AM ET",UP,Up,2.0,0.515,,WIN,YES,1.883495145631068,Up,0x5d3c25102b91556ebf4b35fd5a9f289894a73ae84f95d2ce4fc9e6835972e614,74154605157858689640323694114271384460216701953032072039407997037389796019020
2026-04-21T12:05:01.502008+00:00,2026-04-21T12:15:33.276287+00:00,momentum,"Solana Up or Down - April 21, 8:05AM-8:10AM ET",UP,Up,2.0,0.52,,WIN,YES,1.8461538461538458,Up,0xef7c1735598d539f7f4aa391dae0f373b1c909cf31fce832b80100e7bd75b023,32909071079397642118234499384547000138741019142795884920813329731262012285730
2026-04-21T12:05:01.535022+00:00,2026-04-21T12:15:33.434986+00:00,momentum,"Ethereum Up or Down - April 21, 8:05AM-8:10AM ET",UP,Up,4.0,0.52,,WIN,YES,3.6923076923076916,Up,0x2315db11fc6e0d3577b07f6919edbfa17027e86e7d612302dbc407809415f0d8,113567411193572307861461098399102144339656747568186502703468755468467059597823
2026-04-21T12:10:00.999965+00:00,2026-04-21T12:21:37.175838+00:00,momentum,"Bitcoin Up or Down - April 21, 8:10AM-8:15AM ET",UP,Up,2.0,0.515,,LOSS,NO,-2.0,Down,0xb41c31d64efda343ef6232fe1173e480edb8950428be1307bf60dc117843007d,107560873992331269304777012337084439016085555047582814664362841357573604071081
2026-04-21T12:10:01.039133+00:00,2026-04-21T12:21:37.229983+00:00,momentum,"XRP Up or Down - April 21, 8:10AM-8:15AM ET",UP,Up,4.0,0.51,,LOSS,NO,-4.0,Down,0x8f026a14ed61dc4d84981e989240738bbd971aa10c2fa7c1bda2f5cf58ea60a9,4408024638673860875989080991393471373722002717814667280483717544592651455920
2026-04-21T12:10:02.170450+00:00,2026-04-21T12:21:37.401766+00:00,momentum,"Ethereum Up or Down - April 21, 8:10AM-8:15AM ET",DOWN,Down,2.0,0.54,,WIN,YES,1.7037037037037033,Down,0x5348c16fb4349dc0385f09ecb146c8115001b1139588fcdc291626dad6237c03,36114941994565130319435379103636346176812075114209284987883480492933839069435
2026-04-21T12:10:05.305233+00:00,2026-04-21T12:21:37.594710+00:00,momentum,"Solana Up or Down - April 21, 8:10AM-8:15AM ET",DOWN,Down,2.0,0.55,,WIN,YES,1.6363636363636362,Down,0x64e8fac338b300f79f8730aa15c896e4be057967a87f532cc05becdc5958e5bf,51528436290756402785840465090786523677186285099857581368560732939208313015767
2026-04-21T12:15:00.356166+00:00,2026-04-21T12:24:38.783696+00:00,momentum,"Bitcoin Up or Down - April 21, 8:15AM-8:20AM ET",UP,Up,4.0,0.53,,WIN,YES,3.547169811320754,Up,0x329a92aeacc800ede2e7753bf14d6b572708acde4bb2a5aae890f988cefd4cee,95481314471671791099710624928634876496200842754123530493672817372955367299771
2026-04-21T12:15:03.627429+00:00,2026-04-21T12:24:39.126031+00:00,momentum,"XRP Up or Down - April 21, 8:15AM-8:20AM ET",UP,Up,8.0,0.51,,WIN,YES,7.686274509803921,Up,0x21e7fe768d5a3b851bd7ddd896af522427ffc2ddb3983e992cfcea05da9093d5,98130941560639139592641663062369636132488696712918799892246806063796200659076
2026-04-21T12:15:16.105066+00:00,2026-04-21T12:24:39.326513+00:00,momentum,"Solana Up or Down - April 21, 8:15AM-8:20AM ET",DOWN,Down,2.0,0.61,,WIN,YES,1.278688524590164,Down,0xfd5d76a743211d04cecf052992e857ff3b182815fa514f00a4ae7597326f4c2a,109501230865909043661500455375853333774573154805871786923632747850425839751331
2026-04-21T12:15:00.391862+00:00,2026-04-21T12:25:38.727654+00:00,momentum,"Ethereum Up or Down - April 21, 8:15AM-8:20AM ET",UP,Up,2.0,0.53,,LOSS,NO,-2.0,Down,0x7b1b383d92b9bd4fc2ddd0a503f890fd416c53ff7c82a677bc27345d0f897de6,65390995081396921040573225655884150941361075864327658267634052090211958842281
2026-04-21T12:20:00.652704+00:00,2026-04-21T12:29:41.160424+00:00,momentum,"Solana Up or Down - April 21, 8:20AM-8:25AM ET",UP,Up,2.0,0.52,,LOSS,NO,-2.0,Down,0x3641e674d53d5c602b8a80fc99d25e56370216431efc177d2ebaad44e0b07d56,52287697030982244263622442296219908054951180116727999910764097171037180562737
2026-04-21T12:20:00.689342+00:00,2026-04-21T12:29:41.207187+00:00,momentum,"Ethereum Up or Down - April 21, 8:20AM-8:25AM ET",UP,Up,4.0,0.52,,LOSS,NO,-4.0,Down,0x712990da6ba52daea801c3033560896ef0a8d9d5a07af30cbf237f44e86717f7,22585487671250849686760577594222628822717642683778182933360420466454278149443
2026-04-21T12:20:00.784335+00:00,2026-04-21T12:30:41.736235+00:00,momentum,"Bitcoin Up or Down - April 21, 8:20AM-8:25AM ET",DOWN,Down,2.0,0.51,,WIN,YES,1.9215686274509802,Down,0x5b85eaa6c20eee77a8fcc220131bbd07fe778ebb80bbd3658840d734f45c8c12,95187051893050208866941723992559631487544821126100560380638787697643344805463
2026-04-21T12:20:00.830289+00:00,2026-04-21T12:31:41.481684+00:00,momentum,"XRP Up or Down - April 21, 8:20AM-8:25AM ET",UP,Up,2.0,0.52,,WIN,YES,1.8461538461538458,Up,0x4d253596d82d2bdcb8f95ef60bdb6fe187727d6a767f8af286ac5cae39067ee9,30461745582572478399166395242076162301595643126544884810808316832358938765898
2026-04-21T12:25:03.422894+00:00,2026-04-21T12:35:44.359440+00:00,momentum,"Bitcoin Up or Down - April 21, 8:25AM-8:30AM ET",UP,Up,2.0,0.51,,WIN,YES,1.9215686274509802,Up,0xc72c932f0b22b27a8b095421000eb707680650870126fbec30284834d031b2c0,30942089036962572360446557051838710199501184279144340409578580863042933454370
2026-04-21T12:25:03.452562+00:00,2026-04-21T12:35:44.559965+00:00,momentum,"Solana Up or Down - April 21, 8:25AM-8:30AM ET",UP,Up,4.0,0.52,,WIN,YES,3.6923076923076916,Up,0xea185c208b13255c56f35ef3edec54168d705b99a60a174b25548bdb90149677,114163046371366603400416355047613216630595212709271979679749568983182315564035
2026-04-21T12:25:00.327701+00:00,2026-04-21T12:36:44.844975+00:00,momentum,"Ethereum Up or Down - April 21, 8:25AM-8:30AM ET",UP,Up,8.0,0.54,,WIN,YES,6.814814814814813,Up,0xa91069573dfe9146747269725a995f0ce9cb150c03b1472a8106deac350084ad,55201916210213280531903453990842614159032206548655169896357661925030273682953
2026-04-21T12:25:09.972877+00:00,2026-04-21T12:36:45.059582+00:00,momentum,"XRP Up or Down - April 21, 8:25AM-8:30AM ET",UP,Up,2.0,0.55,,WIN,YES,1.6363636363636362,Up,0x616e1abcbdff42dda1abe62d33a425382643489e24811e035164e89fdcc8257c,49178997574544002793922790829467111954047212083223572553456149618508643915160
2026-04-21T12:30:00.592641+00:00,2026-04-21T12:38:46.192966+00:00,momentum,"XRP Up or Down - April 21, 8:30AM-8:35AM ET",UP,Up,2.0,0.51,,WIN,YES,1.9215686274509802,Up,0xd7873aea680de5259296a4432cdada7054a973c69cb22a362df0bf5b454a9b8c,19984923068320748554357220067714378618915039618790066583531216067596180199940
2026-04-21T12:30:02.056741+00:00,2026-04-21T12:38:46.549960+00:00,momentum,"Ethereum Up or Down - April 21, 8:30AM-8:35AM ET",UP,Up,2.0,0.53,,WIN,YES,1.773584905660377,Up,0xcadf18f506d23106a7f6d27a21269b25d848a86445e86937f716c9508ddc6331,63290158943986222043345886403400001083428896997119264677172952642628452854434
2026-04-21T12:30:01.940775+00:00,2026-04-21T12:39:46.403782+00:00,momentum,"Bitcoin Up or Down - April 21, 8:30AM-8:35AM ET",UP,Up,2.0,0.53,,WIN,YES,1.773584905660377,Up,0x0d99caffe99308d2273cf48aa129220fd3864e189953e429bb99815645906cab,23315035607971633802335075431656193344873523101922055719294398855066312877196
2026-04-21T12:30:02.152638+00:00,2026-04-21T12:39:46.584074+00:00,momentum,"Solana Up or Down - April 21, 8:30AM-8:35AM ET",UP,Up,2.0,0.53,,WIN,YES,1.773584905660377,Up,0xb06e0b7192b5621d0b44aca0554b6e54b88700a6f1c13827182b8144b174ad14,14742421551695322243682206303869951761681453396025966776361233735684251828270
2026-04-21T12:35:06.966210+00:00,2026-04-21T12:44:50.787953+00:00,momentum,"Solana Up or Down - April 21, 8:35AM-8:40AM ET",UP,Up,2.0,0.59,,LOSS,NO,-2.0,Down,0x3633710210aae07d837c1fa7abf8c6228446588d028f5f4aa2e0572484bbeb53,68135297711867386780254249066499440760822017474020402360048459672587411463954
2026-04-21T12:35:07.169370+00:00,2026-04-21T12:44:50.984438+00:00,momentum,"Bitcoin Up or Down - April 21, 8:35AM-8:40AM ET",UP,Up,2.0,0.54,,LOSS,NO,-2.0,Down,0x4a404e5db7d23c30b0a6115c4eb53488b2ef28d858e52e4b92a17c80d3fdcddd,29078379465754738949972238116719954774278203653545740418703402803602949702750
2026-04-21T12:35:10.320945+00:00,2026-04-21T12:44:51.033998+00:00,momentum,"XRP Up or Down - April 21, 8:35AM-8:40AM ET",UP,Up,2.0,0.52,,LOSS,NO,-2.0,Down,0xc65ed24eea2b9561104165bbdcf69daaaf8003fa16aae890e43f742d403050ff,82855244209397453467137194749779192451489327484788588825056080159807545989447
2026-04-21T12:35:07.064534+00:00,2026-04-21T12:45:51.715834+00:00,momentum,"Ethereum Up or Down - April 21, 8:35AM-8:40AM ET",UP,Up,2.0,0.54,,LOSS,NO,-2.0,Down,0x7537e929cd2dd13dc2dbcf0bb709c95ecda7682c3335b6094360b5a3fcaaa605,109054315139546728855476157269547755140725143933989088543654912482116157665556
2026-04-21T12:40:00.501135+00:00,2026-04-21T12:50:54.438137+00:00,momentum,"XRP Up or Down - April 21, 8:40AM-8:45AM ET",UP,Up,4.0,0.51,,LOSS,NO,-4.0,Down,0x126bf8bd97f06893f1468282bf51853f6f8099bf016c83a2578b0b10748cc0e9,48064383460411269409439628807637532389225994202805443899380777579916391832044
2026-04-21T12:40:01.620237+00:00,2026-04-21T12:50:54.485968+00:00,momentum,"Bitcoin Up or Down - April 21, 8:40AM-8:45AM ET",UP,Up,4.0,0.52,,LOSS,NO,-4.0,Down,0x7030ee49d83b4e830871135db721aa999a23983649ab82e5cc89d19e42055672,31303413374927360372603392182400720811806373936699257644047647746442757317891
2026-04-21T12:40:01.652998+00:00,2026-04-21T12:50:54.534322+00:00,momentum,"Ethereum Up or Down - April 21, 8:40AM-8:45AM ET",UP,Up,4.0,0.53,,LOSS,NO,-4.0,Down,0xda1a8ae477efee3ac7955e13e209aa62f07dff0f2a87cfde83269299807a404d,53564084014832525270029227636214312633919180295746152031331789227432049777247
2026-04-21T12:40:00.463388+00:00,2026-04-21T12:51:55.686370+00:00,momentum,"Solana Up or Down - April 21, 8:40AM-8:45AM ET",DOWN,Down,4.0,0.51,,WIN,YES,3.8431372549019605,Down,0x06a98e80f2abf71f85fc6db48ae47c2ea59f07865f7b03f4efbae218c80b5353,7375755315535444138986630540467557802679672912914085049035408172795050969858
2026-04-21T12:45:00.943100+00:00,2026-04-21T12:56:58.074556+00:00,momentum,"XRP Up or Down - April 21, 8:45AM-8:50AM ET",UP,Up,8.0,0.51,,LOSS,NO,-8.0,Down,0xaf1749fd2a8e207db1d2505c7d11f9988d96e2f90d6591f693064147ab483ca6,39084214683684211368607600919934384777802274076569679472128288154636343604131
2026-04-21T12:45:03.085498+00:00,2026-04-21T12:56:58.180677+00:00,momentum,"Bitcoin Up or Down - April 21, 8:45AM-8:50AM ET",UP,Up,8.0,0.54,,LOSS,NO,-8.0,Down,0xf4c0604b2bb6099342e037f010dd847b1f62f332bd29f2352f544429d26ca3a9,49042514218180880617618592793691479391066488530064290738697745907035004543456
2026-04-21T12:45:03.115669+00:00,2026-04-21T12:57:58.211437+00:00,momentum,"Solana Up or Down - April 21, 8:45AM-8:50AM ET",UP,Up,2.0,0.56,,LOSS,NO,-2.0,Down,0x24b63902638a39b617c80dbacadd11590f1bd4d5d05bbb07db9eae699946a38f,96476290195824783303003421148993423150354873162664920512778057332961074938443
2026-04-21T12:45:03.148118+00:00,2026-04-21T12:57:58.419408+00:00,momentum,"Ethereum Up or Down - April 21, 8:45AM-8:50AM ET",UP,Up,8.0,0.52,,WIN,YES,7.384615384615383,Up,0x66a3e8d7eed76127da625acc40e0e0617ad716194143a730d7def09452654a0d,61665994317398504513192402268742812288719024181415768598040325174170003662425
2026-04-21T12:50:00.200041+00:00,2026-04-21T12:59:59.739288+00:00,momentum,"Solana Up or Down - April 21, 8:50AM-8:55AM ET",UP,Up,4.0,0.515,,WIN,YES,3.766990291262136,Up,0xa0bd7924b8c8c3b6f967ce604ca4d9bfaa7f882a16c53d4a127cd4e4d1084195,78814500358226947665249466159319107852806250413755542710844182226349579742511
2026-04-21T12:50:00.251789+00:00,2026-04-21T12:59:59.901540+00:00,momentum,"XRP Up or Down - April 21, 8:50AM-8:55AM ET",UP,Up,16.0,0.515,,WIN,YES,15.067961165048544,Up,0xdd8a815312d81c40b191b80d30f09e0abcf5e1a7d8cd5aea260f123a28457b0b,19153186031965228747208264163017400269533109298952203984346444474433095666527
2026-04-21T12:50:02.380556+00:00,2026-04-21T13:00:00.080419+00:00,momentum,"Bitcoin Up or Down - April 21, 8:50AM-8:55AM ET",UP,Up,16.0,0.51,,WIN,YES,15.372549019607842,Up,0x68414899c368562f31d938b27719cf9742805ac058e8c6ae8814c26c8be97008,98763422433964173299414050697524039030626173561385919743513535630356333089269
2026-04-21T12:50:00.162589+00:00,2026-04-21T13:01:00.281451+00:00,momentum,"Ethereum Up or Down - April 21, 8:50AM-8:55AM ET",UP,Up,2.0,0.515,,WIN,YES,1.883495145631068,Up,0x7a312d68bc4d481e1a0ff7be7011063cb110326bbaea591592a197bf85e12bdf,61963605288819233702345441445481223448659717435108318615233818531427781109819
2026-04-21T12:55:00.834231+00:00,2026-04-21T13:06:03.142653+00:00,momentum,"Bitcoin Up or Down - April 21, 8:55AM-9:00AM ET",UP,Up,2.0,0.525,,WIN,YES,1.8095238095238093,Up,0xf9d7952116928f454edf0a3a02d83ffaf8acccefae37941cd638dad2b04bbcc7,68780332756459872695516392405845630755865221577142260156455601239519918574848
2026-04-21T12:55:00.869720+00:00,2026-04-21T13:06:03.320686+00:00,momentum,"Ethereum Up or Down - April 21, 8:55AM-9:00AM ET",UP,Up,2.0,0.515,,WIN,YES,1.883495145631068,Up,0x8006afa06d533c61f6531e49e09718d28b72922a78f71cb35f04118abcda0254,53843984780151327367877171357238918495217505680448752787086073403142810259922
2026-04-21T12:55:00.905983+00:00,2026-04-21T13:06:03.548214+00:00,momentum,"Solana Up or Down - April 21, 8:55AM-9:00AM ET",UP,Up,2.0,0.515,,WIN,YES,1.883495145631068,Up,0xe2e67b3f6d55f4dc43b73c753c10d4e466c3e4004c08ee9d05bba25912db9bc2,38997580215442369822553697483425294351733794182460206277689575681647522328611
2026-04-21T12:55:00.948348+00:00,2026-04-21T13:06:03.740044+00:00,momentum,"XRP Up or Down - April 21, 8:55AM-9:00AM ET",UP,Up,2.0,0.515,,WIN,YES,1.883495145631068,Up,0x6f5bfe7b4456877c3ec9a24a6aebace51f0dfe50033cc56d1f8871590699949c,31026923814996987646847070273955035028457410950495223505255914560070196549618
2026-04-21T13:00:01.875253+00:00,2026-04-21T13:09:03.932800+00:00,momentum,"Ethereum Up or Down - April 21, 9:00AM-9:05AM ET",UP,Up,2.0,0.59,,LOSS,NO,-2.0,Down,0xf95d7a98223506c810dbf3d04c31f92a6b2788a776da8f64c9e91813f8f5b08c,33611496386255546673966156944124312001645813204591644761344861467843397880902
2026-04-21T13:00:01.915579+00:00,2026-04-21T13:12:05.605960+00:00,momentum,"Solana Up or Down - April 21, 9:00AM-9:05AM ET",UP,Up,2.0,0.53,,LOSS,NO,-2.0,Down,0x2553cb5de092eecdc2489ba6b7a341a4f1096510420b912b2e6655d556277308,77101805885507692304570578509183518077202431724374039810156555814476089392305
2026-04-21T13:00:01.958492+00:00,2026-04-21T13:12:05.651803+00:00,momentum,"Bitcoin Up or Down - April 21, 9:00AM-9:05AM ET",UP,Up,2.0,0.6,,LOSS,NO,-2.0,Down,0xd6940ded5f55734fffd9c21b55a0094553cb89bd1e918ff29d7526709767ece4,23991278330560902321192072422014900675941451927487918682902720235487301339204
2026-04-21T13:00:02.001329+00:00,2026-04-21T13:12:05.704350+00:00,momentum,"XRP Up or Down - April 21, 9:00AM-9:05AM ET",UP,Up,2.0,0.53,,LOSS,NO,-2.0,Down,0xea9794ba26fb642ab69085600daeea40c17ec577fa28d534ba8ba7210c1bb3e1,115090994705916144328214911010598625154277628835243611007892973163295330220547
2026-04-21T13:05:00.848823+00:00,2026-04-21T13:15:07.497712+00:00,momentum,"XRP Up or Down - April 21, 9:05AM-9:10AM ET",UP,Up,4.0,0.51,,WIN,YES,3.8431372549019605,Up,0x24b55b948e717eabfe299bba920d0cbd70c82627ac7883afe454cf063926883a,64981372918329901876567575961705648278607499933999640009469067656409686488732
2026-04-21T13:05:01.960823+00:00,2026-04-21T13:15:07.689789+00:00,momentum,"Ethereum Up or Down - April 21, 9:05AM-9:10AM ET",UP,Up,4.0,0.51,,WIN,YES,3.8431372549019605,Up,0xc2ceef95c1a765e7bc069684d7494a3bb10fd2ac4d22c589725924f60ae5c99f,60333436804573541269511349167115811045617161645148401180740443002483725879194
2026-04-21T13:05:01.998455+00:00,2026-04-21T13:15:07.894536+00:00,momentum,"Bitcoin Up or Down - April 21, 9:05AM-9:10AM ET",UP,Up,4.0,0.51,,WIN,YES,3.8431372549019605,Up,0x6b0bcf9c5afeb6c39acad8eaf53ee179140728ed2f9fe044cac9e0d5dea370db,1839350119352837032321404335544136096606911418758405009403772029645038497432
2026-04-21T13:05:05.840767+00:00,2026-04-21T13:15:07.943500+00:00,momentum,"Solana Up or Down - April 21, 9:05AM-9:10AM ET",DOWN,Down,4.0,0.59,,LOSS,NO,-4.0,Up,0x716388b7b9928c5d05cde88834fb06f0c39301adfcdb4ea31bed05a10f5c7cef,37565552093300523139795859086648532514448702953154620285166198493095156624422
2026-04-21T13:10:00.459981+00:00,2026-04-21T13:21:09.679709+00:00,momentum,"XRP Up or Down - April 21, 9:10AM-9:15AM ET",UP,Up,2.0,0.51,,WIN,YES,1.9215686274509802,Up,0xa5e5dc8d0a7d3d8061d13caa4bd8dd7ce22c9a7fa2eed3682f6c78761ce4d6a7,28321449500320289841282214574600485551376869815966299711829884393175903047005
2026-04-21T13:10:01.577612+00:00,2026-04-21T13:21:09.726944+00:00,momentum,"Ethereum Up or Down - April 21, 9:10AM-9:15AM ET",UP,Up,2.0,0.54,,LOSS,NO,-2.0,Down,0xfa2d404593d8683ce2dcd31de66a817d5e18fc9dd668bbfc86221f1ff5b2cfdf,107346941277034344268338122247895736959708249667643149444325500469824975196851
2026-04-21T13:10:01.666156+00:00,2026-04-21T13:21:09.919528+00:00,momentum,"Solana Up or Down - April 21, 9:10AM-9:15AM ET",UP,Up,8.0,0.51,,LOSS,NO,-8.0,Down,0xc367ff57ef67971a5a57c8ce07b8f08bd0c42a395dfeab1262e927f744ca349f,94843795019787278718226694537023456077390631746783850755096469436455465348856
2026-04-21T13:10:01.620454+00:00,2026-04-21T13:22:10.109039+00:00,momentum,"Bitcoin Up or Down - April 21, 9:10AM-9:15AM ET",UP,Up,2.0,0.52,,LOSS,NO,-2.0,Down,0x842fad4e5ae34cb7b3603be1b1f819f6c9f7d110caa4fb87748d2e5ab2b37da6,67878903779115235203601469337309420948975556609813877245504058768280506164027
2026-04-21T13:15:02.974183+00:00,2026-04-21T13:23:11.806366+00:00,momentum,"Ethereum Up or Down - April 21, 9:15AM-9:20AM ET",UP,Up,4.0,0.54,,WIN,YES,3.4074074074074066,Up,0xcb4c4a11ca42361a7da9f701bbf0ca04db30bfe8ff5410bbcf547104ddb82cf5,65256831259314456149265699122763745203189150175242137019520867811756671150823
2026-04-21T13:15:00.447695+00:00,2026-04-21T13:24:12.074637+00:00,momentum,"XRP Up or Down - April 21, 9:15AM-9:20AM ET",UP,Up,2.0,0.515,,WIN,YES,1.883495145631068,Up,0xeea1327862d78b4803d0079a93792cfc0126399da383abf88f059671e7b1723a,17069257498370373887572351755872773673976037643014886643240087559958479001895
2026-04-21T13:15:02.911024+00:00,2026-04-21T13:24:12.275240+00:00,momentum,"Bitcoin Up or Down - April 21, 9:15AM-9:20AM ET",UP,Up,4.0,0.55,,WIN,YES,3.2727272727272725,Up,0x339b0176bf09b56c1d853e699edcd5d3eebcc056d1c6ad3b8a2096724cffc90e,25239477606365276839008413630136183724310347426725797923139616732927180175165
2026-04-21T13:15:02.940757+00:00,2026-04-21T13:25:12.865520+00:00,momentum,"Solana Up or Down - April 21, 9:15AM-9:20AM ET",UP,Up,16.0,0.56,,WIN,YES,12.57142857142857,Up,0x440b3c86272d91f15ca0857b611b78a46865203d012c41f493ee7b35aa999d15,62778887454600893348221873478948100772200452559558919026337883951577664540228
2026-04-21T13:20:02.958619+00:00,2026-04-21T13:30:15.399456+00:00,momentum,"Bitcoin Up or Down - April 21, 9:20AM-9:25AM ET",DOWN,Down,2.0,0.59,,LOSS,NO,-2.0,Up,0x22cdb45574ea39e1770285b0329a06c0769e10d162f3311372704210a94342d2,61943144118877084025526434555588382286780222995760330215863546019951196513013
2026-04-21T13:20:03.033153+00:00,2026-04-21T13:30:15.822569+00:00,momentum,"XRP Up or Down - April 21, 9:20AM-9:25AM ET",DOWN,Down,2.0,0.58,,WIN,YES,1.4482758620689657,Down,0x82edd2b885206d797eaa25654501adeb1b6bb7647db647a16eff7b9259cb1d83,3171385368569323814814445128731218045257326077045135573264799839792487753158
2026-04-21T13:20:03.110576+00:00,2026-04-21T13:30:15.901416+00:00,momentum,"Solana Up or Down - April 21, 9:20AM-9:25AM ET",DOWN,Down,2.0,0.53,,LOSS,NO,-2.0,Up,0xf7da096b94499be9caf26b4af802cccc06d8744b122ba24b326b19d03919bfac,47965751917083028443222475835253208853325837620255460087401852537465838811411
2026-04-21T13:20:02.996192+00:00,2026-04-21T13:31:15.852742+00:00,momentum,"Ethereum Up or Down - April 21, 9:20AM-9:25AM ET",DOWN,Down,2.0,0.57,,WIN,YES,1.5087719298245617,Down,0xfdf323bf2d36002bbf7a1c30412021238a0f934125427a35183411ccc911ee1d,2023942710082638937513158553889429559717442582926249023521392471816329614131
2026-04-21T13:25:00.916212+00:00,2026-04-21T13:35:18.058040+00:00,momentum,"Bitcoin Up or Down - April 21, 9:25AM-9:30AM ET",DOWN,Down,2.0,0.51,,WIN,YES,1.9215686274509802,Down,0x59b927fac73b300cd7204bcd15032b9b4227e12d9c5a3fad47c96660cbc0ed7b,76819335582232899151666812093247882882533481575332607193159561508406794292797
2026-04-21T13:25:03.033186+00:00,2026-04-21T13:36:18.033374+00:00,momentum,"Ethereum Up or Down - April 21, 9:25AM-9:30AM ET",UP,Up,2.0,0.58,,WIN,YES,1.4482758620689657,Up,0x73b080053f7b2008cf88228f0f372feb06de2bd1f2a89b71f875ce5a08b49fc5,55883564017952503594062500210571895901919287944076598797919545516993399215825
2026-04-21T13:25:03.064961+00:00,2026-04-21T13:36:18.086806+00:00,momentum,"Solana Up or Down - April 21, 9:25AM-9:30AM ET",UP,Up,4.0,0.57,,LOSS,NO,-4.0,Down,0xb10d0e422c94b4bfcef1ed89b95aea3d7091c2030b019311fb2f23f5149ac877,92061857284637770281290598544127309185600855894106181456735987036884178098544
2026-04-21T13:25:03.103460+00:00,2026-04-21T13:36:18.132253+00:00,momentum,"XRP Up or Down - April 21, 9:25AM-9:30AM ET",UP,Up,2.0,0.58,,LOSS,NO,-2.0,Down,0xe384a959d391c36e3df260978777fe44b0d8493e952b8929397c624960961396,52848640827382749312831288910631386257262581881256516290988583551305452438943
2026-04-21T13:30:04.067423+00:00,2026-04-21T13:39:20.452217+00:00,momentum,"Solana Up or Down - April 21, 9:30AM-9:35AM ET",DOWN,Down,8.0,0.53,,LOSS,NO,-8.0,Up,0xfc6e1963cbe0325a30ff0456deb6ab917d327c9e7b55e8700910b9fc76555feb,74119569532239121028282604889591836491904991037183968755877481971929257189597
2026-04-21T13:30:04.248334+00:00,2026-04-21T13:39:20.810131+00:00,momentum,"Bitcoin Up or Down - April 21, 9:30AM-9:35AM ET",DOWN,Down,2.0,0.57,,WIN,YES,1.5087719298245617,Down,0x9fb59cd4828d60b0877c63751f9b5eff529a03da748b9b0ef5100da9620f0788,87841665322848879238997253187838774747316410685942366885335337648477594670114
2026-04-21T13:30:04.328004+00:00,2026-04-21T13:39:20.988619+00:00,momentum,"XRP Up or Down - April 21, 9:30AM-9:35AM ET",DOWN,Down,4.0,0.61,,WIN,YES,2.557377049180328,Down,0xf3e2f59cbf08a7ed6751020efa49ee28d746bd34373b10928b9b8471df84ef8f,100937128131489636087710092221326311188387733064005265572996728456019470263748
2026-04-21T13:30:04.147916+00:00,2026-04-21T13:40:20.892177+00:00,momentum,"Ethereum Up or Down - April 21, 9:30AM-9:35AM ET",DOWN,Down,2.0,0.64,,WIN,YES,1.125,Down,0xbd71a68cfa44e9f74d7cb146313afcc0ba1a8a852361871145c7488e553f65f4,43810618565179466328164696973977864485459285948352243150584477949120145968225
2026-04-21T13:35:00.759660+00:00,2026-04-21T13:44:22.816155+00:00,momentum,"XRP Up or Down - April 21, 9:35AM-9:40AM ET",UP,Up,2.0,0.51,,LOSS,NO,-2.0,Down,0x07e27aefc3a548fa470ad825d2331c7c6b95c6577e503c5941e59597ff3b7659,5777400499262831519305046298442997352740384416060662954334039096826075785683
2026-04-21T13:35:02.911346+00:00,2026-04-21T13:44:22.997589+00:00,momentum,"Ethereum Up or Down - April 21, 9:35AM-9:40AM ET",DOWN,Down,2.0,0.52,,WIN,YES,1.8461538461538458,Down,0x7984efe1feeb6454062091d8e457b8daa10764a94f30bcd03275e2b34a80a90f,28897646788016312628990209517782072716042062940975278266514557960003448514563
2026-04-21T13:35:09.357691+00:00,2026-04-21T13:45:24.147053+00:00,momentum,"Bitcoin Up or Down - April 21, 9:35AM-9:40AM ET",DOWN,Down,2.0,0.54,,WIN,YES,1.7037037037037033,Down,0x13b604d41775312e23ab07e7449b16b5b228eacf48e1a6204e1ac79107271adb,65623696103340083579690766719362191314619209642297799565520887885209228780447
2026-04-21T13:35:02.943326+00:00,2026-04-21T13:46:24.839225+00:00,momentum,"Solana Up or Down - April 21, 9:35AM-9:40AM ET",UP,Up,2.0,0.51,,LOSS,NO,-2.0,Down,0x7e907dffda1a0be15ab797f8f7373e647c47bdc909b63a9dec769857770528c4,104464178120004037698700821797675495413581665231736266677346385499723837781380
2026-04-21T13:40:00.421817+00:00,2026-04-21T13:50:27.938383+00:00,momentum,"Ethereum Up or Down - April 21, 9:40AM-9:45AM ET",UP,Up,2.0,0.52,,WIN,YES,1.8461538461538458,Up,0x736bbd9a8cbf17d83c893c7617d6f05b397b457e07696799e01f1f478f791233,63253189339893416212627361528244321698225052537557577414799867130260307310106
2026-04-21T13:40:03.968764+00:00,2026-04-21T13:51:28.643310+00:00,momentum,"XRP Up or Down - April 21, 9:40AM-9:45AM ET",DOWN,Down,2.0,0.51,,LOSS,NO,-2.0,Up,0xd96e721fc8370211cbff0dc7d9f5d2bc355d897434c50cf6021cd86049447568,115546312480334132597102590861287764016386451553151327784774133143975045887752
2026-04-21T13:40:04.000274+00:00,2026-04-21T13:51:28.702525+00:00,momentum,"Solana Up or Down - April 21, 9:40AM-9:45AM ET",DOWN,Down,2.0,0.52,,LOSS,NO,-2.0,Up,0xf0a0c438e76428b9cd9a3edde25e109094bf655396f3c0f042aefa243a87759e,61201029470762566986390428839342733105871977937354516467170949260737052404923
2026-04-21T13:40:00.387048+00:00,2026-04-21T13:52:29.576571+00:00,momentum,"Bitcoin Up or Down - April 21, 9:40AM-9:45AM ET",UP,Up,2.0,0.53,,WIN,YES,1.773584905660377,Up,0x70bdc4133467682445c277aaa57a3988eb70d025d1b0b33d4e5a1650dfe414c5,26809527331377798629140167357728421983023270452929972131998997460519386765535
2026-04-21T13:45:02.858634+00:00,2026-04-21T13:53:30.335321+00:00,momentum,"Ethereum Up or Down - April 21, 9:45AM-9:50AM ET",DOWN,Down,2.0,0.51,,WIN,YES,1.9215686274509802,Down,0x7cf3ffb47c5481128d5b1dc055210257e92cb1c99e88f157bec7585cde43c262,62157050480327454784162995399752609981465657178862883748974150108958120406809
2026-04-21T13:45:02.906339+00:00,2026-04-21T13:53:30.386900+00:00,momentum,"XRP Up or Down - April 21, 9:45AM-9:50AM ET",UP,Up,8.0,0.52,,LOSS,NO,-8.0,Down,0x5be5cc223248f215d7b32afc05f968f47327f9566bcc4e845dd397896351cd22,76069221259123176361521325355908685914923915395405336742193895229342107550005
2026-04-21T13:45:06.173786+00:00,2026-04-21T13:54:30.569041+00:00,momentum,"Solana Up or Down - April 21, 9:45AM-9:50AM ET",UP,Up,8.0,0.6,,WIN,YES,5.333333333333334,Up,0xccab5b629b400181277974519b45c0504a4e5ab69f3eaa2a24a115ec73b02422,29524126804440693494705468824399916939016460589895142662872164392530878763452
2026-04-21T13:45:06.234546+00:00,2026-04-21T13:54:30.627438+00:00,momentum,"Bitcoin Up or Down - April 21, 9:45AM-9:50AM ET",UP,Up,2.0,0.59,,LOSS,NO,-2.0,Down,0x65471733cbf4cf19453d8b1e4eac65758d1f31e8e72867c9e5bc310d8f5deb92,31785651826904005220958890788400374133705600573798912991714990327484567224803
2026-04-21T13:50:03.571364+00:00,2026-04-21T13:59:32.975666+00:00,momentum,"Ethereum Up or Down - April 21, 9:50AM-9:55AM ET",DOWN,Down,2.0,0.54,,LOSS,NO,-2.0,Up,0x45c6555783ecfc4ed0a45519075c6d6f046c796c60bfae3a489ebe69fc3f224a,22731833047222905812761075789616271341787605612301772616052257049938328047974
2026-04-21T13:50:06.680750+00:00,2026-04-21T13:59:33.140220+00:00,momentum,"XRP Up or Down - April 21, 9:50AM-9:55AM ET",DOWN,Down,16.0,0.51,,WIN,YES,15.372549019607842,Down,0x5603b3af5ab4c0f5c22d1920275078a78c51c55e3f561ae2ba804ed0a62bad09,87719515763631008995410653439454540455543514144259054664048515412984817369789
2026-04-21T13:50:12.857851+00:00,2026-04-21T13:59:33.192789+00:00,momentum,"Solana Up or Down - April 21, 9:50AM-9:55AM ET",UP,Up,16.0,0.54,,LOSS,NO,-16.0,Down,0x433af1a60c6e665c8a788dd41d8a97d8917ea25a90471875d6ab43db086feff4,100940463693105254816641552839645810921978776281097103999943231036071569047767
2026-04-21T13:50:00.439050+00:00,2026-04-21T14:00:33.879523+00:00,momentum,"Bitcoin Up or Down - April 21, 9:50AM-9:55AM ET",UP,Up,4.0,0.52,,LOSS,NO,-4.0,Down,0xff57eee1914d6c0156d14cd0fabf972bbd7a09918a01bae7db436573d1e89afe,52497086798828761564215481357873506482795445735289772512403343589663597540797
2026-04-21T13:55:03.137609+00:00,2026-04-21T14:05:37.357675+00:00,momentum,"Solana Up or Down - April 21, 9:55AM-10:00AM ET",DOWN,Down,32.0,0.51,,LOSS,NO,-32.0,Up,0x4090efa0a723031c5f0cad90d49e5100ed9304558847f1ba6277da72b26a7858,33961560038398299717467659376418752444448404232049629654281761877202628041349
2026-04-21T13:55:06.275676+00:00,2026-04-21T14:05:37.567081+00:00,momentum,"XRP Up or Down - April 21, 9:55AM-10:00AM ET",UP,Up,2.0,0.54,,WIN,YES,1.7037037037037033,Up,0x3b664fa213b84403dba7291be2a11d6f5a667c350fbecea9e276ea8ed8cd9ecc,3427910154265824839177261828261995532239107793970889926231414501597440516889
2026-04-21T13:55:03.066194+00:00,2026-04-21T14:06:37.416258+00:00,momentum,"Ethereum Up or Down - April 21, 9:55AM-10:00AM ET",UP,Up,2.0,0.52,,WIN,YES,1.8461538461538458,Up,0x14ed2d3392d8eb0b6c11f11de0fc8586469684628574f8d350292dafe282731f,79876991049461672681926595773646816945635040384198077730364842527393464854006
2026-04-21T13:55:03.101321+00:00,2026-04-21T14:06:37.587049+00:00,momentum,"Bitcoin Up or Down - April 21, 9:55AM-10:00AM ET",UP,Up,8.0,0.53,,WIN,YES,7.094339622641508,Up,0xc7f4dccfd4e5fa4f5cc38eeb5a72411f12596a85ac73e29e4d7510e8ca2ea712,40983722332758315438728280712307893339780633329869131326645468659435104043592
2026-04-21T14:00:02.575172+00:00,2026-04-21T14:11:39.194591+00:00,momentum,"XRP Up or Down - April 21, 10:00AM-10:05AM ET",UP,Up,2.0,0.56,,LOSS,NO,-2.0,Down,0x1d250aa4c90a9ec1879019f083c2d82983a5d83d77c7f3bc2273829980063e47,15247057306604686771681126898170158839927175878129385128137445899884001711610
2026-04-21T14:00:02.220483+00:00,2026-04-21T14:12:39.521164+00:00,momentum,"Ethereum Up or Down - April 21, 10:00AM-10:05AM ET",UP,Up,2.0,0.55,,LOSS,NO,-2.0,Down,0xa74bd14b57871f1db6498814decc2916bbfa670b4a7cee291ce98590c0a57c06,67263009542163896028025336807917993615740145920416966883089094818216612430658
2026-04-21T14:00:02.389958+00:00,2026-04-21T14:12:39.580387+00:00,momentum,"Bitcoin Up or Down - April 21, 10:00AM-10:05AM ET",UP,Up,2.0,0.59,,LOSS,NO,-2.0,Down,0xd50e846cf6d6bc07ef23621a2d77fa8a7da3db5db96a65037308f5c3e65b7c97,63728986803416113073982821966479658144117000869257026668525436562380754488641
2026-04-21T14:00:02.478342+00:00,2026-04-21T14:12:39.783823+00:00,momentum,"Solana Up or Down - April 21, 10:00AM-10:05AM ET",DOWN,Down,64.0,0.52,,WIN,YES,59.076923076923066,Down,0xe3bc875aa80e9f581573fecca4d4f730b1a77d2709d57c0e22c4d59aa337ef6c,108441643839753488774748252567057301727905736939580384251060736540335478898202
2026-04-21T14:05:00.557167+00:00,2026-04-21T14:14:40.397492+00:00,momentum,"Solana Up or Down - April 21, 10:05AM-10:10AM ET",DOWN,Down,2.0,0.52,,LOSS,NO,-2.0,Up,0xdb921add7931e3d9ff726014abc2636813429728c671880a7876fdeb873ce2d6,87115809531260443988130509936791309651464378510830871350251769973508219188591
2026-04-21T14:05:00.593381+00:00,2026-04-21T14:14:40.624523+00:00,momentum,"Ethereum Up or Down - April 21, 10:05AM-10:10AM ET",UP,Up,4.0,0.51,,WIN,YES,3.8431372549019605,Up,0x02b8a69a9dadcefa9b9046631840795b201ba9cdd4537ca954c3ff0ccaa6dba8,110865627049381981996487760486831585107008387380997688263009959834068879288929
2026-04-21T14:05:06.808201+00:00,2026-04-21T14:14:40.870623+00:00,momentum,"Bitcoin Up or Down - April 21, 10:05AM-10:10AM ET",DOWN,Down,4.0,0.56,,LOSS,NO,-4.0,Up,0x2208217e66cc24bab462e98ff38c741d0b25373b2efd29ac5d03ce584167d1ab,31248429797772294102625253129598516690356442967079515895303689688020914541539
2026-04-21T14:05:03.697465+00:00,2026-04-21T14:16:42.118504+00:00,momentum,"XRP Up or Down - April 21, 10:05AM-10:10AM ET",DOWN,Down,4.0,0.52,,WIN,YES,3.6923076923076916,Down,0x6dcb5c0ddf6b687d4bfe22fa982c861f21b2e8f6acfbc491cbd9677f29522fe7,82971756927772620736290403633527242342542609416857931150696944659408445097671
2026-04-21T14:10:11.174465+00:00,2026-04-21T14:20:44.854908+00:00,momentum,"XRP Up or Down - April 21, 10:10AM-10:15AM ET",DOWN,Down,2.0,0.6,,WIN,YES,1.3333333333333335,Down,0x6652cea33f99fbb0267d7c5ac177e3ef069a1be24252b59e628ca50dcf5b4e4e,68686778670742622273179450144300029618449185087468922110959849354235614371082
2026-04-21T14:10:00.635513+00:00,2026-04-21T14:21:44.733045+00:00,momentum,"Bitcoin Up or Down - April 21, 10:10AM-10:15AM ET",UP,Up,8.0,0.515,,LOSS,NO,-8.0,Down,0x28009c3ba01ff9952a204d2fbcb81c2c6e684323ad3cc0c5592227a78bf8fb57,108361216919689499609655881874828737005158856761169473430679073361204248422435
2026-04-21T14:10:01.915715+00:00,2026-04-21T14:21:44.911493+00:00,momentum,"Ethereum Up or Down - April 21, 10:10AM-10:15AM ET",DOWN,Down,2.0,0.51,,WIN,YES,1.9215686274509802,Down,0x15af48939b0eed176c48585ec4c2b2a89fb7608d2cde63d3bf2cb4b5aef0c82d,105002967632152302657277393004053051127783100828933153427082760413876572382406
2026-04-21T14:10:11.210445+00:00,2026-04-21T14:21:45.110201+00:00,momentum,"Solana Up or Down - April 21, 10:10AM-10:15AM ET",DOWN,Down,4.0,0.64,,WIN,YES,2.25,Down,0xf07562138cf44f1a71b5f7d16e44b17f24d3cd23bdf6d59326ecd6a3f0644639,60370323257170301839520634272056506227448074180254886308856537494226873210237
2026-04-21T14:15:01.277558+00:00,2026-04-21T14:26:47.331438+00:00,momentum,"Bitcoin Up or Down - April 21, 10:15AM-10:20AM ET",UP,Up,16.0,0.58,,WIN,YES,11.586206896551726,Up,0x5e34a2c3be447bba9b389f41cbab46fb86a576bd9026c50e7a31c26a7b950d48,52392532369155717488629316927382265592448565177710244938995948829911740835114
2026-04-21T14:15:04.557320+00:00,2026-04-21T14:26:47.873024+00:00,momentum,"Solana Up or Down - April 21, 10:15AM-10:20AM ET",UP,Up,2.0,0.59,,WIN,YES,1.3898305084745766,Up,0xd249a078c35b830c4eb5b1899864f6ea00ab0e5b0ec8374dbc6f113977ea6fd7,66603359440232020345727729740219717134751307414200855670170234673127867241383
2026-04-21T14:15:01.311716+00:00,2026-04-21T14:27:47.681216+00:00,momentum,"Ethereum Up or Down - April 21, 10:15AM-10:20AM ET",UP,Up,2.0,0.57,,WIN,YES,1.5087719298245617,Up,0xcd2a6399b9239de937157a1003a72b320e3bf3b28fbc809d4f16196419165904,29317663916933715686876189194938222353097204685964832118357096773673024782847
2026-04-21T14:15:01.348081+00:00,2026-04-21T14:27:47.854229+00:00,momentum,"XRP Up or Down - April 21, 10:15AM-10:20AM ET",UP,Up,2.0,0.52,,WIN,YES,1.8461538461538458,Up,0x8f41c558d89e358533d9c6d2773766e4f16b13290ce647f31c95feb73cbc327c,112394747530441239355545074409013281885717747338893606732147158317073645322085
2026-04-21T14:20:01.237426+00:00,2026-04-21T14:29:49.050048+00:00,momentum,"Bitcoin Up or Down - April 21, 10:20AM-10:25AM ET",DOWN,Down,2.0,0.53,,WIN,YES,1.773584905660377,Down,0x0edd981110ec625684ae175b4704b6d75d6458744396656f99b6a0a05a3a4547,108535837936720435710856515827594764551934580397346339526237568625472656468616
2026-04-21T14:20:01.284124+00:00,2026-04-21T14:29:49.215874+00:00,momentum,"Ethereum Up or Down - April 21, 10:20AM-10:25AM ET",DOWN,Down,2.0,0.51,,WIN,YES,1.9215686274509802,Down,0x92e407815d678c1c2a015c7af041a100f38ef2c890a31a480d9a16d9713ecb93,35099324865035106482102132401732224888990462696046436379176435747002030471611
2026-04-21T14:20:01.359381+00:00,2026-04-21T14:29:49.381107+00:00,momentum,"XRP Up or Down - April 21, 10:20AM-10:25AM ET",DOWN,Down,2.0,0.52,,WIN,YES,1.8461538461538458,Down,0x92e323366f5d53ac13552afead6cd2cd336bda8311bd9c3f7088ed2e63090023,13778199097670186688321897150865806148276638620062861637441958594802516002351
2026-04-21T14:20:01.430199+00:00,2026-04-21T14:30:49.407092+00:00,momentum,"Solana Up or Down - April 21, 10:20AM-10:25AM ET",DOWN,Down,2.0,0.53,,LOSS,NO,-2.0,Up,0x2417dfc2024ec251442e8694cbe2746621e0fa314db590f82a1dc75c27f61383,3854161107044441160551722471591509305871317386122827823971316151000550075274
2026-04-21T14:25:01.021851+00:00,2026-04-21T14:35:53.587996+00:00,momentum,"Bitcoin Up or Down - April 21, 10:25AM-10:30AM ET",DOWN,Down,2.0,0.52,,LOSS,NO,-2.0,Up,0x07f96d3be3fc594aa2ca8c2a3a92defa5459d156b920ebbeecf1b9bbdcb68e81,55484881470896498937235035231070412932926554647973570097312569082622000647925
2026-04-21T14:25:02.060624+00:00,2026-04-21T14:35:53.639225+00:00,momentum,"Ethereum Up or Down - April 21, 10:25AM-10:30AM ET",DOWN,Down,2.0,0.54,,LOSS,NO,-2.0,Up,0x03e58c74dc3aeac2867819090f954de8a53cd8ea43a7982a25e62bf5f1d571d6,62580152452618374412136011694117534413531790656290432460098693245359132579867
2026-04-21T14:25:00.987359+00:00,2026-04-21T14:36:53.190711+00:00,momentum,"Solana Up or Down - April 21, 10:25AM-10:30AM ET",DOWN,Down,2.0,0.52,,LOSS,NO,-2.0,Up,0x405d46d9da2d0f8508e2eb96fcc7f3d759944e43256f5eb8770a0c5aac3917d5,106408731642753468404155675049309200979807017825840628795802101340728372608366
2026-04-21T14:25:02.100810+00:00,2026-04-21T14:36:53.241504+00:00,momentum,"XRP Up or Down - April 21, 10:25AM-10:30AM ET",DOWN,Down,2.0,0.51,,LOSS,NO,-2.0,Up,0x4fa2045c03f5edea29d82e7f8a517f0dce5f68757a9611e32f61a7b2e97e94a5,59411754816968351635205680885983944744403946252151290811511774523643182399739
2026-04-21T14:30:00.649922+00:00,2026-04-21T14:38:53.975056+00:00,momentum,"Solana Up or Down - April 21, 10:30AM-10:35AM ET",DOWN,Down,2.0,0.53,,LOSS,NO,-2.0,Up,0xf15eb81ed4da1f640bce90818288d4027678888e165ab9f7c203491447847390,44455272139339388512476865656535063725106899444812264331278824275548106303526
2026-04-21T14:30:04.011376+00:00,2026-04-21T14:38:54.192640+00:00,momentum,"Ethereum Up or Down - April 21, 10:30AM-10:35AM ET",DOWN,Down,4.0,0.52,,LOSS,NO,-4.0,Up,0xbbced60883d87b4fbf70d58625c1ba5282fbe3550d3cb6ba1faadc9353d0e1fc,21580708440134414077410047313871030621035960493155631010980878970465621499943
2026-04-21T14:30:04.169903+00:00,2026-04-21T14:38:54.243396+00:00,momentum,"XRP Up or Down - April 21, 10:30AM-10:35AM ET",DOWN,Down,4.0,0.51,,LOSS,NO,-4.0,Up,0x78bc75c2015daf734a58412e818879caa8377098cd9298a95072677acdd98d48,45453654353690504777879312337769588742935248825524134112105622965975142047931
2026-04-21T14:30:00.696153+00:00,2026-04-21T14:39:54.905677+00:00,momentum,"Bitcoin Up or Down - April 21, 10:30AM-10:35AM ET",UP,Up,4.0,0.51,,WIN,YES,3.8431372549019605,Up,0x411df3895ab25f203821a8e14db0125659d502ca03c6c237d4fc17aa624441eb,74885733118838241151965376431557281449781891436875418489791055997560103163674
2026-04-21T14:35:00.803350+00:00,2026-04-21T14:44:56.040976+00:00,momentum,"Solana Up or Down - April 21, 10:35AM-10:40AM ET",DOWN,Down,4.0,0.52,,LOSS,NO,-4.0,Up,0x42515c9f25f30bb3a91728b8175487b9386758481dc517d6a0608f53b5fea5d7,52608176197347552517217453176717607533351695431177747104385256740934574674235
2026-04-21T14:35:00.764746+00:00,2026-04-21T14:45:56.815445+00:00,momentum,"Ethereum Up or Down - April 21, 10:35AM-10:40AM ET",UP,Up,4.0,0.52,,WIN,YES,3.6923076923076916,Up,0x27023e2f933be6f1c22691eec3d3c0e4aa9b0e474a1f0d46e1414c8ecbc47929,91348542423814712997055243967524228669636247422331409132690429442109070210269
2026-04-21T14:35:03.969624+00:00,2026-04-21T14:45:56.967803+00:00,momentum,"Bitcoin Up or Down - April 21, 10:35AM-10:40AM ET",UP,Up,2.0,0.54,,WIN,YES,1.7037037037037033,Up,0xad4cf85b872750c3ccb0b1c978e1207b4192174daf389c8ee7a95cc0b765bfb5,73110100297726694909481621405248962188591784356672679387454342648273909622791
2026-04-21T14:35:04.002934+00:00,2026-04-21T14:45:57.137632+00:00,momentum,"XRP Up or Down - April 21, 10:35AM-10:40AM ET",UP,Up,8.0,0.53,,WIN,YES,7.094339622641508,Up,0x8d810a1adf87259f7d9ed6b11f01b8cb801722c150fd8b4f260ffe5e777f9944,94238246226268731410770928953746117253272639403343048539371232396187089727027
2026-04-21T14:40:02.719125+00:00,2026-04-21T14:51:00.798532+00:00,momentum,"Bitcoin Up or Down - April 21, 10:40AM-10:45AM ET",DOWN,Down,2.0,0.52,,LOSS,NO,-2.0,Up,0xc9fe21a87e3f920749e01c9c99e24b52b5541e036bd14240840d9a2a05fe27e4,23398435479986909852304361350395822962583811605250041890136043454936723662722
2026-04-21T14:40:02.754072+00:00,2026-04-21T14:51:00.850710+00:00,momentum,"Solana Up or Down - April 21, 10:40AM-10:45AM ET",DOWN,Down,8.0,0.53,,LOSS,NO,-8.0,Up,0x98c1b03a95fdfe30bad5b13e458607953d2846b9c2adefe84fea9eac59cd83f2,92150510731120991856391293773066186298987719339861187541273794301409425988297
2026-04-21T14:40:02.790879+00:00,2026-04-21T14:52:01.171610+00:00,momentum,"Ethereum Up or Down - April 21, 10:40AM-10:45AM ET",DOWN,Down,2.0,0.52,,LOSS,NO,-2.0,Up,0xc53e855702ae0cb224ff45371c201daa97fbe91bcd4f4d7db07dcf9abbacf5df,21248621615066805740547565319154858375073500461212681075972409810498437649580
2026-04-21T14:40:02.828581+00:00,2026-04-21T14:52:01.225122+00:00,momentum,"XRP Up or Down - April 21, 10:40AM-10:45AM ET",DOWN,Down,2.0,0.51,,LOSS,NO,-2.0,Up,0xd970afa506914ece014dfb248c09f0d694154f8ed4dc41d485dad4feadc11173,91648278136759100574260974425588137051472076337792824605234034651545021843018
2026-04-21T14:45:02.266436+00:00,2026-04-21T14:54:01.817404+00:00,momentum,"Bitcoin Up or Down - April 21, 10:45AM-10:50AM ET",DOWN,Down,4.0,0.54,,WIN,YES,3.4074074074074066,Down,0x7d706bd501d77eb4f46452466d1b43ce2f7a3461ddccbc79841fd3626ef28873,57072273068719394587437561906476618725927263201017976507794279825562555516538
2026-04-21T14:45:02.305640+00:00,2026-04-21T14:54:02.163361+00:00,momentum,"Solana Up or Down - April 21, 10:45AM-10:50AM ET",DOWN,Down,16.0,0.53,,WIN,YES,14.188679245283016,Down,0x84962c078b0810f1ba5f6c7714ceb292467bb534445b216cb33d209c72f93a8f,107706066712605931827454301440363733378590406614425451988819584649676932905231
2026-04-21T14:45:02.346655+00:00,2026-04-21T14:54:02.648073+00:00,momentum,"Ethereum Up or Down - April 21, 10:45AM-10:50AM ET",DOWN,Down,2.0,0.52,,WIN,YES,1.8461538461538458,Down,0xd9ecc27a64d5bc487df5e64df58e1b0157404a29b11eb579a9b4bc126ab4595e,59075201126789880770008680035534691916673487532502968858852475622940637891635
2026-04-21T14:45:02.390843+00:00,2026-04-21T14:55:02.124577+00:00,momentum,"XRP Up or Down - April 21, 10:45AM-10:50AM ET",DOWN,Down,4.0,0.51,,WIN,YES,3.8431372549019605,Down,0x46cd556610e062148e596cfe5e65eb2d0f4fe2f8ed5d6dc504a80e8fb75678e0,78431644131149514086617419857212703646006498527354849382171970420485697752354
2026-04-21T14:50:02.497025+00:00,2026-04-21T14:59:05.238330+00:00,momentum,"Solana Up or Down - April 21, 10:50AM-10:55AM ET",DOWN,Down,2.0,0.54,,LOSS,NO,-2.0,Up,0x2d630aa6587dc251879970e0913fa9787bda0c66fdf4043df4a6622285097839,13053920996158888571116200120469410619872611364333884969818710542561211041490
2026-04-21T14:50:02.429323+00:00,2026-04-21T15:00:06.242398+00:00,momentum,"Bitcoin Up or Down - April 21, 10:50AM-10:55AM ET",DOWN,Down,2.0,0.57,,WIN,YES,1.5087719298245617,Down,0x8e18d4753557e53815763703641aab459d9fd2fb0cc8bbacafa9d8ebf580b8ef,53725777589723854044432930267768944555443185262391042664341248178490732261150
2026-04-21T14:50:02.462232+00:00,2026-04-21T15:00:06.472838+00:00,momentum,"Ethereum Up or Down - April 21, 10:50AM-10:55AM ET",DOWN,Down,2.0,0.54,,WIN,YES,1.7037037037037033,Down,0x46443d6cd353b51a6a4d75fd14913c7352fea27b1af13221b03682f64e32739b,97607767632849790621280570912627579301988672195628604014264190428696184360836
2026-04-21T14:50:03.533624+00:00,2026-04-21T15:01:06.610735+00:00,momentum,"XRP Up or Down - April 21, 10:50AM-10:55AM ET",DOWN,Down,2.0,0.52,,WIN,YES,1.8461538461538458,Down,0xa94ddd0072466b3c28bd119973354401b6b175df649604c52a13cc42e628422d,11178861284769359375319710878244513681419326369291322077994355020108517141185
2026-04-21T14:55:04.508996+00:00,2026-04-21T15:05:08.704442+00:00,momentum,"XRP Up or Down - April 21, 10:55AM-11:00AM ET",DOWN,Down,2.0,0.64,,WIN,YES,1.125,Down,0x58e5c77ff7c67c273c90ffa2e2969cf658ac58fd9ed503aae0c2012bab0b89fa,87482733637088261115250787293994053670344725679373881216730084724607040593176
2026-04-21T14:55:04.023429+00:00,2026-04-21T15:06:08.483857+00:00,momentum,"Bitcoin Up or Down - April 21, 10:55AM-11:00AM ET",DOWN,Down,2.0,0.62,,WIN,YES,1.2258064516129035,Down,0x64071d1f7806e4590bf64e1b54de2f8f7f20e757296c225efe724e6054d25817,21675258415109562614174203661297601128743984457509702410760298349614928724260
2026-04-21T14:55:04.151123+00:00,2026-04-21T15:06:08.677102+00:00,momentum,"Solana Up or Down - April 21, 10:55AM-11:00AM ET",DOWN,Down,4.0,0.64,,WIN,YES,2.25,Down,0x551d30dd966ed022745fb42dd686347bdf89dd2e6dc296d81dfc2ba8ddf99d49,1263627818820991095997733527809615652934516197991425453920069184680426464897
2026-04-21T14:55:04.364011+00:00,2026-04-21T15:06:08.848819+00:00,momentum,"Ethereum Up or Down - April 21, 10:55AM-11:00AM ET",DOWN,Down,2.0,0.59,,WIN,YES,1.3898305084745766,Down,0xcbfb79d9720bfcf39bcda3b32b806c32d76f1b350954efd73b53435051d4f937,32693799734701624237759441457963915621970306670539533822159181960760921667433
2026-04-21T15:00:02.734765+00:00,2026-04-21T15:08:10.272524+00:00,momentum,"Ethereum Up or Down - April 21, 11:00AM-11:05AM ET",UP,Up,2.0,0.59,,LOSS,NO,-2.0,Down,0x73bbb6ff7d78701c8b41df9d7b1f2a81783c0bd23cf049c327d02e5a3f2c3024,37514681097788254657445982570281493146245881840844188427067045074010283337188
2026-04-21T15:00:02.778506+00:00,2026-04-21T15:08:10.322492+00:00,momentum,"Bitcoin Up or Down - April 21, 11:00AM-11:05AM ET",UP,Up,2.0,0.58,,LOSS,NO,-2.0,Down,0x0f56c253740bd9d4a7aa952e8e1f9f1b02dea62a467ade2a84e2add729bf898b,5783807981959559959808901882911391690977347722741313507995154845828656752696
2026-04-21T15:00:02.656545+00:00,2026-04-21T15:09:09.415991+00:00,momentum,"XRP Up or Down - April 21, 11:00AM-11:05AM ET",UP,Up,2.0,0.56,,LOSS,NO,-2.0,Down,0xa325b95f660ae7204ff5f53cf4c4e31ecf9c6ddd634022bab88f079fdd380f1d,75717664858385600354303599713333050302223267299840977076549849138603318985556
2026-04-21T15:00:02.693752+00:00,2026-04-21T15:09:09.609134+00:00,momentum,"Solana Up or Down - April 21, 11:00AM-11:05AM ET",UP,Up,2.0,0.53,,WIN,YES,1.773584905660377,Up,0x0ef664f8818995dcff4aebbe284cbaced4394fc292a3a5b1ff53b0e57aa75d9a,26993283600002766372486397058742967880886657614898125782480631410309462810658
2026-04-21T15:05:01.717412+00:00,2026-04-21T15:14:12.162682+00:00,momentum,"Solana Up or Down - April 21, 11:05AM-11:10AM ET",UP,Up,2.0,0.51,,WIN,YES,1.9215686274509802,Up,0xe53281e3b459a9f8be273870725d2b319ad8b9d79754667a4b9c6f14b8e9179f,87151209687788090231735419332748076422810738175220634301760749847420886627965
2026-04-21T15:05:01.598499+00:00,2026-04-21T15:15:13.271254+00:00,momentum,"Bitcoin Up or Down - April 21, 11:05AM-11:10AM ET",UP,Up,4.0,0.53,,WIN,YES,3.547169811320754,Up,0xec0628c545e959f4b7da3a33ca9bd2806ca1788b72ab9ed008dcfc0daeef274a,91887530356361667394033836233326222722332251093849353369921679140778417009863
2026-04-21T15:05:01.651795+00:00,2026-04-21T15:15:13.481066+00:00,momentum,"Ethereum Up or Down - April 21, 11:05AM-11:10AM ET",UP,Up,4.0,0.54,,WIN,YES,3.4074074074074066,Up,0x1a399ad84850852ae1686782e77f5c4382b37a0a3902301e7350f1ba89ad9462,98675383230468392037826863340289840535991200167628886941303814506173825497536
2026-04-21T15:05:04.846296+00:00,2026-04-21T15:15:13.530542+00:00,momentum,"XRP Up or Down - April 21, 11:05AM-11:10AM ET",UP,Up,4.0,0.55,,LOSS,NO,-4.0,Down,0x1f775344b5f98a6f12a834bad33dbcfcdf74fb0361634815a07308809a7c15a2,107502415638080584025637182681476267108762234221217477479527042421605191162526
2026-04-21T15:10:00.370492+00:00,2026-04-21T15:20:16.005526+00:00,momentum,"Ethereum Up or Down - April 21, 11:10AM-11:15AM ET",UP,Up,2.0,0.51,,WIN,YES,1.9215686274509802,Up,0xc7a461a4950c7661990ca624aa241a0e15d6ac1aa555691d137b3bf677299998,36010922990608892645568651411466398967297892371286097844159450455688932963663
2026-04-21T15:10:01.792348+00:00,2026-04-21T15:20:16.525654+00:00,momentum,"XRP Up or Down - April 21, 11:10AM-11:15AM ET",UP,Up,8.0,0.55,,WIN,YES,6.545454545454545,Up,0xa0ef5bfb06a2a23321e0e17169b1c296de673f9b7b61091abdf3390ab511698c,92821970038359087328363095329038979298818158385198659237704654377120716290294
2026-04-21T15:10:01.695946+00:00,2026-04-21T15:21:16.439951+00:00,momentum,"Bitcoin Up or Down - April 21, 11:10AM-11:15AM ET",UP,Up,2.0,0.52,,WIN,YES,1.8461538461538458,Up,0x4327b6b82f0a560ac3fb1ea369f025ae28018ecad5fd3b98f2367060326dc9f1,180142633094060697177904527402236317877359479646161983231471254909198553317
2026-04-21T15:10:01.743934+00:00,2026-04-21T15:21:16.606253+00:00,momentum,"Solana Up or Down - April 21, 11:10AM-11:15AM ET",UP,Up,2.0,0.57,,WIN,YES,1.5087719298245617,Up,0x15324fc833e6db727620386a391af42669a06597babba1b523e0bbfd0a330ac7,93897262310832932236366432029308110995581827131112574187561605047345842395552
2026-04-21T15:15:00.480337+00:00,2026-04-21T15:24:18.837657+00:00,momentum,"Bitcoin Up or Down - April 21, 11:15AM-11:20AM ET",UP,Up,2.0,0.515,,WIN,YES,1.883495145631068,Up,0x23d484eac15761f5bafacdf27b7d9b67cbf764c0ac33c6d223f26be99d57033b,27402688141922680816827783521391139367783546484669501915248335028929163087149
2026-04-21T15:15:00.521896+00:00,2026-04-21T15:25:19.072700+00:00,momentum,"XRP Up or Down - April 21, 11:15AM-11:20AM ET",UP,Up,2.0,0.51,,WIN,YES,1.9215686274509802,Up,0x6e286de9ab96a264408a15c1ea00cdb94d55a9a1f6328ef2a3f0bf92af688477,6963343326853371328221423326933893523137695650444732734051539393504424216908
2026-04-21T15:15:01.704050+00:00,2026-04-21T15:25:19.253205+00:00,momentum,"Ethereum Up or Down - April 21, 11:15AM-11:20AM ET",UP,Up,2.0,0.51,,WIN,YES,1.9215686274509802,Up,0x4ae26542638ca4fb68eb8b000988df6ae4081ffc31a31ee617499b12bf4758ae,115218580091657717989172933438744928555815753993526759530114485243716715287119
2026-04-21T15:15:04.984316+00:00,2026-04-21T15:25:19.463808+00:00,momentum,"Solana Up or Down - April 21, 11:15AM-11:20AM ET",UP,Up,2.0,0.58,,WIN,YES,1.4482758620689657,Up,0x1c02c1b025ed4da9fec189b4fee8042cb2548e0598d2aed94712f7ec0f658475,71269401014742703365867053654823296480882725336909149398496278868224471956794
2026-04-21T15:20:00.460141+00:00,2026-04-21T15:30:21.663253+00:00,momentum,"Bitcoin Up or Down - April 21, 11:20AM-11:25AM ET",DOWN,Down,2.0,0.52,,WIN,YES,1.8461538461538458,Down,0x4725e37a64f588e4bb8bedb238e244d800597c592c5d4ef329ce05c208a92f57,80803228318655844504887511983268163276047170912604624988840217849137237176386
2026-04-21T15:20:00.628003+00:00,2026-04-21T15:30:21.829890+00:00,momentum,"Ethereum Up or Down - April 21, 11:20AM-11:25AM ET",DOWN,Down,2.0,0.51,,WIN,YES,1.9215686274509802,Down,0xdf056385d4f5fc9a75ff216c25d6053f1b7b637ec5ccc52e4d3fd6382bfceb74,25485649605684392812303615565691431650102833928420295308962775653206017653432
2026-04-21T15:20:03.869373+00:00,2026-04-21T15:30:21.985131+00:00,momentum,"XRP Up or Down - April 21, 11:20AM-11:25AM ET",DOWN,Down,2.0,0.51,,WIN,YES,1.9215686274509802,Down,0x56cfaf902bc5109f73290a883f4047b336e8082e0cbde57c90c6f4403aa05ced,97950966137028545293559103106870091521341888120153589597342014607323209668480
2026-04-21T15:20:13.598078+00:00,2026-04-21T15:30:22.152713+00:00,momentum,"Solana Up or Down - April 21, 11:20AM-11:25AM ET",DOWN,Down,4.0,0.59,,WIN,YES,2.779661016949153,Down,0xdd118b78bee5c03843608bd16e64d194a84c09addbd2e4b84b5e188691acf630,38487603923148596575794916358794782667872796761322568909391389567655264298679
2026-04-21T15:25:03.160794+00:00,2026-04-21T15:35:23.349319+00:00,momentum,"Ethereum Up or Down - April 21, 11:25AM-11:30AM ET",UP,Up,2.0,0.51,,LOSS,NO,-2.0,Down,0x8aad9d906cf765a047886e22031bc6fb44b17a9ce6a580ce69c23749e896fe16,84798410683753089133758454742501244799277133483978500157457786078633102161674
2026-04-21T15:25:03.226290+00:00,2026-04-21T15:36:23.670971+00:00,momentum,"Solana Up or Down - April 21, 11:25AM-11:30AM ET",UP,Up,2.0,0.52,,LOSS,NO,-2.0,Down,0x20dc94a1c7f550f6c6cd00246f7d35c93e101cf519b62b57dcfe9cdd2f26dce5,36753115213504909630448384148381891528591330041483091188836230277499262330358
2026-04-21T15:25:00.939175+00:00,2026-04-21T15:37:23.187585+00:00,momentum,"XRP Up or Down - April 21, 11:25AM-11:30AM ET",UP,Up,2.0,0.51,,LOSS,NO,-2.0,Down,0x4b44315cf5c6130f5d50bbdd026c94e2da434fe7b872c73d6a540f4df05c5a35,8999152700951849484105998146460253256275846521109646154064260783966627677197
2026-04-21T15:25:02.119511+00:00,2026-04-21T15:37:23.238575+00:00,momentum,"Bitcoin Up or Down - April 21, 11:25AM-11:30AM ET",UP,Up,2.0,0.51,,LOSS,NO,-2.0,Down,0x1da1fbeca8a3332e6fb12fd2238b490efc6087ddc8138d3d32138fbce3f21383,115713442744127102469032552492256941123279142729345085260155499479764913204426
2026-04-21T15:30:00.518132+00:00,2026-04-21T15:38:23.358463+00:00,momentum,"Bitcoin Up or Down - April 21, 11:30AM-11:35AM ET",UP,Up,4.0,0.52,,LOSS,NO,-4.0,Down,0xc4f1cdb8cbb37d4f9e14cc1925c4ba93e9f19353b06105a99f01c962905af4af,29998273042107262282604236323573295744222866650276255773698759048385048447513
2026-04-21T15:30:03.726585+00:00,2026-04-21T15:38:23.586932+00:00,momentum,"Solana Up or Down - April 21, 11:30AM-11:35AM ET",UP,Up,4.0,0.51,,LOSS,NO,-4.0,Down,0xe9f2789f3295c57760f6fbcad395cc73b7aa31260c0ca5ba0e7162b71361e340,99742527295486670742835333156973869648904377014719877669900086177687665628237
2026-04-21T15:30:00.566391+00:00,2026-04-21T15:39:24.040508+00:00,momentum,"Ethereum Up or Down - April 21, 11:30AM-11:35AM ET",UP,Up,4.0,0.52,,LOSS,NO,-4.0,Down,0x7fe8bfea1ffae5bca52a4cbaad18728423c1df254d0d07912e6a84d80a253def,71497092789157877201806031403284344151081933176617091979605559634074069131904
2026-04-21T15:30:03.764515+00:00,2026-04-21T15:39:24.094524+00:00,momentum,"XRP Up or Down - April 21, 11:30AM-11:35AM ET",UP,Up,4.0,0.51,,LOSS,NO,-4.0,Down,0xa4b3f9a32e502746497c15a2b31a0e5237dbdc3a159d89c5cb89aab5ec309fe6,102102362215822982165756985583222681187387509576430410421377437919215007905944
2026-04-21T15:35:01.291264+00:00,2026-04-21T15:44:26.605825+00:00,momentum,"Bitcoin Up or Down - April 21, 11:35AM-11:40AM ET",UP,Up,8.0,0.99,,WIN,YES,0.08080808080808133,Up,0xc3a4ebd7c575f4951120335c9f2c5174bf94edaaac0b7efa3beb21828c0de5c3,22976692538818608749614164221690966524185711008491332241213225370787356618818
2026-04-21T15:35:01.361473+00:00,2026-04-21T15:44:26.793558+00:00,momentum,"Ethereum Up or Down - April 21, 11:35AM-11:40AM ET",UP,Up,8.0,0.54,,WIN,YES,6.814814814814813,Up,0xdf3a9dc29c8d066845ad251cc27a519e2f2af08423d83c9dc288fd2ea980eb3d,4619221717961778294814070540121340346435702243168485418514614311181604205356
2026-04-21T15:35:00.250469+00:00,2026-04-21T15:45:27.232499+00:00,momentum,"XRP Up or Down - April 21, 11:35AM-11:40AM ET",UP,Up,2.0,0.51,,WIN,YES,1.9215686274509802,Up,0x1609ea71f952a0f61bac96753239e6790f6ff197a3eade93b9db93635a0ac709,13950752785346716801677168191354680140564759059868147159512147398572900270234
2026-04-21T15:35:01.451342+00:00,2026-04-21T15:45:27.399905+00:00,momentum,"Solana Up or Down - April 21, 11:35AM-11:40AM ET",UP,Up,8.0,0.53,,WIN,YES,7.094339622641508,Up,0xcce03bd519f62068834ebd10c38b5b620d27af7f5520ec345ffa960ebe3ba21c,98556133601393334026597433430605141777878677931721872868482971036119772146367
2026-04-21T15:40:00.238219+00:00,2026-04-21T15:51:31.602938+00:00,momentum,"XRP Up or Down - April 21, 11:40AM-11:45AM ET",UP,Up,2.0,0.51,,LOSS,NO,-2.0,Down,0x532c57a130d544627e7fcdcf14338bcc03a3a341c7675dd2d8f8449669e79d95,73893397249041034540624759357102199164303305183583331755421511270833091929689
2026-04-21T15:40:02.578500+00:00,2026-04-21T15:51:31.645017+00:00,momentum,"Bitcoin Up or Down - April 21, 11:40AM-11:45AM ET",UP,Up,2.0,0.56,,LOSS,NO,-2.0,Down,0xd8ab0940e8f505eb998761ba32006a27ec6e6d85e0e1acc5e18b120a7fbedb73,251803888122295538414597180951211455293321995398712029473932537906245985821
2026-04-21T15:40:02.627890+00:00,2026-04-21T15:51:31.704180+00:00,momentum,"Solana Up or Down - April 21, 11:40AM-11:45AM ET",UP,Up,2.0,0.51,,LOSS,NO,-2.0,Down,0xcc828f9e70d30ca7ca3c33d1f62d6c072ba4093b9c458593bea1103170d90372,67371006527452949904644438931815399375154198072681204331639011308775210365618
2026-04-21T15:40:05.753878+00:00,2026-04-21T15:51:31.752407+00:00,momentum,"Ethereum Up or Down - April 21, 11:40AM-11:45AM ET",UP,Up,2.0,0.51,,LOSS,NO,-2.0,Down,0x4dddb3b7af415db7b92f650a606eb2801f8fdd7349edb567d005ca1043ae02cb,11834519741667383422897004341543599193310129103354177550080431330354136835763
2026-04-21T15:45:02.335810+00:00,2026-04-21T15:53:33.127626+00:00,momentum,"Bitcoin Up or Down - April 21, 11:45AM-11:50AM ET",UP,Up,4.0,0.55,,WIN,YES,3.2727272727272725,Up,0xa350e19bc9cd1a617a8ea779edb3674064f2633525027b2c982d81dd8a9049f6,43636662493784466013128820433094598919802641799569256241988571424417378092367
2026-04-21T15:45:02.398154+00:00,2026-04-21T15:54:34.114111+00:00,momentum,"Ethereum Up or Down - April 21, 11:45AM-11:50AM ET",UP,Up,4.0,0.56,,WIN,YES,3.1428571428571423,Up,0xedc42d59c03c6c846a212e72a8784d190b1c37f93e1e2c8abcb5d5a06fabf2d7,70985746602643559879867454728764989011773743620701884428973064144585354514316
2026-04-21T15:45:02.462202+00:00,2026-04-21T15:54:34.301571+00:00,momentum,"Solana Up or Down - April 21, 11:45AM-11:50AM ET",UP,Up,4.0,0.53,,WIN,YES,3.547169811320754,Up,0xaea414e6a80750cb301886b369574bc9574cd3e7ce007c19cb08207790be7d3e,31265100131915302283875086692062923427755146695760680028976879054588927531880
2026-04-21T15:45:02.526347+00:00,2026-04-21T15:54:34.454189+00:00,momentum,"XRP Up or Down - April 21, 11:45AM-11:50AM ET",UP,Up,4.0,0.56,,WIN,YES,3.1428571428571423,Up,0x89e114a158fd352e9a334a2cc4175a7b6cfa1edfe4c7696fab32ab99e8297d38,11175851804149304861336624844319575314165628095152853384992965611895694567153
2026-04-21T15:50:04.672374+00:00,2026-04-21T16:00:37.055962+00:00,momentum,"Ethereum Up or Down - April 21, 11:50AM-11:55AM ET",DOWN,Down,2.0,0.58,,WIN,YES,1.4482758620689657,Down,0x2c6718741d7a56817e092835b8a514a080892ef99163d14bcce90ddc5fadeeaa,94754450632639359290371995062601027537006738900988533043238767776244286818289
2026-04-21T15:50:04.757443+00:00,2026-04-21T16:00:37.460564+00:00,momentum,"Solana Up or Down - April 21, 11:50AM-11:55AM ET",DOWN,Down,2.0,0.59,,WIN,YES,1.3898305084745766,Down,0xc045f6ff61b23f54790e50ff2aa44a6554e5976be61703546d955133691baf5e,4262843142357104120190206556722707562136002047815540528567387889642895633880
2026-04-21T15:50:00.134470+00:00,2026-04-21T16:01:37.421642+00:00,momentum,"XRP Up or Down - April 21, 11:50AM-11:55AM ET",UP,Up,2.0,0.51,,LOSS,NO,-2.0,Down,0x64e58805dc2a25ba4da94178bc042168159768686058b2d12858c0f69eacd4af,18805926743149698545921708337123733420946228003856517625057172991884082245626
2026-04-21T15:50:04.710409+00:00,2026-04-21T16:01:37.639232+00:00,momentum,"Bitcoin Up or Down - April 21, 11:50AM-11:55AM ET",DOWN,Down,2.0,0.58,,WIN,YES,1.4482758620689657,Down,0x7196144f8b50bb1d24010e0f397ddaa2719591b79c86a5a4b8739458ec69e6ad,38211686125619036773544232289899908843176426574657749445645449655899059765614
2026-04-21T15:55:03.475235+00:00,2026-04-21T16:05:40.378636+00:00,momentum,"Bitcoin Up or Down - April 21, 11:55AM-12:00PM ET",DOWN,Down,2.0,0.58,,LOSS,NO,-2.0,Up,0xeda3c00c64692816b257584127a8ab6929e3c43691c3127027af33001f44534c,71280326715262780406922299697864039612739225552537717473372227547389676644392
2026-04-21T15:55:03.511872+00:00,2026-04-21T16:06:41.388515+00:00,momentum,"XRP Up or Down - April 21, 11:55AM-12:00PM ET",DOWN,Down,4.0,0.52,,LOSS,NO,-4.0,Up,0xeb3d0f9aebed845fee0852df9659f0df714ecb09dccc2f36b2a558b16f078633,52719248690127839529053971931297812113916303102595618790262607995928599762027
2026-04-21T15:55:03.554967+00:00,2026-04-21T16:06:41.435912+00:00,momentum,"Ethereum Up or Down - April 21, 11:55AM-12:00PM ET",DOWN,Down,2.0,0.55,,LOSS,NO,-2.0,Up,0x4f6e7a2dbdfad294e3b7c6b7a125c8c16065fc6f5de11dd185f8863ff7735221,64715820024084647664813364623248419527617673091333199286758637672007159398601
2026-04-21T15:55:09.899881+00:00,2026-04-21T16:06:41.486403+00:00,momentum,"Solana Up or Down - April 21, 11:55AM-12:00PM ET",DOWN,Down,2.0,0.52,,LOSS,NO,-2.0,Up,0xbac40428756108aec1650b0480f11f44ce3fd4d6fdc927210c1fa466e0477840,91117701144771757315833176207484555793739790012675195812518393174198691808746
2026-04-21T16:00:01.980446+00:00,2026-04-21T16:08:42.035256+00:00,momentum,"XRP Up or Down - April 21, 12:00PM-12:05PM ET",UP,Up,4.0,0.51,,WIN,YES,3.8431372549019605,Up,0x5bc6d07f07521a4a46c6d4f97d78d1dc117da16e4d2b98953b5b267d35545646,59384967224060561889851946382341473648174423739387394005498275035709744807507
2026-04-21T16:00:05.184636+00:00,2026-04-21T16:08:42.238699+00:00,momentum,"Solana Up or Down - April 21, 12:00PM-12:05PM ET",UP,Up,2.0,0.59,,LOSS,NO,-2.0,Down,0xbed5107dc056804ba4f940e61615c31e7ebe066fdfe62ae177a25ba068d6c0e6,28180910539687876176460230450800165292824843076038739329081505648244338307066
2026-04-21T16:00:02.020399+00:00,2026-04-21T16:09:42.253565+00:00,momentum,"Ethereum Up or Down - April 21, 12:00PM-12:05PM ET",UP,Up,4.0,0.58,,WIN,YES,2.8965517241379315,Up,0x255e8c6826f93ec45c63f7d950deb7ec2807713d2c64eff184ba254d1139e7f0,17540734645004603030571312072462197109087019546999875942607216687842895167352
2026-04-21T16:00:01.942668+00:00,2026-04-21T16:10:43.184936+00:00,momentum,"Bitcoin Up or Down - April 21, 12:00PM-12:05PM ET",UP,Up,4.0,0.61,,WIN,YES,2.557377049180328,Up,0x6377ef1d98f417f7b22d77063f2cdf1ef1682123691c6713b49c63d9096f7157,70849229553984247722396076980772874484754988886532957200031814730872766841739
2026-04-21T16:05:00.391491+00:00,2026-04-21T16:14:46.156604+00:00,momentum,"Ethereum Up or Down - April 21, 12:05PM-12:10PM ET",DOWN,Down,2.0,0.53,,LOSS,NO,-2.0,Up,0x39e22f009d0544dbc9eedd9c9f50b7aa5d5c605c8507ccdbda6f78024cc31d19,77251262630958486398520330706072801941138601517755579067239412762824141580982
2026-04-21T16:05:00.440164+00:00,2026-04-21T16:15:46.578803+00:00,momentum,"Solana Up or Down - April 21, 12:05PM-12:10PM ET",DOWN,Down,4.0,0.52,,LOSS,NO,-4.0,Up,0x2f1a94dc9ff3dc170af96850863207c36dd8ee5ac310c098c4c6baf253f954b7,57915510173051952775549280001153859783669894540352512265742828340289072684160
2026-04-21T16:05:00.487559+00:00,2026-04-21T16:15:46.626393+00:00,momentum,"XRP Up or Down - April 21, 12:05PM-12:10PM ET",DOWN,Down,2.0,0.51,,LOSS,NO,-2.0,Up,0xf07a7e60e3e16d7afdbfdfe4d67929cf4f87901e4e5b7a0bb16a4ce707b6748a,104792357231771259819935627580295066178854003539156787859586720973420474770783
2026-04-21T16:05:00.531327+00:00,2026-04-21T16:15:46.702291+00:00,momentum,"Bitcoin Up or Down - April 21, 12:05PM-12:10PM ET",DOWN,Down,2.0,0.52,,LOSS,NO,-2.0,Up,0xb0caa7b0c7462ad9b6c4ac24fa182634617ce7efe514ffe15e2e8c532f5a37fd,103020045849669863937314526163803453971817194997987312823914653651689416269641
2026-04-21T16:10:02.178925+00:00,2026-04-21T16:20:48.848349+00:00,momentum,"Ethereum Up or Down - April 21, 12:10PM-12:15PM ET",DOWN,Down,4.0,0.53,,LOSS,NO,-4.0,Up,0xf689155c0f1d04056e439af693cf53b356d3258516b29823e0ac0993c3cce913,44639728199889970072306408392253974664780071022529778534293311145482464754949
2026-04-21T16:10:08.561715+00:00,2026-04-21T16:20:49.208679+00:00,momentum,"Solana Up or Down - April 21, 12:10PM-12:15PM ET",DOWN,Down,8.0,0.59,,WIN,YES,5.559322033898306,Down,0xb58491da2ffd9ca3bf0e1bf1e93cbbefc9e6c8957d9bb00aa90d8c83e1fb396b,86017681733178135584662940212424400607073882973011948431466938344785875633521
2026-04-21T16:10:02.138554+00:00,2026-04-21T16:21:49.571645+00:00,momentum,"Bitcoin Up or Down - April 21, 12:10PM-12:15PM ET",UP,Up,4.0,0.54,,WIN,YES,3.4074074074074066,Up,0x9f24b73ccc49dd4988122c95322922c52d1ab7d071a8b3a9d1cb858de93dae93,5237919130851509304539171762378045271886158332082295177715991915538842742500
2026-04-21T16:10:02.225353+00:00,2026-04-21T16:21:49.781761+00:00,momentum,"XRP Up or Down - April 21, 12:10PM-12:15PM ET",DOWN,Down,4.0,0.51,,WIN,YES,3.8431372549019605,Down,0xcf556118dcd9df6d196343dec4de07e4c0dacf38cdebd2148da0d861d36747db,106351718659155705835707770769155403953008821258783845858786820195997920056994
2026-04-21T16:15:04.715091+00:00,2026-04-21T16:23:50.222112+00:00,momentum,"XRP Up or Down - April 21, 12:15PM-12:20PM ET",UP,Up,2.0,0.57,,WIN,YES,1.5087719298245617,Up,0x8d50cf91c1eb9458a5f5e9a8f11b224ade88de7d4ac61e29adf167a5b6a7e263,42221996893595802787161023883208919184419738390702196430249239788369824652456
2026-04-21T16:15:01.546306+00:00,2026-04-21T16:24:49.664549+00:00,momentum,"Bitcoin Up or Down - April 21, 12:15PM-12:20PM ET",DOWN,Down,2.0,0.51,,LOSS,NO,-2.0,Up,0x401efd5bd10303e1bf2b5f703d4aecf6c1e2999f093a88ca58ea722b49b31d32,56587718604966000673177036223752561095876148910401213570040022172522677450040
2026-04-21T16:15:04.671880+00:00,2026-04-21T16:24:49.830602+00:00,momentum,"Ethereum Up or Down - April 21, 12:15PM-12:20PM ET",UP,Up,8.0,0.63,,WIN,YES,4.698412698412698,Up,0xfa28e2cc30306a74936433fa5c75da1d78ded5f379599247e4288b6ff79799bb,56819616150988856814084044272099692210682296632562631904048586302309189972112
2026-04-21T16:15:04.754978+00:00,2026-04-21T16:24:49.878217+00:00,momentum,"Solana Up or Down - April 21, 12:15PM-12:20PM ET",UP,Up,2.0,0.58,,LOSS,NO,-2.0,Down,0x33c1c7144ac1246567e6a8137f208bac4c4b3ee84e131f636e32ce930007e532,114908428618466752062668321896974869607392381509253409780916422086454938486875
2026-04-21T16:20:00.258429+00:00,2026-04-21T16:29:53.521986+00:00,momentum,"Ethereum Up or Down - April 21, 12:20PM-12:25PM ET",DOWN,Down,2.0,0.52,,WIN,YES,1.8461538461538458,Down,0x46562ab42420612020650c7aa6cce2c509cb86f62d51a0ec12903244eab7e3ca,63438754663243859464217672320982282433221168257825644673251730519950653486243
2026-04-21T16:20:03.577588+00:00,2026-04-21T16:30:53.182549+00:00,momentum,"Bitcoin Up or Down - April 21, 12:20PM-12:25PM ET",DOWN,Down,4.0,0.54,,WIN,YES,3.4074074074074066,Down,0x59877f3d7cc2ffeebd32d24159c69e5ea1d7131ad0b66be8013fb3aed56bf16a,74614250649144636406125486956966453024822815252412514378670514389226908686425
2026-04-21T16:20:03.708404+00:00,2026-04-21T16:30:53.364808+00:00,momentum,"Solana Up or Down - April 21, 12:20PM-12:25PM ET",DOWN,Down,4.0,0.53,,WIN,YES,3.547169811320754,Down,0x2b84775d9c42f6fe1322dc730b8ec94e98969164a264f80c9f50e3542af29856,90829512156936866001026171149109827411024727913388347360344269555327865468954
2026-04-21T16:20:06.932610+00:00,2026-04-21T16:30:53.547756+00:00,momentum,"XRP Up or Down - April 21, 12:20PM-12:25PM ET",DOWN,Down,2.0,0.53,,WIN,YES,1.773584905660377,Down,0xe12450811aa3c37b2165289c2e43f3d6ca9ad4dfe3b178a4822e9f4c715948e1,93343406392291219327302594413023921924029946807461095030673350162161631044008
2026-04-21T16:25:01.720739+00:00,2026-04-21T16:35:55.876959+00:00,momentum,"Bitcoin Up or Down - April 21, 12:25PM-12:30PM ET",UP,Up,2.0,0.53,,LOSS,NO,-2.0,Down,0x3937d6763aa19f58d6d5c3a7612ee7f3f3694e078404d365a78beb8b520b703b,5631361900952825020604813983288091846402277986001175662593140425203723787808
2026-04-21T16:25:00.602244+00:00,2026-04-21T16:36:56.303838+00:00,momentum,"Solana Up or Down - April 21, 12:25PM-12:30PM ET",DOWN,Down,2.0,0.51,,LOSS,NO,-2.0,Up,0x48d851a78e3ce7f89a8470ac61c71da9317b3a1572b908e3356bb00534a6575e,24536801221585613170282845515623219925346862105269879673062211784134759471767
2026-04-21T16:25:04.829567+00:00,2026-04-21T16:36:56.464947+00:00,momentum,"Ethereum Up or Down - April 21, 12:25PM-12:30PM ET",UP,Up,2.0,0.51,,WIN,YES,1.9215686274509802,Up,0xfd3c43c1bd84eacbbf9cbb3859ee1ba3daf0190cdec559598439a151578c8eb1,106650437602106533731998885439792947384134877768968925052978715405867294897907
2026-04-21T16:25:08.078273+00:00,2026-04-21T16:36:56.511519+00:00,momentum,"XRP Up or Down - April 21, 12:25PM-12:30PM ET",UP,Up,2.0,0.54,,LOSS,NO,-2.0,Down,0x580d129efbb63a0758984b871fb56543496c47ead56a20b1f6fffd4454525450,88641933228652387804465964936366329620471271470861577670788568724998174868284
2026-04-21T16:30:01.775857+00:00,2026-04-21T16:38:57.685859+00:00,momentum,"Solana Up or Down - April 21, 12:30PM-12:35PM ET",DOWN,Down,4.0,0.51,,LOSS,NO,-4.0,Up,0x4c24e3811d5d2c09b191fc1b87d1af84a19323dc9bdc776b13c32a29e955603c,83147784901610012685672140127211191631092440691263172877467242142418281417236
2026-04-21T16:30:01.866894+00:00,2026-04-21T16:39:57.745230+00:00,momentum,"Bitcoin Up or Down - April 21, 12:30PM-12:35PM ET",DOWN,Down,4.0,0.52,,LOSS,NO,-4.0,Up,0x6bcb1b919868a1091c08365fbebd3cfa599fa6e37fdd7cd295e7c31c4dd33947,107520873907914063012926661128862714255292522298426065447603516555967823082607
2026-04-21T16:30:04.984416+00:00,2026-04-21T16:39:57.790393+00:00,momentum,"XRP Up or Down - April 21, 12:30PM-12:35PM ET",DOWN,Down,4.0,0.53,,LOSS,NO,-4.0,Up,0xea411316d2214a2b2d8fefedb1c5ded15fd7f30002204417ed2f25cf26b0ce9d,40639820509210738208105658670322948055513625266135467759551976535171696762449
2026-04-21T16:30:01.822028+00:00,2026-04-21T16:43:00.009762+00:00,momentum,"Ethereum Up or Down - April 21, 12:30PM-12:35PM ET",DOWN,Down,2.0,0.54,,LOSS,NO,-2.0,Up,0xaaa3fed73ac40b45624c0fa5623da6497ca78c9f1007e33f9b762058f495d662,275530172274855722176541857194110529369006550758833539790198965264048562416
2026-04-21T16:35:00.787125+00:00,2026-04-21T16:45:01.246831+00:00,momentum,"Ethereum Up or Down - April 21, 12:35PM-12:40PM ET",DOWN,Down,2.0,0.55,,WIN,YES,1.6363636363636362,Down,0xbf364d4d728c0435bbde83827b8775fdf01cd646400aaaa6c1f60f43e833ead6,81215221736173638046478186759187728043968409693824573303866519763058022353028
2026-04-21T16:35:00.740385+00:00,2026-04-21T16:46:00.926466+00:00,momentum,"Bitcoin Up or Down - April 21, 12:35PM-12:40PM ET",UP,Up,4.0,0.51,,LOSS,NO,-4.0,Down,0x384c9a41436a32bf3b58be6865c19b4d983c901b9ab96c2b70a04dc0cc6ebb67,49319779126749742475584364470500902330034166985096429887419185930862265914382
2026-04-21T16:35:00.830780+00:00,2026-04-21T16:46:00.989917+00:00,momentum,"XRP Up or Down - April 21, 12:35PM-12:40PM ET",UP,Up,4.0,0.99,,LOSS,NO,-4.0,Down,0xf48ac21baac59448792f154eb94396c128c47c3105e52a2411a7de83686a6c4f,20198614313698624592353427820452273942723049958368084034187096552397656059659
2026-04-21T16:35:00.876327+00:00,2026-04-21T16:46:01.042342+00:00,momentum,"Solana Up or Down - April 21, 12:35PM-12:40PM ET",UP,Up,4.0,0.99,,LOSS,NO,-4.0,Down,0x89cfd64f068c96e2411d5d052f0cf5885889d3ff92893ad992d7677dc4aa612c,110003861156331256543740508074148401227452440482149871522291787514522085893339
2026-04-21T16:40:03.983861+00:00,2026-04-21T16:50:03.548161+00:00,momentum,"Bitcoin Up or Down - April 21, 12:40PM-12:45PM ET",UP,Up,8.0,0.68,,LOSS,NO,-8.0,Down,0xa79b7edc923fa5930c43ede2fb6fb4cab9b83e7bfcab245f7d1ded817c639b6a,70077516655257548772745278821591324680483583176582965521624316987749420125623
2026-04-21T16:40:00.612548+00:00,2026-04-21T16:51:03.659556+00:00,momentum,"Ethereum Up or Down - April 21, 12:40PM-12:45PM ET",DOWN,Down,2.0,0.52,,WIN,YES,1.8461538461538458,Down,0x8b56bcd598b3273ac12df9f771cabe1adc73b94a30648324864c00ca807f0557,36259889082173524585840718241163898488030883290156237276113651294070692494587
2026-04-21T16:40:04.022900+00:00,2026-04-21T16:51:03.708735+00:00,momentum,"XRP Up or Down - April 21, 12:40PM-12:45PM ET",UP,Up,8.0,0.62,,LOSS,NO,-8.0,Down,0x45ee734cb13e9a20ddbf911ce50fc78f4758ed45bf25ba64d7dbdad12087e08e,91041278154456429720929402251976183062712434814132322976797930738673816164059
2026-04-21T16:40:04.067818+00:00,2026-04-21T16:51:03.756433+00:00,momentum,"Solana Up or Down - April 21, 12:40PM-12:45PM ET",UP,Up,8.0,0.63,,LOSS,NO,-8.0,Down,0xd1867b1236c61864a4414fc926b5951e22de7a3d481d48b1531e066e83c3ffd7,115197701031181766682171812242876860161898522763982684372562522272916634703794
2026-04-21T16:45:10.084719+00:00,2026-04-21T16:53:05.876964+00:00,momentum,"Solana Up or Down - April 21, 12:45PM-12:50PM ET",UP,Up,8.0,0.58,,WIN,YES,5.793103448275863,Up,0x5ea0a9a8c7ac9dc0722d45e7262cc410bda6ba3671b365c273b3dd2eb3023187,11863595719371703635640142247913354999626389788801624687532596740329751891666
2026-04-21T16:45:10.122607+00:00,2026-04-21T16:54:05.839852+00:00,momentum,"XRP Up or Down - April 21, 12:45PM-12:50PM ET",UP,Up,16.0,0.63,,WIN,YES,9.396825396825395,Up,0xb6fc79a700722e4441acaa5b10657b7ed84c789e22d0ced78212572438a3403b,97807616688096203558061297493500716685025385264422661859449607493586067220438
2026-04-21T16:45:00.769299+00:00,2026-04-21T16:55:06.352377+00:00,momentum,"Ethereum Up or Down - April 21, 12:45PM-12:50PM ET",DOWN,Down,2.0,0.51,,LOSS,NO,-2.0,Up,0x682d9378a7d088f2d244a7d3594c0847382f390ea2dd5c7f3fe3f72deae496cb,5598548072101686532852603843775835489051438822211839972044711299283226129396
2026-04-21T16:45:06.940669+00:00,2026-04-21T16:55:06.521989+00:00,momentum,"Bitcoin Up or Down - April 21, 12:45PM-12:50PM ET",UP,Up,16.0,0.55,,WIN,YES,13.09090909090909,Up,0xa26ae771eed838c5059e7dace5258f4b9d4fcdbc62bde1a0be99e5f033b94e6c,17588184556632471286139694030822678564179303820830703935041946753898407597808
2026-04-21T16:50:02.310309+00:00,2026-04-21T16:59:07.983458+00:00,momentum,"Solana Up or Down - April 21, 12:50PM-12:55PM ET",DOWN,Down,2.0,0.61,,WIN,YES,1.278688524590164,Down,0x949735110a899b1b1be4b46fcc61bb4b849cb26e637c5c3d270c7ea9ddad5bbc,61263471565296593781949460795780008678990338479816659889799281760424450878711
2026-04-21T16:50:01.190735+00:00,2026-04-21T17:00:08.893404+00:00,momentum,"Bitcoin Up or Down - April 21, 12:50PM-12:55PM ET",DOWN,Down,2.0,0.57,,WIN,YES,1.5087719298245617,Down,0x547d3368afd87ff57b35a86843f3d6f9b60ef05f92e2cc1b05ab752700ec745f,25532238050674121411574938275472291516380586208388575670817210512948612421810
2026-04-21T16:50:01.227055+00:00,2026-04-21T17:01:08.935371+00:00,momentum,"Ethereum Up or Down - April 21, 12:50PM-12:55PM ET",DOWN,Down,2.0,0.54,,WIN,YES,1.7037037037037033,Down,0x78f7b0217511098a9757700903f646b68ee9f9cf20d64c16ea18a593220f8798,98366098549751312575201020488748667368090050689646676798046810158705581579194
2026-04-21T16:50:02.271522+00:00,2026-04-21T17:01:09.126390+00:00,momentum,"XRP Up or Down - April 21, 12:50PM-12:55PM ET",DOWN,Down,2.0,0.56,,WIN,YES,1.5714285714285712,Down,0x96c80a2f5071ca8ac27b82df038f933a8789d85bf62c4e85ade4adbc28ecd941,33851470776414551934746875789722172135989723097092324081138219645268944524576
2026-04-21T16:55:08.559096+00:00,2026-04-21T17:06:11.950870+00:00,momentum,"Solana Up or Down - April 21, 12:55PM-1:00PM ET",DOWN,Down,2.0,0.53,,WIN,YES,1.773584905660377,Down,0x8bc6095683d23f144019635d029f00e887da21d602a02a65c7a4c606877edf12,70893064700019638287560940583651496126185548040500074431605267092013652654787
2026-04-21T16:55:38.658745+00:00,2026-04-21T17:06:12.158391+00:00,momentum,"XRP Up or Down - April 21, 12:55PM-1:00PM ET",DOWN,Down,2.0,0.54,,WIN,YES,1.7037037037037033,Down,0x53af8c08063b1ac28d5d70ba6a303b3dc3a7a358789d0456881fc797c84eba71,109048436766782717572049557774843949704971028376524753567869224527576370789590
2026-04-21T16:55:01.773707+00:00,2026-04-21T17:07:12.089837+00:00,momentum,"Ethereum Up or Down - April 21, 12:55PM-1:00PM ET",UP,Up,2.0,0.51,,LOSS,NO,-2.0,Down,0x9a2cf8452b541dd8a19bad827c42feb7fe1a9ed37b7f7e3256f43b7d45b595ee,76902981909206917142734979523385659290017846443474004674559293665729904201653
2026-04-21T16:55:01.819096+00:00,2026-04-21T17:07:12.272941+00:00,momentum,"Bitcoin Up or Down - April 21, 12:55PM-1:00PM ET",DOWN,Down,2.0,0.51,,WIN,YES,1.9215686274509802,Down,0xe90501103ea106f6f4623b5942c5d744fef56bc7b325a2855c5cede61e118229,65638438903755814568679423423513495271315223007955465963493152855384796106510
2026-04-21T17:00:11.441143+00:00,2026-04-21T17:11:14.772727+00:00,momentum,"Bitcoin Up or Down - April 21, 1:00PM-1:05PM ET",UP,Up,2.0,0.51,,LOSS,NO,-2.0,Down,0xef554a04e380922523f702d7c695151a5e256e73d49ddd4678a4a57f710f7977,57263421465251498896946116119288315731936973889001914732370836703427557875470
2026-04-21T17:00:02.842551+00:00,2026-04-21T17:12:15.037561+00:00,momentum,"Solana Up or Down - April 21, 1:00PM-1:05PM ET",DOWN,Down,2.0,0.54,,LOSS,NO,-2.0,Up,0xef9dd45a0f2a722442d3f732a6cd3c4beaf867f494be3455b07ab10325ca2937,42036521529379399674876672910319806982776735170927941523057531612677854136685
2026-04-21T17:00:02.894021+00:00,2026-04-21T17:12:15.262506+00:00,momentum,"XRP Up or Down - April 21, 1:00PM-1:05PM ET",DOWN,Down,2.0,0.51,,WIN,YES,1.9215686274509802,Down,0x1ffff060b7d4f843ea82d77d253ade2ff3410048defd5dffeebf90a5f427c23b,74032330783597375158733964986604274187225024780394885319604187183521157970168
2026-04-21T17:00:06.109277+00:00,2026-04-21T17:13:15.977438+00:00,momentum,"Ethereum Up or Down - April 21, 1:00PM-1:05PM ET",UP,Up,2.0,0.51,,WIN,YES,1.9215686274509802,Up,0x970940c06986702b145319dcd04f9a6550c2cf88f6658d2c84f07d96d792010f,12431538339988641426424603218842494312299688115432370033937057766515736318207
2026-04-21T17:05:00.564753+00:00,2026-04-21T17:15:16.485041+00:00,momentum,"XRP Up or Down - April 21, 1:05PM-1:10PM ET",UP,Up,2.0,0.51,,LOSS,NO,-2.0,Down,0xcfaa667c1137343a9a6bebffb6b53aef4720a57ca5d04ef7b59fb26ff7a58f2e,8583989094652628611346827100516383709923885255336178340403219667479970123842
2026-04-21T17:05:01.730897+00:00,2026-04-21T17:15:16.541763+00:00,momentum,"Bitcoin Up or Down - April 21, 1:05PM-1:10PM ET",UP,Up,4.0,0.53,,LOSS,NO,-4.0,Down,0xcea2daf13006f5e1c61958862a57a611b6de5982dcf836822e5fb416f813a2cc,16728035681346162091637765681327530633434354145194169158742987014842607573881
2026-04-21T17:05:01.781355+00:00,2026-04-21T17:15:16.612300+00:00,momentum,"Ethereum Up or Down - April 21, 1:05PM-1:10PM ET",UP,Up,2.0,0.51,,LOSS,NO,-2.0,Down,0xe4579b05e46e6902ff97bc90eb3402b8c7c1d9b8addace58e3e0dfd246a387ab,18212277005103453882060957369667917321236544668421735691788397832177758869122
2026-04-21T17:05:04.910363+00:00,2026-04-21T17:15:16.783715+00:00,momentum,"Solana Up or Down - April 21, 1:05PM-1:10PM ET",DOWN,Down,4.0,0.68,,WIN,YES,1.8823529411764701,Down,0xa72473705767f57ed8a58c47058bd0eeb35c33e7bd4037819a2623c626193078,73102185103826139301941506449723702863881957213192215381221964055598756159324
2026-04-21T17:10:02.010924+00:00,2026-04-21T17:20:19.471414+00:00,momentum,"Bitcoin Up or Down - April 21, 1:10PM-1:15PM ET",UP,Up,4.0,0.56,,LOSS,NO,-4.0,Down,0x07e81b117ccbcd7354c13b7db7f9e0491a92ea5a59ebba91ffea05265d4c8e8c,78489787264314264543662406587432886325524358586068912573376364285414277667008
2026-04-21T17:10:02.054049+00:00,2026-04-21T17:20:19.517094+00:00,momentum,"Solana Up or Down - April 21, 1:10PM-1:15PM ET",UP,Up,2.0,0.52,,LOSS,NO,-2.0,Down,0xd48e3948c6c8d6d15da23eaa9a1a5a20eb9772a617858bd99a4cbeb2cdfa1259,34460967091177472434248517638330288808152756677367798467801006859558898857663
2026-04-21T17:10:01.959450+00:00,2026-04-21T17:21:19.621468+00:00,momentum,"Ethereum Up or Down - April 21, 1:10PM-1:15PM ET",UP,Up,2.0,0.54,,LOSS,NO,-2.0,Down,0xeb8557c88faac8f0cb2fce0840264c1f4757941df4d0a7299e0429f49cc23b91,94775047512003779459116811412309516759286081119603493441876720727995896446303
2026-04-21T17:10:00.851219+00:00,2026-04-21T17:22:19.699220+00:00,momentum,"XRP Up or Down - April 21, 1:10PM-1:15PM ET",UP,Up,2.0,0.51,,LOSS,NO,-2.0,Down,0x0b086e55f459054900bc483bfc0ac6c8cdcfdaaafe903cd8bb7062882a8ee344,78162801116239292687857520621731053851124178467987040662739642279991042368287
2026-04-21T17:15:00.608048+00:00,2026-04-21T17:23:20.046900+00:00,momentum,"XRP Up or Down - April 21, 1:15PM-1:20PM ET",UP,Up,4.0,0.51,,LOSS,NO,-4.0,Down,0xb7af90636c2227f8b7777890e8fa025c4cdad890745a8250c52f37e24516fe7b,69339130371917740539759725447688538587913637674219329323683122132722815468601
2026-04-21T17:15:02.966032+00:00,2026-04-21T17:23:20.378409+00:00,momentum,"Ethereum Up or Down - April 21, 1:15PM-1:20PM ET",UP,Up,4.0,0.51,,LOSS,NO,-4.0,Down,0x2c26b288fba805c98bd5b5974c67377c3604d76b11ee283473e8a2b32ff5af03,112004103806848518567163795825464111173055082314433112964467800041215407941144
2026-04-21T17:15:02.917539+00:00,2026-04-21T17:24:20.887918+00:00,momentum,"Solana Up or Down - April 21, 1:15PM-1:20PM ET",UP,Up,4.0,0.51,,LOSS,NO,-4.0,Down,0x319b0ab326bcbf114a7c8881a8c9add714f9d6e36ab042fbe362d02673dda938,100899577500706441009559152479534171997790897108062961845664838681577425631601
2026-04-21T17:15:02.850666+00:00,2026-04-21T17:25:21.010569+00:00,momentum,"Bitcoin Up or Down - April 21, 1:15PM-1:20PM ET",UP,Up,8.0,0.55,,LOSS,NO,-8.0,Down,0x363e251de627b22d4db72b676f196da8a932c21bc9e3fc77717e8e44ee719dc7,54586601169706618561096099281730454477930038706736332089091256612673896062676
2026-04-21T17:20:00.992530+00:00,2026-04-21T17:30:24.058938+00:00,momentum,"XRP Up or Down - April 21, 1:20PM-1:25PM ET",UP,Up,8.0,0.52,,WIN,YES,7.384615384615383,Up,0x6f2b8e36e7adc7aa10d150853ed203373441880a7b724c9f89a0bcee7bc8b4ec,28821827318582457755802095480837497575494394361481956223503009332554818880379
2026-04-21T17:20:01.131791+00:00,2026-04-21T17:30:24.421231+00:00,momentum,"Solana Up or Down - April 21, 1:20PM-1:25PM ET",UP,Up,8.0,0.52,,WIN,YES,7.384615384615383,Up,0x90192ab95478efbbfb08a99b8047eb16974c0e00d9d113662badae37a110c57a,41328221323620783607664589934662971705144769189004497731215701039594415607895
2026-04-21T17:20:01.183168+00:00,2026-04-21T17:30:24.630144+00:00,momentum,"Ethereum Up or Down - April 21, 1:20PM-1:25PM ET",UP,Up,8.0,0.54,,WIN,YES,6.814814814814813,Up,0x91c1483f6043ddfd9dd03692414104925480120df0c8d48c148475b155936c55,80548951447986873801144664033088339333831709703189814757482798988842603221212
2026-04-21T17:20:01.052210+00:00,2026-04-21T17:31:24.347590+00:00,momentum,"Bitcoin Up or Down - April 21, 1:20PM-1:25PM ET",UP,Up,16.0,0.59,,WIN,YES,11.118644067796613,Up,0xc50d2230dbb967ba7c525d33062f823f151ec3266378c1ba7ae5abff6787f3c5,42249082024181213616503569257575842253183849171946187385510815860719903663782
2026-04-21T17:25:00.439428+00:00,2026-04-21T17:35:27.138650+00:00,momentum,"Ethereum Up or Down - April 21, 1:25PM-1:30PM ET",UP,Up,2.0,0.53,,WIN,YES,1.773584905660377,Up,0x3ce653366bb3831ef3f6ebfa5a9def1cca3d201c35b5a4969fb3afd568609cff,42442698465806578708862477642331517965463591311011283290513976596501263293585
2026-04-21T17:25:03.691963+00:00,2026-04-21T17:35:27.500419+00:00,momentum,"Solana Up or Down - April 21, 1:25PM-1:30PM ET",UP,Up,2.0,0.55,,LOSS,NO,-2.0,Down,0xb1f4bd760fb272da3af606a30086389dd9136db299c940bb7640763582c0334f,103551537773258795204820426521288623348092179652659824542438817144475014723116
2026-04-21T17:25:00.483086+00:00,2026-04-21T17:36:27.699222+00:00,momentum,"XRP Up or Down - April 21, 1:25PM-1:30PM ET",UP,Up,2.0,0.52,,WIN,YES,1.8461538461538458,Up,0x2234a6959b90ac898c8c68cb1a9042d2fbdd168652a3f9e8ec35053ed28ad783,48522082681157839068735953630817744513986925197166776365956634638601376808655
2026-04-21T17:25:03.652036+00:00,2026-04-21T17:36:27.846542+00:00,momentum,"Bitcoin Up or Down - April 21, 1:25PM-1:30PM ET",UP,Up,2.0,0.52,,WIN,YES,1.8461538461538458,Up,0x21dede1c7e4b77ff9f8ba7f3944b614c21f0987df2a3504753d2ff09866d984c,3967232195128366608620149149160865649495875982855514712229304102827228267302
2026-04-21T17:30:00.528678+00:00,2026-04-21T17:38:29.443018+00:00,momentum,"XRP Up or Down - April 21, 1:30PM-1:35PM ET",UP,Up,2.0,0.515,,LOSS,NO,-2.0,Down,0x79c1bb62a5602676b74ba08e99b6e3542b803b2257a4d6c1692c77d989f228ef,45749820169950891903637357617202090380107544164226451234797065201126095596045
2026-04-21T17:30:05.836287+00:00,2026-04-21T17:38:29.801468+00:00,momentum,"Ethereum Up or Down - April 21, 1:30PM-1:35PM ET",UP,Up,2.0,0.59,,WIN,YES,1.3898305084745766,Up,0x4edde49c3d4bb6fdfdec2447268118abde77ada611e1533cd2959ab5cfe0950d,56725746479428208436796170312125916353407088920553383018769478272456420489062
2026-04-21T17:30:02.712629+00:00,2026-04-21T17:39:29.669154+00:00,momentum,"Bitcoin Up or Down - April 21, 1:30PM-1:35PM ET",DOWN,Down,2.0,0.53,,LOSS,NO,-2.0,Up,0x51060cf6757939d9b3eabfd3e927a03f37fd466d4d226e720b2b8718553d336d,103574657902718623176905002120274495482726718890066164327393177936730196994896
2026-04-21T17:30:00.482042+00:00,2026-04-21T17:40:29.739923+00:00,momentum,"Solana Up or Down - April 21, 1:30PM-1:35PM ET",UP,Up,4.0,0.52,,LOSS,NO,-4.0,Down,0x6810c49a57210853d964d107880e4f4009c58cc8ad71186ec3c0443e9ddefa7e,39352313578248738985714421688396088067868368645466455128214589175435028188422
2026-04-21T17:35:00.865179+00:00,2026-04-21T17:44:31.507115+00:00,momentum,"XRP Up or Down - April 21, 1:35PM-1:40PM ET",UP,Up,4.0,0.515,,WIN,YES,3.766990291262136,Up,0x0ac4b73bec003b7466e5348e320fb788b34c44c03fe1947bc3c25f5ad979dc15,106103764851362959099933272349336984851822881183694887074087726759554579529795
2026-04-21T17:35:02.981654+00:00,2026-04-21T17:45:32.896682+00:00,momentum,"Solana Up or Down - April 21, 1:35PM-1:40PM ET",UP,Up,8.0,0.51,,WIN,YES,7.686274509803921,Up,0x5dc3d9b43639cf4ba4d202e8efdd5cd156d5388dc5e0bcae7aef258cc385d7ae,113169947659976835210185977340231053648403489867078408770748051590505874102111
2026-04-21T17:35:06.093087+00:00,2026-04-21T17:45:32.958085+00:00,momentum,"Bitcoin Up or Down - April 21, 1:35PM-1:40PM ET",DOWN,Down,4.0,0.51,,LOSS,NO,-4.0,Up,0xd4374cf3a55378eac9d1fc01ef303b0b350585a194a284f41b13ce4283ded474,3361097620432370149543904542392015475530563459701481072666819858551876568017
2026-04-21T17:35:06.135891+00:00,2026-04-21T17:46:32.926944+00:00,momentum,"Ethereum Up or Down - April 21, 1:35PM-1:40PM ET",DOWN,Down,2.0,0.54,,LOSS,NO,-2.0,Up,0x6d560f55f588a95bc35ebfd86922b4abfbf8985d6973ee6345f53d78c4a1cf82,37465436174330985714335654305332324512648271121077730355541833208435492929971
2026-04-21T17:40:04.962775+00:00,2026-04-21T17:50:35.566203+00:00,momentum,"Solana Up or Down - April 21, 1:40PM-1:45PM ET",UP,Up,2.0,0.65,,WIN,YES,1.0769230769230766,Up,0xbbf79eb7cf4238879ef138e2b4106c91fd4f643e9e5f774a516186e08301f106,51015135838262338912177941762214222722579194109402776413589676381846515819179
2026-04-21T17:40:05.001933+00:00,2026-04-21T17:50:35.743728+00:00,momentum,"Bitcoin Up or Down - April 21, 1:40PM-1:45PM ET",UP,Up,8.0,0.62,,WIN,YES,4.903225806451614,Up,0x4e51b44fb7d25c2f583cd03dde985fa38ff6e71a75b01b29e983b9c9c15d301c,110379083019055253270698210199106540191921477586587042096547416996203429725529
2026-04-21T17:40:00.527394+00:00,2026-04-21T17:51:35.431277+00:00,momentum,"XRP Up or Down - April 21, 1:40PM-1:45PM ET",UP,Up,2.0,0.51,,WIN,YES,1.9215686274509802,Up,0xfd475d419e3aa43bdcde674c0a367bea34f7bfce85250e767a1738b474f86fca,27416735336408290490400643110390035289986559992185596134646391054707682617797
2026-04-21T17:40:01.649796+00:00,2026-04-21T17:51:35.478759+00:00,momentum,"Ethereum Up or Down - April 21, 1:40PM-1:45PM ET",DOWN,Down,4.0,0.52,,LOSS,NO,-4.0,Up,0x01b004189e40cc8688fcc0b0559480d0141e5edcaefb150ae933cdaa5b70b3ed,103662001598543198890948479164650005097261833655636678972961457103450736263703
2026-04-21T17:45:00.144879+00:00,2026-04-21T17:53:35.824073+00:00,momentum,"XRP Up or Down - April 21, 1:45PM-1:50PM ET",UP,Up,2.0,0.525,,LOSS,NO,-2.0,Down,0x6ae5cfd14f62815c67356b9abd8b87bbec598694f39a40da67b41609de9f0bdb,85918731997447854306132286792807682088593786421285670048271464337451375095491
2026-04-21T17:45:00.273860+00:00,2026-04-21T17:53:36.020545+00:00,momentum,"Ethereum Up or Down - April 21, 1:45PM-1:50PM ET",UP,Up,8.0,0.51,,LOSS,NO,-8.0,Down,0x5c52230d92e6af5eb1294fce2c56f5cf5f4c994ce4048eb1d34c89cb6311ad5b,18292968118869897470459083190925131935322848496618847784085636708774519562569
2026-04-21T17:45:01.601197+00:00,2026-04-21T17:53:36.233110+00:00,momentum,"Bitcoin Up or Down - April 21, 1:45PM-1:50PM ET",DOWN,Down,2.0,0.54,,WIN,YES,1.7037037037037033,Down,0x318a097ea722fceadcc606a4ce654e92cc22a476ec36eb84e512da769a2800e4,80215516654574369143889407749098069406877013085289103956177655035820942719202
2026-04-21T17:45:00.209023+00:00,2026-04-21T17:54:35.984487+00:00,momentum,"Solana Up or Down - April 21, 1:45PM-1:50PM ET",UP,Up,2.0,0.515,,LOSS,NO,-2.0,Down,0x152d3de28e96a7865f816c1cf76809e80bb43f191b72c2fd8edd434d1e528ac6,114055978333354751742593702081317327777382539315037532893073648075539640940936
2026-04-21T17:50:00.097591+00:00,2026-04-21T17:59:38.364841+00:00,momentum,"Ethereum Up or Down - April 21, 1:50PM-1:55PM ET",UP,Up,8.0,0.51,,LOSS,NO,-8.0,Down,0x506dd8add750f9177d036eff48f9cfb43d1535bd0b3b32fb93da42f4388b4d2f,32938313661700534381301583817943496439037328186108956838441562510226540643020
2026-04-21T17:50:01.186396+00:00,2026-04-21T17:59:38.718106+00:00,momentum,"Bitcoin Up or Down - April 21, 1:50PM-1:55PM ET",DOWN,Down,2.0,0.53,,WIN,YES,1.773584905660377,Down,0x136538aa3957f6866e802bc9ec320528e9319849ef0eae0d94a9e5d2fedc648f,1625701938099100535851051157303061897265903202274206042329226808880648732549
2026-04-21T17:50:01.237397+00:00,2026-04-21T17:59:38.764523+00:00,momentum,"XRP Up or Down - April 21, 1:50PM-1:55PM ET",UP,Up,4.0,0.99,,LOSS,NO,-4.0,Down,0x90ebd4f95d9128a9a5cfe335a08e67ad34e984e401f1e940cada1aa4893f4ff0,58889714478707269461142215041129980982361919362968691673550346884497154098566
2026-04-21T17:50:00.143277+00:00,2026-04-21T18:00:38.392970+00:00,momentum,"Solana Up or Down - April 21, 1:50PM-1:55PM ET",UP,Up,2.0,0.51,,LOSS,NO,-2.0,Down,0x216686255c6f94d7a857dc6a8a43d1a78919e6edb25f783856fd0f11db80234a,65923610735876357163853298205079997592219220744547724410495377503459869352105
2026-04-21T17:55:05.509693+00:00,2026-04-21T18:05:40.814713+00:00,momentum,"Solana Up or Down - April 21, 1:55PM-2:00PM ET",DOWN,Down,4.0,0.62,,WIN,YES,2.451612903225807,Down,0xdfca9f28e603a037acaf1de22a3c9fefa92790681db0521239b87b929bed21b2,70057421655107146173974146434465348724282466938162557153750304667931259083923
2026-04-21T17:55:05.549347+00:00,2026-04-21T18:05:41.025213+00:00,momentum,"Ethereum Up or Down - April 21, 1:55PM-2:00PM ET",DOWN,Down,16.0,0.6,,WIN,YES,10.666666666666668,Down,0x678be0345df6158e8c5eb48033cc7b0eb650220af841f96f93f73291ad5315d7,83638315978908199416066574949342807846495613183642000825535965624628202225869
2026-04-21T17:55:02.352333+00:00,2026-04-21T18:06:40.996599+00:00,momentum,"Bitcoin Up or Down - April 21, 1:55PM-2:00PM ET",UP,Up,2.0,0.51,,LOSS,NO,-2.0,Down,0xffc1323e6e033f63c0985708d4811f5e6471c3deaaa9256c3cf9ae2fc1083593,7655150192474785080133746317270500154560467344303417939270469086187091459398
2026-04-21T17:55:02.397175+00:00,2026-04-21T18:06:41.238971+00:00,momentum,"XRP Up or Down - April 21, 1:55PM-2:00PM ET",DOWN,Down,8.0,0.51,,WIN,YES,7.686274509803921,Down,0xa7bbed22087ea40032edff7ed02e879c3c3062cde5992f12403325700c98f453,21321135508550930227542793637788468803032930937467019282748431758180592340208
2026-04-21T18:00:05.901134+00:00,2026-04-21T18:08:41.980829+00:00,momentum,"Solana Up or Down - April 21, 2:00PM-2:05PM ET",DOWN,Down,2.0,0.64,,WIN,YES,1.125,Down,0xf556f137b1fd5292c2be6ba3cbf3358f148afa375afc8980dd6cbe42c6f4cafd,12527108401301306381317475945417081911397766293925528551005544900558197935735
2026-04-21T18:00:00.649140+00:00,2026-04-21T18:09:41.716725+00:00,momentum,"Bitcoin Up or Down - April 21, 2:00PM-2:05PM ET",UP,Up,4.0,0.525,,WIN,YES,3.6190476190476186,Up,0xbc5316ddf4cbe952fb01096f010978bb8ddaacdc8b214fac13af0699e3543755,47855043296311625770424976819619594364660784124462478876692768198508386260325
2026-04-21T18:00:02.765949+00:00,2026-04-21T18:09:41.888548+00:00,momentum,"Ethereum Up or Down - April 21, 2:00PM-2:05PM ET",DOWN,Down,2.0,0.6,,WIN,YES,1.3333333333333335,Down,0x336c6fa2e92a95ef81fc9b468a430c5cc500c5b1022ffab4a3b96523051bacdb,115651815500843996188983416281496607607899100711075787346243199395345020910758
2026-04-21T18:00:05.950547+00:00,2026-04-21T18:09:41.934822+00:00,momentum,"XRP Up or Down - April 21, 2:00PM-2:05PM ET",DOWN,Down,2.0,0.59,,LOSS,NO,-2.0,Up,0xa9dfb5a6a6103154919cc8f7dff8ea4daa73bfecc0df7eb391becadf8cbc7f72,42387109413531319642551633213284525401763557285522815585421970648688621263773
2026-04-21T18:05:00.529873+00:00,2026-04-21T18:14:45.574639+00:00,momentum,"Bitcoin Up or Down - April 21, 2:05PM-2:10PM ET",UP,Up,2.0,0.515,,WIN,YES,1.883495145631068,Up,0x9cf9938885a1db14c81c706804fa9ed7f314a935ed242e793ef2a3c4843515b3,57013308548905344637727405315197837370184639847997726788285337601541171144785
2026-04-21T18:05:01.669933+00:00,2026-04-21T18:14:45.622156+00:00,momentum,"Ethereum Up or Down - April 21, 2:05PM-2:10PM ET",DOWN,Down,2.0,0.53,,LOSS,NO,-2.0,Up,0x412d987a7c6b44bbe7e030146665e535815c13fee87e6e332e7cc3d41a6f7cc9,46011205622768579776424307477656447721854101529211265056430425178860686897947
2026-04-21T18:05:01.735768+00:00,2026-04-21T18:15:46.189362+00:00,momentum,"XRP Up or Down - April 21, 2:05PM-2:10PM ET",DOWN,Down,4.0,0.52,,LOSS,NO,-4.0,Up,0xb0e74bf48a17b421cc54878e7105e22b983df6efee600d68166de8a699e768a1,60839503435953588358219415850790565863258032464597988839361951224762488347155
2026-04-21T18:05:04.860123+00:00,2026-04-21T18:15:46.247239+00:00,momentum,"Solana Up or Down - April 21, 2:05PM-2:10PM ET",DOWN,Down,2.0,0.56,,LOSS,NO,-2.0,Up,0x435b4df465aab2a9f95e739a9edfaaf6f738e739684ef6e9a6fd1c77b6b22e32,36729194130613475905274001266077114756838228998716111992705429467823495511355
2026-04-21T18:10:02.334799+00:00,2026-04-21T18:20:48.980647+00:00,momentum,"Bitcoin Up or Down - April 21, 2:10PM-2:15PM ET",DOWN,Down,2.0,0.53,,WIN,YES,1.773584905660377,Down,0x66bd5eeea16b3b1a5510802c40156b5c1ee6715ce0aa9cc2722d1fc8718bda5e,24976682101352917541540639313027204150807755143808762896945489219944997587984
2026-04-21T18:10:05.575553+00:00,2026-04-21T18:20:49.185743+00:00,momentum,"XRP Up or Down - April 21, 2:10PM-2:15PM ET",UP,Up,8.0,0.54,,LOSS,NO,-8.0,Down,0x8b8cd9d0aa023e2cc951ca75c25e508f42fca34f9c0a0ca23673dae8ce02cb9d,1612008795761660915503851299063478036049948479582048609175820323127673973414
2026-04-21T18:10:02.376861+00:00,2026-04-21T18:21:49.516379+00:00,momentum,"Ethereum Up or Down - April 21, 2:10PM-2:15PM ET",DOWN,Down,4.0,0.52,,WIN,YES,3.6923076923076916,Down,0xe30cfeaa6d0e1f53dd384aa41e96fff964413fe8bc6625c428bf6936479c4d73,47187808685398623286865679034944650479773730082225392046258188633759587934585
2026-04-21T18:10:15.249993+00:00,2026-04-21T18:21:49.560731+00:00,momentum,"Solana Up or Down - April 21, 2:10PM-2:15PM ET",DOWN,Down,4.0,0.55,,LOSS,NO,-4.0,Up,0xb831f23db0ec2cd3883520fbafd34cdcfe436ec63df464218625cb00060d8a0e,105291707067182876111138482436377093138975705009460894591263765788478177818369
2026-04-21T18:15:00.370009+00:00,2026-04-21T18:23:50.374276+00:00,momentum,"Bitcoin Up or Down - April 21, 2:15PM-2:20PM ET",UP,Up,2.0,0.99,,LOSS,NO,-2.0,Down,0x7837f7421e8c3330e869947db024cca90ecd6a37e361a5c5ef7a8f01c99586bb,110728522887539674874923215322700497693409952895505769589880846107548582773294
2026-04-21T18:15:00.437949+00:00,2026-04-21T18:23:50.429275+00:00,momentum,"XRP Up or Down - April 21, 2:15PM-2:20PM ET",UP,Up,16.0,0.99,,LOSS,NO,-16.0,Down,0x2c9df7f99ae13e760cd85c6a08ba47dd49252f66b8df366eef21cccd1a48c168,49451405327080860782651783072244309863637496919871433011661554701269083569713
2026-04-21T18:15:00.547192+00:00,2026-04-21T18:23:50.723140+00:00,momentum,"Ethereum Up or Down - April 21, 2:15PM-2:20PM ET",UP,Up,2.0,0.51,,LOSS,NO,-2.0,Down,0xcfb322f28bb1db1131bb1d5fe51922cf8e67c5f1e4298e3bdb1bdd1809cf89ee,64104053521911915680959442477505581305199901821807395377670622528164963895459
2026-04-21T18:15:00.492842+00:00,2026-04-21T18:24:51.204666+00:00,momentum,"Solana Up or Down - April 21, 2:15PM-2:20PM ET",UP,Up,2.0,0.51,,LOSS,NO,-2.0,Down,0xd8a6439c4118bff3a9189a953bff4846f2da1db8580bf5032053b13a7138a8fc,65338776067208523445963652305213698623483921649410058140570530896726941857301
2026-04-21T18:20:00.878131+00:00,2026-04-21T18:28:53.961797+00:00,momentum,"Bitcoin Up or Down - April 21, 2:20PM-2:25PM ET",UP,Up,4.0,0.52,,LOSS,NO,-4.0,Down,0xba175fdd26b399fc8efc7f3406a39b970a4d9d89a08e4bd55232e61d25ed8b79,39736132444731262135535490678237183537704612153201698500600684240177091019913
2026-04-21T18:20:04.046733+00:00,2026-04-21T18:28:54.150155+00:00,momentum,"Solana Up or Down - April 21, 2:20PM-2:25PM ET",DOWN,Down,4.0,0.54,,WIN,YES,3.4074074074074066,Down,0x8e91a719f84cb8897e02cb49aa01e5b398da7071e16262278d89f8e81e871ca3,60337247197824947601351819855442442191671675592371710231421017831783033352446
2026-04-21T18:20:10.433147+00:00,2026-04-21T18:29:54.981237+00:00,momentum,"XRP Up or Down - April 21, 2:20PM-2:25PM ET",DOWN,Down,32.0,0.54,,WIN,YES,27.259259259259252,Down,0xede45fb38ee4d68162de329689a574f1029b82a6599f28420372a90cb4943d25,55671209805353696052391763415156413520259895068433616190365352925911610052574
2026-04-21T18:20:04.092254+00:00,2026-04-21T18:30:55.527067+00:00,momentum,"Ethereum Up or Down - April 21, 2:20PM-2:25PM ET",DOWN,Down,4.0,0.51,,WIN,YES,3.8431372549019605,Down,0xbac08a92a00c39dd48101730f0fbe37cc6587585b039901c4618994a8a1e6d4b,99762097884287818607413091977372452676041504080946150831128925807878863913137
2026-04-21T18:25:00.196939+00:00,2026-04-21T18:35:58.772331+00:00,momentum,"Solana Up or Down - April 21, 2:25PM-2:30PM ET",UP,Up,2.0,0.51,,LOSS,NO,-2.0,Down,0xc2e3ed73ec8c15a9fcea85dfb4479f468d9c70ee585593976953d10ca95c91e0,77578443920779687770739670546062121089021926049713116906797980689298045282606
2026-04-21T18:25:03.362940+00:00,2026-04-21T18:35:58.978799+00:00,momentum,"Ethereum Up or Down - April 21, 2:25PM-2:30PM ET",DOWN,Down,2.0,0.53,,LOSS,NO,-2.0,Up,0xb344d6b9962d0799554392730211e0bda7b237453fc94f7124640228fadc8e1f,78400430089890839192913914170615313262107261433944248100339647893300432698041
2026-04-21T18:25:03.414574+00:00,2026-04-21T18:35:59.162835+00:00,momentum,"XRP Up or Down - April 21, 2:25PM-2:30PM ET",DOWN,Down,2.0,0.53,,WIN,YES,1.773584905660377,Down,0x4878642cd54103b8cba31b6d9d2aac1448fef8d4e014a59f877a9d42e124065f,107458804657564165667283759461378865438694175486073212192660565708739101068066
2026-04-21T18:25:03.319829+00:00,2026-04-21T18:36:58.932737+00:00,momentum,"Bitcoin Up or Down - April 21, 2:25PM-2:30PM ET",DOWN,Down,2.0,0.54,,LOSS,NO,-2.0,Up,0xef60bec4cf1102a2cce56419b82a1e80b507c5084ae0658610fe426e69fec9e3,37405966863041709021346894033372583316996981007497352065362077797367286713414
2026-04-21T18:30:00.939684+00:00,2026-04-21T18:38:59.946019+00:00,momentum,"Ethereum Up or Down - April 21, 2:30PM-2:35PM ET",UP,Up,4.0,0.52,,WIN,YES,3.6923076923076916,Up,0x1c9a5fbcac2461dc28924659e5f13efb53822054b268b3dd4eca233afb604d3a,15149664896381965236795208630311681755087766386109114367248498332563610144032
2026-04-21T18:30:00.896072+00:00,2026-04-21T18:40:00.132634+00:00,momentum,"Bitcoin Up or Down - April 21, 2:30PM-2:35PM ET",UP,Up,4.0,0.52,,WIN,YES,3.6923076923076916,Up,0x24a57657a1dbb631b79b2feb7f7ddff75fab4bc6f2a6f23fa7afe1c9b20f7be6,110194902446611180082147593686696499459105800687027491321464732428396234524004
2026-04-21T18:30:01.064205+00:00,2026-04-21T18:40:00.493484+00:00,momentum,"Solana Up or Down - April 21, 2:30PM-2:35PM ET",UP,Up,4.0,0.52,,WIN,YES,3.6923076923076916,Up,0x441eeee5a78e8f9b25faa258cffdb0d0a8330aed56e4469001ce67a5324e2121,82346072901356464405708892380602499303838976895370270054795206862569390965456
2026-04-21T18:30:04.211454+00:00,2026-04-21T18:43:01.886084+00:00,momentum,"XRP Up or Down - April 21, 2:30PM-2:35PM ET",UP,Up,2.0,0.55,,WIN,YES,1.6363636363636362,Up,0xa865e9d30d2f92e8511b5a23ba4077d148daca62288959004361461b088bd9d3,115719100875491569295316645553159324611981135129275165773460639010280885809093
2026-04-21T18:35:03.264628+00:00,2026-04-21T18:44:01.998504+00:00,momentum,"Bitcoin Up or Down - April 21, 2:35PM-2:40PM ET",UP,Up,2.0,0.51,,LOSS,NO,-2.0,Down,0x4eff3511c1eee78bbf9ab83618d582a1402e535d8c69915244b4f3e8ce980bee,8744692569684301781290561769277484616881098359659074035047323032550145826073
2026-04-21T18:35:03.326000+00:00,2026-04-21T18:45:02.275358+00:00,momentum,"Ethereum Up or Down - April 21, 2:35PM-2:40PM ET",DOWN,Down,2.0,0.52,,WIN,YES,1.8461538461538458,Down,0xc8ebe0200a8e080d6323cd0598400e50585a37a2c0b517f857357dc35800d900,29292792463955933230508919419575552758768642132777001930791969181590926227422
2026-04-21T18:35:09.718611+00:00,2026-04-21T18:45:02.610096+00:00,momentum,"Solana Up or Down - April 21, 2:35PM-2:40PM ET",DOWN,Down,2.0,0.52,,WIN,YES,1.8461538461538458,Down,0x2d76191bfdeaac0c163b3f82cd6a8abdc1340ac6969bc9ffaaad606ccb7d9ada,53822120079446221000661378172728248330710084791820199240835929604974948164530
2026-04-21T18:35:06.534754+00:00,2026-04-21T18:46:02.671567+00:00,momentum,"XRP Up or Down - April 21, 2:35PM-2:40PM ET",UP,Up,2.0,0.51,,WIN,YES,1.9215686274509802,Up,0x98ba1e2994e991ae7b9723803d378cff1778f4de2928b036ce06448c584e31d1,96872352227422250893816648165912389548996751011762817741475344241827945666723
2026-04-21T18:40:18.447329+00:00,2026-04-21T18:51:06.113864+00:00,momentum,"XRP Up or Down - April 21, 2:40PM-2:45PM ET",DOWN,Down,2.0,0.52,,WIN,YES,1.8461538461538458,Down,0xd6a34afe85625301e9909b2230a86a5705d0c1eb69a185d7bf37df12d9a972bc,10488833211136618571078706169051823602419615892082780934260954902327712838155
2026-04-21T18:40:02.658516+00:00,2026-04-21T18:52:05.922930+00:00,momentum,"Solana Up or Down - April 21, 2:40PM-2:45PM ET",UP,Up,2.0,0.51,,WIN,YES,1.9215686274509802,Up,0x400edc6b7e29f7edc4289a085f69510d6e181d59c39d00ca7396c0d4162e4847,81995481155030460851635497676952698752927897032754109437372364562903280187287
2026-04-21T18:40:05.832310+00:00,2026-04-21T18:52:05.990717+00:00,momentum,"Ethereum Up or Down - April 21, 2:40PM-2:45PM ET",UP,Up,2.0,0.51,,LOSS,NO,-2.0,Down,0xf6b0b49ae5e483dfdd7bc7f77cae2db537a5805626a558f33a3196bb99cfea25,95545990546876296242647200506158681140197943321006913632659839161947745303626
2026-04-21T18:40:05.876510+00:00,2026-04-21T18:52:06.038424+00:00,momentum,"Bitcoin Up or Down - April 21, 2:40PM-2:45PM ET",UP,Up,2.0,0.51,,LOSS,NO,-2.0,Down,0xd7e88bdf5884e113d8ac8f7d44018393bb31dddb149ef75de6f374791e2bd451,22297369186061680468182208508516286387886374039140848484837457479341650315434
2026-04-21T18:45:05.145953+00:00,2026-04-21T18:53:07.068540+00:00,momentum,"Bitcoin Up or Down - April 21, 2:45PM-2:50PM ET",DOWN,Down,4.0,0.55,,WIN,YES,3.2727272727272725,Down,0x9efcdddfde6c64a534e0efea2a60917be215bbdeef9a9370b3d6fcbfa5225373,26607815415977476705289161312962053702714961333478430615533305060919062167741
2026-04-21T18:45:00.704221+00:00,2026-04-21T18:54:06.867150+00:00,momentum,"Ethereum Up or Down - April 21, 2:45PM-2:50PM ET",UP,Up,4.0,0.52,,LOSS,NO,-4.0,Down,0xb0efdd3acd4f3e5cc9b9e5412a6651d8b9e53421716dc6e01b07aa771780f007,100230230606351879358219498004114659913259609912241836740266458495595739817420
2026-04-21T18:45:04.979592+00:00,2026-04-21T18:54:06.919811+00:00,momentum,"Solana Up or Down - April 21, 2:45PM-2:50PM ET",UP,Up,2.0,0.51,,LOSS,NO,-2.0,Down,0xa66e6cf6b4ee1db76f32dba382be5885a7886a3990f065da317b8bbbcafdca5c,80628069708054507579255284548610496098225454375045296794362173434440889849589
2026-04-21T18:45:17.912593+00:00,2026-04-21T18:55:07.280578+00:00,momentum,"XRP Up or Down - April 21, 2:45PM-2:50PM ET",DOWN,Down,2.0,0.53,,WIN,YES,1.773584905660377,Down,0x9a2f0fa8f635bdcea8e4419f8ab9f5fb09baab85b52a658ca7b3bf6f12a31f33,86378638374845179054287059382251959061041777342489363628015698884056412297858
2026-04-21T18:50:01.282205+00:00,2026-04-21T18:59:10.269661+00:00,momentum,"XRP Up or Down - April 21, 2:50PM-2:55PM ET",UP,Up,2.0,0.56,,WIN,YES,1.5714285714285712,Up,0xf480dade0117c5f227b55177c79a1b4e2587be32ef269fb213e2903d1916e0ca,84803495679817878189504902845704664546722613101021237903224408706312295107404
2026-04-21T18:50:01.230499+00:00,2026-04-21T19:00:10.883217+00:00,momentum,"Bitcoin Up or Down - April 21, 2:50PM-2:55PM ET",UP,Up,2.0,0.52,,WIN,YES,1.8461538461538458,Up,0x163d9971c9ba839cd4de3041ec32c06e1ade1410154ef3031c9783e7724a142b,103923322953691225654555542379059974263679447059382461432806011607786284926040
2026-04-21T18:50:07.733582+00:00,2026-04-21T19:00:11.084458+00:00,momentum,"Solana Up or Down - April 21, 2:50PM-2:55PM ET",DOWN,Down,2.0,0.6,,LOSS,NO,-2.0,Up,0x975092fe6e9fcd8f3612ccf18a56ed6908a590fd7afa8371bdd94f8b90d0e00e,107313363074233590575482651235564008451072272485279800688232324651640627963087
2026-04-21T18:50:01.334647+00:00,2026-04-21T19:03:12.206490+00:00,momentum,"Ethereum Up or Down - April 21, 2:50PM-2:55PM ET",UP,Up,8.0,0.53,,WIN,YES,7.094339622641508,Up,0x1d8c690213368a20244350b66a1a02786dc081e9e84a6d383a5865c723e6d5a3,21593716446263209754327639477450082550517327318066539949907185127042523576141
2026-04-21T18:55:01.770276+00:00,2026-04-21T19:05:14.171144+00:00,momentum,"Solana Up or Down - April 21, 2:55PM-3:00PM ET",UP,Up,2.0,0.51,,WIN,YES,1.9215686274509802,Up,0x2216844825a0dd9e65dc43f487d78ff8d487b1cf1db499d7c8cc5b79b26b16bf,65789497148444734025717776331059679583464799949821230847162677516054745083908
2026-04-21T18:55:01.817036+00:00,2026-04-21T19:05:14.427863+00:00,momentum,"Ethereum Up or Down - April 21, 2:55PM-3:00PM ET",UP,Up,2.0,0.53,,WIN,YES,1.773584905660377,Up,0x6bbe3967afbbd692e189e855573fb7835f76a25b89d555eca46a078cc4b240ec,65581862917436727339326180445918787148472135375929542744148741097411075561662
2026-04-21T18:55:01.724141+00:00,2026-04-21T19:06:14.345161+00:00,momentum,"Bitcoin Up or Down - April 21, 2:55PM-3:00PM ET",UP,Up,2.0,0.51,,WIN,YES,1.9215686274509802,Up,0xc6610908e4f355c16502499bcae2bbcd4e2a86b9251cd293d143d82375fa465e,7768182139804191133785151014023015005793112277307584243370875619139414041493
2026-04-21T18:55:04.997218+00:00,2026-04-21T19:06:14.394793+00:00,momentum,"XRP Up or Down - April 21, 2:55PM-3:00PM ET",DOWN,Down,2.0,0.54,,LOSS,NO,-2.0,Up,0xe7bec1e39d3e2d390ad0677173ccf304e77c8c34d810645cc41a573a53a73863,73056625299766342709306443649764405701976479645516944541565614511895636294884
2026-04-21T19:00:03.203040+00:00,2026-04-21T19:11:16.269157+00:00,momentum,"XRP Up or Down - April 21, 3:00PM-3:05PM ET",DOWN,Down,2.0,0.51,,LOSS,NO,-2.0,Up,0xf3feebdbb81ebd80a5a40b0a882e474319c6e1cb488ac29e8163e5a898b73d17,2748173542895240288739942879816267459995205554943159216529044963873925610217
2026-04-21T19:00:03.111761+00:00,2026-04-21T19:12:16.480579+00:00,momentum,"Solana Up or Down - April 21, 3:00PM-3:05PM ET",DOWN,Down,2.0,0.52,,LOSS,NO,-2.0,Up,0xdac9efddf9becb247ce572f6c31cf157bf0f26ea9f8d6665b23b3b0ac9edc202,90638043450121591043650428618731397400904377597220741201885983697764193449367
2026-04-21T19:00:03.156393+00:00,2026-04-21T19:12:16.761618+00:00,momentum,"Bitcoin Up or Down - April 21, 3:00PM-3:05PM ET",UP,Up,2.0,0.54,,WIN,YES,1.7037037037037033,Up,0x41e214c92348b549600883c5c4febf962aaaca1484838bb1750c9e5e7deaa2ae,27351034006466677830025534541948851798539736828511060527681393654652186541350
2026-04-21T19:00:03.049926+00:00,2026-04-21T19:13:16.732974+00:00,momentum,"Ethereum Up or Down - April 21, 3:00PM-3:05PM ET",DOWN,Down,2.0,0.53,,LOSS,NO,-2.0,Up,0x3219da9fb5c8e21c8d836b02a0368c4539c2acb7c8883c79535d5a241d54b71b,63463146457904857652106670609835636991847331756349950673984870026807085063880
2026-04-21T19:05:02.468109+00:00,2026-04-21T19:14:17.625841+00:00,momentum,"Ethereum Up or Down - April 21, 3:05PM-3:10PM ET",DOWN,Down,4.0,0.52,,WIN,YES,3.6923076923076916,Down,0x0cc344d17b4bbbc39e307ce1a3a4b317c192f9980b85452e7073fbd059893994,26329090694650363625150055897404252575377840005613465528770672322212145328250
2026-04-21T19:05:05.728051+00:00,2026-04-21T19:14:17.679915+00:00,momentum,"Bitcoin Up or Down - April 21, 3:05PM-3:10PM ET",UP,Up,2.0,0.54,,LOSS,NO,-2.0,Down,0xad31b9ae6bdb4666ae0d21fb0ea2eb744900829696bc09462612c021e86146c7,79166944796245616672424332225177434151123646757721204112036978206232689369972
2026-04-21T19:05:05.775954+00:00,2026-04-21T19:14:17.730617+00:00,momentum,"Solana Up or Down - April 21, 3:05PM-3:10PM ET",UP,Up,4.0,0.52,,LOSS,NO,-4.0,Down,0x5812b1e7772755b0d235d0a12b6145f4efe81edb3c551ccc9b45b4f929fe093e,73425835902726838261110647732883772217067654848480977901033552071392568626910
2026-04-21T19:05:09.195963+00:00,2026-04-21T19:15:17.465920+00:00,momentum,"XRP Up or Down - April 21, 3:05PM-3:10PM ET",UP,Up,2.0,0.52,,LOSS,NO,-2.0,Down,0xd0e86dc2e2738f4c107b166fc8adb1f7c5b2003207022f7cdd692c1844f2e560,94450111809249882405920592155058902941451607364300757918191833042438553050870
2026-04-21T19:10:02.117920+00:00,2026-04-21T19:21:22.076341+00:00,momentum,"Solana Up or Down - April 21, 3:10PM-3:15PM ET",DOWN,Down,8.0,0.52,,WIN,YES,7.384615384615383,Down,0xa4201b5b955d15c9f24ded3e89446587ca5e342bd2e2b4cd64b0c8ee90c3c57e,1852581441237676401439673475073556597978254953591107821214689628336923040694
2026-04-21T19:10:02.163426+00:00,2026-04-21T19:21:22.239611+00:00,momentum,"Ethereum Up or Down - April 21, 3:10PM-3:15PM ET",DOWN,Down,2.0,0.51,,WIN,YES,1.9215686274509802,Down,0x67589f26efe9f47e2f52ab0085fecc2f1c6fc997bb4278b8811cbe1eff9a3633,109690949755625332334741435808821636292118600868613408522269632236410089874750
2026-04-21T19:10:08.841923+00:00,2026-04-21T19:21:22.471599+00:00,momentum,"XRP Up or Down - April 21, 3:10PM-3:15PM ET",DOWN,Down,4.0,0.51,,WIN,YES,3.8431372549019605,Down,0xd06b4ee1b56975a57536fdba48e9789c97a7bddb357a5f2a506d1cabb5cd833e,91941327133584952605004836296640954021695170822024260088700959571413594117679
2026-04-21T19:10:15.121897+00:00,2026-04-21T19:21:22.519269+00:00,momentum,"Bitcoin Up or Down - April 21, 3:10PM-3:15PM ET",UP,Up,2.0,0.51,,LOSS,NO,-2.0,Down,0x14ebaf7d6e2b5df0ae2860b2fe5400e435db0b1c0e710fa26ac278671eccdc79,65425536611177357754199563187337047319457226747016330133808604455662172837455
2026-04-21T19:15:03.196650+00:00,2026-04-21T19:23:23.655860+00:00,momentum,"Ethereum Up or Down - April 21, 3:15PM-3:20PM ET",UP,Up,2.0,0.58,,WIN,YES,1.4482758620689657,Up,0xaa9df89fa2d70c07c9525741b4f09f6bdaf24a931cb440ce56387b1d7af40a68,51769147823341735625953879832309881114954904889441375535007857401923743606371
2026-04-21T19:15:03.097074+00:00,2026-04-21T19:24:23.517251+00:00,momentum,"Bitcoin Up or Down - April 21, 3:15PM-3:20PM ET",UP,Up,4.0,0.59,,WIN,YES,2.779661016949153,Up,0xb5c4bf858ddf2c0245b692306c59dd1209b7b240a76f47f1eba4fee0c2d20244,24814103689161854956594158667890756927153581409815660611827510542794070646648
2026-04-21T19:15:03.154473+00:00,2026-04-21T19:24:23.717794+00:00,momentum,"Solana Up or Down - April 21, 3:15PM-3:20PM ET",UP,Up,2.0,0.53,,WIN,YES,1.773584905660377,Up,0xcc8016d06a64c853b05c2269ce6a1c6be0fa2182406ed25fe5d022ca38acb16a,62960554827219102154775546536576602935503489713074866139313418038190476832063
2026-04-21T19:15:03.241973+00:00,2026-04-21T19:24:23.766616+00:00,momentum,"XRP Up or Down - April 21, 3:15PM-3:20PM ET",UP,Up,2.0,0.58,,LOSS,NO,-2.0,Down,0xe0a16ca322de0b2be3085b2fe8a419167d40b449a2b6b89259de07d6970749bd,12263229946303081658941447543967658647446257917544473540138464065205490848302
2026-04-21T19:20:03.216209+00:00,2026-04-21T19:30:26.660207+00:00,momentum,"Ethereum Up or Down - April 21, 3:20PM-3:25PM ET",UP,Up,2.0,0.51,,WIN,YES,1.9215686274509802,Up,0x5270b50e4b7a77e360e66f9a47f3e32c30c34cb524434c9e8a054bee7a83d16a,38048334606586183447390739900747848356764237921470643477915522271733373808895
2026-04-21T19:20:03.259560+00:00,2026-04-21T19:30:26.827728+00:00,momentum,"XRP Up or Down - April 21, 3:20PM-3:25PM ET",UP,Up,4.0,0.58,,WIN,YES,2.8965517241379315,Up,0xdfb48668aa2da27debe671c71ae02cbf4cf8722b880c37989edd84b527b89638,14160497280073478294020574948171594478439554267453659517480054788853191583151
2026-04-21T19:20:03.301812+00:00,2026-04-21T19:30:26.999582+00:00,momentum,"Solana Up or Down - April 21, 3:20PM-3:25PM ET",UP,Up,2.0,0.51,,WIN,YES,1.9215686274509802,Up,0x6817cd7bf2bb7d53e58a217135b440abf1fd56c15ec23a04942e28a8692ced2a,60291914763862666652874625499251823186427329833843804452400345035360142861006
2026-04-21T19:20:03.347876+00:00,2026-04-21T19:31:27.280706+00:00,momentum,"Bitcoin Up or Down - April 21, 3:20PM-3:25PM ET",UP,Up,2.0,0.64,,WIN,YES,1.125,Up,0x0757fd18ca6bffccbdc6b94769fd5c4b9fb18b3cb6efd010f6e048c9aeedf3c1,45784685340698900995637043625903665010413044063547121504443143854585435290874
2026-04-21T19:25:02.731577+00:00,2026-04-21T19:35:31.016001+00:00,momentum,"XRP Up or Down - April 21, 3:25PM-3:30PM ET",DOWN,Down,2.0,0.51,,WIN,YES,1.9215686274509802,Down,0x5fe23f505e61f15aacd6aeb757e47935c9688ee3d1bbedf39e2dc1bc7999df42,71516942113522735190001942392506647352603316151748095067828453192509960035461
2026-04-21T19:25:09.126382+00:00,2026-04-21T19:35:31.360196+00:00,momentum,"Bitcoin Up or Down - April 21, 3:25PM-3:30PM ET",DOWN,Down,2.0,0.53,,WIN,YES,1.773584905660377,Down,0x40253a2267a759fbe6ff53131893d94caadd35ede77ce35244f06681f1906c65,44897626775315081504244531287293678838377832558102704353857588986312879112532
2026-04-21T19:25:02.689068+00:00,2026-04-21T19:36:31.758638+00:00,momentum,"Ethereum Up or Down - April 21, 3:25PM-3:30PM ET",DOWN,Down,2.0,0.54,,WIN,YES,1.7037037037037033,Down,0x64112832c12549aedc16b135f91b9636107c62ee9382dbcdaf031eaf056023ec,72271292558491752064397940561272263595479695551949474205678330139722768793641
2026-04-21T19:25:05.937755+00:00,2026-04-21T19:36:31.803290+00:00,momentum,"Solana Up or Down - April 21, 3:25PM-3:30PM ET",UP,Up,2.0,0.51,,LOSS,NO,-2.0,Down,0x3c066dcc2eb60386c63258d89499781a30418718bd8529d85ae5caf472aa3488,88286039298688628056182880928059134847412976170029142416466501084288253747619
2026-04-21T19:30:05.249819+00:00,2026-04-21T19:38:32.849511+00:00,momentum,"Ethereum Up or Down - April 21, 3:30PM-3:35PM ET",DOWN,Down,2.0,0.59,,WIN,YES,1.3898305084745766,Down,0xc0a4cacb67886a6ab6255a095ff5df4e2a1cf69969193bf7f92ce836d22dc47c,843743337326396108128035609256729002979858740850966011576982173139827224678
2026-04-21T19:30:02.096330+00:00,2026-04-21T19:39:32.884029+00:00,momentum,"Bitcoin Up or Down - April 21, 3:30PM-3:35PM ET",UP,Up,2.0,0.57,,LOSS,NO,-2.0,Down,0x7ba68ed6ec55158f2c7c7296901b492101e593a3c2feabd2557705f2ec9160ff,41853177176666667110876385662327932030914059626090009554627341432856592892024
2026-04-21T19:30:08.405876+00:00,2026-04-21T19:39:33.190576+00:00,momentum,"Solana Up or Down - April 21, 3:30PM-3:35PM ET",DOWN,Down,4.0,0.57,,WIN,YES,3.0175438596491233,Down,0xd1918f0f08d03b525cadfa5fd61f54979638fb82a5fe26011524be9b258b408b,23667109793128193342335518177992691478656334956208255071268036003815633600025
2026-04-21T19:30:05.294966+00:00,2026-04-21T19:40:33.419174+00:00,momentum,"XRP Up or Down - April 21, 3:30PM-3:35PM ET",DOWN,Down,2.0,0.51,,WIN,YES,1.9215686274509802,Down,0x3368766e5e86ea337a733e5df0a2fa49b195728150b9e78c0b678b53dfa04838,102211355596402587375650980756515455567568610909846000930801533661584591180554
2026-04-21T19:35:02.216036+00:00,2026-04-21T19:44:34.861011+00:00,momentum,"Ethereum Up or Down - April 21, 3:35PM-3:40PM ET",UP,Up,2.0,0.51,,LOSS,NO,-2.0,Down,0x6708241cfedac0db8340bf165826b192d94e46fc380fe5b3aba7f18423c14285,71463810764207489042323431013055785154209588307350250279038351741702069486792
2026-04-21T19:35:05.325818+00:00,2026-04-21T19:44:35.040494+00:00,momentum,"XRP Up or Down - April 21, 3:35PM-3:40PM ET",DOWN,Down,2.0,0.54,,WIN,YES,1.7037037037037033,Down,0x71bfbdf20344ef276967f067aeba90cad013fbfc7aba611039b5a7dd19eb3c15,34146781189089798203030406183473167509425449152754210377153581412174001859893
2026-04-21T19:35:02.170022+00:00,2026-04-21T19:45:35.079070+00:00,momentum,"Bitcoin Up or Down - April 21, 3:35PM-3:40PM ET",DOWN,Down,4.0,0.51,,WIN,YES,3.8431372549019605,Down,0x2837c4c08df351fe2b095585b04be3bf83ee48155b79609d4b6bcf00b8d83bf7,90040541616823513434887781424082399338042140628793465369114767959183102860734
2026-04-21T19:35:08.437726+00:00,2026-04-21T19:45:35.233688+00:00,momentum,"Solana Up or Down - April 21, 3:35PM-3:40PM ET",DOWN,Down,2.0,0.53,,WIN,YES,1.773584905660377,Down,0xb32b00a1adef7f5b52ec1d886dc8261b6b7073e21419a5f279adcf56bfd23cdc,93729532563816430040931040188242719791706893466142239638143286617347590783824
2026-04-21T19:40:02.940635+00:00,2026-04-21T19:50:38.106725+00:00,momentum,"XRP Up or Down - April 21, 3:40PM-3:45PM ET",UP,Up,2.0,0.51,,LOSS,NO,-2.0,Down,0x97fbeb8e46307504845aa4ae1e647c5b70e7830be7447268f570126613afb2c9,109589066980013077370058454115405101641115657000010659692374753608830356028311
2026-04-21T19:40:02.798927+00:00,2026-04-21T19:51:37.734338+00:00,momentum,"Ethereum Up or Down - April 21, 3:40PM-3:45PM ET",UP,Up,4.0,0.51,,LOSS,NO,-4.0,Down,0xb03782b93f7d4541d301f05ddeb7be298754ee5ad9ad2659b96beba42125f66e,43266269091326298803257688224572821503430415912455737263866191577224032325205
2026-04-21T19:40:02.843646+00:00,2026-04-21T19:51:37.790933+00:00,momentum,"Solana Up or Down - April 21, 3:40PM-3:45PM ET",UP,Up,2.0,0.51,,LOSS,NO,-2.0,Down,0x960ae8d2a1ee77b8b0de8e8f5ad19a607216ef0cff78c9f9db9d03ce9756db85,109034602940558552828852116999150546311265612279897434462603712921999724790962
2026-04-21T19:40:02.891195+00:00,2026-04-21T19:51:37.845879+00:00,momentum,"Bitcoin Up or Down - April 21, 3:40PM-3:45PM ET",UP,Up,2.0,0.54,,LOSS,NO,-2.0,Down,0x730d83a39bb2f5b4f8f365b6c6720c1952b87e7eb8c8f57a85c84f39f1726434,115265707051411196022809021912431421483823014276762409532603641450235755757143
2026-04-21T19:45:32.612801+00:00,2026-04-21T19:54:39.347713+00:00,momentum,"Ethereum Up or Down - April 21, 3:45PM-3:50PM ET",UP,Up,8.0,0.63,,WIN,YES,4.698412698412698,Up,0xad6c1e1fb6088e65733c70803963fb7500f01fb7db5743266786b621b5a4cb15,59854702913692003315910824579389865298182688561741919499529512310794856059778
2026-04-21T19:45:32.704715+00:00,2026-04-21T19:54:39.524185+00:00,momentum,"XRP Up or Down - April 21, 3:45PM-3:50PM ET",DOWN,Down,4.0,0.55,,LOSS,NO,-4.0,Up,0x67583a5b421f5de03433e49c07fa7ebcd4a5be4637bd6cbb9e06ecd85cab2267,8312331885794565805627748364269424404275106810011038168544474209445185515875
2026-04-21T19:45:32.563484+00:00,2026-04-21T19:55:39.865099+00:00,momentum,"Bitcoin Up or Down - April 21, 3:45PM-3:50PM ET",UP,Up,4.0,0.59,,WIN,YES,2.779661016949153,Up,0x2bf3d1f9d52cb1badcbcffa2f4ce0204a2f9b24ce4791008d0b14b253cee4ee1,79756782451037551608736546472007071606698256594685936182681952436514882833797
2026-04-21T19:45:32.660400+00:00,2026-04-21T19:55:40.020876+00:00,momentum,"Solana Up or Down - April 21, 3:45PM-3:50PM ET",UP,Up,4.0,0.62,,WIN,YES,2.451612903225807,Up,0xecb3f20e893caef210413fd83c5da7cfa2b1a275cb4816673185b3544ec29fa0,74274517841285137535278494491081419015714444301355699180608835242143404001618
2026-04-21T19:50:00.719255+00:00,2026-04-21T19:59:42.159676+00:00,momentum,"Ethereum Up or Down - April 21, 3:50PM-3:55PM ET",UP,Up,2.0,0.53,,LOSS,NO,-2.0,Down,0xd44509a75cab22a7edee0ab933df7646a72d35d54dba5e484ab3a47a436edba5,111771177452473457190086133692068452707624532598464142885218354536852557270805
2026-04-21T19:50:00.773998+00:00,2026-04-21T19:59:42.201976+00:00,momentum,"XRP Up or Down - April 21, 3:50PM-3:55PM ET",UP,Up,4.0,0.52,,LOSS,NO,-4.0,Down,0x26d72be0bfddfe2b0f2fa059c12bacd7a2e8057d564af9b22255a122aa7721e7,105165901853571059725807550908692964563318578343086779774896996585853817522231
2026-04-21T19:50:01.828064+00:00,2026-04-21T19:59:42.403550+00:00,momentum,"Solana Up or Down - April 21, 3:50PM-3:55PM ET",UP,Up,2.0,0.62,,WIN,YES,1.2258064516129035,Up,0x49ffdc9a2a1d121b19c7d43b0ac50b6b126e08108e5eaff29acc93ecc1cd001f,92064377151265517722586942478625201463892714723133927925174753953486636073655
2026-04-21T19:50:00.671644+00:00,2026-04-21T20:00:42.277640+00:00,momentum,"Bitcoin Up or Down - April 21, 3:50PM-3:55PM ET",UP,Up,2.0,0.53,,LOSS,NO,-2.0,Down,0xea84e2802ed8adbcb752b56d332c9f18d9dc4c6e42de842aac0fb700f3860ec0,19422754736466699732503053569555899288257080881490288236551149452958953699048
2026-04-21T19:55:00.740976+00:00,2026-04-21T20:05:45.705231+00:00,momentum,"Bitcoin Up or Down - April 21, 3:55PM-4:00PM ET",UP,Up,4.0,0.515,,WIN,YES,3.766990291262136,Up,0xc4e6e7fe984ecedd202d73090c1b27554d45fc781b571a71c52318d45f89eeac,98302532473238580283565889151172667198184948895839005554972123302042020222973
2026-04-21T19:55:02.898117+00:00,2026-04-21T20:06:46.120387+00:00,momentum,"Ethereum Up or Down - April 21, 3:55PM-4:00PM ET",UP,Up,4.0,0.53,,WIN,YES,3.547169811320754,Up,0x3951fab3b53073e18a47002bbb09ed87c4b27dc39e31ae00c9508f8f38afaf22,89305200776124613010603966083067089684834592575041219830144138378881569929289
2026-04-21T19:55:02.940818+00:00,2026-04-21T20:06:46.172237+00:00,momentum,"Solana Up or Down - April 21, 3:55PM-4:00PM ET",UP,Up,2.0,0.51,,LOSS,NO,-2.0,Down,0x417b5c0a6bcc6511728c4619aedd7f5fba1a5d420ab3497e8955fabef305e5f5,44893306359737408166646655810017903576472378806896019896494833198129559215229
2026-04-21T19:55:09.224402+00:00,2026-04-21T20:06:46.217042+00:00,momentum,"XRP Up or Down - April 21, 3:55PM-4:00PM ET",UP,Up,8.0,0.51,,LOSS,NO,-8.0,Down,0xf67b2d5858e0b46c2182d3b14cac4f8d836337b47d32de80206d2d26a7ef7101,93040705530785065345975863071028770252403028389465294379716795756587200840623
2026-04-21T20:00:02.619842+00:00,2026-04-21T20:11:48.205213+00:00,momentum,"Ethereum Up or Down - April 21, 4:00PM-4:05PM ET",DOWN,Down,2.0,0.63,,LOSS,NO,-2.0,Up,0x2fb2c44579fb3dd561775340a55f2bae5c361db735279b268e719c85ee1b04e6,86945973290483854007629438557110654442053416336414372381367219979180377008867
2026-04-21T20:00:05.876693+00:00,2026-04-21T20:11:48.551023+00:00,momentum,"XRP Up or Down - April 21, 4:00PM-4:05PM ET",DOWN,Down,16.0,0.51,,LOSS,NO,-16.0,Up,0xeb8a214540aedc502ec06884837ea4c8306df38b423a2a33d6733c141c79e312,4214848183286803268595502178971723534239060124284275384018730778521142822007
2026-04-21T20:00:02.683513+00:00,2026-04-21T20:12:48.480789+00:00,momentum,"Bitcoin Up or Down - April 21, 4:00PM-4:05PM ET",DOWN,Down,2.0,0.57,,LOSS,NO,-2.0,Up,0xedb35d967d5254d31d56edb2ca3b785a8528c4456f1972af381ac1d5420de999,40481390821559586637044828476863402718333688059738341199869951240078894545744
2026-04-21T20:00:05.813019+00:00,2026-04-21T20:12:48.541131+00:00,momentum,"Solana Up or Down - April 21, 4:00PM-4:05PM ET",DOWN,Down,4.0,0.59,,LOSS,NO,-4.0,Up,0xd80a3364e78e03381e128eef30c4c78f294699accbf157b3f0649921a040c334,22060962781243271103344960407105712720924106518457952169808030289811359826424
2026-04-21T20:05:02.925552+00:00,2026-04-21T20:14:49.867229+00:00,momentum,"Bitcoin Up or Down - April 21, 4:05PM-4:10PM ET",UP,Up,4.0,0.53,,WIN,YES,3.547169811320754,Up,0x667b60b6c51edb4f9df5901bada6c3d46a98a027a200f7407e6d1e01a2239995,84393592787188155880684008695517962354993967456554271213776291769532875530763
2026-04-21T20:05:02.978148+00:00,2026-04-21T20:14:50.047169+00:00,momentum,"Solana Up or Down - April 21, 4:05PM-4:10PM ET",UP,Up,8.0,0.52,,WIN,YES,7.384615384615383,Up,0xffa0b5706877993f4764c7f8017181852b0391ac5f8ba8a0f9b8ac6571032fc9,102084322153612929193837504524815451397534000507616405539987797413568311148543
2026-04-21T20:05:02.811560+00:00,2026-04-21T20:15:49.645253+00:00,momentum,"Ethereum Up or Down - April 21, 4:05PM-4:10PM ET",UP,Up,4.0,0.51,,WIN,YES,3.8431372549019605,Up,0x4f3df5d6b924932b91f28cf896bbc13b8af787ac25501ef657f95cf461da4f0b,44347028868525968060544966092219873975911333720872992904001194932868372424143
2026-04-21T20:05:02.870239+00:00,2026-04-21T20:15:49.809994+00:00,momentum,"XRP Up or Down - April 21, 4:05PM-4:10PM ET",UP,Up,32.0,0.51,,WIN,YES,30.745098039215684,Up,0xf52fe860ebeecc0e48dfc9f3cfd22fdd283c0ce75c776c9d520754a63de2efb6,94614882458750449337732037677551462304559531291506155474446849275948537599474
2026-04-21T20:10:01.219137+00:00,2026-04-21T20:20:50.943996+00:00,momentum,"Ethereum Up or Down - April 21, 4:10PM-4:15PM ET",DOWN,Down,2.0,0.52,,LOSS,NO,-2.0,Up,0x04af9b0986be2c4d8cd4ea7fbb2717fba9079f43f0154ee821f2a619ee1cf1d9,50848535679709945304238018131232563661272142358933277289330460766418243485280
2026-04-21T20:10:01.327569+00:00,2026-04-21T20:20:51.132036+00:00,momentum,"XRP Up or Down - April 21, 4:10PM-4:15PM ET",DOWN,Down,2.0,0.52,,LOSS,NO,-2.0,Up,0x3ccadbdbce6044c6f2d1be6af15c82109c5d4f57c1020d3a03abf13d4d9a95ee,112801748640442178795668902218724462726608431467851766748060834021475784608109
2026-04-21T20:10:08.088352+00:00,2026-04-21T20:20:51.450892+00:00,momentum,"Bitcoin Up or Down - April 21, 4:10PM-4:15PM ET",UP,Up,2.0,0.58,,WIN,YES,1.4482758620689657,Up,0x8444618253ce828eafa3159e235a9c3371a5a5466cf3f58bb366939a27d56c8b,22960456818312611440567431836956443540655541575636329387014697520077010702285
2026-04-21T20:10:01.276777+00:00,2026-04-21T20:21:51.235739+00:00,momentum,"Solana Up or Down - April 21, 4:10PM-4:15PM ET",DOWN,Down,2.0,0.51,,LOSS,NO,-2.0,Up,0x01cf1674cb0dd0bb7bd316445ab46081c606a17aaad2be20e87b4e219cca2248,56961934183494011876579502270257947188628566840998323315977552321572992928935
2026-04-21T20:15:00.977705+00:00,2026-04-21T20:23:53.658630+00:00,momentum,"XRP Up or Down - April 21, 4:15PM-4:20PM ET",DOWN,Down,4.0,0.53,,WIN,YES,3.547169811320754,Down,0xd5e87a068db02fd826f5dc76b0daafbf66aae63df3dcf09dff2f4e1c694fb976,70411150143894568667507299854658790744030404003301242352769690850456299682333
2026-04-21T20:15:01.056043+00:00,2026-04-21T20:23:53.704477+00:00,momentum,"Solana Up or Down - April 21, 4:15PM-4:20PM ET",DOWN,Down,4.0,0.51,,LOSS,NO,-4.0,Up,0x430cd3b6d6432f3814e399e97825ac42d326019803a759264eaa520b228ace5b,61282760646369210938050567689259803611868098119280499985451603940891163347432
2026-04-21T20:15:00.861259+00:00,2026-04-21T20:24:54.037453+00:00,momentum,"Ethereum Up or Down - April 21, 4:15PM-4:20PM ET",DOWN,Down,4.0,0.52,,WIN,YES,3.6923076923076916,Down,0x1e4fe7474f649e4d2a632caf16f32a0703d824f35a44078994a63e3b26b76ba5,28465476879259839898111631362136393850308834929987636476164891186487690878184
2026-04-21T20:15:00.918689+00:00,2026-04-21T20:24:54.231237+00:00,momentum,"Bitcoin Up or Down - April 21, 4:15PM-4:20PM ET",DOWN,Down,2.0,0.51,,WIN,YES,1.9215686274509802,Down,0xe64a7a4ec3c5191768d38ed62c968f269c13db7d4cb2016916b94d7aa0aae16a,16297480159068282869185895571868859453066295436717826557979617142199625528662
2026-04-21T20:20:01.790726+00:00,2026-04-21T20:29:56.399567+00:00,momentum,"Bitcoin Up or Down - April 21, 4:20PM-4:25PM ET",DOWN,Down,2.0,0.51,,LOSS,NO,-2.0,Up,0x9c991bc8b8b073936b36ba066e7ceeb7ae7ed32176ee72fe6d69b2eba389a6c3,82020411914507969365833835677402120346210399129964610684059613578038696306003
2026-04-21T20:20:01.836608+00:00,2026-04-21T20:29:56.452915+00:00,momentum,"Solana Up or Down - April 21, 4:20PM-4:25PM ET",DOWN,Down,4.0,0.51,,LOSS,NO,-4.0,Up,0xf8b397a799a5d6f8c4e863a1678e353e0d95e41cf0bdea3bdeb6c3c506d3f8fd,7427706375931452581314935187758400779166876700692293378742746325642716050271
2026-04-21T20:20:01.886354+00:00,2026-04-21T20:30:56.678736+00:00,momentum,"Ethereum Up or Down - April 21, 4:20PM-4:25PM ET",DOWN,Down,2.0,0.54,,LOSS,NO,-2.0,Up,0x51c65218fe69775d9e59b397be5d76f7ed01e4c003ed97b5afae861380ab097a,97336081903475788005764950561107361246478814406291893736678328473058058116277
2026-04-21T20:20:09.284526+00:00,2026-04-21T20:30:56.850265+00:00,momentum,"XRP Up or Down - April 21, 4:20PM-4:25PM ET",UP,Up,2.0,0.52,,WIN,YES,1.8461538461538458,Up,0x45fdc64f2c343d0e8eeb719e79bef93317763ce1b5794ac53e36af5327e936c8,101903115079327497405545394725149569065253396821152761620592816246054165531033
2026-04-21T20:25:05.348318+00:00,2026-04-21T20:36:00.688742+00:00,momentum,"XRP Up or Down - April 21, 4:25PM-4:30PM ET",UP,Up,2.0,0.53,,WIN,YES,1.773584905660377,Up,0x4d371b8abeffb879cd68690fd00bbeec141429eae2f56403cb9cea7327e16874,100454316653456735055007702222282929204153577504301500919504125488905613417789
2026-04-21T20:25:02.100660+00:00,2026-04-21T20:37:00.846414+00:00,momentum,"Bitcoin Up or Down - April 21, 4:25PM-4:30PM ET",UP,Up,4.0,0.54,,WIN,YES,3.4074074074074066,Up,0x4f99f1bbac2bbf92813df01522a1ec0af7b3ba320d614b679e9bd1a74b21d597,74966727266312577719540003933065529914594782692954667263785005374613728973728
2026-04-21T20:25:02.152214+00:00,2026-04-21T20:37:01.060023+00:00,momentum,"Solana Up or Down - April 21, 4:25PM-4:30PM ET",DOWN,Down,4.0,0.51,,WIN,YES,3.8431372549019605,Down,0x2c5e3de0cf273c301c72dd09e65ac95fb576ee6ac9a437e52e560d83acc1dad9,9421906688314262641049307533544431227517022099230072741752314330728858710600
2026-04-21T20:25:05.293995+00:00,2026-04-21T20:37:01.425951+00:00,momentum,"Ethereum Up or Down - April 21, 4:25PM-4:30PM ET",UP,Up,4.0,0.6,,WIN,YES,2.666666666666667,Up,0xe28d36f7cf663c4510d6f63c5b38a748a5235b86737f59445c893e2272e7a655,85947125775855034793778583316147848116937026182854307168259853373511225923296
2026-04-21T20:30:01.743299+00:00,2026-04-21T20:39:02.760384+00:00,momentum,"Bitcoin Up or Down - April 21, 4:30PM-4:35PM ET",DOWN,Down,2.0,0.52,,LOSS,NO,-2.0,Up,0xea46cbacee94e5392ec2f1dae81887e8fbb2dcff5aa654a2fffa98cfb5b5a654,85085322985586078193347598836303626995352763621434565835260982432742825626920
2026-04-21T20:30:01.796483+00:00,2026-04-21T20:39:02.809604+00:00,momentum,"Ethereum Up or Down - April 21, 4:30PM-4:35PM ET",DOWN,Down,8.0,0.51,,LOSS,NO,-8.0,Up,0xb7fe6956a60eecddd0fabbe9bf2435bc04c54ed7ae6ab4ca9de7b3d5623d6e19,38273866242340897456816428306369726544449964242105112155061019397412053988714
2026-04-21T20:30:05.003670+00:00,2026-04-21T20:39:03.209556+00:00,momentum,"XRP Up or Down - April 21, 4:30PM-4:35PM ET",UP,Up,2.0,0.57,,WIN,YES,1.5087719298245617,Up,0x793cb7270ca297aa3e812aea75bcdde1041429e4ba6c3c31c5a6a38354e1cbca,88782549113918440187045983398478946754443581726470824148583264358890597138346
2026-04-21T20:30:01.855427+00:00,2026-04-21T20:40:02.630944+00:00,momentum,"Solana Up or Down - April 21, 4:30PM-4:35PM ET",DOWN,Down,2.0,0.51,,LOSS,NO,-2.0,Up,0x73b68a94638d8fc1eb572f4c8149eaff670c3b7115f11d6e4b99df2c83c1c7f8,33220927702313384333818438878930570605144417618447573636677538068284599474612
2026-04-21T20:35:11.629493+00:00,2026-04-21T20:44:05.759484+00:00,momentum,"XRP Up or Down - April 21, 4:35PM-4:40PM ET",UP,Up,2.0,0.54,,LOSS,NO,-2.0,Down,0x46d44b57a67f3878525b26245b08885c30c2785d0de74965eed7fe4aeef8c873,80789866978757563862149873019017778331897487540534028130952709652880284774528
2026-04-21T20:35:02.259641+00:00,2026-04-21T20:45:06.711671+00:00,momentum,"Bitcoin Up or Down - April 21, 4:35PM-4:40PM ET",DOWN,Down,4.0,0.54,,WIN,YES,3.4074074074074066,Down,0x767c20edc8918ecc88be4109de25fd8308ce26a2306e4656903205572a6ac31a,2120354543956083696562965459371347455090777727731386339331107898449627717531
2026-04-21T20:35:02.314127+00:00,2026-04-21T20:45:06.964061+00:00,momentum,"Ethereum Up or Down - April 21, 4:35PM-4:40PM ET",DOWN,Down,16.0,0.51,,WIN,YES,15.372549019607842,Down,0xccdbcdfa1f10639afcbf204f6204e3aa72b6af03e00231bf28dcfc8f9be5929b,24114927661383540683600335000495801827960757657242189991755314156912665271795
2026-04-21T20:35:02.368757+00:00,2026-04-21T20:46:07.375084+00:00,momentum,"Solana Up or Down - April 21, 4:35PM-4:40PM ET",DOWN,Down,4.0,0.53,,WIN,YES,3.547169811320754,Down,0x27e199b12f47e2e7023498b273aa4d33c3de8e2b363dc18d4e2076f78de5fe4e,111844080957234031053321056614021341319684462886255789199188777404448751338282
2026-04-21T20:40:32.738645+00:00,2026-04-21T20:50:10.975135+00:00,momentum,"Bitcoin Up or Down - April 21, 4:40PM-4:45PM ET",DOWN,Down,2.0,0.58,,WIN,YES,1.4482758620689657,Down,0x668347e258331c202df193878cd9d6deb3ab7876acac1de85748cf76f5092abc,92813933822381457759104102005037713911096693991863442378345965362774717566815
2026-04-21T20:40:32.787286+00:00,2026-04-21T20:50:11.371257+00:00,momentum,"Ethereum Up or Down - April 21, 4:40PM-4:45PM ET",DOWN,Down,2.0,0.6,,WIN,YES,1.3333333333333335,Down,0x8c98b4d327c7e94ffc53316951692c36e88e4ba624f2eb2ef130645ed7f0457d,90528903758752225003237582269265125300025242606881249117058102613678762090927
2026-04-21T20:40:32.842556+00:00,2026-04-21T20:51:11.382940+00:00,momentum,"Solana Up or Down - April 21, 4:40PM-4:45PM ET",DOWN,Down,2.0,0.62,,WIN,YES,1.2258064516129035,Down,0x0278d8699711b050f13b3f791e38c926ac62e53494fa56774a7c7287d3ecc017,26882022265480336168508246816307069331718951866959710429769655500731565284731
2026-04-21T20:40:32.891938+00:00,2026-04-21T20:51:11.661298+00:00,momentum,"XRP Up or Down - April 21, 4:40PM-4:45PM ET",DOWN,Down,4.0,0.68,,WIN,YES,1.8823529411764701,Down,0xab00239bcc725722ca9b9c2925c23b7c9612050000ca5b3fdc4c3796f399ae3e,9811493015712384402793254097902963929895323690769109530142153136008043089739
2026-04-21T20:45:03.850091+00:00,2026-04-21T20:53:12.775159+00:00,momentum,"Ethereum Up or Down - April 21, 4:45PM-4:50PM ET",UP,Up,2.0,0.51,,WIN,YES,1.9215686274509802,Up,0xd4914427461817e4641a2030efa9562f180efdb4b559ef58cad85e3f5753f988,15915941445149115649250395846433240134944677926803000397137054582716603420343
2026-04-21T20:45:03.792142+00:00,2026-04-21T20:54:12.731395+00:00,momentum,"Solana Up or Down - April 21, 4:45PM-4:50PM ET",DOWN,Down,2.0,0.51,,WIN,YES,1.9215686274509802,Down,0x85ce708c2c5b2a6204658c34080900f5d016994e8222e4a7204a68205ad0adc6,84014302087354730742585734442714846191149460605504992707666962062060807884776
2026-04-21T20:45:00.655787+00:00,2026-04-21T20:55:13.182419+00:00,momentum,"Bitcoin Up or Down - April 21, 4:45PM-4:50PM ET",DOWN,Down,2.0,0.51,,LOSS,NO,-2.0,Up,0x8415d09a9d4b50e2296fc4fab7c91a7672936c90e98d4769262a1ce6b39dd65a,79814256270292613387078240967979360056495474071354354373687211940891598187517
2026-04-21T20:45:03.903571+00:00,2026-04-21T20:55:13.367302+00:00,momentum,"XRP Up or Down - April 21, 4:45PM-4:50PM ET",DOWN,Down,2.0,0.51,,WIN,YES,1.9215686274509802,Down,0xf644cf484d8a5aa348fca5de3006dcbf84d7df486c229b3cc7edddca202ab56d,7961959348904819235256960058301299539171987323966002635337582823742958071777
2026-04-21T20:50:03.197665+00:00,2026-04-21T21:00:16.914641+00:00,momentum,"Ethereum Up or Down - April 21, 4:50PM-4:55PM ET",UP,Up,2.0,0.58,,WIN,YES,1.4482758620689657,Up,0x0a95f0df3d2f4ff4c72fed3f69c469037e0b96368049ad510e8e089a0cd1b081,107115168073028086417116688699944269123347185331979875008553202179449035213542
2026-04-21T20:50:03.250560+00:00,2026-04-21T21:00:16.959317+00:00,momentum,"Bitcoin Up or Down - April 21, 4:50PM-4:55PM ET",UP,Up,2.0,0.6,,LOSS,NO,-2.0,Down,0xfb80084dceee1fc7bb0e5c06eff87d71db6b301fdeef2e9e57bb2edcdc7be3e8,32208233357195565030746415199739592248157706399246158326904297220683149167002
2026-04-21T20:50:03.335118+00:00,2026-04-21T21:00:17.008842+00:00,momentum,"XRP Up or Down - April 21, 4:50PM-4:55PM ET",UP,Up,2.0,0.56,,LOSS,NO,-2.0,Down,0x92cd2014bdd47b971c90b1de850c680beb041eb8204de4c075eccc16a3863b50,85077301577581178846216041603812968827885068122904277947358989076319401294774
2026-04-21T20:50:03.398684+00:00,2026-04-21T21:00:17.205548+00:00,momentum,"Solana Up or Down - April 21, 4:50PM-4:55PM ET",UP,Up,2.0,0.6,,WIN,YES,1.3333333333333335,Up,0xbe115a26b1952b50008187dda4e35b6ddfee504b0c0bc1cbe9519e9db5dc1859,71753849815082863961402223633705048123150770052564889640372150785232428977080
2026-04-21T20:55:04.604210+00:00,2026-04-21T21:05:20.410898+00:00,momentum,"Solana Up or Down - April 21, 4:55PM-5:00PM ET",DOWN,Down,2.0,0.51,,WIN,YES,1.9215686274509802,Down,0x6c3d8a5aa3618ba15a9da3338dde8d51957457e25c20bbd89d00a422792d5e6c,74538521963519046746392791122144321858756467583554146281810205367100982091003
2026-04-21T20:55:01.332652+00:00,2026-04-21T21:06:20.985581+00:00,momentum,"Bitcoin Up or Down - April 21, 4:55PM-5:00PM ET",UP,Up,4.0,0.51,,WIN,YES,3.8431372549019605,Up,0x6e376d22105e5e71b70420fd449cecc679f7f7a0332efb2ef28b42d101aa99ae,57076435147520823963163244218663327981171227449622396394694024402641482885753
2026-04-21T20:55:04.558476+00:00,2026-04-21T21:06:21.033362+00:00,momentum,"Ethereum Up or Down - April 21, 4:55PM-5:00PM ET",UP,Up,2.0,0.54,,LOSS,NO,-2.0,Down,0x43d20a9d93be8444bd677d30ffc11ee4817be01ec9ae103e3171650c23b776cb,79176101667738237071096848561316878369247141222701398120077393386331532801282
2026-04-21T20:55:15.615704+00:00,2026-04-21T21:06:21.201475+00:00,momentum,"XRP Up or Down - April 21, 4:55PM-5:00PM ET",DOWN,Down,4.0,0.56,,WIN,YES,3.1428571428571423,Down,0xedae6b54161e2ceb5170bb7372188c7ebd7ca6b95b1f8ff2142c45a15e610033,87585467719159979445610271446392674839463437181494511297634369158690984591515
2026-04-21T21:00:04.749987+00:00,2026-04-21T21:08:21.400015+00:00,momentum,"Solana Up or Down - April 21, 5:00PM-5:05PM ET",DOWN,Down,2.0,0.58,,WIN,YES,1.4482758620689657,Down,0x8e4334d7a6f1cc44cad30814755feef62341fc7ad7a8515e2fbe0f2511b4f9d7,88021064612272319198758925890572590913655200278453435021057502296308406229307
2026-04-21T21:00:01.512839+00:00,2026-04-21T21:09:21.436023+00:00,momentum,"Bitcoin Up or Down - April 21, 5:00PM-5:05PM ET",UP,Up,2.0,0.59,,LOSS,NO,-2.0,Down,0xbb1e047ed5cfd0807e5976ae8ccd6180cecb64c4a471b9ee4f253d826b161957,85498402609811312465506087496790423381384348263013064323339010623901530463124
2026-04-21T21:00:01.597939+00:00,2026-04-21T21:09:21.497675+00:00,momentum,"Ethereum Up or Down - April 21, 5:00PM-5:05PM ET",UP,Up,4.0,0.58,,LOSS,NO,-4.0,Down,0x3445a4dd8d94b2643fd65a46a2a61773de4fb80c17dbb16c941a73271a5895ba,111626872922071801580115929511692125904689607443287492963578274758233053739900
2026-04-21T21:00:04.806719+00:00,2026-04-21T21:09:21.652442+00:00,momentum,"XRP Up or Down - April 21, 5:00PM-5:05PM ET",DOWN,Down,2.0,0.63,,WIN,YES,1.1746031746031744,Down,0x4334ae909a752cd605b87effc2e4e4174926b32e1e171acec524091a9f3f5140,6302021529176420821637925946421980913791969027278419506598512636846359300167
2026-04-21T21:05:01.707073+00:00,2026-04-21T21:14:23.539834+00:00,momentum,"XRP Up or Down - April 21, 5:05PM-5:10PM ET",UP,Up,2.0,0.51,,LOSS,NO,-2.0,Down,0xeff8e3665508b8f4e9c820533d61e19a4ff60240fd0a7e8f861bb00dbfd9e9b7,13214902936804090422075518946964414320104900467881203578889315555784102816977
2026-04-21T21:05:31.949515+00:00,2026-04-21T21:14:23.975267+00:00,momentum,"Ethereum Up or Down - April 21, 5:05PM-5:10PM ET",DOWN,Down,8.0,0.59,,WIN,YES,5.559322033898306,Down,0xdea21a9e91c0881c90f018b8f94924dcebf375c7dfd2426f180034d8f362f9b7,83141354256066401477787148790488715167999171376465402534928465166794479671119
2026-04-21T21:05:01.773681+00:00,2026-04-21T21:15:24.185596+00:00,momentum,"Bitcoin Up or Down - April 21, 5:05PM-5:10PM ET",UP,Up,4.0,0.52,,LOSS,NO,-4.0,Down,0xeec853a149cafccd6b6439285d569c91cfea0af2f5e4229c38a8314644d65ea1,42020967611036746539555570654349249867266923541494598483722468057889458818534
2026-04-21T21:05:07.964407+00:00,2026-04-21T21:15:24.341636+00:00,momentum,"Solana Up or Down - April 21, 5:05PM-5:10PM ET",DOWN,Down,2.0,0.51,,WIN,YES,1.9215686274509802,Down,0x26eb9a2584ac7ebadb44e1b02876b7fb502db33115e0de91ce2de0a8078fa505,77677734351734060126860716292270437566327643887854121857470971108572931914251
2026-04-21T21:10:09.468865+00:00,2026-04-21T21:20:27.486278+00:00,momentum,"Ethereum Up or Down - April 21, 5:10PM-5:15PM ET",UP,Up,2.0,0.51,,WIN,YES,1.9215686274509802,Up,0x503063d0b28cb3821221f02276225d66f30e4107a06bddfdb0872bac1a9ea36f,24380368970045409595499446262620675112192658469985671266972858017037094565802
2026-04-21T21:10:02.906791+00:00,2026-04-21T21:21:28.321035+00:00,momentum,"Bitcoin Up or Down - April 21, 5:10PM-5:15PM ET",DOWN,Down,8.0,0.54,,WIN,YES,6.814814814814813,Down,0xdb286d12278eeec773b645e3d14bffc05ae6dd67d90828ca07dd9f655a181683,7126533582888461028583368882146999356163260608739796825409905866920313021678
2026-04-21T21:10:02.951902+00:00,2026-04-21T21:21:28.532312+00:00,momentum,"Solana Up or Down - April 21, 5:10PM-5:15PM ET",DOWN,Down,2.0,0.51,,WIN,YES,1.9215686274509802,Down,0x36534aad1df653bc7e1b539c711822499605dbcc17fc52c19560f90a4e158930,102319225529601767535582633405239883508606900700089450083142215097765152200211
2026-04-21T21:10:03.008349+00:00,2026-04-21T21:21:28.693854+00:00,momentum,"XRP Up or Down - April 21, 5:10PM-5:15PM ET",UP,Up,4.0,0.56,,WIN,YES,3.1428571428571423,Up,0xd96dd114c3aed6de7a3189637c71f5714b4530d92c3e014b8fd4d6012ec20718,64366259182257431224874818711779659087803650791942654904247267543635986633645
2026-04-21T21:15:00.412224+00:00,2026-04-21T21:26:29.716428+00:00,momentum,"Bitcoin Up or Down - April 21, 5:15PM-5:20PM ET",DOWN,Down,2.0,0.51,,LOSS,NO,-2.0,Up,0xa3479e69027e24e493481caec622953ae0fd159e5d687440a3c96d26c5429c3d,42471476390633279389883761380761788326148496607661536837957560558147755771692
2026-04-21T21:15:03.591467+00:00,2026-04-21T21:27:30.853279+00:00,momentum,"Solana Up or Down - April 21, 5:15PM-5:20PM ET",UP,Up,2.0,0.51,,LOSS,NO,-2.0,Down,0xe2cdf0f38645ef4f5efe321cedb55177d60bc32ac690ca44d06acba7d2c90ed1,21217514794206282114241180102308443809171024653513561819840906193364148631321
2026-04-21T21:15:03.651121+00:00,2026-04-21T21:27:31.034712+00:00,momentum,"Ethereum Up or Down - April 21, 5:15PM-5:20PM ET",DOWN,Down,2.0,0.51,,WIN,YES,1.9215686274509802,Down,0x5740ccd46d43378b635ded761633b72db09aee734f22894d766d6a0565ccdd8d,35081032237802378808903709929272077591690336443276892039169881082493778835811
2026-04-21T21:15:06.840152+00:00,2026-04-21T21:27:31.253346+00:00,momentum,"XRP Up or Down - April 21, 5:15PM-5:20PM ET",DOWN,Down,2.0,0.59,,WIN,YES,1.3898305084745766,Down,0x3453063fc950f60c6c869ce3bbe5fd46cabc78c327c16250a7f07fe8c9c70ff6,69364184224832937698071482942682819594670409679093294967259925723737600144525
2026-04-21T21:20:03.069545+00:00,2026-04-21T21:29:31.253264+00:00,momentum,"Solana Up or Down - April 21, 5:20PM-5:25PM ET",UP,Up,4.0,0.54,,WIN,YES,3.4074074074074066,Up,0x73c64c92492504ae86b99b4e16ec8e5c5b2e1bb753d9fed9b3abcac4c768104a,53369502190081787351612357874915151875751669404968112513867570845120734851549
2026-04-21T21:20:06.254296+00:00,2026-04-21T21:29:31.428327+00:00,momentum,"Ethereum Up or Down - April 21, 5:20PM-5:25PM ET",UP,Up,2.0,0.6,,WIN,YES,1.3333333333333335,Up,0xc18b085f1a6461c2b004d79387f4e90e355b7228b4db5951ad7dcd7dd4a74b69,61641547205852537552820513271806200612294464909640090712557434178872437489703
2026-04-21T21:20:06.303975+00:00,2026-04-21T21:30:31.974062+00:00,momentum,"Bitcoin Up or Down - April 21, 5:20PM-5:25PM ET",UP,Up,2.0,0.6,,WIN,YES,1.3333333333333335,Up,0x856373d5baf5849549e3b61af3a0e09aa08badb0013acf6e0e19dfd882eb9c7b,84394886921217057625660032575530821818181589982898216002027327255235880161493
2026-04-21T21:20:06.353813+00:00,2026-04-21T21:30:32.138774+00:00,momentum,"XRP Up or Down - April 21, 5:20PM-5:25PM ET",UP,Up,2.0,0.56,,WIN,YES,1.5714285714285712,Up,0x6d5facb32ae8a1b1d1bb37c97efb0eec35ff21ce692ae21e71ca24749a21cc42,40801936780567765896147380299750847516237374191611118120685674378730042515773
2026-04-21T21:25:02.948503+00:00,2026-04-21T21:35:33.883611+00:00,momentum,"XRP Up or Down - April 21, 5:25PM-5:30PM ET",UP,Up,2.0,0.51,,LOSS,NO,-2.0,Down,0xa10d9e136c4c5d0590532832c4b771cdc7527529825247ffe2fd12f1d87e0766,32100103749271620320864116160253769666498380739548896460048581919393902715012
2026-04-21T21:25:03.003586+00:00,2026-04-21T21:35:34.047948+00:00,momentum,"Ethereum Up or Down - April 21, 5:25PM-5:30PM ET",DOWN,Down,2.0,0.51,,WIN,YES,1.9215686274509802,Down,0x4507f6ba4144642e0094c43c6f012b088a1248cfdc306d2d5c72efe4df4946f4,105506573460020539074664388256119385262278099986402369776629274517868253458922
2026-04-21T21:25:09.282037+00:00,2026-04-21T21:36:34.335591+00:00,momentum,"Solana Up or Down - April 21, 5:25PM-5:30PM ET",UP,Up,2.0,0.51,,LOSS,NO,-2.0,Down,0x961a63c4ff97ecc1208cb41a7efbbbaffd9ade97c740c64a93d6d763dbafe618,32328531176085391671223895399624377263309244036257664538282287315456909931041
2026-04-21T21:25:02.897860+00:00,2026-04-21T21:37:34.780013+00:00,momentum,"Bitcoin Up or Down - April 21, 5:25PM-5:30PM ET",DOWN,Down,2.0,0.53,,WIN,YES,1.773584905660377,Down,0xa5b31ff7ad27cf88d7a7d225df17732641e3ff8d991c718448cf36f912d44cbd,74258782474284700079524642617223896272880007371075508965446592487713830418905
2026-04-21T21:30:02.121600+00:00,2026-04-21T21:38:36.051899+00:00,momentum,"Ethereum Up or Down - April 21, 5:30PM-5:35PM ET",UP,Up,2.0,0.52,,WIN,YES,1.8461538461538458,Up,0xb6076fbdc6a5ddc22ca48efafda5649a0335d82d2d7939d2c38d1b785f4b9ec8,71982860324308557149943217757816787880408881843546648237662727235505226555619
2026-04-21T21:30:02.013183+00:00,2026-04-21T21:39:36.146141+00:00,momentum,"Solana Up or Down - April 21, 5:30PM-5:35PM ET",UP,Up,4.0,0.51,,WIN,YES,3.8431372549019605,Up,0x39ac51c3aeb7da62a84447b2fbe60ed2236f5b35672947df65a3c72451c2792d,87523989714315719098833468960793675028761147558795757730412633730949638209938
2026-04-21T21:30:02.069216+00:00,2026-04-21T21:39:36.312501+00:00,momentum,"XRP Up or Down - April 21, 5:30PM-5:35PM ET",UP,Up,4.0,0.58,,WIN,YES,2.8965517241379315,Up,0xb7529d249a8e6f8fe69c02b114b6aba4b1215498f7648ee8e04d1fc79ea4185c,115208388666488482128563074256840639234377637989996854708457727168444518695041
2026-04-21T21:30:05.245412+00:00,2026-04-21T21:41:36.875416+00:00,momentum,"Bitcoin Up or Down - April 21, 5:30PM-5:35PM ET",UP,Up,2.0,0.51,,WIN,YES,1.9215686274509802,Up,0x05a5b2fa52baf7ad54ca718956f7e7c1bc0a87c04c300b7e292ad8058e968819,15999520155212439809996245102749555713409324355663910462797708064705254753654
2026-04-21T21:35:03.382019+00:00,2026-04-21T21:44:37.682154+00:00,momentum,"XRP Up or Down - April 21, 5:35PM-5:40PM ET",DOWN,Down,2.0,0.51,,WIN,YES,1.9215686274509802,Down,0x770f16dca2ced0a161e849c79582096d84f64df7deeb70f5478aaad08f6f1ba3,76074256749046859345023059510600689505837285727979252043465356886649907807145
2026-04-21T21:35:03.335600+00:00,2026-04-21T21:45:38.129388+00:00,momentum,"Ethereum Up or Down - April 21, 5:35PM-5:40PM ET",DOWN,Down,2.0,0.51,,LOSS,NO,-2.0,Up,0x57b13dd0e5716707611f0258ae8864539993c148d257d5a6657c7cc5d80f873a,23942285648641859475515376889307478622006807703593231553408073959825121134589
2026-04-21T21:35:06.507424+00:00,2026-04-21T21:45:38.300019+00:00,momentum,"Bitcoin Up or Down - April 21, 5:35PM-5:40PM ET",UP,Up,2.0,0.65,,WIN,YES,1.0769230769230766,Up,0xa96aef77f1b3ee82ddd611168813978d4a14e990b59ae1204549d3c4e4c43333,33827627232074954713961110915806285150940093874548300972943717662546803357541
2026-04-21T21:35:06.555002+00:00,2026-04-21T21:45:38.341604+00:00,momentum,"Solana Up or Down - April 21, 5:35PM-5:40PM ET",UP,Up,2.0,0.57,,LOSS,NO,-2.0,Down,0x43df7a766a2ab367a6daecdeeb475745c6ee63aceb6a628faf3314b10337d98a,68950282638041241710012064052108026763073272804762779331930761989207798520445
2026-04-21T21:40:32.847822+00:00,2026-04-21T21:50:42.012931+00:00,momentum,"Ethereum Up or Down - April 21, 5:40PM-5:45PM ET",DOWN,Down,4.0,0.59,,WIN,YES,2.779661016949153,Down,0xc7098346755e25cc60097d69bab619dba2c1e2edd9a894233fb11e16069c5ba3,49024822078670282563012476469813181690909064490296412298727817518457537628905
2026-04-21T21:40:32.896361+00:00,2026-04-21T21:50:42.253041+00:00,momentum,"Solana Up or Down - April 21, 5:40PM-5:45PM ET",DOWN,Down,4.0,0.61,,WIN,YES,2.557377049180328,Down,0x1de1a209efc812d1944fc8a0aee6667ae92b75c6eec2abc0e086c692e32090aa,10881233877437339631223349423814713398486901111734825371902546082066874002917
2026-04-21T21:40:32.945827+00:00,2026-04-21T21:50:42.425711+00:00,momentum,"XRP Up or Down - April 21, 5:40PM-5:45PM ET",DOWN,Down,2.0,0.64,,WIN,YES,1.125,Down,0x193bc2ca805eb88dca4e13d428a0a7e4f071c20eb1c2255df64b657df4d38ae9,81230661280393857628790620589426745950487291182759935665401793059974666345516
2026-04-21T21:40:32.801339+00:00,2026-04-21T21:51:41.681549+00:00,momentum,"Bitcoin Up or Down - April 21, 5:40PM-5:45PM ET",DOWN,Down,2.0,0.69,,WIN,YES,0.8985507246376816,Down,0x039b76d98f5d0be8aa090dc9ff07228cb1908c64d44e0c01fe78cf93913ff957,90268990001930377259799199816094079517305536682581116982621487151546286157220
2026-04-21T21:45:04.327229+00:00,2026-04-21T21:53:43.077648+00:00,momentum,"Bitcoin Up or Down - April 21, 5:45PM-5:50PM ET",DOWN,Down,2.0,0.53,,LOSS,NO,-2.0,Up,0xacc66d22c590a0660c19a2fd24402114ebd4b9c2a37b7abb1028d17223ea7e13,109573982223449028706050141712062774809139125161949460243891486223127832417031
2026-04-21T21:45:11.017581+00:00,2026-04-21T21:53:43.124359+00:00,momentum,"Solana Up or Down - April 21, 5:45PM-5:50PM ET",DOWN,Down,2.0,0.55,,LOSS,NO,-2.0,Up,0xb056c1255d8d063793a1e47829e188d3ba61351c5f0b6b97da9bd26f085b8254,55161476435144699935313979449896217347090158305091538631480475539037320957927
2026-04-21T21:45:01.136561+00:00,2026-04-21T21:54:43.882519+00:00,momentum,"XRP Up or Down - April 21, 5:45PM-5:50PM ET",UP,Up,2.0,0.56,,WIN,YES,1.5714285714285712,Up,0xdae855bf8ce8e627ab484424c68ee4630f94011b6f7a5011658a2c88afc10199,34868424332883438774749226065205327461661859454096179193335564646015595730313
2026-04-21T21:45:04.280251+00:00,2026-04-21T21:54:44.035302+00:00,momentum,"Ethereum Up or Down - April 21, 5:45PM-5:50PM ET",UP,Up,2.0,0.52,,WIN,YES,1.8461538461538458,Up,0x13c8227e55dca864d1d03bc9caf7c628a3259210c85d0562279a2856a27d971f,43281643376700569153405678145257371261155394963176018039031582975093021081089
2026-04-21T21:50:01.915113+00:00,2026-04-21T21:59:49.272297+00:00,momentum,"Bitcoin Up or Down - April 21, 5:50PM-5:55PM ET",UP,Up,2.0,0.52,,WIN,YES,1.8461538461538458,Up,0x125149c5918fc5f8c6d34682f700a898a1a19ea4f4e2ae68ff4c5794ba657074,45936375922793925919605092352922707796689801895417366600539442410775071099958
2026-04-21T21:50:01.962650+00:00,2026-04-21T21:59:49.314566+00:00,momentum,"Ethereum Up or Down - April 21, 5:50PM-5:55PM ET",UP,Up,2.0,0.51,,LOSS,NO,-2.0,Down,0x9265273ba5cd1b54e0acdd3c98c57ea28486d8ffa6ccb4b59e403762b70993f5,36685105600129150362490195528279266388268987873077208366048632806257757930849
2026-04-21T21:50:12.614459+00:00,2026-04-21T21:59:49.497341+00:00,momentum,"XRP Up or Down - April 21, 5:50PM-5:55PM ET",UP,Up,2.0,0.99,,WIN,YES,0.020202020202020332,Up,0xec633daa265f0488dc23f98da89cc8063a54d3356c6495415e972db85b949ad4,54192853081042708831639159521929787701633176239047579054842734245955090152352
2026-04-21T21:50:00.747689+00:00,2026-04-21T22:00:49.208527+00:00,momentum,"Solana Up or Down - April 21, 5:50PM-5:55PM ET",UP,Up,4.0,0.51,,LOSS,NO,-4.0,Down,0x23e84707f462f7cfddb3591ca8e720d6b60ba098a37355398532b72747e1bc24,111936497679211026747496641806426003747303228148776355800405538493941328914108
2026-04-21T21:55:01.123080+00:00,2026-04-21T22:05:52.855006+00:00,momentum,"Solana Up or Down - April 21, 5:55PM-6:00PM ET",UP,Up,8.0,0.51,,WIN,YES,7.686274509803921,Up,0xd84310c1e0095f6b973561895f3759dbd11d25d1e7df2feca28459e794147fec,3719746117084618404555200573017328282660866725194332062493158554360513003674
2026-04-21T21:55:01.061412+00:00,2026-04-21T22:06:53.082002+00:00,momentum,"XRP Up or Down - April 21, 5:55PM-6:00PM ET",UP,Up,2.0,0.51,,LOSS,NO,-2.0,Down,0x5ace578cf79e853a902e85af5a9aac786f036e2332bff13e2f8621b9e5ec6bc6,1742533979723607235975364129627102991512228488857771864211804130071516248881
2026-04-21T21:55:09.372978+00:00,2026-04-21T22:06:53.237891+00:00,momentum,"Ethereum Up or Down - April 21, 5:55PM-6:00PM ET",UP,Up,2.0,0.51,,WIN,YES,1.9215686274509802,Up,0x586d48c03e96e991cfefd54744982bb8c1c2cdd3ecd91a65a659d8fe20a9cc0a,98932120634074019058987619030150377112175631416709976737667779885817593431197
2026-04-21T21:55:28.073753+00:00,2026-04-21T22:06:53.402915+00:00,momentum,"Bitcoin Up or Down - April 21, 5:55PM-6:00PM ET",UP,Up,2.0,0.51,,WIN,YES,1.9215686274509802,Up,0xdab1ff110d9d2439c5bd75c4f503ae7300457a35b124ce0c7260ec86dcc688c8,13917627517502768201235213826866970628416806758650647861097354638225151676696
2026-04-21T22:00:01.364730+00:00,2026-04-21T22:08:54.170168+00:00,momentum,"Ethereum Up or Down - April 21, 6:00PM-6:05PM ET",DOWN,Down,2.0,0.58,,WIN,YES,1.4482758620689657,Down,0x99ab45cc4b7b6fa614bab519f6d80caf743a71eb265f9f6754ec0f77840bf5ee,87901903606916674027956986907183820086685877679825258182246975362190671547383
2026-04-21T22:00:04.491066+00:00,2026-04-21T22:08:54.223857+00:00,momentum,"Bitcoin Up or Down - April 21, 6:00PM-6:05PM ET",UP,Up,2.0,0.51,,LOSS,NO,-2.0,Down,0x73803d2821c551b4d7bedd810c755c9be40e50c89e36f5c622e07beaaab22599,895346480137047931812483348022154522891878814597652080839874648790723201405
2026-04-21T22:00:07.667546+00:00,2026-04-21T22:08:54.513745+00:00,momentum,"XRP Up or Down - April 21, 6:00PM-6:05PM ET",DOWN,Down,2.0,0.71,,WIN,YES,0.8169014084507045,Down,0xa27778176f009a7b9156a8f4f4d401e20d2eb959fe6ce7720d4e5720427e0d1b,97082821647377281228834584627398438651204790447820328767399492704224074194750
2026-04-21T22:00:04.544482+00:00,2026-04-21T22:09:54.742662+00:00,momentum,"Solana Up or Down - April 21, 6:00PM-6:05PM ET",DOWN,Down,2.0,0.58,,LOSS,NO,-2.0,Up,0xe3528f20ed174ae516ff6f30e4a908809d43b205a90292e92dd12df4ff88e259,25564882240480704312886729385925443298951237384571734372169595434632121559962
2026-04-21T22:05:01.432046+00:00,2026-04-21T22:14:57.991337+00:00,momentum,"XRP Up or Down - April 21, 6:05PM-6:10PM ET",UP,Up,2.0,0.51,,WIN,YES,1.9215686274509802,Up,0xd6252ad4db5779a0f9404d1f4d35530384b027e4f057bfb3e0a70637bc541160,56372551835941914028941665353348147698648969708771624106290338310777929440131
2026-04-21T22:05:03.643098+00:00,2026-04-21T22:14:58.206415+00:00,momentum,"Ethereum Up or Down - April 21, 6:05PM-6:10PM ET",DOWN,Down,2.0,0.52,,LOSS,NO,-2.0,Up,0x8f16da5a2212850fb0342f20e2330a90815ce1987a202f0b105ec50993689d43,109074567669018857203661293218230909631707742868371615358222639031556369782920
2026-04-21T22:05:06.802816+00:00,2026-04-21T22:14:58.372003+00:00,momentum,"Solana Up or Down - April 21, 6:05PM-6:10PM ET",DOWN,Down,4.0,0.57,,WIN,YES,3.0175438596491233,Down,0x0e98fe17f51087620bca97bac72a1ae46aa38f2920464e4c635bec19d880a0ca,109817981219177572285212529347017153589542716228919991116412461589207371953256
2026-04-21T22:05:03.573480+00:00,2026-04-21T22:15:58.491675+00:00,momentum,"Bitcoin Up or Down - April 21, 6:05PM-6:10PM ET",DOWN,Down,4.0,0.51,,WIN,YES,3.8431372549019605,Down,0x2b335f1040bdd5673ae672d366ff6673857ca118285009b9386b7b965e3ace29,27118453601785915886039871913545764488975742974481449228866330072758667520984
2026-04-21T22:10:00.655473+00:00,2026-04-21T22:20:00.896926+00:00,momentum,"XRP Up or Down - April 21, 6:10PM-6:15PM ET",UP,Up,2.0,0.51,,WIN,YES,1.9215686274509802,Up,0xf8462571b4e746851012b3386a8568ac7de5c8fdfe010cdd99b17e6707334d51,25304103946561318814943242862790181918182165911215072143001561388121846478232
2026-04-21T22:10:31.760376+00:00,2026-04-21T22:21:01.545834+00:00,momentum,"Solana Up or Down - April 21, 6:10PM-6:15PM ET",UP,Up,2.0,0.52,,WIN,YES,1.8461538461538458,Up,0x64665e3cfa3f50255c8121a3a9c6adec353f5c70804d0e6df689e36b225076de,35238427204668419180991432917130191962359428061928987608560794721518150398000
2026-04-21T22:10:35.163553+00:00,2026-04-21T22:21:01.720540+00:00,momentum,"Bitcoin Up or Down - April 21, 6:10PM-6:15PM ET",UP,Up,2.0,0.58,,WIN,YES,1.4482758620689657,Up,0x3b3204883e23be9a7f74ab4aaa8092d2e23364c6c216a9569339c6e1435bb5e5,100709222288388958982474635737977821348852332299556583281071972282483435308342
2026-04-21T22:10:05.947671+00:00,2026-04-21T22:22:01.715811+00:00,momentum,"Ethereum Up or Down - April 21, 6:10PM-6:15PM ET",UP,Up,2.0,0.51,,WIN,YES,1.9215686274509802,Up,0xc24043259fe14835bf7f48fb2b4dd32e94ac2b40aeb07651c549bba29a3de453,64799788124070310895432408871894714050868486087841551559355285565798416493672
2026-04-21T22:15:01.087943+00:00,2026-04-21T22:27:04.219378+00:00,momentum,"Bitcoin Up or Down - April 21, 6:15PM-6:20PM ET",DOWN,Down,2.0,0.52,,WIN,YES,1.8461538461538458,Down,0x588a5252b34f9dc5040209ae73ea0dfdb8ba89e2b479d0ed3b7146e83cdfff86,5069886333779332367115077285630963982568150913377536791808788716135497612028
2026-04-21T22:15:07.518762+00:00,2026-04-21T22:27:04.531445+00:00,momentum,"Solana Up or Down - April 21, 6:15PM-6:20PM ET",DOWN,Down,2.0,0.56,,WIN,YES,1.5714285714285712,Down,0x81415f01a6bd15cbf5ee652dd58f608b552e643d88f7d63cb5b0c23a676aeaa7,71971786406400738437146723120223646386505612062211825023211404765247906063341
2026-04-21T22:15:07.646376+00:00,2026-04-21T22:27:04.777832+00:00,momentum,"Ethereum Up or Down - April 21, 6:15PM-6:20PM ET",DOWN,Down,2.0,0.56,,WIN,YES,1.5714285714285712,Down,0x617e7c4ac1ba817e814542b5e26d6cf54e8b46e271b024022e2b38dbae11149a,72788431664198189083773659533569495877777176817868062779022376517268851026038
2026-04-21T22:15:04.208587+00:00,2026-04-21T22:28:04.528193+00:00,momentum,"XRP Up or Down - April 21, 6:15PM-6:20PM ET",UP,Up,2.0,0.54,,LOSS,NO,-2.0,Down,0x62d399bbf839e9ac0db6d77746a2e40c4acfd19a0a25b7717b2ba8216b5f7c3d,23183320830404887846593773777033753678876427850648100052536288637276206193406
2026-04-21T22:20:03.937506+00:00,2026-04-21T22:29:04.971113+00:00,momentum,"XRP Up or Down - April 21, 6:20PM-6:25PM ET",UP,Up,2.0,0.54,,LOSS,NO,-2.0,Down,0xb37b12fc85cd53e5939b16ec9fc2765f477e69cebb3d5862964442b1839f91a8,86824632124605098388129050562946626574551840916386975777178666553170562611656
2026-04-21T22:20:03.872018+00:00,2026-04-21T22:30:04.839302+00:00,momentum,"Ethereum Up or Down - April 21, 6:20PM-6:25PM ET",UP,Up,2.0,0.55,,LOSS,NO,-2.0,Down,0x69dfaf39bd9e3f0aa7b62b74279a85649d25740919057114e5dd9c471c7643cf,108342239152095311008987786180681514896864162690229577272363928355113407967171
2026-04-21T22:20:04.046801+00:00,2026-04-21T22:30:05.060136+00:00,momentum,"Bitcoin Up or Down - April 21, 6:20PM-6:25PM ET",UP,Up,2.0,0.53,,WIN,YES,1.773584905660377,Up,0x308090a18bc092925a5f4b3baa0a878278d4a7bb218b6f51dab67fa0c070b696,98123872398036992516648549964768144199975744446405014821975032129224349250040
2026-04-21T22:20:04.114994+00:00,2026-04-21T22:31:05.919481+00:00,momentum,"Solana Up or Down - April 21, 6:20PM-6:25PM ET",UP,Up,2.0,0.53,,WIN,YES,1.773584905660377,Up,0x8a9fe78c7c1af717e548faa54d83b6eb0c44e44d09dbab72f12af5c50168759f,7358067217250896044935457576090526203947382428254745761960909080092863783925
2026-04-21T22:25:01.759514+00:00,2026-04-21T22:35:09.401887+00:00,momentum,"Ethereum Up or Down - April 21, 6:25PM-6:30PM ET",UP,Up,4.0,0.53,,LOSS,NO,-4.0,Down,0x39b3dd21c317b2f6d7fdab604388aaed4b45520005e7a3f4921fd26be5ee2756,97692862960154303481119209745145763112890149428889136400216171869935652500837
2026-04-21T22:25:01.666621+00:00,2026-04-21T22:36:09.752070+00:00,momentum,"Bitcoin Up or Down - April 21, 6:25PM-6:30PM ET",UP,Up,2.0,0.57,,WIN,YES,1.5087719298245617,Up,0x9dec51f3f6ef6e2ca6ea23894ae07ac747367cd763b0f4734e4da31fb0c329f8,3123207158692679657803395806629912792999266673426694487432940237697667144597
2026-04-21T22:25:01.824070+00:00,2026-04-21T22:37:10.485510+00:00,momentum,"Solana Up or Down - April 21, 6:25PM-6:30PM ET",UP,Up,2.0,0.53,,WIN,YES,1.773584905660377,Up,0xbad4a6c9616e8705b7f8224ecf18db7fbbcad19546c5463426d42f90fc850391,35994702228611706504630555694607093921024359857801426967507681364363287750544
2026-04-21T22:25:01.878333+00:00,2026-04-21T22:37:10.649238+00:00,momentum,"XRP Up or Down - April 21, 6:25PM-6:30PM ET",UP,Up,2.0,0.52,,WIN,YES,1.8461538461538458,Up,0x4eb30d359cfd606b675ce00951d52907a8506a5fa47b7709b829ecfd414ae343,74163504521689941884064879231643758730241869719812028905547767342340559412833
2026-04-21T22:30:00.566204+00:00,2026-04-21T22:38:11.494091+00:00,momentum,"XRP Up or Down - April 21, 6:30PM-6:35PM ET",UP,Up,2.0,0.51,,WIN,YES,1.9215686274509802,Up,0xdebb0101578b38548fa632449f1cd641103b4e586e259fc9f3094d98014635eb,5147696782118974426847366926512919060346268685597420940970651463186102184563
2026-04-21T22:30:02.740555+00:00,2026-04-21T22:39:12.660055+00:00,momentum,"Bitcoin Up or Down - April 21, 6:30PM-6:35PM ET",UP,Up,2.0,0.53,,WIN,YES,1.773584905660377,Up,0x466e83d4e4d168afc1518b22df0cf47c47ed57d62fe666ff7a1d3cb988ec6132,41940935953372703976869275190430236974746459354509088495948073434715325580817
2026-04-21T22:30:07.279126+00:00,2026-04-21T22:39:12.839713+00:00,momentum,"Solana Up or Down - April 21, 6:30PM-6:35PM ET",UP,Up,2.0,0.52,,WIN,YES,1.8461538461538458,Up,0xa18fbd49b704be43a0060c46476f0171eae6958aeb51cbaaccc7fa86287868c4,11725088136746461003990359354848789880286356117248198912384217726266283911286
2026-04-21T22:30:02.682625+00:00,2026-04-21T22:40:13.163510+00:00,momentum,"Ethereum Up or Down - April 21, 6:30PM-6:35PM ET",UP,Up,8.0,0.56,,LOSS,NO,-8.0,Down,0xc40119b33a5d1098bdffa191de4273fd7c9e64f0b559c3f01252766617afff82,67866771860065188875420880186665490836157329415821357009322260999076801829814
2026-04-21T22:35:02.662126+00:00,2026-04-21T22:44:15.142240+00:00,momentum,"Ethereum Up or Down - April 21, 6:35PM-6:40PM ET",UP,Up,16.0,0.53,,WIN,YES,14.188679245283016,Up,0xd1d51d197f841f6f55ac73752d85c9775c787d2e20b68e55ec07eb21091721bf,14407134393907562970319150863786917205724111682623756651788919434508190283253
2026-04-21T22:35:00.386581+00:00,2026-04-21T22:45:15.733584+00:00,momentum,"XRP Up or Down - April 21, 6:35PM-6:40PM ET",UP,Up,4.0,0.51,,WIN,YES,3.8431372549019605,Up,0x8f15286a03ab0d5e7469a4c7c7680402bb2de87e0c2f6deafcd195f434e99efe,68321729854049828927547771448109291550881678711447900104776157477173966880772
2026-04-21T22:35:02.602022+00:00,2026-04-21T22:45:15.911197+00:00,momentum,"Bitcoin Up or Down - April 21, 6:35PM-6:40PM ET",UP,Up,2.0,0.51,,WIN,YES,1.9215686274509802,Up,0x434ed8e32b15db15c57b470da2c3d2201e4f751f181e4313806dc806363be4eb,28853343945208321762562146121135258042426447785258022107590014861037312513194
2026-04-21T22:35:09.128734+00:00,2026-04-21T22:45:15.956326+00:00,momentum,"Solana Up or Down - April 21, 6:35PM-6:40PM ET",DOWN,Down,2.0,0.52,,LOSS,NO,-2.0,Up,0x6386c23ff0aaf1c6973d53a0732eace78a2273f4cd13c6ec4cfafb750e915fd3,64109833751842518822400894706418469323591371208920437920317428282466959300019
2026-04-21T22:40:01.578298+00:00,2026-04-21T22:50:17.807825+00:00,momentum,"Ethereum Up or Down - April 21, 6:40PM-6:45PM ET",UP,Up,2.0,0.52,,WIN,YES,1.8461538461538458,Up,0x1f2e43137e49ecd621038ecdd759fc9bc4b593e606c56247d9f20578693f849e,113543564119874943796606280610160224437222572022490132966806690941311325985472
2026-04-21T22:40:00.383421+00:00,2026-04-21T22:51:17.913864+00:00,momentum,"Solana Up or Down - April 21, 6:40PM-6:45PM ET",UP,Up,4.0,0.51,,WIN,YES,3.8431372549019605,Up,0xc2d982acbf206f5c68c3b6b4981b8672f0a3611496ed160ac0fe4e00c99212f1,25769414873239301973201820874866367236817987454521353089605536720316830495810
2026-04-21T22:40:00.446231+00:00,2026-04-21T22:51:18.097635+00:00,momentum,"XRP Up or Down - April 21, 6:40PM-6:45PM ET",UP,Up,2.0,0.51,,WIN,YES,1.9215686274509802,Up,0x9c70953fb65211940f39bf5f4e146cac74ff24a548ed2c3c87a9f90c4f465b77,104738744201225479252798544367363870816525521576496093561671904888487186135275
2026-04-21T22:40:01.653633+00:00,2026-04-21T22:51:18.143706+00:00,momentum,"Bitcoin Up or Down - April 21, 6:40PM-6:45PM ET",DOWN,Down,2.0,0.52,,LOSS,NO,-2.0,Up,0x16312da202eab29bbac018c2880a769d101cd68de0a1bee428fa88422610c441,89049113527397620341779305544515701141589876920912836768162727188951655815005
2026-04-21T22:45:01.063028+00:00,2026-04-21T22:53:19.323727+00:00,momentum,"Solana Up or Down - April 21, 6:45PM-6:50PM ET",DOWN,Down,2.0,0.51,,WIN,YES,1.9215686274509802,Down,0x2321d309d91ad0810fab177c3acfa85b8e57077b20b7a588d58b8194b15cf5fc,64564853243540108174544402680610801234629577434027386622553078196259486124208
2026-04-21T22:45:00.947034+00:00,2026-04-21T22:54:18.878435+00:00,momentum,"Bitcoin Up or Down - April 21, 6:45PM-6:50PM ET",DOWN,Down,4.0,0.54,,WIN,YES,3.4074074074074066,Down,0x87efbc9c379f6f0580fac25a029869c9c37ab409bdf5e5ac23482c6ba5162287,41513614409569019569925809271457694942756360287819820051690512528822954283972
2026-04-21T22:45:00.999827+00:00,2026-04-21T22:54:19.021684+00:00,momentum,"XRP Up or Down - April 21, 6:45PM-6:50PM ET",DOWN,Down,2.0,0.51,,WIN,YES,1.9215686274509802,Down,0x776acf6dae5affcd0465a728fe49db912678c8f526f9c78ae2feae57ee8278fa,47388971705788493308249619988492894209886307850087324538513399928549588006014
2026-04-21T22:45:00.877282+00:00,2026-04-21T22:55:19.761078+00:00,momentum,"Ethereum Up or Down - April 21, 6:45PM-6:50PM ET",DOWN,Down,2.0,0.51,,WIN,YES,1.9215686274509802,Down,0x8fd0d167454729c78d3817043588a07d8e0671262deef6eee5fc937e351a2177,42988760007744882900037836814179352293578460991481620435096233036139401496737
2026-04-21T22:50:03.290548+00:00,2026-04-21T22:59:22.077587+00:00,momentum,"Solana Up or Down - April 21, 6:50PM-6:55PM ET",DOWN,Down,2.0,0.51,,LOSS,NO,-2.0,Up,0xd9e1883b24f64b3d47f6b2f4d1fdec2a7a98dd15432fb82ea437811fbe68ed8e,65130246448825702591605168904937039658961740380726093640350643047339537621064
2026-04-21T22:50:01.024988+00:00,2026-04-21T23:00:22.952811+00:00,momentum,"XRP Up or Down - April 21, 6:50PM-6:55PM ET",UP,Up,2.0,0.51,,WIN,YES,1.9215686274509802,Up,0xf832efcb34d67afa710e9474227474654c80d2fe110b9be60233cdb5df4c0d61,63417231102857289386283655701333214402539825269598078462353305094932430875339
2026-04-21T22:50:03.149834+00:00,2026-04-21T23:00:23.187597+00:00,momentum,"Bitcoin Up or Down - April 21, 6:50PM-6:55PM ET",UP,Up,2.0,0.59,,WIN,YES,1.3898305084745766,Up,0x1fc0de95743eee19b30fdcf880f4531616995805b66614abdfae1a67e3330e3b,66997442752874802695309354108315861989738880431086848656155923180372907760066
2026-04-21T22:50:03.212665+00:00,2026-04-21T23:01:23.827937+00:00,momentum,"Ethereum Up or Down - April 21, 6:50PM-6:55PM ET",UP,Up,2.0,0.57,,WIN,YES,1.5087719298245617,Up,0xa10b967f5199c8c2f8d0eb1abc6f5c0bf4f9d69e665e5635463b36e0e02eceb5,88959029739934250656788723017488653909056057433947710504426958514495048510225
2026-04-21T22:55:01.575295+00:00,2026-04-21T23:05:26.735203+00:00,momentum,"Ethereum Up or Down - April 21, 6:55PM-7:00PM ET",UP,Up,2.0,0.51,,WIN,YES,1.9215686274509802,Up,0xf728bd76cd86346c0b6085864e3b1720bb763827ff4638a4a8572e2bbd34f1d6,105409093299936806849355707985498637058600183549380143868628202233335901564410
2026-04-21T22:55:01.526521+00:00,2026-04-21T23:06:26.846533+00:00,momentum,"Bitcoin Up or Down - April 21, 6:55PM-7:00PM ET",DOWN,Down,2.0,0.51,,LOSS,NO,-2.0,Up,0x3abbbda84a90d978867a39a28aceeffd81009a3a6373bf42e26ea53536e2897e,99682654832450517598370123216371737724189101410470516516844391526747086271895
2026-04-21T22:55:07.884215+00:00,2026-04-21T23:06:27.036564+00:00,momentum,"XRP Up or Down - April 21, 6:55PM-7:00PM ET",UP,Up,2.0,0.53,,WIN,YES,1.773584905660377,Up,0x985acf8b3eedef5970772407f7197658668bae037642a5cb794b255a9fac8ac8,28151793816829430417349272329112249698143138358048995838075645697113129052744
2026-04-21T22:55:07.936507+00:00,2026-04-21T23:06:27.219711+00:00,momentum,"Solana Up or Down - April 21, 6:55PM-7:00PM ET",UP,Up,2.0,0.56,,WIN,YES,1.5714285714285712,Up,0x208a5e578df4daa5b1be24c3a9bf1293d491a86035c03934a6373a1f66b24b00,54168382452859430504748675741507791389671972677550551970546295838941508951417
2026-04-21T23:00:04.569872+00:00,2026-04-21T23:09:28.344126+00:00,momentum,"Solana Up or Down - April 21, 7:00PM-7:05PM ET",DOWN,Down,2.0,0.57,,LOSS,NO,-2.0,Up,0x9e31439b581f8557328200f99f78630230c66a2cc9bf7c5f0eae39cfdbadb629,103322475393297329442256331894417576069151510456036845466842700818485174930373
2026-04-21T23:00:04.622259+00:00,2026-04-21T23:09:28.391498+00:00,momentum,"XRP Up or Down - April 21, 7:00PM-7:05PM ET",DOWN,Down,2.0,0.55,,LOSS,NO,-2.0,Up,0x0de2d73f81c3515544fd92cb01926f4de8657034e5465db1fa292af944cfd566,72839528641432350405681457810904263165764899637295309807944360873740006494184
2026-04-21T23:00:04.672371+00:00,2026-04-21T23:09:28.442757+00:00,momentum,"Ethereum Up or Down - April 21, 7:00PM-7:05PM ET",DOWN,Down,2.0,0.57,,LOSS,NO,-2.0,Up,0xcc71cacf36fac921ecadaa934c2fc1bfe06b039ecf2f4e9c9968d7d01ef2e742,13785954354828135939460034146336707603489058116376645427907747750869723262942
2026-04-21T23:00:01.453833+00:00,2026-04-21T23:10:28.343028+00:00,momentum,"Bitcoin Up or Down - April 21, 7:00PM-7:05PM ET",DOWN,Down,4.0,0.52,,LOSS,NO,-4.0,Up,0x766f018fa6c2b498789df33c7d7d27f7f93075f8f4f395fef5ff8586a5243c11,10592850719275230677052124162531229357003204714312197455363451168537645391065
2026-04-21T23:05:03.009474+00:00,2026-04-21T23:14:31.829816+00:00,momentum,"Solana Up or Down - April 21, 7:05PM-7:10PM ET",DOWN,Down,2.0,0.52,,LOSS,NO,-2.0,Up,0x78660cc65386c0b98e66ba3fcbd6d2250b6889783992ec0f8bc90b9481e147d0,96108983507072500334569316102139654806785981525748231217520876938122020821036
2026-04-21T23:05:00.765612+00:00,2026-04-21T23:15:32.401794+00:00,momentum,"Ethereum Up or Down - April 21, 7:05PM-7:10PM ET",DOWN,Down,2.0,0.515,,LOSS,NO,-2.0,Up,0xf23e3c2916307c749f55a6e5e1fc04787a9bd6537f466352179693eed6f3496c,46256431476857842192378667405298530897632953690220711914458723069138863001894
2026-04-21T23:05:02.952588+00:00,2026-04-21T23:15:32.449308+00:00,momentum,"XRP Up or Down - April 21, 7:05PM-7:10PM ET",DOWN,Down,4.0,0.52,,LOSS,NO,-4.0,Up,0xaf8e916b27e94a6088cd91cba8807c244d8ff55635aa747d4a190c0a9529d759,85262335869551154193916088072727941362246373019752492504080215301842174516435
2026-04-21T23:05:06.170216+00:00,2026-04-21T23:15:32.494959+00:00,momentum,"Bitcoin Up or Down - April 21, 7:05PM-7:10PM ET",DOWN,Down,4.0,0.52,,LOSS,NO,-4.0,Up,0x93a3fc1bfca10ed3c9549fd545053937515bb7449d5244f4c907356c8b5cc66d,67928497758164715271424798292160125666092368053420293659357181149751304929274
2026-04-21T23:10:02.520976+00:00,2026-04-21T23:20:35.229665+00:00,momentum,"Ethereum Up or Down - April 21, 7:10PM-7:15PM ET",DOWN,Down,4.0,0.55,,WIN,YES,3.2727272727272725,Down,0x3207598102711d6c09aa4c215236b9804fcce12af5ec3ec2136aa63b446e2069,100342315745121951635830715071656849206063360128498152120958909361942007872985
2026-04-21T23:10:02.572370+00:00,2026-04-21T23:20:35.400374+00:00,momentum,"Bitcoin Up or Down - April 21, 7:10PM-7:15PM ET",DOWN,Down,16.0,0.57,,WIN,YES,12.070175438596493,Down,0x73ac25c25eb09c9b6766a208b3b5ba530e52339b69d869d684ae662f434b7eb2,77217901631679004456906890393071408047878156749950453428447190152238644479427
2026-04-21T23:10:02.677105+00:00,2026-04-21T23:20:35.699652+00:00,momentum,"XRP Up or Down - April 21, 7:10PM-7:15PM ET",DOWN,Down,8.0,0.59,,WIN,YES,5.559322033898306,Down,0x370c472c8ca067798ba5a73b23077db7107d7cf73c0b339d368c945118f5bf48,73318525790848857500981365998981778422609511424911743995398437635958122327409
2026-04-21T23:10:02.625387+00:00,2026-04-21T23:21:36.066411+00:00,momentum,"Solana Up or Down - April 21, 7:10PM-7:15PM ET",DOWN,Down,4.0,0.56,,LOSS,NO,-4.0,Up,0x91b0da31da1dfbedd6bc8d8c0dac7ebf96aa7feb935d9edb5f2fe02c608f9796,63320156663842832970990106945832985260059033666986896576483045509613687767672
2026-04-21T23:15:02.591054+00:00,2026-04-21T23:23:36.391338+00:00,momentum,"XRP Up or Down - April 21, 7:15PM-7:20PM ET",DOWN,Down,2.0,0.51,,LOSS,NO,-2.0,Up,0xf9681557ae64806e8240ebbdfbe38206953319ae861c6593e8d83f34c271f3de,43055296588848347594329229919057499532839970928906537226784280295745916572129
2026-04-21T23:15:02.642126+00:00,2026-04-21T23:23:36.547932+00:00,momentum,"Solana Up or Down - April 21, 7:15PM-7:20PM ET",DOWN,Down,8.0,0.54,,WIN,YES,6.814814814814813,Down,0xaecafc89c2980971871980d262c53d8422fa71a3e4adc9d7f9c8f099713f3a71,97926554528420287420932511996579688766419426902609903401429903197801174353680
2026-04-21T23:15:02.537210+00:00,2026-04-21T23:24:36.399909+00:00,momentum,"Bitcoin Up or Down - April 21, 7:15PM-7:20PM ET",DOWN,Down,2.0,0.51,,LOSS,NO,-2.0,Up,0xe937cbcd2aba5f2f878bf8e8e194a24e48a3ca1098ce13a2bdf3a36e17f0cd4f,101667514845751134941514566856112240656438888141697434154677965361702612821658
2026-04-21T23:15:05.756561+00:00,2026-04-21T23:24:36.618221+00:00,momentum,"Ethereum Up or Down - April 21, 7:15PM-7:20PM ET",UP,Up,2.0,0.52,,WIN,YES,1.8461538461538458,Up,0x1f3ab007a1b871077ae1a40cdece3bb56c3e41b08008815749ef0b70cb3e7cbd,45932622946172223222051441755211682458557640452180672544956434266566615554148
2026-04-21T23:20:01.055105+00:00,2026-04-21T23:29:40.624764+00:00,momentum,"Bitcoin Up or Down - April 21, 7:20PM-7:25PM ET",DOWN,Down,4.0,0.56,,WIN,YES,3.1428571428571423,Down,0xa82dfbd9b5409dceae3aaa8c436d4ea978a37f67986e83fb0f4835f2eef1aa82,46211258031609755478060528679617893111079498802296223719941696414773039104895
2026-04-21T23:20:01.109137+00:00,2026-04-21T23:29:40.795266+00:00,momentum,"Ethereum Up or Down - April 21, 7:20PM-7:25PM ET",DOWN,Down,2.0,0.52,,WIN,YES,1.8461538461538458,Down,0x92f249988848b1a731e203d09c09c0cb64ff8a55be3531f1f31ce271fb6dac67,34862058130066484325291481602052118932606093916441887490410821904670764648332
2026-04-21T23:20:13.669881+00:00,2026-04-21T23:29:40.998970+00:00,momentum,"XRP Up or Down - April 21, 7:20PM-7:25PM ET",UP,Up,4.0,0.52,,LOSS,NO,-4.0,Down,0xaa3cdcabb995ee2375c69aa433fab6cb721d9b748e928a60cc790abe225ca8d5,64880076433704871783168678598644656397277838187649647133907820497598737286853
2026-04-21T23:20:01.165482+00:00,2026-04-21T23:30:40.826028+00:00,momentum,"Solana Up or Down - April 21, 7:20PM-7:25PM ET",DOWN,Down,2.0,0.52,,WIN,YES,1.8461538461538458,Down,0x068c9d554a6bcc236654e8af6516f8dbc437a67fe878a6d230ccea836cb04900,46787595256750130423327698222202529833273178106507055598588352893151265891688
2026-04-21T23:25:00.791947+00:00,2026-04-21T23:35:43.214482+00:00,momentum,"Solana Up or Down - April 21, 7:25PM-7:30PM ET",DOWN,Down,2.0,0.515,,WIN,YES,1.883495145631068,Down,0x273ddc3e6e11ef3307d6f6b7891b2c73c2d16b4eb6a6c25c1f4c0a82a91f53c8,67082301633682451092134739999408476467618036343027943271210430860432522199673
2026-04-21T23:25:01.928678+00:00,2026-04-21T23:36:43.349787+00:00,momentum,"XRP Up or Down - April 21, 7:25PM-7:30PM ET",DOWN,Down,2.0,0.58,,WIN,YES,1.4482758620689657,Down,0x4c0da56e0b93a41928649f2f9b4f7107763b41874d0fa45c3275890a01747371,35906102704947756564201360952181936339144654823838109474980678186964937130902
2026-04-21T23:25:01.991082+00:00,2026-04-21T23:36:43.490115+00:00,momentum,"Bitcoin Up or Down - April 21, 7:25PM-7:30PM ET",DOWN,Down,2.0,0.51,,WIN,YES,1.9215686274509802,Down,0x08e8481d4c2fac7d3d9cd605e55bc1df0f2ddd3b06b671ddd031c69bae659a4b,98815258157744625212507066169193655693453360313108911461852722542924539126285
2026-04-21T23:25:02.049320+00:00,2026-04-21T23:36:43.664364+00:00,momentum,"Ethereum Up or Down - April 21, 7:25PM-7:30PM ET",DOWN,Down,2.0,0.52,,WIN,YES,1.8461538461538458,Down,0x1c2b2c1c3786fcb86ffffe8e61b2e53b144f3a43cbe9e9cc0c766b0df7ca0e97,59937552840836406175425945501540260364530153157639457811059649606341255024533
2026-04-21T23:30:00.624435+00:00,2026-04-21T23:38:44.750628+00:00,momentum,"Solana Up or Down - April 21, 7:30PM-7:35PM ET",DOWN,Down,2.0,0.51,,LOSS,NO,-2.0,Up,0x5ed2340eb0cfbe3fbd3c5a42a160fd28285d5576b6baa1130fdb8e312ca8e84c,79627011927933703381943988095735630561366203365736059556279653930023233746212
2026-04-21T23:30:00.474212+00:00,2026-04-21T23:39:44.774401+00:00,momentum,"XRP Up or Down - April 21, 7:30PM-7:35PM ET",DOWN,Down,2.0,0.51,,LOSS,NO,-2.0,Up,0x684c32d262c5df44f074945358e2fca95688683f6199d573973aae882eafaa60,2307801148609231563522713975799799847744098309024728025761427688934830471833
2026-04-21T23:30:01.898909+00:00,2026-04-21T23:39:44.813407+00:00,momentum,"Ethereum Up or Down - April 21, 7:30PM-7:35PM ET",DOWN,Down,2.0,0.55,,LOSS,NO,-2.0,Up,0xf066cc955d803754a8ac39e247e6cc65bed573e73b31d6d3062df3509971cf0c,7509102488224601246627704958943988282625787746797253939090609172667900781297
2026-04-21T23:30:05.082764+00:00,2026-04-21T23:39:44.969099+00:00,momentum,"Bitcoin Up or Down - April 21, 7:30PM-7:35PM ET",UP,Up,2.0,0.53,,WIN,YES,1.773584905660377,Up,0x50974e0f80141e8bed182e552ece897a438f032ec51a3ac61a552c8eb44962d5,3250989619539149116933877727120424625089174987858088743685312761434737189177
2026-04-21T23:35:03.204796+00:00,2026-04-21T23:44:49.202166+00:00,momentum,"Bitcoin Up or Down - April 21, 7:35PM-7:40PM ET",UP,Up,2.0,0.57,,WIN,YES,1.5087719298245617,Up,0x78a4eee41750b06201b563301f1c1ca40009b1ab3150a0bd6379824269cc1029,45358360672756771088910288566621790614793449521537010706862763244299744684970
2026-04-21T23:35:00.885153+00:00,2026-04-21T23:45:49.036384+00:00,momentum,"XRP Up or Down - April 21, 7:35PM-7:40PM ET",DOWN,Down,4.0,0.51,,LOSS,NO,-4.0,Up,0x6705399e917b1418c082b8c2a6566750633cc7e36aa8d7a3ad9f1729f38cdabd,95262728071418917105625732160771977616097312997202500579601058846147925001180
2026-04-21T23:35:00.943009+00:00,2026-04-21T23:45:49.085067+00:00,momentum,"Solana Up or Down - April 21, 7:35PM-7:40PM ET",DOWN,Down,4.0,0.51,,LOSS,NO,-4.0,Up,0xb906be757a2cab0239e1f400a7c546ca653ec6d20f6b450c68ce5dadf39385dd,2858471032861748859327046167481795628853263575482936042353016549993423760234
2026-04-21T23:35:03.343238+00:00,2026-04-21T23:45:49.283035+00:00,momentum,"Ethereum Up or Down - April 21, 7:35PM-7:40PM ET",UP,Up,4.0,0.59,,WIN,YES,2.779661016949153,Up,0xa200c8d5e59d3fc7a1c9c34d98ad33530cc9a7dc8c8b0fe5afde18eb19bbf707,8408145602005180782136655819919153615027827287858415705059276975837571017924
2026-04-21T23:40:01.808939+00:00,2026-04-21T23:50:52.381019+00:00,momentum,"Bitcoin Up or Down - April 21, 7:40PM-7:45PM ET",DOWN,Down,2.0,0.54,,LOSS,NO,-2.0,Up,0x03711a1d02366b6541b5584151abe417701c6994786068ec1e4778c0b5434c99,4987269000820218793245209001521784152739028815124702402502827769705372494104
2026-04-21T23:40:01.879502+00:00,2026-04-21T23:50:52.460403+00:00,momentum,"Ethereum Up or Down - April 21, 7:40PM-7:45PM ET",DOWN,Down,2.0,0.52,,LOSS,NO,-2.0,Up,0xa69cfbb1264fc90431ed848dc5b0ec71d16e0e2a85b1073972181827f61b6222,32584455016531266595284788677093275102186965235630676805367997993571833636083
2026-04-21T23:40:00.692720+00:00,2026-04-21T23:51:52.667059+00:00,momentum,"XRP Up or Down - April 21, 7:40PM-7:45PM ET",DOWN,Down,8.0,0.51,,LOSS,NO,-8.0,Up,0x67780893333001c2b54a99dcfffb3eeac38cafbcdb0585ace47f329175d041be,97140510113210050580155061337933126219574750329147643479311381326547132514096
2026-04-21T23:40:05.008693+00:00,2026-04-21T23:51:53.055137+00:00,momentum,"Solana Up or Down - April 21, 7:40PM-7:45PM ET",UP,Up,8.0,0.64,,WIN,YES,4.5,Up,0x407a39ebd986fe438946d3c4238f71b76bf4a6276ed65c91c033af79869b013e,3363201698572031480332411251260070086588792000747918427037761554571721268809
2026-04-21T23:45:03.433128+00:00,2026-04-21T23:54:53.323204+00:00,momentum,"Bitcoin Up or Down - April 21, 7:45PM-7:50PM ET",DOWN,Down,4.0,0.52,,LOSS,NO,-4.0,Up,0xc6b6fdaae5331c8ec00f8d59594ced9f85abc357d347eacf55bfa5597e9fb2bb,16438839239484838308346964528384875023167478992827490998137138354559977273885
2026-04-21T23:45:03.488688+00:00,2026-04-21T23:54:53.373577+00:00,momentum,"Ethereum Up or Down - April 21, 7:45PM-7:50PM ET",DOWN,Down,4.0,0.52,,LOSS,NO,-4.0,Up,0x063ecd2d2e20fed5c71d8c2a9759650ee0784abe4cdfd40b346d370cc0b570ae,89281838118700932484663399947910980437284290357775104581680244480870218171259
2026-04-21T23:45:03.542622+00:00,2026-04-21T23:54:53.430972+00:00,momentum,"XRP Up or Down - April 21, 7:45PM-7:50PM ET",DOWN,Down,16.0,0.65,,LOSS,NO,-16.0,Up,0x85acede8ddd3321443bd60bd71413ecf3392e9fa3f52066d01a0255264e1d9e1,14616832054441625048646792639540527225776678838641501822781988572341244460643
2026-04-21T23:45:03.597557+00:00,2026-04-21T23:54:53.486753+00:00,momentum,"Solana Up or Down - April 21, 7:45PM-7:50PM ET",DOWN,Down,2.0,0.51,,LOSS,NO,-2.0,Up,0xd5152b4f421dec17e5543348cb4caad9211fae6665dddebdc5f67d81e87ae372,7065499976866082403458409766332583440591826016918312511520321848297456686966
2026-04-21T23:50:00.638909+00:00,2026-04-21T23:58:55.538386+00:00,momentum,"XRP Up or Down - April 21, 7:50PM-7:55PM ET",UP,Up,32.0,0.99,,LOSS,NO,-32.0,Down,0xd0256cfd2e5bd75ada0013d9f405faaaceded417167bd34bbeb61ecd7360288e,69999581432005217331688413200775821188221736274604379287011841813435599880785
2026-04-21T23:50:00.575147+00:00,2026-04-21T23:59:55.661956+00:00,momentum,"Solana Up or Down - April 21, 7:50PM-7:55PM ET",UP,Up,2.0,0.99,,WIN,YES,0.020202020202020332,Up,0xb2db390f9f4e764f41a2908e790042fd021efbf7e86b17c843b0e11af19d84ce,107991064264750766886977949989128315682780860999535414677964799020868281553177
2026-04-21T23:50:00.696739+00:00,2026-04-21T23:59:55.812820+00:00,momentum,"Ethereum Up or Down - April 21, 7:50PM-7:55PM ET",DOWN,Down,4.0,0.56,,WIN,YES,3.1428571428571423,Down,0xde6a226f28496d2ddfcc9b9b92275c9caa6c31384d248533dadf5859f08279e0,69217567994389808841633917706885704222080887513128189318731217160215693425006
2026-04-21T23:50:00.509902+00:00,2026-04-22T00:00:56.227210+00:00,momentum,"Bitcoin Up or Down - April 21, 7:50PM-7:55PM ET",DOWN,Down,4.0,0.56,,WIN,YES,3.1428571428571423,Down,0x9b4cad90581a3d7b64180bdd375681e63d8e2a20c4756dc88f038e426cdd0dc2,58058317461684462594284293038909409500228712042550900079463323121407817543991
2026-04-21T23:55:00.190290+00:00,2026-04-22T00:05:59.201109+00:00,momentum,"Bitcoin Up or Down - April 21, 7:55PM-8:00PM ET",DOWN,Down,2.0,0.525,,WIN,YES,1.8095238095238093,Down,0x7135d43e6761826a4e78a434f430db7645b206a3735c282cdf31c25167dd94ce,39999484401731738989036219103242447622319332375944881782313901386582389903758
2026-04-21T23:55:00.247339+00:00,2026-04-22T00:05:59.242346+00:00,momentum,"XRP Up or Down - April 21, 7:55PM-8:00PM ET",DOWN,Down,64.0,0.515,,LOSS,NO,-64.0,Up,0xa4f317b06ae2d4e52908fea422739fbb00765bef51f88425852baee8285a17ac,36854552514188903384337928635415068208669096345584468721550625010663984547733
2026-04-21T23:55:01.444718+00:00,2026-04-22T00:05:59.427884+00:00,momentum,"Ethereum Up or Down - April 21, 7:55PM-8:00PM ET",DOWN,Down,2.0,0.53,,LOSS,NO,-2.0,Up,0x6dc79b2b65628cf82273b7b4843342a09f917e484fc6f3462d2c6cd13375312a,41912846159991114196143432520875223354427493190888172495880729125712530816580
2026-04-21T23:55:01.378894+00:00,2026-04-22T00:06:59.383289+00:00,momentum,"Solana Up or Down - April 21, 7:55PM-8:00PM ET",DOWN,Down,2.0,0.53,,LOSS,NO,-2.0,Up,0xf1414cfeaec3fa9b6894ecfd191ac6c6ffd68d1a745bfbfb985c4b373f91bfc8,104769184751686397707269954752135620034931346005884114198672407409492293012472
2026-04-22T00:00:00.520107+00:00,2026-04-22T00:09:00.314585+00:00,momentum,"Ethereum Up or Down - April 21, 8:00PM-8:05PM ET",DOWN,Down,4.0,0.53,,WIN,YES,3.547169811320754,Down,0xe6121ae32888e79c955cd0e8ab344e129180c03c83f7532d364ef373d0f98fb9,89770869441089945699968755890931285954153723142704109478546192683098413984027
2026-04-22T00:00:03.717014+00:00,2026-04-22T00:09:00.507045+00:00,momentum,"Bitcoin Up or Down - April 21, 8:00PM-8:05PM ET",UP,Up,2.0,0.65,,LOSS,NO,-2.0,Down,0xb98f764c4d5dd36580c8c9903bc75ddcb631428d84e9c1e532f0da236f77054c,70185630899601185587604849909583851214968263628583846260964185007520683306835
2026-04-22T00:00:03.783090+00:00,2026-04-22T00:09:00.664879+00:00,momentum,"XRP Up or Down - April 21, 8:00PM-8:05PM ET",DOWN,Down,128.0,0.51,,WIN,YES,122.98039215686273,Down,0xb48b44c2d4cf22597c781d89f900d01e59c7e0be723e1683f0b2c05b2bf79f31,41037678434324619081325557328775409613232145378746442904663151062577167862070
2026-04-22T00:00:00.587504+00:00,2026-04-22T00:10:00.992945+00:00,momentum,"Solana Up or Down - April 21, 8:00PM-8:05PM ET",DOWN,Down,4.0,0.53,,WIN,YES,3.547169811320754,Down,0x62da9690f95017987318dfd9ec54349b7bb4bc61537ebde56689a25bffafca2a,110498319889433982006382907259163442724528766412466629240584498279626151829885
2026-04-22T00:05:00.833561+00:00,2026-04-22T00:15:04.521727+00:00,momentum,"Ethereum Up or Down - April 21, 8:05PM-8:10PM ET",DOWN,Down,2.0,0.515,,LOSS,NO,-2.0,Up,0x72b10043a6cf67f8ce853cb2ef7c633cf65297f426ad783d43623fc36fdf529b,31927609960429380741193666011210785890595243388374177480925268198281221384992
2026-04-22T00:05:00.974173+00:00,2026-04-22T00:15:04.705460+00:00,momentum,"XRP Up or Down - April 21, 8:05PM-8:10PM ET",DOWN,Down,2.0,0.53,,LOSS,NO,-2.0,Up,0x5c0e9c2ce6af69ac2ed999bb90506582713a2d9fd19618b79a9873d8567d2ed6,51960141491022417424369201482652904491759221551870120771149974799262121150229
2026-04-22T00:05:00.904058+00:00,2026-04-22T00:16:04.621339+00:00,momentum,"Solana Up or Down - April 21, 8:05PM-8:10PM ET",DOWN,Down,2.0,0.535,,LOSS,NO,-2.0,Up,0x2d6d3b42c2db44792634cbc70e40d8b51d071d67dd50e263217ff2dab86954a8,6401430955644274856601854965868891118937639821826637263285503788825063183828
2026-04-22T00:05:05.208533+00:00,2026-04-22T00:16:04.798587+00:00,momentum,"Bitcoin Up or Down - April 21, 8:05PM-8:10PM ET",UP,Up,4.0,0.54,,WIN,YES,3.4074074074074066,Up,0xe1a60032cb61dfed46b3e6bac1ae88007d83eb20b2a9727436594c41af8d896e,111399136944126230732179933654485419901390909489324303275847878841382602434153
2026-04-22T00:10:02.822246+00:00,2026-04-22T00:20:08.015387+00:00,momentum,"Ethereum Up or Down - April 21, 8:10PM-8:15PM ET",DOWN,Down,2.0,0.53,,WIN,YES,1.773584905660377,Down,0x11978934390422ca9585497dcdafb38b6320305a7f108d85f53250cad4c1585f,64194554541719249826828474867846015774650454790432224700102136333789124418344
2026-04-22T00:10:02.765229+00:00,2026-04-22T00:21:08.217050+00:00,momentum,"Bitcoin Up or Down - April 21, 8:10PM-8:15PM ET",DOWN,Down,2.0,0.56,,WIN,YES,1.5714285714285712,Down,0xe6ea8ce79a442fccafa32217cd11e95beab2e8f7e1175aeca2d196acaf27dc5f,69715944009330953819045947239815447805187134840243592896017860750119846204038
2026-04-22T00:10:02.936972+00:00,2026-04-22T00:21:08.382649+00:00,momentum,"XRP Up or Down - April 21, 8:10PM-8:15PM ET",UP,Up,2.0,0.56,,LOSS,NO,-2.0,Down,0x31f57ba31396b4055bedd7e40caba47f94775da3410d06fd084f00775d1fdca7,94010188914782040526550495741552210590124195104828816296003833295982447130737
