timestamp,closed_at,source,market,direction,outcome,amount,entry_price,sell_price,result,won,pnl,winning_outcome,condition_id,token_id
2026-04-24T03:11:10.738274+00:00,2026-04-24T03:21:15.739098+00:00,momentum,"Bitcoin Up or Down - April 23, 11:10PM-11:15PM ET",DOWN,Down,2.0,0.59,,WIN,YES,1.3898305084745766,Down,0x76aef6dca4ae8346fadd7b5e825ea0b03eeaff14fdb76bc6c2d4ddaa8a20409f,61082705452910752582309428008759333028933361813664251211071416376255458923216
2026-04-24T03:11:10.821433+00:00,2026-04-24T03:21:15.915313+00:00,momentum,"Solana Up or Down - April 23, 11:10PM-11:15PM ET",DOWN,Down,2.0,0.51,,WIN,YES,1.9215686274509802,Down,0x17d248e1ffe1b6d098d239765eece09e9708b50c31242f656a88a68d8d2791d5,83933102478599228698439025696754237024304430106374964307367051610564348941564
2026-04-24T03:11:10.847771+00:00,2026-04-24T03:21:16.130494+00:00,momentum,"XRP Up or Down - April 23, 11:10PM-11:15PM ET",DOWN,Down,2.0,0.54,,WIN,YES,1.7037037037037033,Down,0x9df2dd4e03afc53e1ee7a49eb95caa3e704f9963b80d631810882e34e8c7990b,72816345856298716002474489605039091521626997656001591287051927210518580618977
2026-04-24T03:11:10.916871+00:00,2026-04-24T03:21:16.337013+00:00,momentum,"Ethereum Up or Down - April 23, 11:10PM-11:15PM ET",DOWN,Down,2.0,0.58,,WIN,YES,1.4482758620689657,Down,0x9d87bc65230235e17a9d5668383f02ad390af59e9d687d7491a7fc69d2dfe346,97232249438231722789484599271978265233921079761626383158303617460066336369720
2026-04-24T03:15:00.849732+00:00,2026-04-24T03:24:16.466782+00:00,momentum,"Ethereum Up or Down - April 23, 11:15PM-11:20PM ET",UP,Up,2.0,0.515,,LOSS,NO,-2.0,Down,0xd83b2d2e1e3831dc99a391bef048ac37ca0882e5ea02e77a28688fd516e183a9,2385057472049473050415270253558293361443182973077853974138006332550362552864
2026-04-24T03:15:33.456227+00:00,2026-04-24T03:24:16.784392+00:00,momentum,"Solana Up or Down - April 23, 11:15PM-11:20PM ET",DOWN,Down,4.0,0.52,,WIN,YES,3.6923076923076916,Down,0x705281dee7a93a7abc64553e797bbbf8ab598d6b1c3bd79200e4211455f8a12b,100040434364039547502885203922585484179837466440917865292158625497422446971497
2026-04-24T03:15:00.850329+00:00,2026-04-24T03:25:17.228366+00:00,momentum,"XRP Up or Down - April 23, 11:15PM-11:20PM ET",UP,Up,2.0,0.51,,LOSS,NO,-2.0,Down,0xd778852ee2b558941208ebe4e9e20ea2f13b3361e6c18f866286d34f5986f083,10804872250535829348151492271805030399948283993742637554558303844844890811742
2026-04-24T03:15:02.905808+00:00,2026-04-24T03:25:17.255111+00:00,momentum,"Bitcoin Up or Down - April 23, 11:15PM-11:20PM ET",UP,Up,2.0,0.51,,LOSS,NO,-2.0,Down,0x5c968ecc5c24c2c84d2bbc14f3e59dde72d5edea4385157bf62c224730805fe6,72376061935106566797360360612106888064508888634798811459304685464442540480212
2026-04-24T03:20:02.069381+00:00,2026-04-24T03:29:19.384374+00:00,momentum,"Solana Up or Down - April 23, 11:20PM-11:25PM ET",UP,Up,2.0,0.52,,LOSS,NO,-2.0,Down,0x1d5b6d27c50561f5ecc33409450b9dd648dee7635122d99c5b541dc7b2052b84,32082884899468745498749683041486315441543990006293346905074171076237632132068
2026-04-24T03:20:01.019708+00:00,2026-04-24T03:30:19.776198+00:00,momentum,"XRP Up or Down - April 23, 11:20PM-11:25PM ET",UP,Up,4.0,0.51,,LOSS,NO,-4.0,Down,0xd6ba3d421021b3fb5f00bc7ba78d85a8d49637590be5c353277cd209488d79b0,62045509122285422533084708104240459315995358155744694181129360566698551909839
2026-04-24T03:20:02.070397+00:00,2026-04-24T03:30:19.918520+00:00,momentum,"Bitcoin Up or Down - April 23, 11:20PM-11:25PM ET",UP,Up,4.0,0.51,,LOSS,NO,-4.0,Down,0xb57e1ce2bf2aee7d65a7328f88c7c326774c165095718ef0b36acf877423fbc1,17182327628980926158268952533555024066337146145195959624325748387154725664596
2026-04-24T03:20:02.071325+00:00,2026-04-24T03:30:19.948121+00:00,momentum,"Ethereum Up or Down - April 23, 11:20PM-11:25PM ET",UP,Up,4.0,0.52,,LOSS,NO,-4.0,Down,0xa44a095caea7a81c299c7cda065b18f48392a7e1845363bc6760d043d68132c5,45630333883250450968486246316262976758843818129935451340243187581129733333503
2026-04-24T03:25:00.792967+00:00,2026-04-24T03:35:23.389282+00:00,momentum,"Ethereum Up or Down - April 23, 11:25PM-11:30PM ET",UP,Up,8.0,0.56,,WIN,YES,6.285714285714285,Up,0x40e8df557111f118c3e7b78c3d370c6a7cfe17c0837c39a6389021132c70e148,101588613444619938177553596810400133996489936717656488550382671836578822462388
2026-04-24T03:25:00.790186+00:00,2026-04-24T03:36:23.950579+00:00,momentum,"Bitcoin Up or Down - April 23, 11:25PM-11:30PM ET",UP,Up,4.0,0.56,,WIN,YES,3.1428571428571423,Up,0xb938c852f9fec49182a59318869b4065ccd982e6ad1f4f0dab2f04a59457a3ce,114098843164380392617106259609610594721239428226488170403105687347708108392631
2026-04-24T03:25:00.792367+00:00,2026-04-24T03:36:24.222549+00:00,momentum,"XRP Up or Down - April 23, 11:25PM-11:30PM ET",UP,Up,8.0,0.53,,WIN,YES,7.094339622641508,Up,0xbdfd050e114e9bfee035febccf14d6bdb3e65d01612103ee9afde6ffc177ffbe,18277782786091623478439368948836567842139390157640523581238223053687253534293
2026-04-24T03:25:00.791128+00:00,2026-04-24T03:37:24.414229+00:00,momentum,"Solana Up or Down - April 23, 11:25PM-11:30PM ET",UP,Up,4.0,0.58,,WIN,YES,2.8965517241379315,Up,0x1aa76f35e4d5668a53a129ead7d9a704aba58fbc0971751569081cc73714a23e,90189509855852981813152343679021883801908554750484974842621321899770515242517
2026-04-24T03:30:00.930706+00:00,2026-04-24T03:38:24.764086+00:00,momentum,"XRP Up or Down - April 23, 11:30PM-11:35PM ET",UP,Up,2.0,0.51,,LOSS,NO,-2.0,Down,0xe197a5616d1e936b0a1376e33c9fc7966e0c7d532f2ca2369f1ae4040158a9a3,58752986170376915704884132870090004239846345960465471933935986837876765827524
2026-04-24T03:30:02.028579+00:00,2026-04-24T03:38:24.883808+00:00,momentum,"Ethereum Up or Down - April 23, 11:30PM-11:35PM ET",UP,Up,2.0,0.55,,LOSS,NO,-2.0,Down,0xd33b42caefba08775c685b698546d61ca4c39e2f22f9f5138cdca310ef571142,111125485164843438081341373525026794186746526265948262781375001113811768577541
2026-04-24T03:30:02.026923+00:00,2026-04-24T03:39:25.229169+00:00,momentum,"Bitcoin Up or Down - April 23, 11:30PM-11:35PM ET",UP,Up,2.0,0.53,,LOSS,NO,-2.0,Down,0x1b8d1c761d3307306e3515b41323e76300bedcf51c5dd0cc805f1aed9cb44f6d,86908305669589705508025944082096585517658794959994721500308925049424557585374
2026-04-24T03:30:02.052561+00:00,2026-04-24T03:39:25.262019+00:00,momentum,"Solana Up or Down - April 23, 11:30PM-11:35PM ET",UP,Up,2.0,0.52,,LOSS,NO,-2.0,Down,0xffbd2abda65d02b4e11b446110a425cb3347a4b2fa88c4a0b8069fc611bd0e73,17532429404634484528271287435115523457268122197257873496686338632647130652611
2026-04-24T03:35:00.845335+00:00,2026-04-24T03:44:26.620983+00:00,momentum,"Solana Up or Down - April 23, 11:35PM-11:40PM ET",UP,Up,4.0,0.51,,WIN,YES,3.8431372549019605,Up,0xb3caec02574957b844bc6fb0f3c142664bd9fb93b8367c3d5012a64964e3ff8c,65477767129567058494197801707474160555954284359813513307870819101819135831464
2026-04-24T03:35:00.848237+00:00,2026-04-24T03:44:26.757106+00:00,momentum,"Ethereum Up or Down - April 23, 11:35PM-11:40PM ET",UP,Up,4.0,0.515,,WIN,YES,3.766990291262136,Up,0xda44a335cdf1b3d00a8d8ae98e2e514e77573837367fc66ddd528fb11298524c,78675536020721764940486822428657895357748169644877062759303592329226664439841
2026-04-24T03:35:00.842773+00:00,2026-04-24T03:45:27.112606+00:00,momentum,"Bitcoin Up or Down - April 23, 11:35PM-11:40PM ET",UP,Up,4.0,0.515,,WIN,YES,3.766990291262136,Up,0x8dfead2aa89a5c350a5dd9236abc2b0441d62a443f07b7629b7a1b48733bccc8,70582332262717798787592843372219901830756801322967300935137028166221594563868
2026-04-24T03:35:00.849288+00:00,2026-04-24T03:45:27.272346+00:00,momentum,"XRP Up or Down - April 23, 11:35PM-11:40PM ET",UP,Up,4.0,0.52,,WIN,YES,3.6923076923076916,Up,0x0757fa60b31d5a897d900804d83894fbdd410db004519ffda1908a3b6c8c1019,33778923768262125254242659886063372264418669464149276783037519884087941818249
2026-04-24T03:40:00.736366+00:00,2026-04-24T03:50:30.388058+00:00,momentum,"Ethereum Up or Down - April 23, 11:40PM-11:45PM ET",UP,Up,2.0,0.535,,WIN,YES,1.7383177570093458,Up,0x6556c4a03311c24ddfe53e5ca5c546c575e1a349bb10813810900eb7519c91d6,99145864206386538770080786490806925985907102549745531730925104793328880081354
2026-04-24T03:40:00.733548+00:00,2026-04-24T03:51:30.679859+00:00,momentum,"Bitcoin Up or Down - April 23, 11:40PM-11:45PM ET",UP,Up,2.0,0.525,,LOSS,NO,-2.0,Down,0x4cf2569a5da890ee0bfe336f25e71a279f6ea7bd33d7165d7cae194af724c577,21528562831406677455737593326195676547253641991744995592085850851543257316233
2026-04-24T03:40:00.738162+00:00,2026-04-24T03:51:30.803579+00:00,momentum,"XRP Up or Down - April 23, 11:40PM-11:45PM ET",UP,Up,2.0,0.53,,LOSS,NO,-2.0,Down,0xb23d533dbfa582ee9f15993448c30e16a092cc1dd9e4cdfed125258d92862aff,96793925985688853517640060949881844718900611694951490740442419850291622427871
2026-04-24T03:40:00.735291+00:00,2026-04-24T03:52:31.841470+00:00,momentum,"Solana Up or Down - April 23, 11:40PM-11:45PM ET",UP,Up,2.0,0.525,,WIN,YES,1.8095238095238093,Up,0x3155ce094720558ac61da1bd5408375d1feb36b7b1e67344838f6d88c45e22e3,75047148671498740275013327477117529646482226504794324881981564203038731152240
2026-04-24T03:45:00.418689+00:00,2026-04-24T03:53:31.879692+00:00,momentum,"Bitcoin Up or Down - April 23, 11:45PM-11:50PM ET",UP,Up,4.0,0.53,,WIN,YES,3.547169811320754,Up,0x43521ff889650215e8a841ae57b81fbb931ecb3a546a0217e9320baf3f337f07,106840277247652529591084775112021183289471637088276804998014257875636440643985
2026-04-24T03:45:21.878571+00:00,2026-04-24T03:53:32.201235+00:00,momentum,"XRP Up or Down - April 23, 11:45PM-11:50PM ET",UP,Up,4.0,0.51,,WIN,YES,3.8431372549019605,Up,0x13157884970dd5f3169ec98e7169293e9c7dee1417f6ca3e925bcde36e5cc0e6,43265685853925418229821809989529091780518134233122505949050967681062622790568
2026-04-24T03:45:00.420313+00:00,2026-04-24T03:54:32.820878+00:00,momentum,"Ethereum Up or Down - April 23, 11:45PM-11:50PM ET",UP,Up,2.0,0.53,,WIN,YES,1.773584905660377,Up,0x5e1e4c46fb606f461cfaddc22d04b28ec2ed1139a1c83189791674da70b77973,80177295150982899199600152368195839956558953732595665815189070791951490154236
2026-04-24T03:45:12.723181+00:00,2026-04-24T03:54:32.964412+00:00,momentum,"Solana Up or Down - April 23, 11:45PM-11:50PM ET",UP,Up,4.0,0.53,,WIN,YES,3.547169811320754,Up,0xb203641b321c1d9ca5a3a1e8a2728f5742747094cf9955e1079ffe3ad8929efe,100993168436068344530433489291429769406315321297524413911536217773089488349426
2026-04-24T03:50:00.966911+00:00,2026-04-24T03:59:36.450904+00:00,momentum,"Bitcoin Up or Down - April 23, 11:50PM-11:55PM ET",UP,Up,2.0,0.52,,WIN,YES,1.8461538461538458,Up,0x624882187e82e23a6949358e1c17b45786652df148173462183f8773063611f7,38856687594146255229607792020304940277269990939015524182626460707682330808292
2026-04-24T03:50:00.968509+00:00,2026-04-24T03:59:36.617662+00:00,momentum,"Solana Up or Down - April 23, 11:50PM-11:55PM ET",UP,Up,2.0,0.56,,WIN,YES,1.5714285714285712,Up,0xf0b245993695e0e7c696416b3b2698b9673f8f9a3ffcd72c57a44671cf1b0794,11281337216021247769699491037150035180143725211194391174638924992686753447145
2026-04-24T03:50:00.962266+00:00,2026-04-24T04:00:36.528140+00:00,momentum,"XRP Up or Down - April 23, 11:50PM-11:55PM ET",UP,Up,2.0,0.51,,WIN,YES,1.9215686274509802,Up,0xfc6778b4d60aef9664ba5427a863070abdc39b0e1ea25222dc2208f2581cd5c4,94765884065333939278381946430975020461564939432418278679318935456077802278842
2026-04-24T03:50:00.963913+00:00,2026-04-24T04:00:36.685679+00:00,momentum,"Ethereum Up or Down - April 23, 11:50PM-11:55PM ET",UP,Up,2.0,0.51,,WIN,YES,1.9215686274509802,Up,0xf31ad7a24fd955bbdb449797b2b05fe93b6db18899e76db78e1ac201fe6c68e7,9702579309345541083091014407651011150245236413952481952657383778437463386007
2026-04-24T03:55:00.446254+00:00,2026-04-24T04:05:39.036675+00:00,momentum,"Bitcoin Up or Down - April 23, 11:55PM-12:00AM ET",UP,Up,2.0,0.52,,WIN,YES,1.8461538461538458,Up,0x5567084c2ad81494942aa5ce91b2bdb3359c8f9c2ff522d2438e8e9f63bf376c,66857407549701584690397047797507718418961054018720091789917081975831903927094
2026-04-24T03:55:00.448401+00:00,2026-04-24T04:06:39.187859+00:00,momentum,"Ethereum Up or Down - April 23, 11:55PM-12:00AM ET",UP,Up,2.0,0.515,,WIN,YES,1.883495145631068,Up,0x333cb63cffdac7e026df7e0e3dfbeda6bcbf531b9227dab99269714e87480e94,49734584537443597504223822725835047318836959946713701373027878890783582075357
2026-04-24T03:55:00.450332+00:00,2026-04-24T04:06:39.672834+00:00,momentum,"XRP Up or Down - April 23, 11:55PM-12:00AM ET",UP,Up,2.0,0.515,,WIN,YES,1.883495145631068,Up,0x7bdfce5aac3e5b4379b45df67b3c9b5614df01439220560c56e5e37f4662d66e,12445676793957197365719101852855844223629156176036347861729735050627048807696
2026-04-24T03:55:04.568121+00:00,2026-04-24T04:06:39.738957+00:00,momentum,"Solana Up or Down - April 23, 11:55PM-12:00AM ET",DOWN,Down,2.0,0.51,,LOSS,NO,-2.0,Up,0x6689ab9aeaf688c6385640a69f1668011c7fb811ceee2cb8f03767746a5f2572,107455589672403407148240072650645854807363353563525082821168520152924710084126
2026-04-24T04:00:01.040581+00:00,2026-04-24T04:08:40.383037+00:00,momentum,"Bitcoin Up or Down - April 24, 12:00AM-12:05AM ET",UP,Up,2.0,0.515,,LOSS,NO,-2.0,Down,0xcef07bb7ec8c885d88b20c5a2a4b5d70bdcaefce729a3b869937db767dd67fe2,112969028649341542909677394302213529342752987501766124303776495105307892600659
2026-04-24T04:00:01.058362+00:00,2026-04-24T04:09:40.556874+00:00,momentum,"XRP Up or Down - April 24, 12:00AM-12:05AM ET",UP,Up,2.0,0.52,,LOSS,NO,-2.0,Down,0x31c1b13687f86e70ec0c2f273d4a19831f87ce8fae59b3634684ce97ee803194,3188593965928564801277063944168900597646251666701425805507905372795102524541
2026-04-24T04:00:03.187801+00:00,2026-04-24T04:09:40.717882+00:00,momentum,"Ethereum Up or Down - April 24, 12:00AM-12:05AM ET",DOWN,Down,2.0,0.55,,WIN,YES,1.6363636363636362,Down,0x3a69842dced0407b674a5c682bcdbc02e25f494c7c58f89f38eca5550fc268bf,82868605386190209577127371502614447791649218022527252349926775668822623971875
2026-04-24T04:00:03.189895+00:00,2026-04-24T04:09:40.901330+00:00,momentum,"Solana Up or Down - April 24, 12:00AM-12:05AM ET",DOWN,Down,4.0,0.51,,WIN,YES,3.8431372549019605,Down,0x276d262362d27494f951a8d1f32d1a414e86683baee5a0844500cdf35d7260e8,107967082990559715783423232411796910189889896572161028885179162111919832615232
2026-04-24T04:05:00.897089+00:00,2026-04-24T04:14:42.810145+00:00,momentum,"Bitcoin Up or Down - April 24, 12:05AM-12:10AM ET",UP,Up,2.0,0.51,,WIN,YES,1.9215686274509802,Up,0xd288bfc5a5137d4e865224b4a4c868ee84db859107a9fa7df444c3564841572c,110437283318643728589492302466829105437434261516072251267248420849526961629091
2026-04-24T04:05:00.901893+00:00,2026-04-24T04:14:43.034574+00:00,momentum,"XRP Up or Down - April 24, 12:05AM-12:10AM ET",UP,Up,4.0,0.51,,WIN,YES,3.8431372549019605,Up,0x7edeab6ba502ab8ab1f5c982a6a41004d9bc7203475644697ac3993692e53aec,71909172573985383919025718264992300545803499629056202640597464159531522890661
2026-04-24T04:05:00.899696+00:00,2026-04-24T04:15:42.907474+00:00,momentum,"Solana Up or Down - April 24, 12:05AM-12:10AM ET",UP,Up,2.0,0.51,,WIN,YES,1.9215686274509802,Up,0x386732a5055dca801dc9b8532f8dbe1f2f9831ce4bc0e161320fde65433ce856,93884299185463359523721405904594675325386731519591151436452188671306196071779
2026-04-24T04:05:03.955085+00:00,2026-04-24T04:15:43.061974+00:00,momentum,"Ethereum Up or Down - April 24, 12:05AM-12:10AM ET",UP,Up,2.0,0.67,,WIN,YES,0.9850746268656714,Up,0x690d7dc4aa2f6b103ad323f4b6bfbcfe374ee9182cf5e0f50cef8f30466336c8,90708191290157533482653419129176801952949519788079692810113763506794494625686
2026-04-24T04:10:00.938319+00:00,2026-04-24T04:20:45.040999+00:00,momentum,"XRP Up or Down - April 24, 12:10AM-12:15AM ET",UP,Up,2.0,0.58,,LOSS,NO,-2.0,Down,0x6d976f15255fe6e64356d3e0c96b36dd9eccf949b21c2a7dea206a64b6f7e79a,83117088687003414661319411180996131982360188113362300234864253935702272052981
2026-04-24T04:10:00.942956+00:00,2026-04-24T04:20:45.357252+00:00,momentum,"Ethereum Up or Down - April 24, 12:10AM-12:15AM ET",UP,Up,2.0,0.52,,WIN,YES,1.8461538461538458,Up,0x8cc3c702a8a6c0ada34dcca73cca1523945152a5621c41dd8844b63f89c1a32b,24837944041221757609633391664165964412007181531382980085897636603720724521352
2026-04-24T04:10:00.940799+00:00,2026-04-24T04:21:45.664927+00:00,momentum,"Bitcoin Up or Down - April 24, 12:10AM-12:15AM ET",UP,Up,4.0,0.61,,WIN,YES,2.557377049180328,Up,0x56d4f523a53653777d42e5f2d9cb2227bb233dd2e953af57d65184a2a10d59ba,97951078162146261305393968437114402579506463221263252298902386137735246267618
2026-04-24T04:10:00.946951+00:00,2026-04-24T04:21:45.800815+00:00,momentum,"Solana Up or Down - April 24, 12:10AM-12:15AM ET",UP,Up,2.0,0.99,,WIN,YES,0.020202020202020332,Up,0xbdc4890c13fc80abdcf9ba75b06d1b6565092241c12fa509dd7be03cbd7898fd,68859792859035777022878647631536131885952856199973292909843091682869017925904
2026-04-24T04:15:00.870593+00:00,2026-04-24T04:23:46.458351+00:00,momentum,"XRP Up or Down - April 24, 12:15AM-12:20AM ET",UP,Up,2.0,0.525,,LOSS,NO,-2.0,Down,0xb1fd41694bb5590fb4ca51ff6e7e2417b8b61b0903b2fb2cb8c7eaf02a03cb6e,19151962125766427665496827469885199743303470903078128868305332177035056740019
2026-04-24T04:15:00.868051+00:00,2026-04-24T04:24:46.537656+00:00,momentum,"Bitcoin Up or Down - April 24, 12:15AM-12:20AM ET",UP,Up,2.0,0.515,,WIN,YES,1.883495145631068,Up,0x2a5e2333e62fbf1d1958f17af8499eecf711dc27aeba9ef966579c9c02dba0d5,20861783981581378766686324545788778395666437640188293004846806561719346529065
2026-04-24T04:15:05.141709+00:00,2026-04-24T04:24:46.566232+00:00,momentum,"Solana Up or Down - April 24, 12:15AM-12:20AM ET",DOWN,Down,2.0,0.69,,LOSS,NO,-2.0,Up,0x4a29b7d5aea4b9ef46655a008c3329f6e7f402f5066c7280c492630905cbf0ab,19865519166780755824790616958719075234624858470908334039534271020697185689086
2026-04-24T04:15:05.144225+00:00,2026-04-24T04:24:46.596668+00:00,momentum,"Ethereum Up or Down - April 24, 12:15AM-12:20AM ET",DOWN,Down,2.0,0.59,,LOSS,NO,-2.0,Up,0xff17c8da9841cc9cce18b2d2bf83c4dd207428f2a101ef97875d123c5d55913b,98819109396859262212498354365316875956833757942099281544688297952575382611607
2026-04-24T04:20:00.910370+00:00,2026-04-24T04:29:49.559593+00:00,momentum,"Bitcoin Up or Down - April 24, 12:20AM-12:25AM ET",UP,Up,2.0,0.515,,WIN,YES,1.883495145631068,Up,0x654d08c5e6dd14f79c3c054f791709cc7e49e3810b56d29821d17266a8c14900,54012812529891437747014873061060305625784747927548234615154816982418381898659
2026-04-24T04:20:03.062140+00:00,2026-04-24T04:29:49.730490+00:00,momentum,"Solana Up or Down - April 24, 12:20AM-12:25AM ET",UP,Up,2.0,0.54,,LOSS,NO,-2.0,Down,0x81cb746ebddb64eb72b1c4003e9467a85035a378d3d8b19a6eec45250ac47546,28016780070875937477348465598312203886287499895071293096777523869203054748589
2026-04-24T04:20:03.064585+00:00,2026-04-24T04:29:49.898319+00:00,momentum,"Ethereum Up or Down - April 24, 12:20AM-12:25AM ET",DOWN,Down,2.0,0.51,,WIN,YES,1.9215686274509802,Down,0x9381c5b847f84a37c601a1c088efa19a23ed318825b4e0828746ecf788ec7e0a,9871226591500129066824538839410304632395271619723833654304190646734171461336
2026-04-24T04:20:00.913101+00:00,2026-04-24T04:30:50.279609+00:00,momentum,"XRP Up or Down - April 24, 12:20AM-12:25AM ET",UP,Up,2.0,0.515,,WIN,YES,1.883495145631068,Up,0x3b7a4a6df64022c18f9a1c5979cca87a23601ef8f2fb27a4a197aa196e79bf35,23459135414474908068302393560112242597580148619496386100066791878350694074556
2026-04-24T04:25:01.040778+00:00,2026-04-24T04:35:52.451493+00:00,momentum,"XRP Up or Down - April 24, 12:25AM-12:30AM ET",UP,Up,2.0,0.51,,LOSS,NO,-2.0,Down,0x7997265feac94c24b8ad8c9dec89ae5e66c2bb021f710b668cc187935704d286,42813118195747404883372545921590327504850908968999556044027647477888558781225
2026-04-24T04:25:05.072927+00:00,2026-04-24T04:35:52.695280+00:00,momentum,"Ethereum Up or Down - April 24, 12:25AM-12:30AM ET",DOWN,Down,2.0,0.63,,WIN,YES,1.1746031746031744,Down,0xca83e1ba0fce23c8de51263695ebd7c882b8befe9950c0ad57713ac5012fd920,59096198385224657172295813193894127231444265616501562738174533574677133237473
2026-04-24T04:25:06.132990+00:00,2026-04-24T04:35:52.849640+00:00,momentum,"Solana Up or Down - April 24, 12:25AM-12:30AM ET",DOWN,Down,2.0,0.59,,WIN,YES,1.3898305084745766,Down,0x84836828f0ad2a3410653de29d661f88fe984d9368a557e5d81dbd32d984d454,8420939406872454942002084099128908030576024217657881387762323168885771740670
2026-04-24T04:25:05.069585+00:00,2026-04-24T04:36:52.670903+00:00,momentum,"Bitcoin Up or Down - April 24, 12:25AM-12:30AM ET",DOWN,Down,2.0,0.55,,WIN,YES,1.6363636363636362,Down,0x89f8664ab3481244ad33849937c7bfaca3f8f4c2a45be4d46dad8a3becffea82,69242668702909458723379501411977992328619461727936872020365147481519741950677
2026-04-24T04:30:00.567478+00:00,2026-04-24T04:41:54.419986+00:00,momentum,"Ethereum Up or Down - April 24, 12:30AM-12:35AM ET",DOWN,Down,2.0,0.515,,WIN,YES,1.883495145631068,Down,0xc5fd77d8bf442e6b7e6542037894cc335eab0e8fefdb47b3205f35a09965d7b6,23114312720085928633696268342261356852016659905423418378944122328388654914790
2026-04-24T04:30:04.728584+00:00,2026-04-24T04:41:54.696461+00:00,momentum,"XRP Up or Down - April 24, 12:30AM-12:35AM ET",UP,Up,4.0,0.54,,WIN,YES,3.4074074074074066,Up,0x0aa365c223a9583ab5859f6a8ce123563c2383806b088cf66d7b70114da5784e,7291339533404550660654211098809921410416016269424540315202743648286865290186
2026-04-24T04:30:01.653246+00:00,2026-04-24T04:42:54.537302+00:00,momentum,"Bitcoin Up or Down - April 24, 12:30AM-12:35AM ET",UP,Up,2.0,0.51,,LOSS,NO,-2.0,Down,0xae83abf73355ef6575bba2c30df256f11db88604f5e9709eaf0a68095692d829,102706124703741157958220475743530866641404368513468684121832666935835064994120
2026-04-24T04:30:23.266639+00:00,2026-04-24T04:42:54.574775+00:00,momentum,"Solana Up or Down - April 24, 12:30AM-12:35AM ET",UP,Up,2.0,0.67,,LOSS,NO,-2.0,Down,0x1f5e9db057995f36916c74c8f89a9b9ab6e3a083a3afb3e4ba3a301c2bc6b4e2,33814057058149636254055319490803986683452951762433599836211770360360838158966
2026-04-24T04:35:01.301156+00:00,2026-04-24T04:44:55.490717+00:00,momentum,"Solana Up or Down - April 24, 12:35AM-12:40AM ET",UP,Up,4.0,0.99,,LOSS,NO,-4.0,Down,0x2ccddf75c89637049bc729d2a7f3e3bd154b5c194fff4b76386b3c69585b6cfa,26436673093862383771201329998199600391819349003885945063542319201486183004927
2026-04-24T04:35:01.292210+00:00,2026-04-24T04:45:55.751533+00:00,momentum,"Bitcoin Up or Down - April 24, 12:35AM-12:40AM ET",UP,Up,2.0,0.99,,LOSS,NO,-2.0,Down,0x8aa3953a9b3fdca70d4400cd54f2c6d26fd529b8632a5386454d07286c305e3c,79707774984025049960592982757412589841888849444589221658701085167273174016417
2026-04-24T04:35:01.295468+00:00,2026-04-24T04:45:55.788901+00:00,momentum,"Ethereum Up or Down - April 24, 12:35AM-12:40AM ET",UP,Up,4.0,0.99,,LOSS,NO,-4.0,Down,0xfa5df752d8f1de980576813a55d76734264c897882818505507d31b99aab8664,9226118615147802750516272634828394813305035982566448677052858102123531830862
2026-04-24T04:35:01.298428+00:00,2026-04-24T04:45:55.819061+00:00,momentum,"XRP Up or Down - April 24, 12:35AM-12:40AM ET",UP,Up,2.0,0.99,,LOSS,NO,-2.0,Down,0x30cd3b4dc7c1d084918f232ba464bb3bd29bfc441e69dcdc2cd4b65d6aaf84e3,10177480422325461850334473991611269924924051557507745056426041354770555086449
2026-04-24T04:40:00.238378+00:00,2026-04-24T04:50:58.958801+00:00,momentum,"Solana Up or Down - April 24, 12:40AM-12:45AM ET",UP,Up,8.0,0.53,,WIN,YES,7.094339622641508,Up,0x1016a02be2ca0c56b18f735dbd550f3b9ea0e24384c166e4f942b6c324316629,22456288869395598640866998980545020733279652761193785949410629876319880732268
2026-04-24T04:40:00.232859+00:00,2026-04-24T04:51:59.398387+00:00,momentum,"Ethereum Up or Down - April 24, 12:40AM-12:45AM ET",UP,Up,8.0,0.53,,WIN,YES,7.094339622641508,Up,0x86904fd643995a5ad2a0124ce168b0c3e03318b0f05df11d867e5aa083d4ba4d,82213896953207680639375762927252190207464383905448110372176961951918587966888
2026-04-24T04:40:00.243141+00:00,2026-04-24T04:51:59.543154+00:00,momentum,"Bitcoin Up or Down - April 24, 12:40AM-12:45AM ET",UP,Up,4.0,0.55,,WIN,YES,3.2727272727272725,Up,0xaa59122ea7ce4c16b6364419e67baf472171f2b53b4545f524216826b4437a4f,33436006969101232155801884156990207695880303143912568525059648639663909333862
2026-04-24T04:40:03.356730+00:00,2026-04-24T04:51:59.574584+00:00,momentum,"XRP Up or Down - April 24, 12:40AM-12:45AM ET",DOWN,Down,4.0,0.51,,LOSS,NO,-4.0,Up,0xea5463de720972fe110e118158e8532f140f5d5a0c8e217cacca9347dcfdd19f,37775187968033364361979340551022612953634955832156247783460729188210508358623
2026-04-24T04:45:00.937736+00:00,2026-04-24T04:54:01.323589+00:00,momentum,"Ethereum Up or Down - April 24, 12:45AM-12:50AM ET",UP,Up,2.0,0.515,,WIN,YES,1.883495145631068,Up,0x7920dc716061b4b2b357c520edf067b240bccd019f0058197248ac2387dcbd48,85312842997663930942361480604209151379775071314092331221747114398208689542171
2026-04-24T04:45:00.952459+00:00,2026-04-24T04:54:01.596396+00:00,momentum,"Solana Up or Down - April 24, 12:45AM-12:50AM ET",UP,Up,2.0,0.52,,WIN,YES,1.8461538461538458,Up,0x61bc47a6a089c652996cddfc3f35cb3695860bc1351e48b5d399ea4d5f6a392f,82572805002119577540868237934335217371574135946089375611143930486498376160223
2026-04-24T04:45:03.058804+00:00,2026-04-24T04:54:01.787193+00:00,momentum,"XRP Up or Down - April 24, 12:45AM-12:50AM ET",UP,Up,8.0,0.63,,WIN,YES,4.698412698412698,Up,0x10a64dde9e8b0fa419fadc921252bf39a12418fca0e641bfff9edb0dcca278c2,10938021146378562407556527015534738385403671309672020245381646752324962823404
2026-04-24T04:45:00.945461+00:00,2026-04-24T04:55:01.735161+00:00,momentum,"Bitcoin Up or Down - April 24, 12:45AM-12:50AM ET",UP,Up,2.0,0.515,,WIN,YES,1.883495145631068,Up,0xb885a021d7343433a4c7f490f8c6271fc994242d3aa7ee309034e3801be5f25f,110642234313069779393046394764073865424565625991294029183599064292295258862009
2026-04-24T04:50:03.907825+00:00,2026-04-24T04:59:03.452176+00:00,momentum,"Ethereum Up or Down - April 24, 12:50AM-12:55AM ET",UP,Up,2.0,0.59,,LOSS,NO,-2.0,Down,0x5c77ee5ed2d6ea62de23347087dd11a4d82d75ec8912a2d18fcfa79b50e3894f,105069918704910590727869878176188046627530041234230400170054877621767358188663
2026-04-24T04:50:13.204446+00:00,2026-04-24T04:59:03.718489+00:00,momentum,"XRP Up or Down - April 24, 12:50AM-12:55AM ET",DOWN,Down,2.0,0.54,,WIN,YES,1.7037037037037033,Down,0xaf4071a40c522fc3f49ce55e904aa3627c7d5d31c8d463339e5beec12e9cadeb,36701906847125014043001448611103714115184524558575056533996568498644132319456
2026-04-24T04:50:00.771778+00:00,2026-04-24T05:00:04.346837+00:00,momentum,"Bitcoin Up or Down - April 24, 12:50AM-12:55AM ET",UP,Up,2.0,0.58,,LOSS,NO,-2.0,Down,0x3f2e23591a1b7fd2a9e81b4d227fd5a8b844d59b12967377b722cccb4cca33ca,46768615775154339307322438115951262901678655158476661774080851701147608368804
2026-04-24T04:50:03.910639+00:00,2026-04-24T05:01:04.935569+00:00,momentum,"Solana Up or Down - April 24, 12:50AM-12:55AM ET",UP,Up,2.0,0.51,,LOSS,NO,-2.0,Down,0xf14d69f39e0ef61ddc1a73dc8e27f1638ed6ba4ed65adf429a18e3dff2563dba,23574216427395941236740863083007979109476778808970702851680046150187251135326
2026-04-24T04:55:12.951375+00:00,2026-04-24T05:05:07.644650+00:00,momentum,"Ethereum Up or Down - April 24, 12:55AM-1:00AM ET",UP,Up,4.0,0.52,,LOSS,NO,-4.0,Down,0x02c336d0344c8efc0b0540b7c675b4bf98deaa8da3ed17181ec545feae160766,66228515156881129525170709454205473042408469986150335263506676163560341629021
2026-04-24T04:55:00.568482+00:00,2026-04-24T05:06:07.703027+00:00,momentum,"Solana Up or Down - April 24, 12:55AM-1:00AM ET",UP,Up,2.0,0.51,,LOSS,NO,-2.0,Down,0x05a6f6e28dd2f0a3febed649066cdd7450f9efcd7c67eb6270ab103d030e9a5b,80401288202133705151793248352268426428709314472373301643110799654489030150589
2026-04-24T04:55:03.601839+00:00,2026-04-24T05:06:07.867980+00:00,momentum,"XRP Up or Down - April 24, 12:55AM-1:00AM ET",DOWN,Down,2.0,0.57,,WIN,YES,1.5087719298245617,Down,0xe0e621beb5c2d4de8f5fb0cd115d25c9070a7ab6d75f9f6583f2cb59cfe19156,70843246302454913500302572750675888462666033832653108600039377056911390922793
2026-04-24T04:55:03.605601+00:00,2026-04-24T05:06:08.044569+00:00,momentum,"Bitcoin Up or Down - April 24, 12:55AM-1:00AM ET",DOWN,Down,4.0,0.53,,WIN,YES,3.547169811320754,Down,0x1fab80eb6f107dc0572264da72ac1a9b066618101f9a3fc2c64895068e909c56,15344364399728027700099867163081348279770060869494019536920830957477200411317
2026-04-24T05:00:04.305614+00:00,2026-04-24T05:09:09.327303+00:00,momentum,"XRP Up or Down - April 24, 1:00AM-1:05AM ET",DOWN,Down,2.0,0.68,,WIN,YES,0.9411764705882351,Down,0x6f77e40bb26ba7423533a40aa07340d1de7895f95f074b43b0a11e9cf8cb3b13,41779506366958040723792721619523638975916200259080684762327945861805022751470
2026-04-24T05:00:10.522920+00:00,2026-04-24T05:09:09.565802+00:00,momentum,"Solana Up or Down - April 24, 1:00AM-1:05AM ET",DOWN,Down,2.0,0.54,,WIN,YES,1.7037037037037033,Down,0x2d0375a9f0bffbd0cdc5ae5c3841cd937c392d77750cd04573582a4486f9446d,84371781829160329164420941944989660658109637085230658241789770079301005798371
2026-04-24T05:00:04.301844+00:00,2026-04-24T05:10:10.051501+00:00,momentum,"Bitcoin Up or Down - April 24, 1:00AM-1:05AM ET",DOWN,Down,2.0,0.54,,LOSS,NO,-2.0,Up,0x05c639e107e0d5cbd916f4c23019794ff88f10a35281e9bc9791ab86795ce42f,3209768120547679171870040863558885765057085302291584774845874608140122301725
2026-04-24T05:00:04.309495+00:00,2026-04-24T05:10:10.280165+00:00,momentum,"Ethereum Up or Down - April 24, 1:00AM-1:05AM ET",DOWN,Down,8.0,0.63,,WIN,YES,4.698412698412698,Down,0x93cc8bcadb5d5c7497a866dfaa3a6e814b8b1047f52325d8e5977118111a98b0,35271458774020296573251857975218811223659558088206963234145691708900039163910
2026-04-24T05:05:04.076743+00:00,2026-04-24T05:15:12.299510+00:00,momentum,"Ethereum Up or Down - April 24, 1:05AM-1:10AM ET",UP,Up,2.0,0.55,,LOSS,NO,-2.0,Down,0xcfabb8b5f60cced2e137b0398e40c8bd7df1c3265a0361aa532b5bbb1140d054,114786151067667609372974736834920419571941954382211678671011338618626977636669
2026-04-24T05:05:04.073377+00:00,2026-04-24T05:16:13.168751+00:00,momentum,"XRP Up or Down - April 24, 1:05AM-1:10AM ET",DOWN,Down,2.0,0.53,,WIN,YES,1.773584905660377,Down,0x27011a59d1f33bcc26b8e07a4e5148650c3fac4eaff7993bfc552cc845126bc9,88939070775438422274274181829529495274543878188155936225649624605620978009919
2026-04-24T05:05:10.433646+00:00,2026-04-24T05:16:13.243502+00:00,momentum,"Solana Up or Down - April 24, 1:05AM-1:10AM ET",DOWN,Down,2.0,0.53,,LOSS,NO,-2.0,Up,0x336ff0d1626861f01227766d2830d1308dc985d79164ece33f90559ce3f7b6ec,99079080906322159266658208322337972803798414887167804524544288548374381466044
2026-04-24T05:05:19.653351+00:00,2026-04-24T05:16:13.390432+00:00,momentum,"Bitcoin Up or Down - April 24, 1:05AM-1:10AM ET",DOWN,Down,4.0,0.51,,WIN,YES,3.8431372549019605,Down,0xbd044ae74f6704d9256d143443bfa0fed545d0ab50d39a2c5812ec0bc41fe78c,37056979418159790555979186691906649393913610965254171617175881955519245615137
2026-04-24T05:10:00.798853+00:00,2026-04-24T05:21:16.083007+00:00,momentum,"Bitcoin Up or Down - April 24, 1:10AM-1:15AM ET",UP,Up,2.0,0.51,,LOSS,NO,-2.0,Down,0xcadb236657afeef62eb9ccbabe9b5f7dd8ebf3d0970c824447b4bffd6046e27c,17287045812540038969145344655578038316348210668888999681570783533122775706313
2026-04-24T05:10:00.802763+00:00,2026-04-24T05:21:16.111220+00:00,momentum,"Solana Up or Down - April 24, 1:10AM-1:15AM ET",UP,Up,2.0,0.53,,LOSS,NO,-2.0,Down,0x5d1fdaa43c3f6918f1b2200b9460c631c7ad658569e2deddd4ef6098cab62315,95534332888366172726362916530326733221871399163200168470550589936527543154528
2026-04-24T05:10:00.812530+00:00,2026-04-24T05:21:16.253023+00:00,momentum,"XRP Up or Down - April 24, 1:10AM-1:15AM ET",UP,Up,2.0,0.51,,LOSS,NO,-2.0,Down,0xf7d8a23206d42012f7b4bfd0c7fed8d37c22a5cbef008e1f0de20243bcd73d52,65517550201118899443261613410417303300605558902616447542542339569960862345734
2026-04-24T05:10:00.808841+00:00,2026-04-24T05:22:16.811242+00:00,momentum,"Ethereum Up or Down - April 24, 1:10AM-1:15AM ET",UP,Up,4.0,0.54,,LOSS,NO,-4.0,Down,0x46e13c82f0aca43fd910baa88cf5e38349563c31bdf197c9e52a714fb8a450e6,31470674174817747377376205622619368056794213337190928395448632153949481614913
2026-04-24T05:15:01.446786+00:00,2026-04-24T05:23:17.200490+00:00,momentum,"Bitcoin Up or Down - April 24, 1:15AM-1:20AM ET",UP,Up,4.0,0.51,,LOSS,NO,-4.0,Down,0x7be8dbd906195cc49f34b29a93aee3204235956c3572829d7361a45b2b989eb2,15693025646269627846840837306904602357627887641625295859898864270414591992984
2026-04-24T05:15:01.451621+00:00,2026-04-24T05:24:18.097834+00:00,momentum,"XRP Up or Down - April 24, 1:15AM-1:20AM ET",UP,Up,4.0,0.51,,LOSS,NO,-4.0,Down,0xe71c3f503ab691d867503c35795c8ba9e786b2971b4a3101b6eef21b9640dbad,84395440572215287480197212164576704323381483769143321399245095595645127617965
2026-04-24T05:15:01.456672+00:00,2026-04-24T05:24:18.127319+00:00,momentum,"Ethereum Up or Down - April 24, 1:15AM-1:20AM ET",UP,Up,8.0,0.52,,LOSS,NO,-8.0,Down,0x64f19357a9ba47d9b55a4098e74cfa60223dbbf9dc38ce43328a6e966813764e,90767786899857553281445497141046858216086641055706870714919713298332497781186
2026-04-24T05:15:07.784338+00:00,2026-04-24T05:24:18.265824+00:00,momentum,"Solana Up or Down - April 24, 1:15AM-1:20AM ET",UP,Up,4.0,0.56,,WIN,YES,3.1428571428571423,Up,0x1bde48c7cfc6732c43719c9949ed1b55c1d31bc35f5c2cca8a7065309889bef6,41738205698683189471005219996212171675695241422748234491814296117111858506552
2026-04-24T05:20:00.557337+00:00,2026-04-24T05:29:20.688958+00:00,momentum,"Bitcoin Up or Down - April 24, 1:20AM-1:25AM ET",UP,Up,2.0,0.525,,WIN,YES,1.8095238095238093,Up,0xcc10a17d1a1e72b9a5a5d3706ecb620e82a75878e7e63b31e0a7c0938f31e5fd,109392320609853642816231606386385728783265953793766001893099856188210537403326
2026-04-24T05:20:08.740240+00:00,2026-04-24T05:29:20.814695+00:00,momentum,"Solana Up or Down - April 24, 1:20AM-1:25AM ET",UP,Up,2.0,0.6,,LOSS,NO,-2.0,Down,0x8d730b393667789fd77b65b71fc8831086ca0b2cfbb4eb2d9eee91ed68dcceb0,102701495236048868812768520498718912809236345780959655346604980588214764078383
2026-04-24T05:20:02.610669+00:00,2026-04-24T05:30:21.580544+00:00,momentum,"Ethereum Up or Down - April 24, 1:20AM-1:25AM ET",UP,Up,16.0,0.53,,WIN,YES,14.188679245283016,Up,0x7c096d54649c71480c64262899cee2ed9a3924c30a33bd01c48a9398937195b0,107952558663291942559750361050618041450900710951051860829085439206910671383450
2026-04-24T05:20:00.552940+00:00,2026-04-24T05:31:21.719795+00:00,momentum,"XRP Up or Down - April 24, 1:20AM-1:25AM ET",UP,Up,2.0,0.525,,WIN,YES,1.8095238095238093,Up,0xa49f72cef33af57b4c9da7d47d0953f32aae0a346d9a2b27242f837b602940f5,2091433853656157463914561894990633985109118869574306906300309702856722569763
2026-04-24T05:25:00.252246+00:00,2026-04-24T05:35:24.227094+00:00,momentum,"Solana Up or Down - April 24, 1:25AM-1:30AM ET",UP,Up,4.0,0.53,,WIN,YES,3.547169811320754,Up,0xfa0918ce9e4ee7cfb40aeef2549e4b104495a2d4cbecd512a615dfb15ff3f066,90642445668076944729246047463331756456831720235791698026007775204540209049925
2026-04-24T05:25:00.267174+00:00,2026-04-24T05:35:24.590822+00:00,momentum,"Ethereum Up or Down - April 24, 1:25AM-1:30AM ET",UP,Up,32.0,0.53,,WIN,YES,28.37735849056603,Up,0x367615ebe423ab0ddc90dbf35991d554aa978b8682b32082de545a6c580388a7,17390838996882592608529349840037853857933959951628540321940704300331952992261
2026-04-24T05:25:00.262276+00:00,2026-04-24T05:36:24.836003+00:00,momentum,"XRP Up or Down - April 24, 1:25AM-1:30AM ET",UP,Up,2.0,0.51,,WIN,YES,1.9215686274509802,Up,0x2fe9ee878348ce4789a0ece717e275c2a8fbad2a72dfbdb609168f9e54da4e23,110932658008201645948696632190044190795646203969678296185692349672647758043856
2026-04-24T05:25:00.257664+00:00,2026-04-24T05:37:25.955465+00:00,momentum,"Bitcoin Up or Down - April 24, 1:25AM-1:30AM ET",UP,Up,2.0,0.54,,WIN,YES,1.7037037037037033,Up,0xd1ec1503edbcc2bd0c39e7f95a7f0365349d891fea27c0643d2140995854b35e,75956030506492098788725316864903984813868902374122285544978465782491730769600
2026-04-24T05:30:02.456540+00:00,2026-04-24T05:38:26.645568+00:00,momentum,"Solana Up or Down - April 24, 1:30AM-1:35AM ET",UP,Up,2.0,0.56,,LOSS,NO,-2.0,Down,0x37ad65f88cf3f2fdd8884efc6021a40e06ff8ed65300f0aac710193a4aab830f,22847857249270723241224304390938934216770616911375544735535008898263258980681
2026-04-24T05:30:00.379373+00:00,2026-04-24T05:40:27.300535+00:00,momentum,"Bitcoin Up or Down - April 24, 1:30AM-1:35AM ET",UP,Up,2.0,0.515,,WIN,YES,1.883495145631068,Up,0xe4a9cca9265781f936eef80287867976bcfdf9390e03f468d3ea810b215486df,38737635503731770166783045344985430965274065222721099371240925027090292919093
2026-04-24T05:30:00.386284+00:00,2026-04-24T05:40:27.428389+00:00,momentum,"Ethereum Up or Down - April 24, 1:30AM-1:35AM ET",UP,Up,2.0,0.515,,WIN,YES,1.883495145631068,Up,0x1fc7df540eaa64564b24daf19ddaac9cf879f2095afa870901f2330f04ca362a,92453930745185597917444775557020846255550926650312839286571911917975873557938
2026-04-24T05:30:02.449852+00:00,2026-04-24T05:40:27.570166+00:00,momentum,"XRP Up or Down - April 24, 1:30AM-1:35AM ET",UP,Up,2.0,0.54,,WIN,YES,1.7037037037037033,Up,0xff020a71c1c085a34b2048f9092683be0dbe9575e1c88d71b4df8ced5efdd1fb,76752696713988565763753439145866107461980749484391279385035703665661221222815
2026-04-24T05:35:08.417771+00:00,2026-04-24T05:44:29.211428+00:00,momentum,"Bitcoin Up or Down - April 24, 1:35AM-1:40AM ET",DOWN,Down,2.0,0.51,,LOSS,NO,-2.0,Up,0x4d0640d304eb6909428b2b3b861a838f3728b14399c019e386ecea56ac5ecc2b,15556942875887145347119203738106493111256492797808917917161072520933910339285
2026-04-24T05:35:05.331927+00:00,2026-04-24T05:45:30.040049+00:00,momentum,"XRP Up or Down - April 24, 1:35AM-1:40AM ET",DOWN,Down,2.0,0.52,,LOSS,NO,-2.0,Up,0x87e33723395c5c99ff59da5b23c3d084bf837e97c5d7aadf0263e142afafbe5e,28535875116128776228269472133393955032271739066311318048507768971440959067691
2026-04-24T05:35:24.015801+00:00,2026-04-24T05:45:30.081127+00:00,momentum,"Solana Up or Down - April 24, 1:35AM-1:40AM ET",DOWN,Down,4.0,0.6,,LOSS,NO,-4.0,Up,0xe4da222013a5995ca4ac472643bdebe2baf6a2e8008d4c420af5221b3ee707ee,8522539880542638845239690251701009516058543566746093369447138143723871390884
2026-04-24T05:35:02.266650+00:00,2026-04-24T05:46:30.057200+00:00,momentum,"Ethereum Up or Down - April 24, 1:35AM-1:40AM ET",DOWN,Down,2.0,0.54,,LOSS,NO,-2.0,Up,0xd3c0b664345702249af0b7b3a65d4bd0fbb4fe4ec2229b389e5e4d7e995103f6,20757076771213376833114374619476926598280494555460007700731895647317519065774
2026-04-24T05:40:00.261349+00:00,2026-04-24T05:50:33.108006+00:00,momentum,"Solana Up or Down - April 24, 1:40AM-1:45AM ET",UP,Up,8.0,0.51,,WIN,YES,7.686274509803921,Up,0xb6a2cf1f9af9659e46ec3844df6b7d1f79cc35b04c0d532081b22a0f583a3bc8,17810073419910671697866924683733113674287984220375990967330820972414550230279
2026-04-24T05:40:03.359709+00:00,2026-04-24T05:50:33.387499+00:00,momentum,"Ethereum Up or Down - April 24, 1:40AM-1:45AM ET",UP,Up,4.0,0.53,,WIN,YES,3.547169811320754,Up,0xcf445efce41ca9929967304cd16ca87debc7c20cc6a18eb6ad4050f1c8cf6781,23110744720639407677959772843105110897990603694465162346856049003318779353818
2026-04-24T05:40:06.456762+00:00,2026-04-24T05:50:33.569385+00:00,momentum,"XRP Up or Down - April 24, 1:40AM-1:45AM ET",DOWN,Down,2.0,0.51,,WIN,YES,1.9215686274509802,Down,0x6231b54cf32c29aa6bf0d20f572564b3d4fa94f5f10ba217d4d3514e99ce744d,14316504094655926209186411977346562574555054452447490076533628698565368575451
2026-04-24T05:40:00.270930+00:00,2026-04-24T05:51:33.707767+00:00,momentum,"Bitcoin Up or Down - April 24, 1:40AM-1:45AM ET",DOWN,Down,4.0,0.53,,WIN,YES,3.547169811320754,Down,0x6fe8c1670e221c92e3e791310cf031706b3d580c205bb79c2a4f04691418d065,22258586040185893531654368466463925884403786674230143829593079255864648462962
2026-04-24T05:45:00.219341+00:00,2026-04-24T05:54:36.510077+00:00,momentum,"Bitcoin Up or Down - April 24, 1:45AM-1:50AM ET",DOWN,Down,2.0,0.53,,LOSS,NO,-2.0,Up,0xded1e79fb5c6c775bbae842161993deae7f9b6e4d07fa7a62381123339be919e,449300794089895731912407026028348958402918791732163598751656776436868451013
2026-04-24T05:45:09.666942+00:00,2026-04-24T05:54:37.143011+00:00,momentum,"XRP Up or Down - April 24, 1:45AM-1:50AM ET",UP,Up,4.0,0.59,,WIN,YES,2.779661016949153,Up,0xa7e7dd25e53424c6f56069c5fa6ab9d093655c4bca57f555e07bacd8fe8aa2d1,14708212789830972047471850919577194523477653419638154144472913009837769794508
2026-04-24T05:45:00.225703+00:00,2026-04-24T05:56:37.317552+00:00,momentum,"Ethereum Up or Down - April 24, 1:45AM-1:50AM ET",DOWN,Down,2.0,0.52,,LOSS,NO,-2.0,Up,0x1b9595d85757db80afcdf938803ffff9317b025f509a7643b2e3e98d340d0900,45195685612932609606075020864564391629654703468400225782981311190008305609752
2026-04-24T05:45:00.230746+00:00,2026-04-24T05:57:37.374857+00:00,momentum,"Solana Up or Down - April 24, 1:45AM-1:50AM ET",DOWN,Down,2.0,0.51,,LOSS,NO,-2.0,Up,0xe2ee2a2a7ed85367c3c99be6a94dcb1f3c2450495c0f9912a59bfb4ec0c3cca1,85934199847405475310816628429498336259704138857000348010654803457957202093872
2026-04-24T05:50:01.982162+00:00,2026-04-24T05:59:38.494664+00:00,momentum,"Solana Up or Down - April 24, 1:50AM-1:55AM ET",DOWN,Down,2.0,0.54,,LOSS,NO,-2.0,Up,0xd0a7bbad3f6304e994ee8fe30164172488af654c323aaf71785a1531968966eb,99540193961749211589405316198780833352727809697709430579131764976411510493341
2026-04-24T05:50:32.716613+00:00,2026-04-24T05:59:38.712965+00:00,momentum,"Ethereum Up or Down - April 24, 1:50AM-1:55AM ET",DOWN,Down,4.0,0.51,,LOSS,NO,-4.0,Up,0xac038a95aa7d359e4d82621433b7eec814733ea2a18919e6d0b8f6e8f6f95945,103339698285931922282514874863260278346936045968496379660404479009538666529796
2026-04-24T05:50:01.987538+00:00,2026-04-24T06:00:38.907999+00:00,momentum,"XRP Up or Down - April 24, 1:50AM-1:55AM ET",DOWN,Down,2.0,0.51,,LOSS,NO,-2.0,Up,0xf16aff6b00e7c3db34ab13bf2857a69bdecc2f277d021d375da12a852e0efe0b,94383475066143739122307399409543734785371725262325031669812584828079661593430
2026-04-24T05:50:32.711556+00:00,2026-04-24T06:00:38.945579+00:00,momentum,"Bitcoin Up or Down - April 24, 1:50AM-1:55AM ET",UP,Up,4.0,0.62,,LOSS,NO,-4.0,Down,0x02827faac1b6a71acbeb9704ee0ce5721868934e11c003a0cda4cd1933fb2896,76608185090394106020195946883986017279180479041815553514551354739398944402271
2026-04-24T05:55:03.546782+00:00,2026-04-24T06:05:41.837899+00:00,momentum,"Solana Up or Down - April 24, 1:55AM-2:00AM ET",UP,Up,2.0,0.53,,WIN,YES,1.773584905660377,Up,0x43cd36036c47ff7ce408d5006b9fb8cbfb5f70d4fcb5a56d413de0b02ddbe68b,110681643597965131601762640051334099670315902028876744663463035484070105648965
2026-04-24T05:55:00.411958+00:00,2026-04-24T06:06:42.507073+00:00,momentum,"Bitcoin Up or Down - April 24, 1:55AM-2:00AM ET",DOWN,Down,2.0,0.54,,LOSS,NO,-2.0,Up,0x88fab190c579402f7a442cd33ce5f16f3e8607bd3baa6f3d246d8981211e007c,76668314361870493109560433883690842542942138696837898974001491020721928420947
2026-04-24T05:55:00.417381+00:00,2026-04-24T06:06:42.543904+00:00,momentum,"Ethereum Up or Down - April 24, 1:55AM-2:00AM ET",DOWN,Down,8.0,0.56,,LOSS,NO,-8.0,Up,0x8b2e15d3f9ec5ca02a7889ba61dc94bcb7577e0b023a03bad5fed1d2b10b703b,34873881268228275086520856098412435865132231868114749507540049335348002935042
2026-04-24T05:55:03.552713+00:00,2026-04-24T06:06:42.595292+00:00,momentum,"XRP Up or Down - April 24, 1:55AM-2:00AM ET",DOWN,Down,2.0,0.55,,LOSS,NO,-2.0,Up,0x0223e68f9008e6384d95b97e16485105c5f2c704566d8a42f095c19f582bd834,82780932364563669404320697991706735830251588518007050619184816291795929208266
2026-04-24T06:00:00.717993+00:00,2026-04-24T06:08:43.713706+00:00,momentum,"Bitcoin Up or Down - April 24, 2:00AM-2:05AM ET",DOWN,Down,4.0,0.54,,WIN,YES,3.4074074074074066,Down,0xa871c71cb58d9bbfdeef395d69a5934b26227cc9c58b38b049ae605861e65511,46215796101321781132460656354479592668529366709828759078838733138120677372502
2026-04-24T06:00:00.732631+00:00,2026-04-24T06:08:43.987652+00:00,momentum,"Ethereum Up or Down - April 24, 2:00AM-2:05AM ET",DOWN,Down,16.0,0.52,,WIN,YES,14.769230769230766,Down,0x79e596e45ad2d3c2fb3f8a1fceb2669aef21465368eaf241a4a1ce4359ec1a18,57040852842594194770603920281581452051640038640810679885549545325056674855332
2026-04-24T06:00:00.725548+00:00,2026-04-24T06:09:44.051199+00:00,momentum,"Solana Up or Down - April 24, 2:00AM-2:05AM ET",UP,Up,2.0,0.55,,LOSS,NO,-2.0,Down,0x9f5718f5f425c6a8a20d75b881a2575d2aae6862ddd2c64647560ea1d205636b,17969665466725238289267285284619902076541357949811813488270554544948182153113
2026-04-24T06:00:00.737697+00:00,2026-04-24T06:09:44.190406+00:00,momentum,"XRP Up or Down - April 24, 2:00AM-2:05AM ET",DOWN,Down,4.0,0.51,,WIN,YES,3.8431372549019605,Down,0xf0f5c6c79645e383ac9ad3125a77ff1b373e9ba628e2528bfd5c8d6921b76ca8,29598960960533189050057519965923363674242166527688391704343743232407395021722
2026-04-24T06:05:02.036411+00:00,2026-04-24T06:14:46.727552+00:00,momentum,"XRP Up or Down - April 24, 2:05AM-2:10AM ET",UP,Up,2.0,0.99,,WIN,YES,0.020202020202020332,Up,0x3bb155e62b2340cf0692bfb2f2d3f304b834ce752d9566192b51429ac98db9d7,19341938668449930895346486022597341906882043912075714931628798679867014162528
2026-04-24T06:05:01.011030+00:00,2026-04-24T06:15:47.373905+00:00,momentum,"Bitcoin Up or Down - April 24, 2:05AM-2:10AM ET",DOWN,Down,2.0,0.525,,LOSS,NO,-2.0,Up,0x9a9ee2a35892d99bcdfae9e61661bafd57930de639aa02efd5ac9aaf4b810301,23913222990387356162162710988122282508260735307714555379395150031332852809071
2026-04-24T06:05:01.018199+00:00,2026-04-24T06:15:47.426869+00:00,momentum,"Ethereum Up or Down - April 24, 2:05AM-2:10AM ET",DOWN,Down,2.0,0.51,,LOSS,NO,-2.0,Up,0x6c62fb5940c21537cdb50271f77424d3349d9c9f998187e749d68ce482fd7f4b,111548514251560584450667543368865162063257213922919663664163964899010932795647
2026-04-24T06:05:02.042702+00:00,2026-04-24T06:15:47.559569+00:00,momentum,"Solana Up or Down - April 24, 2:05AM-2:10AM ET",UP,Up,4.0,0.99,,WIN,YES,0.040404040404040664,Up,0x5a143792f8a7897bff602804c7d1165f246a150ed851de116207a87531a31daa,49110867168055660909458810557387545305101892037144041868512512339813455570420
2026-04-24T06:10:00.737650+00:00,2026-04-24T06:21:49.923610+00:00,momentum,"Ethereum Up or Down - April 24, 2:10AM-2:15AM ET",DOWN,Down,4.0,0.53,,LOSS,NO,-4.0,Up,0x9e94f6346f821edd6d604fd8642dab2153a96523a2b5e706d3eb0afd41c3e09a,111074286558991764971146896326296219545187516655599009438584008770498818337693
2026-04-24T06:10:03.905750+00:00,2026-04-24T06:21:49.962490+00:00,momentum,"Bitcoin Up or Down - April 24, 2:10AM-2:15AM ET",DOWN,Down,4.0,0.52,,LOSS,NO,-4.0,Up,0xe81b4df31a39e8075ba9baa9fe566f350dc6899fdf4c33774efcb544b1826e7f,38822365598583763755537144813469289203142063507753922909248028174375608076640
2026-04-24T06:10:03.914097+00:00,2026-04-24T06:21:50.002783+00:00,momentum,"Solana Up or Down - April 24, 2:10AM-2:15AM ET",DOWN,Down,2.0,0.56,,LOSS,NO,-2.0,Up,0xbc7142aa51bfde35b400ba0cbe76b9b5186118d92049fb6fc95feb0e68f857ee,52975692017981825200677503018722825438060447141319757797922532720165499916861
2026-04-24T06:10:07.017584+00:00,2026-04-24T06:21:50.195138+00:00,momentum,"XRP Up or Down - April 24, 2:10AM-2:15AM ET",UP,Up,2.0,0.55,,WIN,YES,1.6363636363636362,Up,0xc1557ad277462f437f88be228e87bdc186011f3e07fae06d0d76af1901c30b66,53928682130399812039224742978534169445679286328364675843552011266601809391208
2026-04-24T06:15:00.548571+00:00,2026-04-24T06:23:50.350591+00:00,momentum,"Bitcoin Up or Down - April 24, 2:15AM-2:20AM ET",DOWN,Down,8.0,0.515,,LOSS,NO,-8.0,Up,0x696879e1d7dcc9bb6c3da36bccc0a56eb9823f585b8b1996765c7b7baa1cd7c4,24708216699869164640731672914270228428476306916141252703320458023975842137182
2026-04-24T06:15:01.625703+00:00,2026-04-24T06:23:50.496028+00:00,momentum,"XRP Up or Down - April 24, 2:15AM-2:20AM ET",UP,Up,2.0,0.56,,WIN,YES,1.5714285714285712,Up,0xe963b9a4f2da82abc1d225d182f420b0419ca9b2eb823233146bab043027670d,84726299291257557296228028733774421095637815975454606605207740356251301801025
2026-04-24T06:15:00.542948+00:00,2026-04-24T06:24:51.316101+00:00,momentum,"Ethereum Up or Down - April 24, 2:15AM-2:20AM ET",DOWN,Down,8.0,0.525,,LOSS,NO,-8.0,Up,0x7fa75a7657cdce355aa76050bcd78a8ad8a0b09441bce1e6dba9b2c390303d06,77426241136669691401101118001567072983073174741658292329815857293097936785451
2026-04-24T06:15:10.813790+00:00,2026-04-24T06:24:51.479501+00:00,momentum,"Solana Up or Down - April 24, 2:15AM-2:20AM ET",DOWN,Down,4.0,0.53,,WIN,YES,3.547169811320754,Down,0xfa1ecb67625ec2c492a72c7a4509cb781087c5b8c1aea0bc19c91623245edca4,51068059342121613776444985573684516785551191358708077958896141476406342257574
2026-04-24T06:20:00.263863+00:00,2026-04-24T06:29:53.279372+00:00,momentum,"Bitcoin Up or Down - April 24, 2:20AM-2:25AM ET",DOWN,Down,16.0,0.52,,WIN,YES,14.769230769230766,Down,0x032c5f69d66006583c01bc57b27d378e4869a84f56aaea646851079e94f0f8ca,75130121873435672323095812233054961272172405093336464125548031204991308117667
2026-04-24T06:20:06.407297+00:00,2026-04-24T06:29:53.311523+00:00,momentum,"Solana Up or Down - April 24, 2:20AM-2:25AM ET",UP,Up,2.0,0.58,,LOSS,NO,-2.0,Down,0x896b63777431669f1670eb25d6235389c3284cef564870df1d32462d6a952096,70161421686918015944402108490862657924057912153773298249256577378217049467477
2026-04-24T06:20:09.471276+00:00,2026-04-24T06:29:53.341351+00:00,momentum,"XRP Up or Down - April 24, 2:20AM-2:25AM ET",DOWN,Down,2.0,0.52,,LOSS,NO,-2.0,Up,0xdc7d2d54926650a01d5a561894dbb5b3ec99f6f53f55f36318c67c54c84aa411,102616157021647930553300429352118077960268986759735403511154784004801210042271
2026-04-24T06:20:00.256669+00:00,2026-04-24T06:30:53.765604+00:00,momentum,"Ethereum Up or Down - April 24, 2:20AM-2:25AM ET",DOWN,Down,16.0,0.52,,LOSS,NO,-16.0,Up,0xac9004a0ebfa55d20175929d5018ad1125e871fa25205bce74f82f416185fa92,55909246346388668648689510017677027271174578882973245774002433877313952758671
2026-04-24T06:25:01.021229+00:00,2026-04-24T06:35:56.414251+00:00,momentum,"Bitcoin Up or Down - April 24, 2:25AM-2:30AM ET",DOWN,Down,2.0,0.515,,WIN,YES,1.883495145631068,Down,0xf9934fcb0fc72068e968c1b350fa90ad54568a020a0a388e0659e83a45a578c3,44545644457310068496453443291359903722925706037639366311698355407077886181286
2026-04-24T06:25:05.370895+00:00,2026-04-24T06:35:56.654749+00:00,momentum,"Solana Up or Down - April 24, 2:25AM-2:30AM ET",DOWN,Down,4.0,0.61,,LOSS,NO,-4.0,Up,0xb7152508e8ac9c6ce15168653f2559745a6887d919a4ea62aac1d8eeadf16aaa,71894363143110088924188690485401037565176699633095815895268086730337574763288
2026-04-24T06:25:01.034094+00:00,2026-04-24T06:36:56.821335+00:00,momentum,"Ethereum Up or Down - April 24, 2:25AM-2:30AM ET",DOWN,Down,32.0,0.525,,WIN,YES,28.95238095238095,Down,0x710e3c9db7ded9c0d59f0a9429d1e664ca81d9cb98466f5ecc37b3d01cacf5aa,27493790137613013101684740648653514615440848397886373567339204069747769315910
2026-04-24T06:25:02.102032+00:00,2026-04-24T06:36:56.960960+00:00,momentum,"XRP Up or Down - April 24, 2:25AM-2:30AM ET",DOWN,Down,4.0,0.52,,WIN,YES,3.6923076923076916,Down,0x3c7e68334e50d7e91591e84085013de57fba1e5b440e3322f51cdcdf3ddf7c47,46501119757341518081485547167770803971922178886259668698783986209873367281088
2026-04-24T06:30:00.920537+00:00,2026-04-24T06:38:58.657659+00:00,momentum,"Ethereum Up or Down - April 24, 2:30AM-2:35AM ET",DOWN,Down,2.0,0.525,,WIN,YES,1.8095238095238093,Down,0x5ea2b542624d9440e1131e77f9699b13b80f788c9dec0d660963cf500c0e3347,76440638945295687252365522460508156282231612524598338966424567969267810819079
2026-04-24T06:30:03.008597+00:00,2026-04-24T06:38:58.876008+00:00,momentum,"Solana Up or Down - April 24, 2:30AM-2:35AM ET",UP,Up,8.0,0.6,,LOSS,NO,-8.0,Down,0xf570962a09c9234aec72a71b180b5a536ca12367b4802cf3d17ce253c56e2f2c,86565504036006180310197756164971479001876219668926093191319322123823139613697
2026-04-24T06:30:02.995475+00:00,2026-04-24T06:39:59.193189+00:00,momentum,"Bitcoin Up or Down - April 24, 2:30AM-2:35AM ET",UP,Up,2.0,0.59,,WIN,YES,1.3898305084745766,Up,0xde76e4d075f025bf3928e976a81ea0c846809d92776d0a960451ad07b5103980,78262495471795636926267441408239296417496745290774957170961617254312946397963
2026-04-24T06:30:03.002233+00:00,2026-04-24T06:39:59.227940+00:00,momentum,"XRP Up or Down - April 24, 2:30AM-2:35AM ET",UP,Up,2.0,0.67,,LOSS,NO,-2.0,Down,0x9db81e4af9ed5d949e1a62b02e592a2e9ace2854ae73ffbcfeb14c3fb54dd076,6215669890235013144567417742963554003829559954936345652409179048878600723652
2026-04-24T06:35:00.660345+00:00,2026-04-24T06:45:02.857441+00:00,momentum,"Ethereum Up or Down - April 24, 2:35AM-2:40AM ET",DOWN,Down,2.0,0.515,,LOSS,NO,-2.0,Up,0xe9f2882a9bfa02b2584581303cb9d88ea46cd14b2bdf63394f436b5e9bec422b,22690203273667512068602435193539830625605808238953772962405776960806352273534
2026-04-24T06:35:05.850661+00:00,2026-04-24T06:45:03.475703+00:00,momentum,"XRP Up or Down - April 24, 2:35AM-2:40AM ET",DOWN,Down,4.0,0.59,,WIN,YES,2.779661016949153,Down,0xa6d2df4d9cc8b9c5a0d0fb1367949f249f2d1f4dc12dcc3c0f8148f90892fc67,27363542713397548225853592734965832049518183537264288039029029605561840266153
2026-04-24T06:35:02.733242+00:00,2026-04-24T06:46:03.549908+00:00,momentum,"Solana Up or Down - April 24, 2:35AM-2:40AM ET",UP,Up,16.0,0.51,,LOSS,NO,-16.0,Down,0x972101029c1460f5c8a8c17eaddeb3b1504e77efb7713ff6ea01919e3cfb75cd,108510467647270683556763744489908477813880441805621282941185691397516141288561
2026-04-24T06:35:02.740268+00:00,2026-04-24T06:46:03.917436+00:00,momentum,"Bitcoin Up or Down - April 24, 2:35AM-2:40AM ET",DOWN,Down,4.0,0.63,,WIN,YES,2.349206349206349,Down,0xa2e7a07993327d299a5922fd56ba40c0857d80628a2b64b1425175b430770743,31655787349298382114795312361293613233861038349438541764707470902676598832544
2026-04-24T06:40:00.789822+00:00,2026-04-24T06:51:05.948893+00:00,momentum,"Ethereum Up or Down - April 24, 2:40AM-2:45AM ET",UP,Up,4.0,0.51,,LOSS,NO,-4.0,Down,0x3441a58a8af6164b16eedf96fc82d2019773482afb9a6f0a821ad984b77e0a3f,99368803186171735070248209939625528808769936175571105625797503820571375696291
2026-04-24T06:40:00.809007+00:00,2026-04-24T06:51:06.203615+00:00,momentum,"Solana Up or Down - April 24, 2:40AM-2:45AM ET",UP,Up,32.0,0.52,,WIN,YES,29.538461538461533,Up,0x6cff4fb89ae079d7edf7a561db3979f2d3360bac8b183df5677aee2a3be40338,95350279027971295065926261450978251303854748276252261682642654017704739700511
2026-04-24T06:40:07.019167+00:00,2026-04-24T06:51:06.236431+00:00,momentum,"XRP Up or Down - April 24, 2:40AM-2:45AM ET",UP,Up,2.0,0.51,,LOSS,NO,-2.0,Down,0x89cd0176a970372125b98ec62c2908b26d7d923de892c344cf5152405651ca8c,67240107843233939478979355929934876829584551400085636616724414852711605816072
2026-04-24T06:40:00.800359+00:00,2026-04-24T06:52:06.569032+00:00,momentum,"Bitcoin Up or Down - April 24, 2:40AM-2:45AM ET",UP,Up,2.0,0.57,,LOSS,NO,-2.0,Down,0x7fcbb7cc1bca7d3cdcc9384dc56167514e0ab1f12170da6efeb7bc0ed8f63420,55285947989034470253786251757774616069749227491999321878185950184217383212843
2026-04-24T06:45:02.589650+00:00,2026-04-24T06:54:07.769079+00:00,momentum,"Ethereum Up or Down - April 24, 2:45AM-2:50AM ET",DOWN,Down,4.0,0.51,,LOSS,NO,-4.0,Up,0x719d8bfb840ddcc3a86ac2209ac5ec6b34579b114dea67aa0f2ee2e74322a9f7,112173602588319833396829942669917093720954031786035782183422045162164346245205
2026-04-24T06:45:02.679163+00:00,2026-04-24T06:54:07.912966+00:00,momentum,"Solana Up or Down - April 24, 2:45AM-2:50AM ET",UP,Up,2.0,0.56,,WIN,YES,1.5714285714285712,Up,0x246067b13cd6049c295d2de85e52acc1d1623c7822bb3e2d373fd3e851bb8fdf,113734344196795118583644716732650870752306513108598014434735757937162798413338
2026-04-24T06:45:05.255905+00:00,2026-04-24T06:54:08.101185+00:00,momentum,"Bitcoin Up or Down - April 24, 2:45AM-2:50AM ET",UP,Up,4.0,0.64,,WIN,YES,2.25,Up,0x04aef47cd4140e2c7aa4bef25a2c1a06c4559c548c3c07e9db3a9f3be4c9b097,94188717559788604473558664794717459260899444331425527631391697422138764067872
2026-04-24T06:45:05.264788+00:00,2026-04-24T06:55:08.049121+00:00,momentum,"XRP Up or Down - April 24, 2:45AM-2:50AM ET",UP,Up,2.0,0.58,,WIN,YES,1.4482758620689657,Up,0xfb8a0954aa76a1a57679e208cdd57fd31b37ccf11ffcaff3b8fd0cc15c52fa86,85895274025908601776268395239232143207012595045349670899119420459322874998394
2026-04-24T06:50:01.278424+00:00,2026-04-24T06:59:11.166972+00:00,momentum,"Bitcoin Up or Down - April 24, 2:50AM-2:55AM ET",UP,Up,2.0,0.52,,WIN,YES,1.8461538461538458,Up,0xc1bc13bf225def183b17e628eebcfddf428d05a425e81c44ca57cb154fde5717,24748926273167582337001048739014638295698886331611406806715968451823131355965
2026-04-24T06:50:00.158122+00:00,2026-04-24T07:00:11.146362+00:00,momentum,"Solana Up or Down - April 24, 2:50AM-2:55AM ET",UP,Up,2.0,0.51,,WIN,YES,1.9215686274509802,Up,0xf2664ba9aa159dfba94af4a3ac85140b9006b509055e94d715790addaa905366,22214359307554310213369980139818647430979613806884245737473938648541002952308
2026-04-24T06:50:10.908327+00:00,2026-04-24T07:00:11.394338+00:00,momentum,"XRP Up or Down - April 24, 2:50AM-2:55AM ET",UP,Up,2.0,0.55,,WIN,YES,1.6363636363636362,Up,0x179af752e85795b580502ede32efce8f75cd7b9d0b0b4e2810ff61be0fc36fd2,90449640577952739442597162251747120955703552092874782800702376834152598862831
2026-04-24T06:50:00.168142+00:00,2026-04-24T07:01:12.016775+00:00,momentum,"Ethereum Up or Down - April 24, 2:50AM-2:55AM ET",UP,Up,8.0,0.515,,LOSS,NO,-8.0,Down,0x1b637f5b6d43bffba1d89849938fd54374cfa6958c0dc22779332ce4fe414916,20298301631671336025088799660889207809341439308312916101341723718036084470803
2026-04-24T06:55:01.570167+00:00,2026-04-24T07:06:14.689549+00:00,momentum,"Ethereum Up or Down - April 24, 2:55AM-3:00AM ET",UP,Up,16.0,0.51,,LOSS,NO,-16.0,Down,0xea9d15dd5d2582370694db4b95b21f3ef4598bf0d347adf6127b9463457ef061,22526499368968595532774425211094012410372785731061520007662908647448141922995
2026-04-24T06:55:01.585127+00:00,2026-04-24T07:06:14.988171+00:00,momentum,"Bitcoin Up or Down - April 24, 2:55AM-3:00AM ET",DOWN,Down,2.0,0.51,,WIN,YES,1.9215686274509802,Down,0x0e662c650027690ee82a69c48b2d7260b42f958c7799d4ff713104adcf81ebb5,1177298969840823190455939620522994724821388151612657739077494074950747034862
2026-04-24T06:55:01.591297+00:00,2026-04-24T07:06:15.022281+00:00,momentum,"Solana Up or Down - April 24, 2:55AM-3:00AM ET",UP,Up,2.0,0.51,,LOSS,NO,-2.0,Down,0x3654d9e54e8a4959aaf120507538d3ac90834ed8a818b86b2ff78916710fd13d,89201862362487571594428818418085252447044693681593895920168539572519750896986
2026-04-24T06:55:01.576778+00:00,2026-04-24T07:07:14.917171+00:00,momentum,"XRP Up or Down - April 24, 2:55AM-3:00AM ET",DOWN,Down,2.0,0.51,,WIN,YES,1.9215686274509802,Down,0xa20d5f736f629a942417cc4f7a7070c764db795124df83f1d016dd42a217b78c,32771111350421998602728297308982246108961512108838038636547419140601829053848
2026-04-24T07:00:00.251430+00:00,2026-04-24T07:09:15.943628+00:00,momentum,"Bitcoin Up or Down - April 24, 3:00AM-3:05AM ET",DOWN,Down,2.0,0.53,,WIN,YES,1.773584905660377,Down,0xb59592404cb731c311dc29fbe567fdaedd81ad1fdc947331d78c13a7014e2c9c,65251857620270474858806114220119317370195022339601793023838445985440771310182
2026-04-24T07:00:00.263273+00:00,2026-04-24T07:09:16.094215+00:00,momentum,"Ethereum Up or Down - April 24, 3:00AM-3:05AM ET",UP,Up,32.0,0.51,,WIN,YES,30.745098039215684,Up,0x87c117d9fa6af2667378b84feadf2651a222c6169f2551832e7da71af72999ed,62036472889866616268607305969148296226134924420921592156621063632671571423907
2026-04-24T07:00:00.270393+00:00,2026-04-24T07:09:16.248772+00:00,momentum,"Solana Up or Down - April 24, 3:00AM-3:05AM ET",UP,Up,4.0,0.52,,WIN,YES,3.6923076923076916,Up,0x1479b832ea9adfe5dc148df0b8b3d916ccb4e0a784d6a7c9cede992370032fde,102937567134513021720578522126758515677353682474523276745523612174456666548711
2026-04-24T07:00:09.939876+00:00,2026-04-24T07:09:16.282986+00:00,momentum,"XRP Up or Down - April 24, 3:00AM-3:05AM ET",DOWN,Down,2.0,0.56,,LOSS,NO,-2.0,Up,0xfd223227b95c32ffddb2886bb3af31b3910e48cf91d7ea2c8e619d49c8663247,31093228829606794151849044412276604112147934422891677682791242079972680084922
2026-04-24T07:05:01.047883+00:00,2026-04-24T07:15:17.843681+00:00,momentum,"Bitcoin Up or Down - April 24, 3:05AM-3:10AM ET",UP,Up,2.0,0.52,,WIN,YES,1.8461538461538458,Up,0x1e46b40e7546f698ad01140a7b59f96fd18c3341fdd82ff23e6879f76a1c7cb7,70755219138891801942269553525339960094852229415917871555303341027065682866707
2026-04-24T07:05:04.113820+00:00,2026-04-24T07:15:17.991243+00:00,momentum,"Ethereum Up or Down - April 24, 3:05AM-3:10AM ET",UP,Up,2.0,0.53,,WIN,YES,1.773584905660377,Up,0xe5025091709d379db411f41a3fc62a84e788ebba2fe79df1e59ae47e6ae5a539,79853974137435003072578550837666170264357722378667167515688751486187109571956
2026-04-24T07:05:04.129386+00:00,2026-04-24T07:15:18.215182+00:00,momentum,"Solana Up or Down - April 24, 3:05AM-3:10AM ET",UP,Up,2.0,0.51,,WIN,YES,1.9215686274509802,Up,0x65728795e9c32168f89d5be4ee052d79af920ebca7f549d6322392142d06666b,45527571651927525597535774581792411486271258180601102275721975405898914658831
2026-04-24T07:05:04.121458+00:00,2026-04-24T07:16:18.176894+00:00,momentum,"XRP Up or Down - April 24, 3:05AM-3:10AM ET",UP,Up,4.0,0.52,,WIN,YES,3.6923076923076916,Up,0xf0bee7190aeeee0b520d20403757f01eb8945bce4dc3b3ea70099de2195ad65b,45440255932862403189510066435171384948874567760021813580832944219432925070113
2026-04-24T07:10:05.629028+00:00,2026-04-24T07:20:19.813317+00:00,momentum,"Bitcoin Up or Down - April 24, 3:10AM-3:15AM ET",UP,Up,2.0,0.54,,LOSS,NO,-2.0,Down,0x915c3842f9a2b85ee92263949b7cc13e7f505bcd0afbabfa3f69a20e21607d3b,35019520859815126124869095911883765144017118384785427503041536821312990006388
2026-04-24T07:10:02.508939+00:00,2026-04-24T07:21:20.898972+00:00,momentum,"XRP Up or Down - April 24, 3:10AM-3:15AM ET",UP,Up,2.0,0.56,,LOSS,NO,-2.0,Down,0x12aa3b23173f3df3ccd20969abeffc19768c463de2f2df350a1af598fb0ba225,50703203412347132580716110466895782874059534654352035955002553164924364633798
2026-04-24T07:10:02.519489+00:00,2026-04-24T07:21:20.934975+00:00,momentum,"Solana Up or Down - April 24, 3:10AM-3:15AM ET",UP,Up,2.0,0.57,,LOSS,NO,-2.0,Down,0x6f3b5ddae824121ed7a055f7d90b6c9e733f745dc59a768ce33c1db45402a987,114337251545645119513775892378396737145412973414427777688421679119634762786943
2026-04-24T07:10:08.753983+00:00,2026-04-24T07:21:20.990882+00:00,momentum,"Ethereum Up or Down - April 24, 3:10AM-3:15AM ET",UP,Up,2.0,0.61,,LOSS,NO,-2.0,Down,0x75c81680d382270f0c3e0c4d4e8e23032b6f0cb2362e8f28a922c8d544f94963,16012194795145151659013877429915353230019365286552930251193972345878152216837
2026-04-24T07:15:05.931622+00:00,2026-04-24T07:23:21.560668+00:00,momentum,"Bitcoin Up or Down - April 24, 3:15AM-3:20AM ET",DOWN,Down,4.0,0.57,,WIN,YES,3.0175438596491233,Down,0xe4467adbe1439df4e5191a0ae5503996640916b47bc0cf691206349d33947295,62280293188635665361109939870264131293198507979381322382399257586673007328047
2026-04-24T07:15:05.940950+00:00,2026-04-24T07:24:21.695792+00:00,momentum,"XRP Up or Down - April 24, 3:15AM-3:20AM ET",DOWN,Down,4.0,0.59,,WIN,YES,2.779661016949153,Down,0xc0bdbfc0bd32f2c2c28f79fe5670599b8d57fea12da9c9bd97cfaf5748ec0226,55773974412135940424992602130086335517253426052036044051919029554457448794847
2026-04-24T07:15:57.206321+00:00,2026-04-24T07:25:22.052649+00:00,momentum,"Solana Up or Down - April 24, 3:15AM-3:20AM ET",UP,Up,4.0,0.57,,LOSS,NO,-4.0,Down,0x35a85ccd0a91db6b6949f44c20064ae61512a35dbbf6b07d46cb65fcdd6840b2,65127532865264226735637997607761245340957800759409183202586769573176647272969
2026-04-24T07:15:02.749930+00:00,2026-04-24T07:28:22.901605+00:00,momentum,"Ethereum Up or Down - April 24, 3:15AM-3:20AM ET",DOWN,Down,2.0,0.53,,WIN,YES,1.773584905660377,Down,0xb06fad272b653810cfe4137d668903b42ca71762669c885792dc2f1a0cc84f7c,61959163376585327672245462557300969357936717984825179752582735052701080360455
2026-04-24T07:20:00.169814+00:00,2026-04-24T07:29:23.004864+00:00,momentum,"Bitcoin Up or Down - April 24, 3:20AM-3:25AM ET",UP,Up,2.0,0.53,,LOSS,NO,-2.0,Down,0xa544fc4562e0745f644e73774a92c43065a58e094a8ff8d458350d6afa99ab35,90269636239500551313025699547336242833059655243897957061301436037005439786052
2026-04-24T07:20:03.284953+00:00,2026-04-24T07:30:23.445119+00:00,momentum,"Ethereum Up or Down - April 24, 3:20AM-3:25AM ET",DOWN,Down,2.0,0.51,,LOSS,NO,-2.0,Up,0x2adb42c9c44683bc58fbbd3a70fecbffb8781ef74193e6143d8326d5828362e8,74321974456624460092752747228724060927336185996803390933781651423180682803127
2026-04-24T07:20:07.418170+00:00,2026-04-24T07:30:23.641209+00:00,momentum,"XRP Up or Down - April 24, 3:20AM-3:25AM ET",UP,Up,2.0,0.52,,LOSS,NO,-2.0,Down,0x69498e68be8566a3ee3da0112e6bfa8bcd1fba42371bd1916913b62b558acead,68217937352329348105115197404479282836614135944679387186394185514671461583933
2026-04-24T07:20:07.407102+00:00,2026-04-24T07:31:23.368648+00:00,momentum,"Solana Up or Down - April 24, 3:20AM-3:25AM ET",UP,Up,8.0,0.51,,LOSS,NO,-8.0,Down,0x5c9534a4a2dddc5314e242f25e5440ca19fe0ed505a4388ac1ab156295ff5505,56528098257277815613762171567482758707997210223335297550899220488652452151484
2026-04-24T07:25:03.099386+00:00,2026-04-24T07:35:25.500584+00:00,momentum,"XRP Up or Down - April 24, 3:25AM-3:30AM ET",UP,Up,4.0,0.57,,WIN,YES,3.0175438596491233,Up,0xbb0fb744389cc739352274279e7967b104ee38924635bc7928b93db8e3d13127,3796364405523224872632090538240637907568555344419088939410607864842417908821
2026-04-24T07:25:03.083155+00:00,2026-04-24T07:36:25.347836+00:00,momentum,"Bitcoin Up or Down - April 24, 3:25AM-3:30AM ET",UP,Up,4.0,0.53,,WIN,YES,3.547169811320754,Up,0x92f3188b04f34413d1437508225e6f9bf42703e4de1fae9e0f2eb83999f6df41,21116792460417627263170637895869589433741159441618557932284233222391705956801
2026-04-24T07:25:03.090761+00:00,2026-04-24T07:36:25.533515+00:00,momentum,"Solana Up or Down - April 24, 3:25AM-3:30AM ET",UP,Up,16.0,0.56,,WIN,YES,12.57142857142857,Up,0xf8469c0767b3d51c482281a479697f6ea3d3b8c594b1b3c38520c7d9247b5328,36873819777511487090956656237425279249361583818425315653790119028849761412270
2026-04-24T07:25:00.985786+00:00,2026-04-24T07:37:25.919669+00:00,momentum,"Ethereum Up or Down - April 24, 3:25AM-3:30AM ET",DOWN,Down,4.0,0.51,,LOSS,NO,-4.0,Up,0xc879051f74814f5f20a151a49ca83aeef5ab2c075cc35a04f18d882b5f7d3034,42007079749888482889484767624626419842608182026140394451078955083911623483709
2026-04-24T07:30:09.475836+00:00,2026-04-24T07:38:26.748544+00:00,momentum,"Ethereum Up or Down - April 24, 3:30AM-3:35AM ET",UP,Up,8.0,0.61,,WIN,YES,5.114754098360656,Up,0x7313756e44c441540e8db3d4256547624fdd3489186cc1c1a2e852ee3372fb9a,30419853131578352011576113217019835492138527202692813219533324228798743141755
2026-04-24T07:30:03.351731+00:00,2026-04-24T07:39:26.465483+00:00,momentum,"Bitcoin Up or Down - April 24, 3:30AM-3:35AM ET",UP,Up,2.0,0.51,,LOSS,NO,-2.0,Down,0xca80a30961f86c674420b3cb3480b124444c0908260484c0b5a6eeda55f19605,9637180363817254729215322619122129213906306929653891750249096429206425305518
2026-04-24T07:30:09.485677+00:00,2026-04-24T07:39:26.571761+00:00,momentum,"Solana Up or Down - April 24, 3:30AM-3:35AM ET",UP,Up,2.0,0.54,,LOSS,NO,-2.0,Down,0xa454485f3ffa659c1e3844ad2a02d40f362c220e1cffe44dc9dac3bbe9d4eadf,52838772268480560202347361352245396551922586551898658866560061370265578540347
2026-04-24T07:30:15.862061+00:00,2026-04-24T07:40:27.046994+00:00,momentum,"XRP Up or Down - April 24, 3:30AM-3:35AM ET",UP,Up,2.0,0.54,,WIN,YES,1.7037037037037033,Up,0x9eb4cc02fbe17dbfa5e3d8d064ad7ab237d096d1c5484b93471b6e8537cfe8c2,112393443608988846662014015120962535535469083897713137658232933620414184664448
2026-04-24T07:35:05.470170+00:00,2026-04-24T07:44:28.761401+00:00,momentum,"Bitcoin Up or Down - April 24, 3:35AM-3:40AM ET",DOWN,Down,4.0,0.51,,LOSS,NO,-4.0,Up,0x35e186d0c89be66dd5a4b481f5bc830dac02cc8002f4f9063b3693d955b0a8e7,180611044589141474163300737272689094604123427420829214230090573063429233739
2026-04-24T07:35:05.480534+00:00,2026-04-24T07:45:29.679239+00:00,momentum,"Solana Up or Down - April 24, 3:35AM-3:40AM ET",UP,Up,4.0,0.51,,WIN,YES,3.8431372549019605,Up,0x41963c80c84e54ae47b65c62b7c3b40b6b292701a965e1c6bce4f360fd460b15,30268008440989936366500589997338761687408303613006815371435022012357506582775
2026-04-24T07:35:05.490896+00:00,2026-04-24T07:45:29.809303+00:00,momentum,"XRP Up or Down - April 24, 3:35AM-3:40AM ET",UP,Up,2.0,0.56,,WIN,YES,1.5714285714285712,Up,0x2b02e81ae758d5220e5475b4111f25821157ec3fb7f63464576aa4fb15922345,70208000279955525951260506056130949748416292723863796465033433024678586004705
2026-04-24T07:35:02.394402+00:00,2026-04-24T07:46:30.543356+00:00,momentum,"Ethereum Up or Down - April 24, 3:35AM-3:40AM ET",DOWN,Down,2.0,0.52,,WIN,YES,1.8461538461538458,Down,0x7edbe04286fb864ce07ad65a6ad8ed0e110f3720e193775f15d13033ad5dc0f4,94687329451652250961299407101611740377868787252702716861018220697078292857589
2026-04-24T07:40:03.625318+00:00,2026-04-24T07:50:32.482642+00:00,momentum,"Ethereum Up or Down - April 24, 3:40AM-3:45AM ET",DOWN,Down,2.0,0.56,,WIN,YES,1.5714285714285712,Down,0xd36a3f203cce7eb173b5ec69f4669d063856248a194275241457c9734a94eea6,103346176781930211970493417930919833758328665654032391309399388925895533613536
2026-04-24T07:40:00.326025+00:00,2026-04-24T07:51:32.935842+00:00,momentum,"Bitcoin Up or Down - April 24, 3:40AM-3:45AM ET",DOWN,Down,2.0,0.59,,WIN,YES,1.3898305084745766,Down,0xc5bd0838ef18e4e2df728077b590996eddacb86f12a2d7fd557f1734192ce167,66986240147715012287762624839921756762806964521789518515347560786328307218197
2026-04-24T07:40:03.633027+00:00,2026-04-24T07:51:33.087609+00:00,momentum,"Solana Up or Down - April 24, 3:40AM-3:45AM ET",DOWN,Down,8.0,0.56,,WIN,YES,6.285714285714285,Down,0x5bd21f2071e232fd6ddb71d5af8b98bd0dd938dd3d8632d0e330fa6f0d7abb06,63855848261292979914598076197955632814932007415355496060735667840808980401398
2026-04-24T07:40:06.771967+00:00,2026-04-24T07:51:33.234619+00:00,momentum,"XRP Up or Down - April 24, 3:40AM-3:45AM ET",DOWN,Down,2.0,0.62,,WIN,YES,1.2258064516129035,Down,0x35b4b07a128167804905e1500dd523d042404c273f4dffc6f4a68f95ec7e796c,104695558926442361798670844386082822382566937388552489135470188852689006340478
2026-04-24T07:45:02.066861+00:00,2026-04-24T07:53:33.574301+00:00,momentum,"Ethereum Up or Down - April 24, 3:45AM-3:50AM ET",DOWN,Down,2.0,0.51,,LOSS,NO,-2.0,Up,0x9b02fca75f2fc172f3d4da7ccebb61e1dfe9037b6c63c4ed0dc5eefebc7c1fa3,70131946584163322715210389400658000333149906957321457768931339550547599897544
2026-04-24T07:45:05.341674+00:00,2026-04-24T07:53:33.707981+00:00,momentum,"Solana Up or Down - April 24, 3:45AM-3:50AM ET",UP,Up,2.0,0.58,,WIN,YES,1.4482758620689657,Up,0x64a8a1ef5230d60b47e5e4910abe08d15025a16d54c6c530bf932a64ff1ab2c9,20808169141745002477697155495409161864102122976322203983680284892862440426060
2026-04-24T07:45:00.719306+00:00,2026-04-24T07:54:33.992452+00:00,momentum,"Bitcoin Up or Down - April 24, 3:45AM-3:50AM ET",UP,Up,2.0,0.515,,WIN,YES,1.883495145631068,Up,0x9f30fde71e7049b8bc953c67f34af9f95c227962bc43650f45784f62e8b4fbb5,109525058734728875128264822045432475995783913172452458719895419058714358920738
2026-04-24T07:45:05.349715+00:00,2026-04-24T07:54:34.164758+00:00,momentum,"XRP Up or Down - April 24, 3:45AM-3:50AM ET",UP,Up,2.0,0.54,,WIN,YES,1.7037037037037033,Up,0xa5eec4e937c8d01a2b3e786e41d5f524ad5d79fa0b788cd79e811eabd4ea532c,58176104722244109608955347086423065961224127205195574135082343691551724960624
2026-04-24T07:50:01.548260+00:00,2026-04-24T08:00:37.497631+00:00,momentum,"Ethereum Up or Down - April 24, 3:50AM-3:55AM ET",DOWN,Down,2.0,0.51,,WIN,YES,1.9215686274509802,Down,0x53a74278f2463d29715623279bebdccf45038a7a2c8c7651603614a805590bd7,108280603403013608792219670533866627890349083297132113122430600644869747439987
2026-04-24T07:50:07.901501+00:00,2026-04-24T08:00:37.547600+00:00,momentum,"Bitcoin Up or Down - April 24, 3:50AM-3:55AM ET",UP,Up,2.0,0.54,,LOSS,NO,-2.0,Down,0xbee49df41209a27dabcfe500bf3046dfb092894e3bbc28992d9db1018a1de34b,91062975504121883276281183942117737113368764742755523755116657646952591520746
2026-04-24T07:50:07.910509+00:00,2026-04-24T08:00:37.719238+00:00,momentum,"XRP Up or Down - April 24, 3:50AM-3:55AM ET",UP,Up,2.0,0.54,,WIN,YES,1.7037037037037033,Up,0x5d9c8059f095b27835a079379f757f193de431397476b724e8c3550bea7dbe24,52234066442315056678689799420965946150606526149038168916204427244037902033583
2026-04-24T07:50:08.934952+00:00,2026-04-24T08:00:37.770349+00:00,momentum,"Solana Up or Down - April 24, 3:50AM-3:55AM ET",UP,Up,2.0,0.51,,LOSS,NO,-2.0,Down,0x43737a1f9a3a6f23be5aea16c78b34323f420a19c2d1ddf693c3faf60621c54c,111256246612713110738839766983715295464298146792985785066915237608422419282403
2026-04-24T07:55:00.150642+00:00,2026-04-24T08:06:40.453494+00:00,momentum,"Solana Up or Down - April 24, 3:55AM-4:00AM ET",DOWN,Down,2.0,0.51,,LOSS,NO,-2.0,Up,0xbd00f46032cf72902feff0ae9db8f4ef34228a80a9b874151e8403c98cb73e34,72486356552231003184576350364800103136312773393595029530797653067424852762010
2026-04-24T07:55:00.163005+00:00,2026-04-24T08:06:40.499595+00:00,momentum,"Bitcoin Up or Down - April 24, 3:55AM-4:00AM ET",UP,Up,2.0,0.56,,LOSS,NO,-2.0,Down,0x64cf9001fb9844cf42289ca804d9038b82981cf7fa53f0e8140b14e5be889354,112976552170805106009349870807616436757286297793145306481510302401679802536381
2026-04-24T07:55:03.240495+00:00,2026-04-24T08:06:40.529736+00:00,momentum,"XRP Up or Down - April 24, 3:55AM-4:00AM ET",DOWN,Down,2.0,0.57,,LOSS,NO,-2.0,Up,0xfdccf68e2d823428dfe86ac3f739ce55606220bcedafbf59e59124799280e72a,13565466906862799183947822573182960633782684383205028260185848398671798612068
2026-04-24T07:55:03.251840+00:00,2026-04-24T08:06:40.561158+00:00,momentum,"Ethereum Up or Down - April 24, 3:55AM-4:00AM ET",DOWN,Down,2.0,0.51,,LOSS,NO,-2.0,Up,0x292b14d6b085f647a777a66b06b2bb0d77b37df9b59c60d3c5384dd2e697ca0b,48996887275940954075730659750878779740557399146403644556033198882691083571410
2026-04-24T08:00:00.284685+00:00,2026-04-24T08:08:42.303713+00:00,momentum,"Solana Up or Down - April 24, 4:00AM-4:05AM ET",UP,Up,4.0,0.53,,LOSS,NO,-4.0,Down,0x91a0d75ebb45bc6c7d4a5c8c29d82bac25d885ad5e6dcc901785542c35782fed,47331008644511141400384140282597798154124937385183023677598875078812603841540
2026-04-24T08:00:00.294370+00:00,2026-04-24T08:08:42.440110+00:00,momentum,"XRP Up or Down - April 24, 4:00AM-4:05AM ET",DOWN,Down,2.0,0.55,,WIN,YES,1.6363636363636362,Down,0x53860f51418bfeef1f2e1174b866e75794728b8ff0adf599c56dc9e622792b6c,43907973639889063090567548599323709174196162341876534251578460524956431107519
2026-04-24T08:00:00.269735+00:00,2026-04-24T08:09:43.149014+00:00,momentum,"Ethereum Up or Down - April 24, 4:00AM-4:05AM ET",DOWN,Down,2.0,0.52,,WIN,YES,1.8461538461538458,Down,0x1c6abedebfaa1629b199909ccdb356e47c02b15d7b2e492a01b2f88f5c4d9e1e,58822584068940882709916205572612467730738912451848030002370796121922814707468
2026-04-24T08:00:00.308726+00:00,2026-04-24T08:10:43.165823+00:00,momentum,"Bitcoin Up or Down - April 24, 4:00AM-4:05AM ET",UP,Up,4.0,0.53,,LOSS,NO,-4.0,Down,0x494bd44b90f62eda1add38985d29aa2adc6253a335f9e3d790d96c8e0e46cf3c,58021313292727222366485011307185702985682465128427215023366607165359167446888
2026-04-24T08:05:02.897928+00:00,2026-04-24T08:14:45.061379+00:00,momentum,"Bitcoin Up or Down - April 24, 4:05AM-4:10AM ET",UP,Up,8.0,0.51,,WIN,YES,7.686274509803921,Up,0x953158d59823b3171d519d8b78b375506764d5ee0e8023637131022b07345851,20550158647500963960217429495751050112484375960195015054121651643078523268031
2026-04-24T08:05:02.906569+00:00,2026-04-24T08:14:45.095901+00:00,momentum,"Ethereum Up or Down - April 24, 4:05AM-4:10AM ET",UP,Up,2.0,0.54,,LOSS,NO,-2.0,Down,0x6d6bc3b789d3b5fe1e60c2796e6ba32e6d22758aa78ff7261876f8f6537742a0,13633209965695945589244772135593547464932394954031164066079804808490001788832
2026-04-24T08:05:09.180942+00:00,2026-04-24T08:15:45.982994+00:00,momentum,"XRP Up or Down - April 24, 4:05AM-4:10AM ET",DOWN,Down,2.0,0.51,,LOSS,NO,-2.0,Up,0x340ceb9695c4ee59d7481ac751cf81e87c832c6b56a40bb3de63b83db0aba286,57654998885838115733656051318900115675139651353736621161730310716488706065162
2026-04-24T08:05:09.171375+00:00,2026-04-24T08:16:46.470061+00:00,momentum,"Solana Up or Down - April 24, 4:05AM-4:10AM ET",DOWN,Down,8.0,0.53,,WIN,YES,7.094339622641508,Down,0xb4ced750f3bf8b48b8bec95bba52b0fae62fded5270dd405c67a31b8e35ed724,36360401975071674305374580089848575146083858928926093589495370359968081325324
2026-04-24T08:10:00.902700+00:00,2026-04-24T08:21:50.156907+00:00,momentum,"Ethereum Up or Down - April 24, 4:10AM-4:15AM ET",UP,Up,2.0,0.525,,WIN,YES,1.8095238095238093,Up,0x07022ee9feb66bb534ecf7ebbe37db4f3d7d1d5f5544e24836cf72445251b23c,10908756835393904468887644832226323267755035163373214839711627264304377464705
2026-04-24T08:10:02.021564+00:00,2026-04-24T08:21:50.340891+00:00,momentum,"XRP Up or Down - April 24, 4:10AM-4:15AM ET",DOWN,Down,4.0,0.58,,WIN,YES,2.8965517241379315,Down,0x693f24971b9822cbb86f663d490147abe6b39943bc062d6e5a65d86422407889,19108819765226102896825408946866417852529346015074445486708457225870306179030
2026-04-24T08:10:08.280065+00:00,2026-04-24T08:21:50.385706+00:00,momentum,"Solana Up or Down - April 24, 4:10AM-4:15AM ET",DOWN,Down,2.0,0.52,,LOSS,NO,-2.0,Up,0x471168b2432c2ed11999b89198996e21cb85c00f636a062887fdc93f00f15d78,29813741532744632316141096837335746992751084574162182463270657720858438904913
2026-04-24T08:10:33.734241+00:00,2026-04-24T08:21:50.423026+00:00,momentum,"Bitcoin Up or Down - April 24, 4:10AM-4:15AM ET",DOWN,Down,2.0,0.64,,LOSS,NO,-2.0,Up,0x98db85467880d07a9faf5a7cd17877ff7dfd2fd6f7eb9a0e482dfd86dee8e995,57505051794845896973507754265718836521121690085090108281125223451782093098748
2026-04-24T08:15:02.247756+00:00,2026-04-24T08:24:51.350755+00:00,momentum,"XRP Up or Down - April 24, 4:15AM-4:20AM ET",UP,Up,2.0,0.56,,WIN,YES,1.5714285714285712,Up,0xff16b70a4e27344be067e619445a3f4c770162b8c4ed077b07127a40f2ca119c,22493548143271606857569259459892873099907330137182649726014900412319843276414
2026-04-24T08:15:02.281440+00:00,2026-04-24T08:24:51.488876+00:00,momentum,"Ethereum Up or Down - April 24, 4:15AM-4:20AM ET",UP,Up,2.0,0.56,,WIN,YES,1.5714285714285712,Up,0xae2c3e8b637b699dc106f5276127d144591d90bfb195572e45aaf8c0262ac712,5165248026892332823347833691910733363466053653473779366576406685646661203791
2026-04-24T08:15:02.296727+00:00,2026-04-24T08:24:51.633665+00:00,momentum,"Bitcoin Up or Down - April 24, 4:15AM-4:20AM ET",UP,Up,4.0,0.56,,WIN,YES,3.1428571428571423,Up,0x5fddad61a7f800c78595b72ff5d0d992dbba49da79c5cdae6b44c31457d76f0e,75204606162557417892432337017290928712361593604480919072514780886777593315756
2026-04-24T08:15:02.307738+00:00,2026-04-24T08:24:51.775684+00:00,momentum,"Solana Up or Down - April 24, 4:15AM-4:20AM ET",UP,Up,4.0,0.53,,WIN,YES,3.547169811320754,Up,0x5a99b2eedd6e96e027bdafcfeeddd02fdfbb66ee3015e117e55314754c51130e,54396332600681959771393566727416904541211647166362116784622477440717074585561
2026-04-24T08:20:00.763959+00:00,2026-04-24T08:29:53.508052+00:00,momentum,"Ethereum Up or Down - April 24, 4:20AM-4:25AM ET",DOWN,Down,2.0,0.52,,LOSS,NO,-2.0,Up,0x5dee3ac68d15a78ebb5272af29bee8ebf25cd32f84850b444d96f5e2da56e9fe,69320943473296205153971084032018298587131131415316012900284305788784957086298
2026-04-24T08:20:13.484823+00:00,2026-04-24T08:29:53.648836+00:00,momentum,"XRP Up or Down - April 24, 4:20AM-4:25AM ET",DOWN,Down,2.0,0.55,,LOSS,NO,-2.0,Up,0x80bb2fc755cad3b3919204f4255b907c4b156ad1341021903d7789790a52486d,18491557003374620146897590413395856280681324160708494332710067484404289378674
2026-04-24T08:20:00.753405+00:00,2026-04-24T08:30:54.284908+00:00,momentum,"Bitcoin Up or Down - April 24, 4:20AM-4:25AM ET",DOWN,Down,2.0,0.55,,LOSS,NO,-2.0,Up,0xd8a0b5c700f7fd48a7da4461edf833f2a095776a3239cf9726030db0af2b442e,65429319897485914170510365641630906494551831025067848646301669425113582774831
2026-04-24T08:20:10.268613+00:00,2026-04-24T08:30:54.323012+00:00,momentum,"Solana Up or Down - April 24, 4:20AM-4:25AM ET",DOWN,Down,2.0,0.51,,LOSS,NO,-2.0,Up,0xe1515dd20579c63ebcd74b1fe48c7b396abefe5ae5aa6519a0429b616dd74454,78125167129984113477188648565701858286008831012097721852477589635619499177116
2026-04-24T08:25:02.503453+00:00,2026-04-24T08:35:57.205082+00:00,momentum,"Bitcoin Up or Down - April 24, 4:25AM-4:30AM ET",DOWN,Down,4.0,0.54,,WIN,YES,3.4074074074074066,Down,0x473d577a3176d7a5788bd454e036270a8e3534df588ac552994abba00f605032,102977999871544610476526478058293947484501644921777152670441088206431943420276
2026-04-24T08:25:02.524195+00:00,2026-04-24T08:35:57.499313+00:00,momentum,"XRP Up or Down - April 24, 4:25AM-4:30AM ET",DOWN,Down,4.0,0.58,,WIN,YES,2.8965517241379315,Down,0xa180a0fbf441ebae14733e6a13cb0745da1622b23c1c2c1617f95c69e0ad017e,8415243561556219823494667143631770835580018828149194811151150032215736113076
2026-04-24T08:25:00.428735+00:00,2026-04-24T08:36:58.042303+00:00,momentum,"Ethereum Up or Down - April 24, 4:25AM-4:30AM ET",DOWN,Down,4.0,0.515,,WIN,YES,3.766990291262136,Down,0x59eab96f26085f2c73f63dc4f385e76f912d01eaf39d9005e5b0bf8b41e24be7,18025805102773553425798095959696025100527953883235853128822369000055516542888
2026-04-24T08:25:02.511861+00:00,2026-04-24T08:36:58.231204+00:00,momentum,"Solana Up or Down - April 24, 4:25AM-4:30AM ET",DOWN,Down,4.0,0.57,,WIN,YES,3.0175438596491233,Down,0x132e988308c4b2b1223d92cb3e3a21884429eff7387809ee69d666bc0d200832,51871822744795501655767906041883269036187045454317453442456778315477127135671
2026-04-24T08:30:00.355873+00:00,2026-04-24T08:38:59.244484+00:00,momentum,"Bitcoin Up or Down - April 24, 4:30AM-4:35AM ET",DOWN,Down,2.0,0.51,,WIN,YES,1.9215686274509802,Down,0x9aa1f544041d926285872b67133f208b861960f8312b56c8a4c06c16f73c855f,72758900014455740394550225084788204903623036713439678135021795837928877589044
2026-04-24T08:30:00.364852+00:00,2026-04-24T08:38:59.401103+00:00,momentum,"Ethereum Up or Down - April 24, 4:30AM-4:35AM ET",DOWN,Down,2.0,0.52,,WIN,YES,1.8461538461538458,Down,0xf814753a48d1f48ca723aebee985974b32bc12374135cd97312c2943e8851147,72383676066504228986105605849461188676810273807092315485644282579896496434881
2026-04-24T08:30:03.467898+00:00,2026-04-24T08:39:59.093818+00:00,momentum,"XRP Up or Down - April 24, 4:30AM-4:35AM ET",DOWN,Down,2.0,0.51,,WIN,YES,1.9215686274509802,Down,0x8a78689023f5f0f61aff886de0042945d3d18229f22c378cd487bc46a7f01483,6453575039365739300107807978187596210587657709569529254898602009411523017105
2026-04-24T08:30:09.625453+00:00,2026-04-24T08:39:59.270983+00:00,momentum,"Solana Up or Down - April 24, 4:30AM-4:35AM ET",DOWN,Down,2.0,0.67,,WIN,YES,0.9850746268656714,Down,0x424735704bef40a4423ef38ead51e616c5119b11a374be5a380553bcafa82a31,55074233455806598298971810160545378518140434065162408416875352523143676855373
2026-04-24T08:35:04.220678+00:00,2026-04-24T08:45:01.762606+00:00,momentum,"Bitcoin Up or Down - April 24, 4:35AM-4:40AM ET",DOWN,Down,2.0,0.51,,LOSS,NO,-2.0,Up,0x38fe9e22d0d61e85ee94465e7d88c05642c56c7e2a507b5bf544262cde05bc01,70277769002343453762298607079493165216201146840853306086034681487090557093575
2026-04-24T08:35:10.385304+00:00,2026-04-24T08:45:01.916664+00:00,momentum,"Solana Up or Down - April 24, 4:35AM-4:40AM ET",DOWN,Down,2.0,0.54,,LOSS,NO,-2.0,Up,0xfe01783ffe259953349c833d80f54bd589d21c85ba3603f66a686d2b8b6d0c35,103443263949787885657420103075471179638207035470605033895995708815029297982641
2026-04-24T08:35:00.082283+00:00,2026-04-24T08:46:02.173090+00:00,momentum,"Ethereum Up or Down - April 24, 4:35AM-4:40AM ET",DOWN,Down,2.0,0.515,,LOSS,NO,-2.0,Up,0xef1911d46bbe73bd2b6ba4bb6905152913b9a1fabf6493d061e33d522c6e80d0,64613030460030497816220223485080448036272281765475083023945035445009160037740
2026-04-24T08:35:04.232282+00:00,2026-04-24T08:46:02.303412+00:00,momentum,"XRP Up or Down - April 24, 4:35AM-4:40AM ET",DOWN,Down,2.0,0.54,,WIN,YES,1.7037037037037033,Down,0x29d001b80d55932c4dd24100e8cb46c1b7e1093f0f35babd50b1d7cb35cfc2fe,61664221590313254528228179072934029055754373531171377252505474423660688103472
2026-04-24T08:40:07.410662+00:00,2026-04-24T08:51:04.282691+00:00,momentum,"Solana Up or Down - April 24, 4:40AM-4:45AM ET",DOWN,Down,4.0,0.51,,WIN,YES,3.8431372549019605,Down,0xb474695d54abbaf9a1a222c575d46693e644d27dd6658dbe4142897200b9ec34,94113246605736625278667887888805675607630462801564415394135630615658052201913
2026-04-24T08:40:25.958945+00:00,2026-04-24T08:51:04.318378+00:00,momentum,"XRP Up or Down - April 24, 4:40AM-4:45AM ET",UP,Up,2.0,0.58,,LOSS,NO,-2.0,Down,0x9314d612dbae9b464f62b6f9a3d2770714f3ffc30923136c24d4bf450ed500de,65026598196647901350418598861314618133766938215049990233931590731145742543109
2026-04-24T08:40:04.233598+00:00,2026-04-24T08:52:05.166926+00:00,momentum,"Ethereum Up or Down - April 24, 4:40AM-4:45AM ET",DOWN,Down,2.0,0.51,,WIN,YES,1.9215686274509802,Down,0xb7794e3c7c514a406263b5252bba8f16253c7d8093a30566deeb0c0b292f2ed4,92580062619694370364533570361104944945100409095565109337801575664417359823777
2026-04-24T08:40:07.398995+00:00,2026-04-24T08:52:05.208412+00:00,momentum,"Bitcoin Up or Down - April 24, 4:40AM-4:45AM ET",UP,Up,4.0,0.51,,LOSS,NO,-4.0,Down,0x4828eeef1f27bf9b79ce554aa3730ef9a5fefc43e8b654dfa235e62e73c6f4c0,13117403880225652257451918639850261507426893151724819656173409870841457152823
2026-04-24T08:45:01.543504+00:00,2026-04-24T08:53:06.321751+00:00,momentum,"Solana Up or Down - April 24, 4:45AM-4:50AM ET",UP,Up,2.0,0.51,,WIN,YES,1.9215686274509802,Up,0xf234c7bb1efd494c975934face31aeba7fa41a9433a71cba8e909746965c77fe,65660156003598922383066799328464822637177165938240924155761902375100304813106
2026-04-24T08:45:01.520295+00:00,2026-04-24T08:54:06.367831+00:00,momentum,"Bitcoin Up or Down - April 24, 4:45AM-4:50AM ET",UP,Up,8.0,0.52,,WIN,YES,7.384615384615383,Up,0x44645c92f4cf66f6320ef8bc36599f60e28aafb9b5e54f2a4785354f054e8cab,53958139245718256538549129018891153625423355394879207117942031601942824688948
2026-04-24T08:45:04.910794+00:00,2026-04-24T08:54:06.612445+00:00,momentum,"Ethereum Up or Down - April 24, 4:45AM-4:50AM ET",UP,Up,2.0,0.51,,WIN,YES,1.9215686274509802,Up,0xc6d52e911975979b5cab72fd167879a09898c82df180af955a88d7d1a7c48061,46135742614650282563811932953337113211174013893065628643520715096340716162813
2026-04-24T08:45:01.532021+00:00,2026-04-24T08:55:06.883190+00:00,momentum,"XRP Up or Down - April 24, 4:45AM-4:50AM ET",UP,Up,2.0,0.51,,WIN,YES,1.9215686274509802,Up,0x70cb3065f8985eeb7c3fa0be33fae2156fe81cbb394b350825d9f84eed71165c,88818029987091115015016800652649975197558331415398343232936552280543191136377
2026-04-24T08:50:00.627161+00:00,2026-04-24T09:00:11.151016+00:00,momentum,"XRP Up or Down - April 24, 4:50AM-4:55AM ET",UP,Up,2.0,0.51,,WIN,YES,1.9215686274509802,Up,0x71756ce634de85261ebc9b8ba878d93c719d21b212e6146d4f22f2c24b35e3dc,55369598802636183591222176124931542032168466964360910573100830074893407741570
2026-04-24T08:50:02.823840+00:00,2026-04-24T09:00:11.338661+00:00,momentum,"Bitcoin Up or Down - April 24, 4:50AM-4:55AM ET",UP,Up,2.0,0.52,,WIN,YES,1.8461538461538458,Up,0xd5190b79d1061fcdba76f20643cbfd012a35493195ae2d780117f196df713555,103914436710159340702567250970059345705976963873097743588271983335180062198025
2026-04-24T08:50:02.842576+00:00,2026-04-24T09:00:11.374189+00:00,momentum,"Ethereum Up or Down - April 24, 4:50AM-4:55AM ET",DOWN,Down,2.0,0.51,,LOSS,NO,-2.0,Up,0x33c2d057e96cf890ffea9dd71a8a08f05f532ecd295cbd1e060b50132106fd88,103672057672144968655769932769718228171466792583811684036647589897929098817639
2026-04-24T08:50:06.148603+00:00,2026-04-24T09:00:11.527017+00:00,momentum,"Solana Up or Down - April 24, 4:50AM-4:55AM ET",DOWN,Down,2.0,0.75,,WIN,YES,0.6666666666666665,Down,0x0149d5fdf76050ed8a1d5b265776ccf812e20b106f8e51010118a096503bccce,17429754648260371463395513009196608843458968354968738656809281518223826844112
2026-04-24T08:55:01.469340+00:00,2026-04-24T09:06:15.938482+00:00,momentum,"Bitcoin Up or Down - April 24, 4:55AM-5:00AM ET",DOWN,Down,2.0,0.51,,WIN,YES,1.9215686274509802,Down,0xd08b33e214a31a2db25d3d6245bc54452bb6f86ed3d854c6629cf6f285d9fa93,25114549325573038151146078586334493979487631163868288517395049945373620666554
2026-04-24T08:55:01.484323+00:00,2026-04-24T09:06:16.098064+00:00,momentum,"Ethereum Up or Down - April 24, 4:55AM-5:00AM ET",DOWN,Down,4.0,0.53,,WIN,YES,3.547169811320754,Down,0x3858e59f03ce6980367fa0b015131f4b07586a90dfdc28c177690af54fca97a9,23518487596142583693518133451770563719157841158900601973690127783962590436733
2026-04-24T08:55:24.265005+00:00,2026-04-24T09:06:16.266593+00:00,momentum,"Solana Up or Down - April 24, 4:55AM-5:00AM ET",DOWN,Down,2.0,0.54,,WIN,YES,1.7037037037037033,Down,0x9fc13d8450630e5a994503ef25ff7a9fbfe88e35f54709b5c197f3cd5c90d09a,32526895925415735425277625388669280616936859029937135581972593666449676813559
2026-04-24T08:55:24.275798+00:00,2026-04-24T09:06:16.402423+00:00,momentum,"XRP Up or Down - April 24, 4:55AM-5:00AM ET",DOWN,Down,4.0,0.56,,WIN,YES,3.1428571428571423,Down,0x36be8cdf3154a53b032c6fdf9b09c4a943ccbf11a0dc4bf3639b0759b0943526,34662484182112602150407696884816800076571413157398016206789980912154084864721
2026-04-24T09:00:04.287495+00:00,2026-04-24T09:09:16.855525+00:00,momentum,"Ethereum Up or Down - April 24, 5:00AM-5:05AM ET",UP,Up,2.0,0.51,,LOSS,NO,-2.0,Down,0xfdd18032b6efa9c5891817d3ffbf28d1ee232b9e2290e832281e32dae31c8fd0,17149531620116639410477340941699346407688045549952060548149374140555661759008
2026-04-24T09:00:10.916970+00:00,2026-04-24T09:09:17.107165+00:00,momentum,"Solana Up or Down - April 24, 5:00AM-5:05AM ET",DOWN,Down,2.0,0.52,,WIN,YES,1.8461538461538458,Down,0x5d4d86aafb68532de9a5f5d88524a220864313f3cf1d62d5c3294822d3ea37d6,39741933634374812019470185364204331157728085607730200860534284186137434966237
2026-04-24T09:00:01.168275+00:00,2026-04-24T09:10:17.260916+00:00,momentum,"XRP Up or Down - April 24, 5:00AM-5:05AM ET",UP,Up,2.0,0.56,,LOSS,NO,-2.0,Down,0x5994f410aba5ef12101c2004cf180647714ee87f2300d5a870022fd5bdff84ba,79666967414282534804307250385337735479623919847001744448292869909525475723754
2026-04-24T09:00:07.550815+00:00,2026-04-24T09:10:17.343934+00:00,momentum,"Bitcoin Up or Down - April 24, 5:00AM-5:05AM ET",UP,Up,2.0,0.53,,LOSS,NO,-2.0,Down,0xc0911986a27635284970556ec4a81d6a4f561e16d7356fe77507ab4e488167e3,50175557553766177929612943773672398116766687168240733508949091410266524399282
2026-04-24T09:05:00.185611+00:00,2026-04-24T09:14:18.456171+00:00,momentum,"Bitcoin Up or Down - April 24, 5:05AM-5:10AM ET",UP,Up,4.0,0.52,,LOSS,NO,-4.0,Down,0x808f3767f96c1633187d6941db9ea7878a2a34fa6e740efe57037881a3d88671,15778392375886799141540356645313754372238549446237875584118847959003282357905
2026-04-24T09:05:00.199393+00:00,2026-04-24T09:14:18.491355+00:00,momentum,"Solana Up or Down - April 24, 5:05AM-5:10AM ET",UP,Up,2.0,0.53,,LOSS,NO,-2.0,Down,0x182fae42c50b1f03fae0b1270279409417c6a428878783852b64c928d726646c,50095712862209162525891871659768877335240067973759275523492212219157560127382
2026-04-24T09:05:03.294380+00:00,2026-04-24T09:14:18.618672+00:00,momentum,"Ethereum Up or Down - April 24, 5:05AM-5:10AM ET",DOWN,Down,4.0,0.64,,WIN,YES,2.25,Down,0x33f560ca0040eeff8131fbb80d5e154ed9309422fae0314d6dca5fb836de6390,83696083551765618671945790738763087868071272726258932174462017901493584695607
2026-04-24T09:05:03.306511+00:00,2026-04-24T09:15:19.070561+00:00,momentum,"XRP Up or Down - April 24, 5:05AM-5:10AM ET",DOWN,Down,4.0,0.63,,WIN,YES,2.349206349206349,Down,0xe08877804b1b3b712ae8606f503e028ad43ed3a1d4341aaf48ad303ad202afbd,55477565790272423856304504783204984187281229279679817356310192356346190803412
2026-04-24T09:10:00.918718+00:00,2026-04-24T09:20:21.312754+00:00,momentum,"XRP Up or Down - April 24, 5:10AM-5:15AM ET",UP,Up,2.0,0.51,,WIN,YES,1.9215686274509802,Up,0xa93a94105687e983323122ebfae9d820cdeb5b849da5239173394fc216977bd8,77150326546445863845734891041554230395918042995735878823181141953958807089755
2026-04-24T09:10:03.394550+00:00,2026-04-24T09:20:21.662901+00:00,momentum,"Bitcoin Up or Down - April 24, 5:10AM-5:15AM ET",UP,Up,8.0,0.54,,WIN,YES,6.814814814814813,Up,0x0f0f9911fbe21306f637374865281af79298f4a9a69856959610bafaecd0dbcf,8528614675876441862418207717204524469707066954268201915239050346517459350276
2026-04-24T09:10:03.426827+00:00,2026-04-24T09:20:22.169668+00:00,momentum,"Ethereum Up or Down - April 24, 5:10AM-5:15AM ET",UP,Up,2.0,0.55,,WIN,YES,1.6363636363636362,Up,0x64e4c2f55a0dc0163d16adea2240848a06085820dc57f7ed794593a254c7e77d,79567387156091538715161662964842399034502751528561293889270923074341652140764
2026-04-24T09:10:03.411362+00:00,2026-04-24T09:21:22.373427+00:00,momentum,"Solana Up or Down - April 24, 5:10AM-5:15AM ET",UP,Up,4.0,0.52,,WIN,YES,3.6923076923076916,Up,0x399349f74ee9d0b8df61cb89fbe44c74e1a7ced147c9875f628f063214aef287,78023503409237394257825747371259445349183319611144868617033929361724472846146
2026-04-24T09:15:02.199465+00:00,2026-04-24T09:23:24.489896+00:00,momentum,"XRP Up or Down - April 24, 5:15AM-5:20AM ET",UP,Up,2.0,0.54,,WIN,YES,1.7037037037037033,Up,0x9f6f47ea0b871809ed5d1e5bdce60fa50d6ca8393b3a7456cae7d9af8edd57a2,7374651470166324234147235461729602130455833393035269158573194425077333916093
2026-04-24T09:15:02.165170+00:00,2026-04-24T09:24:24.427948+00:00,momentum,"Bitcoin Up or Down - April 24, 5:15AM-5:20AM ET",UP,Up,2.0,0.56,,WIN,YES,1.5714285714285712,Up,0x48d1f375e2a1168528c0637afe1c353f12928f58110e8c214d9ca673679a9b57,105013733638423955339495188351395953327473979109943031948408714498223558483432
2026-04-24T09:15:02.183065+00:00,2026-04-24T09:24:24.593164+00:00,momentum,"Ethereum Up or Down - April 24, 5:15AM-5:20AM ET",UP,Up,2.0,0.54,,WIN,YES,1.7037037037037033,Up,0xc6e65f8fda09296fc4294113e1c087ee5479a13674a0adbaca6a72f0f57f025b,10956117549265332869313953425227996071552843177484814740065520436077956643150
2026-04-24T09:15:02.224864+00:00,2026-04-24T09:25:24.956271+00:00,momentum,"Solana Up or Down - April 24, 5:15AM-5:20AM ET",UP,Up,2.0,0.55,,WIN,YES,1.6363636363636362,Up,0xd1a88e347c019bef16915ba04cb480ed4598894b6d8f4f4ddd71b9bf5fd5102b,104574441921002128063457967147225363511215057416743986287570156435667234141429
2026-04-24T09:20:00.784226+00:00,2026-04-24T09:30:26.031962+00:00,momentum,"XRP Up or Down - April 24, 5:20AM-5:25AM ET",UP,Up,2.0,0.515,,LOSS,NO,-2.0,Down,0xf099ec32f8dc412e21b90955491e09a48d4d5884fc2f5437918328848c3e0316,12537933687223814174715678526992627409576713503489386157942936969679558593961
2026-04-24T09:20:00.799153+00:00,2026-04-24T09:30:26.067776+00:00,momentum,"Solana Up or Down - April 24, 5:20AM-5:25AM ET",UP,Up,2.0,0.51,,LOSS,NO,-2.0,Down,0x798f5d5e3a864b327b722d7922bf50af5fa30a2cf0300a4a6423c788698147b0,8464841034173347005944596766868559439217501366772726366736384752599565580827
2026-04-24T09:20:02.874185+00:00,2026-04-24T09:30:26.254621+00:00,momentum,"Ethereum Up or Down - April 24, 5:20AM-5:25AM ET",DOWN,Down,2.0,0.51,,WIN,YES,1.9215686274509802,Down,0x2d266d1914ce3dc53cedcbc96c69c22480f1f435e3478544718b74a2af458b0e,81300613953532265546922200265998758215691736516858351667437122568035211110078
2026-04-24T09:20:05.947293+00:00,2026-04-24T09:30:26.419318+00:00,momentum,"Bitcoin Up or Down - April 24, 5:20AM-5:25AM ET",DOWN,Down,2.0,0.52,,WIN,YES,1.8461538461538458,Down,0x5183b16380c086c098a5e189ec7bda20a99ad4a34a9c335d8dc0cfbc782b4fa2,77160561881753514243551648816324289300177199755480768965005865530187143586180
2026-04-24T09:25:02.280580+00:00,2026-04-24T09:35:29.632322+00:00,momentum,"Solana Up or Down - April 24, 5:25AM-5:30AM ET",UP,Up,2.0,0.53,,WIN,YES,1.773584905660377,Up,0x2e9f94467df53424f5db7bbfa6126ab681208a007adedaf9de66da46928f21ac,12772828853748867134884657743037442708658067028504642947969844983454080569108
2026-04-24T09:25:12.036424+00:00,2026-04-24T09:35:29.822120+00:00,momentum,"Ethereum Up or Down - April 24, 5:25AM-5:30AM ET",DOWN,Down,2.0,0.54,,WIN,YES,1.7037037037037033,Down,0x25cb65424202aade638a78ca6b7e46eedcdd4a326e74c003ec16198a4bcaf88f,6696570439422895926969523371791884666448072181880302726232871607235548472418
2026-04-24T09:25:00.146081+00:00,2026-04-24T09:36:30.293281+00:00,momentum,"XRP Up or Down - April 24, 5:25AM-5:30AM ET",UP,Up,2.0,0.51,,WIN,YES,1.9215686274509802,Up,0x9a225cd12823d9a36cded0e45b0926a9e3c3bd6a68e6bdd2ca6b5a6ab4a29c1d,64230611276705597785058840019057977858682870924721097100857391236058776981839
2026-04-24T09:25:02.270362+00:00,2026-04-24T09:37:30.791811+00:00,momentum,"Bitcoin Up or Down - April 24, 5:25AM-5:30AM ET",UP,Up,2.0,0.52,,LOSS,NO,-2.0,Down,0x06bcedd2138df007eaf6513aa0927791178bad9df30b5c24851f3557e1af6c75,47530915175194909271443545724818156198544534042112671033159532956265400731438
2026-04-24T09:30:00.815940+00:00,2026-04-24T09:38:31.574310+00:00,momentum,"XRP Up or Down - April 24, 5:30AM-5:35AM ET",UP,Up,4.0,0.51,,WIN,YES,3.8431372549019605,Up,0x7e7b276a37ec89f81c248613ef7021026a644b7429bf196fe2e9b49a6bfe89a4,2677041924975520833822932728556211868547295618018040362497028664660550045113
2026-04-24T09:30:34.129157+00:00,2026-04-24T09:39:32.375283+00:00,momentum,"Bitcoin Up or Down - April 24, 5:30AM-5:35AM ET",UP,Up,2.0,0.68,,WIN,YES,0.9411764705882351,Up,0xed861b85f4979b744a7ef433924dc74aa10255b1678cacb81b9318965efb66fc,79445648332186926948858056672950100349204098964176165480193577529287811745949
2026-04-24T09:30:34.141031+00:00,2026-04-24T09:39:32.569924+00:00,momentum,"Ethereum Up or Down - April 24, 5:30AM-5:35AM ET",UP,Up,2.0,0.69,,WIN,YES,0.8985507246376816,Up,0xad433c7c3714cc8e689c8242e2e5b975c303a9010fa765e69caf3b41e0c5b025,9935006007045270187648407774061962583581466172251653981995210816897145824578
2026-04-24T09:30:34.158763+00:00,2026-04-24T09:40:32.778355+00:00,momentum,"Solana Up or Down - April 24, 5:30AM-5:35AM ET",UP,Up,2.0,0.65,,WIN,YES,1.0769230769230766,Up,0x1bbd9a3f6b2cf8d5101fedca396f0655871936023b90415f22aa6ae86cfc1d7f,15606378503875859358710643250660563245786478806067432146210293839837656095719
2026-04-24T09:35:01.258334+00:00,2026-04-24T09:44:33.995457+00:00,momentum,"Solana Up or Down - April 24, 5:35AM-5:40AM ET",UP,Up,2.0,0.51,,WIN,YES,1.9215686274509802,Up,0xfdf0d8ba73cf88f77b4aaa6af4cdc8760b8088bb23ffff57b9f7bacb93518add,19373811457000518828094515390768407252125607098218186022436167924073243531609
2026-04-24T09:35:00.181209+00:00,2026-04-24T09:45:34.789181+00:00,momentum,"XRP Up or Down - April 24, 5:35AM-5:40AM ET",UP,Up,2.0,0.51,,WIN,YES,1.9215686274509802,Up,0x4cc58518f9c478bc4e836657b4cf78fbec54e991821512c08ff7caccb30b83f5,82285581302615696199971220687199189537875609817964007040259063032758355356237
2026-04-24T09:35:01.269763+00:00,2026-04-24T09:45:34.912284+00:00,momentum,"Bitcoin Up or Down - April 24, 5:35AM-5:40AM ET",UP,Up,4.0,0.51,,WIN,YES,3.8431372549019605,Up,0x74c6063f2d08bc6e662bbeb06b8bddcc7872b7de3881965db2ccdf976adaca4c,66094653360828863265588642019877088144444528931267439001969262071584592456097
2026-04-24T09:35:04.359251+00:00,2026-04-24T09:45:35.068133+00:00,momentum,"Ethereum Up or Down - April 24, 5:35AM-5:40AM ET",UP,Up,2.0,0.53,,WIN,YES,1.773584905660377,Up,0x20e175f9851244743032580b98294145246ed70a2cf42e033868bfa46b6aec26,62283307422467169331160459071670331940919944922616282182236628090559429684322
2026-04-24T09:40:02.404169+00:00,2026-04-24T09:50:37.382828+00:00,momentum,"Ethereum Up or Down - April 24, 5:40AM-5:45AM ET",UP,Up,4.0,0.51,,WIN,YES,3.8431372549019605,Up,0x82a1175347b5772748a4eab40b10cae1c95051e0d18b1a09f9472f0faa940bb4,66366618169800194154707190114475326194499363280164136130934343185577915336876
2026-04-24T09:40:02.436288+00:00,2026-04-24T09:50:37.650445+00:00,momentum,"Solana Up or Down - April 24, 5:40AM-5:45AM ET",UP,Up,2.0,0.51,,WIN,YES,1.9215686274509802,Up,0xe895f6d0cad00957e80ee2ad8ed1ba358bceaebb39df2e0d89bf05203026bd17,89197242906407253340987177808164304345905876751050349251869748077396768407125
2026-04-24T09:40:00.999610+00:00,2026-04-24T09:51:37.870930+00:00,momentum,"XRP Up or Down - April 24, 5:40AM-5:45AM ET",UP,Up,2.0,0.51,,WIN,YES,1.9215686274509802,Up,0x57bf40d6309119207087c97f89e63e8d713e7f5e6258bd0bd7e43c38b3b2565b,28288864104470371235065328734915612137352315346223715608329543661293508675068
2026-04-24T09:40:02.418467+00:00,2026-04-24T09:52:38.273524+00:00,momentum,"Bitcoin Up or Down - April 24, 5:40AM-5:45AM ET",UP,Up,2.0,0.52,,WIN,YES,1.8461538461538458,Up,0x1d403f4b8a4509d059c194cf8df261bd93d034b719ec35aa20364fa642f0644b,72019310848915586726038765604926687907842002849705572531722554439790420425343
2026-04-24T09:45:03.429948+00:00,2026-04-24T09:54:39.073571+00:00,momentum,"Bitcoin Up or Down - April 24, 5:45AM-5:50AM ET",DOWN,Down,2.0,0.6,,WIN,YES,1.3333333333333335,Down,0x902fd233b76a016a5c18a8d29fd5c1b325167cbce9383ed3dd2d2e559dfe13c4,93226733477468398582185746146664074997034030498850002989191922238055938371939
2026-04-24T09:45:03.447428+00:00,2026-04-24T09:54:39.216136+00:00,momentum,"Ethereum Up or Down - April 24, 5:45AM-5:50AM ET",DOWN,Down,2.0,0.51,,WIN,YES,1.9215686274509802,Down,0x6b1889808baf5dc33a100bbf48e3431e4e1ee604fd2fc484d3b2a1e2a0a14c09,10147163854336268955398525073440488280698494939768657467031127947022777392328
2026-04-24T09:45:03.470762+00:00,2026-04-24T09:54:39.365708+00:00,momentum,"Solana Up or Down - April 24, 5:45AM-5:50AM ET",DOWN,Down,2.0,0.56,,WIN,YES,1.5714285714285712,Down,0x4df3e74a8b81d9fda02530af954f7a47d5ebc90008c6451cdbdd8409bac853aa,63707780610256623569971389088325483188829242178289901658556833536392206951162
2026-04-24T09:45:25.944331+00:00,2026-04-24T09:54:39.507074+00:00,momentum,"XRP Up or Down - April 24, 5:45AM-5:50AM ET",DOWN,Down,2.0,0.65,,WIN,YES,1.0769230769230766,Down,0xece3db361d588f76e41dc21c0d9d2a9bee5ef6cf9201b9e03edd2d8f621e8482,84722866584432301241456729666713352037553052049160291467259636667942064575373
2026-04-24T09:50:00.543332+00:00,2026-04-24T09:59:40.471725+00:00,momentum,"Bitcoin Up or Down - April 24, 5:50AM-5:55AM ET",UP,Up,2.0,0.51,,WIN,YES,1.9215686274509802,Up,0x36ff7f99bce790f6e1c4d5dfc45224787032d556f595175b98d98c77bc4c7568,27392573691189213683074741004666997422887396556326930644209480169841068900789
2026-04-24T09:50:06.799110+00:00,2026-04-24T09:59:40.712513+00:00,momentum,"Ethereum Up or Down - April 24, 5:50AM-5:55AM ET",DOWN,Down,2.0,0.55,,LOSS,NO,-2.0,Up,0x9b7e4fcf9740fc6001b429f895975f637847a5fdc6c5286b1d0f3af3fa82c758,84711101053550563395489038842520702547730545312223804405275120416062084514776
2026-04-24T09:50:00.559304+00:00,2026-04-24T10:00:41.179307+00:00,momentum,"Solana Up or Down - April 24, 5:50AM-5:55AM ET",DOWN,Down,4.0,0.54,,LOSS,NO,-4.0,Up,0x43def33fbb34cc7a0bd2fc1cd917d3df752c0e987f2da691e8afa2513a882b2a,67424820623533333541574820398981913801572432173162195908241048868847416165628
2026-04-24T09:50:06.785919+00:00,2026-04-24T10:00:41.389380+00:00,momentum,"XRP Up or Down - April 24, 5:50AM-5:55AM ET",DOWN,Down,2.0,0.56,,WIN,YES,1.5714285714285712,Down,0x5f3a4e629ae1b7ce0dfe68d44e78cd2b771af413a5fb3a8286346ba4fdd4af8c,58873154709891140753603232634089601327652005400914567987929628382560644976182
2026-04-24T09:55:00.951888+00:00,2026-04-24T10:05:44.039759+00:00,momentum,"Ethereum Up or Down - April 24, 5:55AM-6:00AM ET",UP,Up,4.0,0.51,,LOSS,NO,-4.0,Down,0x05937e35a7186c6e3eaa26cc7f77ba82b6126c5ce7b247650d4848f069437d37,4781143429899171754862542407026751978073315237964140485760760119459745322720
2026-04-24T09:55:07.094644+00:00,2026-04-24T10:05:44.177123+00:00,momentum,"Bitcoin Up or Down - April 24, 5:55AM-6:00AM ET",UP,Up,2.0,0.51,,LOSS,NO,-2.0,Down,0xb2975afd6ed3c9244bfdff51b27209c0fe28cc6564c8458e67c0360a33ed2c05,8709751438088678395530455412415757595263406287406148064467065727657192872522
2026-04-24T09:55:10.292180+00:00,2026-04-24T10:05:44.206672+00:00,momentum,"Solana Up or Down - April 24, 5:55AM-6:00AM ET",DOWN,Down,8.0,0.55,,LOSS,NO,-8.0,Up,0x800fed76af71219011ae7006291e85336e07b2052287c68de875e1f69adf897f,24313252551285928278989318306800626298958866498247918753220919674803660225435
2026-04-24T09:55:04.026761+00:00,2026-04-24T10:06:44.786042+00:00,momentum,"XRP Up or Down - April 24, 5:55AM-6:00AM ET",UP,Up,2.0,0.52,,LOSS,NO,-2.0,Down,0xc4a0923f5d136315f75fd5e64c03d57f1faf3e6972adbe18646797a143e31803,99308350532557924827086058791291556859059791829880285770057095013973164712730
2026-04-24T10:00:01.139766+00:00,2026-04-24T10:08:46.317150+00:00,momentum,"Ethereum Up or Down - April 24, 6:00AM-6:05AM ET",DOWN,Down,8.0,0.51,,WIN,YES,7.686274509803921,Down,0x17aa9fc9d07f9aa6864298ea17efdaf7964435bc4a868b6f1e052fd637cbd075,65929897798356862818315085902839047239880489996903756998848338174916492722208
2026-04-24T10:00:01.480343+00:00,2026-04-24T10:09:47.266788+00:00,momentum,"Bitcoin Up or Down - April 24, 6:00AM-6:05AM ET",DOWN,Down,2.0,0.51,,WIN,YES,1.9215686274509802,Down,0x5a704f558b455e6ff0d906cb5ae24e8c44943492a535c9632d04c35a07529884,18987122030655150600437039310002494393004550134998834412398795893171941899371
2026-04-24T10:00:01.710994+00:00,2026-04-24T10:09:47.315515+00:00,momentum,"XRP Up or Down - April 24, 6:00AM-6:05AM ET",UP,Up,4.0,0.99,,LOSS,NO,-4.0,Down,0x39afa1a56e34e1d8d6274a111830eb6ba091518f1467909e253734275418ebf4,23344402336070678550908146753554195712575046423750459329915017221094743816484
2026-04-24T10:00:01.883976+00:00,2026-04-24T10:09:47.504959+00:00,momentum,"Solana Up or Down - April 24, 6:00AM-6:05AM ET",DOWN,Down,8.0,0.59,,WIN,YES,5.559322033898306,Down,0x2c4150591ada4e124225a3070922dd69c5fcc69b194e5d1ea61d1001c6a60595,64358967239043966567522129268939467470097165091839249889739830318137040366732
2026-04-24T10:05:10.997141+00:00,2026-04-24T10:14:51.696578+00:00,momentum,"Solana Up or Down - April 24, 6:05AM-6:10AM ET",DOWN,Down,2.0,0.51,,WIN,YES,1.9215686274509802,Down,0xfb9ca130cf6ccc71e7747679bd0479bfd54283167024937db77aeb86374a9f5e,21166984345443539796717365032945255956698479978714752693749308492551612415944
2026-04-24T10:05:01.297965+00:00,2026-04-24T10:15:51.933294+00:00,momentum,"Ethereum Up or Down - April 24, 6:05AM-6:10AM ET",DOWN,Down,2.0,0.55,,WIN,YES,1.6363636363636362,Down,0x050c63704adab06de72786390206041c6c6f47f0eb6f80dc38aadf853f507116,113761967519916291046663642219634450807851237258917135029946752619689807658679
2026-04-24T10:05:01.317692+00:00,2026-04-24T10:15:51.968314+00:00,momentum,"XRP Up or Down - April 24, 6:05AM-6:10AM ET",UP,Up,8.0,0.56,,LOSS,NO,-8.0,Down,0x8d47ff2b70293196758ba48d9a02c20d6b9fa1ba2dbb61e7d8d34239d288e42d,110616016630258798677445722662144459877017562182326628073122927746565879011698
2026-04-24T10:05:10.985621+00:00,2026-04-24T10:15:52.126775+00:00,momentum,"Bitcoin Up or Down - April 24, 6:05AM-6:10AM ET",UP,Up,2.0,0.51,,WIN,YES,1.9215686274509802,Up,0xc2d26ef5dbce2b579bbe13769b4274e7f7a478fa1af31513f5e18459087dde77,34699537466289189462117229090623227137970026589306182110588601421582157799984
2026-04-24T10:10:03.405295+00:00,2026-04-24T10:20:54.096144+00:00,momentum,"Ethereum Up or Down - April 24, 6:10AM-6:15AM ET",DOWN,Down,2.0,0.62,,LOSS,NO,-2.0,Up,0xf4c9dc1f5a0a7c2d97b80afb5ad34095ec67e60eafbc63de3976a659497a5809,42377672551950638206163730840876297174321226275326924011833444356639638773426
2026-04-24T10:10:09.603255+00:00,2026-04-24T10:20:54.322691+00:00,momentum,"XRP Up or Down - April 24, 6:10AM-6:15AM ET",DOWN,Down,16.0,0.51,,LOSS,NO,-16.0,Up,0xca4d7c3b6415452c1cd6400b945aa6e9da935c6cba6b139ea26c796d8ab3800a,75603209108660743690565644892927327584044108426341045487786810409001565730998
2026-04-24T10:10:06.488848+00:00,2026-04-24T10:21:54.786043+00:00,momentum,"Bitcoin Up or Down - April 24, 6:10AM-6:15AM ET",DOWN,Down,2.0,0.64,,LOSS,NO,-2.0,Up,0xb9fac83923a38d8d7650644169c41aadef0fdb7175751cdd0e8c158400077188,59616283012210946940161187140588057487779799006859702295166302928972023286053
2026-04-24T10:10:06.500159+00:00,2026-04-24T10:21:54.816535+00:00,momentum,"Solana Up or Down - April 24, 6:10AM-6:15AM ET",DOWN,Down,2.0,0.54,,LOSS,NO,-2.0,Up,0xedde81cac8aa8cbb48c1eb2c47912f759eb78270ebf0139a0d769cb07c35251a,52216677189133075701206676084607724964036185436146473253060041966011841723552
2026-04-24T10:15:00.275561+00:00,2026-04-24T10:23:55.673565+00:00,momentum,"Bitcoin Up or Down - April 24, 6:15AM-6:20AM ET",UP,Up,4.0,0.51,,WIN,YES,3.8431372549019605,Up,0x4f4434adb6234631cfb1b46a3fa31f0670416c42c1941ef420bbfa7799b6c2c3,17287664426306507219323195855611940591201319238597102692529823069711300601941
2026-04-24T10:15:00.307775+00:00,2026-04-24T10:23:55.938766+00:00,momentum,"XRP Up or Down - April 24, 6:15AM-6:20AM ET",UP,Up,32.0,0.51,,WIN,YES,30.745098039215684,Up,0x404817091526e6ea38c79c1a1b3b660beac8fb3d354224a2ca7dd21660174a4a,55431915427300203633533907598215033363717026269525737518214021894447609510246
2026-04-24T10:15:12.563421+00:00,2026-04-24T10:23:56.095437+00:00,momentum,"Solana Up or Down - April 24, 6:15AM-6:20AM ET",UP,Up,4.0,0.56,,WIN,YES,3.1428571428571423,Up,0x56f671fa2555e65c3cef5349e055e83161a0195a600d159f808115759737e2ca,14468285067485497542567735597797921394565141120034987722657047778239350938097
2026-04-24T10:15:00.293242+00:00,2026-04-24T10:24:56.600700+00:00,momentum,"Ethereum Up or Down - April 24, 6:15AM-6:20AM ET",UP,Up,4.0,0.51,,WIN,YES,3.8431372549019605,Up,0x24a9121be3e08b8bf18659a7626d548ae82512a91062787855b56c869088b7a3,108153301774842545291879428314013246296832536550304858436407141266960535293576
2026-04-24T10:20:02.152660+00:00,2026-04-24T10:29:59.216020+00:00,momentum,"Bitcoin Up or Down - April 24, 6:20AM-6:25AM ET",UP,Up,2.0,0.51,,WIN,YES,1.9215686274509802,Up,0xa8eeb4ae4030158f1aa8dffbc6413780ea57efc8435c17443c76ff51bcec1cdb,72592120167625334727593606295952499592776985297698558710405829637888422240169
2026-04-24T10:20:00.060797+00:00,2026-04-24T10:31:00.025119+00:00,momentum,"XRP Up or Down - April 24, 6:20AM-6:25AM ET",UP,Up,2.0,0.51,,WIN,YES,1.9215686274509802,Up,0x8b61c5b0fa331213bd5bbb1c466453d468d99b241ea353ee47bbcf7bf6e0e300,52693029517432293864427808469071602589253815817023924686282023371414717681665
2026-04-24T10:20:02.139201+00:00,2026-04-24T10:31:00.060440+00:00,momentum,"Ethereum Up or Down - April 24, 6:20AM-6:25AM ET",DOWN,Down,2.0,0.51,,LOSS,NO,-2.0,Up,0x443945c20f9dc5440eeddf637ee0b0c0ba3703a25e49a971812246678f817562,99766711457827652640064221512716687936751421139642320130926450971483614763901
2026-04-24T10:20:02.165042+00:00,2026-04-24T10:31:00.105910+00:00,momentum,"Solana Up or Down - April 24, 6:20AM-6:25AM ET",DOWN,Down,2.0,0.52,,LOSS,NO,-2.0,Up,0x057a95948e73100d3655ffd90baa6218c4fd6735c25190a79a350d43156d7d54,60805039108767272140904208509316961651782136184334319123010564239853236386686
2026-04-24T10:25:01.264170+00:00,2026-04-24T10:36:03.711540+00:00,momentum,"Bitcoin Up or Down - April 24, 6:25AM-6:30AM ET",DOWN,Down,2.0,0.53,,LOSS,NO,-2.0,Up,0x88902cc524fa49ee2cca35d4e59fb0d07a51b3fb5257ae75beb9095c4f0d5962,31610772333759926651284677382963547019838461352010262980685043259725737149601
2026-04-24T10:25:07.431439+00:00,2026-04-24T10:36:04.034863+00:00,momentum,"XRP Up or Down - April 24, 6:25AM-6:30AM ET",UP,Up,2.0,0.56,,WIN,YES,1.5714285714285712,Up,0x7b60c427c60d693aa02d426dad37350d6371e39c31550d6df3a64d8e5eb05f4d,40555789678167455579365107469777764952630144695196686774384205169255909706078
2026-04-24T10:25:10.605639+00:00,2026-04-24T10:36:04.210484+00:00,momentum,"Ethereum Up or Down - April 24, 6:25AM-6:30AM ET",UP,Up,4.0,0.55,,WIN,YES,3.2727272727272725,Up,0x92b8154c12c1a8008ff1f53fa2c02c18673c3c9f18fa7e32a64e2ea8359cc2c0,77876087005071794881796572798106938714345443004514471408188757131604207039892
2026-04-24T10:25:04.358767+00:00,2026-04-24T10:37:04.073958+00:00,momentum,"Solana Up or Down - April 24, 6:25AM-6:30AM ET",UP,Up,4.0,0.55,,WIN,YES,3.2727272727272725,Up,0x32ea3856d210830574fb44f1f6e4c069b268e04a4d019e4c133560823c377f17,8761402688407489898303739305917827222364619669318891275107431909489557786690
2026-04-24T10:30:01.013504+00:00,2026-04-24T10:39:05.839541+00:00,momentum,"Ethereum Up or Down - April 24, 6:30AM-6:35AM ET",DOWN,Down,2.0,0.53,,LOSS,NO,-2.0,Up,0xf33f476f3428a0f77d320a6b69ef2031f7072f6cfec3a9a8a3a34e328d06ebfb,5349605864273149419908984807317189564182657216193224498444705363785083801075
2026-04-24T10:30:01.029704+00:00,2026-04-24T10:39:05.874797+00:00,momentum,"Solana Up or Down - April 24, 6:30AM-6:35AM ET",DOWN,Down,2.0,0.53,,LOSS,NO,-2.0,Up,0xd0925af55ee09ed42c16912952d92cf533f0c0d04114ec2554426c529c1983b6,83368050526196906835568633669734788598327362362662524494599551811680365092680
2026-04-24T10:30:00.999901+00:00,2026-04-24T10:40:05.994755+00:00,momentum,"Bitcoin Up or Down - April 24, 6:30AM-6:35AM ET",DOWN,Down,2.0,0.52,,WIN,YES,1.8461538461538458,Down,0xc1f5f3f5fd7a54506b1b943039e736cd8abc378e9a878f8a47694fb975aef2f7,69684918115654763108499364897984065738302406202717408535352130525540306381914
2026-04-24T10:30:02.045596+00:00,2026-04-24T10:40:06.142055+00:00,momentum,"XRP Up or Down - April 24, 6:30AM-6:35AM ET",DOWN,Down,2.0,0.59,,WIN,YES,1.3898305084745766,Down,0xa7e7ee09c32ff6b7909ba7449b2c1347bd83886dc288c4b980d3d647c90fbd7c,88091535782562740103125711619362016722927434994905543763779180802258016324345
2026-04-24T10:35:00.577062+00:00,2026-04-24T10:45:08.474889+00:00,momentum,"Solana Up or Down - April 24, 6:35AM-6:40AM ET",DOWN,Down,4.0,0.54,,LOSS,NO,-4.0,Up,0xfa9b0fc920a121d25cbafe66b9c1ded88045e1f342875bc98b75b8f114fa0777,55456625048010449255255285198600291727506326555193123681680811772766140635095
2026-04-24T10:35:08.009120+00:00,2026-04-24T10:45:08.648757+00:00,momentum,"XRP Up or Down - April 24, 6:35AM-6:40AM ET",UP,Up,2.0,0.54,,WIN,YES,1.7037037037037033,Up,0x0894beaed92d43539b28a2c03846f6439a17f002ee48381eaf37427e12566db2,46995619241466444688190169447093252666567497039491756654579587407740541861113
2026-04-24T10:35:00.535548+00:00,2026-04-24T10:46:08.600536+00:00,momentum,"Ethereum Up or Down - April 24, 6:35AM-6:40AM ET",DOWN,Down,4.0,0.52,,WIN,YES,3.6923076923076916,Down,0x9e3d5af359876d6664935e948b7944dd9f536fedc0e534608faa0006eaafd452,17715018332621688367310135778327611220823649678914732815998291858924675201769
2026-04-24T10:35:00.555631+00:00,2026-04-24T10:46:08.641539+00:00,momentum,"Bitcoin Up or Down - April 24, 6:35AM-6:40AM ET",DOWN,Down,2.0,0.52,,LOSS,NO,-2.0,Up,0x81067857de0647c0df162d51f42d24df4de7e19f10acd70f7841ed8146ef1c15,91035247301814300541936277503892497306435448005566038189943102283899234570104
2026-04-24T10:40:02.773219+00:00,2026-04-24T10:50:10.300319+00:00,momentum,"Solana Up or Down - April 24, 6:40AM-6:45AM ET",DOWN,Down,8.0,0.52,,WIN,YES,7.384615384615383,Down,0x6e695ccf04abcf2be21e4184c57853f0faf3f1a174fef3c55d837a036ec769dd,57269978706678758850139723206113559919837190691719165069198424615576413119968
2026-04-24T10:40:00.361105+00:00,2026-04-24T10:51:10.816222+00:00,momentum,"Ethereum Up or Down - April 24, 6:40AM-6:45AM ET",DOWN,Down,2.0,0.515,,LOSS,NO,-2.0,Up,0x2cba06506a8dfc6884a5228d0f74f18750f0975f96e840f000eac1e05d2ee353,106639136484711507867222823412746831602198734847069358030548028210857738967153
2026-04-24T10:40:09.056838+00:00,2026-04-24T10:51:11.094586+00:00,momentum,"XRP Up or Down - April 24, 6:40AM-6:45AM ET",UP,Up,2.0,0.59,,WIN,YES,1.3898305084745766,Up,0xb63c3fd2fb9aca2ab39c173c113e95a10ceb4992db1227fb0dd7044cbf19c8c0,19463249657019857945751964042747054473448944874189180116727625861517259487840
2026-04-24T10:40:02.759237+00:00,2026-04-24T10:52:11.588909+00:00,momentum,"Bitcoin Up or Down - April 24, 6:40AM-6:45AM ET",DOWN,Down,4.0,0.51,,LOSS,NO,-4.0,Up,0x9c2609c29bfc934e6a148135273e01468c6ead78cab44df485a7e874483b3fd7,48934635391349775463461502973993909652893597094088228513984915383215396418850
2026-04-24T10:45:00.872994+00:00,2026-04-24T10:54:11.962411+00:00,momentum,"Ethereum Up or Down - April 24, 6:45AM-6:50AM ET",DOWN,Down,4.0,0.51,,LOSS,NO,-4.0,Up,0x1ddc3b57826e7672b2324f6447d0c869a028690dcef88245acf004716b63833d,104963266508592868851984003786413481082421830926127681616088993498333069631613
2026-04-24T10:45:16.647704+00:00,2026-04-24T10:55:13.084555+00:00,momentum,"XRP Up or Down - April 24, 6:45AM-6:50AM ET",DOWN,Down,2.0,0.52,,LOSS,NO,-2.0,Up,0x055b360b8deffb5aabe3a61fa4b94413b77536f9932155f40ed6d3b2d1efea5f,77258312870574289651171773395844867175566466806826483579582678203738649164364
2026-04-24T10:45:10.524726+00:00,2026-04-24T10:56:13.507012+00:00,momentum,"Bitcoin Up or Down - April 24, 6:45AM-6:50AM ET",DOWN,Down,8.0,0.51,,LOSS,NO,-8.0,Up,0x546c6e3661e0350a10d9efc23ce08b5a9bcacccdb6fd67d6568b231d9697b680,74899447614635119381118689353158554532400251369443841838844693860466538225932
2026-04-24T10:45:00.854567+00:00,2026-04-24T10:57:13.812415+00:00,momentum,"Solana Up or Down - April 24, 6:45AM-6:50AM ET",DOWN,Down,2.0,0.51,,LOSS,NO,-2.0,Up,0x96d55bafba12824a1442a9ebb8701e0e06f91ee8eb1b046f68860506523c1ec6,35779648418662401552518706915279489498537483908864272970220332083445589177570
2026-04-24T10:50:00.367015+00:00,2026-04-24T10:59:15.317918+00:00,momentum,"Ethereum Up or Down - April 24, 6:50AM-6:55AM ET",DOWN,Down,8.0,0.515,,LOSS,NO,-8.0,Up,0xe47cf188ed84c6637e50f39e86b383cfec630910227127bcbbb3b7910873c745,111121857106484180337911541892335421035803601428355338134584529716183594472020
2026-04-24T10:50:33.816655+00:00,2026-04-24T10:59:15.541477+00:00,momentum,"Solana Up or Down - April 24, 6:50AM-6:55AM ET",DOWN,Down,4.0,0.53,,LOSS,NO,-4.0,Up,0xab8759b61f2f7aac7b9847d343f66873933013ce1919b1a307d0b13fe62683f1,38780695093707234348206510041186946089135579428463686401312200604794690609089
2026-04-24T10:50:33.801049+00:00,2026-04-24T11:00:16.199029+00:00,momentum,"Bitcoin Up or Down - April 24, 6:50AM-6:55AM ET",UP,Up,16.0,0.54,,WIN,YES,13.629629629629626,Up,0xc5cfc7a42534cc6fdd5f08766de23c547728184a9696ebe52af21ceeba750ff9,43150378085328666049290562214685920830431208290734251005564216229001728361562
2026-04-24T10:50:33.830747+00:00,2026-04-24T11:00:16.379432+00:00,momentum,"XRP Up or Down - April 24, 6:50AM-6:55AM ET",UP,Up,4.0,0.58,,WIN,YES,2.8965517241379315,Up,0x19afc8e1da6fdc07897a715f36d2e3f1f621a85ce77637e609e0f8fa7919f527,42012910607361649618236848093071142656929435466907199021605460035739521093661
2026-04-24T10:55:00.409723+00:00,2026-04-24T11:05:18.392300+00:00,momentum,"Bitcoin Up or Down - April 24, 6:55AM-7:00AM ET",DOWN,Down,2.0,0.52,,LOSS,NO,-2.0,Up,0x1523067eb7fb3797b36e4da9d4e0c891c558285755e6917c78b72d2161004f52,92517390998771859821428663003268971030614313873367134341481009868638116479106
2026-04-24T10:55:03.507492+00:00,2026-04-24T11:05:18.546528+00:00,momentum,"Ethereum Up or Down - April 24, 6:55AM-7:00AM ET",UP,Up,16.0,0.59,,LOSS,NO,-16.0,Down,0x132ff12b22890dd74a1ea6b4347d513e7180088223b6c5e30251e73da01f1163,93176611890855330438304480905078397997571099182544266542930055476225815043100
2026-04-24T10:55:00.392984+00:00,2026-04-24T11:06:20.075821+00:00,momentum,"Solana Up or Down - April 24, 6:55AM-7:00AM ET",DOWN,Down,8.0,0.53,,LOSS,NO,-8.0,Up,0xf5126d4ff9fe49a7dd840056a9bbf49260611c4b9098f2c47d3f4f83372c10ee,82986278516043844063285008732531656592724176659052672349830367843367369314210
2026-04-24T10:55:22.052060+00:00,2026-04-24T11:07:20.572007+00:00,momentum,"XRP Up or Down - April 24, 6:55AM-7:00AM ET",UP,Up,2.0,0.51,,WIN,YES,1.9215686274509802,Up,0x1b38c62a9f0b48a4ff57d6d028885ba582586c113089f91ebbe46dc1e9b82468,86821032201442865752549446877324328936304328090969751885625472147818780309215
2026-04-24T11:00:02.010841+00:00,2026-04-24T11:12:23.435753+00:00,momentum,"Ethereum Up or Down - April 24, 7:00AM-7:05AM ET",UP,Up,32.0,0.55,,WIN,YES,26.18181818181818,Up,0x10f1feba3e63dbc6c6e31596d6b34738ba30eae44f3abe705f43dced0b3e5217,113390701811045762106276809945155890893498647460858848458134232463415701294223
2026-04-24T11:00:05.156233+00:00,2026-04-24T11:12:23.782293+00:00,momentum,"XRP Up or Down - April 24, 7:00AM-7:05AM ET",UP,Up,2.0,0.53,,WIN,YES,1.773584905660377,Up,0x73f3a6ae0fc2f5f5d4acdc9090aedf7378bf525e7c6d307911a0e231db19afae,110261768841815355278857801646186319003785363986809319293416074855773665431931
2026-04-24T11:00:02.030027+00:00,2026-04-24T11:13:24.172980+00:00,momentum,"Bitcoin Up or Down - April 24, 7:00AM-7:05AM ET",UP,Up,4.0,0.53,,WIN,YES,3.547169811320754,Up,0x7541d78c0a8f09a10efc7e73c0b37212d8ba28fea15b4fe871d5a6a32346a067,18154587238030440963406568668421323680438205253991649376193342386231393271690
2026-04-24T11:00:02.074399+00:00,2026-04-24T11:13:24.205430+00:00,momentum,"Solana Up or Down - April 24, 7:00AM-7:05AM ET",DOWN,Down,16.0,0.54,,LOSS,NO,-16.0,Up,0x402cb5859838ba2c7d2efd78ac9189807b2664edf47eeb7fcdaccbaa69094bc3,87523808727521743760204238036723218502721901303602920370074531041351420439713
2026-04-24T11:05:01.148009+00:00,2026-04-24T11:15:25.466176+00:00,momentum,"Bitcoin Up or Down - April 24, 7:05AM-7:10AM ET",UP,Up,2.0,0.515,,WIN,YES,1.883495145631068,Up,0x4c3bc9d8f215192d059a65caa15ab0483d647c9dfe20fadcb248c941f98cecac,50236608714820366374108241666130633959048677721197513353290858873857919578042
2026-04-24T11:05:03.290037+00:00,2026-04-24T11:15:25.497434+00:00,momentum,"Solana Up or Down - April 24, 7:05AM-7:10AM ET",DOWN,Down,16.0,0.52,,LOSS,NO,-16.0,Up,0x27ca5976bc585aa7198270c2ad066d4b0fcbf18d5fb6f576bae60e627c25c09d,10785129346021293819107589125045815126977914232319435909405526205399778805406
2026-04-24T11:05:03.308214+00:00,2026-04-24T11:15:25.530916+00:00,momentum,"Ethereum Up or Down - April 24, 7:05AM-7:10AM ET",DOWN,Down,2.0,0.52,,LOSS,NO,-2.0,Up,0x6b88fd5c238a0c066d1acd0002aa62bee097a10f2569bfae64130724e298bd74,67061343991272624557313985198179519056622535712206599811933719069830247499724
2026-04-24T11:05:03.325414+00:00,2026-04-24T11:15:25.731899+00:00,momentum,"XRP Up or Down - April 24, 7:05AM-7:10AM ET",UP,Up,2.0,0.56,,WIN,YES,1.5714285714285712,Up,0x520d0c46206cae16481c687d257b0d3d7841fdfbca9ecf3d950643965c6997aa,108452465363799340549996283634646675776809300486406020034741180008963367949170
2026-04-24T11:10:03.077654+00:00,2026-04-24T11:20:27.306863+00:00,momentum,"Bitcoin Up or Down - April 24, 7:10AM-7:15AM ET",DOWN,Down,2.0,0.55,,LOSS,NO,-2.0,Up,0x6615cab0eed8cc9ae375679fc17a0fc16b7a7d21d36a1a3224d3ebc37193d3d2,20429628120806736468518614862474609509470214641852744691158958584238809553478
2026-04-24T11:10:00.638023+00:00,2026-04-24T11:21:27.624068+00:00,momentum,"Ethereum Up or Down - April 24, 7:10AM-7:15AM ET",DOWN,Down,4.0,0.515,,LOSS,NO,-4.0,Up,0xbf753272875c5a8d9a506973eff00e383ca26e68297d0644763700ada3dc27a9,34802662088127347988589521926493547640113683884045521171626825623992246367963
2026-04-24T11:10:00.658889+00:00,2026-04-24T11:21:27.658376+00:00,momentum,"XRP Up or Down - April 24, 7:10AM-7:15AM ET",DOWN,Down,2.0,0.515,,LOSS,NO,-2.0,Up,0x3efb15db22c2839a11f70d794626d133da75cb0993cf6d7c250122a2cac52897,31366954335584519253068674643850587677809886408685635050336546861001697831145
2026-04-24T11:10:00.675380+00:00,2026-04-24T11:21:27.691573+00:00,momentum,"Solana Up or Down - April 24, 7:10AM-7:15AM ET",DOWN,Down,4.0,0.51,,LOSS,NO,-4.0,Up,0xf3933c30f48b2b25da4bfadb5c8166acc094113751c517f671908b6d966fd053,101926848117009491601548885452540690868469774178335599088359775944716055044694
2026-04-24T11:15:02.714580+00:00,2026-04-24T11:23:29.698792+00:00,momentum,"XRP Up or Down - April 24, 7:15AM-7:20AM ET",UP,Up,4.0,0.99,,LOSS,NO,-4.0,Down,0x5955852f25e69b1573377d2c5ec6bfca31369a297d8f7f42ef8711e736811761,100315646888680845600561875051674885841921792358142843953086349537384419702661
2026-04-24T11:15:01.649437+00:00,2026-04-24T11:24:29.779812+00:00,momentum,"Solana Up or Down - April 24, 7:15AM-7:20AM ET",DOWN,Down,4.0,0.52,,WIN,YES,3.6923076923076916,Down,0x8bc0ed54532565f5dfe595ed33cc2457117bf69db967117a1d6ecd7d4d1113a8,29926819427478147097059633480214621837885896764114728374857003493337537724549
2026-04-24T11:15:01.438906+00:00,2026-04-24T11:25:29.853924+00:00,momentum,"Bitcoin Up or Down - April 24, 7:15AM-7:20AM ET",DOWN,Down,2.0,0.6,,WIN,YES,1.3333333333333335,Down,0xce3e94d58b4146f128914af6fe7d9a6acd4619dea81282571aaee8e5a2a71ee7,82449192004810582498097410094084329009220695593289958303917160301411468676196
2026-04-24T11:15:01.549402+00:00,2026-04-24T11:25:30.067237+00:00,momentum,"Ethereum Up or Down - April 24, 7:15AM-7:20AM ET",DOWN,Down,4.0,0.55,,WIN,YES,3.2727272727272725,Down,0xaf76dd7c8f743c6f4c1f6e00a010526ca57ab235de2faeeaddb49d38fa87adb4,88136875709709933456564421457473499630191217833763461406050305863659729537102
2026-04-24T11:20:00.724094+00:00,2026-04-24T11:29:31.777086+00:00,momentum,"XRP Up or Down - April 24, 7:20AM-7:25AM ET",DOWN,Down,8.0,0.55,,LOSS,NO,-8.0,Up,0xbda34c211baf58eec15fa552eddb4a58d0c6b7b5e76e9283baa91678884fa83e,6833999034414214885619172315511712898721923582673877338501108089846960868226
2026-04-24T11:20:00.663074+00:00,2026-04-24T11:30:31.664860+00:00,momentum,"Bitcoin Up or Down - April 24, 7:20AM-7:25AM ET",DOWN,Down,2.0,0.53,,LOSS,NO,-2.0,Up,0x288045c7efb3a308406ac5740621239dec26182aeb07097e3b6a3ad3856f436a,1105005069488009829695865893779504079901252335293688635415800990646995607510
2026-04-24T11:20:00.683063+00:00,2026-04-24T11:30:31.699009+00:00,momentum,"Solana Up or Down - April 24, 7:20AM-7:25AM ET",DOWN,Down,2.0,0.54,,LOSS,NO,-2.0,Up,0x162c7deda54afdc5ee2d27d3dccb9edda87ef3538840116e05e603cf5e5b2183,6892629362599693624491124311464652064765235574524497555383068151126692336933
2026-04-24T11:20:00.703483+00:00,2026-04-24T11:30:31.739575+00:00,momentum,"Ethereum Up or Down - April 24, 7:20AM-7:25AM ET",DOWN,Down,2.0,0.52,,LOSS,NO,-2.0,Up,0x0bd78ed5c8eb98b5b871cc6573d3e6e4169872fb965b5282a7d2f293c67b6059,94941728165904656130446447193283602018788834054954808010846427133727392545175
2026-04-24T11:25:00.767900+00:00,2026-04-24T11:35:34.592584+00:00,momentum,"Solana Up or Down - April 24, 7:25AM-7:30AM ET",DOWN,Down,4.0,0.525,,LOSS,NO,-4.0,Up,0xa327159cfb4a4ca8585adfb2d676c202eb57259b96f5f31537dc6baeac6980bf,99155324847657476806916377860654253928849099582276585703523618930718044581013
2026-04-24T11:25:00.738957+00:00,2026-04-24T11:36:34.564221+00:00,momentum,"Ethereum Up or Down - April 24, 7:25AM-7:30AM ET",DOWN,Down,4.0,0.525,,LOSS,NO,-4.0,Up,0x8ff401b70fdb1f03a84e82ad4eef393459b57f791dae032bfc65b2c90f6f2795,3222067849371158172994107535446069673582023907858391387254583644320468983286
2026-04-24T11:25:00.753380+00:00,2026-04-24T11:36:34.601002+00:00,momentum,"Bitcoin Up or Down - April 24, 7:25AM-7:30AM ET",DOWN,Down,4.0,0.525,,LOSS,NO,-4.0,Up,0x75a27943fda0daddebf1b2957ad1beb412824d09a4724793b6c6a8f5c52c596d,2067435614765175860216662259626594683928618294181770878419870506283522883115
2026-04-24T11:25:02.844552+00:00,2026-04-24T11:36:34.639090+00:00,momentum,"XRP Up or Down - April 24, 7:25AM-7:30AM ET",DOWN,Down,16.0,0.51,,LOSS,NO,-16.0,Up,0x8ecd779fad4e773df9b1adb17c8a02535e258299a9089b35d0c5f1094e2fec72,85153324732714969213878239402136692157318856755091971438260297232987306087847
2026-04-24T11:30:02.632478+00:00,2026-04-24T11:38:35.925035+00:00,momentum,"Bitcoin Up or Down - April 24, 7:30AM-7:35AM ET",DOWN,Down,8.0,0.52,,LOSS,NO,-8.0,Up,0xb1da991aafe4d556d63e41b8aad45a45070f95add86f0a9705cbebe94d24ed68,81609072076455329041679565942962901507941791059008805790065735457325611763566
2026-04-24T11:30:02.661560+00:00,2026-04-24T11:38:36.230300+00:00,momentum,"Solana Up or Down - April 24, 7:30AM-7:35AM ET",DOWN,Down,8.0,0.56,,WIN,YES,6.285714285714285,Down,0x74af7f753c2cf5820c1498ee1f01fc78bdf86abf33e3ee7871392ffade997a12,7698856847283450353449695261597452232036891820580333652241241867767889825316
2026-04-24T11:30:05.767390+00:00,2026-04-24T11:39:37.050989+00:00,momentum,"Ethereum Up or Down - April 24, 7:30AM-7:35AM ET",DOWN,Down,8.0,0.54,,WIN,YES,6.814814814814813,Down,0x646ca5feead4634ab572915faddf92bdb6067024f3b6b16978b780d8eff754a5,59569972094451526234856305307290667568413651563936847702434737806014110663444
2026-04-24T11:30:02.646648+00:00,2026-04-24T11:40:37.443326+00:00,momentum,"XRP Up or Down - April 24, 7:30AM-7:35AM ET",DOWN,Down,2.0,0.53,,WIN,YES,1.773584905660377,Down,0x8e464e69f4c0c418c10b2a5069c3cfedd7601cdf44354455b1e469611936447d,86199341445830386177621824639282200175160221509532392347221143009107130135394
2026-04-24T11:35:00.792870+00:00,2026-04-24T11:45:40.555883+00:00,momentum,"Bitcoin Up or Down - April 24, 7:35AM-7:40AM ET",DOWN,Down,8.0,0.525,,WIN,YES,7.238095238095237,Down,0x000667d9a617b0adf30e5f471f0262b95614e20f32817101267739a0a73378fb,109579872649127354639143558759721222216351030264067620644796802728749802586326
2026-04-24T11:35:00.822893+00:00,2026-04-24T11:45:40.717268+00:00,momentum,"XRP Up or Down - April 24, 7:35AM-7:40AM ET",DOWN,Down,2.0,0.515,,WIN,YES,1.883495145631068,Down,0xb1347e9c18d8e770c766cb4988bd4254bd10482781a49c32524ed192d8d0050f,75531633430972471864892831968959251590194762950639347051792723055274953798242
2026-04-24T11:35:00.898981+00:00,2026-04-24T11:45:40.874181+00:00,momentum,"Solana Up or Down - April 24, 7:35AM-7:40AM ET",DOWN,Down,2.0,0.525,,WIN,YES,1.8095238095238093,Down,0xd592d7c0cb866ac9b5f43b1757ffd991d09be462a708f8eaad68fb8f7bd706e1,67420940641381700806285275702697976745716208612603924513728119354003161055630
2026-04-24T11:35:02.057164+00:00,2026-04-24T11:45:41.024377+00:00,momentum,"Ethereum Up or Down - April 24, 7:35AM-7:40AM ET",DOWN,Down,2.0,0.55,,WIN,YES,1.6363636363636362,Down,0xa37c0ba358ea560532ad86b9061f833dc87ca8a239392f2dd43cf41b578de7d7,81015352004134050779068947970879242092355828847321379747072468525381910592096
2026-04-24T11:40:00.117856+00:00,2026-04-24T11:50:43.293004+00:00,momentum,"Ethereum Up or Down - April 24, 7:40AM-7:45AM ET",DOWN,Down,2.0,0.525,,LOSS,NO,-2.0,Up,0x7c71e0e5bf6fce2ccce901296a35c9a2540b668046bf62a71351c357852702b4,8777850202289811585805831701399016444167078847256680986047975639804304279296
2026-04-24T11:40:00.182265+00:00,2026-04-24T11:50:43.656344+00:00,momentum,"Solana Up or Down - April 24, 7:40AM-7:45AM ET",DOWN,Down,2.0,0.515,,WIN,YES,1.883495145631068,Down,0xde7bae0b4e86af9432f8e2c924b9d9260aae9c2ee1d19a3b755a469563ffe78d,110391969910153661867632576859771147072298280467929095263284542093742109818664
2026-04-24T11:40:00.137994+00:00,2026-04-24T11:51:44.274694+00:00,momentum,"Bitcoin Up or Down - April 24, 7:40AM-7:45AM ET",UP,Up,2.0,0.515,,WIN,YES,1.883495145631068,Up,0x22a5ced45f8f38cd70eb4437395887f889461dc4d2d06757caed943d32bc4eb3,81880081492742083436176067570772557910369758709722354592372563846281213364515
2026-04-24T11:40:00.162656+00:00,2026-04-24T11:51:44.311049+00:00,momentum,"XRP Up or Down - April 24, 7:40AM-7:45AM ET",DOWN,Down,2.0,0.515,,LOSS,NO,-2.0,Up,0xab362e7754f6cff0322eece1ed228a073c1f0e63f37596d38b24af6734e3df52,71751377861880385575492134909311253266225677320114998542163116674514637063552
2026-04-24T11:45:00.496356+00:00,2026-04-24T11:53:45.737045+00:00,momentum,"Bitcoin Up or Down - April 24, 7:45AM-7:50AM ET",DOWN,Down,2.0,0.515,,WIN,YES,1.883495145631068,Down,0x803f6c7be9acb959de70f4273519645eb109af87335eb45de39be097f0b7b2b1,76366183146596770355342451009493977880176804653892590774487521315759240071931
2026-04-24T11:45:00.584946+00:00,2026-04-24T11:53:46.008945+00:00,momentum,"Solana Up or Down - April 24, 7:45AM-7:50AM ET",DOWN,Down,2.0,0.51,,WIN,YES,1.9215686274509802,Down,0x7723c3ead87b825daa6df4bcb58015fb79d41e10cceee26e0ffa08fd0d8342a1,111946160282670051054130569411443493120440661615775380472120922847058779358815
2026-04-24T11:45:00.556198+00:00,2026-04-24T11:54:46.482808+00:00,momentum,"Ethereum Up or Down - April 24, 7:45AM-7:50AM ET",DOWN,Down,4.0,0.525,,WIN,YES,3.6190476190476186,Down,0x63baf113be014986cfc54eb3c3a1e1725f75acb2ec95c84a28787ee0cb17729b,92569169407976230796747674969756854984228086833652826860226715620832799637781
2026-04-24T11:45:30.577745+00:00,2026-04-24T11:54:46.618956+00:00,momentum,"XRP Up or Down - April 24, 7:45AM-7:50AM ET",DOWN,Down,4.0,0.76,,WIN,YES,1.2631578947368425,Down,0x5dbca6e60436572550a621a589ad28ebe78dc0f0f6bdd66d5e71fb7eceafd2ef,5100370793931149310948069391756448590531129353695815983067109935089841693062
2026-04-24T11:50:01.066884+00:00,2026-04-24T11:59:50.192664+00:00,momentum,"Bitcoin Up or Down - April 24, 7:50AM-7:55AM ET",DOWN,Down,2.0,0.525,,WIN,YES,1.8095238095238093,Down,0xf41d8de682e3dbc2590d33a783e50a14d87f2e8931bb74782d7c905837dd512f,42042146668168313768833677245846568394389003280843030929550038709586727066903
2026-04-24T11:50:01.085645+00:00,2026-04-24T11:59:50.335160+00:00,momentum,"Solana Up or Down - April 24, 7:50AM-7:55AM ET",DOWN,Down,2.0,0.515,,WIN,YES,1.883495145631068,Down,0xf4ed7f80653c84d1069bfef636115fb0378c81bfcb779f30566cff201a8b17d3,41938327768975104005606397595117411670907059274056899453301135495385807742884
2026-04-24T11:50:03.246933+00:00,2026-04-24T11:59:50.577220+00:00,momentum,"Ethereum Up or Down - April 24, 7:50AM-7:55AM ET",DOWN,Down,2.0,0.52,,WIN,YES,1.8461538461538458,Down,0xf23a3cb2b2b2283c3b8934d1c4a1028ad2faf768e8766070cfa884c2935ba128,59572360563240040777212807661405403701386944190976828744184774509939728145431
2026-04-24T11:50:03.218730+00:00,2026-04-24T12:00:50.637882+00:00,momentum,"XRP Up or Down - April 24, 7:50AM-7:55AM ET",DOWN,Down,2.0,0.52,,WIN,YES,1.8461538461538458,Down,0x9773b203a6c589521fb22b6847c47966a29a4d7bf8e0f00f8529fa8117623882,90374164527809526950690333981849786439176439886135746623752250328225427303062
2026-04-24T11:55:00.410514+00:00,2026-04-24T12:05:53.174468+00:00,momentum,"Ethereum Up or Down - April 24, 7:55AM-8:00AM ET",DOWN,Down,2.0,0.53,,WIN,YES,1.773584905660377,Down,0xf63eebfc165591d7d73ad5afb4b0d543206bb7dc81067ea7ee8b808ec7a084a1,22664077034327405822571035864807557285554024218481777441659592424778151314501
2026-04-24T11:55:00.430297+00:00,2026-04-24T12:05:53.241081+00:00,momentum,"Solana Up or Down - April 24, 7:55AM-8:00AM ET",DOWN,Down,2.0,0.55,,LOSS,NO,-2.0,Up,0x7a38459d12704211980de2f5acd1ab17e6028a483b59aecf9a14eb30c14b938a,84627529157163248253507772307038571804451680694681476895113703299063477093660
2026-04-24T11:55:00.447257+00:00,2026-04-24T12:05:53.307854+00:00,momentum,"XRP Up or Down - April 24, 7:55AM-8:00AM ET",DOWN,Down,2.0,0.52,,LOSS,NO,-2.0,Up,0x3d0b29c28907e6b97e6480b28d895d4632ccf366e5c5066d03068d6b58f50131,38539430638506940938834035960474072141510137642273123497702891445722796363315
2026-04-24T11:55:00.386881+00:00,2026-04-24T12:06:53.333834+00:00,momentum,"Bitcoin Up or Down - April 24, 7:55AM-8:00AM ET",DOWN,Down,2.0,0.51,,LOSS,NO,-2.0,Up,0xbfe7f547ea218f55ee00b76a66c332fbe736f039aa612cc7398e160bf3af9ec6,63819111625487936200635136980968470903477287398710404819395408871812561464712
2026-04-24T12:00:00.343144+00:00,2026-04-24T12:08:53.797739+00:00,momentum,"Ethereum Up or Down - April 24, 8:00AM-8:05AM ET",DOWN,Down,2.0,0.515,,LOSS,NO,-2.0,Up,0xada99b1841ba1fb8ab4a935c2f457f8a5208c89b5ed1d94d916d8434111ac596,53066007856572807739063718657189386947567908337340196250339944770419683445424
2026-04-24T12:00:02.708457+00:00,2026-04-24T12:08:53.940201+00:00,momentum,"Bitcoin Up or Down - April 24, 8:00AM-8:05AM ET",UP,Up,4.0,0.52,,LOSS,NO,-4.0,Down,0x56ac850a75c3bda511899a251413bf74622c1dd034d3a3c175b6536003c75256,36416610544583383349062591575664989684455962720567397718645732907211228500877
2026-04-24T12:00:00.386644+00:00,2026-04-24T12:09:54.637197+00:00,momentum,"Solana Up or Down - April 24, 8:00AM-8:05AM ET",DOWN,Down,4.0,0.51,,LOSS,NO,-4.0,Up,0x1432ae2f11e71fe6c4b9f3f2d533e32492767a7a4d9185d5316a4420a7653d06,56991309461537515095342632070595673412978127319980938964717905443541176448582
2026-04-24T12:00:02.742388+00:00,2026-04-24T12:09:54.790607+00:00,momentum,"XRP Up or Down - April 24, 8:00AM-8:05AM ET",DOWN,Down,4.0,0.61,,WIN,YES,2.557377049180328,Down,0xffcbb86783f4a319622ced9fe88067c8db8a4ec248a350cd158d1beaed512897,85326548941784733278814339694451210205539177558004257294265312882329015039512
2026-04-24T12:05:00.448987+00:00,2026-04-24T12:14:57.871326+00:00,momentum,"Bitcoin Up or Down - April 24, 8:05AM-8:10AM ET",DOWN,Down,8.0,0.52,,WIN,YES,7.384615384615383,Down,0x86d0cf2a357bab166a804fabaa55d3230fe10ddf5b4e1f9a6f14e979fde45407,85377674773072180922866031050287380587665917782462838041603435204109350126005
2026-04-24T12:05:03.524138+00:00,2026-04-24T12:14:58.067215+00:00,momentum,"XRP Up or Down - April 24, 8:05AM-8:10AM ET",UP,Up,2.0,0.54,,WIN,YES,1.7037037037037033,Up,0x3e851ad8c938f1847da0262895f88cd3e00c3b86f6274a98e37bf4f66315cdbe,76015565935148282020992569213519174046625383091211909643912172868757486600883
2026-04-24T12:05:00.408889+00:00,2026-04-24T12:15:57.982681+00:00,momentum,"Ethereum Up or Down - April 24, 8:05AM-8:10AM ET",DOWN,Down,4.0,0.55,,LOSS,NO,-4.0,Up,0xf5c04a7aa2627dcbf3c143f20fa91efa3040108abe598ab9c89ad743e2bb74eb,88338147270658728018822159963226012966218668457931883112060009982533015393369
2026-04-24T12:05:00.431090+00:00,2026-04-24T12:15:58.025136+00:00,momentum,"Solana Up or Down - April 24, 8:05AM-8:10AM ET",DOWN,Down,8.0,0.52,,LOSS,NO,-8.0,Up,0xad364b16301f902b37780b7da2673b41b657bb3cef3da8f8c84577d755541780,76697241767962268954823382124457117774955530482457874759221512267958247712040
2026-04-24T12:10:00.368051+00:00,2026-04-24T12:22:01.722686+00:00,momentum,"Solana Up or Down - April 24, 8:10AM-8:15AM ET",DOWN,Down,16.0,0.515,,LOSS,NO,-16.0,Up,0x219985572165b107fd7ac138145bf7443f98c25c237d42c9fd4b890da06e8e4d,8609956016882823859493369725082662119940014264308120906462086417315418873756
2026-04-24T12:10:00.391365+00:00,2026-04-24T12:22:01.764715+00:00,momentum,"Ethereum Up or Down - April 24, 8:10AM-8:15AM ET",DOWN,Down,8.0,0.515,,LOSS,NO,-8.0,Up,0xf741a24260d25a999214447b24378ec30a855569a07d23ba2c7615db65b6456a,47429159604813987087707474031271199446723025102339543622909712939405629782489
2026-04-24T12:10:01.574382+00:00,2026-04-24T12:22:01.951360+00:00,momentum,"XRP Up or Down - April 24, 8:10AM-8:15AM ET",UP,Up,2.0,0.51,,WIN,YES,1.9215686274509802,Up,0xaac723cdc498359e1dedc616d89b74ee0e38a17f2d250f608f165fe9f094f149,20009927564164449275627034969478854233672659924316755848093163526304194699068
2026-04-24T12:10:01.600851+00:00,2026-04-24T12:22:01.987981+00:00,momentum,"Bitcoin Up or Down - April 24, 8:10AM-8:15AM ET",DOWN,Down,2.0,0.51,,LOSS,NO,-2.0,Up,0x2d54f521fba3b71f2ab38275a5b17575ffe77ae67985e3f877887d0dab337895,5247557168058734154125366561422574026680443012378285368614381950096536903643
2026-04-24T12:15:00.557026+00:00,2026-04-24T12:23:02.531721+00:00,momentum,"Solana Up or Down - April 24, 8:15AM-8:20AM ET",DOWN,Down,32.0,0.535,,WIN,YES,27.813084112149532,Down,0xe3eb196c5be010304c54d4f566f54d1eb5b3153aba62f3e0813e9fe9636c10eb,75175916204304100910808101306261431192973942361794178606855097060642763386074
2026-04-24T12:15:00.575280+00:00,2026-04-24T12:23:02.666194+00:00,momentum,"Ethereum Up or Down - April 24, 8:15AM-8:20AM ET",DOWN,Down,16.0,0.515,,WIN,YES,15.067961165048544,Down,0x2506ca05c4e84080a93be8528f8dec71f521494367c361efa962ef473579f31e,51128360826719438161506377754579198478582635878242137718074997066954562904657
2026-04-24T12:15:02.790753+00:00,2026-04-24T12:23:02.807952+00:00,momentum,"XRP Up or Down - April 24, 8:15AM-8:20AM ET",DOWN,Down,2.0,0.57,,WIN,YES,1.5087719298245617,Down,0xe976cd4de2f30e333ec2b45e5cfaa53f20047a3347895e08a8c99fbcd1d856fd,56888860140408957145825926771555088578470608270439583847879602721619392568280
2026-04-24T12:15:02.849693+00:00,2026-04-24T12:24:02.896274+00:00,momentum,"Bitcoin Up or Down - April 24, 8:15AM-8:20AM ET",DOWN,Down,4.0,0.53,,WIN,YES,3.547169811320754,Down,0x54c5aaa49f355309a2b3f7a82f40eb708213c8e77988cf39cee2fca84366cdd2,31090536200159201605794858347668764790650138368539079634165548383230615982197
2026-04-24T12:20:00.885297+00:00,2026-04-24T12:30:05.780318+00:00,momentum,"XRP Up or Down - April 24, 8:20AM-8:25AM ET",DOWN,Down,2.0,0.54,,WIN,YES,1.7037037037037033,Down,0x0306454a11eebceaf9cbd298ce3146e079d7ce38071cd8bae21d95420cf03416,94610190992236766613032651793776657347759122095651683225355709500242926511532
2026-04-24T12:20:00.915499+00:00,2026-04-24T12:30:05.963938+00:00,momentum,"Solana Up or Down - April 24, 8:20AM-8:25AM ET",DOWN,Down,2.0,0.55,,WIN,YES,1.6363636363636362,Down,0x364380c0761e749596acc9e53f154fe4594a79e12d1a34994b029d9c0b443022,70256745645824888392323315792823747908204339596143359141675493460542325267388
2026-04-24T12:20:04.315861+00:00,2026-04-24T12:30:05.999087+00:00,momentum,"Ethereum Up or Down - April 24, 8:20AM-8:25AM ET",DOWN,Down,2.0,0.52,,LOSS,NO,-2.0,Up,0x593b581da74e29836b6ab049e7c6b32b83919284311c7e5d5e7c75c0141ab4a8,40007483166814281781866758221119555538805233258935346931541991633225523552286
2026-04-24T12:20:07.501613+00:00,2026-04-24T12:30:06.032463+00:00,momentum,"Bitcoin Up or Down - April 24, 8:20AM-8:25AM ET",DOWN,Down,2.0,0.53,,LOSS,NO,-2.0,Up,0xe5020727a68d5305d7e913089ad4c72ddccd99d66e659c58edba760a7cddf75a,58586334058732584481815488993194997157404590374176916602031257327799621192744
2026-04-24T12:25:01.908875+00:00,2026-04-24T12:35:07.800832+00:00,momentum,"Bitcoin Up or Down - April 24, 8:25AM-8:30AM ET",DOWN,Down,2.0,0.59,,WIN,YES,1.3898305084745766,Down,0x68039d9a30f92d461edc713a7db4dc2ff94e93ef887d55199c2762f7ecdd92fb,30073255577750345003786409891524686358248246022307017109984000827493260360303
2026-04-24T12:25:00.625886+00:00,2026-04-24T12:36:07.999294+00:00,momentum,"Solana Up or Down - April 24, 8:25AM-8:30AM ET",DOWN,Down,4.0,0.51,,WIN,YES,3.8431372549019605,Down,0xafe9dc82abe97e0c4184c6b3d305b83fc5b050ea2a73295b0bce1cb0d27e4df0,35919605053004668124113709754376458150717811627667042787065688144083212849478
2026-04-24T12:25:01.930947+00:00,2026-04-24T12:36:08.186648+00:00,momentum,"XRP Up or Down - April 24, 8:25AM-8:30AM ET",DOWN,Down,2.0,0.57,,WIN,YES,1.5087719298245617,Down,0x94ce1136bcadcb7b82921209515136bdd1d57281d0648e15576b3e87f7f47058,113916556301187184869496414082474877536679356505115507020922360674973784466198
2026-04-24T12:25:02.007321+00:00,2026-04-24T12:36:08.336057+00:00,momentum,"Ethereum Up or Down - April 24, 8:25AM-8:30AM ET",DOWN,Down,2.0,0.58,,WIN,YES,1.4482758620689657,Down,0x5c09a89394015b5c761a8c7b4660094bc791d752c25d444e7b9b84ebd94a0bc3,39258040985699133150805109110051737428187256675914747424324390674012731665099
2026-04-24T12:30:00.967768+00:00,2026-04-24T12:38:09.023432+00:00,momentum,"Solana Up or Down - April 24, 8:30AM-8:35AM ET",DOWN,Down,2.0,0.515,,WIN,YES,1.883495145631068,Down,0x9da134653600bcc35ce0739598c1c0b132e4341c75fc7c8c1b255635fc5ae95b,35160162961398109198931965008706274675291526884309619977224020552914469100392
2026-04-24T12:30:02.073904+00:00,2026-04-24T12:39:09.214357+00:00,momentum,"XRP Up or Down - April 24, 8:30AM-8:35AM ET",DOWN,Down,2.0,0.53,,WIN,YES,1.773584905660377,Down,0xe24bbea11b26eb8b86d05d9260130b333902c19cc3481cadc1d0792393925961,29450277180995078078731283038607251443568101151696655101199469478562955974654
2026-04-24T12:30:05.600789+00:00,2026-04-24T12:40:09.980515+00:00,momentum,"Bitcoin Up or Down - April 24, 8:30AM-8:35AM ET",DOWN,Down,2.0,0.52,,WIN,YES,1.8461538461538458,Down,0x85d4f800924b0eaa45a7a7447bf51f0caae8e1c979cb30181716bde3e285daaa,59630800091880512684546063578356713862430299163484160360995734221698437662594
2026-04-24T12:30:05.618889+00:00,2026-04-24T12:40:10.155622+00:00,momentum,"Ethereum Up or Down - April 24, 8:30AM-8:35AM ET",DOWN,Down,2.0,0.54,,WIN,YES,1.7037037037037033,Down,0xcd5f5896577a6d02249c4416c8e4251f41217edface0f816a81835a6ce322033,746635258186294959269125414984008623733402095268940545972365088247057990524
2026-04-24T12:35:02.327819+00:00,2026-04-24T12:44:11.733765+00:00,momentum,"Ethereum Up or Down - April 24, 8:35AM-8:40AM ET",UP,Up,2.0,0.51,,WIN,YES,1.9215686274509802,Up,0x5fc61760b2146cc8c77b1eab9d75eea0f7ee8a5c1940ebac86b068e542863dbf,37840031273001483306693331698528318203671492877397053219698174327541285497213
2026-04-24T12:35:02.349600+00:00,2026-04-24T12:46:12.927266+00:00,momentum,"Bitcoin Up or Down - April 24, 8:35AM-8:40AM ET",UP,Up,2.0,0.53,,WIN,YES,1.773584905660377,Up,0x6908f059931c5803e794c59bc830c0b7cd6fab2b07ca09feb85d9e85f7a71831,104822037539320510896437278852285028054265816606522932396380304194551983259207
2026-04-24T12:35:09.799355+00:00,2026-04-24T12:46:13.087214+00:00,momentum,"XRP Up or Down - April 24, 8:35AM-8:40AM ET",UP,Up,2.0,0.51,,WIN,YES,1.9215686274509802,Up,0x9b952fb887237b075d39ac43d756a06a11ad458726996d7708ee515c15fc9304,63560341865923264570054575069358317773634302707122405000236594414955740396895
2026-04-24T12:35:19.002350+00:00,2026-04-24T12:46:13.123430+00:00,momentum,"Solana Up or Down - April 24, 8:35AM-8:40AM ET",DOWN,Down,2.0,0.53,,LOSS,NO,-2.0,Up,0x514d913026a5c22c0754e938fa69300bba9e481cebaaa03e1539fee1a7b65f80,4295477885067229526076459000144413237261517222147053854557352791967553900418
2026-04-24T12:40:00.856482+00:00,2026-04-24T12:51:15.893854+00:00,momentum,"XRP Up or Down - April 24, 8:40AM-8:45AM ET",UP,Up,2.0,0.51,,LOSS,NO,-2.0,Down,0x813530915ebacc915b970f6942a3bfb9dc490f9f1efba04cd85cca5c783bf897,66902302340607781626198577917507616448213484375425581274924344720179064250529
2026-04-24T12:40:00.878915+00:00,2026-04-24T12:51:15.927806+00:00,momentum,"Ethereum Up or Down - April 24, 8:40AM-8:45AM ET",UP,Up,2.0,0.515,,LOSS,NO,-2.0,Down,0x9008ac61ebc6f393edf76c7c0cd76f634a5371936be24db626f7e4be7dfef348,60093901171584777537750820945580352733740132965918501820978820952865189253809
2026-04-24T12:40:02.028099+00:00,2026-04-24T12:51:15.958614+00:00,momentum,"Bitcoin Up or Down - April 24, 8:40AM-8:45AM ET",UP,Up,4.0,0.59,,LOSS,NO,-4.0,Down,0x3cfda1b9b348441285387ade59ace50b0ed2f125fcc1c023a22cdaa8118df149,18216898335172985490546455932843163958970497113045192494204306349885357232208
2026-04-24T12:40:05.189466+00:00,2026-04-24T12:51:15.994362+00:00,momentum,"Solana Up or Down - April 24, 8:40AM-8:45AM ET",UP,Up,4.0,0.51,,LOSS,NO,-4.0,Down,0xb15c14f974ef558733b6a00f230cce2c79085a814956f016523d4764d9962bad,3963752257000950196674943540885186112476546797493020683025978248553854894473
2026-04-24T12:45:00.414869+00:00,2026-04-24T12:54:17.226448+00:00,momentum,"Ethereum Up or Down - April 24, 8:45AM-8:50AM ET",UP,Up,4.0,0.51,,LOSS,NO,-4.0,Down,0x2644f6586b1ff3dcc66fc8d902d6ac4e7d89fa7d7184452f222fc97f40a0bcf9,40009676880416981853208899743669664804858870938556432881028966219767756265078
2026-04-24T12:45:00.440679+00:00,2026-04-24T12:54:17.257499+00:00,momentum,"Bitcoin Up or Down - April 24, 8:45AM-8:50AM ET",UP,Up,8.0,0.51,,LOSS,NO,-8.0,Down,0x388483a23ec49cc129d2a5cd8d5a242041af7b6cf1a2810e41323fe135d51c11,20584594340414718572581605024651963776025187563273056311500731150955210744607
2026-04-24T12:45:31.342542+00:00,2026-04-24T12:54:17.289733+00:00,momentum,"Solana Up or Down - April 24, 8:45AM-8:50AM ET",UP,Up,8.0,0.51,,LOSS,NO,-8.0,Down,0xa077a62a5865a9354e53c452ca701b18f5fa5737d990fa1beeaa093a8bae6a3f,20847792247434740647605327640733752859830979905204495712803943145236495005625
2026-04-24T12:45:00.380500+00:00,2026-04-24T12:55:17.133753+00:00,momentum,"XRP Up or Down - April 24, 8:45AM-8:50AM ET",UP,Up,4.0,0.54,,LOSS,NO,-4.0,Down,0xc5a417bb149b63f54967f228eed023da3a5d694e54d8f520cb1392f303228616,53281446277731713057677841512412080514226863228478779862742350458059314218282
2026-04-24T12:50:00.898376+00:00,2026-04-24T13:00:18.979725+00:00,momentum,"Ethereum Up or Down - April 24, 8:50AM-8:55AM ET",UP,Up,2.0,0.515,,LOSS,NO,-2.0,Down,0x4b0e5ce21b788f78dcf4e1dcc3a6397f27947a4b85deb1fae8ecd7a92d0643f4,26238388338622151030522076779286753542734133288835878331848653386188097645475
2026-04-24T12:50:00.914304+00:00,2026-04-24T13:00:19.029492+00:00,momentum,"XRP Up or Down - April 24, 8:50AM-8:55AM ET",UP,Up,2.0,0.515,,LOSS,NO,-2.0,Down,0xb00a9aadbc5ba03bea3035c1c23674a29e06e491d785806ac22811a7dbe5a1b5,86237500980007969867915616848422301374051804451730314841878111382330844701595
2026-04-24T12:50:03.033754+00:00,2026-04-24T13:00:19.277281+00:00,momentum,"Bitcoin Up or Down - April 24, 8:50AM-8:55AM ET",DOWN,Down,2.0,0.51,,WIN,YES,1.9215686274509802,Down,0x8db8909d2f3883989b767ce06bb344fdd22643458cd917e1dd73bd16c2fa7cf8,28662424561262221105121961161348515009121266530274123956281792949766456281477
2026-04-24T12:52:39.391745+00:00,2026-04-24T13:00:19.442537+00:00,momentum,"Solana Up or Down - April 24, 8:50AM-8:55AM ET",DOWN,Down,2.0,0.52,,WIN,YES,1.8461538461538458,Down,0x4a7fdca56efd2554a89353c111f986b836d8b0402649c5754dc074f4bd275227,36000674742620069139349238839876417328549182538546721753644485329463441992200
2026-04-24T12:55:01.670767+00:00,2026-04-24T13:05:21.627591+00:00,momentum,"Bitcoin Up or Down - April 24, 8:55AM-9:00AM ET",UP,Up,2.0,0.55,,WIN,YES,1.6363636363636362,Up,0x9942dec0d33637486285a741d65a89c60d583d7fbdd742312d18f61f3741dcf1,95080494533972703890991740327434702110803060683117077921983195087982609291419
2026-04-24T12:55:00.510634+00:00,2026-04-24T13:06:21.559415+00:00,momentum,"Ethereum Up or Down - April 24, 8:55AM-9:00AM ET",UP,Up,4.0,0.515,,WIN,YES,3.766990291262136,Up,0x857863674e5fb61cbd02d8ffebb4840e2266a74929daef933d2432e5a62d7a4c,110317500779411453931866907697490599361867852236481452549321454408214334371184
2026-04-24T12:55:00.534380+00:00,2026-04-24T13:06:21.716192+00:00,momentum,"XRP Up or Down - April 24, 8:55AM-9:00AM ET",UP,Up,4.0,0.51,,WIN,YES,3.8431372549019605,Up,0xab2c543340ec817e6efc1ed8ecea7bca4600dad58d057adabcc0056466cc5e6d,93390857091176202534508726543824593218469702209838680094601727123507568073142
2026-04-24T12:55:11.073436+00:00,2026-04-24T13:06:21.873714+00:00,momentum,"Solana Up or Down - April 24, 8:55AM-9:00AM ET",UP,Up,2.0,0.99,,WIN,YES,0.020202020202020332,Up,0xeb2c27f45931cb94bdb0102b0ab81864b74b71e13fb7c920e2f1f57c8bdcfbc4,97348814034830741440701228125343468756749328485926342832803797624607552894158
2026-04-24T13:00:00.108058+00:00,2026-04-24T13:11:25.009054+00:00,momentum,"Solana Up or Down - April 24, 9:00AM-9:05AM ET",UP,Up,2.0,0.515,,WIN,YES,1.883495145631068,Up,0x43f65ffad9ed4a43216b4d5230842233dbdb3d8b77b7785a80a07b29eb95061d,114570759393119200907261293729122633364310674466981914753796081552148607763830
2026-04-24T13:00:00.131272+00:00,2026-04-24T13:12:25.802911+00:00,momentum,"XRP Up or Down - April 24, 9:00AM-9:05AM ET",UP,Up,2.0,0.53,,WIN,YES,1.773584905660377,Up,0x0a7f29bdb5b1a3d08bed006f1840e2935016f97fef65ee1e37d013d8eb29ea66,2413630181734845594238606222089107589352572999044891524211543234529248285287
2026-04-24T13:00:00.153342+00:00,2026-04-24T13:12:26.048643+00:00,momentum,"Bitcoin Up or Down - April 24, 9:00AM-9:05AM ET",UP,Up,2.0,0.545,,WIN,YES,1.6697247706422016,Up,0xf5bd521512dd412766f550ae1e8f8d30db5df588ef9ff8d1499440619bd0409c,60602935280079916255043191823415262220487984490266646926137579233725156415257
2026-04-24T13:00:02.265947+00:00,2026-04-24T13:13:26.055429+00:00,momentum,"Ethereum Up or Down - April 24, 9:00AM-9:05AM ET",UP,Up,2.0,0.55,,WIN,YES,1.6363636363636362,Up,0x0eb04f47ad6c1dc070fec65878c5a516ff86c876ec42a5482aa6ace3bd25c2dc,1252020466462459005640933637772370146816607497529669646267559684459267394018
2026-04-24T13:05:00.910384+00:00,2026-04-24T13:15:27.180026+00:00,momentum,"Ethereum Up or Down - April 24, 9:05AM-9:10AM ET",DOWN,Down,2.0,0.525,,LOSS,NO,-2.0,Up,0xd50e0bf1db86bf95b7b85e14aa4bba8ae3ea287f18124b943f0f012b2ddac41c,63897446410693171185153620961343733989818576972147216989856244489150704390832
2026-04-24T13:05:00.937232+00:00,2026-04-24T13:15:27.545861+00:00,momentum,"Bitcoin Up or Down - April 24, 9:05AM-9:10AM ET",UP,Up,2.0,0.52,,WIN,YES,1.8461538461538458,Up,0x9cbb3564393b59f95a4845d56f5e47f019dbd0984113a5d4af7bf17ebee23681,86003953496104471337812375072792606668357386548526100909682657682585093607606
2026-04-24T13:05:05.327490+00:00,2026-04-24T13:15:28.092753+00:00,momentum,"Solana Up or Down - April 24, 9:05AM-9:10AM ET",UP,Up,2.0,0.54,,WIN,YES,1.7037037037037033,Up,0x891a0309c64c834d49e164e8a57c0c7954ed75b2f9c07bd8681d8eebc00dda57,74427158762280259037450290102293954281324634047464995291154702765724149093179
2026-04-24T13:05:00.961962+00:00,2026-04-24T13:16:27.397984+00:00,momentum,"XRP Up or Down - April 24, 9:05AM-9:10AM ET",UP,Up,2.0,0.515,,WIN,YES,1.883495145631068,Up,0x17f3a3e084328d002826a752f56f7abdd027d8b3a832a4ca41c971aaff650c4a,95756410101840121651716045722932357848501392241047174231572938915962081651737
2026-04-24T13:10:00.687336+00:00,2026-04-24T13:20:28.529568+00:00,momentum,"XRP Up or Down - April 24, 9:10AM-9:15AM ET",UP,Up,2.0,0.51,,WIN,YES,1.9215686274509802,Up,0x36804d44676e6ed9e13765b0ecce6b5933844f6f8315e19c596b912c3309467d,100964792026122437641762248764280054044934842972826621874107526107622467902207
2026-04-24T13:10:05.944307+00:00,2026-04-24T13:20:28.567651+00:00,momentum,"Solana Up or Down - April 24, 9:10AM-9:15AM ET",UP,Up,2.0,0.53,,LOSS,NO,-2.0,Down,0x09e45712bc9196d22d5059d81764830f3caf1d3e8d2e9e87857a43505696c29e,20197312621848346587372136793864922115138690789883271191159273476641313664743
2026-04-24T13:10:12.799803+00:00,2026-04-24T13:21:28.688393+00:00,momentum,"Bitcoin Up or Down - April 24, 9:10AM-9:15AM ET",UP,Up,2.0,0.54,,LOSS,NO,-2.0,Down,0xab349cece45729cff1bce97a929935ad32b3bf69d74ab29bf2c2238b11ac0958,65546707860107284388078727321819788652379630692716465203966484298976779276828
2026-04-24T13:10:09.131345+00:00,2026-04-24T13:22:29.732973+00:00,momentum,"Ethereum Up or Down - April 24, 9:10AM-9:15AM ET",UP,Up,2.0,0.52,,LOSS,NO,-2.0,Down,0xd96c3792721876272548bc5f931dd69f316466f86c7201858fd2c85e95ae6118,100000841545922174990452581248935018060402807897737158342118173862521045216976
2026-04-24T13:15:02.416047+00:00,2026-04-24T13:23:30.277222+00:00,momentum,"Bitcoin Up or Down - April 24, 9:15AM-9:20AM ET",DOWN,Down,4.0,0.52,,LOSS,NO,-4.0,Up,0x2f893094705dbc4f6784361d9ed105cf1b91042939a67f5d0abb361959a9b87e,30888302651600202101994006127605718705099467971700023723826581045915772408054
2026-04-24T13:15:02.519487+00:00,2026-04-24T13:23:30.524998+00:00,momentum,"XRP Up or Down - April 24, 9:15AM-9:20AM ET",DOWN,Down,2.0,0.55,,LOSS,NO,-2.0,Up,0x84782a69c009c3c26d61662698fff7006036f1047b50e376fa505965eff0aeef,3765140102521766178572886573726088590574350428362545380916242806210086674698
2026-04-24T13:15:02.448191+00:00,2026-04-24T13:24:31.082833+00:00,momentum,"Ethereum Up or Down - April 24, 9:15AM-9:20AM ET",DOWN,Down,4.0,0.51,,LOSS,NO,-4.0,Up,0x0778aaf3b56588177c9a70980bc2f673c83f17368a8ce2944e0cfe4d1876a533,63401055902777247000788230839508144238991589107405969055430958546936528423398
2026-04-24T13:15:02.499267+00:00,2026-04-24T13:25:31.425380+00:00,momentum,"Solana Up or Down - April 24, 9:15AM-9:20AM ET",DOWN,Down,2.0,0.53,,LOSS,NO,-2.0,Up,0x383e951504c5b685d34db94a3674cfc15d35efe79ce3758cc593e64dfd0ac261,78498634250288573639399648553721120113939611427887725968854546945024929250886
2026-04-24T13:20:14.132948+00:00,2026-04-24T13:29:33.457863+00:00,momentum,"Ethereum Up or Down - April 24, 9:20AM-9:25AM ET",UP,Up,8.0,0.54,,LOSS,NO,-8.0,Down,0x4de83a70cd1db5ba64a2ed2841c1745113b6a34fe70e880b9c07857addeb7ab9,1013093751340024767388414140515272874510862989378723205869294374170123133039
2026-04-24T13:20:00.442750+00:00,2026-04-24T13:30:33.616824+00:00,momentum,"Bitcoin Up or Down - April 24, 9:20AM-9:25AM ET",DOWN,Down,8.0,0.515,,WIN,YES,7.533980582524272,Down,0xd4fd1f07a92f6cf080dc4df24a64589103b0ba8fa9b9629fe4b1eb662314e3a8,14112748037219962826149412635144066156007898907924117972033720478031306700724
2026-04-24T13:20:01.841303+00:00,2026-04-24T13:30:33.896977+00:00,momentum,"XRP Up or Down - April 24, 9:20AM-9:25AM ET",DOWN,Down,4.0,0.54,,WIN,YES,3.4074074074074066,Down,0x1cffd74a53797b29fe713b6893c03cb2b475b7fa325384fd81645e1a1e3f2643,87474165694113519486197567270865548557785803484715277016697114085605863754385
2026-04-24T13:20:01.784383+00:00,2026-04-24T13:31:34.550213+00:00,momentum,"Solana Up or Down - April 24, 9:20AM-9:25AM ET",DOWN,Down,4.0,0.55,,WIN,YES,3.2727272727272725,Down,0x3baee3e03c5b032ab085ab6678a4b8294cf8ec7967657eaa45f91857e1e6d090,47274331016506165346471684546351958340797001024991061561605738413133568187479
2026-04-24T13:25:02.255394+00:00,2026-04-24T13:35:35.747262+00:00,momentum,"Ethereum Up or Down - April 24, 9:25AM-9:30AM ET",DOWN,Down,16.0,0.57,,WIN,YES,12.070175438596493,Down,0xac5e2847cbefe1c4813dee3fea100475e345311856c2d9009244d8fea546c374,9327158588115640430153299646591637560597732795261182056228985424410386570305
2026-04-24T13:25:02.293024+00:00,2026-04-24T13:35:35.916382+00:00,momentum,"Bitcoin Up or Down - April 24, 9:25AM-9:30AM ET",DOWN,Down,2.0,0.59,,WIN,YES,1.3898305084745766,Down,0x8e301694ce55b1b686bb47aaefda018c57de3f751d9bcea8661396623106ad35,87564545472972465918682303434650928953918657771285076355262795556985698094219
2026-04-24T13:25:02.316732+00:00,2026-04-24T13:35:36.085768+00:00,momentum,"Solana Up or Down - April 24, 9:25AM-9:30AM ET",DOWN,Down,2.0,0.59,,WIN,YES,1.3898305084745766,Down,0x01eb30128ca4ad7692793c84e01c11c027c5c0504ffda71a30e2bbab1d5f6a49,82011141273755392175156115976161103763536220681865327926265239324149756942929
2026-04-24T13:25:02.347513+00:00,2026-04-24T13:35:36.405737+00:00,momentum,"XRP Up or Down - April 24, 9:25AM-9:30AM ET",DOWN,Down,2.0,0.63,,WIN,YES,1.1746031746031744,Down,0x9d72896c81f81f3b20a9d313803ceda32449a8b532a4ef7c8d8b730899c61a41,29043920321804832622702910001312972489553424470315472970979716237413066702760
2026-04-24T13:30:03.881800+00:00,2026-04-24T13:38:38.862983+00:00,momentum,"Solana Up or Down - April 24, 9:30AM-9:35AM ET",DOWN,Down,2.0,0.6,,WIN,YES,1.3333333333333335,Down,0xd5311ba61e990345b6163932958a07bfe6c3e65f9424b622ea43ccd9be61da07,111794668966553417392078296462641525411834408618723538170285073266857327422193
2026-04-24T13:30:03.909550+00:00,2026-04-24T13:38:38.900233+00:00,momentum,"Ethereum Up or Down - April 24, 9:30AM-9:35AM ET",DOWN,Down,2.0,0.51,,LOSS,NO,-2.0,Up,0xef783cc7cbccc2ab1a43254658e7365db46bd31785370fe3f6f060033035c35e,80104917660321595587763108396123657143278776136250670919633741454869650011328
2026-04-24T13:30:00.499049+00:00,2026-04-24T13:39:38.823761+00:00,momentum,"XRP Up or Down - April 24, 9:30AM-9:35AM ET",DOWN,Down,2.0,0.54,,WIN,YES,1.7037037037037033,Down,0x39f16ac20dd696d3d6065f594a0f7d28e74adcd35564da8cd7cbb0cd8d687994,53939557380065113245171184788036823744079957885252773447678318220577594698064
2026-04-24T13:30:00.473587+00:00,2026-04-24T13:43:41.634739+00:00,momentum,"Bitcoin Up or Down - April 24, 9:30AM-9:35AM ET",UP,Up,2.0,0.51,,WIN,YES,1.9215686274509802,Up,0x6bc9d3eec5f44e6f2d780344d576aee4221cd8dbdc92181ca44a77ae7bbd8811,8684618983875323730707497748719073296384756622348132305363654264096411129206
2026-04-24T13:35:03.307747+00:00,2026-04-24T13:44:41.749730+00:00,momentum,"Ethereum Up or Down - April 24, 9:35AM-9:40AM ET",DOWN,Down,4.0,0.53,,WIN,YES,3.547169811320754,Down,0x2143a21a6aaae172a2ca2e6757d8f7b426069449b0eea47db128c35cf4163bc5,77824883084398165296715069789890737659096301043107677919136719472404247897799
2026-04-24T13:35:06.389869+00:00,2026-04-24T13:45:41.894543+00:00,momentum,"XRP Up or Down - April 24, 9:35AM-9:40AM ET",UP,Up,2.0,0.54,,WIN,YES,1.7037037037037033,Up,0x0c3f9460890d3f52d46b0bf0e03ab0eefe846cbf421f5a395cb6310954fcc473,25380655556849509917045289395102161400951424964890582620198587743822291492988
2026-04-24T13:35:06.410110+00:00,2026-04-24T13:45:42.062421+00:00,momentum,"Solana Up or Down - April 24, 9:35AM-9:40AM ET",DOWN,Down,2.0,0.55,,WIN,YES,1.6363636363636362,Down,0x7c8d9858a8da365eba4d30150e1464e2ace611664475d37a0398c775c56f2948,60755773067414670853785418474330219749400512509551783894698320156866953427052
2026-04-24T13:35:12.724545+00:00,2026-04-24T13:45:42.228945+00:00,momentum,"Bitcoin Up or Down - April 24, 9:35AM-9:40AM ET",DOWN,Down,2.0,0.52,,WIN,YES,1.8461538461538458,Down,0x51ff47871b1d5931ef800a39f98ef1d2866329ee06998c928ba12fcc46c85b35,26825683923718274782293425630399243628967196129497165498727942458646391345161
2026-04-24T13:40:00.730840+00:00,2026-04-24T13:50:43.728157+00:00,momentum,"Solana Up or Down - April 24, 9:40AM-9:45AM ET",UP,Up,2.0,0.54,,LOSS,NO,-2.0,Down,0x1fb15da3bbf0b6223228910e3bae55cbf3c66c3cbd220fbbfaaa2a5f8fd390e1,96155506473999181744979428819679887724527825047046763573904169809074970454228
2026-04-24T13:40:03.979101+00:00,2026-04-24T13:50:43.759734+00:00,momentum,"XRP Up or Down - April 24, 9:40AM-9:45AM ET",UP,Up,2.0,0.6,,LOSS,NO,-2.0,Down,0x36acfa50b8516b0705025f850c9428ab76fb07ee4270ca06eddf891e589fa849,16349468861724147229643021830914460371923834157241115828927506041734290421971
2026-04-24T13:40:04.001970+00:00,2026-04-24T13:51:44.923520+00:00,momentum,"Bitcoin Up or Down - April 24, 9:40AM-9:45AM ET",UP,Up,2.0,0.57,,LOSS,NO,-2.0,Down,0x3ce7f3a3e87ecf095e39069dae757c537a064eeaafb1bcefbc29db3ea5f429ea,95685457829870153110883121126641502170380741224073853247730697705138640658850
2026-04-24T13:40:04.037162+00:00,2026-04-24T13:51:44.957052+00:00,momentum,"Ethereum Up or Down - April 24, 9:40AM-9:45AM ET",UP,Up,2.0,0.57,,LOSS,NO,-2.0,Down,0x1cfd1d402c86eb69d6a198c16c341bda218405f33a72bb9182bbe0af5fa6602e,59243148798589108673878051206230631899448548816836682726390317957163869778360
2026-04-24T13:45:02.750889+00:00,2026-04-24T13:53:45.697968+00:00,momentum,"Ethereum Up or Down - April 24, 9:45AM-9:50AM ET",UP,Up,2.0,0.53,,LOSS,NO,-2.0,Down,0xd0dffb22cc36532aa60f40475dcd72fa9ffa32373b0849c48f52ad71d90f5418,7055770077127574501810496082653576814793837226000850451995513369116315580491
2026-04-24T13:45:09.140463+00:00,2026-04-24T13:53:45.952499+00:00,momentum,"XRP Up or Down - April 24, 9:45AM-9:50AM ET",UP,Up,2.0,0.52,,LOSS,NO,-2.0,Down,0xd49e1fdb25fa430a1f4e17436b9f83e30a53516a6d34bf7e89f5209e7000beb7,42805373031282207872494004156177956595107256072643540881360147128999282206806
2026-04-24T13:45:05.978741+00:00,2026-04-24T13:54:45.975559+00:00,momentum,"Bitcoin Up or Down - April 24, 9:45AM-9:50AM ET",UP,Up,2.0,0.54,,LOSS,NO,-2.0,Down,0x44f643b160300509bcb9329bb13d311094d9d425c72ff49f424f964f5a1df906,4222830348050729161783156750076594089377006577597086562802625390392748876702
2026-04-24T13:45:02.778731+00:00,2026-04-24T13:55:45.943532+00:00,momentum,"Solana Up or Down - April 24, 9:45AM-9:50AM ET",UP,Up,2.0,0.56,,LOSS,NO,-2.0,Down,0x9f7f2a1ac168a5dd5858d723d95c06a132c7ec5620bb8c2e448f612cb27085d4,91261760268492618113351312684776001544062429371284268423895912479645265634321
2026-04-24T13:50:03.136185+00:00,2026-04-24T13:59:47.020674+00:00,momentum,"Bitcoin Up or Down - April 24, 9:50AM-9:55AM ET",UP,Up,4.0,0.51,,LOSS,NO,-4.0,Down,0x5518a0415f8637874a0c10ba21b97e8fd8bd41a0082bf0ab70d7783111056302,76637321325737692753399636170630207479918471164340580439551492585414689861809
2026-04-24T13:50:01.046079+00:00,2026-04-24T14:00:47.165294+00:00,momentum,"XRP Up or Down - April 24, 9:50AM-9:55AM ET",UP,Up,4.0,0.515,,LOSS,NO,-4.0,Down,0x8f71aa350da4cc41dfdbcb6cbea06264810f2e829ac556f46d0971312cfb5f14,18244262740646795108302483111372569838540064067388869811044102730497162309393
2026-04-24T13:50:03.173673+00:00,2026-04-24T14:00:47.365353+00:00,momentum,"Ethereum Up or Down - April 24, 9:50AM-9:55AM ET",UP,Up,4.0,0.54,,LOSS,NO,-4.0,Down,0x3b2c00cb2dba79b00c0b88a9c924dfec966dce36558385c7e2f26e6f975532fa,38959853385449065394936333596840970196273559005021672246480292185365028413783
2026-04-24T13:50:03.155635+00:00,2026-04-24T14:01:47.348931+00:00,momentum,"Solana Up or Down - April 24, 9:50AM-9:55AM ET",UP,Up,4.0,0.56,,LOSS,NO,-4.0,Down,0xcb9f9bca89ea3cdfe3839c354b9b94bb7e9ad3bae311d615dff18121b48b818a,61388106095206300821974304704911422729926983180221734693390413467538459981666
2026-04-24T13:55:02.302376+00:00,2026-04-24T14:06:50.469605+00:00,momentum,"Bitcoin Up or Down - April 24, 9:55AM-10:00AM ET",UP,Up,4.0,0.53,,WIN,YES,3.547169811320754,Up,0x776a76c2a5e219f24eacd9f34d805b2b899a639e92dcd8e422e4434a772f6119,6375187324171174829233916581670305761317140634352168990874410880311326511723
2026-04-24T13:55:02.325919+00:00,2026-04-24T14:06:50.627197+00:00,momentum,"Ethereum Up or Down - April 24, 9:55AM-10:00AM ET",UP,Up,4.0,0.54,,WIN,YES,3.4074074074074066,Up,0x48698ba45267e4beda58d2ed3b4b61572070eb42dd3963a8ea51efc69fc135da,107668701223753181214150710144993245988857551584346506169004021270497685659900
2026-04-24T13:55:02.348715+00:00,2026-04-24T14:06:50.798424+00:00,momentum,"Solana Up or Down - April 24, 9:55AM-10:00AM ET",UP,Up,4.0,0.56,,WIN,YES,3.1428571428571423,Up,0xace2d276eed835ecf78551fefd1b8763fc7be821f011d73997f56a82493450ae,108567702662531189838852126576907666688282801960426999728880079579622072824419
2026-04-24T13:55:02.371030+00:00,2026-04-24T14:06:50.961154+00:00,momentum,"XRP Up or Down - April 24, 9:55AM-10:00AM ET",UP,Up,4.0,0.55,,WIN,YES,3.2727272727272725,Up,0x0f30b18768edebed8d3c22e07d5adc181ed8c719de05756a9a3538c890740b37,91177362333962513959933007206323575051004124462427527336981364540387618046352
2026-04-24T14:00:00.461449+00:00,2026-04-24T14:08:52.379863+00:00,momentum,"Ethereum Up or Down - April 24, 10:00AM-10:05AM ET",UP,Up,2.0,0.52,,LOSS,NO,-2.0,Down,0x4ffc63a1a196c867f6ea9aaf15686c0691e66069fcede2d8b52582db7de41eb3,55220590025818708952746918339479939630464586770092835791365824067311446363785
2026-04-24T14:00:00.494690+00:00,2026-04-24T14:08:52.419927+00:00,momentum,"XRP Up or Down - April 24, 10:00AM-10:05AM ET",UP,Up,2.0,0.52,,LOSS,NO,-2.0,Down,0xf78f5cf60624917270452ae0878746f62f080df794fc49d3493a95cada8acd63,19772315853631747090542239969876060948557958241624725513747712691585849227504
2026-04-24T14:00:03.606706+00:00,2026-04-24T14:08:52.623766+00:00,momentum,"Solana Up or Down - April 24, 10:00AM-10:05AM ET",DOWN,Down,2.0,0.58,,WIN,YES,1.4482758620689657,Down,0x83c8c0536b3c39c4dc924cc7e245ace291f5c67635402fb320e1b56ec0c60737,23509389572478588534292330330211636680585556974605875943953220817471435965841
2026-04-24T14:00:00.433080+00:00,2026-04-24T14:09:52.750503+00:00,momentum,"Bitcoin Up or Down - April 24, 10:00AM-10:05AM ET",UP,Up,2.0,0.51,,LOSS,NO,-2.0,Down,0xbccc0098f148c6c3cbc31397d39fb4e9c32ee588cc7b338e14d2815ecb98b47c,87001866102125622304585991863925163878766205859309226774924419471606034893385
2026-04-24T14:05:09.244549+00:00,2026-04-24T14:14:56.310902+00:00,momentum,"XRP Up or Down - April 24, 10:05AM-10:10AM ET",UP,Up,4.0,0.54,,LOSS,NO,-4.0,Down,0xeae14bc476a5bf9b5c990010cca67120433b34f554d6eb6e25c8d10bac8959f7,56128267432814144728860697533977588190244672676607678121705981034832684386573
2026-04-24T14:05:00.788785+00:00,2026-04-24T14:15:57.018430+00:00,momentum,"Ethereum Up or Down - April 24, 10:05AM-10:10AM ET",UP,Up,2.0,0.515,,WIN,YES,1.883495145631068,Up,0xa41c96e88916abe6677e37eceafd3e3a7b527d120af1f3596da64486eb800327,71046316193115470463260850179345089252341198659981154594234187729571566472308
2026-04-24T14:05:00.827044+00:00,2026-04-24T14:15:57.186233+00:00,momentum,"Bitcoin Up or Down - April 24, 10:05AM-10:10AM ET",UP,Up,2.0,0.515,,WIN,YES,1.883495145631068,Up,0x47974e724add8424e3db9635ff990ab0c766b5445418fcd0e4147bcec31cc7d3,70180792339194566012270094223242443513039940740165024746795626521152095955548
2026-04-24T14:05:02.997015+00:00,2026-04-24T14:15:57.381157+00:00,momentum,"Solana Up or Down - April 24, 10:05AM-10:10AM ET",UP,Up,2.0,0.51,,WIN,YES,1.9215686274509802,Up,0x59cb7dc499e68b6706df3cc61d19e39d95c2a0a443755901e1ec95c13b11d15b,18703410942331973671860386560559091150278612114663003250874682234323949065829
2026-04-24T14:10:02.607716+00:00,2026-04-24T14:20:59.031437+00:00,momentum,"Solana Up or Down - April 24, 10:10AM-10:15AM ET",UP,Up,2.0,0.52,,LOSS,NO,-2.0,Down,0xc9ff5b1ab55b09bc079c5e09b53768adb74ba39d4d0d7be5aab2b0738f8beb6a,76073319112256339075227411082924034343796541518483690742177620772811443602196
2026-04-24T14:10:05.696542+00:00,2026-04-24T14:20:59.183827+00:00,momentum,"Bitcoin Up or Down - April 24, 10:10AM-10:15AM ET",DOWN,Down,2.0,0.54,,WIN,YES,1.7037037037037033,Down,0x2308e3e5c09460763ea96ff380da4254611ff006262babacf31604ad1c3ffafb,12523921049415531767650318208651989803284851442159770595564309025968025912309
2026-04-24T14:10:05.723510+00:00,2026-04-24T14:20:59.214221+00:00,momentum,"XRP Up or Down - April 24, 10:10AM-10:15AM ET",UP,Up,2.0,0.51,,LOSS,NO,-2.0,Down,0x7002fb7874cdc186fdb1c60cc033eb97c0f3e527014a98461f41ae4ed1829eca,40831246768630196665829955479154533447524854532617175053641300106888192795608
2026-04-24T14:10:02.584977+00:00,2026-04-24T14:21:59.642785+00:00,momentum,"Ethereum Up or Down - April 24, 10:10AM-10:15AM ET",DOWN,Down,2.0,0.51,,WIN,YES,1.9215686274509802,Down,0xd962ca4da57b7133ccf43b74ed0d1ea3fa497a685e347c92de9c1c160c9d3906,63434313915655696208646836943438065177129128877058166662005279578528440805457
2026-04-24T14:15:00.861707+00:00,2026-04-24T14:25:01.865332+00:00,momentum,"Ethereum Up or Down - April 24, 10:15AM-10:20AM ET",UP,Up,2.0,0.515,,WIN,YES,1.883495145631068,Up,0xb796807eeec2d95f3f8946516c453bd964e7e2e60514e5741756f9fa419b4043,1994632991544888313624709037412695768252446988531615708081328460843141102311
2026-04-24T14:15:00.886480+00:00,2026-04-24T14:25:02.033262+00:00,momentum,"Solana Up or Down - April 24, 10:15AM-10:20AM ET",UP,Up,4.0,0.51,,WIN,YES,3.8431372549019605,Up,0xee1741c12f7bbbaf4e3f886da2c478cfb190457524fdca7bf635738b5129d066,75220827062808513907467795341742246086668763788352686000044371065145781251450
2026-04-24T14:15:00.910071+00:00,2026-04-24T14:25:02.213603+00:00,momentum,"XRP Up or Down - April 24, 10:15AM-10:20AM ET",UP,Up,4.0,0.51,,WIN,YES,3.8431372549019605,Up,0x98429433fbe0a0daca4ac95f1d916e33e695b1839b9f55ba22ff5f12c2649b34,41533537514730285049408116914131354133581877025417225912578368454906417056012
2026-04-24T14:15:02.003247+00:00,2026-04-24T14:25:02.499728+00:00,momentum,"Bitcoin Up or Down - April 24, 10:15AM-10:20AM ET",UP,Up,2.0,0.52,,WIN,YES,1.8461538461538458,Up,0xf0a475d299184d020cd1386fa699668cf3d3ad77a744236ea6cb7895d8648c01,67585588929876766310410916708036875512053609225901794766621848988096248455486
2026-04-24T14:20:00.812915+00:00,2026-04-24T14:31:05.050305+00:00,momentum,"Solana Up or Down - April 24, 10:20AM-10:25AM ET",UP,Up,2.0,0.51,,LOSS,NO,-2.0,Down,0x9d9db25b3dadf61a62e6cdaeffa5291a95b82b61dd9d94b1ff7184f9bf00a023,115651121371813025349621214750729704427640985516691797986877497794989463108357
2026-04-24T14:20:00.835628+00:00,2026-04-24T14:31:05.084462+00:00,momentum,"Ethereum Up or Down - April 24, 10:20AM-10:25AM ET",UP,Up,2.0,0.525,,LOSS,NO,-2.0,Down,0x42942880be8fe012f9ab694c21450ece08274bac348b226f540c8f5df383a0b1,11292816114770602944322777219986701894055574729726148743982268993381657462455
2026-04-24T14:20:00.855750+00:00,2026-04-24T14:31:05.117583+00:00,momentum,"XRP Up or Down - April 24, 10:20AM-10:25AM ET",UP,Up,2.0,0.51,,LOSS,NO,-2.0,Down,0xdaa97a8497f4fa9d113629b6757e9b7b3f1c72f2b2f425c7c7334753f69d24da,86976250589570543734366533760927351409066464328304598357685907053167255294811
2026-04-24T14:20:05.092484+00:00,2026-04-24T14:31:05.148935+00:00,momentum,"Bitcoin Up or Down - April 24, 10:20AM-10:25AM ET",UP,Up,2.0,0.53,,LOSS,NO,-2.0,Down,0x92dbe3195f3ca46c656be5b5bc9fa721ea3d29e7128902babd3249dcfb306f61,69006391041810665117584184019310759898750798114733473598187595343355991675913
2026-04-24T14:25:07.880728+00:00,2026-04-24T14:35:07.977454+00:00,momentum,"Bitcoin Up or Down - April 24, 10:25AM-10:30AM ET",DOWN,Down,4.0,0.62,,WIN,YES,2.451612903225807,Down,0x0393cb58446ef968f5f41b893364115e3dc9072c04ec5072273f6dd843046186,30899574874520212419152839652577901996845309996136724702453718590029064454037
2026-04-24T14:25:01.627717+00:00,2026-04-24T14:36:07.621284+00:00,momentum,"Ethereum Up or Down - April 24, 10:25AM-10:30AM ET",UP,Up,4.0,0.53,,LOSS,NO,-4.0,Down,0x4fe8921dae3e186c6d524f121667d1c8de361edd01f3e9d6673711ba406c9be8,105069048554184439138657868552558541936387486957162225935954059893929339489952
2026-04-24T14:25:00.469584+00:00,2026-04-24T14:37:08.530885+00:00,momentum,"XRP Up or Down - April 24, 10:25AM-10:30AM ET",UP,Up,4.0,0.51,,LOSS,NO,-4.0,Down,0x6277075d3f76ffb1c46ff4bc4e8ca7ce687c1f5881ae1f34ecf95c20c776c1c8,51232639367600246586275113791737049911293893057975831928714415624996876886501
2026-04-24T14:25:01.651210+00:00,2026-04-24T14:37:08.570334+00:00,momentum,"Solana Up or Down - April 24, 10:25AM-10:30AM ET",UP,Up,4.0,0.55,,LOSS,NO,-4.0,Down,0xc60e1512fc9ea6e2c2b2367bb4524e69d16bb12bb6729ab7e142ec671f44dda1,81139115183530937405812629787603422474242889876201231944272405668696982254275
2026-04-24T14:30:00.297069+00:00,2026-04-24T14:39:08.995164+00:00,momentum,"Ethereum Up or Down - April 24, 10:30AM-10:35AM ET",UP,Up,8.0,0.52,,WIN,YES,7.384615384615383,Up,0x9ffc8933b5cff6f9ed6db6896e7c16c57c034e53ffcabaf9def347c1504b6dd8,50643007739012758001643193871346616853615797234607883018067500156541678500355
2026-04-24T14:30:00.345734+00:00,2026-04-24T14:39:09.160370+00:00,momentum,"Solana Up or Down - April 24, 10:30AM-10:35AM ET",UP,Up,8.0,0.55,,WIN,YES,6.545454545454545,Up,0xcf1a140bfc0e6983457c4281ba5ad6704b5c50862718cfec390e9038d2cd7d39,105908764633235411727911620987512229904637468968240351915899650819368832613887
2026-04-24T14:30:00.380282+00:00,2026-04-24T14:39:09.332134+00:00,momentum,"XRP Up or Down - April 24, 10:30AM-10:35AM ET",UP,Up,8.0,0.54,,WIN,YES,6.814814814814813,Up,0xac521abc538592f1507f37d0ba36cdba91c99d328bc5d3413ceea9bc6eb58249,45580859481542564884984263302065490931217995795549313425395119653495426272923
2026-04-24T14:30:00.260009+00:00,2026-04-24T14:40:08.973311+00:00,momentum,"Bitcoin Up or Down - April 24, 10:30AM-10:35AM ET",UP,Up,2.0,0.59,,WIN,YES,1.3898305084745766,Up,0x15618cd3068f742ed77bad91d6fac8d3e9056bcc86070d0587d774a7b0130998,57669611470827940326569381800531631956296132634999012734722012563914728252979
2026-04-24T14:35:00.713220+00:00,2026-04-24T14:45:12.392963+00:00,momentum,"XRP Up or Down - April 24, 10:35AM-10:40AM ET",UP,Up,2.0,0.51,,WIN,YES,1.9215686274509802,Up,0x953251fdcec4754440daf7d20abaee1baf53c4ad1982c5c32d7c074863759b54,94449925407161591663320852314657045408567250961241905688651224851430585472651
2026-04-24T14:35:16.197920+00:00,2026-04-24T14:45:12.428673+00:00,momentum,"Solana Up or Down - April 24, 10:35AM-10:40AM ET",DOWN,Down,2.0,0.54,,LOSS,NO,-2.0,Up,0x23748603b65716bd8945f0e610e31a92a8fb90856a6027b236ef62ad4af32d7c,51956201649762977402389520905379860808881642464290695345069207309395760684218
2026-04-24T14:35:00.666961+00:00,2026-04-24T14:46:12.718423+00:00,momentum,"Bitcoin Up or Down - April 24, 10:35AM-10:40AM ET",UP,Up,2.0,0.515,,WIN,YES,1.883495145631068,Up,0xe60f4a3126c1635e10e438c451d3916630d357c65b748aa5689f5903d47587ac,44503459161697993931161186145100740293344326650246377493094718227205277795788
2026-04-24T14:35:00.691026+00:00,2026-04-24T14:46:12.863544+00:00,momentum,"Ethereum Up or Down - April 24, 10:35AM-10:40AM ET",UP,Up,2.0,0.515,,WIN,YES,1.883495145631068,Up,0x8a7a63d4a5de99ee890048e144dd95305a2dfd9790476e2ee14bdaae307bc511,27350195572170702019980084835374385163518177732401133531520357019214383467590
2026-04-24T14:40:00.558816+00:00,2026-04-24T14:50:15.827742+00:00,momentum,"XRP Up or Down - April 24, 10:40AM-10:45AM ET",UP,Up,2.0,0.515,,LOSS,NO,-2.0,Down,0xb8fbb7ca4d06fe73fdcb4a9a9d0e7335e999bca68ad4ca72664f4d39c796b82b,69764650689191823222919201512811958091106981422591032215586021137828788632847
2026-04-24T14:40:00.434053+00:00,2026-04-24T14:51:16.391823+00:00,momentum,"Bitcoin Up or Down - April 24, 10:40AM-10:45AM ET",UP,Up,2.0,0.515,,LOSS,NO,-2.0,Down,0x9db438e223f3091c9b5abe5ecb491d97f8f18caa37c2a11b5e059d848aee02b9,56271141223296649458428290889725151899795267131433365785781259474650799371413
2026-04-24T14:40:11.984868+00:00,2026-04-24T14:51:16.570268+00:00,momentum,"Ethereum Up or Down - April 24, 10:40AM-10:45AM ET",UP,Up,2.0,0.53,,WIN,YES,1.773584905660377,Up,0x53486356fd48b920c8100f3776e04290b2a3caa88878c1dc946d0091c81aafdf,51774638609461295251974429789485418016279361165572738632776229385290742515045
2026-04-24T14:40:12.006550+00:00,2026-04-24T14:52:16.932739+00:00,momentum,"Solana Up or Down - April 24, 10:40AM-10:45AM ET",UP,Up,4.0,0.52,,WIN,YES,3.6923076923076916,Up,0x7a6a979d418158cc029081193cf37b49519109e097073725e46664b24ce0a1e3,80390640146656011841766117144311151690616267246056161181262987229023373206910
2026-04-24T14:45:00.558837+00:00,2026-04-24T14:53:17.144651+00:00,momentum,"Bitcoin Up or Down - April 24, 10:45AM-10:50AM ET",UP,Up,4.0,0.51,,LOSS,NO,-4.0,Down,0x016f0d5632b99d98118368f00948bb63e18faf35e4f92645a44166b90da52c9e,7405977044953938575052510795978213298688191235732548613714657319303207398629
2026-04-24T14:45:00.528017+00:00,2026-04-24T14:54:17.739366+00:00,momentum,"Ethereum Up or Down - April 24, 10:45AM-10:50AM ET",DOWN,Down,2.0,0.51,,WIN,YES,1.9215686274509802,Down,0x4faddc870cc6ecc3d5adcad2107cc8b4dd06e5241994ada59d4e0f1c1ecd2430,15870053498887684001048307530545059804320438865835098827257894618272626330659
2026-04-24T14:45:00.583438+00:00,2026-04-24T14:54:17.889315+00:00,momentum,"Solana Up or Down - April 24, 10:45AM-10:50AM ET",DOWN,Down,2.0,0.54,,WIN,YES,1.7037037037037033,Down,0xb86ff173d46fca4b854c9426c131387d963c4445d52cc13867230fb9f8722c20,24790493083397117327254093509695203109692117897222444411985350845153452971395
2026-04-24T14:45:00.604831+00:00,2026-04-24T14:54:18.048837+00:00,momentum,"XRP Up or Down - April 24, 10:45AM-10:50AM ET",DOWN,Down,4.0,0.54,,WIN,YES,3.4074074074074066,Down,0x2fa19b5e2118985e606038c8b1f731ae22529db2bc512a2f98090f2a16537542,66830358752285142422354263941095308941984931720564531746116424985990295090451
2026-04-24T14:50:00.909072+00:00,2026-04-24T14:59:21.656426+00:00,momentum,"XRP Up or Down - April 24, 10:50AM-10:55AM ET",DOWN,Down,2.0,0.52,,WIN,YES,1.8461538461538458,Down,0x3df2c027bcf0bc54a68304a5e14dfde34042f75db31179f271be1b29280d9649,23543928840128908198867680753029888106433387648976137595191668116338208698979
2026-04-24T14:50:00.930357+00:00,2026-04-24T14:59:21.906679+00:00,momentum,"Solana Up or Down - April 24, 10:50AM-10:55AM ET",DOWN,Down,2.0,0.56,,WIN,YES,1.5714285714285712,Down,0x26d8bef78c4f7c19aa0ba01b9391a962e842f6a70aa13562ba541277dd826bce,104468768194071822456501767238935397494645597914946210759134735301864054872849
2026-04-24T14:50:00.886488+00:00,2026-04-24T15:00:22.205659+00:00,momentum,"Bitcoin Up or Down - April 24, 10:50AM-10:55AM ET",DOWN,Down,8.0,0.54,,LOSS,NO,-8.0,Up,0x8a25f1c03a6c13bc994a48b2914ddbeb472d224304cbe0c8686bc4e30fef61fa,86568142410530739874609738325127454180702906862639757603798154955098626358466
2026-04-24T14:50:04.133859+00:00,2026-04-24T15:01:23.597026+00:00,momentum,"Ethereum Up or Down - April 24, 10:50AM-10:55AM ET",DOWN,Down,2.0,0.52,,WIN,YES,1.8461538461538458,Down,0x18cb6b575000f6a376cf7de4ccd13f89b703a4f0cb7dcc7519b8dc1c680a4b1f,64756924743037611818798993902523638145165425267936546041772782309919855408907
2026-04-24T14:55:06.852392+00:00,2026-04-24T15:05:26.322327+00:00,momentum,"Ethereum Up or Down - April 24, 10:55AM-11:00AM ET",UP,Up,2.0,0.58,,LOSS,NO,-2.0,Down,0x608486581cbc3e7b7dc9b8ca14a7aa7e5d9312eb43c9d40ea33241ccfd490f9e,31216442673679221891589944602274489815926510730159037125786492556001973672697
2026-04-24T14:55:00.995342+00:00,2026-04-24T15:06:27.359276+00:00,momentum,"XRP Up or Down - April 24, 10:55AM-11:00AM ET",DOWN,Down,2.0,0.51,,WIN,YES,1.9215686274509802,Down,0xe3f9cfd90202d4e31b65876439ab7dbd50d7059f2dbee3eadcdf0a5cdc0bbec7,54928170072497902816412823651907828573790291554142626810371090619575003680475
2026-04-24T14:55:06.806826+00:00,2026-04-24T15:06:27.635583+00:00,momentum,"Bitcoin Up or Down - April 24, 10:55AM-11:00AM ET",UP,Up,16.0,0.58,,WIN,YES,11.586206896551726,Up,0x09760c6017bf80a6d9e88616c0b27cbb8ff4ad806e3154d2245a32a5bff7eaa7,18481162077688278531000766937392320102012981067808493736443187689214115892757
2026-04-24T14:55:03.113015+00:00,2026-04-24T15:07:26.699791+00:00,momentum,"Solana Up or Down - April 24, 10:55AM-11:00AM ET",UP,Up,2.0,0.57,,WIN,YES,1.5087719298245617,Up,0x15dbdb6ed69d29b8ee5b25d737237080ef0e0e0ca34540ad6a684387f27a362a,62414364205481338265314843236012137375965142917323313998698833112926417468448
2026-04-24T15:00:01.270057+00:00,2026-04-24T15:11:28.676525+00:00,momentum,"Ethereum Up or Down - April 24, 11:00AM-11:05AM ET",UP,Up,4.0,0.52,,LOSS,NO,-4.0,Down,0x8c293b69741618a309c129f7a325e2a948d134d2c7411f436de041ba52a6d714,114652775206331098069330972555554585552421430137839506965421861008545359185954
2026-04-24T15:00:07.511762+00:00,2026-04-24T15:12:30.340772+00:00,momentum,"XRP Up or Down - April 24, 11:00AM-11:05AM ET",DOWN,Down,2.0,0.51,,WIN,YES,1.9215686274509802,Down,0x55792bc30fa960a7030fb73cb9910e76d27c09ed010acf3b0f0b659b7a672cc1,84013440499306980387500522017691942109714766112198370573429746800138118386190
2026-04-24T15:00:01.308986+00:00,2026-04-24T15:13:30.013255+00:00,momentum,"Bitcoin Up or Down - April 24, 11:00AM-11:05AM ET",UP,Up,2.0,0.54,,LOSS,NO,-2.0,Down,0x9026c2b26feedb72dc3ec171dcfdeb675fbd7c4504ada18ef1bc459f8d2cb8b1,54949529755574971642848741951174697344414940389244868142351486937971230823833
2026-04-24T15:00:04.422525+00:00,2026-04-24T15:13:30.064616+00:00,momentum,"Solana Up or Down - April 24, 11:00AM-11:05AM ET",UP,Up,2.0,0.51,,LOSS,NO,-2.0,Down,0x91609c52a8f7c57aeb0ddff835b436e4b3b879088a1b338c1a9dbcd537943aa6,21721660780408997560601770043298760921912754365485868500956651125332854500897
2026-04-24T15:05:02.662518+00:00,2026-04-24T15:14:30.988816+00:00,momentum,"Solana Up or Down - April 24, 11:05AM-11:10AM ET",UP,Up,4.0,0.54,,LOSS,NO,-4.0,Down,0x13995079439da2bb5b0645cc374f87bd702be99dd2648661eea33f981251b79d,35706190966499475399079060926827573888277262206281663008995696480942429210009
2026-04-24T15:05:02.709432+00:00,2026-04-24T15:15:31.826559+00:00,momentum,"Bitcoin Up or Down - April 24, 11:05AM-11:10AM ET",DOWN,Down,4.0,0.54,,WIN,YES,3.4074074074074066,Down,0x442694e848c983bb06bc668f556d337659df00f4f4664f6e75b6eb508ea11e39,70759505129290039617058391136094865260100860749708725178742870180518961150221
2026-04-24T15:05:02.685669+00:00,2026-04-24T15:16:32.820734+00:00,momentum,"Ethereum Up or Down - April 24, 11:05AM-11:10AM ET",DOWN,Down,8.0,0.59,,WIN,YES,5.559322033898306,Down,0x039a36d239c88d363a52707d97b5396264f39786fb91d40852ae0a98f9a313ca,55910638148043684432194794260385338457157873507887426672398794895365454463745
2026-04-24T15:05:05.799254+00:00,2026-04-24T15:16:32.967650+00:00,momentum,"XRP Up or Down - April 24, 11:05AM-11:10AM ET",DOWN,Down,2.0,0.62,,WIN,YES,1.2258064516129035,Down,0x3d4af88baa681a275a81fa2a5137a1c9801ceb7df9cc9557a0a327fb98580744,11346209796384614546144788947223382312435470638684267037093996274397119631852
2026-04-24T15:10:00.366761+00:00,2026-04-24T15:21:35.284125+00:00,momentum,"Solana Up or Down - April 24, 11:10AM-11:15AM ET",UP,Up,8.0,0.51,,WIN,YES,7.686274509803921,Up,0x4360eda9059a7bfd2df9e4f854a5a821bd7fcfd8e4a57c92c7a86bb707457627,10886328480238694478953559881768919060473146690005650077491512037605093622755
2026-04-24T15:10:00.421048+00:00,2026-04-24T15:21:35.437591+00:00,momentum,"XRP Up or Down - April 24, 11:10AM-11:15AM ET",DOWN,Down,2.0,0.54,,LOSS,NO,-2.0,Up,0x9203090adea7c408323907db3bd02d584d2e00eff0a77813d8724be1c43929d6,24625882684563856139911528719866171229169612061785126658799254823727211708967
2026-04-24T15:10:00.451002+00:00,2026-04-24T15:21:35.589652+00:00,momentum,"Ethereum Up or Down - April 24, 11:10AM-11:15AM ET",UP,Up,2.0,0.54,,WIN,YES,1.7037037037037033,Up,0x5e278e5b3ba07084bebad64b63087b6562cb0c1e608cb3a5f89ec2dedebbb30f,6517662890923265750344450914270330496669963617769455978641950975443018720393
2026-04-24T15:10:00.397947+00:00,2026-04-24T15:22:36.270096+00:00,momentum,"Bitcoin Up or Down - April 24, 11:10AM-11:15AM ET",UP,Up,2.0,0.54,,WIN,YES,1.7037037037037033,Up,0xb764ec61ae5c1da3ee18d3e5143ed102b82edc71d176f805edad622a4d9c1003,105612076845764714316209127532788308858994787302824007862608825337633569482304
2026-04-24T15:15:00.588140+00:00,2026-04-24T15:23:36.729248+00:00,momentum,"Ethereum Up or Down - April 24, 11:15AM-11:20AM ET",UP,Up,2.0,0.525,,LOSS,NO,-2.0,Down,0x1fb89aee05e31b51c59784531ee296a86b151cbe638c0810f2a12c3555122745,54847467321606556883929072559166206310370520766905018478523358742769096027570
2026-04-24T15:15:01.817572+00:00,2026-04-24T15:23:36.945076+00:00,momentum,"Solana Up or Down - April 24, 11:15AM-11:20AM ET",UP,Up,2.0,0.58,,LOSS,NO,-2.0,Down,0x6ee237fa9a8312026711860a789e512b7e7fd94605f1ad2214e667ae1d2b3c1b,93863766753903139066933141262832185941033062218402940863070324225065912959182
2026-04-24T15:15:01.846329+00:00,2026-04-24T15:23:36.978192+00:00,momentum,"Bitcoin Up or Down - April 24, 11:15AM-11:20AM ET",UP,Up,2.0,0.55,,LOSS,NO,-2.0,Down,0x6f7cd9aedab5310f571fd5f08fbc9a1fc6ad0f59b478eee0ce4bc25e4927f552,59297171790173858575405259771808032382983859335628269677277720825352669402066
2026-04-24T15:15:00.621429+00:00,2026-04-24T15:24:36.985421+00:00,momentum,"XRP Up or Down - April 24, 11:15AM-11:20AM ET",UP,Up,4.0,0.515,,LOSS,NO,-4.0,Down,0xe351a4339ce560651ecea4584554259e44d3cc5b94aef79a304cb2a8f3f2f4fa,62368922278576924721014226049166451915729818142680600054826163596163411392004
2026-04-24T15:20:01.684791+00:00,2026-04-24T15:29:39.792880+00:00,momentum,"Solana Up or Down - April 24, 11:20AM-11:25AM ET",UP,Up,4.0,0.54,,WIN,YES,3.4074074074074066,Up,0x0046c28fad83bd2cff27964b77eb27c3c37866ae97e051f797b29ae732524072,112815338340691401534725032031121663657360257071604746836788129974811176302409
2026-04-24T15:20:00.499212+00:00,2026-04-24T15:30:40.164547+00:00,momentum,"XRP Up or Down - April 24, 11:20AM-11:25AM ET",UP,Up,8.0,0.515,,WIN,YES,7.533980582524272,Up,0xf3de0c8a8ce611895ede4a6370bef5b1cd571c52c9f039fa03c15fa293800ec3,46538169057535147924435025184307530931101639599189297452964911793244263217010
2026-04-24T15:20:00.529241+00:00,2026-04-24T15:30:40.324528+00:00,momentum,"Bitcoin Up or Down - April 24, 11:20AM-11:25AM ET",UP,Up,4.0,0.515,,WIN,YES,3.766990291262136,Up,0xdfee7064e01b6cd9dfb8c175b7ccb34912741a04f74632ae185fcf4f1d1fa0ae,39304707092930342181079250233815303387958691975081893837696261068927497950735
2026-04-24T15:20:00.560918+00:00,2026-04-24T15:30:40.464473+00:00,momentum,"Ethereum Up or Down - April 24, 11:20AM-11:25AM ET",UP,Up,4.0,0.51,,WIN,YES,3.8431372549019605,Up,0x849304664b9937568b573b6e6b8468dc91ca124d42da43b91d68c952b5b023d0,47985615620302817913732357543732436068892823978660955659203965968552427133949
2026-04-24T15:25:00.572601+00:00,2026-04-24T15:35:43.977087+00:00,momentum,"XRP Up or Down - April 24, 11:25AM-11:30AM ET",UP,Up,2.0,0.51,,WIN,YES,1.9215686274509802,Up,0x754a9991e7521d63de3d288026fdcd7b33f2be5df8db5b1afa573d844cb3fbbf,62953332272219283321015182288139238053684920951118239515822821776196104782420
2026-04-24T15:25:05.053806+00:00,2026-04-24T15:35:44.152245+00:00,momentum,"Solana Up or Down - April 24, 11:25AM-11:30AM ET",UP,Up,2.0,0.58,,WIN,YES,1.4482758620689657,Up,0x6f94816da762b9913a806beebe94cbc75b7e0be69d13f2c8339b1051677d9973,41695113078645496142159764065904005177854683624072974795103967815735373554752
2026-04-24T15:25:00.548391+00:00,2026-04-24T15:36:44.417364+00:00,momentum,"Bitcoin Up or Down - April 24, 11:25AM-11:30AM ET",UP,Up,2.0,0.515,,WIN,YES,1.883495145631068,Up,0xda836a4e89dcdd23a8c0453112946c8fc26e8a4e5eef573bb73d69206f0b55e5,61099802890789802318641175032800116042086741550089363338662007609106189639343
2026-04-24T15:25:17.575583+00:00,2026-04-24T15:36:44.575153+00:00,momentum,"Ethereum Up or Down - April 24, 11:25AM-11:30AM ET",DOWN,Down,2.0,0.51,,WIN,YES,1.9215686274509802,Down,0xfd0e169a4e92c97d12ba5993097931acd61856e5c50f0a4610316153c8f11d6b,29104103058141715339143498170969814959965336039192043169631935323160802803401
2026-04-24T15:30:08.063125+00:00,2026-04-24T15:38:45.878383+00:00,momentum,"Solana Up or Down - April 24, 11:30AM-11:35AM ET",UP,Up,2.0,0.65,,WIN,YES,1.0769230769230766,Up,0xfd319adc6654d7780bdadfe0d583865de68898539f7bea708f1cf3c3d3ff52f8,92613471315375294909965648072671157905191982261318458963528922245576530138797
2026-04-24T15:30:08.085388+00:00,2026-04-24T15:38:45.913611+00:00,momentum,"XRP Up or Down - April 24, 11:30AM-11:35AM ET",UP,Up,2.0,0.56,,LOSS,NO,-2.0,Down,0xe5dd0832505e355177a2f495e71be10ba4ae9e6abe86c0039ad7f4b2d0c28b75,8477143475226615438729943710222103867189565651528932402145991509669317638678
2026-04-24T15:30:01.837575+00:00,2026-04-24T15:39:46.184966+00:00,momentum,"Bitcoin Up or Down - April 24, 11:30AM-11:35AM ET",UP,Up,2.0,0.52,,WIN,YES,1.8461538461538458,Up,0xd5736117ce47023210e3847d59ce412f4029c45df1c5fead37dfdbf322a5d857,92806440217456129251693664603264976223659409914973347704201808546647025191484
2026-04-24T15:30:04.950376+00:00,2026-04-24T15:39:46.394340+00:00,momentum,"Ethereum Up or Down - April 24, 11:30AM-11:35AM ET",UP,Up,2.0,0.58,,WIN,YES,1.4482758620689657,Up,0xf3ea2fa3c8dc35ef6882a7528267e63877703aa3a1d7172eb14027639e6ab342,68631761377918859958208312135122138081211032881581761707333927714598615969400
2026-04-24T15:35:01.086608+00:00,2026-04-24T15:44:48.742750+00:00,momentum,"XRP Up or Down - April 24, 11:35AM-11:40AM ET",DOWN,Down,4.0,0.515,,LOSS,NO,-4.0,Up,0x584b16d912b67d5493bc24b6fdb50d386e6df18ae2fc226c79c18ee9e4cd784f,80946863557403993835076795413109874188088695495921163089958957632701077247263
2026-04-24T15:35:03.598630+00:00,2026-04-24T15:44:49.009334+00:00,momentum,"Ethereum Up or Down - April 24, 11:35AM-11:40AM ET",DOWN,Down,2.0,0.52,,WIN,YES,1.8461538461538458,Down,0xe71181d0b5a2827877421963f2f1d71c60de900afc1e61ae8c31b528406edb2f,90963247294064916239750776905295348096222581838647608195154691017678629774775
2026-04-24T15:35:06.905420+00:00,2026-04-24T15:44:49.045379+00:00,momentum,"Solana Up or Down - April 24, 11:35AM-11:40AM ET",UP,Up,2.0,0.55,,LOSS,NO,-2.0,Down,0x73e53a20985533c4a1736f959a75a3c0263c00b3a3b023a17957e4d20139bcbd,65136623961778850667896944587097014685556786148623286924743897243263370472788
2026-04-24T15:35:03.529647+00:00,2026-04-24T15:45:49.575910+00:00,momentum,"Bitcoin Up or Down - April 24, 11:35AM-11:40AM ET",DOWN,Down,2.0,0.56,,WIN,YES,1.5714285714285712,Down,0x7ef3dbcaabab7f1d364b5306c77f0d6d8eefb7580a92bb249024b546fdbdb82f,77986989257152939481738648717502511051121500643968437074133053563956189324801
2026-04-24T15:40:08.558620+00:00,2026-04-24T15:50:53.140278+00:00,momentum,"Bitcoin Up or Down - April 24, 11:40AM-11:45AM ET",UP,Up,2.0,0.61,,WIN,YES,1.278688524590164,Up,0x4cb8e4368d08981191bfad3d7f020abc92bf6ea0d5293f37c8d7850353e688b3,8832068151465711775887722539766701412525710848103616173578764948270047911764
2026-04-24T15:40:08.682845+00:00,2026-04-24T15:50:53.359296+00:00,momentum,"Solana Up or Down - April 24, 11:40AM-11:45AM ET",UP,Up,4.0,0.66,,WIN,YES,2.0606060606060606,Up,0x1cd03e0ff455b303aeda565293597ce9c7511f767edd91225e595167bd7a199d,4406029915786472464853650390237830801135833425919699261323096006405449142368
2026-04-24T15:40:08.782528+00:00,2026-04-24T15:50:53.556693+00:00,momentum,"XRP Up or Down - April 24, 11:40AM-11:45AM ET",UP,Up,2.0,0.63,,WIN,YES,1.1746031746031744,Up,0x8c7aced72014592085178686cc8c142ad5b473d73a832f72cd7ae1e9ea2b9f47,114028756621563645704893841918123243058322784650955726421924204190262346658657
2026-04-24T15:40:02.039309+00:00,2026-04-24T15:51:53.510204+00:00,momentum,"Ethereum Up or Down - April 24, 11:40AM-11:45AM ET",UP,Up,2.0,0.52,,WIN,YES,1.8461538461538458,Up,0x5ff45ee7246beda82a31ca0f22345fa72dabe91128e5031e7031401cc601c3c2,98469580689660115530840496963279130697974619218355944096843736029183793736634
2026-04-24T15:45:00.622375+00:00,2026-04-24T15:54:55.271186+00:00,momentum,"Solana Up or Down - April 24, 11:45AM-11:50AM ET",DOWN,Down,2.0,0.515,,WIN,YES,1.883495145631068,Down,0xe784b7b454ef3f128e6193ad9b7408906921f4a04a9643c441b63883d6244c99,24063096700882500353185540444773372267175493346138879400600379868843110978502
2026-04-24T15:45:00.653081+00:00,2026-04-24T15:54:55.304074+00:00,momentum,"XRP Up or Down - April 24, 11:45AM-11:50AM ET",DOWN,Down,2.0,0.515,,LOSS,NO,-2.0,Up,0x294b12290ee3795eb633b770e26f111c48ad46e7c554e6a65ecdb9b740d25f80,84023521859558528770792502893307595528798421519331742202568953295227302085919
2026-04-24T15:45:02.788534+00:00,2026-04-24T15:54:55.337909+00:00,momentum,"Bitcoin Up or Down - April 24, 11:45AM-11:50AM ET",UP,Up,2.0,0.52,,LOSS,NO,-2.0,Down,0xe475e53bbeba1cb874482f71629948e7db1be4fce5d3b3a2334217f05bc32fd6,90170225415989310443161174445508951893421235497021768347410428761955912374855
2026-04-24T15:45:02.833647+00:00,2026-04-24T15:54:55.502492+00:00,momentum,"Ethereum Up or Down - April 24, 11:45AM-11:50AM ET",DOWN,Down,2.0,0.51,,WIN,YES,1.9215686274509802,Down,0x70cb15d274816b28dd5e6058d985fbe2c5328eefc358c854e99bead9ee112b08,27591653855471454580919058815573657122399584590277148755955446647660987317439
2026-04-24T15:50:00.551145+00:00,2026-04-24T15:59:58.001019+00:00,momentum,"Ethereum Up or Down - April 24, 11:50AM-11:55AM ET",DOWN,Down,2.0,0.52,,WIN,YES,1.8461538461538458,Down,0x3cad5bcbfc35068bc46808d51be9cf4709a8d52f7bd88c7a04eea07ba7a49c6d,84075390617168189435829225906073468507686596634623534668686493394507529699124
2026-04-24T15:50:07.021752+00:00,2026-04-24T15:59:58.366334+00:00,momentum,"Bitcoin Up or Down - April 24, 11:50AM-11:55AM ET",UP,Up,4.0,0.54,,WIN,YES,3.4074074074074066,Up,0xa202ddda582e31866ec72f54be4b8551082a87646d3312389df35f764e51c17b,92570361755928989129990788953897122811278257402299492364339864881489261865420
2026-04-24T15:50:00.583287+00:00,2026-04-24T16:00:57.946876+00:00,momentum,"XRP Up or Down - April 24, 11:50AM-11:55AM ET",DOWN,Down,4.0,0.53,,LOSS,NO,-4.0,Up,0x87b2e91bc858a5f176a2c59947c4f97a1ac160934c52da40b00f2f53f45336bf,101602692259261226317672596404196465026398213214349180423407057659001700005369
2026-04-24T15:50:00.612977+00:00,2026-04-24T16:00:57.983481+00:00,momentum,"Solana Up or Down - April 24, 11:50AM-11:55AM ET",DOWN,Down,2.0,0.52,,LOSS,NO,-2.0,Up,0xbacdefe93b09d71ff217458597081da76e1ad3b6f0521dfcf522e10d439be77e,80033130242018957767666478784488598207023362150231552651082630291912556655298
2026-04-24T15:55:01.179136+00:00,2026-04-24T16:06:01.156552+00:00,momentum,"XRP Up or Down - April 24, 11:55AM-12:00PM ET",DOWN,Down,8.0,0.53,,LOSS,NO,-8.0,Up,0x63ab4c3909a4df104860449b02a42d8f673326be401d5a24712a34c7ff8c57dd,37133084237775392783463635960314516574826357582407442279762807140136561613791
2026-04-24T15:55:01.110343+00:00,2026-04-24T16:07:01.959724+00:00,momentum,"Bitcoin Up or Down - April 24, 11:55AM-12:00PM ET",UP,Up,2.0,0.51,,WIN,YES,1.9215686274509802,Up,0x8e224f8e33e5020064fcac7c65c46d2c6fce0ffa3e1a07eee9331698e8c3d903,72355122639363491776595841332477931214953413047508068988116313212771674446781
2026-04-24T15:55:01.141928+00:00,2026-04-24T16:07:02.000938+00:00,momentum,"Solana Up or Down - April 24, 11:55AM-12:00PM ET",DOWN,Down,4.0,0.52,,LOSS,NO,-4.0,Up,0x60ffa660b00e6b2b07248ac47f827751ded499c94595531c0e97b0f82cc0de1d,62328002274435237088386200424980552629213242392327210612906681476865580123950
2026-04-24T15:55:01.232934+00:00,2026-04-24T16:07:02.064274+00:00,momentum,"Ethereum Up or Down - April 24, 11:55AM-12:00PM ET",DOWN,Down,2.0,0.51,,LOSS,NO,-2.0,Up,0xb8ddad876e2a42f7c315611f4b27437f6222885236208759548f01fc0aa6ce33,29159812336731595552084344790055622564007354488256226167147023740312713318439
2026-04-24T16:00:00.942679+00:00,2026-04-24T16:08:02.380018+00:00,momentum,"Bitcoin Up or Down - April 24, 12:00PM-12:05PM ET",UP,Up,2.0,0.54,,LOSS,NO,-2.0,Down,0x4d01b4681fc97427d36f2d5f27a6a15ab3334475d32b5c4e29cb7828d1956d29,59975263696252095234534679602859471535980491064337108299414701520827821005298
2026-04-24T16:00:01.041756+00:00,2026-04-24T16:09:03.499239+00:00,momentum,"XRP Up or Down - April 24, 12:00PM-12:05PM ET",DOWN,Down,16.0,0.53,,WIN,YES,14.188679245283016,Down,0x36a3cf279f1373337f43a8b031addfe000f16bf6c9de50f4ec4d4171e6bbbea3,110858981349608490774547126617314575822825797737822038110575123590349370419168
2026-04-24T16:00:00.971112+00:00,2026-04-24T16:10:03.972835+00:00,momentum,"Solana Up or Down - April 24, 12:00PM-12:05PM ET",DOWN,Down,8.0,0.52,,WIN,YES,7.384615384615383,Down,0x2c97bef08115be1b01908f7dafe6402938a31cb17aa95a4cacbb06c81c4fab62,22826412611924490159619407358436681604128586474472081584696949676457701525302
2026-04-24T16:00:01.008894+00:00,2026-04-24T16:10:04.168494+00:00,momentum,"Ethereum Up or Down - April 24, 12:00PM-12:05PM ET",DOWN,Down,4.0,0.53,,WIN,YES,3.547169811320754,Down,0x384ee363ab40c071589b6024ab461fb74f248393a0ae67c29719885d7086df82,108699145768686444446803327250007635411097577239964432601985964345261496438
2026-04-24T16:05:02.179364+00:00,2026-04-24T16:15:07.096443+00:00,momentum,"XRP Up or Down - April 24, 12:05PM-12:10PM ET",DOWN,Down,2.0,0.52,,WIN,YES,1.8461538461538458,Down,0xe6e524a55a699df037fd69212a9dfba425be36a1de4138561da433f4954783c6,67645366323306652103548886661269037853489943120932788320472620479150428473646
2026-04-24T16:05:05.400222+00:00,2026-04-24T16:15:07.270716+00:00,momentum,"Ethereum Up or Down - April 24, 12:05PM-12:10PM ET",DOWN,Down,2.0,0.52,,WIN,YES,1.8461538461538458,Down,0x094a6784106cfee229b3b8870f0565851cf1a751a5ee5a20e7b6e70c4e2e375e,76912097933130801532402809366356949570537673043733256470171671052289003145116
2026-04-24T16:05:11.623041+00:00,2026-04-24T16:15:07.306779+00:00,momentum,"Bitcoin Up or Down - April 24, 12:05PM-12:10PM ET",UP,Up,4.0,0.51,,LOSS,NO,-4.0,Down,0x9b8174c251e483c2a0e91c79fb74bb51e658479853906bb3c217fbe998aec601,61444107626076892888270381286897220612986737390248064490904809540896900202819
2026-04-24T16:05:02.155240+00:00,2026-04-24T16:16:07.166096+00:00,momentum,"Solana Up or Down - April 24, 12:05PM-12:10PM ET",DOWN,Down,2.0,0.52,,WIN,YES,1.8461538461538458,Down,0xafd628e628f7c1bb9ec3a5eb3b292e039e93a3ef2f7fbcee3d9730250d9976ec,105944595131413693181557553544288015878047438548858719822514113699098318475703
2026-04-24T16:10:00.508520+00:00,2026-04-24T16:21:09.578516+00:00,momentum,"Solana Up or Down - April 24, 12:10PM-12:15PM ET",DOWN,Down,2.0,0.52,,WIN,YES,1.8461538461538458,Down,0x028f004bd987d69a8fdf2c855900deab43aff4a9b5cbf356e17c0dfdf927e1c9,79524315319727517229762376043620393632261880508296358872773270738020677929793
2026-04-24T16:10:00.542440+00:00,2026-04-24T16:21:09.716100+00:00,momentum,"XRP Up or Down - April 24, 12:10PM-12:15PM ET",DOWN,Down,2.0,0.52,,WIN,YES,1.8461538461538458,Down,0x65b58f11cb1def0938d749466bb4df9894f9fd3ea6ca55cb4acd9b4c9ad85494,64763671446405728754094749228318011245554238348208598922255979121627780078532
2026-04-24T16:10:00.453360+00:00,2026-04-24T16:22:09.957051+00:00,momentum,"Bitcoin Up or Down - April 24, 12:10PM-12:15PM ET",UP,Up,8.0,0.52,,LOSS,NO,-8.0,Down,0x79b63097e6d5e3b39504332ed61d7a1e4a542e256c3d64085eadd2425566c2ea,28561259411005257337883805305228924861742748250570570164193060066511079617614
2026-04-24T16:10:03.658914+00:00,2026-04-24T16:22:09.994109+00:00,momentum,"Ethereum Up or Down - April 24, 12:10PM-12:15PM ET",UP,Up,2.0,0.55,,LOSS,NO,-2.0,Down,0x7163850c3ee585ddcfe82458018bbe744081c0c54ae4a6bc5a0d3acd73f68c2b,5357114714566823984443937264932395922817908169688242160093636477175909463895
2026-04-24T16:15:00.384273+00:00,2026-04-24T16:24:11.991475+00:00,momentum,"Bitcoin Up or Down - April 24, 12:15PM-12:20PM ET",UP,Up,16.0,0.53,,LOSS,NO,-16.0,Down,0x128fb61e9006caef27201e8e09ca611a77c4764fc277379fd28920b625dd59d1,76852112775640573653932338622082445014593147322502361417220627201092919161681
2026-04-24T16:15:00.422654+00:00,2026-04-24T16:24:12.169941+00:00,momentum,"Solana Up or Down - April 24, 12:15PM-12:20PM ET",DOWN,Down,2.0,0.53,,WIN,YES,1.773584905660377,Down,0xa7c188fa3c55ac0ff94377660521b964af4967e35ef357967bca912ca6efd668,49290273254892185789347511911419572933514274969987859099930305200331932369750
2026-04-24T16:15:03.519950+00:00,2026-04-24T16:24:12.315345+00:00,momentum,"XRP Up or Down - April 24, 12:15PM-12:20PM ET",DOWN,Down,2.0,0.55,,WIN,YES,1.6363636363636362,Down,0x122a1df7cbe66832524a94b1789b1a25bc88aed0db22ee4081474fcb50dc50ce,27335510357841481625925565156873353507257817824592949843447917796396882190114
2026-04-24T16:15:06.779836+00:00,2026-04-24T16:24:12.462621+00:00,momentum,"Ethereum Up or Down - April 24, 12:15PM-12:20PM ET",DOWN,Down,4.0,0.61,,WIN,YES,2.557377049180328,Down,0xf772418d7a239f8a9b495873d9b23c94f0eb5e203094096d42d29f6a3020882f,25277136530643970923410604608542875972831989147670665759460744577031667665157
2026-04-24T16:20:00.657408+00:00,2026-04-24T16:30:15.101391+00:00,momentum,"Ethereum Up or Down - April 24, 12:20PM-12:25PM ET",UP,Up,2.0,0.52,,WIN,YES,1.8461538461538458,Up,0xfe711bd7e8400154b2c83182b8e5352f973fd2400bc4d722b68f920ec40afd93,20341706951348857468675653447112930467427399586685679029214350263921542055499
2026-04-24T16:20:03.859573+00:00,2026-04-24T16:30:15.365355+00:00,momentum,"Solana Up or Down - April 24, 12:20PM-12:25PM ET",UP,Up,2.0,0.52,,WIN,YES,1.8461538461538458,Up,0x3f7cf74aaef4d45bfebf9a45bee9a05aa076d12445320582404ea3c1263260e4,109538991558098279683557110358437657137885249790796397233074814689690699070312
2026-04-24T16:20:21.003579+00:00,2026-04-24T16:30:15.524072+00:00,momentum,"XRP Up or Down - April 24, 12:20PM-12:25PM ET",UP,Up,2.0,0.53,,WIN,YES,1.773584905660377,Up,0xef9cc05457cd3f80746b062c20756126935b584ac088db4262068bd7b8b3ec65,60876282228949546373255579741807764314199784934076558984541044218474018162319
2026-04-24T16:20:00.681880+00:00,2026-04-24T16:31:15.457281+00:00,momentum,"Bitcoin Up or Down - April 24, 12:20PM-12:25PM ET",UP,Up,32.0,0.54,,WIN,YES,27.259259259259252,Up,0xdff62d4a87ccfbd1f9fd476ac73cd9fe064d54ebee307e9eb87a85c548e8e9b9,65206173142414649372239614012450044746729083965925359325664316883865284729114
2026-04-24T16:25:02.828184+00:00,2026-04-24T16:36:18.147956+00:00,momentum,"Bitcoin Up or Down - April 24, 12:25PM-12:30PM ET",UP,Up,2.0,0.51,,LOSS,NO,-2.0,Down,0x7e88b3b1c434fbf54b24322b9d976179810941f098648540d207bb3f1e4d3ddd,36821296836312182122027907464951304144411471385596201191715635141977448377271
2026-04-24T16:25:02.861442+00:00,2026-04-24T16:36:18.188998+00:00,momentum,"Solana Up or Down - April 24, 12:25PM-12:30PM ET",DOWN,Down,2.0,0.51,,LOSS,NO,-2.0,Up,0x7a23d97c6968c4a071101e887ee78e8766a5d7551d2aaad33af294588b1ea1ec,9940660718877112132336417621993515335261559864865889466204665565691000045714
2026-04-24T16:25:06.250229+00:00,2026-04-24T16:36:18.410774+00:00,momentum,"Ethereum Up or Down - April 24, 12:25PM-12:30PM ET",DOWN,Down,2.0,0.52,,WIN,YES,1.8461538461538458,Down,0x4588d99ff708cf7823d02f7a16c252de6a4822fcddb4f8ea9f12449be758f5b1,14543973681466765277698314111998310591166234656950733517689250433336836812592
2026-04-24T16:25:09.574544+00:00,2026-04-24T16:36:18.442250+00:00,momentum,"XRP Up or Down - April 24, 12:25PM-12:30PM ET",UP,Up,2.0,0.52,,LOSS,NO,-2.0,Down,0x0916e660c1293f84362f29aad023114a874361170f8443c4b65b36344cd7bcce,40936952542484188297259880630064937787511631086402749638661534630183222773628
2026-04-24T16:30:03.004034+00:00,2026-04-24T16:39:20.632487+00:00,momentum,"Bitcoin Up or Down - April 24, 12:30PM-12:35PM ET",UP,Up,2.0,0.52,,WIN,YES,1.8461538461538458,Up,0x718193f557cef3281ae60c1cb4f315de055517276ce86959efcd8ffa7dcbead5,65194084702841292776563575963891747408691606241338407398283314638079421071064
2026-04-24T16:30:03.030333+00:00,2026-04-24T16:39:20.799016+00:00,momentum,"Ethereum Up or Down - April 24, 12:30PM-12:35PM ET",UP,Up,2.0,0.57,,WIN,YES,1.5087719298245617,Up,0x76dab8ee7f44d0ca4cc754660b3267d9624f9ae45c47bd909854b2902440abd5,27329399271155900710646294749618129198007924716011655142433467874062920652851
2026-04-24T16:30:03.072622+00:00,2026-04-24T16:39:20.954154+00:00,momentum,"Solana Up or Down - April 24, 12:30PM-12:35PM ET",UP,Up,2.0,0.53,,WIN,YES,1.773584905660377,Up,0x909f44b1a154cca03d56a3b327e807ba2f208fa4d8438f7817b943ebc4aa80e5,45296779611921743756344558132421528922744630892097423779741438395314076001672
2026-04-24T16:30:00.534352+00:00,2026-04-24T16:40:20.727765+00:00,momentum,"XRP Up or Down - April 24, 12:30PM-12:35PM ET",UP,Up,4.0,0.515,,WIN,YES,3.766990291262136,Up,0xb003a13c22d230c190f5eeba09a32f4cbc1ec65e720e0adee475c8ee3a1bf5e6,67375938582295463949199708848300355323507930575347197627259427249634460234048
2026-04-24T16:35:05.088710+00:00,2026-04-24T16:44:22.302462+00:00,momentum,"Solana Up or Down - April 24, 12:35PM-12:40PM ET",UP,Up,2.0,0.52,,LOSS,NO,-2.0,Down,0xfbae633ad774d966f6502b3cea6cc42cf943112c882976add0af555b08f1a77c,99240137854973790943451739684494415309335125487096300675374583187520132878048
2026-04-24T16:35:00.805846+00:00,2026-04-24T16:45:23.188464+00:00,momentum,"XRP Up or Down - April 24, 12:35PM-12:40PM ET",UP,Up,2.0,0.51,,LOSS,NO,-2.0,Down,0xec872e49b3f5b77d54fcb2b892d79d51ccfc2056bf9086699490b6ef51e46c05,82070003203815226549347777267177316197178588594434005162421196547334128699750
2026-04-24T16:35:01.937446+00:00,2026-04-24T16:45:23.379127+00:00,momentum,"Bitcoin Up or Down - April 24, 12:35PM-12:40PM ET",DOWN,Down,2.0,0.58,,WIN,YES,1.4482758620689657,Down,0xf0e9150a9c21353ce6aa8f99d44abeb4ce1c9f7fb61b2e7ba5c8b8c1881b44b5,36959060184944647193259078655598425809856764885651244624653153587519310007402
2026-04-24T16:35:01.973540+00:00,2026-04-24T16:45:23.527375+00:00,momentum,"Ethereum Up or Down - April 24, 12:35PM-12:40PM ET",DOWN,Down,2.0,0.54,,WIN,YES,1.7037037037037033,Down,0xbc874946d0012219e2bdbb01ae7a09b0e513288d1b7fc20053651aa4f6cdcb28,64927584052471600633401125385759513065076131193206004793018574388011468677594
2026-04-24T16:40:00.741666+00:00,2026-04-24T16:50:25.632803+00:00,momentum,"XRP Up or Down - April 24, 12:40PM-12:45PM ET",UP,Up,2.0,0.515,,LOSS,NO,-2.0,Down,0xa5074b66f1aa576a1366d892e4ce5b1bd45d800ed5cd05b40c97a5abf50309bf,18852211912464305915393704456911382700045753059437311721387120457259058983042
2026-04-24T16:40:02.914953+00:00,2026-04-24T16:51:26.216211+00:00,momentum,"Solana Up or Down - April 24, 12:40PM-12:45PM ET",UP,Up,2.0,0.61,,LOSS,NO,-2.0,Down,0x345d978c14b772fea20f538ff3a601acd0443619fb5b687dd720e9b1b113fd85,4200345240159607220409962045804629846073438261908512858809107296193559837656
2026-04-24T16:40:02.948744+00:00,2026-04-24T16:51:26.250231+00:00,momentum,"Ethereum Up or Down - April 24, 12:40PM-12:45PM ET",UP,Up,2.0,0.51,,LOSS,NO,-2.0,Down,0xfe481f2a038a00919622e1c3200f0e7e97dd5856b555e4706648ae7e1ff27fa5,57743984157259428106874093833319865770984013501914940490503464089035197720094
2026-04-24T16:40:02.891117+00:00,2026-04-24T16:52:26.709799+00:00,momentum,"Bitcoin Up or Down - April 24, 12:40PM-12:45PM ET",UP,Up,2.0,0.58,,LOSS,NO,-2.0,Down,0x15731514c000b13feb08281f06daf819303ac73f2242990d8a4784518a8e623a,15417002761998642038785838903705842291560572414765772531288763854282854740636
2026-04-24T16:45:00.845112+00:00,2026-04-24T16:53:27.080354+00:00,momentum,"Bitcoin Up or Down - April 24, 12:45PM-12:50PM ET",UP,Up,4.0,0.53,,LOSS,NO,-4.0,Down,0x0a46b17ac330050aa89a2a9e7d938ff88989a5aeaf4cf662aca55eaebf2af791,69024130355996104653971405005836670305938926988429703898750811640541319108156
2026-04-24T16:45:00.874562+00:00,2026-04-24T16:53:27.113733+00:00,momentum,"Solana Up or Down - April 24, 12:45PM-12:50PM ET",UP,Up,4.0,0.51,,LOSS,NO,-4.0,Down,0xe8c90083fa63cebcd0235b0a17b76cb3ae1cedbdf922276ba4535b8985081e4c,25625635078522648834295169935865011517467310607890385829036130081065329985978
2026-04-24T16:45:04.050105+00:00,2026-04-24T16:54:28.119129+00:00,momentum,"XRP Up or Down - April 24, 12:45PM-12:50PM ET",UP,Up,4.0,0.56,,LOSS,NO,-4.0,Down,0x9d2ebd04f148aec83ba5354005ee7dc088c9d9ff327768e98ff14aa484d14968,47804271430857184851718412713317593578774296250891924148192411524938598601215
2026-04-24T16:45:04.078883+00:00,2026-04-24T16:55:28.597334+00:00,momentum,"Ethereum Up or Down - April 24, 12:45PM-12:50PM ET",UP,Up,4.0,0.51,,LOSS,NO,-4.0,Down,0xfb46d06cc2a73ee62b96348e131b4fd789cab483a1c6afeaa795c39d4b8ae62d,2828007609747468534383558622436831437980055259989189456541997110790612054198
2026-04-24T16:50:02.547679+00:00,2026-04-24T16:59:29.793384+00:00,momentum,"Bitcoin Up or Down - April 24, 12:50PM-12:55PM ET",UP,Up,4.0,0.62,,WIN,YES,2.451612903225807,Up,0x13ac91fa0a698ae69f4bea47a3bfd5cd13132076425dbbdd7d2301370a1c89fd,76191002519626615199050932561533043831830323366823383522324357906343261039944
2026-04-24T16:50:02.604464+00:00,2026-04-24T16:59:30.046840+00:00,momentum,"Ethereum Up or Down - April 24, 12:50PM-12:55PM ET",UP,Up,8.0,0.6,,WIN,YES,5.333333333333334,Up,0x3372d4af771cffa82dce29770e93134ed1fece8bea94701a8c78d025dcf4bcc1,92739229378826922558667439421736449184570889911733807649620275455791147894779
2026-04-24T16:50:02.579948+00:00,2026-04-24T17:00:30.796941+00:00,momentum,"Solana Up or Down - April 24, 12:50PM-12:55PM ET",UP,Up,8.0,0.6,,WIN,YES,5.333333333333334,Up,0x3da8fde41b3885a7e244ce1d820b85087fe4b616759524cd8169371c7d48af00,97386235565511048310834071177883751905673919116684678551641630614558805693963
2026-04-24T16:50:00.409921+00:00,2026-04-24T17:01:31.437463+00:00,momentum,"XRP Up or Down - April 24, 12:50PM-12:55PM ET",UP,Up,8.0,0.51,,WIN,YES,7.686274509803921,Up,0xd7acd3407a29de792b039495690a0abee21242fa7b246f22ec467ed9d6631edf,100331611736309070591552500287171051296719606666141148625045756578894417034904
2026-04-24T16:55:02.864468+00:00,2026-04-24T17:05:33.331274+00:00,momentum,"Solana Up or Down - April 24, 12:55PM-1:00PM ET",DOWN,Down,2.0,0.51,,LOSS,NO,-2.0,Up,0x0f6a7698aa350be49f40681ed2143f6561412e36d6a2fc51536345a3fa8ca7f2,43502453567559385788449226807332079385134791697429418302395543449573012358501
2026-04-24T16:55:02.998160+00:00,2026-04-24T17:05:33.483759+00:00,momentum,"Ethereum Up or Down - April 24, 12:55PM-1:00PM ET",UP,Up,2.0,0.55,,WIN,YES,1.6363636363636362,Up,0x195a86fe428de1e5612e5d3994c3b80028a5dd57c85983778bc2605d1ae305ca,43887251508993441289975655371179102694192736138229154775641634292287650374053
2026-04-24T16:55:00.106090+00:00,2026-04-24T17:06:33.584294+00:00,momentum,"XRP Up or Down - April 24, 12:55PM-1:00PM ET",UP,Up,2.0,0.51,,WIN,YES,1.9215686274509802,Up,0xc61ee102a4694524f00f1a234ff20db1508d6ba54997131f43140e8214ba40e0,30396455215632632659583032803406298404087901715671433878502649682208025980325
2026-04-24T16:55:02.540494+00:00,2026-04-24T17:06:33.785463+00:00,momentum,"Bitcoin Up or Down - April 24, 12:55PM-1:00PM ET",UP,Up,2.0,0.54,,WIN,YES,1.7037037037037033,Up,0x2f04f58efb4b10a042df7df984f9614fb58aa9015e0fea5976d82f23a3bf7e14,31925024862378806087181125147088708129030461336760613372523543751511861549524
2026-04-24T17:00:00.806691+00:00,2026-04-24T17:08:34.990132+00:00,momentum,"XRP Up or Down - April 24, 1:00PM-1:05PM ET",UP,Up,2.0,0.51,,WIN,YES,1.9215686274509802,Up,0xa136c3b7fa8941cb47d4f28df2f7ab99a083a28820f4cfc10ffc8869830c132b,41355157972628670941672492998004166199668852758557715424322566300259709293367
2026-04-24T17:00:00.847403+00:00,2026-04-24T17:09:35.031998+00:00,momentum,"Solana Up or Down - April 24, 1:00PM-1:05PM ET",DOWN,Down,4.0,0.51,,WIN,YES,3.8431372549019605,Down,0xcf9d07cc579f196eec0823d0d07751938811ae6be82d057e21ed25ab455a922c,29706170779339291372717818196271667561658519658237266046985909339634196724901
2026-04-24T17:00:04.390919+00:00,2026-04-24T17:09:35.260261+00:00,momentum,"Ethereum Up or Down - April 24, 1:00PM-1:05PM ET",DOWN,Down,2.0,0.58,,WIN,YES,1.4482758620689657,Down,0xb20ed16650c82601d6bcb5b76696113ed0c1156007496ed7df3d4b143501f1f6,53474267534609468839412399620895133051098976658986576482546656375792200312805
2026-04-24T17:00:04.417308+00:00,2026-04-24T17:10:35.444380+00:00,momentum,"Bitcoin Up or Down - April 24, 1:00PM-1:05PM ET",DOWN,Down,2.0,0.63,,WIN,YES,1.1746031746031744,Down,0x56d9779b97641be7eb447a5449a8034f9f4a44d7e2b883db451a3df98ffd29c3,26646281656265380150825703184061047598195883587148835409453860336617197257411
2026-04-24T17:05:00.730558+00:00,2026-04-24T17:15:37.400783+00:00,momentum,"Bitcoin Up or Down - April 24, 1:05PM-1:10PM ET",UP,Up,2.0,0.51,,LOSS,NO,-2.0,Down,0xa083cf78f53c3c37c42ce7baf94570bdd027da2179e641074137b0861020e3f1,64595858940944798968413621919839905895627045427817230058888238715128018862849
2026-04-24T17:05:00.768357+00:00,2026-04-24T17:15:37.604907+00:00,momentum,"Ethereum Up or Down - April 24, 1:05PM-1:10PM ET",DOWN,Down,2.0,0.51,,WIN,YES,1.9215686274509802,Down,0xb95ff7722b92f6b18522c4d56ba0180c83ed867bbad9a89ccce4a89dab84ed6a,81145992802050078954910154160564582262500425754850814165913484139371035328155
2026-04-24T17:05:00.805211+00:00,2026-04-24T17:16:38.420717+00:00,momentum,"Solana Up or Down - April 24, 1:05PM-1:10PM ET",DOWN,Down,8.0,0.51,,WIN,YES,7.686274509803921,Down,0xf6d66bc0acf69fa632a7c141dd29e6dfe45e7e9f94ea170b559641a6a8329c9f,31852321917607558344152549612137580455618908382849479677558340403018735315449
2026-04-24T17:05:03.904848+00:00,2026-04-24T17:16:38.452868+00:00,momentum,"XRP Up or Down - April 24, 1:05PM-1:10PM ET",UP,Up,2.0,0.53,,LOSS,NO,-2.0,Down,0xdbe957442ad945e88e314ac88e761e88c08bb4ca2cfd7b3a15aeec1d54db0a47,36736236871446483087121202784818755649373682662464368944636100777980335964845
2026-04-24T17:10:01.417825+00:00,2026-04-24T17:20:39.291357+00:00,momentum,"Bitcoin Up or Down - April 24, 1:10PM-1:15PM ET",UP,Up,4.0,0.54,,WIN,YES,3.4074074074074066,Up,0x68ea5f559b330e760465f376bc6b366889c07519f39ead73c7666eb2821c7d62,72522899937560946890643295601334070441166862549175801316992043760898742708482
2026-04-24T17:10:04.509313+00:00,2026-04-24T17:20:39.464296+00:00,momentum,"XRP Up or Down - April 24, 1:10PM-1:15PM ET",UP,Up,4.0,0.54,,WIN,YES,3.4074074074074066,Up,0x3a64d422010b51ab9aa782de28676103d2ad36eeb427aae206470e8ac73dffca,44180759884986064535152469821914044942518011792049679964020049750111295506900
2026-04-24T17:10:04.541557+00:00,2026-04-24T17:21:39.703518+00:00,momentum,"Ethereum Up or Down - April 24, 1:10PM-1:15PM ET",UP,Up,2.0,0.57,,WIN,YES,1.5087719298245617,Up,0xb99a2a1f8945fee1f9faa5175fe0716c7c0595474915468022b6b2fb03325ebc,38628824450701219796132136316622093072727737481736310270001721671540826986206
2026-04-24T17:10:04.589500+00:00,2026-04-24T17:21:39.852299+00:00,momentum,"Solana Up or Down - April 24, 1:10PM-1:15PM ET",UP,Up,2.0,0.58,,WIN,YES,1.4482758620689657,Up,0x78287314c85fe970a5a9bb1e4be493bf76679643cba10a3d1c8be12c0b027e7e,71403521117920448353488578763860547198010287657886872791715145238579111207785
2026-04-24T17:15:00.369319+00:00,2026-04-24T17:24:40.931006+00:00,momentum,"XRP Up or Down - April 24, 1:15PM-1:20PM ET",UP,Up,2.0,0.51,,LOSS,NO,-2.0,Down,0x44ab1e9f815ea40f6d61606f08f8261642fa5212326849a186fe00a57b5ad82b,20418827776622070824340509902058116761313564732680046265967797625415649065399
2026-04-24T17:15:01.572246+00:00,2026-04-24T17:24:41.066286+00:00,momentum,"Ethereum Up or Down - April 24, 1:15PM-1:20PM ET",DOWN,Down,2.0,0.52,,WIN,YES,1.8461538461538458,Down,0x0383f1072ec9028a1b1d2ed903b8a0f779c5a67319fae025182c80dc121db103,67016852144577143993104421005704169087841856048271958957756058631795088742333
2026-04-24T17:15:01.608217+00:00,2026-04-24T17:24:41.219780+00:00,momentum,"Solana Up or Down - April 24, 1:15PM-1:20PM ET",DOWN,Down,2.0,0.51,,WIN,YES,1.9215686274509802,Down,0x3b5fc49c83c12bc5169b0152f482f7f3bea6869a842b6bd87c66c2a9280585ad,46345963589593154503890348070383632409497203726585877423650080653790211116677
2026-04-24T17:15:04.789024+00:00,2026-04-24T17:25:41.998942+00:00,momentum,"Bitcoin Up or Down - April 24, 1:15PM-1:20PM ET",DOWN,Down,2.0,0.52,,WIN,YES,1.8461538461538458,Down,0xaabfc2196f7cb0bf9630a82466c008681c841d8681cd0308117fb80d17c1fb90,66270824514844229072105568624575827580074159495511426209940240499513410590563
2026-04-24T17:20:04.510636+00:00,2026-04-24T17:29:43.822153+00:00,momentum,"XRP Up or Down - April 24, 1:20PM-1:25PM ET",UP,Up,4.0,0.52,,LOSS,NO,-4.0,Down,0x547d792ab16447428d609d801d1d0004a814aa780dccd5eb20ee2d9301eadb99,21591677156416784321007175974227179984010165562597281465842919785893650621897
2026-04-24T17:20:01.319065+00:00,2026-04-24T17:30:44.432964+00:00,momentum,"Ethereum Up or Down - April 24, 1:20PM-1:25PM ET",DOWN,Down,2.0,0.51,,WIN,YES,1.9215686274509802,Down,0x996b4bce97f93e87ad852ff4b50c33ae1e9f2df2f2bcf8d3b5b997f8a37db6be,96935433826202195492603514276705432307499998578721722910617816018120697016567
2026-04-24T17:20:01.368786+00:00,2026-04-24T17:30:44.567854+00:00,momentum,"Solana Up or Down - April 24, 1:20PM-1:25PM ET",DOWN,Down,2.0,0.52,,WIN,YES,1.8461538461538458,Down,0x3b81aa5f62fcb85c6034d47a58c99756ed44543bae7a2590dcbb6b6c53b4a113,36883210389980057526337496852985680817194881766362055432197792621659243797596
2026-04-24T17:20:04.478312+00:00,2026-04-24T17:30:44.725135+00:00,momentum,"Bitcoin Up or Down - April 24, 1:20PM-1:25PM ET",DOWN,Down,2.0,0.55,,WIN,YES,1.6363636363636362,Down,0x6602e099f3bcd8220878daec65e1352ac22833a47fd232968ea7577b68c7f3ed,100268367716828097602718756903162708179986731332186369610255556182215624504293
2026-04-24T17:25:02.302720+00:00,2026-04-24T17:35:47.737396+00:00,momentum,"Bitcoin Up or Down - April 24, 1:25PM-1:30PM ET",UP,Up,2.0,0.53,,WIN,YES,1.773584905660377,Up,0x4d8b4438df8ecc43c38deff7f20913ca7f8eb650b6400a6e15249b655d6b0b41,61885460620855239827821372670757144254986125432153556473453192291980590276814
2026-04-24T17:25:02.413717+00:00,2026-04-24T17:35:47.895337+00:00,momentum,"Ethereum Up or Down - April 24, 1:25PM-1:30PM ET",UP,Up,2.0,0.51,,WIN,YES,1.9215686274509802,Up,0x603f3ce1cabb26aff3c02dff6fb41fb821a37d6edc63711347556fbd3cf8ab29,29466340242609518240654678994874252723683087598880409116333603457331619432018
2026-04-24T17:25:05.557372+00:00,2026-04-24T17:35:48.184327+00:00,momentum,"Solana Up or Down - April 24, 1:25PM-1:30PM ET",UP,Up,2.0,0.53,,WIN,YES,1.773584905660377,Up,0xc4474c1fa27bc6c7f950172513fabb39917c39deb34decb128d2e07253cc778f,17239500190659435878066257981565014941906058263035103951033919525051339645081
2026-04-24T17:25:02.466698+00:00,2026-04-24T17:36:47.540358+00:00,momentum,"XRP Up or Down - April 24, 1:25PM-1:30PM ET",UP,Up,8.0,0.51,,WIN,YES,7.686274509803921,Up,0x324720bdad97b38eb800d921ab549aa4ad34e82d25e532759e5ac63932730ae3,35820503987810389390796829005340470285477764779816282118527660661851460773028
2026-04-24T17:30:00.514109+00:00,2026-04-24T17:38:49.267579+00:00,momentum,"Bitcoin Up or Down - April 24, 1:30PM-1:35PM ET",UP,Up,2.0,0.515,,LOSS,NO,-2.0,Down,0x247952c10f76013c3cc5c02dba62397bb9b61484b622465ff8cf7e9e30e0674f,70315931119404395564412971269414388993480535714661253892542275040591764622124
2026-04-24T17:30:01.643607+00:00,2026-04-24T17:38:49.488890+00:00,momentum,"XRP Up or Down - April 24, 1:30PM-1:35PM ET",DOWN,Down,2.0,0.53,,WIN,YES,1.773584905660377,Down,0x8ca13e45329accc6bb57bf812e5d2d32edba3e844487d392f0767f7986f8efd8,7452510806378628606359071423511843525185553304753127493729220783673815657796
2026-04-24T17:30:00.484562+00:00,2026-04-24T17:39:49.768894+00:00,momentum,"Solana Up or Down - April 24, 1:30PM-1:35PM ET",DOWN,Down,2.0,0.515,,WIN,YES,1.883495145631068,Down,0x767b73b7e814a7fea13c85823f8e4f2b4aeaf6118059a6005125c01f339ef96e,56480256912848427656583168663357206516797806731662308180657956032410970012539
2026-04-24T17:30:08.183572+00:00,2026-04-24T17:39:49.912432+00:00,momentum,"Ethereum Up or Down - April 24, 1:30PM-1:35PM ET",DOWN,Down,2.0,0.53,,WIN,YES,1.773584905660377,Down,0xe3fb3c5b45e869170514b6c03538ff9d5f98140ded66d4e7cba8adcc969198bf,107151295867880954570911662171867146449206565542170195290640322793174415715970
2026-04-24T17:35:00.854442+00:00,2026-04-24T17:44:51.829136+00:00,momentum,"Ethereum Up or Down - April 24, 1:35PM-1:40PM ET",UP,Up,2.0,0.515,,WIN,YES,1.883495145631068,Up,0xa97efadb780e6bd183dfdba30b70cbcad7ba376aba474e34761427d3ac271460,92447464646168616010907104894017045986927482930662127769499963173542810867489
2026-04-24T17:35:01.997825+00:00,2026-04-24T17:44:51.974932+00:00,momentum,"Bitcoin Up or Down - April 24, 1:35PM-1:40PM ET",UP,Up,2.0,0.57,,WIN,YES,1.5087719298245617,Up,0x204f005436cca53e60e3b34b5f2bf382814fb5a97351385d2c8b8c7acf56a210,102279224143306672637763924628226222696455310398243341903303781647826915742883
2026-04-24T17:35:08.317603+00:00,2026-04-24T17:44:52.290463+00:00,momentum,"XRP Up or Down - April 24, 1:35PM-1:40PM ET",UP,Up,2.0,0.53,,WIN,YES,1.773584905660377,Up,0x945c8a667830b31fd37d74558ceb3d397e399b16a32d27f4e9e766cc294503fb,110780943773700721083584954431411869717935181330541198983716883765329771220592
2026-04-24T17:35:05.154118+00:00,2026-04-24T17:45:52.918270+00:00,momentum,"Solana Up or Down - April 24, 1:35PM-1:40PM ET",UP,Up,2.0,0.51,,WIN,YES,1.9215686274509802,Up,0xbe719397c02f528a7271ba18098ddb438d15e7b7954fc4ff533aaabd69c49eb3,12502866266308738006995204180957728844297314584956350036379577042671184319983
2026-04-24T17:40:00.529091+00:00,2026-04-24T17:50:54.995018+00:00,momentum,"Ethereum Up or Down - April 24, 1:40PM-1:45PM ET",UP,Up,2.0,0.525,,WIN,YES,1.8095238095238093,Up,0x8f0ac77271f7ee843557614e0f278cb3dae9638487e4d2ce6fb29add655872d2,59213325440483182306407630580613605582649192378814323489705554001049821904223
2026-04-24T17:40:00.628618+00:00,2026-04-24T17:50:55.147058+00:00,momentum,"XRP Up or Down - April 24, 1:40PM-1:45PM ET",UP,Up,2.0,0.51,,WIN,YES,1.9215686274509802,Up,0xce74ae68e2df88f7afc1019dcfa27e238caadd5cef864173c3b3094fc3e0951c,32859420730078155344538934502365233859424328560571086682964603269499485784755
2026-04-24T17:40:01.850447+00:00,2026-04-24T17:50:55.296623+00:00,momentum,"Solana Up or Down - April 24, 1:40PM-1:45PM ET",UP,Up,2.0,0.53,,WIN,YES,1.773584905660377,Up,0xd758816ddcffe1aeaf305dd3a7e712b3b2d55a498617a37a829e0cbb502f1c1d,61389736129262857429279106697672342099360496288982092275606988518417719111371
2026-04-24T17:40:01.880870+00:00,2026-04-24T17:51:56.008580+00:00,momentum,"Bitcoin Up or Down - April 24, 1:40PM-1:45PM ET",UP,Up,2.0,0.56,,WIN,YES,1.5714285714285712,Up,0x2eb86a8299a69c0cee703f9027490abe7947c4ebd718b7f89002440f38c1ba73,59458824742016461166164218442754678597221623870452234319777385908006046155245
2026-04-24T17:45:01.239151+00:00,2026-04-24T17:53:57.020177+00:00,momentum,"Bitcoin Up or Down - April 24, 1:45PM-1:50PM ET",DOWN,Down,2.0,0.51,,LOSS,NO,-2.0,Up,0x557ccc608094c90f3d15cdcccdf6e5c11e94f3fbd0d16a8e36aeec3713c78107,66145947202793538785991301588050535088151012269181129266952016295332812831237
2026-04-24T17:45:01.289669+00:00,2026-04-24T17:53:57.169498+00:00,momentum,"Solana Up or Down - April 24, 1:45PM-1:50PM ET",DOWN,Down,2.0,0.51,,WIN,YES,1.9215686274509802,Down,0xe292ce682f4b030a26303841157fed9b9290a98fe5e59449e6b3f8af4f390621,1834039223067982136708962117288772857833497037238451105954716825260739231630
2026-04-24T17:45:04.391384+00:00,2026-04-24T17:53:57.225769+00:00,momentum,"Ethereum Up or Down - April 24, 1:45PM-1:50PM ET",DOWN,Down,2.0,0.54,,LOSS,NO,-2.0,Up,0x1b6e604088e108e43b06c2c5f8bf317246eecc9f406e5866e293d1622734b4a2,80744370281693553535042478341488572024605741298520057588683240156005798141071
2026-04-24T17:45:10.706593+00:00,2026-04-24T17:54:57.265647+00:00,momentum,"XRP Up or Down - April 24, 1:45PM-1:50PM ET",UP,Up,2.0,0.57,,WIN,YES,1.5087719298245617,Up,0xcdf8bb4bf01e7e9435c217aa3857b163675c7bda0d59b81dc1285d00d1343b0c,84582422974869745001695722800851771282176645094927652815950074434624941910780
2026-04-24T17:50:04.837051+00:00,2026-04-24T18:00:01.100700+00:00,momentum,"Ethereum Up or Down - April 24, 1:50PM-1:55PM ET",UP,Up,4.0,0.51,,WIN,YES,3.8431372549019605,Up,0x3925ab19402df2097412ced22ab42828c544b08e2c5fb0e9edac73959701bb6c,31085544431089234285930425268508905298742297319109296270266259673571618440847
2026-04-24T17:50:00.641680+00:00,2026-04-24T18:01:01.041758+00:00,momentum,"XRP Up or Down - April 24, 1:50PM-1:55PM ET",UP,Up,2.0,0.515,,WIN,YES,1.883495145631068,Up,0x13f218551e9bac700654995ac3b2da72af6cf7cd1e5bb1505fafd19114ef66f4,114740416943129374911081819613787088694680984467066751983726334076846184249309
2026-04-24T17:50:01.753832+00:00,2026-04-24T18:01:01.309769+00:00,momentum,"Solana Up or Down - April 24, 1:50PM-1:55PM ET",UP,Up,2.0,0.51,,WIN,YES,1.9215686274509802,Up,0xe8825b3c5e7b2162e385eaee61ba2f549d0899c800b01f34dc225dd5b36d4c31,49823469065630456399923344072583544389435523910043694692358303135800703678376
2026-04-24T17:50:07.925740+00:00,2026-04-24T18:01:01.571026+00:00,momentum,"Bitcoin Up or Down - April 24, 1:50PM-1:55PM ET",UP,Up,4.0,0.54,,WIN,YES,3.4074074074074066,Up,0x39a3d1816b0c98e5339452ee51b2350db7dfa81feb5d403c5f54f6a7c0d3c930,50527682522935434727508430097406379687164737223821874369279683353687046908756
2026-04-24T17:55:01.046628+00:00,2026-04-24T18:06:03.556522+00:00,momentum,"XRP Up or Down - April 24, 1:55PM-2:00PM ET",UP,Up,2.0,0.51,,WIN,YES,1.9215686274509802,Up,0x607814496887f21481fe48628ccab1666e216b09f0f9a21bf829cc1ef030c480,15235189606268970875245375152736640248444620589170709736751146702882072260885
2026-04-24T17:55:03.161081+00:00,2026-04-24T18:06:03.591408+00:00,momentum,"Ethereum Up or Down - April 24, 1:55PM-2:00PM ET",DOWN,Down,2.0,0.55,,LOSS,NO,-2.0,Up,0x9eea52c63658de979baaae83672c66c188d0b7d0796538bb75ae547c70285a0d,52440074900764056775589753416013876265824985571601119348837849837756903780858
2026-04-24T17:55:03.200353+00:00,2026-04-24T18:06:03.769751+00:00,momentum,"Bitcoin Up or Down - April 24, 1:55PM-2:00PM ET",DOWN,Down,2.0,0.53,,WIN,YES,1.773584905660377,Down,0x71528176451a4789733cba6982b8e2956fd863bdb05cf21ba5aff50dea64238c,12793441311619188349709867559862326396836121898682693026156535105811684827452
2026-04-24T17:55:03.249085+00:00,2026-04-24T18:06:03.803301+00:00,momentum,"Solana Up or Down - April 24, 1:55PM-2:00PM ET",DOWN,Down,2.0,0.55,,LOSS,NO,-2.0,Up,0xae530dd33af6f4d54eaa7c35e30348662ba4a2e50d4a405abe6e8121d0474ffb,77251078535809146065549502303813986388053952032837848884759620282202060148040
2026-04-24T18:00:06.339687+00:00,2026-04-24T18:09:06.097557+00:00,momentum,"Bitcoin Up or Down - April 24, 2:00PM-2:05PM ET",DOWN,Down,2.0,0.56,,WIN,YES,1.5714285714285712,Down,0x1fa79cf81c12f63a01a20cb2a25aeac789b7e1b15f189c177e029141569259ce,17963318741258961329879817692125072692064017084853799448561018014252546832065
2026-04-24T18:00:06.367801+00:00,2026-04-24T18:09:06.283949+00:00,momentum,"XRP Up or Down - April 24, 2:00PM-2:05PM ET",DOWN,Down,2.0,0.55,,WIN,YES,1.6363636363636362,Down,0x7af70127ff38f2c8d4a265cec4ec23c18f013757d0866502d1bcf434d759ef2d,110742189647323727501878940684724516783993444944744876497678691051769303424749
2026-04-24T18:00:02.881604+00:00,2026-04-24T18:10:06.519962+00:00,momentum,"Solana Up or Down - April 24, 2:00PM-2:05PM ET",DOWN,Down,2.0,0.56,,WIN,YES,1.5714285714285712,Down,0xa1aeafd1f4f408721707305cbe728d775af15efa17c7eb0579afb6ab30ef687d,94117417563909978919362714129302172052917130583418295879979722360971074609563
2026-04-24T18:00:02.929680+00:00,2026-04-24T18:10:06.713373+00:00,momentum,"Ethereum Up or Down - April 24, 2:00PM-2:05PM ET",DOWN,Down,4.0,0.53,,WIN,YES,3.547169811320754,Down,0x46549b518803747bbf989a73444d5293a873aeca56812bef690912e709ff3c89,44615012107700817205719898364850786816709916097472041538947521924569853172933
2026-04-24T18:05:03.147850+00:00,2026-04-24T18:15:08.685953+00:00,momentum,"Solana Up or Down - April 24, 2:05PM-2:10PM ET",DOWN,Down,2.0,0.58,,WIN,YES,1.4482758620689657,Down,0x506c4d22ed9336d34b24b656976e3744ffe473fd2b68ae4084ca091c594e0bf1,91798924943427684161016004707747127532667898695765969519024944119958841873352
2026-04-24T18:05:03.215289+00:00,2026-04-24T18:15:08.842961+00:00,momentum,"Ethereum Up or Down - April 24, 2:05PM-2:10PM ET",DOWN,Down,2.0,0.59,,WIN,YES,1.3898305084745766,Down,0x79c37e4f9104e55730014b0e4a511ac28ed57235234ae327ef8f2cb2f7fec9ef,57618379582228134922698421222859687529587213621877886807819267901628323668161
2026-04-24T18:05:03.273106+00:00,2026-04-24T18:16:08.904234+00:00,momentum,"XRP Up or Down - April 24, 2:05PM-2:10PM ET",DOWN,Down,2.0,0.51,,WIN,YES,1.9215686274509802,Down,0x18c3951375b8264aeaaaa2ebbcc2744b471e565d58d176747ab77e7ed7cb77b4,91963217206827590651544327792831675654111678023688821275191402778037268785549
2026-04-24T18:05:03.328806+00:00,2026-04-24T18:16:09.062944+00:00,momentum,"Bitcoin Up or Down - April 24, 2:05PM-2:10PM ET",DOWN,Down,2.0,0.64,,WIN,YES,1.125,Down,0x58f373ee2791e7851be7e36ff752300ff347f3a6ede80d2607fc18a4b47aba48,60182182072639615397568817267424797073735224414623174308565159394844829109594
2026-04-24T18:10:01.897667+00:00,2026-04-24T18:21:12.076820+00:00,momentum,"Bitcoin Up or Down - April 24, 2:10PM-2:15PM ET",UP,Up,2.0,0.54,,LOSS,NO,-2.0,Down,0xec5e09b7b18137d066b3a46250b01d8e9e2cfe55a9f6c4081782dd38a2c03724,76430284741791005707528174987419259664821614299168286583580266729086886295691
2026-04-24T18:10:05.059510+00:00,2026-04-24T18:21:12.115934+00:00,momentum,"Solana Up or Down - April 24, 2:10PM-2:15PM ET",UP,Up,2.0,0.56,,LOSS,NO,-2.0,Down,0x22dd42f7662147fcb18c517bab9926aca011a8d5a0b581d760bd654cbeea14c1,38960040270099565222563324467714127298308206405285042087143790506124699564833
2026-04-24T18:10:05.106869+00:00,2026-04-24T18:21:12.149335+00:00,momentum,"Ethereum Up or Down - April 24, 2:10PM-2:15PM ET",UP,Up,2.0,0.57,,LOSS,NO,-2.0,Down,0x0fe2ff3798af88062b815b856316acf6318bea17e59a5754c57745062973ce2f,109192040492145972938002523117523459029843111452307207350672992083100328700822
2026-04-24T18:10:01.865124+00:00,2026-04-24T18:22:12.130063+00:00,momentum,"XRP Up or Down - April 24, 2:10PM-2:15PM ET",UP,Up,2.0,0.54,,LOSS,NO,-2.0,Down,0xf1e8cc7edc9941408e32300851e20c80aa78b2e3308751d3e3e1618a09dfff7b,46694654507945047127512970384840599598015965405159294915959373929402865769244
2026-04-24T18:15:01.146546+00:00,2026-04-24T18:23:12.821728+00:00,momentum,"Bitcoin Up or Down - April 24, 2:15PM-2:20PM ET",UP,Up,4.0,0.57,,LOSS,NO,-4.0,Down,0x567cbb609eff16ccd44794e37d67ecbaf15485f9c4cff2a3df026b3dd79ae198,52951663155730979571127553288888048244630672451162130321697881190316407260462
2026-04-24T18:15:04.106866+00:00,2026-04-24T18:24:13.084464+00:00,momentum,"Solana Up or Down - April 24, 2:15PM-2:20PM ET",UP,Up,4.0,0.51,,LOSS,NO,-4.0,Down,0x0f67f52a3726cfc32adc1a384e078e3d1726e96efc8825c7c3aacbddd6c184ea,4057259364988776392015782975868306751676361987242380572057917097171550808698
2026-04-24T18:15:04.138065+00:00,2026-04-24T18:24:13.241241+00:00,momentum,"XRP Up or Down - April 24, 2:15PM-2:20PM ET",DOWN,Down,4.0,0.53,,WIN,YES,3.547169811320754,Down,0x72c3c51c2b1e1eba772a5840fc34b1786e748c7688d10e7dcc4f341ac1098a91,115015344898052908755704856722666953557710204592228516684864901004421155435907
2026-04-24T18:15:14.346120+00:00,2026-04-24T18:25:13.957882+00:00,momentum,"Ethereum Up or Down - April 24, 2:15PM-2:20PM ET",DOWN,Down,4.0,0.53,,WIN,YES,3.547169811320754,Down,0x0eaa6710f0bdc712f1109ab4498456fe59663b0f30d0fb9ad54504f5f447091e,112576145945979417466891030931034151417308611317804531615564746509791134621928
2026-04-24T18:20:00.674010+00:00,2026-04-24T18:29:16.138626+00:00,momentum,"Bitcoin Up or Down - April 24, 2:20PM-2:25PM ET",UP,Up,8.0,0.56,,WIN,YES,6.285714285714285,Up,0x14857bc1d183196aebcfc88d057aad7dfb15f91152265ad24c1437cbea690430,8497703748987239202878706731280336500341122846462065707294825954135369755966
2026-04-24T18:20:00.703908+00:00,2026-04-24T18:29:16.390550+00:00,momentum,"Ethereum Up or Down - April 24, 2:20PM-2:25PM ET",UP,Up,2.0,0.52,,WIN,YES,1.8461538461538458,Up,0xc5c5d836fc3ec0f3e140f77b35d81f151e1b7d396c143b5e89f5682281c8ea2d,39721694774769889584162729206229689438756851251802425520491372703002946382627
2026-04-24T18:20:07.553342+00:00,2026-04-24T18:29:16.602644+00:00,momentum,"Solana Up or Down - April 24, 2:20PM-2:25PM ET",DOWN,Down,8.0,0.53,,LOSS,NO,-8.0,Up,0xde95ab6c43d3b839ae9073e658774692502dd0e5ef2be651ea367f9f24702803,80675397657307724033402643675974762605835001405110869160926498276362060778272
2026-04-24T18:20:03.790571+00:00,2026-04-24T18:30:16.405918+00:00,momentum,"XRP Up or Down - April 24, 2:20PM-2:25PM ET",DOWN,Down,2.0,0.55,,LOSS,NO,-2.0,Up,0xdda837b40ccd128f817cd5125e74203e146f3949743dd7c017c152df88db2284,28932884611645156474927768582607506860392402799617675997933323545386741787858
2026-04-24T18:25:02.026798+00:00,2026-04-24T18:35:19.706131+00:00,momentum,"Ethereum Up or Down - April 24, 2:25PM-2:30PM ET",DOWN,Down,2.0,0.51,,WIN,YES,1.9215686274509802,Down,0x03a1eadbbb82bffa22f4958bba32c9b0410fe6067cf1130a3b0c6514ec327322,105056627752523921455278759969190833738969792029039613994194900570775604716481
2026-04-24T18:25:02.064160+00:00,2026-04-24T18:35:19.740130+00:00,momentum,"Bitcoin Up or Down - April 24, 2:25PM-2:30PM ET",UP,Up,2.0,0.53,,LOSS,NO,-2.0,Down,0x15c1b29f2c1c396cdd43e2de868b715c99bdeabeee6f4c11f5bd66f89b64bdae,31573849298257306793437308529148898674764698019014754179401078153993298336337
2026-04-24T18:25:05.182957+00:00,2026-04-24T18:35:20.020207+00:00,momentum,"XRP Up or Down - April 24, 2:25PM-2:30PM ET",DOWN,Down,4.0,0.53,,WIN,YES,3.547169811320754,Down,0xb30528a9de4a0c4b9090e6c40f37c9763dc7202e50d2b92cfaa23110819b0027,28015187979607621123647415022288668493716758417969618348487455609886945767099
2026-04-24T18:25:05.156559+00:00,2026-04-24T18:36:20.264137+00:00,momentum,"Solana Up or Down - April 24, 2:25PM-2:30PM ET",DOWN,Down,16.0,0.58,,WIN,YES,11.586206896551726,Down,0x03cdbab37e81bcb60e540c4dd62a3fbed2c5e3b791e00725871c91177fbbb9b4,6258279175724326849698331882917242472733855718008768598546721755874994091622
2026-04-24T18:30:00.779985+00:00,2026-04-24T18:38:21.353858+00:00,momentum,"XRP Up or Down - April 24, 2:30PM-2:35PM ET",UP,Up,8.0,0.51,,WIN,YES,7.686274509803921,Up,0x8c7f1a4094127d592db4ac4e8fb10aced6be0851507b0e7fb087e134563e32c2,82912165995721782608685903213489724580737955108321530138587515757197907797114
2026-04-24T18:30:01.948069+00:00,2026-04-24T18:39:21.604566+00:00,momentum,"Ethereum Up or Down - April 24, 2:30PM-2:35PM ET",UP,Up,2.0,0.55,,WIN,YES,1.6363636363636362,Up,0x9cd96747cd12175b44e9c89ca6a901b921e64b63afbddce8b42050cf4cf4a6c7,31582690429204173710135049121210253171213432130547442711590135691143657172128
2026-04-24T18:30:02.001457+00:00,2026-04-24T18:39:21.897429+00:00,momentum,"Bitcoin Up or Down - April 24, 2:30PM-2:35PM ET",UP,Up,4.0,0.58,,WIN,YES,2.8965517241379315,Up,0x4f08a1f3c490aaf7391f03ced485b7f0b8089d68eb9012b6a0b36b300b59affb,872562721595645859769704055778396801501011861904562440851498073211941950702
2026-04-24T18:30:02.045613+00:00,2026-04-24T18:40:22.356383+00:00,momentum,"Solana Up or Down - April 24, 2:30PM-2:35PM ET",UP,Up,2.0,0.55,,WIN,YES,1.6363636363636362,Up,0x999db8dfd503b183fbe85f1df32e5314444d9ce3d602de7dc6ed331537a62c4b,62482059788605380054367104860379675930427635732276319466428873849531859455475
2026-04-24T18:35:00.385619+00:00,2026-04-24T18:44:24.305739+00:00,momentum,"Ethereum Up or Down - April 24, 2:35PM-2:40PM ET",DOWN,Down,2.0,0.51,,WIN,YES,1.9215686274509802,Down,0x148e694ab8c8fcefbd98ca869ccb43e23e69012f0d905c82becaf5f3e09a43b2,110288968245923583907909696935564615968346623071744881107348090652448495578168
2026-04-24T18:35:00.418947+00:00,2026-04-24T18:45:24.919518+00:00,momentum,"Bitcoin Up or Down - April 24, 2:35PM-2:40PM ET",UP,Up,2.0,0.52,,LOSS,NO,-2.0,Down,0xecd6584611d40c667c68eae098afa22f6b25108f7d4f3795d83a7d46a975b431,90296986863270883411777467346118546608244188245867301715920445477800487668502
2026-04-24T18:35:00.477312+00:00,2026-04-24T18:45:24.956429+00:00,momentum,"Solana Up or Down - April 24, 2:35PM-2:40PM ET",UP,Up,2.0,0.55,,LOSS,NO,-2.0,Down,0xc5624dbf673ff133cf4b5cdf3881dc5258d2de2f97e96112ec5de49675647de6,19386894866370453331435958139481082457300326353593266874313290090389807911915
2026-04-24T18:35:06.744573+00:00,2026-04-24T18:46:25.359600+00:00,momentum,"XRP Up or Down - April 24, 2:35PM-2:40PM ET",UP,Up,2.0,0.53,,LOSS,NO,-2.0,Down,0x3cce1b0a566862f321f551ac3bd64e5dcb88d6c81ee51ce611c3df172bb92435,100938392925561851088204334916070512476426694310996450257411110142845942398798
2026-04-24T18:40:00.503001+00:00,2026-04-24T18:50:27.404361+00:00,momentum,"XRP Up or Down - April 24, 2:40PM-2:45PM ET",UP,Up,4.0,0.515,,WIN,YES,3.766990291262136,Up,0xa7ae4cc4561ea64ab098d4b633cebefec885349065dd577b6fd03063ff2e28b0,72877357117853651541944820943199979589535003684816871454602962288647810596576
2026-04-24T18:40:01.663290+00:00,2026-04-24T18:50:27.666596+00:00,momentum,"Bitcoin Up or Down - April 24, 2:40PM-2:45PM ET",UP,Up,4.0,0.51,,WIN,YES,3.8431372549019605,Up,0xeb026927dd81b5ddd031fad8b3f46fa93b7c4cae8b4344bf0dbef33a1656fec3,1676699785828885274587706173867430019235075079523143028804796635373362251665
2026-04-24T18:40:01.694043+00:00,2026-04-24T18:51:27.983563+00:00,momentum,"Solana Up or Down - April 24, 2:40PM-2:45PM ET",UP,Up,2.0,0.57,,WIN,YES,1.5087719298245617,Up,0x027df3b56d669ddd9d5a051174a607b7a6380a8db3d4015b0ba51faf62ad97de,115256850527248020772332935972864613685173148722066007806788989709573815810709
2026-04-24T18:40:11.662818+00:00,2026-04-24T18:51:28.157445+00:00,momentum,"Ethereum Up or Down - April 24, 2:40PM-2:45PM ET",UP,Up,2.0,0.59,,WIN,YES,1.3898305084745766,Up,0x439fa509df53509ef1397d60da737be68bd18ef46767d07ce1a2aac8a08d7597,75698633079534445320484044948908427245519279110190754885638642156641965814278
2026-04-24T18:45:30.982172+00:00,2026-04-24T18:53:30.200010+00:00,momentum,"Ethereum Up or Down - April 24, 2:45PM-2:50PM ET",UP,Up,2.0,0.57,,LOSS,NO,-2.0,Down,0xf8a8bf8b7f479a11e5a6729260b53840a22051b4bef4b3c270e1565d6d434749,35954862074896628289633976407761161810197709253924058953588860521218643173332
2026-04-24T18:45:00.807560+00:00,2026-04-24T18:54:30.520451+00:00,momentum,"XRP Up or Down - April 24, 2:45PM-2:50PM ET",UP,Up,2.0,0.51,,LOSS,NO,-2.0,Down,0x3c4ed154dc1e7a5e9b96ac5bd080ed83d7ca09b477bdc48c95e26bbf7cd723c9,81043288187939472630853979503459885612954676136547177494901759835625897633228
2026-04-24T18:45:30.947497+00:00,2026-04-24T18:54:30.557771+00:00,momentum,"Bitcoin Up or Down - April 24, 2:45PM-2:50PM ET",UP,Up,2.0,0.61,,LOSS,NO,-2.0,Down,0xe69320716d204d50fabbd3eac9f23d731079d135d3b7d9192ee771a3d8540a04,8619178463158707299503771897910204277069394465368828918595715648490309645609
2026-04-24T18:45:31.019145+00:00,2026-04-24T18:54:30.599422+00:00,momentum,"Solana Up or Down - April 24, 2:45PM-2:50PM ET",UP,Up,2.0,0.53,,LOSS,NO,-2.0,Down,0x7efd196c45789fd506cfdc093d1f06021ec6bfc384155a487b789b19c50a547a,88425899757799795514124215685287449325187837358383488483205882980224404954517
2026-04-24T18:50:03.898051+00:00,2026-04-24T18:59:33.727976+00:00,momentum,"Solana Up or Down - April 24, 2:50PM-2:55PM ET",DOWN,Down,4.0,0.6,,LOSS,NO,-4.0,Up,0xcf507d4e4878fe2de2bdbcd0557e59eb24e9dc75a6217124b7fb838e17f1b445,111787370249216204950531994430753531716346018690431218103503612665696496704662
2026-04-24T18:50:00.460939+00:00,2026-04-24T19:00:34.197736+00:00,momentum,"Bitcoin Up or Down - April 24, 2:50PM-2:55PM ET",UP,Up,4.0,0.51,,WIN,YES,3.8431372549019605,Up,0x03383c5bb106c87acf9b0bf1d608858e3ccc30e6ed25c935a45674499c60de23,51125278585723375072409780394932092438995805127642025645879831022781090023687
2026-04-24T18:50:00.494795+00:00,2026-04-24T19:00:34.247915+00:00,momentum,"Ethereum Up or Down - April 24, 2:50PM-2:55PM ET",DOWN,Down,4.0,0.55,,LOSS,NO,-4.0,Up,0x74630f02860412c2cdeaaaa3e0c55b792a2eb43a2a04f8828b82299218ae886d,80172163972954502728737981201870827829807864754044364941780110368567987621129
2026-04-24T18:50:04.223777+00:00,2026-04-24T19:00:34.292647+00:00,momentum,"XRP Up or Down - April 24, 2:50PM-2:55PM ET",DOWN,Down,4.0,0.51,,LOSS,NO,-4.0,Up,0x8bd59deb9514a4b82a3b28c97f14d4a33a3d611b0c253adf173b194d63d96e43,12883610395551571597543850930490108442084335861751380588767098545972548634678
2026-04-24T18:55:14.609583+00:00,2026-04-24T19:05:37.301799+00:00,momentum,"Solana Up or Down - April 24, 2:55PM-3:00PM ET",UP,Up,8.0,0.53,,LOSS,NO,-8.0,Down,0x185d0e3e24ee3568061247ea972609ee8a9a5e39e3fa0b19f8975c1fcacfad61,115752403019499289987896805099439714273409637079907947246964138768772301478682
2026-04-24T18:55:01.838510+00:00,2026-04-24T19:06:37.473103+00:00,momentum,"Ethereum Up or Down - April 24, 2:55PM-3:00PM ET",DOWN,Down,8.0,0.53,,LOSS,NO,-8.0,Up,0x721bc3e5ae472ac468a4d828dd68b92d6f6cc3754661c2276fec5a870c58ea5d,30777433972918158112799346918182075893169663932488220041433873444727334435150
2026-04-24T18:55:01.871945+00:00,2026-04-24T19:06:37.510244+00:00,momentum,"XRP Up or Down - April 24, 2:55PM-3:00PM ET",DOWN,Down,8.0,0.51,,LOSS,NO,-8.0,Up,0x909f56e177600d1cead49011730929aafee93bf0eb6bbc917da2b53158985107,77817114372758705174378681353450397895134695481263100976854925463948024015706
2026-04-24T18:55:05.226942+00:00,2026-04-24T19:06:37.547226+00:00,momentum,"Bitcoin Up or Down - April 24, 2:55PM-3:00PM ET",DOWN,Down,2.0,0.53,,LOSS,NO,-2.0,Up,0x45116449a72426f668fa2c47d678bba3a1c2336343cd6bf039bd6297c688e2b4,103074655089730170115868816804774075722493544531367523018444182754954230102143
2026-04-24T19:00:00.400537+00:00,2026-04-24T19:08:38.662950+00:00,momentum,"Ethereum Up or Down - April 24, 3:00PM-3:05PM ET",DOWN,Down,16.0,0.53,,LOSS,NO,-16.0,Up,0x147bd985b51aea9b9cf71b2ec7ca823bd0095aec52d01fbd86af085cd7cb0278,35248381677042576641345177385095235348951828090494433000664752410249729481429
2026-04-24T19:00:00.488370+00:00,2026-04-24T19:08:38.956170+00:00,momentum,"XRP Up or Down - April 24, 3:00PM-3:05PM ET",UP,Up,16.0,0.99,,WIN,YES,0.16161616161616266,Up,0xe3d471b262c9458b1b8d6616b01a56c3cce6f7aff27d8e68305f06b9ff5c7ee3,37714047786281059333975175670516586434020915569403456235029414650713130597131
2026-04-24T19:00:00.357031+00:00,2026-04-24T19:09:38.837478+00:00,momentum,"Bitcoin Up or Down - April 24, 3:00PM-3:05PM ET",UP,Up,2.0,0.51,,WIN,YES,1.9215686274509802,Up,0x4f87e0d1b4c1c4498d562d27a3dd64646d3cfa5cd1749395d0e7f84efa1979f8,93333287891194472081683627136773871136640348027367935214213814857548912090546
2026-04-24T19:00:00.444885+00:00,2026-04-24T19:09:38.877920+00:00,momentum,"Solana Up or Down - April 24, 3:00PM-3:05PM ET",DOWN,Down,16.0,0.59,,LOSS,NO,-16.0,Up,0xba6bf95e5eba092edb47f0975a68a083772b40b2871960931a3110e67cb68e4d,59822517736379761245330451567963647389387335624280427794971133998861771687967
2026-04-24T19:05:02.951599+00:00,2026-04-24T19:14:41.244091+00:00,momentum,"Bitcoin Up or Down - April 24, 3:05PM-3:10PM ET",UP,Up,2.0,0.51,,LOSS,NO,-2.0,Down,0x40d9b65852c44dffa8b9cf36aae51f1458dfe8deb2e53a9b9ed71a3634b16142,86182657858868747245269462283680713855189914918582419832845814727361637912606
2026-04-24T19:05:02.879353+00:00,2026-04-24T19:15:41.659345+00:00,momentum,"XRP Up or Down - April 24, 3:05PM-3:10PM ET",DOWN,Down,2.0,0.55,,WIN,YES,1.6363636363636362,Down,0x5ca56333829f1912f60ea832ae6a99b592d03aa0715e8dba95c67e62bf6d7f38,83588073293650500144367501621067219699366953164104542999890708338317711484567
2026-04-24T19:05:02.915630+00:00,2026-04-24T19:15:41.852756+00:00,momentum,"Solana Up or Down - April 24, 3:05PM-3:10PM ET",DOWN,Down,32.0,0.55,,WIN,YES,26.18181818181818,Down,0x5c8a2e173ef06a2f09608f31fe9b3571c5435d223ceff78bf8a0fbaa72193d76,7591155736317657225133150425275139703926296257834866902126668133462684731744
2026-04-24T19:05:02.982439+00:00,2026-04-24T19:15:42.004000+00:00,momentum,"Ethereum Up or Down - April 24, 3:05PM-3:10PM ET",DOWN,Down,32.0,0.52,,WIN,YES,29.538461538461533,Down,0x16127df4642c0a645f99114cea610067256e14117919639640792269b873426e,97602844321845725638348206327294203026269315861892127085276528684410700102754
2026-04-24T19:10:00.182516+00:00,2026-04-24T19:20:44.604757+00:00,momentum,"Solana Up or Down - April 24, 3:10PM-3:15PM ET",DOWN,Down,2.0,0.515,,WIN,YES,1.883495145631068,Down,0x641fb3065592b7823875e09f3910e67f3746aec9cb4f3506d22b2e9ea4a5ed41,98335867964341698723164513657311175401205245514973212759011834413432888818364
2026-04-24T19:10:01.376393+00:00,2026-04-24T19:20:44.992393+00:00,momentum,"XRP Up or Down - April 24, 3:10PM-3:15PM ET",DOWN,Down,2.0,0.59,,WIN,YES,1.3898305084745766,Down,0x76bf94b43a5638b45e716f2a74dd90aa484ad309c718b4d12291cb37433aa18b,102649900378639589883445099879665736186809573912182084748636087503697749219492
2026-04-24T19:10:01.309905+00:00,2026-04-24T19:21:45.028312+00:00,momentum,"Ethereum Up or Down - April 24, 3:10PM-3:15PM ET",UP,Up,2.0,0.52,,WIN,YES,1.8461538461538458,Up,0x4003671fa97069fcc1fc342b97f6bb34f17c8bd2a83371dabd763830afc10f29,39193952616625786016121784210801434810230520275453638082571464236386699656829
2026-04-24T19:10:01.344733+00:00,2026-04-24T19:21:45.172069+00:00,momentum,"Bitcoin Up or Down - April 24, 3:10PM-3:15PM ET",UP,Up,2.0,0.51,,WIN,YES,1.9215686274509802,Up,0x4980e5a5e8e9ffb1e827a57b57b01cf18caa14a8103b79a175850a454ad3da32,61017374429512411785618586075108261915679019783092270785529673225005728050206
2026-04-24T19:15:00.684428+00:00,2026-04-24T19:23:44.954412+00:00,momentum,"Ethereum Up or Down - April 24, 3:15PM-3:20PM ET",DOWN,Down,2.0,0.52,,LOSS,NO,-2.0,Up,0x421dd2c0f288eb7d19133a9ff1ba767b9566851dcf50e65da1f565ad84a4d37b,726616359165471739392509354358450469446506358143796226683146238374043659103
2026-04-24T19:15:03.820999+00:00,2026-04-24T19:24:46.261772+00:00,momentum,"XRP Up or Down - April 24, 3:15PM-3:20PM ET",UP,Up,2.0,0.52,,WIN,YES,1.8461538461538458,Up,0x04050cfdcf4919289bad122ac5b8ae0fcf247b41a6b6db6b03e764c9fc37c123,85453711690566354435648944668602139190391827654463593157362605010702320274565
2026-04-24T19:15:03.871289+00:00,2026-04-24T19:24:46.385836+00:00,momentum,"Solana Up or Down - April 24, 3:15PM-3:20PM ET",UP,Up,2.0,0.58,,WIN,YES,1.4482758620689657,Up,0xc14ba6ac1e42ff4ca474e04572c3468eedd3d29056043c4b84e5e6631e4438cc,41205407670221592595255687130585339604951304980851955453913132593047272868485
2026-04-24T19:15:03.972488+00:00,2026-04-24T19:24:46.529787+00:00,momentum,"Bitcoin Up or Down - April 24, 3:15PM-3:20PM ET",UP,Up,2.0,0.61,,WIN,YES,1.278688524590164,Up,0x5b656b2dad586bf8050d850eccd84404e8af044e7932fe07c58228fa27dbe708,17204654453425628239475770009691949940711763346212343445364766695784543341918
2026-04-24T19:20:00.487948+00:00,2026-04-24T19:29:48.783478+00:00,momentum,"Bitcoin Up or Down - April 24, 3:20PM-3:25PM ET",UP,Up,2.0,0.56,,LOSS,NO,-2.0,Down,0x957688721c4a72f414a52514dd9b96c6932df81fe8f6e7c4cb2b4e78f5ea3674,68796603527041354487152584792325237285798582616523171448767989704813537566405
2026-04-24T19:20:01.629138+00:00,2026-04-24T19:29:49.057075+00:00,momentum,"Ethereum Up or Down - April 24, 3:20PM-3:25PM ET",DOWN,Down,4.0,0.53,,WIN,YES,3.547169811320754,Down,0xd74881302a2e3233b2aaf2e6e2ffec0212717c16ea853b40c4ec85028ff76446,56160188054182183139725149370894216010069668974199482036424987152639015079966
2026-04-24T19:20:00.521966+00:00,2026-04-24T19:30:50.308991+00:00,momentum,"XRP Up or Down - April 24, 3:20PM-3:25PM ET",UP,Up,2.0,0.51,,LOSS,NO,-2.0,Down,0x54ae2eb3308faff5e706e6b4e4c74cdef81e295b09e6c6cb63231ca791520559,83613473062260990370458069143104966679042031568032093391423224131614114228133
2026-04-24T19:20:01.666952+00:00,2026-04-24T19:30:50.347498+00:00,momentum,"Solana Up or Down - April 24, 3:20PM-3:25PM ET",UP,Up,2.0,0.51,,LOSS,NO,-2.0,Down,0xad2c9da65f4569a4b241b3e9e5144e60fcd8683bd4923d30491a66ef5b7fa6b6,78698042053618069915168263177694141851241745655102531327009130702273252460849
2026-04-24T19:25:03.400575+00:00,2026-04-24T19:35:53.818756+00:00,momentum,"XRP Up or Down - April 24, 3:25PM-3:30PM ET",UP,Up,4.0,0.52,,LOSS,NO,-4.0,Down,0x284cc5f5630058eff6b275bb994a3d746c8708f9069282b3975d0f21fd3e106d,57425453659475029810156249191290530214671544514606110853889230039321280265444
2026-04-24T19:25:00.149913+00:00,2026-04-24T19:36:54.344063+00:00,momentum,"Solana Up or Down - April 24, 3:25PM-3:30PM ET",UP,Up,4.0,0.51,,WIN,YES,3.8431372549019605,Up,0xd36ebc47fa94c9284d16dc11225a964c24443ce22a1b7e4f67cf24fcbf5e5608,25892206757428965211450565510864497929184711796420639788040492608501074576085
2026-04-24T19:25:03.367022+00:00,2026-04-24T19:36:54.660062+00:00,momentum,"Bitcoin Up or Down - April 24, 3:25PM-3:30PM ET",UP,Up,4.0,0.56,,WIN,YES,3.1428571428571423,Up,0x89a27f762eb7e8d53e6f55f1fff370cc23bbe36bab215c2f375761e4d4089e0a,39612799310286143512549434188232311016382110689748128535302692596525816963754
2026-04-24T19:25:03.436746+00:00,2026-04-24T19:36:54.919865+00:00,momentum,"Ethereum Up or Down - April 24, 3:25PM-3:30PM ET",UP,Up,2.0,0.58,,WIN,YES,1.4482758620689657,Up,0x2243a647e4e7598d4436e796f4977319d4f6e229a0805a5af0ea33ebff8ca0a7,13100730467310859041558488188292171640018329478570114686446595352120619527075
2026-04-24T19:30:00.849599+00:00,2026-04-24T19:38:55.824631+00:00,momentum,"XRP Up or Down - April 24, 3:30PM-3:35PM ET",UP,Up,2.0,0.51,,WIN,YES,1.9215686274509802,Up,0xab1ed3dc63d09eafd03521f6549ad21f2002226874a8a8ebe6f7ab7fef224bc7,94138107155228715897640647843107379504033330019243331863857729218980985444621
2026-04-24T19:30:02.964006+00:00,2026-04-24T19:38:55.962581+00:00,momentum,"Ethereum Up or Down - April 24, 3:30PM-3:35PM ET",UP,Up,2.0,0.54,,WIN,YES,1.7037037037037033,Up,0x3304a56f720a5c0c3ac6a618513d0ae618b58219109056d186d31924c6da8984,82748272244895880490028507559244751857487895230539633100221725136360873355030
2026-04-24T19:30:03.068951+00:00,2026-04-24T19:39:56.580086+00:00,momentum,"Bitcoin Up or Down - April 24, 3:30PM-3:35PM ET",UP,Up,2.0,0.59,,WIN,YES,1.3898305084745766,Up,0x71c31fb860bb724c2fc4fa6627c645204e1d8bbf8cc2764c3ddcd3dbfd49f09e,91068974636572036476072129339415469289219452082600146106034892220695104093144
2026-04-24T19:30:03.024895+00:00,2026-04-24T19:41:57.141733+00:00,momentum,"Solana Up or Down - April 24, 3:30PM-3:35PM ET",UP,Up,2.0,0.51,,LOSS,NO,-2.0,Down,0x642d42a0b1629c4599e0fb9a568d53c876c36f6e5f14b6fc9b5b3ebc26e91900,93570066859624373442334963456239959854965295825353901004730082344074488558848
2026-04-24T19:35:00.940653+00:00,2026-04-24T19:45:58.336459+00:00,momentum,"Ethereum Up or Down - April 24, 3:35PM-3:40PM ET",DOWN,Down,2.0,0.51,,WIN,YES,1.9215686274509802,Down,0x2d016b55623d5298d629fc2934a8120f9aa4a36cadb10f891652c137019c1669,47278546292126478504387747894844031318988447315147883824276132675753731098608
2026-04-24T19:35:02.087018+00:00,2026-04-24T19:45:58.364968+00:00,momentum,"Bitcoin Up or Down - April 24, 3:35PM-3:40PM ET",DOWN,Down,2.0,0.58,,LOSS,NO,-2.0,Up,0x2cb452b5de8e0e9832d866831ea28e3c2b384c53b819d6d06ac32956efa6c4f6,95794446116712565224806488183945531346409871395083615981555623699448974390504
2026-04-24T19:35:02.119295+00:00,2026-04-24T19:45:58.418628+00:00,momentum,"Solana Up or Down - April 24, 3:35PM-3:40PM ET",DOWN,Down,4.0,0.59,,LOSS,NO,-4.0,Up,0xafb0b2cff12e92a43390e07182c24c3489348717e9e80f05722ff9e3516649c5,98480226784834628540834875571242783854851740847768969294330983636390232038272
2026-04-24T19:35:02.159350+00:00,2026-04-24T19:45:58.455729+00:00,momentum,"XRP Up or Down - April 24, 3:35PM-3:40PM ET",DOWN,Down,2.0,0.56,,LOSS,NO,-2.0,Up,0x70453665f889c22caf33a430732178891fc085c98e3c5a7a4c2cab9d01da4de3,45107265034699023270861599081707217401193464232320380484108021219245839233721
2026-04-24T19:40:00.285581+00:00,2026-04-24T19:51:01.503729+00:00,momentum,"Ethereum Up or Down - April 24, 3:40PM-3:45PM ET",DOWN,Down,4.0,0.525,,WIN,YES,3.6190476190476186,Down,0xcb51239db932f8ba1e6aade4db17a6674657bb08ffcf3ec8c4e092245a739cf6,12298495828373270372247010937439107550821745870545395089318807380411609431309
2026-04-24T19:40:32.792507+00:00,2026-04-24T19:51:01.866796+00:00,momentum,"Solana Up or Down - April 24, 3:40PM-3:45PM ET",DOWN,Down,4.0,0.69,,WIN,YES,1.7971014492753632,Down,0xe1478b04075875f6f640867d5f7050e93ccf88354a1209cb5fb13c4e194aae50,19791174430267044360633574834301373345637136628859750478712531062186525993362
2026-04-24T19:40:00.342499+00:00,2026-04-24T19:52:01.600148+00:00,momentum,"XRP Up or Down - April 24, 3:40PM-3:45PM ET",UP,Up,4.0,0.51,,WIN,YES,3.8431372549019605,Up,0xbd7fc763a2e12fe7721c322d4b47e00363ba8dafaa81b7e051db183207e1286b,50311150436980714487627998021689133725478256227821591393306700116678511398599
2026-04-24T19:40:32.751022+00:00,2026-04-24T19:52:01.806671+00:00,momentum,"Bitcoin Up or Down - April 24, 3:40PM-3:45PM ET",DOWN,Down,4.0,0.59,,WIN,YES,2.779661016949153,Down,0xa945e631289b8e486930b6a1d8b156c3ef40c6f115c219eb5e944565ad15ab79,111443544465086316468166834836659478887757536694217284865301805251429725662369
2026-04-24T19:45:00.823669+00:00,2026-04-24T19:54:02.339424+00:00,momentum,"Bitcoin Up or Down - April 24, 3:45PM-3:50PM ET",DOWN,Down,2.0,0.55,,WIN,YES,1.6363636363636362,Down,0xe8f11d6257d3040a74fdf7d55a56da79657080ceba716242db0187d3276bb24a,86420302650067503882053441504564041557603584218908568517762096325991756570478
2026-04-24T19:45:00.867804+00:00,2026-04-24T19:54:02.472159+00:00,momentum,"XRP Up or Down - April 24, 3:45PM-3:50PM ET",DOWN,Down,2.0,0.51,,WIN,YES,1.9215686274509802,Down,0x8bf4bc04ac0ed37b1095106bc158ac7122f061e29e6d8365580ed457eb9cabd1,12169388745371274860431701057350283521124360164228611157162671300801985307020
2026-04-24T19:45:04.200624+00:00,2026-04-24T19:55:03.035254+00:00,momentum,"Solana Up or Down - April 24, 3:45PM-3:50PM ET",DOWN,Down,2.0,0.57,,WIN,YES,1.5087719298245617,Down,0xc0061725bee36cfe1e5257f7e34040018800a4f5de5406b88ecd62a2e0fb56d7,45393105965927668719767938956110254008618484190873379334188687336255216115399
2026-04-24T19:45:04.488400+00:00,2026-04-24T19:57:04.162562+00:00,momentum,"Ethereum Up or Down - April 24, 3:45PM-3:50PM ET",UP,Up,2.0,0.53,,LOSS,NO,-2.0,Down,0x7d290ebb6aa8e8b9baf24c44495e8d9c9bdc3f87ef509d9f0510e0bc09ceff23,101857826511680391344721358565458837504195702834441488846407758333558184563869
2026-04-24T19:50:01.108768+00:00,2026-04-24T20:00:05.355637+00:00,momentum,"Bitcoin Up or Down - April 24, 3:50PM-3:55PM ET",UP,Up,2.0,0.63,,WIN,YES,1.1746031746031744,Up,0xc1d1f410b3817e6184ecb162c88202f5c643ace0a10082f81535c703cca2d4de,71369278954588806391261864407191687493769277932709903742557476625501424274625
2026-04-24T19:50:01.144608+00:00,2026-04-24T20:00:05.533608+00:00,momentum,"Solana Up or Down - April 24, 3:50PM-3:55PM ET",UP,Up,2.0,0.52,,WIN,YES,1.8461538461538458,Up,0x0554ed03ab617349619c896399e63e7394b86ca409f056d9093ac6da093ccb13,13026451982752595084411363793453722133395912714367720332475394414991661663832
2026-04-24T19:50:01.235761+00:00,2026-04-24T20:00:05.851520+00:00,momentum,"XRP Up or Down - April 24, 3:50PM-3:55PM ET",UP,Up,2.0,0.55,,WIN,YES,1.6363636363636362,Up,0xa2676c693ec09b0350981cf95bf3ae607d6555dc0e40c33fe8a617cf6253b526,76259012120098064901710055295704309963053148329049042347659581439103164161721
2026-04-24T19:50:01.191916+00:00,2026-04-24T20:01:06.202562+00:00,momentum,"Ethereum Up or Down - April 24, 3:50PM-3:55PM ET",UP,Up,4.0,0.62,,WIN,YES,2.451612903225807,Up,0x703aaac533073e165651d61055b141680e66b94287d596dd738801b5f4972b44,4858699663485651917393854763841919341446509191093153714164392057719145736812
2026-04-24T19:55:05.022488+00:00,2026-04-24T20:05:08.795414+00:00,momentum,"Ethereum Up or Down - April 24, 3:55PM-4:00PM ET",DOWN,Down,2.0,0.55,,WIN,YES,1.6363636363636362,Down,0xaeafbf64332af5262b4c897233256d3d0bafb81c1a37ec28269316accb5eaad3,30400962386706274825128024335555164696952424715243034137735241016160847930290
2026-04-24T19:55:00.670510+00:00,2026-04-24T20:06:08.826554+00:00,momentum,"Bitcoin Up or Down - April 24, 3:55PM-4:00PM ET",UP,Up,2.0,0.56,,WIN,YES,1.5714285714285712,Up,0x0d8d69c9c65af4656b665d3edc10258d771a93e80d797efe9f31408a00ee2088,97870755303147193657452508115333828164661780039795793032727106730030912761217
2026-04-24T19:55:00.710256+00:00,2026-04-24T20:06:08.860526+00:00,momentum,"Solana Up or Down - April 24, 3:55PM-4:00PM ET",UP,Up,2.0,0.51,,LOSS,NO,-2.0,Down,0x7951169c2813e634f86cbc21b7ad1238cdf2bed9313cc38974469bb35e8bfea1,80845411020243086938331592531199148633217075692159873771683295958197875437390
2026-04-24T19:55:05.049440+00:00,2026-04-24T20:07:08.865085+00:00,momentum,"XRP Up or Down - April 24, 3:55PM-4:00PM ET",DOWN,Down,2.0,0.53,,WIN,YES,1.773584905660377,Down,0x7f59a830199b640532d412d4189bfa6a54914e7fbf57d1030357e7fb0dbdb129,42206692717299277704454995456130209960530575015562029242059887018617447203009
2026-04-24T20:00:00.193050+00:00,2026-04-24T20:08:09.787900+00:00,momentum,"XRP Up or Down - April 24, 4:00PM-4:05PM ET",UP,Up,2.0,0.51,,LOSS,NO,-2.0,Down,0xd9a9c035c94d68e5348f06e935e1bd645a750d7f8677a2969b25e960831509f9,110212429130716389543843532806551784488404053984750085420809968712416233167467
2026-04-24T20:00:02.568189+00:00,2026-04-24T20:08:10.120353+00:00,momentum,"Solana Up or Down - April 24, 4:00PM-4:05PM ET",DOWN,Down,2.0,0.55,,LOSS,NO,-2.0,Up,0x28f03828c7b5c7c47ddf5fcf4d15a89a9c612bd6b49f8b540c0a5490d73a24e8,96180835329637403060548663154841881763054908157215855222414366201212075475269
2026-04-24T20:00:02.485833+00:00,2026-04-24T20:09:10.118770+00:00,momentum,"Ethereum Up or Down - April 24, 4:00PM-4:05PM ET",DOWN,Down,2.0,0.53,,WIN,YES,1.773584905660377,Down,0x058fc8fe7e5618da4083863df13496930fc348f21d81b833131dc24288bf3fb0,56198477131204981649063365451524328171449438876207290446492416350712828525864
2026-04-24T20:00:02.534187+00:00,2026-04-24T20:09:10.272506+00:00,momentum,"Bitcoin Up or Down - April 24, 4:00PM-4:05PM ET",DOWN,Down,2.0,0.52,,WIN,YES,1.8461538461538458,Down,0xbbb71ea0fd374165413b4f3d0a9da41219b1937baa946643e84b8ac534e7f39a,3263753126644711345509888398497149425763876739994020504470943078640039908783
2026-04-24T20:05:01.915104+00:00,2026-04-24T20:14:14.122061+00:00,momentum,"Bitcoin Up or Down - April 24, 4:05PM-4:10PM ET",UP,Up,2.0,0.52,,LOSS,NO,-2.0,Down,0x60103f76b0a045ec3763123adb491d75d39e7f08b9e3863f0f991c9f2c144ecc,74725770638002108295670842349128422978784247492998367919424548626762958129054
2026-04-24T20:05:05.289069+00:00,2026-04-24T20:14:14.156511+00:00,momentum,"XRP Up or Down - April 24, 4:05PM-4:10PM ET",UP,Up,4.0,0.51,,LOSS,NO,-4.0,Down,0x21926132962923e02ed1f7bed2816d1a7a0c00b767c84182e9df1a65ba36b343,96043398184529016339726450402719853967141015703748102847543648581580864593723
2026-04-24T20:05:00.738278+00:00,2026-04-24T20:15:14.965546+00:00,momentum,"Solana Up or Down - April 24, 4:05PM-4:10PM ET",DOWN,Down,4.0,0.51,,WIN,YES,3.8431372549019605,Down,0x60c97dc8f3ba01ebdefecb8d36d9a620f030c680afd2d0c1c6c3ff57215f53f2,56201880909687100849204572062470430464613132114329527808328641550540331621045
2026-04-24T20:05:01.877626+00:00,2026-04-24T20:16:15.304497+00:00,momentum,"Ethereum Up or Down - April 24, 4:05PM-4:10PM ET",UP,Up,2.0,0.51,,LOSS,NO,-2.0,Down,0x68806ee95e98b117b70f9e2c34033395568f14e1a584159674d5425f058ffca9,90482292546195038105910492924930979276417704397285188287011410539258098961280
2026-04-24T20:10:00.142767+00:00,2026-04-24T20:20:17.051054+00:00,momentum,"Solana Up or Down - April 24, 4:10PM-4:15PM ET",DOWN,Down,2.0,0.515,,LOSS,NO,-2.0,Up,0x5dc04852aadfccf12c71991cdf6b41912064492398b7a5a80d387fdf1b996b7d,30047476552232713102280781429033444872999001823016340629696452609391136676945
2026-04-24T20:10:01.279396+00:00,2026-04-24T20:20:17.089673+00:00,momentum,"XRP Up or Down - April 24, 4:10PM-4:15PM ET",UP,Up,8.0,0.51,,LOSS,NO,-8.0,Down,0xea306845ba447131b9b48a8fcb0fccc44dbc11e35ef06a4c8a7ae5e1bd13d36b,16911916564799973610438755041930353180709065005198822481187968619514588007335
2026-04-24T20:10:01.339342+00:00,2026-04-24T20:21:17.224406+00:00,momentum,"Bitcoin Up or Down - April 24, 4:10PM-4:15PM ET",UP,Up,4.0,0.52,,WIN,YES,3.6923076923076916,Up,0xad44898bd167e1dde597b477442f89c921b34517996f76becb99ded2ea96dc48,17716017961584339188404118194018861793569411638781495401504178242698121929714
2026-04-24T20:10:04.508126+00:00,2026-04-24T20:21:17.378958+00:00,momentum,"Ethereum Up or Down - April 24, 4:10PM-4:15PM ET",UP,Up,4.0,0.51,,WIN,YES,3.8431372549019605,Up,0x6121bc47cd29f1517f45e5d1892be975217c927c12b2349f0a3f0c0fa2ed87df,4430708157631906332436988485120513799195372313897921987231247125897109210099
2026-04-24T20:15:00.241335+00:00,2026-04-24T20:24:18.871721+00:00,momentum,"Solana Up or Down - April 24, 4:15PM-4:20PM ET",DOWN,Down,4.0,0.51,,WIN,YES,3.8431372549019605,Down,0x8155105a46e727dd3711852065d5d39a10d7eae7a254490af330b9db5fbb0634,4070224398705592125452058505249009784941423783583578792237937554304361036113
2026-04-24T20:15:03.587125+00:00,2026-04-24T20:24:19.005253+00:00,momentum,"Bitcoin Up or Down - April 24, 4:15PM-4:20PM ET",DOWN,Down,2.0,0.54,,WIN,YES,1.7037037037037033,Down,0xc6f4565d474c5a94dab573b3db4943bb8a857d9475752c51e5fe3806bd2d7309,81024280955935826032477632941927307030179862185562854161731534019062043043370
2026-04-24T20:15:03.919948+00:00,2026-04-24T20:24:19.143692+00:00,momentum,"XRP Up or Down - April 24, 4:15PM-4:20PM ET",DOWN,Down,2.0,0.51,,WIN,YES,1.9215686274509802,Down,0x837bfd6817fde0b981fd0e82f69b5bae9e77615a316831eed9913551622b9b4a,92574827866193998851030716550869543501306572746893752627702937455929205307246
2026-04-24T20:15:17.055770+00:00,2026-04-24T20:24:19.184291+00:00,momentum,"Ethereum Up or Down - April 24, 4:15PM-4:20PM ET",UP,Up,2.0,0.53,,LOSS,NO,-2.0,Down,0x0ed54dbdf516ba6fe5912b63980bee7c624640c2bc106367bd7808e33ed4c3a1,47117650766263685379330419797383262777874307317483002018905016989612142536202
2026-04-24T20:20:00.446934+00:00,2026-04-24T20:29:22.013450+00:00,momentum,"Ethereum Up or Down - April 24, 4:20PM-4:25PM ET",UP,Up,2.0,0.51,,LOSS,NO,-2.0,Down,0xbf938deaa356c6d48a2eca5971df45d01eed2522aeaa005084cd82dbd3caccaf,102228642726991540274931840891450526056830528359424193136067331817098489013630
2026-04-24T20:20:00.345343+00:00,2026-04-24T20:31:22.531956+00:00,momentum,"Solana Up or Down - April 24, 4:20PM-4:25PM ET",UP,Up,2.0,0.51,,LOSS,NO,-2.0,Down,0x54cb57109de6f9578d76a064b647e6adcd68200c439e8f1c9b396b4de96e6887,65314602575043004846182253990590094248980437276142725951087796261936594049217
2026-04-24T20:20:00.387580+00:00,2026-04-24T20:31:22.560632+00:00,momentum,"XRP Up or Down - April 24, 4:20PM-4:25PM ET",UP,Up,2.0,0.53,,LOSS,NO,-2.0,Down,0x9b724b378217691f7072c0ffee12dbafe6e0d571f75454a68105252c4391a9fe,20628199696083227559410797680163614382361227945083828204642343847592919909041
2026-04-24T20:20:00.417836+00:00,2026-04-24T20:31:22.602423+00:00,momentum,"Bitcoin Up or Down - April 24, 4:20PM-4:25PM ET",UP,Up,2.0,0.53,,LOSS,NO,-2.0,Down,0xcf14db47ffc078c28e2d762604609f483908e2e6006c3248b3808f8a575c6dbb,67252877300330091110492647982289434927930599071582776397310987545624568083930
2026-04-24T20:25:00.355366+00:00,2026-04-24T20:35:24.855382+00:00,momentum,"XRP Up or Down - April 24, 4:25PM-4:30PM ET",UP,Up,4.0,0.55,,WIN,YES,3.2727272727272725,Up,0x882033e3e2cd6d1aaa865fd072883940b63abf0af927c9343e7f41e78e505778,36896430651168322456236987434712228015033945425673502602126752085816270285086
2026-04-24T20:25:00.390925+00:00,2026-04-24T20:36:25.257714+00:00,momentum,"Bitcoin Up or Down - April 24, 4:25PM-4:30PM ET",UP,Up,4.0,0.52,,WIN,YES,3.6923076923076916,Up,0x1e968b496d574f24a95afd0a987bd6243dff74e87f052def0222f0f5e57f19ed,74980997900716446663614140254825809945486406423817288275158979058341300585245
2026-04-24T20:25:00.425177+00:00,2026-04-24T20:36:25.366290+00:00,momentum,"Ethereum Up or Down - April 24, 4:25PM-4:30PM ET",UP,Up,4.0,0.53,,LOSS,NO,-4.0,Down,0xccf61f09e5842083be648a865426da1d53633244efd51640530a66a850325ca8,112463445850339876589228997489936426301008049037044769474604115155528384211503
2026-04-24T20:25:03.645308+00:00,2026-04-24T20:36:25.678098+00:00,momentum,"Solana Up or Down - April 24, 4:25PM-4:30PM ET",DOWN,Down,4.0,0.56,,WIN,YES,3.1428571428571423,Down,0x92ccecdc738191808a44a9c4798b746b90edced13cff34c91b49c105d8853056,58555557776871399057201238477766741061283889695341704026282245347327970370517
2026-04-24T20:30:00.963500+00:00,2026-04-24T20:38:25.637088+00:00,momentum,"XRP Up or Down - April 24, 4:30PM-4:35PM ET",UP,Up,2.0,0.51,,WIN,YES,1.9215686274509802,Up,0xe5e2ccbcc3120d620599404e60728b34b58915453a0abd0e14b8b71ebdb9af8e,82158039502981526065814409846701064110425424511413411823616197383660482091378
2026-04-24T20:30:06.546593+00:00,2026-04-24T20:38:25.769197+00:00,momentum,"Solana Up or Down - April 24, 4:30PM-4:35PM ET",UP,Up,2.0,0.56,,WIN,YES,1.5714285714285712,Up,0xfcae895945eecfad23e15e53b234300fcef8551a5cead871d6ae61c4c005c116,85476060805594484767304985575426105678176320951145441240035085774123949603377
2026-04-24T20:30:00.929140+00:00,2026-04-24T20:39:25.632619+00:00,momentum,"Ethereum Up or Down - April 24, 4:30PM-4:35PM ET",UP,Up,8.0,0.515,,WIN,YES,7.533980582524272,Up,0x5ab11c6b17f87545be4f25da41177546aed0782fbd0dccf70b7692dbd1f440d4,41480615829934448184506573108084767180474961705987945156297217943057138104434
2026-04-24T20:30:00.874542+00:00,2026-04-24T20:40:26.251009+00:00,momentum,"Bitcoin Up or Down - April 24, 4:30PM-4:35PM ET",UP,Up,2.0,0.515,,WIN,YES,1.883495145631068,Up,0xfee2c90758beed6a41b5e08ac0eccb126a6a77210db6c25032b10aedd5ddcfd1,7418404001978456921904422501631670677448808027835258157627988085413107967554
2026-04-24T20:35:00.793506+00:00,2026-04-24T20:44:27.336884+00:00,momentum,"Ethereum Up or Down - April 24, 4:35PM-4:40PM ET",UP,Up,2.0,0.515,,WIN,YES,1.883495145631068,Up,0xa0fa91f6afef67ca8eb283006e93372b6068d7ec88b8420cc4c04b14a96b0f1a,2438320113252540517969372931957691291144559975202009811100346542505558036788
2026-04-24T20:35:00.827915+00:00,2026-04-24T20:45:27.881564+00:00,momentum,"XRP Up or Down - April 24, 4:35PM-4:40PM ET",UP,Up,2.0,0.51,,WIN,YES,1.9215686274509802,Up,0x8870b0d2ec990b366379a22fbe4464fba86eddb93aee98674ec6b53b8711ac63,11584852501724923420091249544496902210337820531707423731170529362878498974449
2026-04-24T20:35:02.962607+00:00,2026-04-24T20:45:28.074901+00:00,momentum,"Solana Up or Down - April 24, 4:35PM-4:40PM ET",UP,Up,2.0,0.54,,WIN,YES,1.7037037037037033,Up,0x60576a1483c6222ff72ceb152c3a5dede3a10690a11f290cd5105adeb02e9509,111782316744799585407180003335047215527392379516438867906250799192495770418493
2026-04-24T20:35:18.602574+00:00,2026-04-24T20:45:28.111150+00:00,momentum,"Bitcoin Up or Down - April 24, 4:35PM-4:40PM ET",DOWN,Down,2.0,0.51,,LOSS,NO,-2.0,Up,0xd5a9e7166f30b6ad356f84d94799b056be3fcc9f8d99110efdc2174265084020,14498080659647783846630345656152107178825155866720544011587121075627909518017
2026-04-24T20:40:01.800381+00:00,2026-04-24T20:50:29.543112+00:00,momentum,"Bitcoin Up or Down - April 24, 4:40PM-4:45PM ET",DOWN,Down,4.0,0.52,,WIN,YES,3.6923076923076916,Down,0x324e21835066e8648cf166026551cc14e84f66192e793af7468a4eae3a0bc63f,85254891650199245506716886303117173376712208224766222934909655279729910410429
2026-04-24T20:40:00.084383+00:00,2026-04-24T20:51:29.634971+00:00,momentum,"XRP Up or Down - April 24, 4:40PM-4:45PM ET",UP,Up,2.0,0.51,,LOSS,NO,-2.0,Down,0xa8c0c5568f29f8dadd6cbc08b6d80a2a03537591b44286b61b8cc7c66067e756,32432718242341789658737380852826419783624890931070187145401313690782762475564
2026-04-24T20:40:01.509796+00:00,2026-04-24T20:51:29.935458+00:00,momentum,"Solana Up or Down - April 24, 4:40PM-4:45PM ET",DOWN,Down,2.0,0.55,,WIN,YES,1.6363636363636362,Down,0x3e3754fe3a3cce6942075c5a8c7edcf006693e361a60cc33aee947f48ca5e56b,111414554914601221096012579977703043309838354431771058859818833007576770243803
2026-04-24T20:40:00.133354+00:00,2026-04-24T20:52:30.365112+00:00,momentum,"Ethereum Up or Down - April 24, 4:40PM-4:45PM ET",UP,Up,2.0,0.515,,LOSS,NO,-2.0,Down,0x1a5da9f8d9fd2999e338b0b642744900b3bcafb861b6d2f0187dff0b911d27a5,24933862374000938030654044668844212244316669595586472468597365064128240175688
2026-04-24T20:45:01.563207+00:00,2026-04-24T20:54:31.892780+00:00,momentum,"Bitcoin Up or Down - April 24, 4:45PM-4:50PM ET",DOWN,Down,2.0,0.53,,LOSS,NO,-2.0,Up,0x28439f8194473a8cae1a41ca3c6726d0f0e6f127db91b4fef88c02de83fd193c,3516865376657855593219196567276070944981013978200299528360682276258447042535
2026-04-24T20:45:01.597094+00:00,2026-04-24T20:54:31.925680+00:00,momentum,"Ethereum Up or Down - April 24, 4:45PM-4:50PM ET",DOWN,Down,2.0,0.53,,LOSS,NO,-2.0,Up,0x4da9573123287c0e2ec527b2d080eb3e761d288c239b2fb3ff77635166ca2a14,114431390494319334730827876100958504090267626000350631580874284820877796931446
2026-04-24T20:45:01.633228+00:00,2026-04-24T20:54:31.975890+00:00,momentum,"Solana Up or Down - April 24, 4:45PM-4:50PM ET",DOWN,Down,2.0,0.52,,LOSS,NO,-2.0,Up,0x5a14da48bd03d376d5f8244162ede25261668d73befe96c85d1c8e59e93a19fe,108875340047015567486266203137295756298349901866157385032517632931662823067197
2026-04-24T20:45:00.332385+00:00,2026-04-24T20:55:32.524597+00:00,momentum,"XRP Up or Down - April 24, 4:45PM-4:50PM ET",UP,Up,2.0,0.51,,WIN,YES,1.9215686274509802,Up,0x4274ce1adb89f659e561d445762697250a2ccfbd15f2d2d4165407483f3270da,69291551566617573620494318080504968322409779660277585328347337610716753893946
2026-04-24T20:50:00.735338+00:00,2026-04-24T20:59:34.686881+00:00,momentum,"Solana Up or Down - April 24, 4:50PM-4:55PM ET",DOWN,Down,4.0,0.55,,LOSS,NO,-4.0,Up,0xd2337a53768d72a5343ca0f19b7c97d72cfb3788b2f91508fbc13530660ce6d4,113609352565382525539115225215837192335137077098778443044713945475860669037189
2026-04-24T20:50:00.771025+00:00,2026-04-24T20:59:34.717754+00:00,momentum,"XRP Up or Down - April 24, 4:50PM-4:55PM ET",DOWN,Down,2.0,0.51,,LOSS,NO,-2.0,Up,0xee6dcb223f0bd346605a8a086f2ad3d73aa66fe3f0088ab61c3f7fc611a45c18,15963288538469391932555142727710274090301777201762331733769939421892165121632
2026-04-24T20:50:00.799764+00:00,2026-04-24T20:59:34.747992+00:00,momentum,"Ethereum Up or Down - April 24, 4:50PM-4:55PM ET",DOWN,Down,8.0,0.55,,LOSS,NO,-8.0,Up,0x2b8f2910d501e579e106aa19a3786ff8fd132ed6c089d3402a9a6116ea5cb433,99042280782353415754909575999816956320959324298616498419750286221653350212366
2026-04-24T20:50:07.064455+00:00,2026-04-24T21:00:35.187578+00:00,momentum,"Bitcoin Up or Down - April 24, 4:50PM-4:55PM ET",DOWN,Down,4.0,0.57,,LOSS,NO,-4.0,Up,0xb495dd695bb1af71f977d8205811d27ed9b49bef70ae5ad196d445c8783460c2,78363235587514337513524562295128321416141474998891709222799257173847735198624
2026-04-24T20:55:01.008941+00:00,2026-04-24T21:05:38.149499+00:00,momentum,"Solana Up or Down - April 24, 4:55PM-5:00PM ET",DOWN,Down,8.0,0.515,,LOSS,NO,-8.0,Up,0x90f10c2ae3ed2a9b643a37c6443c3f6586c5a32d7f558449f56d2c4750a76acd,103666534093735366006364842534506231094929083648054280259768224259330015254570
2026-04-24T20:55:02.134067+00:00,2026-04-24T21:05:38.334839+00:00,momentum,"Ethereum Up or Down - April 24, 4:55PM-5:00PM ET",UP,Up,16.0,0.59,,WIN,YES,11.118644067796613,Up,0xc9c4cba0bcc667792822761fb2474517513a3fb53be50d42231f7fe4370d9e4f,99680237582824188196697295455551114913937206886654789891711607244617506958718
2026-04-24T20:55:02.180327+00:00,2026-04-24T21:06:38.446033+00:00,momentum,"XRP Up or Down - April 24, 4:55PM-5:00PM ET",DOWN,Down,4.0,0.57,,LOSS,NO,-4.0,Up,0xce3a543d96549c92030f136fb79300b8ffce80136962cd552ba9c91cf651b63f,45312151692494852821794601582308469245433962533639117201017302682736769695825
2026-04-24T20:55:11.788294+00:00,2026-04-24T21:06:38.486218+00:00,momentum,"Bitcoin Up or Down - April 24, 4:55PM-5:00PM ET",DOWN,Down,8.0,0.54,,LOSS,NO,-8.0,Up,0x1cb3ea42b0eae845fbe5782c36c273167189b050861e0090fc16ca5d9673ebf7,29747633265792241113288872128644338514651642561011933508225523874811189276933
2026-04-24T21:00:00.134010+00:00,2026-04-24T21:09:40.576974+00:00,momentum,"Solana Up or Down - April 24, 5:00PM-5:05PM ET",DOWN,Down,16.0,0.525,,LOSS,NO,-16.0,Up,0x76dadea67983a33f33461c8a01666e15151dbb6b83c0b3fc3fe870f99f9aa86a,97283153376038703912795805063711708550048549357655035719047469006169879492410
2026-04-24T21:00:01.294970+00:00,2026-04-24T21:09:40.611657+00:00,momentum,"Bitcoin Up or Down - April 24, 5:00PM-5:05PM ET",DOWN,Down,16.0,0.51,,LOSS,NO,-16.0,Up,0xe79544c02a4c8b66b236a3a5aeec5c0a8e1fe55bbfa2d39ccc2259d067510385,14198653646866267623419231395467534192785803835084872182754345972556500217647
2026-04-24T21:00:01.335286+00:00,2026-04-24T21:09:40.771780+00:00,momentum,"Ethereum Up or Down - April 24, 5:00PM-5:05PM ET",DOWN,Down,2.0,0.53,,WIN,YES,1.773584905660377,Down,0x59e2d11843f9e47e7b864ca2246a4859a4d57019a64e89e5b91f00034876ee6e,70089680743410480767882204264651946592418322824300948951888913104538809485028
2026-04-24T21:00:01.373995+00:00,2026-04-24T21:09:40.803253+00:00,momentum,"XRP Up or Down - April 24, 5:00PM-5:05PM ET",DOWN,Down,8.0,0.55,,LOSS,NO,-8.0,Up,0x6483a99dfcd2a00108e223d895fdd9db5aef925b015f8cacf28418edbd61388e,31817650617649597347929794387976854557291546141869119557584940098401290215789
2026-04-24T21:05:02.027536+00:00,2026-04-24T21:14:43.587578+00:00,momentum,"XRP Up or Down - April 24, 5:05PM-5:10PM ET",DOWN,Down,2.0,0.55,,WIN,YES,1.6363636363636362,Down,0xdf559e8788a7b534e1c2b1048737149f638ecb89f3c1ac772e3d3843dcec578c,36674449212495378228383982268852232822662973902223570604789804278407344410485
2026-04-24T21:05:01.943719+00:00,2026-04-24T21:15:43.684255+00:00,momentum,"Bitcoin Up or Down - April 24, 5:05PM-5:10PM ET",DOWN,Down,2.0,0.57,,WIN,YES,1.5087719298245617,Down,0x11af7758a87366f9d40216e81fb331e32dace3032d742a83ad27f9e5e622ccbd,35490674849851979032085716082334064820470266341770789239649205741912044431921
2026-04-24T21:05:05.182705+00:00,2026-04-24T21:15:43.842366+00:00,momentum,"Ethereum Up or Down - April 24, 5:05PM-5:10PM ET",DOWN,Down,2.0,0.55,,LOSS,NO,-2.0,Up,0x41782650c374886f579ef432c15b6ac8ba0864fc840d6a3bcbf1968f37d2dab2,45432854496449614636625685843716697181417307743088582044085960866359634788653
2026-04-24T21:05:01.981511+00:00,2026-04-24T21:16:44.212650+00:00,momentum,"Solana Up or Down - April 24, 5:05PM-5:10PM ET",DOWN,Down,2.0,0.55,,LOSS,NO,-2.0,Up,0x20239b5f6c98e8e3d43c816605186a230ced8a22d8bdea620b37d1c7b656fecc,43938557848733258816957221660488081750598079779687266836182557990579554060691
2026-04-24T21:10:01.991649+00:00,2026-04-24T21:20:46.960065+00:00,momentum,"Ethereum Up or Down - April 24, 5:10PM-5:15PM ET",DOWN,Down,4.0,0.52,,WIN,YES,3.6923076923076916,Down,0xc6035d8e8bc27903b536384315539796c2339453ce95d38cd332c57a28a73122,113557174147201682632324176147222324277801005473389668807285657467807241433366
2026-04-24T21:10:00.820844+00:00,2026-04-24T21:21:47.668980+00:00,momentum,"Solana Up or Down - April 24, 5:10PM-5:15PM ET",DOWN,Down,4.0,0.525,,WIN,YES,3.6190476190476186,Down,0xebef9ba988d241fd3d9c72a280f4e22c55f4708fdaa53924b30df4cc8009946e,93876304279688778498387794666827275092993411081269481228207056780518443428756
2026-04-24T21:10:01.939115+00:00,2026-04-24T21:21:47.829411+00:00,momentum,"XRP Up or Down - April 24, 5:10PM-5:15PM ET",DOWN,Down,2.0,0.55,,WIN,YES,1.6363636363636362,Down,0x65df6d51926ffe9454004053770c23419f1546e33adb7ab0a468eeb57e3b07f2,64457853092701287525361918851064152221360712503861685648051628628361563809135
2026-04-24T21:10:02.034547+00:00,2026-04-24T21:21:47.990693+00:00,momentum,"Bitcoin Up or Down - April 24, 5:10PM-5:15PM ET",DOWN,Down,2.0,0.52,,WIN,YES,1.8461538461538458,Down,0x457e8996caa3b00295d2a3c7dd1db6e7ee213259c945e9b69c24cd0b38886e05,27600767255509399121726194382002884844249626282316415252230184206144314705297
2026-04-24T21:15:01.453747+00:00,2026-04-24T21:23:49.019787+00:00,momentum,"Solana Up or Down - April 24, 5:15PM-5:20PM ET",DOWN,Down,2.0,0.52,,LOSS,NO,-2.0,Up,0xf3fb2d53ba9a6d4709f232ab634ed62366a6dd543dba84520dceba79fa55b9b8,12408815051454809443828496116973496513895236461196028536384734942340771649514
2026-04-24T21:15:07.646657+00:00,2026-04-24T21:23:49.050431+00:00,momentum,"XRP Up or Down - April 24, 5:15PM-5:20PM ET",DOWN,Down,2.0,0.54,,LOSS,NO,-2.0,Up,0x6cc5f228bdf21f6a676df1595d7b3176fac8252ad3c3f6f0d4b5005d431b6c66,74364475393513643649225617211998266216953572739045693610598405379261919703938
2026-04-24T21:15:00.257705+00:00,2026-04-24T21:24:49.053105+00:00,momentum,"Ethereum Up or Down - April 24, 5:15PM-5:20PM ET",DOWN,Down,2.0,0.515,,LOSS,NO,-2.0,Up,0x50bcd88a8a7bfd46da09ee98b3c2f62eee315eebd51004c999c98dc4e8b9bc30,87295417479561723749529685539112387316737872226421750216028895455752583758627
2026-04-24T21:15:01.408382+00:00,2026-04-24T21:24:49.233365+00:00,momentum,"Bitcoin Up or Down - April 24, 5:15PM-5:20PM ET",UP,Up,2.0,0.52,,WIN,YES,1.8461538461538458,Up,0xfafe192e47b401347a407655fc5a23db90fd1bf5bb5175898916c77dbbf61620,82284924739715053702751865305179263427200017392288894283572080725231005677693
2026-04-24T21:20:00.961811+00:00,2026-04-24T21:30:51.805753+00:00,momentum,"Bitcoin Up or Down - April 24, 5:20PM-5:25PM ET",UP,Up,2.0,0.55,,WIN,YES,1.6363636363636362,Up,0x6d35aa1dfb83bdba3ceb614dd4f0f71b6fe1732749e2f7be10a5d73ac5527594,17902855300503567028866525444510181408325912377473206698308042389571144208623
2026-04-24T21:20:04.118366+00:00,2026-04-24T21:30:52.004355+00:00,momentum,"Solana Up or Down - April 24, 5:20PM-5:25PM ET",UP,Up,2.0,0.51,,WIN,YES,1.9215686274509802,Up,0x086f71e6ee967e820fcbba66b54943920335e97775a42b4bcf14cbebac9df245,94747525657820002894810591277955138987458085519644192998679299981437884437247
2026-04-24T21:20:04.153576+00:00,2026-04-24T21:30:52.036204+00:00,momentum,"XRP Up or Down - April 24, 5:20PM-5:25PM ET",UP,Up,2.0,0.56,,LOSS,NO,-2.0,Down,0x065f8b0f14a97b4a93badb65ba0d0a01bdeaba334ff5e8d8f9e8266639ea494a,57910641321898016626723592727873188420988464802292573975858788244888460937254
2026-04-24T21:20:07.252836+00:00,2026-04-24T21:30:52.167110+00:00,momentum,"Ethereum Up or Down - April 24, 5:20PM-5:25PM ET",DOWN,Down,4.0,0.63,,WIN,YES,2.349206349206349,Down,0x625449a6a498305608da8a4e3a181864eb3fc8ad94a8b8a3c765a0db328ed379,34359950399431881464785102230274927139063888549617408766129638424950747943156
2026-04-24T21:25:00.744973+00:00,2026-04-24T21:35:55.644576+00:00,momentum,"Bitcoin Up or Down - April 24, 5:25PM-5:30PM ET",DOWN,Down,2.0,0.51,,WIN,YES,1.9215686274509802,Down,0xd77fdecfcb52f5b5f1fa2dd689ebdf7cfa8edf129310cc90a0bcdbc1b0630660,6585820148211773083639158692099863070200772210116994393675998104152124077593
2026-04-24T21:25:16.412907+00:00,2026-04-24T21:35:55.780126+00:00,momentum,"XRP Up or Down - April 24, 5:25PM-5:30PM ET",UP,Up,4.0,0.56,,LOSS,NO,-4.0,Down,0x04a04f30e77bdfe55605fcf9a5b5cea87b390e5825f94287b2d21a5ed4d743b8,98766919219278474484655101357344793336647844203506367009696869056635450061775
2026-04-24T21:25:00.707610+00:00,2026-04-24T21:36:56.009971+00:00,momentum,"Solana Up or Down - April 24, 5:25PM-5:30PM ET",UP,Up,4.0,0.51,,LOSS,NO,-4.0,Down,0xbd153a4d485be6e8697c209edc7176cfe34caf710c356e3b0440a1d9417ff56c,88234859232789225190059061439236242881899804228878915107189859169529704744655
2026-04-24T21:25:00.781266+00:00,2026-04-24T21:36:56.151035+00:00,momentum,"Ethereum Up or Down - April 24, 5:25PM-5:30PM ET",DOWN,Down,2.0,0.51,,WIN,YES,1.9215686274509802,Down,0xbcb81406bc5aee55bf5195d39b964fde1c149a1448f947f39043f06803520214,112033319341041538440815977940824346439132589551304986325814230492339778536457
2026-04-24T21:30:00.270741+00:00,2026-04-24T21:38:58.040731+00:00,momentum,"Bitcoin Up or Down - April 24, 5:30PM-5:35PM ET",DOWN,Down,2.0,0.56,,WIN,YES,1.5714285714285712,Down,0x947672af0db2decbf6637cecd5b2b89874431eaeca37eb8f5af604eb01f35c38,46972508844124697233295862820479598204408283884467741427256115848551209476887
2026-04-24T21:30:03.475433+00:00,2026-04-24T21:38:58.276326+00:00,momentum,"XRP Up or Down - April 24, 5:30PM-5:35PM ET",DOWN,Down,8.0,0.51,,LOSS,NO,-8.0,Up,0x808524feb0d7ba77dfd9c8580e945e20f37930d8ce2001777ba64a84069fbefb,65557268539320966394272362561478760214338938888283448114661746768533260339810
2026-04-24T21:30:00.316554+00:00,2026-04-24T21:39:58.950687+00:00,momentum,"Ethereum Up or Down - April 24, 5:30PM-5:35PM ET",UP,Up,2.0,0.51,,WIN,YES,1.9215686274509802,Up,0x8b9a927c00de3aad18db91bf36ba6c03ea0f066f5ad128076103d010ac754cf3,347092696424526159658358656749452835438550016613217438973623747530892880945
2026-04-24T21:30:00.355285+00:00,2026-04-24T21:39:59.085879+00:00,momentum,"Solana Up or Down - April 24, 5:30PM-5:35PM ET",UP,Up,8.0,0.51,,WIN,YES,7.686274509803921,Up,0xdff1eb69cbb32070cef41ee6a86e0cd46407ed8c49c14db0f4c046edb6e821e9,9272500636729231571270305756737087742887845086590174727496459638755168330738
2026-04-24T21:35:00.853215+00:00,2026-04-24T21:45:01.971399+00:00,momentum,"XRP Up or Down - April 24, 5:35PM-5:40PM ET",UP,Up,16.0,0.51,,LOSS,NO,-16.0,Down,0xc4a158bd174efafb9c567202be87c26c8f530718bcf2f51e6aa989ea1190fbea,82320078205470714991002357495463993339605878955290232266446223931062218788644
2026-04-24T21:35:06.005662+00:00,2026-04-24T21:45:02.024827+00:00,momentum,"Bitcoin Up or Down - April 24, 5:35PM-5:40PM ET",UP,Up,2.0,0.51,,LOSS,NO,-2.0,Down,0x5f67971b877d297a139042faee2873240eb26200245ee0478566afe28f53a03c,17230476435115351594250141820234656979744073447775662680699054054317924003894
2026-04-24T21:35:06.035901+00:00,2026-04-24T21:45:02.056779+00:00,momentum,"Solana Up or Down - April 24, 5:35PM-5:40PM ET",UP,Up,2.0,0.51,,LOSS,NO,-2.0,Down,0x062ca20d464cb9806146009d7fb324a5f813df2914f5616878935b0d6172edc0,93335444291717081915959452542245123063136383071872428730739897685899273537431
2026-04-24T21:35:31.046849+00:00,2026-04-24T21:46:02.221928+00:00,momentum,"Ethereum Up or Down - April 24, 5:35PM-5:40PM ET",DOWN,Down,2.0,0.82,,WIN,YES,0.4390243902439024,Down,0x38545ec0c17c120b05efbc304ae8d70152d64118797d6d10f7db97e4fc3df9d0,75674999493266258042008360982225433351998110433986496442758502329761370944089
2026-04-24T21:40:00.688672+00:00,2026-04-24T21:50:04.837263+00:00,momentum,"XRP Up or Down - April 24, 5:40PM-5:45PM ET",UP,Up,32.0,0.515,,WIN,YES,30.135922330097088,Up,0x09fd4ea5e78fcf7040669f633f8b93e1fd6ddd2d56c66de0d42fb889ca116d09,56642621762908787888330332251614951536585299078407656630078606527607586369584
2026-04-24T21:40:01.959964+00:00,2026-04-24T21:50:04.989093+00:00,momentum,"Ethereum Up or Down - April 24, 5:40PM-5:45PM ET",UP,Up,2.0,0.55,,LOSS,NO,-2.0,Down,0x306ef106d40553656eaf2e43cfae3416dcad7b7e8b4ef8ba4916fce0d3f4f722,76350109089824224771953808658673887794155311920744812234188972454368664968835
2026-04-24T21:40:01.926264+00:00,2026-04-24T21:51:05.830381+00:00,momentum,"Bitcoin Up or Down - April 24, 5:40PM-5:45PM ET",DOWN,Down,4.0,0.62,,WIN,YES,2.451612903225807,Down,0x9e7423dc73d483fd02ff141cfe7bf9f1f1b341d8d9d6b4a7f954c1bc5c2dc84a,115785470880827314053353931293398521041664475463288236713321704479481015245763
2026-04-24T21:40:02.009466+00:00,2026-04-24T21:52:06.070037+00:00,momentum,"Solana Up or Down - April 24, 5:40PM-5:45PM ET",UP,Up,4.0,0.57,,LOSS,NO,-4.0,Down,0xfd17a777b803857fda7d682fbb106eadc8d59956ace3a00afd6c2690f7ccbcc4,71288704818716692374943155711064092312749491811221948779834979509273268004934
2026-04-24T21:45:00.854663+00:00,2026-04-24T21:54:06.747397+00:00,momentum,"Solana Up or Down - April 24, 5:45PM-5:50PM ET",UP,Up,2.0,0.515,,WIN,YES,1.883495145631068,Up,0x57029f8bdeae3bf4fd22fe74de3ee4a76c16fcd2c55f82481fe3499de5169b2b,63891623996302528996656815076600454949208607952830730412340439384513352781988
2026-04-24T21:45:00.900720+00:00,2026-04-24T21:54:06.881650+00:00,momentum,"Ethereum Up or Down - April 24, 5:45PM-5:50PM ET",UP,Up,4.0,0.515,,WIN,YES,3.766990291262136,Up,0x4e024df5de3549af2e64a3075ebcb7133f1d50edfbc76b3c522444e79340aa26,23241262149303495289050426193367523842222760352061886657014267261025630972249
2026-04-24T21:45:04.070817+00:00,2026-04-24T21:55:07.134920+00:00,momentum,"Bitcoin Up or Down - April 24, 5:45PM-5:50PM ET",UP,Up,2.0,0.54,,WIN,YES,1.7037037037037033,Up,0x8b3b0c607e3baa300879c2c9e092c76b6ba6cd1c271426af2578857b417ecd8f,109686144734788901489735415995110950889158695795396894471212640724993609777895
2026-04-24T21:45:04.101370+00:00,2026-04-24T21:55:07.165212+00:00,momentum,"XRP Up or Down - April 24, 5:45PM-5:50PM ET",DOWN,Down,2.0,0.51,,LOSS,NO,-2.0,Up,0x830102638db293f9a371eea7b21f79ac1b9ad839c29cb5d05f6dc3aec5ffb6bf,60164225119472795771305019079811261302418252590242962186442481581161448196251
2026-04-24T21:50:00.471729+00:00,2026-04-24T22:00:09.575177+00:00,momentum,"Bitcoin Up or Down - April 24, 5:50PM-5:55PM ET",UP,Up,2.0,0.54,,LOSS,NO,-2.0,Down,0x58a5d2bfe957a7c3e50d8136cef0a30b6c9839c38b27fe625b546e25b387cca4,40330504447671904957740165079080322280636323156058793583980948541023984021720
2026-04-24T21:50:00.558858+00:00,2026-04-24T22:00:09.837633+00:00,momentum,"Ethereum Up or Down - April 24, 5:50PM-5:55PM ET",UP,Up,2.0,0.51,,WIN,YES,1.9215686274509802,Up,0x3f7c5d6fa955f8bfc015870b301c2a7935e6d546fc87a04e958d0b613bfd1988,107512796771998768412081665103679422359319938380715412724345172471916877295593
2026-04-24T21:50:13.313157+00:00,2026-04-24T22:00:09.959468+00:00,momentum,"XRP Up or Down - April 24, 5:50PM-5:55PM ET",DOWN,Down,4.0,0.58,,WIN,YES,2.8965517241379315,Down,0x582ac18c6f0044f4e92157b7666114dbe4e42aabbb144ee2179a18b3592a6bdf,73736184035769740927696938338527987449492208459392122240383845276771261042246
2026-04-24T21:50:00.513760+00:00,2026-04-24T22:01:10.106372+00:00,momentum,"Solana Up or Down - April 24, 5:50PM-5:55PM ET",UP,Up,2.0,0.51,,LOSS,NO,-2.0,Down,0x3dc6d3b1ab0bdc70c14acc8e5da727785b0a99055c923b53fb6badd8bd1ab872,92070337442732306453166600196171315135475970213838031737057979171012043071231
2026-04-24T21:55:02.640842+00:00,2026-04-24T22:05:12.746348+00:00,momentum,"XRP Up or Down - April 24, 5:55PM-6:00PM ET",DOWN,Down,8.0,0.52,,WIN,YES,7.384615384615383,Down,0x6c0cc56ef00822a22605f6dd3b72675b73056a9fe96427b00d0d200104e7118c,56567881898751258918119208888730588026561149055188603432192917201881066501153
2026-04-24T21:55:02.607363+00:00,2026-04-24T22:06:13.357367+00:00,momentum,"Bitcoin Up or Down - April 24, 5:55PM-6:00PM ET",UP,Up,4.0,0.52,,LOSS,NO,-4.0,Down,0x6519aa124d335c577443dca5caa78d18be8ed091b3a8c0da036d1341dfc406e2,77415683237998163762574777216124572664814386784704304589265252602150303592693
2026-04-24T21:55:12.223270+00:00,2026-04-24T22:06:13.508591+00:00,momentum,"Ethereum Up or Down - April 24, 5:55PM-6:00PM ET",UP,Up,2.0,0.57,,LOSS,NO,-2.0,Down,0x7982807f47b68c964a33f618fb6d0db74692e623db672ca70a993a7187f19650,91745035434836844516218482433993014265551780826707638896794027120601839911385
2026-04-24T21:55:05.744355+00:00,2026-04-24T22:07:13.957633+00:00,momentum,"Solana Up or Down - April 24, 5:55PM-6:00PM ET",UP,Up,4.0,0.52,,LOSS,NO,-4.0,Down,0x87eb518dedfbb4cb8f51760c02e867098e0ce2dc69e3132e3ecffe01f38f1184,70520182273432406774285769838909758646885406149546312381330668994018525102856
2026-04-24T22:00:02.266701+00:00,2026-04-24T22:09:14.843151+00:00,momentum,"Bitcoin Up or Down - April 24, 6:00PM-6:05PM ET",UP,Up,8.0,0.52,,WIN,YES,7.384615384615383,Up,0xec3691c1cd750e105bade2a2e63c113dcc537cb89a48823f1e38789b3653fed8,41255483548729187126000746082931406159809809346715524912809597448549971575413
2026-04-24T22:00:02.311425+00:00,2026-04-24T22:09:14.880836+00:00,momentum,"Ethereum Up or Down - April 24, 6:00PM-6:05PM ET",UP,Up,4.0,0.51,,LOSS,NO,-4.0,Down,0x10b39f2610c19e01d8f2d7e2d914864b0aadb75d45dcb835a4fc9f05a64a34cc,67251076291655724436343529811506479719711094802878029524028099231764626211245
2026-04-24T22:00:02.355595+00:00,2026-04-24T22:09:14.917189+00:00,momentum,"Solana Up or Down - April 24, 6:00PM-6:05PM ET",UP,Up,8.0,0.51,,LOSS,NO,-8.0,Down,0x6a261bf7a5c2e887ac54a54ddbbf1812018cb934fa7e7e9ceda0a03fa8aa1d8a,107055346896150799788761767276718451466248711342686830893863314313618385309316
2026-04-24T22:00:12.915977+00:00,2026-04-24T22:09:14.950480+00:00,momentum,"XRP Up or Down - April 24, 6:00PM-6:05PM ET",UP,Up,2.0,0.51,,LOSS,NO,-2.0,Down,0xca2388252c9923e023b0924ae79f11ff21176cbf8a23b875ce029292da26dbd0,2887599214950391689220237481761804458556590437346092448588711529933192747905
2026-04-24T22:05:01.785239+00:00,2026-04-24T22:14:18.556231+00:00,momentum,"Bitcoin Up or Down - April 24, 6:05PM-6:10PM ET",UP,Up,2.0,0.53,,LOSS,NO,-2.0,Down,0xaef8fd81c2c414d024c94ba394be9472db1d1700920713bcc5008385dc572ebf,28386536241934089063690249027057526546645562536713223333468286105359597030173
2026-04-24T22:05:01.871872+00:00,2026-04-24T22:15:19.423587+00:00,momentum,"XRP Up or Down - April 24, 6:05PM-6:10PM ET",UP,Up,4.0,0.59,,LOSS,NO,-4.0,Down,0x8b293152f51fae112519782b2e4b38c755fb5f2f6756fbff964f749d37720dcd,81531442092668421310131542757655631660826098673331563273376859482942352608682
2026-04-24T22:05:01.832846+00:00,2026-04-24T22:16:20.132464+00:00,momentum,"Ethereum Up or Down - April 24, 6:05PM-6:10PM ET",UP,Up,8.0,0.54,,WIN,YES,6.814814814814813,Up,0xc4135f700e2cdf0dab67d1879702033ea52427dbb96f6f981d537b911cfadb2e,77937875672535517731407149117720327495052222946113708141242066950664400205239
2026-04-24T22:05:01.911181+00:00,2026-04-24T22:16:20.276070+00:00,momentum,"Solana Up or Down - April 24, 6:05PM-6:10PM ET",UP,Up,8.0,0.99,,LOSS,NO,-8.0,Down,0x5a67c3af8b998eb2c8ecabcefbe85b209c8373de43ff0c39bd288e302645e054,23100421210460180915302709628844914666178289874059728475573719553595020848472
2026-04-24T22:10:00.537794+00:00,2026-04-24T22:21:22.836592+00:00,momentum,"Ethereum Up or Down - April 24, 6:10PM-6:15PM ET",UP,Up,2.0,0.51,,WIN,YES,1.9215686274509802,Up,0x315e8121e8837b4ebbb0241f2b4212bf5492af66c7c6fdbd8522b0237e4c909a,2794451176557026202994658872239242074544966503732013032137271571243299689993
2026-04-24T22:10:04.163869+00:00,2026-04-24T22:21:23.151965+00:00,momentum,"XRP Up or Down - April 24, 6:10PM-6:15PM ET",UP,Up,2.0,0.62,,WIN,YES,1.2258064516129035,Up,0xd37190ef099a6931a567ea33fb4778b83b8cc27e3372e2a83233572761b8e235,106046651637410125196767247562904474292844165624733732926813071765091106296128
2026-04-24T22:10:00.480835+00:00,2026-04-24T22:22:22.901962+00:00,momentum,"Bitcoin Up or Down - April 24, 6:10PM-6:15PM ET",UP,Up,4.0,0.64,,WIN,YES,2.25,Up,0x4026ffadfed11b66cff94dcd4facf53bbd378034449e2c0016e79e22239f0101,32407625739920043428839069667066935666599614118337183930415572999710912935818
2026-04-24T22:10:04.123120+00:00,2026-04-24T22:22:23.034093+00:00,momentum,"Solana Up or Down - April 24, 6:10PM-6:15PM ET",UP,Up,2.0,0.52,,WIN,YES,1.8461538461538458,Up,0xdf20ab81f36713eebec04a6f297988c44775b243da75ce0d3b0791936bd48f31,98932276754354783362701469771096003866644777208772036841659612523860114772787
2026-04-24T22:15:01.249827+00:00,2026-04-24T22:27:25.866941+00:00,momentum,"XRP Up or Down - April 24, 6:15PM-6:20PM ET",UP,Up,2.0,0.59,,LOSS,NO,-2.0,Down,0x315c4d4b750c09554281ef0930ce7c947900e275ffad49da403592438e9981e0,11324204998978765644788258674088729921463439690981121852993835551207850618596
2026-04-24T22:15:01.290914+00:00,2026-04-24T22:27:25.903344+00:00,momentum,"Solana Up or Down - April 24, 6:15PM-6:20PM ET",UP,Up,2.0,0.53,,LOSS,NO,-2.0,Down,0x6e4f8042b8cea5391876e1ffaca53bfa4945b35e60460788eb838dccd54544c6,24039360179331400257045541891149470384873413289917724002799317515894216164671
2026-04-24T22:15:01.332003+00:00,2026-04-24T22:27:25.936242+00:00,momentum,"Bitcoin Up or Down - April 24, 6:15PM-6:20PM ET",UP,Up,2.0,0.66,,LOSS,NO,-2.0,Down,0x6bb0be0c30e41a67c8e1b7cf767b78c56ea48e4b2a8c1629eb8f3f56fa76a18d,91617954508538103943800878074542045277551056427626314853602829514941090248699
2026-04-24T22:15:01.210063+00:00,2026-04-24T22:28:26.129924+00:00,momentum,"Ethereum Up or Down - April 24, 6:15PM-6:20PM ET",UP,Up,2.0,0.53,,LOSS,NO,-2.0,Down,0x2f6e7179e23b49bf987c6eb3e16da6ef082bf65a4935814f7b7ed6c9966c8759,47686201920329232070479095279618475503338181984032334359270910708352954653299
2026-04-24T22:20:02.330764+00:00,2026-04-24T22:29:26.465939+00:00,momentum,"XRP Up or Down - April 24, 6:20PM-6:25PM ET",UP,Up,4.0,0.59,,LOSS,NO,-4.0,Down,0xc65cbd0fa37cb36009916e2196937817a0e4c17073d134f30e90d1b9c24f3129,49402120483933358724012513156869125753772889767991480600992772292205091929106
2026-04-24T22:20:02.222184+00:00,2026-04-24T22:30:26.766099+00:00,momentum,"Bitcoin Up or Down - April 24, 6:20PM-6:25PM ET",UP,Up,2.0,0.52,,LOSS,NO,-2.0,Down,0x3850d776ee30e5482e5cc3c7109ff2d94f72a4f9cf667e49b5e68196f775d333,107359455819925016932499348207531130782896298558476789361802159391041208416192
2026-04-24T22:20:02.257437+00:00,2026-04-24T22:30:26.803429+00:00,momentum,"Solana Up or Down - April 24, 6:20PM-6:25PM ET",UP,Up,4.0,0.57,,LOSS,NO,-4.0,Down,0x48791c8469ef1903dfb562d9745e5d1478f38a224dc6630694bb8e60578841a6,83567089475480707256486904425672340081870104854178551689514082831239933958921
2026-04-24T22:20:02.293618+00:00,2026-04-24T22:30:26.839384+00:00,momentum,"Ethereum Up or Down - April 24, 6:20PM-6:25PM ET",UP,Up,4.0,0.52,,LOSS,NO,-4.0,Down,0x37e3616206ae6d47d7e4ebe2e4ba0a8be0d8f5def143753cc02edf3b3ef28157,59930949189316212700461759955595321708935191993770891514625755303649858935833
2026-04-24T22:25:00.677586+00:00,2026-04-24T22:36:29.574294+00:00,momentum,"Solana Up or Down - April 24, 6:25PM-6:30PM ET",UP,Up,8.0,0.51,,LOSS,NO,-8.0,Down,0xeec5deb4d3c9c34e766daccf89d705dae2da7997a38059fa331c8725cae6a081,61241947420240845049227667569228985056336332692373476870508441249277351832048
2026-04-24T22:25:06.955678+00:00,2026-04-24T22:36:29.957694+00:00,momentum,"XRP Up or Down - April 24, 6:25PM-6:30PM ET",DOWN,Down,8.0,0.56,,WIN,YES,6.285714285714285,Down,0x8fef73234b14ce2c16edf7ab3a7950c3d2976fe9ee25798c756108be77a3f87b,88998534481418885341419419024994596930523795015655961670775668376769729666403
2026-04-24T22:25:16.578529+00:00,2026-04-24T22:36:29.989394+00:00,momentum,"Bitcoin Up or Down - April 24, 6:25PM-6:30PM ET",UP,Up,4.0,0.51,,LOSS,NO,-4.0,Down,0xf060fa443b8ba47c96d8489e8511fbe06cf0da55dde0be7042083980cc7591cd,981614952860175067504909624241541141311793108691117156173965360069193954116
2026-04-24T22:25:00.712724+00:00,2026-04-24T22:37:30.315449+00:00,momentum,"Ethereum Up or Down - April 24, 6:25PM-6:30PM ET",UP,Up,8.0,0.51,,LOSS,NO,-8.0,Down,0x90bc67abd22ba52e69f9ad73eab89a425dd64e96ee5c3e53f3d0d1841fe769d5,90770294517094516683839754865045854115519595047685942047689717237216022581333
2026-04-24T22:30:00.278614+00:00,2026-04-24T22:42:33.437669+00:00,momentum,"Solana Up or Down - April 24, 6:30PM-6:35PM ET",UP,Up,2.0,0.515,,LOSS,NO,-2.0,Down,0xdb0979c709fe8ed527d811698669384e28f9f75b368280584b38558eb63cc249,97965999581464985001785415386809981866851726073663935997577573478575339416226
2026-04-24T22:30:02.432271+00:00,2026-04-24T22:42:33.559976+00:00,momentum,"Bitcoin Up or Down - April 24, 6:30PM-6:35PM ET",UP,Up,8.0,0.52,,LOSS,NO,-8.0,Down,0xee9ddb44f817428a2acca7cd62d8c92fdb09e4011bbde21b48e34c5d98ba6688,58108722313195461668221327355084749653557076843506600945323460868353006408982
2026-04-24T22:30:00.322220+00:00,2026-04-24T22:43:34.485530+00:00,momentum,"XRP Up or Down - April 24, 6:30PM-6:35PM ET",UP,Up,2.0,0.515,,LOSS,NO,-2.0,Down,0x384c8ab753ce1c6dc8fa07e5f25d9b940161c6becba9104b926e7b1580d78018,18916800118235409797783295733891498692260250914800642520484065763033690626319
2026-04-24T22:30:02.469387+00:00,2026-04-24T22:43:34.516972+00:00,momentum,"Ethereum Up or Down - April 24, 6:30PM-6:35PM ET",UP,Up,16.0,0.52,,LOSS,NO,-16.0,Down,0x16c596d0dce0675863adb504210aecd818c4fd157228f6e3711ce7d682c70392,33259173791734782376802953468047511752489583074102985182312228113035085031869
2026-04-24T22:35:01.828030+00:00,2026-04-24T22:44:35.168832+00:00,momentum,"Ethereum Up or Down - April 24, 6:35PM-6:40PM ET",UP,Up,16.0,0.55,,LOSS,NO,-16.0,Down,0xd05ba37816dc282dd989ad28c265501d265686bb4d2012a0ef92cfc63453b8cc,38481652301965562112847188417113203709869031307595142242012963592642803415803
2026-04-24T22:35:00.627389+00:00,2026-04-24T22:45:35.733066+00:00,momentum,"XRP Up or Down - April 24, 6:35PM-6:40PM ET",UP,Up,2.0,0.51,,LOSS,NO,-2.0,Down,0x5977afb470868748ff5f7b8a2096623e6188a3bf167f2b7c7243c3ffbaee8775,83313969413604415249224999944381790073082352771791316600137110138520621068508
2026-04-24T22:35:01.792283+00:00,2026-04-24T22:45:35.772219+00:00,momentum,"Bitcoin Up or Down - April 24, 6:35PM-6:40PM ET",UP,Up,8.0,0.56,,LOSS,NO,-8.0,Down,0xf005f40e3831c36b78e0653c06a017efc4ff52f8cd8a6b860b1daf9f80b5f49c,28774892310145894246949577977899913869778609099662068901476438894743065280412
2026-04-24T22:35:01.865786+00:00,2026-04-24T22:45:35.931562+00:00,momentum,"Solana Up or Down - April 24, 6:35PM-6:40PM ET",DOWN,Down,2.0,0.53,,WIN,YES,1.773584905660377,Down,0xbcc2a8de02833730d4c2a6f18a56e6539252948ce4ebf068f4ec784ee412d0ac,62787556507408071196476642821735703496033926056275900595618646288391612791424
2026-04-24T22:40:00.562872+00:00,2026-04-24T22:50:37.423956+00:00,momentum,"XRP Up or Down - April 24, 6:40PM-6:45PM ET",UP,Up,4.0,0.51,,WIN,YES,3.8431372549019605,Up,0x1ea96354b283b751f5b05655424dfbc1cbbebd32f7a853074bfcf7427954d293,97473536388185637962242879501096758194576695770667350981800048588340258228008
2026-04-24T22:40:02.237705+00:00,2026-04-24T22:50:37.649424+00:00,momentum,"Bitcoin Up or Down - April 24, 6:40PM-6:45PM ET",UP,Up,16.0,0.62,,LOSS,NO,-16.0,Down,0x6fb91d9621b0059573c9a7e37ce20ef84679e2bff97a6d844ddf9d46043dd3d8,51988454608886660453707363042997956602991569914849057525176088380830649315571
2026-04-24T22:40:02.155058+00:00,2026-04-24T22:51:37.879441+00:00,momentum,"Ethereum Up or Down - April 24, 6:40PM-6:45PM ET",UP,Up,32.0,0.54,,WIN,YES,27.259259259259252,Up,0xb0e30ab89422fa5e204a510806bd2c3583a066d15b77983432c13cfcd7c5fc30,86484638766205715853182136240870718790918509062913768728569477891166890736243
2026-04-24T22:40:02.203732+00:00,2026-04-24T22:52:38.209617+00:00,momentum,"Solana Up or Down - April 24, 6:40PM-6:45PM ET",UP,Up,2.0,0.53,,WIN,YES,1.773584905660377,Up,0x9cd0c4cf8d781d86806d63349d90b5715874fe037f5afc60caf270e531fa7c13,105375439846837537425218341663613676753798830686845294077885650597190708655021
2026-04-24T22:45:00.451779+00:00,2026-04-24T22:56:40.397824+00:00,momentum,"Solana Up or Down - April 24, 6:45PM-6:50PM ET",UP,Up,2.0,0.515,,WIN,YES,1.883495145631068,Up,0xcf4299857b79b5ff1f746fd9453fe3fe78dc7f86070a9f83de84d71d51ec8ddb,86443768247077051041682524263084279462193039958994705754611146912617491195880
2026-04-24T22:45:00.399292+00:00,2026-04-24T22:57:40.928662+00:00,momentum,"Bitcoin Up or Down - April 24, 6:45PM-6:50PM ET",UP,Up,32.0,0.545,,WIN,YES,26.715596330275226,Up,0xf6f74802db8eedae5df48fc1ef1c2049da930e17e7fa96d720be1bd8c4ca2f52,93754389336704569875074070086292526792501471025025977354964125604126039791554
2026-04-24T22:45:00.497053+00:00,2026-04-24T22:57:41.087491+00:00,momentum,"Ethereum Up or Down - April 24, 6:45PM-6:50PM ET",UP,Up,2.0,0.525,,WIN,YES,1.8095238095238093,Up,0xe72791572199e068ffe07e25f6e1d0f518028c76bd28083f1a423d950d61a56d,60641816871546444572779935602321554913111367301981626065760544990791413156609
2026-04-24T22:45:00.532874+00:00,2026-04-24T22:57:41.240257+00:00,momentum,"XRP Up or Down - April 24, 6:45PM-6:50PM ET",UP,Up,2.0,0.535,,WIN,YES,1.7383177570093458,Up,0x4930e7b120c3d49ac94434be242639bbd827452b95df37c40d5158cc626bc63d,25141405528665589564900903402526466955775964554924078934466614460036155193413
2026-04-24T22:50:00.278162+00:00,2026-04-24T22:59:42.236884+00:00,momentum,"Solana Up or Down - April 24, 6:50PM-6:55PM ET",UP,Up,2.0,0.515,,LOSS,NO,-2.0,Down,0x8d267b742a0f51ac36d2e1afc315353bf48f061bc5f89aa48205e9e4d9060c4c,110748773291455315689083490119335095459458058651899266427909353199749660476003
2026-04-24T22:50:00.191454+00:00,2026-04-24T23:00:42.127710+00:00,momentum,"Bitcoin Up or Down - April 24, 6:50PM-6:55PM ET",UP,Up,2.0,0.515,,LOSS,NO,-2.0,Down,0x47ddda99330e4e505a7c42dac8430a44039bf7e904e9d733b7c2ad8b1e46b824,4365270791084544579782811918785712275094817678849482299721468719672953616041
2026-04-24T22:50:00.237556+00:00,2026-04-24T23:00:42.164165+00:00,momentum,"XRP Up or Down - April 24, 6:50PM-6:55PM ET",UP,Up,2.0,0.525,,LOSS,NO,-2.0,Down,0x4d2a19d9635d572a30e93649030a0d3dd0574c00da96c8e8f6fdaec9a75afb0a,16262661967361495169464992169871853271984890131049046598131306194235614274563
2026-04-24T22:50:00.316956+00:00,2026-04-24T23:01:42.286415+00:00,momentum,"Ethereum Up or Down - April 24, 6:50PM-6:55PM ET",UP,Up,2.0,0.515,,WIN,YES,1.883495145631068,Up,0x8e0e1d2e144354b253a7c56576438765738a7d0b2be29d41fa3eae9589441d57,24330761646170958729464063214445952589165382880432487689161589436935166414648
2026-04-24T22:55:00.093655+00:00,2026-04-24T23:05:44.816579+00:00,momentum,"Bitcoin Up or Down - April 24, 6:55PM-7:00PM ET",UP,Up,4.0,0.515,,WIN,YES,3.766990291262136,Up,0xd91c0fe91527230ed484ac472ad443d483c6bfb1445e354c5a3d45cf79d30e3a,89859039424165644145767788032202035169349861912459924251923200307713207775810
2026-04-24T22:55:00.135019+00:00,2026-04-24T23:05:44.864034+00:00,momentum,"Solana Up or Down - April 24, 6:55PM-7:00PM ET",UP,Up,4.0,0.515,,LOSS,NO,-4.0,Down,0xad3fb0fe915a3e9ab425c9204e8259068796b689c34d3f0dac85799923809cfd,102436947229978343369050301988118053116796347615978518790497041962218583543330
2026-04-24T22:55:00.202339+00:00,2026-04-24T23:05:44.899441+00:00,momentum,"XRP Up or Down - April 24, 6:55PM-7:00PM ET",UP,Up,2.0,0.515,,LOSS,NO,-2.0,Down,0x9e987ab7653d2d1bef59d06bed34e8ff94f71965004e5aeafb80485dff7d36a8,49384228589403122686066208699172096631114154008364822388215575461224456284193
2026-04-24T22:55:00.270930+00:00,2026-04-24T23:06:45.313638+00:00,momentum,"Ethereum Up or Down - April 24, 6:55PM-7:00PM ET",UP,Up,2.0,0.515,,WIN,YES,1.883495145631068,Up,0xef5f7ecc6e58c7bdac7eab6ec2cdbd1a01731b5cd6cd4fd7755db926aea4c9b6,81100056561509438580788588303822354937118464524277171546179386896771166312582
2026-04-24T23:00:00.301213+00:00,2026-04-24T23:08:46.204985+00:00,momentum,"Ethereum Up or Down - April 24, 7:00PM-7:05PM ET",UP,Up,4.0,0.51,,WIN,YES,3.8431372549019605,Up,0x15dfaf2a76cc1fb2b2f9e005f0f1d14871afa63d4fbed28918f19d46b2467221,100622362516823915386001066492734354478124791889187825490425416923372312814377
2026-04-24T23:00:00.336648+00:00,2026-04-24T23:08:46.520420+00:00,momentum,"Solana Up or Down - April 24, 7:00PM-7:05PM ET",UP,Up,8.0,0.52,,WIN,YES,7.384615384615383,Up,0x34cec1ddb73b5bf4c0c48c36ce1dfcbaeaf41c3787e966d53f92ac329ea691e9,89657295729247904093155606024682133527108707728962313081724441119096464772201
2026-04-24T23:00:01.412448+00:00,2026-04-24T23:08:46.833377+00:00,momentum,"Bitcoin Up or Down - April 24, 7:00PM-7:05PM ET",UP,Up,2.0,0.63,,WIN,YES,1.1746031746031744,Up,0x3b95d1a2dd5689d2a84e2e09f4501680b125b4d230874929e3ec639e3704adb7,22990636302285119465549258991107191039560927649326304372023472938789036975954
2026-04-24T23:00:00.374713+00:00,2026-04-24T23:09:46.677806+00:00,momentum,"XRP Up or Down - April 24, 7:00PM-7:05PM ET",UP,Up,4.0,0.515,,WIN,YES,3.766990291262136,Up,0x06b99052354c695754e2ac261d1450ef6362a0b5159d64cfb6e2c4c3197174ca,43331538027206935091982212236214666683145947773112779882294880652115759047531
2026-04-24T23:05:00.804305+00:00,2026-04-24T23:14:49.029308+00:00,momentum,"Bitcoin Up or Down - April 24, 7:05PM-7:10PM ET",UP,Up,2.0,0.52,,WIN,YES,1.8461538461538458,Up,0x5060a90abc8f5bba59f9762fe2c8662775d57f58eedac247cfab1585e47bc720,57631194628215200800757463514963857788673340481985279070240733407877676275618
2026-04-24T23:05:00.846932+00:00,2026-04-24T23:14:49.232340+00:00,momentum,"XRP Up or Down - April 24, 7:05PM-7:10PM ET",UP,Up,2.0,0.53,,WIN,YES,1.773584905660377,Up,0x4c5b6d10c76a468843fa5c69a7bf8fd1d27c936c81025955116bfe21c075b5df,34356539339186632822560510623972450459124812899170309842699631555844235106354
2026-04-24T23:05:07.167001+00:00,2026-04-24T23:14:49.376681+00:00,momentum,"Solana Up or Down - April 24, 7:05PM-7:10PM ET",DOWN,Down,2.0,0.55,,LOSS,NO,-2.0,Up,0x41f162a3ef171d0bd553aea8c75fed35da526e3845d62e52383086c7b10d54c1,12001273966040741985078673658335691329894747348309512445490709593558302495192
2026-04-24T23:05:00.891821+00:00,2026-04-24T23:15:49.132287+00:00,momentum,"Ethereum Up or Down - April 24, 7:05PM-7:10PM ET",DOWN,Down,2.0,0.51,,LOSS,NO,-2.0,Up,0x85c0fc52eb0e1f8a476fd24e60f67046c58bcf9060176326d58e6e055de5f7d8,110336096760675011630296455115866320657706799907877441807033302956359442496101
2026-04-24T23:10:01.001382+00:00,2026-04-24T23:20:50.938805+00:00,momentum,"Solana Up or Down - April 24, 7:10PM-7:15PM ET",UP,Up,4.0,0.52,,WIN,YES,3.6923076923076916,Up,0xd4c72bfcf26c1f03f573bf0a1a1bc6e4ee3ce84cb4a25c620ea6d7fc1714d5f1,92741561627843224336292253311304634512633032475033064536494492072366209144122
2026-04-24T23:10:01.042191+00:00,2026-04-24T23:20:51.084298+00:00,momentum,"Ethereum Up or Down - April 24, 7:10PM-7:15PM ET",UP,Up,4.0,0.51,,WIN,YES,3.8431372549019605,Up,0xb88d570294450b344144a1f0e052f78d77a8c8f4fe522c433f40b794283c73eb,106733976866388386201306890011155383254663510481833528331631378718562469113487
2026-04-24T23:10:11.785440+00:00,2026-04-24T23:20:51.245121+00:00,momentum,"Bitcoin Up or Down - April 24, 7:10PM-7:15PM ET",UP,Up,2.0,0.54,,WIN,YES,1.7037037037037033,Up,0xbceab30cf83626abb24c0876d27a158696d66f3d297b2126230d691c8b3354a3,8790716364460389611226548538052848655171098884961728839398504963347086425655
2026-04-24T23:10:00.958733+00:00,2026-04-24T23:21:51.701210+00:00,momentum,"XRP Up or Down - April 24, 7:10PM-7:15PM ET",UP,Up,2.0,0.515,,WIN,YES,1.883495145631068,Up,0xdd3d0c6ce9cbfae68a590d069d96170a9bfe198bb75187c117408e52eaeb0255,47003193909583639716326640430463351506605670141957861801379360926620344823312
2026-04-24T23:15:00.293696+00:00,2026-04-24T23:23:53.685039+00:00,momentum,"Bitcoin Up or Down - April 24, 7:15PM-7:20PM ET",DOWN,Down,2.0,0.52,,LOSS,NO,-2.0,Up,0xb7816bebc358b4b262221897e5c7dde61ad0bc516201ff16495e2a2a575ba5fd,17283978174986724418805866754992960169087323113322436726655017869564811129913
2026-04-24T23:15:00.340843+00:00,2026-04-24T23:23:53.849242+00:00,momentum,"Ethereum Up or Down - April 24, 7:15PM-7:20PM ET",DOWN,Down,2.0,0.53,,WIN,YES,1.773584905660377,Down,0x3ba6eb2a58299ca73805763c666a7a7f30585650af35179751cedb2f441b3845,101289260066819867393512753807429757091157740874530959205161345757784987327034
2026-04-24T23:15:03.513939+00:00,2026-04-24T23:24:54.281054+00:00,momentum,"XRP Up or Down - April 24, 7:15PM-7:20PM ET",DOWN,Down,2.0,0.52,,LOSS,NO,-2.0,Up,0xa95993152ff8e5f2937b37a4b8bb7195e71aa675748f4bef33079aec6a9813e8,43824819428066568121129323289884904532885314750321574715284260818328391349447
2026-04-24T23:15:03.553059+00:00,2026-04-24T23:24:54.457450+00:00,momentum,"Solana Up or Down - April 24, 7:15PM-7:20PM ET",DOWN,Down,2.0,0.54,,WIN,YES,1.7037037037037033,Down,0x2b5113c596ac8ee6094768a37e0a42aa88119dcaab02655402ca0b9e6a2e6f3a,72514397914375743227364414468144280850450723769110401074585954406351580272172
2026-04-24T23:20:01.689104+00:00,2026-04-24T23:29:56.813617+00:00,momentum,"Ethereum Up or Down - April 24, 7:20PM-7:25PM ET",DOWN,Down,2.0,0.51,,LOSS,NO,-2.0,Up,0x20dafde13aecfe17e540dd90c8ba7451efc39195ce7ce2397e20d58eeb9d188d,87833054438852589827052308845649942178316712742497316306356880831732362235642
2026-04-24T23:20:01.732447+00:00,2026-04-24T23:30:57.326578+00:00,momentum,"Bitcoin Up or Down - April 24, 7:20PM-7:25PM ET",DOWN,Down,4.0,0.67,,WIN,YES,1.9701492537313428,Down,0xcd00a8ccfff0ab3ceddfb126c075f70ce63d9b7cbc10b2995428469a69e51429,3834508674181120103437509592204626238742984536318570798165900445165084813856
2026-04-24T23:20:01.795250+00:00,2026-04-24T23:30:57.579845+00:00,momentum,"XRP Up or Down - April 24, 7:20PM-7:25PM ET",DOWN,Down,4.0,0.53,,WIN,YES,3.547169811320754,Down,0xe25c93789c4154c15ee3e5a25ac440189950fb8fd50f2bfeb632f15f1c588697,20143043024722365194853057039868124419804834702435958235093654435987145004624
2026-04-24T23:20:04.928372+00:00,2026-04-24T23:30:57.624445+00:00,momentum,"Solana Up or Down - April 24, 7:20PM-7:25PM ET",UP,Up,2.0,0.52,,LOSS,NO,-2.0,Down,0x9693c2e14857fdfc56931ea20a8eafbfd4a27bf01a25a86208b3b0b7f814d803,85183094010001514877581316080079415185739335078008784680960231929672349762047
2026-04-24T23:25:01.269352+00:00,2026-04-24T23:35:59.831415+00:00,momentum,"Solana Up or Down - April 24, 7:25PM-7:30PM ET",UP,Up,4.0,0.51,,WIN,YES,3.8431372549019605,Up,0x467ea658ae9263554a71958f3be36873acf5709fa31a9fee0590615dd27e3d14,19056345933061285724101658117192292122441616866594711971053543857971327760791
2026-04-24T23:25:01.341590+00:00,2026-04-24T23:35:59.868118+00:00,momentum,"XRP Up or Down - April 24, 7:25PM-7:30PM ET",DOWN,Down,2.0,0.51,,LOSS,NO,-2.0,Up,0x953f284bd31bcd829b9caf4fcfb0a58d25b707667fe920ec3430eed0bb38347f,91016067042651902954310685140401675991407048232489061223572034044124624646864
2026-04-24T23:25:01.145267+00:00,2026-04-24T23:36:59.605103+00:00,momentum,"Ethereum Up or Down - April 24, 7:25PM-7:30PM ET",DOWN,Down,2.0,0.51,,LOSS,NO,-2.0,Up,0x5676c158dd32a0640d44095a5f2f6adbf2ef4e9561f4ad72bb895c3af333cf20,84604277639561082335157259700928965275228322435378147630259872921703886785694
2026-04-24T23:25:01.210569+00:00,2026-04-24T23:36:59.653893+00:00,momentum,"Bitcoin Up or Down - April 24, 7:25PM-7:30PM ET",DOWN,Down,2.0,0.52,,LOSS,NO,-2.0,Up,0x424335524f3fe6746102704e019d9ea02a2a1419cefc0b02202a4a1549283a60,44219717832559893419988395107174101249050739077082695941178466929308128622297
2026-04-24T23:30:03.874938+00:00,2026-04-24T23:39:00.997649+00:00,momentum,"Solana Up or Down - April 24, 7:30PM-7:35PM ET",UP,Up,2.0,0.51,,WIN,YES,1.9215686274509802,Up,0xb716146b86d284daf2a5e3f63014df5a0621f6ecbc4b86703616f3c25dc52a07,92442021528259475281159093380931265980367327677685484122196756575512311526962
2026-04-24T23:30:25.765164+00:00,2026-04-24T23:39:01.056977+00:00,momentum,"XRP Up or Down - April 24, 7:30PM-7:35PM ET",DOWN,Down,4.0,0.6,,LOSS,NO,-4.0,Up,0x8cfaa7dbba58eb5405e85dbdca9b139f6c28a4ca3286f369aad1ff8b40c146a5,53216555265348213751796999226091772878675300027951141722363541978631600457068
2026-04-24T23:30:00.700086+00:00,2026-04-24T23:40:01.739359+00:00,momentum,"Bitcoin Up or Down - April 24, 7:30PM-7:35PM ET",UP,Up,4.0,0.53,,WIN,YES,3.547169811320754,Up,0x030a7e380211e8ccfb47392d0e6bdede79e3a682593e489ba7783c73b13e941a,86539600118949308358537511716307436396646484111219785342834250275155253636589
2026-04-24T23:30:00.750234+00:00,2026-04-24T23:40:01.774307+00:00,momentum,"Ethereum Up or Down - April 24, 7:30PM-7:35PM ET",DOWN,Down,4.0,0.51,,LOSS,NO,-4.0,Up,0xd2bc2aad56509a96d12e4226edfddd1cd3718bed4182c7d436fe681bb6c11ed9,68504960389743164846357202661912320490781356530248343089355334039531918234244
2026-04-24T23:35:02.756360+00:00,2026-04-24T23:45:03.296854+00:00,momentum,"Bitcoin Up or Down - April 24, 7:35PM-7:40PM ET",DOWN,Down,2.0,0.54,,WIN,YES,1.7037037037037033,Down,0x3c1370dfbb55476612f6aba8a7032f831aead4266c519042b5816117daeba1be,112417960589695975433620301524942186792429284923663712173954828020858359791145
2026-04-24T23:35:02.793697+00:00,2026-04-24T23:46:03.601822+00:00,momentum,"XRP Up or Down - April 24, 7:35PM-7:40PM ET",DOWN,Down,8.0,0.61,,WIN,YES,5.114754098360656,Down,0x47f0bcc97bc74e783bb0597d2516b384419f976445f8a79bae5be1fffdcb0aa2,49749067385279184941771958124475643771710379720724907896261296640546300462861
2026-04-24T23:35:02.831821+00:00,2026-04-24T23:46:03.740875+00:00,momentum,"Solana Up or Down - April 24, 7:35PM-7:40PM ET",DOWN,Down,2.0,0.54,,WIN,YES,1.7037037037037033,Down,0xb58255ae8e4198a62b35813865bc0a1a8d836fd095f0273c53de7d237ec350fc,87840332829260754341536565862840057886066742151844219107865952175552359834422
2026-04-24T23:35:02.881856+00:00,2026-04-24T23:46:03.870519+00:00,momentum,"Ethereum Up or Down - April 24, 7:35PM-7:40PM ET",DOWN,Down,8.0,0.61,,WIN,YES,5.114754098360656,Down,0x6138dcc0dce2d682b3a11a6607033f5fae89f42e70b7464997c00efe83936998,40655566840520442493868002146538347920956966320848034552304658613085480463513
2026-04-24T23:40:01.047970+00:00,2026-04-24T23:51:05.938471+00:00,momentum,"Bitcoin Up or Down - April 24, 7:40PM-7:45PM ET",UP,Up,2.0,0.55,,WIN,YES,1.6363636363636362,Up,0xbb3a35d5bffb0922d034dbcfbc7944ef5ee832634b100c2f54c832b4c9294d8c,61386231874788362166591090535779792542212559427554106862794674840705484542681
2026-04-24T23:40:01.099940+00:00,2026-04-24T23:51:06.073747+00:00,momentum,"Ethereum Up or Down - April 24, 7:40PM-7:45PM ET",DOWN,Down,2.0,0.51,,WIN,YES,1.9215686274509802,Down,0x13758717826841a44ad8ae2d4a630f4a49aee6bced11530598773237c26b302c,2561479188741757716392206826946447592400024815469830927668724451116518676400
2026-04-24T23:40:04.803949+00:00,2026-04-24T23:52:05.986439+00:00,momentum,"XRP Up or Down - April 24, 7:40PM-7:45PM ET",DOWN,Down,2.0,0.54,,WIN,YES,1.7037037037037033,Down,0x2115fb4b29005cf73b76f532c2b4f626602ead4c9db321780fcbe7fc803abd8f,54836919304808396510651824068681451493356795615343761496741335901503538852816
2026-04-24T23:40:04.852062+00:00,2026-04-24T23:52:06.114250+00:00,momentum,"Solana Up or Down - April 24, 7:40PM-7:45PM ET",DOWN,Down,2.0,0.61,,WIN,YES,1.278688524590164,Down,0xa32957652754900aff9a55f9239f1d7d5b0568f8013b1e856f5522ec3405d27a,6131792370766584878835196787625912122827644463859729557430311114405278186228
2026-04-24T23:45:00.677721+00:00,2026-04-24T23:53:07.177091+00:00,momentum,"Ethereum Up or Down - April 24, 7:45PM-7:50PM ET",DOWN,Down,2.0,0.515,,WIN,YES,1.883495145631068,Down,0x8ac03465a71403bc84c3e76ecf577402c89aee1e6ce8bf31e8df730230d8c0b9,16102173636259507130885247096847329035569022207335026552928676339501246756203
2026-04-24T23:45:03.065600+00:00,2026-04-24T23:53:07.309026+00:00,momentum,"XRP Up or Down - April 24, 7:45PM-7:50PM ET",DOWN,Down,2.0,0.68,,LOSS,NO,-2.0,Up,0xb6115acd47cc67dd43bc8e48134a6b6be8e13c10e982d15f4322902f51c6e6d3,44690850042553397703430997688113559820323475926903363382190942220437685522860
2026-04-24T23:45:00.638829+00:00,2026-04-24T23:54:07.501967+00:00,momentum,"Bitcoin Up or Down - April 24, 7:45PM-7:50PM ET",DOWN,Down,2.0,0.525,,WIN,YES,1.8095238095238093,Down,0x808edd8d59f0c5b3bf8108c204c288e5ab03643ca2df616d7e99f5339b0f9832,82086896421921718391766205193614334921826243490856032037779684960200412491839
2026-04-24T23:45:03.028463+00:00,2026-04-24T23:55:08.256452+00:00,momentum,"Solana Up or Down - April 24, 7:45PM-7:50PM ET",DOWN,Down,2.0,0.65,,LOSS,NO,-2.0,Up,0x9a7a1fbe619a9f9be463da7d5ac93f08aeac3aff0b9381c1a6bc0c799a594254,44514466518791242949113155746494037221359567535032947558540455911620661204528
2026-04-24T23:50:02.668175+00:00,2026-04-24T23:59:11.559211+00:00,momentum,"XRP Up or Down - April 24, 7:50PM-7:55PM ET",DOWN,Down,4.0,0.51,,LOSS,NO,-4.0,Up,0x2c36546a9ffc8dde3186ad79cdb9e8b2a8dd3184d3558a198170f7d671fad17b,43647416496374531339114048598349914511926746176515296569137180941963152417848
2026-04-24T23:50:00.492605+00:00,2026-04-25T00:00:11.952307+00:00,momentum,"Ethereum Up or Down - April 24, 7:50PM-7:55PM ET",DOWN,Down,4.0,0.515,,LOSS,NO,-4.0,Up,0xd66b0ed907c915226933d3e67137029bbba3520b04e82645a4e05491b444f04e,30071686143149676228370503421102014654865394206331100251565883347020475807648
2026-04-24T23:50:02.634668+00:00,2026-04-25T00:00:12.396257+00:00,momentum,"Bitcoin Up or Down - April 24, 7:50PM-7:55PM ET",UP,Up,2.0,0.52,,WIN,YES,1.8461538461538458,Up,0xd239dccc4c2b7b8953d52db384453938fcd74fe3b90572e052701c3109d4bc3a,30058896415495176519418369780651919528808370165712628278976673775583275179866
2026-04-24T23:50:02.705576+00:00,2026-04-25T00:01:12.215222+00:00,momentum,"Solana Up or Down - April 24, 7:50PM-7:55PM ET",DOWN,Down,2.0,0.53,,WIN,YES,1.773584905660377,Down,0xcca9f7737fed564d5149d874b1c6219d14a927d396ab18c09865e823ae78c913,27187967848087654392267528933331486578443673445769471442211904465907598620553
2026-04-24T23:55:00.679626+00:00,2026-04-25T00:06:14.765709+00:00,momentum,"Ethereum Up or Down - April 24, 7:55PM-8:00PM ET",DOWN,Down,8.0,0.51,,WIN,YES,7.686274509803921,Down,0x5934f910c8e514a8504db3863227ae7a099053c57a8f7892eb0e8578722a5022,4562623251889092435322050807791194006554667239983825276422210008844368926164
2026-04-24T23:55:03.836560+00:00,2026-04-25T00:06:14.957289+00:00,momentum,"Solana Up or Down - April 24, 7:55PM-8:00PM ET",DOWN,Down,2.0,0.51,,WIN,YES,1.9215686274509802,Down,0x6f8f336a88d4840c958cd00e7f9638dc30c809ed0b7c9c931d5d20833d8314ab,48008961039398662419037626962092414071285758333839985214774699368343135700909
2026-04-24T23:55:03.875938+00:00,2026-04-25T00:06:15.119907+00:00,momentum,"XRP Up or Down - April 24, 7:55PM-8:00PM ET",DOWN,Down,2.0,0.54,,WIN,YES,1.7037037037037033,Down,0xefd5c92fd97c425178f05385d001b1aa8aff9001bdae87308dcaca6fc1a80b2b,65164117477075537869110011739568143148208859042963852226497433586479253333344
2026-04-24T23:55:06.977412+00:00,2026-04-25T00:07:15.195628+00:00,momentum,"Bitcoin Up or Down - April 24, 7:55PM-8:00PM ET",UP,Up,2.0,0.55,,LOSS,NO,-2.0,Down,0xcd1d603205448f182fb8dfb944aebc1b7295694d485a2dfa5742bbc9c369a0da,85599054147033523144677600620347280240297084388551045711438536730882322628020
2026-04-25T00:00:00.340793+00:00,2026-04-25T00:08:16.663277+00:00,momentum,"Ethereum Up or Down - April 24, 8:00PM-8:05PM ET",UP,Up,2.0,0.515,,LOSS,NO,-2.0,Down,0x1dfaa29a644cc2749c8713aa2d55268f781144617d25517394b709d1d562ce8e,53186307711416587918258193343452230436141587418227393174117656210683848903584
2026-04-25T00:00:01.518924+00:00,2026-04-25T00:08:16.845729+00:00,momentum,"Bitcoin Up or Down - April 24, 8:00PM-8:05PM ET",DOWN,Down,2.0,0.66,,WIN,YES,1.0303030303030303,Down,0x66b190a42b9a02ec6a7c16d0dcf4a515c283a3b8d184d144b100a4399131efec,88192334408479002480165874832450291606525135827868584954628341133396611117740
2026-04-25T00:00:01.598786+00:00,2026-04-25T00:08:17.009577+00:00,momentum,"Solana Up or Down - April 24, 8:00PM-8:05PM ET",DOWN,Down,2.0,0.54,,WIN,YES,1.7037037037037033,Down,0xdeff6cefa7a629b101d82ac85a87541eed1f37880efee0d8eb6a4f1788dc1941,43879386501655888151095336115484587602286665367663362339658429181555807006816
2026-04-25T00:00:04.715215+00:00,2026-04-25T00:09:17.072346+00:00,momentum,"XRP Up or Down - April 24, 8:00PM-8:05PM ET",DOWN,Down,2.0,0.67,,LOSS,NO,-2.0,Up,0xd10a6e4ace4d193f41002801b52f5dec5d29578e048e2d0e34984f5c7390ceb8,107405374236165748745606337166582447850689693327281487474719023478111116804182
2026-04-25T00:05:06.667256+00:00,2026-04-25T00:14:20.666830+00:00,momentum,"Ethereum Up or Down - April 24, 8:05PM-8:10PM ET",DOWN,Down,4.0,0.55,,LOSS,NO,-4.0,Up,0x62bce036f81276af5a56cfc756862ca3c291d5a4c8a339ae7bd980cc2c744cba,15524627897197995131593025920744350501736142374407656437333106577479753408198
2026-04-25T00:05:00.453026+00:00,2026-04-25T00:15:20.440695+00:00,momentum,"Bitcoin Up or Down - April 24, 8:05PM-8:10PM ET",DOWN,Down,2.0,0.67,,LOSS,NO,-2.0,Up,0x77f3f6d2166664e68dfb81dcdc2d678d170a1f0154c3908742cd8c4be3932c3b,90883754894540776467514921954271426894386933448899677774763951882332516542056
2026-04-25T00:05:03.570474+00:00,2026-04-25T00:16:20.716885+00:00,momentum,"Solana Up or Down - April 24, 8:05PM-8:10PM ET",UP,Up,2.0,0.55,,WIN,YES,1.6363636363636362,Up,0xad042e1df78990760cfcca22710e5bfe2947c177f25fc805ce3f0dddee12f361,99390141151351515156504542475105093063781139878073083030878973446312416435941
2026-04-25T00:05:32.231908+00:00,2026-04-25T00:16:20.842443+00:00,momentum,"XRP Up or Down - April 24, 8:05PM-8:10PM ET",DOWN,Down,2.0,0.52,,WIN,YES,1.8461538461538458,Down,0x15e0518fc71033b6038754f541912fd485a53f6df7e4328c35789e011a142c24,91076907890325107043864055130712948604771181338115943031830151781669828184805
2026-04-25T00:10:01.249096+00:00,2026-04-25T00:21:24.653579+00:00,momentum,"Solana Up or Down - April 24, 8:10PM-8:15PM ET",UP,Up,2.0,0.57,,LOSS,NO,-2.0,Down,0x2e4f36673f0307b744f0b83d5622acc46993da2bcff53c80da08a1fd7b59566c,26562890489493877563155963381697046474939039197894879272858370766987824476553
2026-04-25T00:10:01.286936+00:00,2026-04-25T00:21:24.781895+00:00,momentum,"Bitcoin Up or Down - April 24, 8:10PM-8:15PM ET",DOWN,Down,4.0,0.59,,WIN,YES,2.779661016949153,Down,0x63a18a97d3d5148514b64c5697bbeb93891cd56a4efb712d5361de76cd491de3,70876044463640677154932414215188484253901090636594677535789462573695514592662
2026-04-25T00:10:04.985010+00:00,2026-04-25T00:21:24.906148+00:00,momentum,"Ethereum Up or Down - April 24, 8:10PM-8:15PM ET",DOWN,Down,8.0,0.54,,WIN,YES,6.814814814814813,Down,0x4e0dc41cb3431577bcfd683bd43431bc32f5394b6207fef2734e27b10ab7224c,26928292608879199954684175620413689771931006969883641044048025975995538314582
2026-04-25T00:10:05.028608+00:00,2026-04-25T00:21:25.021042+00:00,momentum,"XRP Up or Down - April 24, 8:10PM-8:15PM ET",DOWN,Down,2.0,0.51,,WIN,YES,1.9215686274509802,Down,0x77344e27fa758bce2825f1fe8cbf93616d6aa5a44e847950276bba425d087e7d,84610098365305673094321181397323177733839365610112525064350172071498476952937
2026-04-25T00:15:01.445721+00:00,2026-04-25T00:23:26.559479+00:00,momentum,"Solana Up or Down - April 24, 8:15PM-8:20PM ET",UP,Up,4.0,0.52,,WIN,YES,3.6923076923076916,Up,0x46ce3d78febb2fef49a3f81a9707b90445b0936267499360665e4d97c1ab1d67,73939746860259256857681191518914461804461570868862715374327874753520524388579
2026-04-25T00:15:01.499704+00:00,2026-04-25T00:23:26.704102+00:00,momentum,"XRP Up or Down - April 24, 8:15PM-8:20PM ET",UP,Up,2.0,0.51,,WIN,YES,1.9215686274509802,Up,0x68cb7dca81d905ca0078f1c5792b2461c34aed868fbd549ab0a39ab1bc3e447a,76523513649274615536953647734065131334414881583219040502653605032284276515327
2026-04-25T00:15:04.664353+00:00,2026-04-25T00:23:26.731906+00:00,momentum,"Bitcoin Up or Down - April 24, 8:15PM-8:20PM ET",UP,Up,2.0,0.51,,LOSS,NO,-2.0,Down,0x53d8eeaba58d46f55fd762f311c3716360482294286e51ff96e96defc2e429e6,7045288962230074958915674221258790265635338684381641183912615044404587964356
2026-04-25T00:15:01.323180+00:00,2026-04-25T00:24:26.873478+00:00,momentum,"Ethereum Up or Down - April 24, 8:15PM-8:20PM ET",UP,Up,2.0,0.54,,LOSS,NO,-2.0,Down,0x35e56d5ebb0b9db5b56ea633e362e295e64eceec1ad8875e6a7b71e482bfca57,50065220267283917947485961454520427886286220014219540048146045595879456243780
2026-04-25T00:20:02.386746+00:00,2026-04-25T00:29:29.609192+00:00,momentum,"Solana Up or Down - April 24, 8:20PM-8:25PM ET",UP,Up,2.0,0.51,,LOSS,NO,-2.0,Down,0x6e8305ea181cf3738905b35760891e59ccfc3778ff1d18fa5550a0f507d6aa15,58490829278509279787563961385393899540140047974694494573628456094823878120198
2026-04-25T00:20:02.517096+00:00,2026-04-25T00:29:29.889429+00:00,momentum,"Bitcoin Up or Down - April 24, 8:20PM-8:25PM ET",UP,Up,4.0,0.61,,LOSS,NO,-4.0,Down,0x188e25324c49f35c2a3190b9e7ff2628d0eb2dc7c6a93c2f4a2b60dc6cb9a08d,35604157381598438309750731590131550447189876335159245583760031596507956569717
2026-04-25T00:20:02.442434+00:00,2026-04-25T00:30:30.008968+00:00,momentum,"Ethereum Up or Down - April 24, 8:20PM-8:25PM ET",UP,Up,4.0,0.54,,WIN,YES,3.4074074074074066,Up,0x4744d27852070a02b3251832e98c0a58ecf7f8049b4bf71fbd7a07ece80f1cf8,110630751845803201973699056026161745458265219374073771310211825914154213295851
2026-04-25T00:20:02.478723+00:00,2026-04-25T00:30:30.044967+00:00,momentum,"XRP Up or Down - April 24, 8:20PM-8:25PM ET",UP,Up,2.0,0.53,,LOSS,NO,-2.0,Down,0xb2f4d01f65486f5131a12d0aab5bd667505fdc3b106d9e9ff04d527d5f88aade,97539923055798576205282122399484898622463915121790045496503614330594050419037
2026-04-25T00:25:00.625696+00:00,2026-04-25T00:35:31.646300+00:00,momentum,"Solana Up or Down - April 24, 8:25PM-8:30PM ET",UP,Up,4.0,0.51,,LOSS,NO,-4.0,Down,0xe4e70bd547c741cf9122bb895db9fe83ec638f18af5500457b1056f68b164a04,19289404549267633826327550596944654010870776559720984067434879869490540007196
2026-04-25T00:25:01.660767+00:00,2026-04-25T00:35:31.685141+00:00,momentum,"Ethereum Up or Down - April 24, 8:25PM-8:30PM ET",UP,Up,2.0,0.52,,LOSS,NO,-2.0,Down,0x53e94bed73574b8880d3777658ea90427fae2e7960c5fb62dd177a80499f7ba2,21813993936103486326617775175219697790003810953014416880624530229283790632948
2026-04-25T00:25:01.751782+00:00,2026-04-25T00:36:32.746383+00:00,momentum,"XRP Up or Down - April 24, 8:25PM-8:30PM ET",DOWN,Down,4.0,0.57,,WIN,YES,3.0175438596491233,Down,0xd36ee1b1ca96488dab694639ca9c20a393668069dc5b9953ab0e1b070239dd91,5140333235719133861068791859459873983896922480394969825423518455579776006709
2026-04-25T00:25:01.703807+00:00,2026-04-25T00:37:32.638140+00:00,momentum,"Bitcoin Up or Down - April 24, 8:25PM-8:30PM ET",UP,Up,2.0,0.53,,LOSS,NO,-2.0,Down,0xda0a10026e50ca3397d8d5619ec9fd630bc5d30aeba38c5af5ffe2626e759c08,65376586762891533512611035685707198055561058397128176530365506250221238749095
2026-04-25T00:30:29.829027+00:00,2026-04-25T00:38:33.716527+00:00,momentum,"XRP Up or Down - April 24, 8:30PM-8:35PM ET",DOWN,Down,2.0,0.51,,LOSS,NO,-2.0,Up,0x0d9e96ebae97910439f517f16cab7158751b58e639ecd7f6fb4727b93b7d7adf,30297634107579924984572028218063022476869474956301174354049339763465271847894
2026-04-25T00:30:00.931534+00:00,2026-04-25T00:39:33.588625+00:00,momentum,"Bitcoin Up or Down - April 24, 8:30PM-8:35PM ET",UP,Up,4.0,0.55,,WIN,YES,3.2727272727272725,Up,0x3db8dec3b8761e97fa0dd4ac32c3971b40037f33fa3aa8ef174e9ca98c942f12,69395757272313611298955286880908516091919180456366871033396682506699541473861
2026-04-25T00:30:10.413939+00:00,2026-04-25T00:39:33.871449+00:00,momentum,"Solana Up or Down - April 24, 8:30PM-8:35PM ET",UP,Up,8.0,0.51,,WIN,YES,7.686274509803921,Up,0x98721e35984c0a9ace4d0b7eb1080892b6141cc7867a422752bb9f0dc44f77cf,10557953747173625976033797980547051082454597409358449921690293282590535088961
2026-04-25T00:30:00.977955+00:00,2026-04-25T00:40:34.506658+00:00,momentum,"Ethereum Up or Down - April 24, 8:30PM-8:35PM ET",UP,Up,4.0,0.53,,WIN,YES,3.547169811320754,Up,0x064f46e48d8c9e66acd232390c520ce154d3ba74bb2b61c8bcdd7f1db5acc5e2,101921111574275682733891975676675854626062205030812431990848239714559132921303
2026-04-25T00:35:00.968109+00:00,2026-04-25T00:44:35.852660+00:00,momentum,"Solana Up or Down - April 24, 8:35PM-8:40PM ET",UP,Up,2.0,0.51,,WIN,YES,1.9215686274509802,Up,0x9d24f52738b3fa253bf56e49c940f55375aa2c4c189fb38bf3b2a23d7c85a24e,112305750446821853590878318891881342606875497090495016517491161509191114983790
2026-04-25T00:35:03.110673+00:00,2026-04-25T00:45:36.571905+00:00,momentum,"Bitcoin Up or Down - April 24, 8:35PM-8:40PM ET",DOWN,Down,2.0,0.54,,LOSS,NO,-2.0,Up,0xeced791f8d28d19c74ac0a4ce1820ac749929c6c3ff08321505376c57c8de822,49606314667752387436647166270384258893292942593806349117463206373939187811737
2026-04-25T00:35:03.159593+00:00,2026-04-25T00:45:36.739135+00:00,momentum,"Ethereum Up or Down - April 24, 8:35PM-8:40PM ET",UP,Up,2.0,0.52,,WIN,YES,1.8461538461538458,Up,0x263098cc4925060b0936b2521550f217268cb89a6f713d970e00d0db25263556,44050650949270307182670658679017774609673738196743832673097848718851272378968
2026-04-25T00:35:03.204380+00:00,2026-04-25T00:45:36.768911+00:00,momentum,"XRP Up or Down - April 24, 8:35PM-8:40PM ET",DOWN,Down,4.0,0.52,,LOSS,NO,-4.0,Up,0x266e9ab861c7b1aa9360be658b6814cad480938c6ab04df7a24d46d94c40625a,51321930815142449106101415712992316732889460296356717405007602818800645136380
2026-04-25T00:40:00.805854+00:00,2026-04-25T00:51:41.539344+00:00,momentum,"Ethereum Up or Down - April 24, 8:40PM-8:45PM ET",UP,Up,2.0,0.525,,WIN,YES,1.8095238095238093,Up,0x36992cf4f0d96fc0ab1860a943e294cc0bf48f0ebcd0cc26c9ecf5d1686069df,73978843100052221847481145747630776309489379107513122115995509378904527932135
2026-04-25T00:40:00.879532+00:00,2026-04-25T00:51:41.650019+00:00,momentum,"Solana Up or Down - April 24, 8:40PM-8:45PM ET",UP,Up,2.0,0.515,,LOSS,NO,-2.0,Down,0xcf0549c65d2263e157440404a4d15a3cb649aa99214e4d3937b034e1bbd0b611,103213677648063626734333600651119455249530169378016172700504328915039444780103
2026-04-25T00:40:09.572468+00:00,2026-04-25T00:51:41.804878+00:00,momentum,"XRP Up or Down - April 24, 8:40PM-8:45PM ET",DOWN,Down,8.0,0.53,,WIN,YES,7.094339622641508,Down,0x6e32f0e777079dbb11d4b0a7135a0655c34846afe1e80e58562f802b0aaa19e8,100877378476346934924850642930306389893157423317892551691616911047632640543410
2026-04-25T00:40:00.729876+00:00,2026-04-25T00:52:41.685104+00:00,momentum,"Bitcoin Up or Down - April 24, 8:40PM-8:45PM ET",UP,Up,4.0,0.515,,LOSS,NO,-4.0,Down,0x0e32c58995740ddad53b8c12ecf8bc9ed37b2a40f1c80540c763e521b6dd0d5a,16103335802381317964038724922438495019528547351893774945586248053138932063222
2026-04-25T00:45:04.805039+00:00,2026-04-25T00:53:43.737238+00:00,momentum,"XRP Up or Down - April 24, 8:45PM-8:50PM ET",UP,Up,2.0,0.51,,WIN,YES,1.9215686274509802,Up,0x45d430f9639f0ddabc13d564441f9a7d5b7f50e7acb4c13023c7a540973430bf,84023063248829903428380518157904392723823944213534306543173627224717375271497
2026-04-25T00:45:00.431348+00:00,2026-04-25T00:54:43.408074+00:00,momentum,"Solana Up or Down - April 24, 8:45PM-8:50PM ET",UP,Up,4.0,0.515,,WIN,YES,3.766990291262136,Up,0x3c989ac89e90ac0cfc4a799d8b24be79c1a0214c1da38618d2a189f616c1d42f,88122071992066145755347417877906435750301312697328675562263589327627028386518
2026-04-25T00:45:00.472914+00:00,2026-04-25T00:54:43.781946+00:00,momentum,"Ethereum Up or Down - April 24, 8:45PM-8:50PM ET",UP,Up,4.0,0.515,,WIN,YES,3.766990291262136,Up,0xf19b00c2855a3f917a45f76bf48fd33696ae33fedc9c320cab95d624914d8171,110324819056272719136463347147260719578317438213540532861417949800534155435805
2026-04-25T00:45:01.631752+00:00,2026-04-25T00:54:44.070109+00:00,momentum,"Bitcoin Up or Down - April 24, 8:45PM-8:50PM ET",UP,Up,8.0,0.73,,WIN,YES,2.9589041095890405,Up,0x0384485ae784b9f4e9fc9d8416ecda50d2f5a87de9242207f5948018e114c7cf,93512624003835720815022905420331982235828232852822186269757796466060054015907
2026-04-25T00:50:02.194727+00:00,2026-04-25T00:59:45.404158+00:00,momentum,"Ethereum Up or Down - April 24, 8:50PM-8:55PM ET",DOWN,Down,2.0,0.55,,WIN,YES,1.6363636363636362,Down,0x4f58c6235a42f956697b652db4a5272f2e9474d89c6f89f9bb66d4a0b7fde18f,70785933061072329323894621949856689454182647184884909105702802173354299835638
2026-04-25T00:50:18.158079+00:00,2026-04-25T00:59:45.757756+00:00,momentum,"Solana Up or Down - April 24, 8:50PM-8:55PM ET",UP,Up,2.0,0.51,,WIN,YES,1.9215686274509802,Up,0x18ca4d664c5ef8c0ff79bfaf08ae9a8e6dd7b324c7fd3d38a25aa9834d738f70,69924006730146473833993631643891170969278731553424431551931747917313640270757
2026-04-25T00:50:02.238468+00:00,2026-04-25T01:00:45.946430+00:00,momentum,"Bitcoin Up or Down - April 24, 8:50PM-8:55PM ET",UP,Up,2.0,0.61,,WIN,YES,1.278688524590164,Up,0xd78070580b8c01677349317a59231fff57c5217ff3e11614a102ea3ac370bb79,37895472903261606497234227922453391997710707316399254721833133358349732495181
2026-04-25T00:50:02.283643+00:00,2026-04-25T01:00:45.990822+00:00,momentum,"XRP Up or Down - April 24, 8:50PM-8:55PM ET",DOWN,Down,2.0,0.51,,LOSS,NO,-2.0,Up,0x54ae21bbfd9fec731dafa867373372fe628731465ae05e8bc6ed8fe0e7ef240b,98724230499055081996122840868570821694703608368019535129103334297568518089042
2026-04-25T00:55:01.922247+00:00,2026-04-25T01:05:47.714077+00:00,momentum,"Bitcoin Up or Down - April 24, 8:55PM-9:00PM ET",UP,Up,2.0,0.61,,WIN,YES,1.278688524590164,Up,0x9a783d9f804039c3c5532a10627d1e52dfb13ce773eb120d206af8e1594298b7,55406345757506861444751078150211544382445991680966247646844063896868199212992
2026-04-25T00:55:00.800707+00:00,2026-04-25T01:06:47.648728+00:00,momentum,"XRP Up or Down - April 24, 8:55PM-9:00PM ET",UP,Up,4.0,0.51,,WIN,YES,3.8431372549019605,Up,0x99554b07dd137ca6d0b6661ff5c5d5ed3c04272dc834ec4afffcda20a8acbf24,88975960129164740589860260745582187121356941022001780108795973547996287392630
2026-04-25T00:55:01.972663+00:00,2026-04-25T01:06:47.684485+00:00,momentum,"Ethereum Up or Down - April 24, 8:55PM-9:00PM ET",DOWN,Down,2.0,0.52,,LOSS,NO,-2.0,Up,0xfb53f37de4975badaaaf65f90600765099cbecaadc84cbfba5d780aa6cc3c695,5010094682067870823422442838143326061138445144310497594073865641270390719472
2026-04-25T00:55:02.018378+00:00,2026-04-25T01:06:47.720970+00:00,momentum,"Solana Up or Down - April 24, 8:55PM-9:00PM ET",DOWN,Down,4.0,0.55,,LOSS,NO,-4.0,Up,0x4e605ddad0797ac1697a3393b883e6a279db0b709ef616dc8d8a0ca85372890f,9474793507464217081695203124763452302995450085753269788528138117190999307250
2026-04-25T01:00:02.546991+00:00,2026-04-25T01:08:48.950883+00:00,momentum,"Bitcoin Up or Down - April 24, 9:00PM-9:05PM ET",UP,Up,2.0,0.54,,LOSS,NO,-2.0,Down,0xff70ec92753bf011519942b9c29f58c144afca5e24db47a17d0fa93762dbe32d,24444178204233422322467137437027320341833430817184858999865372794673569723175
2026-04-25T01:00:00.325372+00:00,2026-04-25T01:09:49.273262+00:00,momentum,"Solana Up or Down - April 24, 9:00PM-9:05PM ET",DOWN,Down,2.0,0.525,,WIN,YES,1.8095238095238093,Down,0xfc23302dcaaf0770ece9bd07a9f199e22a85c3ae2304df38036e4797afc86dd3,66489373831315194973270806381105678253439322113134603134087998360886454705047
2026-04-25T01:00:02.482224+00:00,2026-04-25T01:09:49.305948+00:00,momentum,"Ethereum Up or Down - April 24, 9:00PM-9:05PM ET",DOWN,Down,4.0,0.52,,LOSS,NO,-4.0,Up,0x05e850e5688291c4cef51240dbcb611a359fee6d87f46a0508251188b66eb100,17257443449900184442441261276449870744434291145571154910601051026288952202474
2026-04-25T01:00:02.618561+00:00,2026-04-25T01:09:49.340921+00:00,momentum,"XRP Up or Down - April 24, 9:00PM-9:05PM ET",DOWN,Down,2.0,0.55,,LOSS,NO,-2.0,Up,0x9b7d589f370449bd7a1e05baf5bae31aa9ab94f14a600dfaf302e545d360380d,41083860047966885025954129090570004133618618058739662857037531048618033738072
2026-04-25T01:05:00.173857+00:00,2026-04-25T01:14:50.150542+00:00,momentum,"Solana Up or Down - April 24, 9:05PM-9:10PM ET",DOWN,Down,2.0,0.52,,WIN,YES,1.8461538461538458,Down,0x231f62fbe8d692c09c2cda520fd0d048a994eab7786e4e5166d4b423163a0bc0,86436400393600179183975644713367076292304436465030826224012447713999429935484
2026-04-25T01:05:00.224287+00:00,2026-04-25T01:15:51.102662+00:00,momentum,"Ethereum Up or Down - April 24, 9:05PM-9:10PM ET",DOWN,Down,8.0,0.53,,WIN,YES,7.094339622641508,Down,0xc5f99cdea5f6b517027459446cef9f39d174887abd6530b4a645131524b0bf9f,77287337418102010920502342042850580005119629325465563104650912529682019153972
2026-04-25T01:05:03.331073+00:00,2026-04-25T01:15:51.137174+00:00,momentum,"Bitcoin Up or Down - April 24, 9:05PM-9:10PM ET",DOWN,Down,4.0,0.55,,LOSS,NO,-4.0,Up,0x656d752f81e0aa5d6c26339dab920c0abc3be80e23523deaf5f06fd68d7d76df,67298128919156047586453623844922405972146376122663914884190927334977030599459
2026-04-25T01:05:03.383987+00:00,2026-04-25T01:15:51.308887+00:00,momentum,"XRP Up or Down - April 24, 9:05PM-9:10PM ET",DOWN,Down,4.0,0.69,,WIN,YES,1.7971014492753632,Down,0x05ceb504ec69c1c56aa2c0331ebb7b9767d60c7760924cbed34376a1504154b0,81116487097747329762124280864280986364988125480458977449484018774132234692872
2026-04-25T01:10:32.412827+00:00,2026-04-25T01:20:54.890532+00:00,momentum,"Bitcoin Up or Down - April 24, 9:10PM-9:15PM ET",UP,Up,8.0,0.62,,WIN,YES,4.903225806451614,Up,0xe776dff90db2738528e12ff2aa2ee275f9e9f00055303008a9180515eb237da7,96844633221616926364683896479733660273723330538792271509918308776983656714870
2026-04-25T01:10:32.483141+00:00,2026-04-25T01:20:55.018567+00:00,momentum,"Ethereum Up or Down - April 24, 9:10PM-9:15PM ET",UP,Up,2.0,0.55,,WIN,YES,1.6363636363636362,Up,0x78446125acf6a5e26ebad507032cdadddd9a7259adf2bd6973690c3cf0d46f98,16655733908949555784802748297486648492654658337038217949151005358584795832882
2026-04-25T01:10:32.530969+00:00,2026-04-25T01:21:55.460373+00:00,momentum,"Solana Up or Down - April 24, 9:10PM-9:15PM ET",UP,Up,2.0,0.52,,WIN,YES,1.8461538461538458,Up,0x14023f3920195abda83801f8e89ae41401fa30e90a9827b654ba104c5d85bee4,12919444478549255100747813273192050706140905352841115890260528655813510488494
2026-04-25T01:10:32.584637+00:00,2026-04-25T01:21:55.625112+00:00,momentum,"XRP Up or Down - April 24, 9:10PM-9:15PM ET",UP,Up,2.0,0.65,,WIN,YES,1.0769230769230766,Up,0xcf28ff788b0c23608d5e14afc977386ba8f6ddbfc226b737e3a642db2f4a1cd3,20889189223029267570193548671301376463700068684270405322436127803840395618011
2026-04-25T01:15:01.625866+00:00,2026-04-25T01:23:57.038972+00:00,momentum,"Ethereum Up or Down - April 24, 9:15PM-9:20PM ET",DOWN,Down,2.0,0.55,,LOSS,NO,-2.0,Up,0x6196d0c206d98573b0bd01b1aad7abbf2a95994ac291851377a298c1c27c2c9a,108197732466191900138369222305491481157098776815253369137823572610636761101085
2026-04-25T01:15:01.687190+00:00,2026-04-25T01:24:58.021834+00:00,momentum,"Bitcoin Up or Down - April 24, 9:15PM-9:20PM ET",DOWN,Down,2.0,0.54,,LOSS,NO,-2.0,Up,0x1d3c200bf1b848f6d69d2350959f71e1559211b74e4360979ac0bcbaf3bdb020,111773015785284094772875167544368912679113648670135155055723649881154627277744
2026-04-25T01:15:01.739640+00:00,2026-04-25T01:24:58.235711+00:00,momentum,"Solana Up or Down - April 24, 9:15PM-9:20PM ET",DOWN,Down,2.0,0.55,,WIN,YES,1.6363636363636362,Down,0x5adaa1861e366f605f322f047004ddfdbb5999f114f4e9ddfbaa1f7a9526d3a2,24864687414654517986394797242335430011024153085157956115949917238669823620675
2026-04-25T01:15:05.372811+00:00,2026-04-25T01:24:58.271485+00:00,momentum,"XRP Up or Down - April 24, 9:15PM-9:20PM ET",DOWN,Down,2.0,0.51,,LOSS,NO,-2.0,Up,0x8001690a917507a1845722bb30fcffd3c29243978b86bb69baca8b03735dc590,33487656191307140310345353118138249467825527475313732259988908594256940076963
2026-04-25T01:20:00.469379+00:00,2026-04-25T01:29:00.628052+00:00,momentum,"Bitcoin Up or Down - April 24, 9:20PM-9:25PM ET",DOWN,Down,4.0,0.54,,WIN,YES,3.4074074074074066,Down,0x0f39723ff047adc485bf40b8b3792483bf2133fd0aadea7f88ab5d11eab4687d,111502852611983568879254284804456688053595152149788024716620031715481599583310
2026-04-25T01:20:00.371627+00:00,2026-04-25T01:31:01.037920+00:00,momentum,"XRP Up or Down - April 24, 9:20PM-9:25PM ET",DOWN,Down,4.0,0.54,,WIN,YES,3.4074074074074066,Down,0xda18116f8006ed6d44837dcc21dafdfb330f56269b2be40f511f65165f077fbc,32880252760641293472949815246796341465378241406861391605961104462703469738427
2026-04-25T01:20:00.425944+00:00,2026-04-25T01:31:01.213121+00:00,momentum,"Solana Up or Down - April 24, 9:20PM-9:25PM ET",DOWN,Down,2.0,0.54,,WIN,YES,1.7037037037037033,Down,0x3a5fb49ba1d5f00acd9440c9a22b12ad67f68d233cff0eb9f10bd8fa3912d4e3,35831678087704297470429760876873113445908924482264470836332915881902936093692
2026-04-25T01:20:00.526964+00:00,2026-04-25T01:31:01.365075+00:00,momentum,"Ethereum Up or Down - April 24, 9:20PM-9:25PM ET",DOWN,Down,4.0,0.59,,WIN,YES,2.779661016949153,Down,0xc8f26f3ab90b17404e510528f308d66a71bfb5eaac26bd7844bcc865c5604c75,75399440620988843882142527246060599020895966619870306612431273622467361985000
2026-04-25T01:25:02.867944+00:00,2026-04-25T01:36:03.689475+00:00,momentum,"Solana Up or Down - April 24, 9:25PM-9:30PM ET",DOWN,Down,2.0,0.55,,LOSS,NO,-2.0,Up,0x9f99333590e8e1f2b3ac9cc1b9de6b47d61e38c7684e33b05ee85ecc1b4e36dd,62415859831583836436671851523344047434879393282640860623126047364111229205918
2026-04-25T01:25:03.041470+00:00,2026-04-25T01:36:04.047449+00:00,momentum,"Bitcoin Up or Down - April 24, 9:25PM-9:30PM ET",DOWN,Down,2.0,0.51,,WIN,YES,1.9215686274509802,Down,0x4d5a906c4d9a661378cd23b893130ee7af4f2d3a41dc29c2178d3a40899aeab1,28807034905334507690432179920509194404748639220673252687272278308265665905066
2026-04-25T01:25:02.943352+00:00,2026-04-25T01:37:04.753853+00:00,momentum,"Ethereum Up or Down - April 24, 9:25PM-9:30PM ET",DOWN,Down,2.0,0.54,,WIN,YES,1.7037037037037033,Down,0x0efd2316a0299166899af46f7e46d7780d36352187d2e32daf0734f012e007e0,93612101836416884679020745479776349551681215536466652360939869742121341221744
2026-04-25T01:25:02.992471+00:00,2026-04-25T01:37:04.792924+00:00,momentum,"XRP Up or Down - April 24, 9:25PM-9:30PM ET",DOWN,Down,2.0,0.57,,LOSS,NO,-2.0,Up,0x1bc395509b6b4f58db9af90e00fc2c2ef91ce4a22c00156e0abdce33fba93296,51348926263715421933195140854643043663975603112408408620194283105914225102744
2026-04-25T01:30:00.419155+00:00,2026-04-25T01:38:05.338390+00:00,momentum,"Ethereum Up or Down - April 24, 9:30PM-9:35PM ET",DOWN,Down,2.0,0.525,,LOSS,NO,-2.0,Up,0xe6bfc918789d4d95d592b9ab1e3b6635c5d5d3fe2e0f9b83fcf0bb315872bbd4,49885394055954785995825570225745001933548877206621424705125607804454740333833
2026-04-25T01:30:08.740253+00:00,2026-04-25T01:38:05.658966+00:00,momentum,"Solana Up or Down - April 24, 9:30PM-9:35PM ET",UP,Up,4.0,0.59,,WIN,YES,2.779661016949153,Up,0x1ade13796b8490deb447f5eec9e7646d68f359854136efbbb2c94f2dd04fecaf,41894747422244745492231121704173027002151612825943937234971041717403003917519
2026-04-25T01:30:02.557233+00:00,2026-04-25T01:39:06.411461+00:00,momentum,"Bitcoin Up or Down - April 24, 9:30PM-9:35PM ET",DOWN,Down,2.0,0.52,,LOSS,NO,-2.0,Up,0x0bab0fda446c97f1e50ecbffae05d599314f97526bec58eafd366a258ff325fc,33200089816719706577455669577539871175916059162512233508335775976504394721151
2026-04-25T01:30:39.840984+00:00,2026-04-25T01:39:06.442929+00:00,momentum,"XRP Up or Down - April 24, 9:30PM-9:35PM ET",DOWN,Down,4.0,0.57,,LOSS,NO,-4.0,Up,0x7464026cc00f6c3336eb64f350c8d68101ffc42eeaa8ef4eb2bd8c689c902482,113327822466958227702451116085982624690543823831863271516103260611604814424466
2026-04-25T01:35:03.153869+00:00,2026-04-25T01:44:10.194776+00:00,momentum,"Solana Up or Down - April 24, 9:35PM-9:40PM ET",DOWN,Down,2.0,0.53,,WIN,YES,1.773584905660377,Down,0xa77d94b72b6a87e38ade3530473cca4c0c54f430a5929872265146e7d8e9c398,8334486697704060127841438187487418057067753020012285500873664428600301148387
2026-04-25T01:35:00.800199+00:00,2026-04-25T01:45:11.000176+00:00,momentum,"Ethereum Up or Down - April 24, 9:35PM-9:40PM ET",DOWN,Down,2.0,0.515,,WIN,YES,1.883495145631068,Down,0xb11e0aa9fb7be2fbf7e767f87eceda28b140ad6d49a1150008bc98d8fc1fa567,14014356356141945974529426298936874232012270285666229126720049418296447390201
2026-04-25T01:35:03.100464+00:00,2026-04-25T01:45:11.031849+00:00,momentum,"Bitcoin Up or Down - April 24, 9:35PM-9:40PM ET",DOWN,Down,2.0,0.52,,LOSS,NO,-2.0,Up,0xa022df80685aa3901de95f04011540183a5950f33b3a3ebf7277c90e98fe7c7f,103857392101387508039121515454973176614662373333914629577766862467223362863392
2026-04-25T01:35:10.088990+00:00,2026-04-25T01:45:11.192469+00:00,momentum,"XRP Up or Down - April 24, 9:35PM-9:40PM ET",UP,Up,4.0,0.52,,WIN,YES,3.6923076923076916,Up,0xee3295c08387f57536e56f58dd1ff25a92e0dad298eef6f0c3dc9a74d86fc5a0,80199493088053209145938910904587872996750264287832549606497820190059174511820
2026-04-25T01:40:00.719281+00:00,2026-04-25T01:50:14.144922+00:00,momentum,"Ethereum Up or Down - April 24, 9:40PM-9:45PM ET",DOWN,Down,2.0,0.53,,LOSS,NO,-2.0,Up,0x6c48bb0ca26f78773e2a88aac2b102fdb94877bb0a5d02578282f1fad45eb772,75349465813567053804939614879796264152796054517496691017608167543886873325102
2026-04-25T01:40:03.868313+00:00,2026-04-25T01:50:14.292322+00:00,momentum,"XRP Up or Down - April 24, 9:40PM-9:45PM ET",DOWN,Down,2.0,0.58,,WIN,YES,1.4482758620689657,Down,0x02f090f48b5d07fc17f1bb2bc2a79f53d87087560cfb4b5370e815ab85a773ef,83443292273618942793799993969627979912898918678149250043079444371797867021229
2026-04-25T01:40:00.659759+00:00,2026-04-25T01:51:14.410432+00:00,momentum,"Bitcoin Up or Down - April 24, 9:40PM-9:45PM ET",DOWN,Down,2.0,0.52,,LOSS,NO,-2.0,Up,0xb8cab1be4ba42c963f1231f2ee73cff064a2cb74a936692c8a55a56a70d04618,112778769838672957595649711273870177574121258822572134106192279959346253835639
2026-04-25T01:40:10.464814+00:00,2026-04-25T01:51:14.539365+00:00,momentum,"Solana Up or Down - April 24, 9:40PM-9:45PM ET",UP,Up,2.0,0.54,,WIN,YES,1.7037037037037033,Up,0x5976f334fc72869435110639b11af15caa96fb3f8d282fbd9efea527e176ab30,17927827033854436850934503445974798512246072034629689727819515959390235085425
2026-04-25T01:45:01.428383+00:00,2026-04-25T01:57:18.402041+00:00,momentum,"Ethereum Up or Down - April 24, 9:45PM-9:50PM ET",DOWN,Down,4.0,0.55,,LOSS,NO,-4.0,Up,0xc394c1751350fcb3dcc6f4277793e9d779f3cbbb87164ca181716f87b16cec9f,36935742106538746005193220912051725998382527310409230547593367076856838960419
2026-04-25T01:45:05.245212+00:00,2026-04-25T01:57:18.648029+00:00,momentum,"Solana Up or Down - April 24, 9:45PM-9:50PM ET",UP,Up,2.0,0.54,,WIN,YES,1.7037037037037033,Up,0xac55436bf695d8073dc4fb4c7e5d40788d1f7ac6472d81377682c8820171a79f,63061267869108140149269943616372145285512208118649135939531143783453127645716
2026-04-25T01:45:01.339578+00:00,2026-04-25T01:58:18.189341+00:00,momentum,"Bitcoin Up or Down - April 24, 9:45PM-9:50PM ET",UP,Up,4.0,0.63,,WIN,YES,2.349206349206349,Up,0xfb0306ac0c761c756fa6c108f6e6bf43cc8479730ff05d6ca067ffd90b07cefb,67716768641142444317859600004561615281351372220825436790742905003592179291595
2026-04-25T01:45:01.386428+00:00,2026-04-25T01:58:18.227409+00:00,momentum,"XRP Up or Down - April 24, 9:45PM-9:50PM ET",DOWN,Down,2.0,0.52,,LOSS,NO,-2.0,Up,0x4ba854c797cebb671ee52de69c567b3562485884c1f6e47866a112ba369ed997,498371990135989742861937492095320394482038191399866173153445932241837881227
2026-04-25T01:50:03.108246+00:00,2026-04-25T01:59:19.328584+00:00,momentum,"XRP Up or Down - April 24, 9:50PM-9:55PM ET",DOWN,Down,4.0,0.56,,WIN,YES,3.1428571428571423,Down,0xbaf56cf31d427e773afe62e4ca59e7c11d9726f463d67f75ab7083bec07887f8,21374833585826669653580059793755882308200060612723185248227631271933883472476
2026-04-25T01:50:03.037237+00:00,2026-04-25T02:00:19.224576+00:00,momentum,"Bitcoin Up or Down - April 24, 9:50PM-9:55PM ET",DOWN,Down,2.0,0.58,,WIN,YES,1.4482758620689657,Down,0x094ca6e55ae7a7ec2768d9e8c840359edbad026c46db25a0eabb9c80c0b40ce0,44400424835115505371150497789179161913401346264631677445441109581987168182625
2026-04-25T01:50:03.073648+00:00,2026-04-25T02:00:19.367141+00:00,momentum,"Solana Up or Down - April 24, 9:50PM-9:55PM ET",DOWN,Down,2.0,0.52,,WIN,YES,1.8461538461538458,Down,0xb67caa3ef0a4083985237f1216568740c47594101fffaf44880208db746bd1a5,22972766713533892605846776027510677304895951373936645696867208934875163958154
2026-04-25T01:50:02.999759+00:00,2026-04-25T02:01:19.958467+00:00,momentum,"Ethereum Up or Down - April 24, 9:50PM-9:55PM ET",DOWN,Down,2.0,0.55,,WIN,YES,1.6363636363636362,Down,0x7409efa0bd2b814f1faa77d0bd6a9c023e06e8efe09545c7bb1fe0c8473b7244,58027318013118540722845762688947480069501759116238797680686309813503259142254
2026-04-25T01:55:01.467629+00:00,2026-04-25T02:05:22.239458+00:00,momentum,"Solana Up or Down - April 24, 9:55PM-10:00PM ET",DOWN,Down,2.0,0.54,,WIN,YES,1.7037037037037033,Down,0xf9cdc0c4d37c11a179cca4ab543899696e505043c2d7937073089b0b787600b9,69282176995386475254595193801971093186598818395907099468752570935082082590593
2026-04-25T01:55:01.427777+00:00,2026-04-25T02:06:22.438018+00:00,momentum,"Bitcoin Up or Down - April 24, 9:55PM-10:00PM ET",DOWN,Down,2.0,0.52,,WIN,YES,1.8461538461538458,Down,0xd2c50e41572871da617cce5ab90b59ca5ad4812ba657d033ff934ddf2898b1f0,85731261652146802135751833635462847485813900593111704317688182397996775433609
2026-04-25T01:55:01.509133+00:00,2026-04-25T02:06:22.470731+00:00,momentum,"XRP Up or Down - April 24, 9:55PM-10:00PM ET",UP,Up,2.0,0.99,,LOSS,NO,-2.0,Down,0x81f1942c76542abeeac169386e5a24a2008d2c908a69a1f07474344203d249b8,50978824110291831792678956282656917544348111130068362231209527368589558564389
2026-04-25T01:55:01.387630+00:00,2026-04-25T02:07:22.540299+00:00,momentum,"Ethereum Up or Down - April 24, 9:55PM-10:00PM ET",DOWN,Down,2.0,0.53,,WIN,YES,1.773584905660377,Down,0x2d979a6aa87db7806b216f642a9018b92cf3c76fb047614c42859dd9c5a620ca,82928485942873301609926187415190244020934144969388458569428438322678146483718
2026-04-25T02:00:02.093706+00:00,2026-04-25T02:08:23.296575+00:00,momentum,"Bitcoin Up or Down - April 24, 10:00PM-10:05PM ET",DOWN,Down,2.0,0.53,,WIN,YES,1.773584905660377,Down,0xb9d168c05af9bf15cb56d7137e7b95532194e5d2647d3838d93bed025c07f7ff,37764191605409114116527012825818876451106031868022407779714583280590328546272
2026-04-25T02:00:05.297709+00:00,2026-04-25T02:08:23.503981+00:00,momentum,"XRP Up or Down - April 24, 10:00PM-10:05PM ET",UP,Up,4.0,0.53,,LOSS,NO,-4.0,Down,0x3e74e41ead099ae9fcfc68a7231b0f2a559df3cdf9a9fbe9cfa1e0c2373a0be8,43879076811979895562862500167712719489086259697274050302670297235619422892527
2026-04-25T02:00:05.259746+00:00,2026-04-25T02:09:23.908954+00:00,momentum,"Ethereum Up or Down - April 24, 10:00PM-10:05PM ET",UP,Up,2.0,0.58,,LOSS,NO,-2.0,Down,0xd54ce6d4a35743916f5b276b6d1d06ff77571650f478995842022e8f4493317a,97080443785418695643182154870238386429416277773555022643866484063013056532928
2026-04-25T02:00:21.220695+00:00,2026-04-25T02:09:23.941785+00:00,momentum,"Solana Up or Down - April 24, 10:00PM-10:05PM ET",UP,Up,2.0,0.51,,LOSS,NO,-2.0,Down,0xf83a0b9c8fd2aab2fa2a1ba18c9af30094116a0db9939ebd94a9fe28f9f52e91,44495017299282476256750859842509118361965556738691637230573212839623260410366
2026-04-25T02:05:02.722457+00:00,2026-04-25T02:14:26.876811+00:00,momentum,"Solana Up or Down - April 24, 10:05PM-10:10PM ET",UP,Up,2.0,0.51,,WIN,YES,1.9215686274509802,Up,0xf4b0fea1412425ea577b703d77d16a07c3005adbe6524d0beafe7d05a8f5fee7,41944733780281192793164077836477361478051413071651971093522301984645092051409
2026-04-25T02:05:08.984553+00:00,2026-04-25T02:14:27.010906+00:00,momentum,"XRP Up or Down - April 24, 10:05PM-10:10PM ET",UP,Up,4.0,0.51,,WIN,YES,3.8431372549019605,Up,0x0ab57659a60d1e68b49fc190cfc536b23d4ce4d609dbed3cc55f24f7d4eda4b5,10896436238873859110285601666190262628588349810394864914821301705718522880183
2026-04-25T02:05:02.659329+00:00,2026-04-25T02:15:27.524673+00:00,momentum,"Bitcoin Up or Down - April 24, 10:05PM-10:10PM ET",UP,Up,2.0,0.55,,WIN,YES,1.6363636363636362,Up,0xa90bf30529f6b8c7a7ace8969191153c492e14302c189a10144c630221f667ac,102633118329938364357987048316074742746062261022610761794267974835940910684814
2026-04-25T02:05:02.616503+00:00,2026-04-25T02:16:27.942374+00:00,momentum,"Ethereum Up or Down - April 24, 10:05PM-10:10PM ET",UP,Up,2.0,0.54,,WIN,YES,1.7037037037037033,Up,0x2f42455bc45e3db193cdaa5d4d80c7435edcbb4ddc8b60fb0ea8b79137d4f74b,105120111096790514783640572563478987346696839670985610295518445200136821834731
2026-04-25T02:10:00.091150+00:00,2026-04-25T02:20:29.092099+00:00,momentum,"Bitcoin Up or Down - April 24, 10:10PM-10:15PM ET",DOWN,Down,2.0,0.515,,WIN,YES,1.883495145631068,Down,0x34f2297ca282d24fa814635777398cd36231dd76ee3e76f1932c53dc9d48a1c4,47684512126869093999375807515135347130589072433062549894358222878876450295863
2026-04-25T02:10:04.454533+00:00,2026-04-25T02:20:29.383792+00:00,momentum,"XRP Up or Down - April 24, 10:10PM-10:15PM ET",DOWN,Down,2.0,0.57,,WIN,YES,1.5087719298245617,Down,0xebffbd4f7ae0bc09c4c3cde0b391003563bec12695d6b36fbbd869f17c4a416f,4923632908227284367945787401806454471127287606267818792061195579511242687538
2026-04-25T02:10:01.243668+00:00,2026-04-25T02:21:30.251218+00:00,momentum,"Ethereum Up or Down - April 24, 10:10PM-10:15PM ET",UP,Up,2.0,0.52,,WIN,YES,1.8461538461538458,Up,0xf4b0b72350af407021459a2c94bc0f7ad7059fff9c9d6f0abee0534fc89b2a63,56987989341859909507709529312187824019198606429263991050023151131556342088519
2026-04-25T02:10:04.509079+00:00,2026-04-25T02:21:30.283421+00:00,momentum,"Solana Up or Down - April 24, 10:10PM-10:15PM ET",DOWN,Down,2.0,0.51,,LOSS,NO,-2.0,Up,0x316ff969d3b904f7a3296de3540ddc8bd2bb2e887989146f4baaa4550ac2fc53,5529376969607293048889202145936581344343000064285600453403210339731509261204
2026-04-25T02:15:01.000214+00:00,2026-04-25T02:24:31.962920+00:00,momentum,"Bitcoin Up or Down - April 24, 10:15PM-10:20PM ET",UP,Up,2.0,0.64,,WIN,YES,1.125,Up,0x9174a32b1c6cd2f442473f76e9269dc88be2b2bb859cb31f21fe0abc4f0fd788,71723190469812436294077164195979714760822159633706482254784606207484116228881
2026-04-25T02:15:10.586996+00:00,2026-04-25T02:24:32.223655+00:00,momentum,"Ethereum Up or Down - April 24, 10:15PM-10:20PM ET",UP,Up,2.0,0.51,,WIN,YES,1.9215686274509802,Up,0x089e0a3329d1eb4cdbcb265d61cd4126d3dda743331c4a645c34ed3b89595e7a,23874547188485690301647595897563670695661165676512143136784280051235891748524
2026-04-25T02:15:10.633881+00:00,2026-04-25T02:25:32.730564+00:00,momentum,"XRP Up or Down - April 24, 10:15PM-10:20PM ET",DOWN,Down,4.0,0.58,,LOSS,NO,-4.0,Up,0xa94e98c447960b4b1a7beb8c0ea4d6d55f86781d313c3ab46dc2e8d30dddf790,45089406158169105773731976222222452757984718563119774752000106102053109417985
2026-04-25T02:15:01.046323+00:00,2026-04-25T02:27:34.084972+00:00,momentum,"Solana Up or Down - April 24, 10:15PM-10:20PM ET",DOWN,Down,4.0,0.51,,WIN,YES,3.8431372549019605,Down,0xabf93ced65e5a1b9c4c8728292df151c12f3bce0cae645eb1bd6b1f3adf2508b,59962049284331474079175782439585656501539231316321361853101768739904219527685
2026-04-25T02:20:03.825145+00:00,2026-04-25T02:29:35.110232+00:00,momentum,"Solana Up or Down - April 24, 10:20PM-10:25PM ET",UP,Up,2.0,0.52,,LOSS,NO,-2.0,Down,0x77be1289c241a9e71ddb90271f661b10711d244892565a132eb980bd1f39e784,79647405053935150365237109367873282773431923123772421225844661056839449049452
2026-04-25T02:20:06.922238+00:00,2026-04-25T02:29:35.139602+00:00,momentum,"Ethereum Up or Down - April 24, 10:20PM-10:25PM ET",DOWN,Down,2.0,0.52,,LOSS,NO,-2.0,Up,0xd3035d4c0145371a58bfd59b5c0278b69d5ce2fcd8f5aa52e17d4ec38b2267a9,8119776005305478599930873805108189776405873382050063777159641421922821649332
2026-04-25T02:20:00.712761+00:00,2026-04-25T02:30:35.181754+00:00,momentum,"Bitcoin Up or Down - April 24, 10:20PM-10:25PM ET",UP,Up,2.0,0.64,,WIN,YES,1.125,Up,0x976d47c57698f848fb6c6fc0b478bc78506d2bb4146c50176269b90780ca53da,57212319923677248532406249218689114857919154150024911448184429026523452512654
2026-04-25T02:20:06.958042+00:00,2026-04-25T02:31:35.302541+00:00,momentum,"XRP Up or Down - April 24, 10:20PM-10:25PM ET",DOWN,Down,8.0,0.63,,LOSS,NO,-8.0,Up,0xd054e339ed5d76a5c35c8af4a0a03195006818bd4ce8aab1e687771bc40a35f2,23659648230858166676248151766965389043549747294233882805743330563013616282591
2026-04-25T02:25:20.327755+00:00,2026-04-25T02:35:38.274340+00:00,momentum,"XRP Up or Down - April 24, 10:25PM-10:30PM ET",UP,Up,16.0,0.51,,WIN,YES,15.372549019607842,Up,0x9b3dafee575019a06d9224a0fe6bded8d201fe0c09978bbdf487f76112c98970,88843350488358887636017836262491367020807325832066319751152973176438999679782
2026-04-25T02:25:01.863999+00:00,2026-04-25T02:36:38.343170+00:00,momentum,"Bitcoin Up or Down - April 24, 10:25PM-10:30PM ET",UP,Up,2.0,0.6,,WIN,YES,1.3333333333333335,Up,0xd0c0e1b494a47d868b9f1e58375afae2b3856533fa6c71a20db9d3d4fdfb3b81,99624051994901252852001554252057583402977639874842854307533553070287653839661
2026-04-25T02:25:42.655392+00:00,2026-04-25T02:36:38.617455+00:00,momentum,"Solana Up or Down - April 24, 10:25PM-10:30PM ET",UP,Up,2.0,0.51,,WIN,YES,1.9215686274509802,Up,0x79f7baf7155cf47baa620bde441651516dc83222d951e416aaaa51e95eb6e2fc,38952795161885264080171454249636470200580234079527419085823403846346063710229
2026-04-25T02:25:04.967408+00:00,2026-04-25T02:37:38.690135+00:00,momentum,"Ethereum Up or Down - April 24, 10:25PM-10:30PM ET",DOWN,Down,4.0,0.51,,LOSS,NO,-4.0,Up,0x21ba48b6e509c42ddb732a73a1110600bbc16d6384b3194c08f868e15df161b9,99336040009421850956327823337222481163124702137959735364606226904154650240533
2026-04-25T02:30:01.174320+00:00,2026-04-25T02:41:40.174397+00:00,momentum,"Bitcoin Up or Down - April 24, 10:30PM-10:35PM ET",DOWN,Down,2.0,0.61,,WIN,YES,1.278688524590164,Down,0x50fdce8b73dc9eca57c747538d95a07e7a9abce373589cb6973ac5aaecf983b5,33240484364308064265616424384696603626073430457754632596359203505810087678355
2026-04-25T02:30:01.291167+00:00,2026-04-25T02:41:40.288618+00:00,momentum,"Solana Up or Down - April 24, 10:30PM-10:35PM ET",UP,Up,2.0,0.51,,LOSS,NO,-2.0,Down,0x7dce66eb7786cfda4f859f5e41632dac2886511dbceb3e3734c87fb0344a77ed,77294585193859402421823016235427672308052465692957340938524610876938586500273
2026-04-25T02:30:00.129261+00:00,2026-04-25T02:42:40.970513+00:00,momentum,"XRP Up or Down - April 24, 10:30PM-10:35PM ET",UP,Up,2.0,0.515,,WIN,YES,1.883495145631068,Up,0x3612f26ab54acfcf4b48db91ed3c4dcfe432bb8b331e5043814b2134d3245d71,107753183522319839454382011670933081190875906354430175958575813191237785723522
2026-04-25T02:30:01.238624+00:00,2026-04-25T02:42:41.108934+00:00,momentum,"Ethereum Up or Down - April 24, 10:30PM-10:35PM ET",DOWN,Down,8.0,0.62,,WIN,YES,4.903225806451614,Down,0xb983e34f746dd20c623971910bdf9b7b0e88dd93ae3f538c650cfef892f610f7,49816504563717158030773796251351665925060673962905790178471843910128977969011
2026-04-25T02:35:01.310228+00:00,2026-04-25T02:44:41.776072+00:00,momentum,"Bitcoin Up or Down - April 24, 10:35PM-10:40PM ET",DOWN,Down,2.0,0.53,,WIN,YES,1.773584905660377,Down,0x7469fbc61a996a4cd472717c78a07bdfc204a62725b3d27df70be049ac5a2d6b,54067797179427179073004505642767251857201623500757673514914381649923318487548
2026-04-25T02:35:04.510173+00:00,2026-04-25T02:44:42.016540+00:00,momentum,"Ethereum Up or Down - April 24, 10:35PM-10:40PM ET",DOWN,Down,2.0,0.51,,WIN,YES,1.9215686274509802,Down,0xa9bd283d03b225261364749396de6a510e8b01b57ee85ca6862a777dc8072202,79024491990866458271660784047462098688452442546941204562474479620057490018611
2026-04-25T02:35:01.360248+00:00,2026-04-25T02:45:41.943976+00:00,momentum,"XRP Up or Down - April 24, 10:35PM-10:40PM ET",DOWN,Down,2.0,0.51,,WIN,YES,1.9215686274509802,Down,0xaa62d4ea01fb91d8323f5a81397349aaf9d6f9ca9118684c3688dc051c2d4fb8,114537462153457682594114527430678260694337172115647323462642533067288187829335
2026-04-25T02:35:13.913941+00:00,2026-04-25T02:45:42.084458+00:00,momentum,"Solana Up or Down - April 24, 10:35PM-10:40PM ET",DOWN,Down,4.0,0.59,,LOSS,NO,-4.0,Up,0x59ed0cb9b26fb80318e4269258cb4fdc093baec205b0629b5ea9eba1db754aaf,72824902889882411616257707168017881776298951990960656370620635650676866813644
2026-04-25T02:40:03.070993+00:00,2026-04-25T02:51:45.311533+00:00,momentum,"XRP Up or Down - April 24, 10:40PM-10:45PM ET",DOWN,Down,2.0,0.53,,WIN,YES,1.773584905660377,Down,0x01bd315171720731fae44e60ad8304f86d68306a2d7d92bdf8728dd6079823c2,76846570853142332774566945492987283752507249279034785215903542800521366333856
2026-04-25T02:40:06.287716+00:00,2026-04-25T02:51:45.436479+00:00,momentum,"Bitcoin Up or Down - April 24, 10:40PM-10:45PM ET",DOWN,Down,2.0,0.52,,WIN,YES,1.8461538461538458,Down,0xee7b0445b0554a2c46249f51e7128ef93f305ae1e4fd0f60c7f2025d931206bc,88633363035479738391680997052808701807984750319409537756332002490566548287071
2026-04-25T02:40:41.359510+00:00,2026-04-25T02:51:45.652946+00:00,momentum,"Solana Up or Down - April 24, 10:40PM-10:45PM ET",DOWN,Down,8.0,0.51,,WIN,YES,7.686274509803921,Down,0x102b5d4e46ce8f0e7c8a6b38c62152fa41237a9171d266803e92affb05bf8103,106786110993996359776663402533670779361143539990360834992299318600950321269701
2026-04-25T02:40:31.039506+00:00,2026-04-25T02:52:45.974611+00:00,momentum,"Ethereum Up or Down - April 24, 10:40PM-10:45PM ET",UP,Up,2.0,0.53,,LOSS,NO,-2.0,Down,0x9a261e395323e19f67cf0b755dea07643c71f765b18b6478094dbc3a15c2a815,80524253859835567802084109519373883039520785000090927759719388992467003812381
2026-04-25T02:45:00.404943+00:00,2026-04-25T02:53:46.743062+00:00,momentum,"Bitcoin Up or Down - April 24, 10:45PM-10:50PM ET",DOWN,Down,2.0,0.52,,WIN,YES,1.8461538461538458,Down,0xd683de1a4019edfe920c04ee275848b2f23025bdb6e0ffd4aa132966113daf65,56840570315886916707768802152407027117977301859964956547960969033701080457066
2026-04-25T02:45:19.518122+00:00,2026-04-25T02:53:47.080042+00:00,momentum,"XRP Up or Down - April 24, 10:45PM-10:50PM ET",DOWN,Down,2.0,0.51,,WIN,YES,1.9215686274509802,Down,0x9959c454920cadbd2948ca043d8090d29c52352758d93a2696671869fbaedd2d,47889395475426887740429720383991817209290229791697825855163880375312747478434
2026-04-25T02:45:03.577421+00:00,2026-04-25T02:54:47.192113+00:00,momentum,"Ethereum Up or Down - April 24, 10:45PM-10:50PM ET",UP,Up,2.0,0.51,,LOSS,NO,-2.0,Down,0xa0c17bd1cce6d239cf7147207032fa4703e309d83df73e3b61ce79e35ff72c19,55725061808077581624992520097482916683631197171466597060333913725217110955814
2026-04-25T02:45:03.615082+00:00,2026-04-25T02:54:47.225054+00:00,momentum,"Solana Up or Down - April 24, 10:45PM-10:50PM ET",UP,Up,2.0,0.51,,LOSS,NO,-2.0,Down,0xef6ce100b987db297d4438150bf462ba4447e9ebf2824e97b106315b4c00e6bb,9939313739103205359062284635341754817021977378610696346994043381866626069995
2026-04-25T02:50:00.483932+00:00,2026-04-25T03:00:49.872515+00:00,momentum,"XRP Up or Down - April 24, 10:50PM-10:55PM ET",UP,Up,2.0,0.515,,WIN,YES,1.883495145631068,Up,0xfca4a14dc6567fc9cf370e46e52cc43b9aa0a6c1173ac970ff0103e84ff07546,50919653405881020479643473114913734870901370327365894713056375018622191382408
2026-04-25T02:50:01.635451+00:00,2026-04-25T03:00:49.910827+00:00,momentum,"Bitcoin Up or Down - April 24, 10:50PM-10:55PM ET",DOWN,Down,2.0,0.51,,LOSS,NO,-2.0,Up,0x88ca9cb15a6de6b846ca56cb29b450c49b7f97b2b78571a565f253c16ab31b1b,29573689738282809439955949874073621590544318574886066692169922475136390453401
2026-04-25T02:50:04.783126+00:00,2026-04-25T03:00:50.036329+00:00,momentum,"Solana Up or Down - April 24, 10:50PM-10:55PM ET",UP,Up,4.0,0.51,,WIN,YES,3.8431372549019605,Up,0x6759b7f6eeb1ac151359c7ae48e273bc24f979c0b331bda3c49d1f60b2ef441f,49754817518827212569550904125718523809568957665222715567476733309770465005041
2026-04-25T02:50:04.821595+00:00,2026-04-25T03:00:50.215448+00:00,momentum,"Ethereum Up or Down - April 24, 10:50PM-10:55PM ET",UP,Up,4.0,0.51,,WIN,YES,3.8431372549019605,Up,0x5c23f9b5d734adee2da9d4c7f368ce6808beae423674102f432fbb0978b25b2e,46416006037784273913386006915308512561908730015125311165042430250612997623246
2026-04-25T02:55:03.195896+00:00,2026-04-25T03:05:52.076923+00:00,momentum,"XRP Up or Down - April 24, 10:55PM-11:00PM ET",DOWN,Down,2.0,0.52,,WIN,YES,1.8461538461538458,Down,0x02844824ff2695d886ec9903af79ed954d06f1e63c349dd4b11cb552f1ddb598,59855019996729821106758540234628051810738233326008846644192130930032196214354
2026-04-25T02:55:03.233613+00:00,2026-04-25T03:05:52.224014+00:00,momentum,"Bitcoin Up or Down - April 24, 10:55PM-11:00PM ET",DOWN,Down,4.0,0.51,,WIN,YES,3.8431372549019605,Down,0x95489d69d9ade07f5373b0d4c3a963c0ad452f2e3d3c647b397fe79891606e76,88825395956407836769633448210363770118819692059748645736338939793900080580027
2026-04-25T02:55:06.376177+00:00,2026-04-25T03:05:52.460939+00:00,momentum,"Ethereum Up or Down - April 24, 10:55PM-11:00PM ET",UP,Up,2.0,0.55,,WIN,YES,1.6363636363636362,Up,0x6fe83232a69c472e9f50f91beb49dd0b371d0fc3708cd9357db775f7c3a9c4b7,15953811040520187586163298468176576962950218956603617773310220174331027275749
2026-04-25T02:55:03.272000+00:00,2026-04-25T03:06:52.536287+00:00,momentum,"Solana Up or Down - April 24, 10:55PM-11:00PM ET",DOWN,Down,2.0,0.51,,WIN,YES,1.9215686274509802,Down,0x71e9c7b4e25dce74cc9864c98a678d920483e56d10526fd8a8a651cf607898de,111293801140415432915902943636227584255991136028995616266375861249908504391749
2026-04-25T03:00:00.538376+00:00,2026-04-25T03:09:54.483759+00:00,momentum,"XRP Up or Down - April 24, 11:00PM-11:05PM ET",UP,Up,2.0,0.51,,WIN,YES,1.9215686274509802,Up,0x51a9423e1788135b8b01f400f8016c4ae85b2adaa586a6514bca48a8e6424c98,30025874804946529797707732797883283988259868191883352417092552786074885651130
2026-04-25T03:00:00.598897+00:00,2026-04-25T03:09:54.629386+00:00,momentum,"Ethereum Up or Down - April 24, 11:00PM-11:05PM ET",UP,Up,2.0,0.51,,WIN,YES,1.9215686274509802,Up,0xa2ba9c1384631b67d171d5aa051474555e49476fb23f6213e5fb4e33046db7e5,2125648155767662944950045993054996254628334301699182662418069691638378711356
2026-04-25T03:00:03.710098+00:00,2026-04-25T03:09:54.791280+00:00,momentum,"Solana Up or Down - April 24, 11:00PM-11:05PM ET",UP,Up,2.0,0.62,,WIN,YES,1.2258064516129035,Up,0x88896c42dc69b89268b139b7fd4c18c6e2412ca314459ef4ade97f793f26114b,105922497092316071638492585856393138141160700888827519750273329639437869800402
2026-04-25T03:00:03.754355+00:00,2026-04-25T03:09:54.975357+00:00,momentum,"Bitcoin Up or Down - April 24, 11:00PM-11:05PM ET",UP,Up,2.0,0.58,,WIN,YES,1.4482758620689657,Up,0x7389e8750fd095a4a5bcd53eb32bc272fb3bd42408b1949b288ec014d3ff728f,56236578167819049270300796490003091394670224701748907516979854056971578179288
2026-04-25T03:05:02.672879+00:00,2026-04-25T03:14:57.823265+00:00,momentum,"Solana Up or Down - April 24, 11:05PM-11:10PM ET",DOWN,Down,2.0,0.51,,WIN,YES,1.9215686274509802,Down,0xa88ee51b0016bd348cf5f786bf08222e167434143aec9821ed26116236bbc7bf,91430559218078416646345650871576648992656346862408218721044126073339554066477
2026-04-25T03:05:00.556322+00:00,2026-04-25T03:15:58.423453+00:00,momentum,"XRP Up or Down - April 24, 11:05PM-11:10PM ET",UP,Up,2.0,0.51,,LOSS,NO,-2.0,Down,0x73fcf2e23aaedaa2736c81edb1471b6e3cfe47bc659e1150375f078012e7e132,62808473126623900388006163808531349818692694459928191651911970209413561984111
2026-04-25T03:05:02.754074+00:00,2026-04-25T03:15:58.546654+00:00,momentum,"Ethereum Up or Down - April 24, 11:05PM-11:10PM ET",DOWN,Down,2.0,0.51,,WIN,YES,1.9215686274509802,Down,0x634d9f050ac309272ed9e5f7f6661735504a7eceb07e6941cf517475ab0e2492,50912574590007804003352454229202798198871159300446121088106602776965834034429
2026-04-25T03:05:05.879092+00:00,2026-04-25T03:15:58.576480+00:00,momentum,"Bitcoin Up or Down - April 24, 11:05PM-11:10PM ET",UP,Up,2.0,0.52,,LOSS,NO,-2.0,Down,0x00bb5694bfae93d1fadf15096821211e760de953d88f69b7e4e5e74a901a2b3d,9048371483384204111577092074166479573254938367866509429082965899281449893294
2026-04-25T03:10:00.816281+00:00,2026-04-25T03:21:00.246909+00:00,momentum,"Ethereum Up or Down - April 24, 11:10PM-11:15PM ET",DOWN,Down,2.0,0.51,,LOSS,NO,-2.0,Up,0xbf614cff3726ad217aa54e3b20fe9a4ce09cbb10e495c4d05f5dd1909b26542d,14680391288398678487618616340867320862515579310864946282449269408626309696300
2026-04-25T03:10:04.060068+00:00,2026-04-25T03:21:00.565528+00:00,momentum,"Solana Up or Down - April 24, 11:10PM-11:15PM ET",DOWN,Down,2.0,0.51,,WIN,YES,1.9215686274509802,Down,0xf63fbc32e0e7cc4e35c36bbf8409c6554999a7192935d8cb621dfc8fefa0b234,21370916744095188080880277493487713032727799315478077838742874030219439427826
2026-04-25T03:10:03.998024+00:00,2026-04-25T03:22:01.283575+00:00,momentum,"Bitcoin Up or Down - April 24, 11:10PM-11:15PM ET",DOWN,Down,2.0,0.58,,WIN,YES,1.4482758620689657,Down,0x1d775b8b7e5ccff5e026e793ef28a265e763000d9c2145907fb72e1fd73ddf67,97289601676502050786682629422261250534713003520278790631913812366631173255321
2026-04-25T03:10:07.761452+00:00,2026-04-25T03:22:01.318760+00:00,momentum,"XRP Up or Down - April 24, 11:10PM-11:15PM ET",DOWN,Down,4.0,0.51,,LOSS,NO,-4.0,Up,0x1a7533d2293cc71afc569bbad29c43fee26d57f36c9bab716887a1d8a6e9d5f9,19756387817236507274102785093103331815673960200682064888081367167570563042236
2026-04-25T03:15:05.774927+00:00,2026-04-25T03:24:01.829861+00:00,momentum,"Bitcoin Up or Down - April 24, 11:15PM-11:20PM ET",UP,Up,2.0,0.51,,WIN,YES,1.9215686274509802,Up,0x628ffa9b8d165c4a144e58d008390048586db16b70609981f4499e4fb0191ab9,60161123711852003536641097129776825087010442997967450390891934077560862753991
2026-04-25T03:15:00.578754+00:00,2026-04-25T03:25:01.806206+00:00,momentum,"XRP Up or Down - April 24, 11:15PM-11:20PM ET",UP,Up,2.0,0.51,,WIN,YES,1.9215686274509802,Up,0xbcbb960a9fad5150cabc5f83baaa0802a11715d263007974aba89040822aa3af,21896428588031466287455367930682033632713005016260601334539722184829180774708
2026-04-25T03:15:21.437271+00:00,2026-04-25T03:25:01.966978+00:00,momentum,"Solana Up or Down - April 24, 11:15PM-11:20PM ET",UP,Up,4.0,0.51,,WIN,YES,3.8431372549019605,Up,0x75ed2a3a95d2cb3aa8fbdbb97278dc129723b99441675a7c287a44bf51a44d9d,92144903721381362201046085758273066886166872930321313880514050767098113154239
2026-04-25T03:15:46.575133+00:00,2026-04-25T03:25:02.001289+00:00,momentum,"Ethereum Up or Down - April 24, 11:15PM-11:20PM ET",DOWN,Down,4.0,0.52,,LOSS,NO,-4.0,Up,0x227d9cce62e39976954280f7020d0835dcd5123dda92543604ca0b28d1515873,8441694698539590302749106905360803413876540631446453929361144757792019307300
2026-04-25T03:20:02.088129+00:00,2026-04-25T03:30:03.399607+00:00,momentum,"Bitcoin Up or Down - April 24, 11:20PM-11:25PM ET",UP,Up,2.0,0.51,,LOSS,NO,-2.0,Down,0x280bb416a1c7c6c7c8138a538e149791842b64c851f5ddfd5e9a10b3455f1cd4,75794830069533961415666387479664233566935925859822964469265406466431294825855
2026-04-25T03:20:02.148313+00:00,2026-04-25T03:30:03.548436+00:00,momentum,"Solana Up or Down - April 24, 11:20PM-11:25PM ET",DOWN,Down,2.0,0.52,,WIN,YES,1.8461538461538458,Down,0xd6024554fabc856cf47958a2ce75843648e51cde6951d7e2fc1b9e0016c550d3,71164550952973503757862005397335953778854499503037429334596765795205826763362
2026-04-25T03:20:05.309506+00:00,2026-04-25T03:30:03.678335+00:00,momentum,"Ethereum Up or Down - April 24, 11:20PM-11:25PM ET",DOWN,Down,8.0,0.51,,WIN,YES,7.686274509803921,Down,0xb4449faafbf423e660e9ca8d11b03dfc23bac641fb1427a6a599373cf10da8d6,26479878792947253210618185926691398004169022300048637574316263296638218750166
2026-04-25T03:20:08.475994+00:00,2026-04-25T03:30:03.724951+00:00,momentum,"XRP Up or Down - April 24, 11:20PM-11:25PM ET",UP,Up,2.0,0.6,,LOSS,NO,-2.0,Down,0xe4661a447c0345a7d19970ef3ecd911757a1da587fef244a988d40370400dd10,90178987271008888286832589579565278993182867744434476575821988330914968517467
2026-04-25T03:25:09.821031+00:00,2026-04-25T03:36:07.378826+00:00,momentum,"Bitcoin Up or Down - April 24, 11:25PM-11:30PM ET",UP,Up,4.0,0.52,,LOSS,NO,-4.0,Down,0xb953b0f1749568c784c9d514240f2bdbcef6e1ab19c290c5c3f83dc8ab2c0380,65873564709129946961744816099370418469614534676819720233346112864950828347838
2026-04-25T03:25:03.581664+00:00,2026-04-25T03:37:07.565298+00:00,momentum,"Ethereum Up or Down - April 24, 11:25PM-11:30PM ET",DOWN,Down,2.0,0.65,,WIN,YES,1.0769230769230766,Down,0xe4d3b49b3b3bd026246005e4be4f988d94c2a8864780efef802c999ee1517c79,18209865282136948798588187321778431927295529334046877079081230777767657921244
2026-04-25T03:25:03.620972+00:00,2026-04-25T03:37:07.715994+00:00,momentum,"Solana Up or Down - April 24, 11:25PM-11:30PM ET",DOWN,Down,2.0,0.61,,WIN,YES,1.278688524590164,Down,0x2bf02e26cf10a583a5693cb456925ad27f16a7ade1725ba3de4b8e95e70414cd,9870604965249826301964470931079839384147336950859346263971366817794818876595
2026-04-25T03:25:03.658623+00:00,2026-04-25T03:37:07.868610+00:00,momentum,"XRP Up or Down - April 24, 11:25PM-11:30PM ET",DOWN,Down,2.0,0.68,,WIN,YES,0.9411764705882351,Down,0xab1a266ff91e6958a8abdfd563db5773b5a037760f95fef25162b0fc33704657,34750677858861144034888375514998858031171154681409305127998898539400618233316
