timestamp,closed_at,source,market,direction,outcome,amount,entry_price,sell_price,result,won,pnl,winning_outcome,condition_id,token_id
2026-04-28T06:44:26.389076+00:00,2026-04-28T06:50:30.239603+00:00,momentum,"Solana Up or Down - April 28, 2:40AM-2:45AM ET",UP,Up,2.0,0.535,,LOSS,NO,-2.0,Down,0x720f3ec5eb7b9ac42e06b66410c9ff7e337dab55f15e8ba6f2148e41e6eb14b6,38960864551890187567355759744487038601273570046301407530714293623262827466299
2026-04-28T06:44:26.365439+00:00,2026-04-28T06:51:30.563205+00:00,momentum,"Bitcoin Up or Down - April 28, 2:40AM-2:45AM ET",DOWN,Down,2.0,0.99,,WIN,YES,0.020202020202020332,Down,0x5159125bb6508db6f3f07711a4a05b5b348f57ef18588d0df702a682093b5b6c,60632739124555564861869455240893344425847560821564518071378381900058523829015
2026-04-28T06:44:26.430303+00:00,2026-04-28T06:51:30.593382+00:00,momentum,"Ethereum Up or Down - April 28, 2:40AM-2:45AM ET",UP,Up,2.0,0.555,,LOSS,NO,-2.0,Down,0x46dfab750698348d38bd5feae5e03cf85961316b8d4c6cada12fb41e2c7f9bb7,51158395380595212084754800167892152620264207255866270637231663488074989778841
2026-04-28T06:44:26.448933+00:00,2026-04-28T06:51:30.723783+00:00,momentum,"XRP Up or Down - April 28, 2:40AM-2:45AM ET",DOWN,Down,2.0,0.99,,WIN,YES,0.020202020202020332,Down,0xcc39b38f945b71875e60f0cf471113f5646f1d98518f0291a08172063bdcb8d9,26138879518231715637569477912407518967139913810418396754139666449734111980830
2026-04-28T06:45:00.176748+00:00,2026-04-28T06:53:31.725792+00:00,momentum,"XRP Up or Down - April 28, 2:45AM-2:50AM ET",UP,Up,2.0,0.53,,WIN,YES,1.773584905660377,Up,0x815bea55481a3da85a953a611ab261df12ef11b888fb729939fe8aac5cb23472,101663515452440597762873967573930805256104150661017721903942183771925232279141
2026-04-28T06:45:00.176227+00:00,2026-04-28T06:54:31.412025+00:00,momentum,"Bitcoin Up or Down - April 28, 2:45AM-2:50AM ET",UP,Up,2.0,0.62,,WIN,YES,1.2258064516129035,Up,0x75045728c024db87940888b3364b21cd10e6080b034fb45ef32cc060ee671c7d,51207502304779955817981513408520615183449659485985431340264666614062223719045
2026-04-28T06:45:00.177226+00:00,2026-04-28T06:54:31.570567+00:00,momentum,"Solana Up or Down - April 28, 2:45AM-2:50AM ET",UP,Up,4.0,0.51,,WIN,YES,3.8431372549019605,Up,0x55622d9791deb3838300026f4ad83183ffd3788eaab820b72ad08d2d328050f7,84565749016293936857459792422782727323621020628237855730725452081544929868471
2026-04-28T06:45:00.177562+00:00,2026-04-28T06:55:31.689380+00:00,momentum,"Ethereum Up or Down - April 28, 2:45AM-2:50AM ET",UP,Up,4.0,0.6,,WIN,YES,2.666666666666667,Up,0xd6ce66bd14fac118bf045d204014bbf80b7ef0a3b91f784d02c21e8f880db8c9,75663578322318032903827885104372124381995205563063006379349523005980905360615
2026-04-28T06:50:00.635289+00:00,2026-04-28T06:59:34.347847+00:00,momentum,"Solana Up or Down - April 28, 2:50AM-2:55AM ET",UP,Up,2.0,0.52,,WIN,YES,1.8461538461538458,Up,0x33334b1e98142ccc75af5c5d29ea457e9ab93d9abc724afc44f3b37df115564d,92000902969891257224776403506221034439398441887142476309512348899048912807522
2026-04-28T06:50:00.635990+00:00,2026-04-28T07:00:34.508556+00:00,momentum,"Ethereum Up or Down - April 28, 2:50AM-2:55AM ET",UP,Up,2.0,0.545,,WIN,YES,1.6697247706422016,Up,0x75b7f5d43cbad1f34f013b0314c4a80263fff7325f4f90374fc57e3e684c3690,10038507141072613005723193096794819253852451859220990152145078900805081259198
2026-04-28T06:50:00.637095+00:00,2026-04-28T07:00:34.537275+00:00,momentum,"XRP Up or Down - April 28, 2:50AM-2:55AM ET",UP,Up,2.0,0.52,,LOSS,NO,-2.0,Down,0x9b316bdbf8b68cd21251394833bed79c1df6e16ec61f2f7c78708eb959320962,73621020092210176305130476071646372650502541317973947097831884228318862255621
2026-04-28T06:50:00.638298+00:00,2026-04-28T07:00:34.705113+00:00,momentum,"Bitcoin Up or Down - April 28, 2:50AM-2:55AM ET",UP,Up,2.0,0.535,,WIN,YES,1.7383177570093458,Up,0xa20d7ea9da0dcc2333c33d90de9eb5e886df350930a88734e91bca44cf39193c,91507576191899836768556474138542358969621594411104330307886075781364990935724
2026-04-28T06:55:00.488615+00:00,2026-04-28T07:06:37.639096+00:00,momentum,"Ethereum Up or Down - April 28, 2:55AM-3:00AM ET",UP,Up,2.0,0.53,,WIN,YES,1.773584905660377,Up,0x2ae06de4018eeea42596951631edb2e3a64b706e6e2fa02b51f60002f2f32112,108305625664223061417538670465970726982790639099282573808295807659964233367367
2026-04-28T06:55:00.489594+00:00,2026-04-28T07:06:37.673926+00:00,momentum,"Solana Up or Down - April 28, 2:55AM-3:00AM ET",UP,Up,2.0,0.525,,LOSS,NO,-2.0,Down,0x4269b1ddc34528c6c12e73c3ecd0c04797cb3bba10f56aba659f8a272c2a73af,6107112757901400933742463562182082893978508288371883008795782574816450274848
2026-04-28T06:55:00.490979+00:00,2026-04-28T07:06:37.706329+00:00,momentum,"Bitcoin Up or Down - April 28, 2:55AM-3:00AM ET",UP,Up,2.0,0.515,,LOSS,NO,-2.0,Down,0x506b67ecf62caedbd873128ccda69fdc585f94b1a83564b7a30be4a7eb868ea9,42145328947229558395920458845922272375779315132571064736518115623419813931173
2026-04-28T06:55:00.491579+00:00,2026-04-28T07:06:37.856773+00:00,momentum,"XRP Up or Down - April 28, 2:55AM-3:00AM ET",UP,Up,2.0,0.515,,WIN,YES,1.883495145631068,Up,0x255b89710b3cab1e6f5f5949a26a85adc0e1dee2582fc3c177fda567757e40e7,108221407075237390684046326716232705943345847401699629851044190846504661752057
2026-04-28T07:00:00.156422+00:00,2026-04-28T07:08:38.996952+00:00,momentum,"Ethereum Up or Down - April 28, 3:00AM-3:05AM ET",UP,Up,2.0,0.515,,WIN,YES,1.883495145631068,Up,0xc4e63a9e79cdce8716d4c38c09f93d681bd0eb00bee9b557bb935db53c4bbfd0,59806197569823844178671472920040312491947320602882890988000029438598608521910
2026-04-28T07:00:00.157380+00:00,2026-04-28T07:09:38.812257+00:00,momentum,"Solana Up or Down - April 28, 3:00AM-3:05AM ET",UP,Up,4.0,0.515,,LOSS,NO,-4.0,Down,0x6d46f5538ba55f005c34b4d82a090711725477adc0868956ae7f47b18f65c639,91691448364352345328870650247428119586936014426567137171580100370632648727124
2026-04-28T07:00:00.158496+00:00,2026-04-28T07:09:38.840099+00:00,momentum,"XRP Up or Down - April 28, 3:00AM-3:05AM ET",UP,Up,2.0,0.515,,LOSS,NO,-2.0,Down,0x1f9896a5a0e4f34742c2fa0008e136fbcd1ee42f0984d1c6f372323c13432bf6,98557925103803322109725506170279151700792450280730569820537665941203697881166
2026-04-28T07:00:04.328640+00:00,2026-04-28T07:09:38.986503+00:00,momentum,"Bitcoin Up or Down - April 28, 3:00AM-3:05AM ET",DOWN,Down,2.0,0.51,,WIN,YES,1.9215686274509802,Down,0x3384f1cb6922ec04dc6986e2ac0d58d95f5d8477516611f3a94b320e78e444d1,13344392337110760261215769741907114009577602577988836826608971986300327219384
2026-04-28T07:05:00.583667+00:00,2026-04-28T07:14:41.757657+00:00,momentum,"Ethereum Up or Down - April 28, 3:05AM-3:10AM ET",UP,Up,2.0,0.515,,LOSS,NO,-2.0,Down,0x2f748063cb3e28e89805dad41a866cb7d7ef885e62915182219ac7e4f9dc8d58,61311823451807808593618564954354090679180712504013886938422820974318371376296
2026-04-28T07:05:30.746831+00:00,2026-04-28T07:14:41.868101+00:00,momentum,"XRP Up or Down - April 28, 3:05AM-3:10AM ET",UP,Up,4.0,0.53,,LOSS,NO,-4.0,Down,0x13ab27746146397dd3092ee46a28fd1a85d3f1973a1a88690e6094ecd41cc67a,65912306080324306986044955589586228393487644511006512669797860737358457672972
2026-04-28T07:05:00.581662+00:00,2026-04-28T07:15:41.948271+00:00,momentum,"Solana Up or Down - April 28, 3:05AM-3:10AM ET",UP,Up,8.0,0.515,,LOSS,NO,-8.0,Down,0x2d1e886ac280547605d33b05c6c14b2a5823d3556254b72a00164cab851ad177,58709285820038648536375414384116211436802417252942624516015374858784040830759
2026-04-28T07:05:09.055427+00:00,2026-04-28T07:15:42.089896+00:00,momentum,"Bitcoin Up or Down - April 28, 3:05AM-3:10AM ET",DOWN,Down,2.0,0.51,,WIN,YES,1.9215686274509802,Down,0x0ebc260353e611cef2e0a41380c471e9ed283fa3e43bacb730af79412c712b58,96762887150350855625951678458139787439811692891399765157791652925492118188843
2026-04-28T07:10:00.272555+00:00,2026-04-28T07:20:44.884974+00:00,momentum,"Ethereum Up or Down - April 28, 3:10AM-3:15AM ET",UP,Up,2.0,0.51,,LOSS,NO,-2.0,Down,0x506ec76e962836fb1f0f704c47badd6c9b860ac16b56487b69d0bd1cc51055c8,52528948622262445697532132612738500706651110606534380715436556006878276667586
2026-04-28T07:10:00.273996+00:00,2026-04-28T07:20:44.925759+00:00,momentum,"Bitcoin Up or Down - April 28, 3:10AM-3:15AM ET",UP,Up,2.0,0.53,,LOSS,NO,-2.0,Down,0xeea8ec8add49107667c851a6fca225318615486318b71b5be7039c4254c56b46,90767890760211030094179954236062528359429209682563070699049084854588512711852
2026-04-28T07:10:00.275423+00:00,2026-04-28T07:20:44.963237+00:00,momentum,"Solana Up or Down - April 28, 3:10AM-3:15AM ET",UP,Up,16.0,0.55,,LOSS,NO,-16.0,Down,0x9d45b1c8d1353039cc14b529fdb09ed5f025b3e7f09bf51a212e6f7b19fe46bb,110835383646924851762781184642015537295400435254831631377110584318517121050025
2026-04-28T07:10:00.276569+00:00,2026-04-28T07:20:44.998458+00:00,momentum,"XRP Up or Down - April 28, 3:10AM-3:15AM ET",UP,Up,8.0,0.99,,LOSS,NO,-8.0,Down,0x7810f37843f3928c4ce4370eb7d265a4807b6a9cae97884413091d9024fd6f2a,66842129528866241857994295633145176352440451501169742335241132676364854649827
2026-04-28T07:15:00.600247+00:00,2026-04-28T07:23:45.814183+00:00,momentum,"Ethereum Up or Down - April 28, 3:15AM-3:20AM ET",UP,Up,4.0,0.55,,LOSS,NO,-4.0,Down,0x05e3a5eb434c3e19efba5b6817e5bfe61d9c4634b52afabe6d59fcdc6c4baefc,104644616630222396782376852508556784806936488793842934735064582341498739334676
2026-04-28T07:15:00.603756+00:00,2026-04-28T07:23:45.938608+00:00,momentum,"Bitcoin Up or Down - April 28, 3:15AM-3:20AM ET",UP,Up,2.0,0.52,,LOSS,NO,-2.0,Down,0xbca4f5ad87097de49187b7b843933fe1ca072e4c5a3a65ad424306e0a71ad4f0,64303246007056216865485618087313455979905260800361615287312097685770409525296
2026-04-28T07:15:00.605735+00:00,2026-04-28T07:23:45.974768+00:00,momentum,"Solana Up or Down - April 28, 3:15AM-3:20AM ET",UP,Up,32.0,0.53,,LOSS,NO,-32.0,Down,0x52a28c25a3e149218978f31a5688e83bd02a292da56030b74f0a3adb7193295e,54908776138776966206707731507353524057381341946993554106410314525877768838653
2026-04-28T07:15:00.602220+00:00,2026-04-28T07:24:46.037377+00:00,momentum,"XRP Up or Down - April 28, 3:15AM-3:20AM ET",UP,Up,16.0,0.51,,LOSS,NO,-16.0,Down,0xac55807492a4dd70d155e0f7b85767e8c2605ae7dd927c4c51e67036ac3daad0,41900995087168360614732136950104252113034629371188141341855704124930415116900
2026-04-28T07:20:00.812610+00:00,2026-04-28T07:29:49.354126+00:00,momentum,"XRP Up or Down - April 28, 3:20AM-3:25AM ET",UP,Up,32.0,0.53,,WIN,YES,28.37735849056603,Up,0xeab0c3d881d386b10d54dc86e9bbc9b11e8332f59d7ef8a8c03390938e7dad82,18833743771425473087848653428826082182176905417973222339389994078393463186641
2026-04-28T07:20:00.814441+00:00,2026-04-28T07:29:49.536701+00:00,momentum,"Ethereum Up or Down - April 28, 3:20AM-3:25AM ET",UP,Up,8.0,0.52,,WIN,YES,7.384615384615383,Up,0xed8f5cae04db025c31b3ca5ec4a08a3c4c69e6031fdc4d0d3a0ff369d92e459f,95235977268645154105541277204584076857712626687724679955050399021696706575079
2026-04-28T07:20:00.815871+00:00,2026-04-28T07:29:49.717139+00:00,momentum,"Solana Up or Down - April 28, 3:20AM-3:25AM ET",UP,Up,64.0,0.51,,WIN,YES,61.49019607843137,Up,0xf3d8830251ab44ff41623b4f8a19fd7841573a4ce961a489a678c843728c6f1b,59379001227706280764685144984889080777719457549408641381731157221194186442962
2026-04-28T07:20:00.810889+00:00,2026-04-28T07:30:49.735051+00:00,momentum,"Bitcoin Up or Down - April 28, 3:20AM-3:25AM ET",UP,Up,4.0,0.55,,WIN,YES,3.2727272727272725,Up,0x47117a582a138afe4350386a27f59f777a8a7f6550ff26c3b3692245772c0219,40809788520213841637551926396593716041896883728743851683656262568432329801326
2026-04-28T07:25:00.736453+00:00,2026-04-28T07:35:51.933413+00:00,momentum,"Bitcoin Up or Down - April 28, 3:25AM-3:30AM ET",UP,Up,2.0,0.515,,WIN,YES,1.883495145631068,Up,0x3725573f1c3186e5f26bcc7c0da13728db6dad36db02da603fd5cb891966836a,114508553671127082320342499987626671098667161776428974819213550403855654258040
2026-04-28T07:25:00.738399+00:00,2026-04-28T07:35:52.157293+00:00,momentum,"XRP Up or Down - April 28, 3:25AM-3:30AM ET",UP,Up,2.0,0.53,,WIN,YES,1.773584905660377,Up,0x45c4de5f4caca08e381b537229fe26ecf76dcab92438b4c333bd9af505c804cd,41742643948953660335945687528766875028757224222594515054755859894761669258082
2026-04-28T07:25:00.740266+00:00,2026-04-28T07:35:52.461480+00:00,momentum,"Ethereum Up or Down - April 28, 3:25AM-3:30AM ET",UP,Up,2.0,0.545,,WIN,YES,1.6697247706422016,Up,0x4d13be3afcc435a35c6a49605f3c89398a61d9d123057f7dbc54f150eec3047e,16673837669006397625004150927703537077733816136299913142845528070298822167603
2026-04-28T07:25:00.742202+00:00,2026-04-28T07:36:52.394403+00:00,momentum,"Solana Up or Down - April 28, 3:25AM-3:30AM ET",DOWN,Down,2.0,0.515,,LOSS,NO,-2.0,Up,0x8a6fb4ff72a69dbb3fe06b09db3f6bfadf054dc33e4cee32c034c16a9aae19d8,102558056824896819085842525284649411144016051750726015640696177907664722635130
2026-04-28T07:30:00.364103+00:00,2026-04-28T07:38:53.417586+00:00,momentum,"Ethereum Up or Down - April 28, 3:30AM-3:35AM ET",UP,Up,2.0,0.51,,WIN,YES,1.9215686274509802,Up,0x936a2ee1be02423ea9a4530e38d3e7e4d5d4cd79f8f96dfb11119b4452c2a02d,94765692678609617482201809589089265406938580338898648832740426197344968910506
2026-04-28T07:30:00.366241+00:00,2026-04-28T07:38:53.553808+00:00,momentum,"XRP Up or Down - April 28, 3:30AM-3:35AM ET",UP,Up,4.0,0.51,,WIN,YES,3.8431372549019605,Up,0xe6ce9f1dae85519a855316a63b54bfa961697f92596ab9679b5e6dfdad8b7724,115435126076771797299416807751280434952274207213147555465907422628816381312431
2026-04-28T07:30:03.428964+00:00,2026-04-28T07:38:53.688911+00:00,momentum,"Bitcoin Up or Down - April 28, 3:30AM-3:35AM ET",UP,Up,2.0,0.51,,WIN,YES,1.9215686274509802,Up,0x50d676c657e37df1c26617384254613680f99d3d8e3f6c1d677633b7ea3c7e11,42730633686075541120767197099566089836684196417542778471061242009513733401735
2026-04-28T07:30:00.362285+00:00,2026-04-28T07:39:54.042549+00:00,momentum,"Solana Up or Down - April 28, 3:30AM-3:35AM ET",UP,Up,4.0,0.52,,WIN,YES,3.6923076923076916,Up,0x0da7bbef9079a2933257b564ff5dfd7eee5a1acdb0854442decc40269972a549,18830353584395123144937349583440778283809434252217458465753041371582784650325
2026-04-28T07:35:01.010093+00:00,2026-04-28T07:44:55.813330+00:00,momentum,"Solana Up or Down - April 28, 3:35AM-3:40AM ET",UP,Up,2.0,0.525,,WIN,YES,1.8095238095238093,Up,0xbea5f5c8a36433072f68c16a0a563eb17607d2fc0b9b86c94cdc4e6cf0d8504a,98942928267217141783004689426652775911885608485614527686868910568976129675255
2026-04-28T07:35:09.174499+00:00,2026-04-28T07:44:56.070381+00:00,momentum,"XRP Up or Down - April 28, 3:35AM-3:40AM ET",UP,Up,2.0,0.53,,WIN,YES,1.773584905660377,Up,0xc0a7b891ecdd727ad4c05328044dc4d3e85bb54e24d8d42297c0c226ee950bb5,18938964445220136274359425899880247943928420509004550268067988227212274337362
2026-04-28T07:35:09.176372+00:00,2026-04-28T07:44:56.253007+00:00,momentum,"Bitcoin Up or Down - April 28, 3:35AM-3:40AM ET",UP,Up,2.0,0.57,,WIN,YES,1.5087719298245617,Up,0xe593c29fb5c687b101f7155dcd3474672e54586148d538023d2fc4e420f06291,53741534670520147221239636949922532432409102434894127625516904388364883594902
2026-04-28T07:35:01.012138+00:00,2026-04-28T07:45:56.491993+00:00,momentum,"Ethereum Up or Down - April 28, 3:35AM-3:40AM ET",DOWN,Down,2.0,0.515,,LOSS,NO,-2.0,Up,0x7f9f3aab0b0c46638ad7f737145555d85d0273a95db3bacc200e7b087957d969,56472014563224654406014163826385530623184764452098012900474271156215072519712
2026-04-28T07:40:00.166078+00:00,2026-04-28T07:51:00.380907+00:00,momentum,"Solana Up or Down - April 28, 3:40AM-3:45AM ET",UP,Up,2.0,0.515,,WIN,YES,1.883495145631068,Up,0x6fe1fe5c6955b64af1710608fe54d708ec3160b3355c4b72eab6a580f32e7e07,115673429403026126245450749962602804515347006813998164278719381220667672306794
2026-04-28T07:40:00.168271+00:00,2026-04-28T07:51:00.549385+00:00,momentum,"Ethereum Up or Down - April 28, 3:40AM-3:45AM ET",DOWN,Down,2.0,0.515,,WIN,YES,1.883495145631068,Down,0x6cbc76afa6196cee9c28c59294818fe5ffb76f5e6ce1e482e22d3090923575fc,1185731277678723835065244129216437658993483977016785547057959630076115372471
2026-04-28T07:40:01.343829+00:00,2026-04-28T07:51:00.755443+00:00,momentum,"XRP Up or Down - April 28, 3:40AM-3:45AM ET",DOWN,Down,2.0,0.51,,LOSS,NO,-2.0,Up,0x5b0e606e4a622a8ed1b802c8cd50635533466becf03d305c28bb627b2bdcf963,104417506595778271600547819625697868486385433940984000971219579305345213365063
2026-04-28T07:40:01.340832+00:00,2026-04-28T07:52:00.967832+00:00,momentum,"Bitcoin Up or Down - April 28, 3:40AM-3:45AM ET",DOWN,Down,2.0,0.51,,LOSS,NO,-2.0,Up,0x029614606bbad67c21ee4dca1754c10f27495026e43e600a790e56284bfd2e86,26793470235998003891431741562349547415684113041110201919467181309284013072655
2026-04-28T07:45:00.964991+00:00,2026-04-28T07:54:02.262587+00:00,momentum,"Bitcoin Up or Down - April 28, 3:45AM-3:50AM ET",DOWN,Down,4.0,0.55,,WIN,YES,3.2727272727272725,Down,0xce7f61727b78700e872549a54f973570581875e21678fda63d89b8d47d96d628,96117738269205606310712819355025099885581705507368554120498064605487410061949
2026-04-28T07:45:01.058489+00:00,2026-04-28T07:54:02.292128+00:00,momentum,"Ethereum Up or Down - April 28, 3:45AM-3:50AM ET",DOWN,Down,2.0,0.51,,LOSS,NO,-2.0,Up,0xde503f9fb271e81ad2a1b8cd2a17098a0d09e41b857eae53308da8c48cfc777b,30702820332874232275787013438866787996000945090536980249245265256336464989722
2026-04-28T07:45:01.122672+00:00,2026-04-28T07:54:02.426516+00:00,momentum,"XRP Up or Down - April 28, 3:45AM-3:50AM ET",DOWN,Down,4.0,0.51,,WIN,YES,3.8431372549019605,Down,0x4a600e27baec6817c480d13a806d223e9b1c452f7bb3b2ed64561e0485a01636,34866574429636252846725743472616000409340913721369626592826896618607780131148
2026-04-28T07:45:04.195207+00:00,2026-04-28T07:54:02.465666+00:00,momentum,"Solana Up or Down - April 28, 3:45AM-3:50AM ET",UP,Up,2.0,0.52,,LOSS,NO,-2.0,Down,0x330ab1b00b9c77012758981386d53ac6d78922173e52309585906cf41dcb03f3,72019572000591221216071077303226151143382633950527954868084146743440239042185
2026-04-28T07:50:01.164264+00:00,2026-04-28T08:00:05.375302+00:00,momentum,"Solana Up or Down - April 28, 3:50AM-3:55AM ET",DOWN,Down,2.0,0.515,,LOSS,NO,-2.0,Up,0x37c9682ccc7a35bd7351b831339dec6fdc9c107fd6662129f686dc248b452633,78223450330439713523235691538393968749721999943862921379004082744723543714438
2026-04-28T07:50:02.228302+00:00,2026-04-28T08:00:05.695847+00:00,momentum,"Bitcoin Up or Down - April 28, 3:50AM-3:55AM ET",UP,Up,2.0,0.56,,WIN,YES,1.5714285714285712,Up,0x51460dfe6f18685c5b1ebb126ea714b9939a7e41528b527ad7ccaf2b75300563,27065412210642682659623816372556985475946037765750788878122905198364731792608
2026-04-28T07:50:02.231067+00:00,2026-04-28T08:00:05.729116+00:00,momentum,"XRP Up or Down - April 28, 3:50AM-3:55AM ET",DOWN,Down,2.0,0.51,,LOSS,NO,-2.0,Up,0xeeff650faca5058b0173b803e67b981323dcaf47ff1f07b6077ea7654c4aadb8,46246112967006784342398838905595492096096809330845167239419478598238361458018
2026-04-28T07:50:01.169640+00:00,2026-04-28T08:01:05.629820+00:00,momentum,"Ethereum Up or Down - April 28, 3:50AM-3:55AM ET",DOWN,Down,4.0,0.515,,LOSS,NO,-4.0,Up,0x0b4df43c53d51443224409a6d712f3ba9a787025895c8823fef0f3fcb2640607,23070391488573239410267094222358493723408575652292580076378481686835333720929
2026-04-28T07:55:00.417787+00:00,2026-04-28T08:06:08.095896+00:00,momentum,"Bitcoin Up or Down - April 28, 3:55AM-4:00AM ET",DOWN,Down,2.0,0.55,,WIN,YES,1.6363636363636362,Down,0x7508407b8c8cc770696b4a2b18339d7753bb82e72049210660bb4f097b976c55,95491193846706972034632244107234363558234114475851390790913665608935716783502
2026-04-28T07:55:00.420748+00:00,2026-04-28T08:06:08.133008+00:00,momentum,"Ethereum Up or Down - April 28, 3:55AM-4:00AM ET",DOWN,Down,8.0,0.57,,LOSS,NO,-8.0,Up,0x2d2137c26f06ad46c5eabd40177edf43a0954b73a850f2d1be8415b33ad3bdec,56121928670434872580533491880498002189865326816028201735012525892746758839838
2026-04-28T07:55:04.142123+00:00,2026-04-28T08:06:08.266289+00:00,momentum,"XRP Up or Down - April 28, 3:55AM-4:00AM ET",DOWN,Down,4.0,0.54,,LOSS,NO,-4.0,Up,0x2399c4dcfc888389d9bfadd78aa430e7967b8a1f88161463fa3aaefad0772498,3170282157088321793020890366456120989014847777480507691755055831731429336059
2026-04-28T07:55:04.137850+00:00,2026-04-28T08:07:08.060746+00:00,momentum,"Solana Up or Down - April 28, 3:55AM-4:00AM ET",DOWN,Down,2.0,0.52,,LOSS,NO,-2.0,Up,0xe2774cf115000263a03521673505a572ee99e3715627f768cc37c3e7b24d9cfa,25959884249636025506136289233524792778039376448691807623173225861334960985317
2026-04-28T08:00:00.911385+00:00,2026-04-28T08:09:09.835731+00:00,momentum,"Solana Up or Down - April 28, 4:00AM-4:05AM ET",DOWN,Down,2.0,0.515,,WIN,YES,1.883495145631068,Down,0x769f57f6e728ff43fc961d985c365a6756ec979c80836832531c31d1c7cdaeae,84517757687815777621705746253618928214664211284723285741441377588837407363866
2026-04-28T08:00:00.914434+00:00,2026-04-28T08:10:09.819749+00:00,momentum,"XRP Up or Down - April 28, 4:00AM-4:05AM ET",UP,Up,2.0,0.51,,LOSS,NO,-2.0,Down,0x8d70dc0cd0178334d7f50e80544585dc0eace51eabd00d6e4b31cad100f9267c,50641529885500151757191462713895618888538271720292148952163111300902565400724
2026-04-28T08:00:00.920155+00:00,2026-04-28T08:10:09.969208+00:00,momentum,"Ethereum Up or Down - April 28, 4:00AM-4:05AM ET",DOWN,Down,16.0,0.515,,WIN,YES,15.067961165048544,Down,0x42a27bcdafb3e390945d6d62f272719600d358d843bd91e4f4c5d516e1ec147e,96522556759330151467382324070094593954928180141754991125311921042051570926248
2026-04-28T08:00:01.992041+00:00,2026-04-28T08:10:10.003461+00:00,momentum,"Bitcoin Up or Down - April 28, 4:00AM-4:05AM ET",UP,Up,2.0,0.52,,LOSS,NO,-2.0,Down,0x9926970d5c00647432d5d0343a455ac7eda8a481343877cf12de06d572febae2,60197829896828108617661416823954028155760565430942212706810459935601879538594
2026-04-28T08:05:00.458409+00:00,2026-04-28T08:14:12.404765+00:00,momentum,"Ethereum Up or Down - April 28, 4:05AM-4:10AM ET",DOWN,Down,2.0,0.55,,WIN,YES,1.6363636363636362,Down,0xb00dd6c8e205a491d25190443ce8dc257b0a9e2927cda480eeb4b311446e6f0e,54484453433247990404170537818837734985839223057916484513304970158441596075576
2026-04-28T08:05:00.453566+00:00,2026-04-28T08:15:12.902757+00:00,momentum,"Bitcoin Up or Down - April 28, 4:05AM-4:10AM ET",DOWN,Down,4.0,0.52,,LOSS,NO,-4.0,Up,0x2c2a98ccac6e418fefbd0eff34db466268a0be4edaef88eff3d0902f6f7743fc,72930689872523727701205029185618542398143819993761164626565196203806625951417
2026-04-28T08:05:00.462014+00:00,2026-04-28T08:16:13.238929+00:00,momentum,"XRP Up or Down - April 28, 4:05AM-4:10AM ET",DOWN,Down,4.0,0.51,,LOSS,NO,-4.0,Up,0xdb4d658c0f18e5c99df8ac7248848b42d10ce717b36abb729bd79875cd64a5a3,80378202993805067527058905880735431424104068075887390341187915605881544509026
2026-04-28T08:05:03.937889+00:00,2026-04-28T08:16:13.277122+00:00,momentum,"Solana Up or Down - April 28, 4:05AM-4:10AM ET",DOWN,Down,2.0,0.53,,LOSS,NO,-2.0,Up,0x8154d8222d121cd1f54638184b5e76b2babcb464bfe8b64815891a45427e3734,28530047301601890663884514739389731699606953820192933213378584529197168676553
2026-04-28T08:10:00.241262+00:00,2026-04-28T08:21:15.491979+00:00,momentum,"Solana Up or Down - April 28, 4:10AM-4:15AM ET",DOWN,Down,4.0,0.515,,LOSS,NO,-4.0,Up,0x2d8d061a87e0dc46b653e8a143b267215e52e3f18ed31511fcd79b6084513863,9392466959555734591919609090613864772354089389731729614626404817322761560035
2026-04-28T08:10:00.256977+00:00,2026-04-28T08:21:15.529872+00:00,momentum,"Ethereum Up or Down - April 28, 4:10AM-4:15AM ET",DOWN,Down,2.0,0.515,,LOSS,NO,-2.0,Up,0x2412739b057766f0f9fe7cd591f1af022b457586e5be45a43995b89559c9a4e6,85631097026402490444880917828854130819562811067938092047256051942336654219124
2026-04-28T08:10:01.571144+00:00,2026-04-28T08:21:15.679468+00:00,momentum,"Bitcoin Up or Down - April 28, 4:10AM-4:15AM ET",UP,Up,8.0,0.53,,WIN,YES,7.094339622641508,Up,0x1c4f29f26050caa947502c9afd62f562220752df50feb5913fa9e30c0b5f680b,16189609384672536293281495870602850040448095061437916987922556684062726865130
2026-04-28T08:10:04.680012+00:00,2026-04-28T08:22:15.952956+00:00,momentum,"XRP Up or Down - April 28, 4:10AM-4:15AM ET",DOWN,Down,8.0,0.54,,LOSS,NO,-8.0,Up,0xf41c951cb25e147d06dc6d0dd3661168db1d8343aa64d7d001833e2b5b19d98a,113618246324842487512561288422695013328395008708698326070024798032431575275917
2026-04-28T08:15:09.677472+00:00,2026-04-28T08:23:17.182731+00:00,momentum,"Ethereum Up or Down - April 28, 4:15AM-4:20AM ET",UP,Up,4.0,0.53,,WIN,YES,3.547169811320754,Up,0x164cf499dbea5ae6fde02d09851a7d94ad93815953b29f077a98fac26c42468d,13906096771554240853487190956242039335913764458317039714942907289379043121838
2026-04-28T08:15:03.490511+00:00,2026-04-28T08:24:17.256412+00:00,momentum,"XRP Up or Down - April 28, 4:15AM-4:20AM ET",DOWN,Down,16.0,0.54,,LOSS,NO,-16.0,Up,0x0ffeaf4a6d7cdbde484a32caadf9d621506e39cd157e656ba10a5fb1463e31b6,36932137819112667948461487605390758477341406686913513165291305807449698040184
2026-04-28T08:15:00.384745+00:00,2026-04-28T08:25:17.610192+00:00,momentum,"Bitcoin Up or Down - April 28, 4:15AM-4:20AM ET",DOWN,Down,2.0,0.52,,LOSS,NO,-2.0,Up,0x108e80fdddaee0b23cf5c5230afa1e15a54b5776c57c6ca642d53d4c6d46fedb,70042271079261953733650284178461109101565209810655524853340380238781327175637
2026-04-28T08:15:06.578748+00:00,2026-04-28T08:25:17.778934+00:00,momentum,"Solana Up or Down - April 28, 4:15AM-4:20AM ET",UP,Up,8.0,0.51,,WIN,YES,7.686274509803921,Up,0xa9be1f2adf3de359369b459bece1de6d8b8a9386e7ca8191ebe87626048e5116,7450699803062757367444754172256838319094183774142847780176731911551410288663
2026-04-28T08:20:01.140799+00:00,2026-04-28T08:30:19.693957+00:00,momentum,"Ethereum Up or Down - April 28, 4:20AM-4:25AM ET",DOWN,Down,2.0,0.515,,WIN,YES,1.883495145631068,Down,0xb0a8dada5b98946903b6b2038bbc2e52ea1a4cf7cfa69f33ea73284a3b8a8533,27406239673595564341768003567278179189733866819863423055389592470518007980108
2026-04-28T08:20:02.149905+00:00,2026-04-28T08:30:20.085398+00:00,momentum,"XRP Up or Down - April 28, 4:20AM-4:25AM ET",DOWN,Down,16.0,0.54,,WIN,YES,13.629629629629626,Down,0xcce84f979b4c7f7137d14b3432878495fe8f94eab5cc8ec401b51029f0aa3ae4,47279517940701158673848870653647275865450883477238547409731963192161793039544
2026-04-28T08:20:01.135744+00:00,2026-04-28T08:31:19.770046+00:00,momentum,"Solana Up or Down - April 28, 4:20AM-4:25AM ET",DOWN,Down,2.0,0.51,,WIN,YES,1.9215686274509802,Down,0xfe13192ece1345794787aa0077b4e9a5b3f2cd08fec875ca65ee1a95063d2a85,77176905277443401397175480913783699645917707976353814833538708373892257161208
2026-04-28T08:20:02.144896+00:00,2026-04-28T08:31:19.897463+00:00,momentum,"Bitcoin Up or Down - April 28, 4:20AM-4:25AM ET",DOWN,Down,4.0,0.51,,WIN,YES,3.8431372549019605,Down,0xda24788a7604cc195cbfaba29da85f316c4ea4170a7f265b5f4ac0c66a14fb44,5261159255302665955572901765406539387925382171120409154886373657215132054577
2026-04-28T08:25:00.831331+00:00,2026-04-28T08:36:23.268173+00:00,momentum,"Bitcoin Up or Down - April 28, 4:25AM-4:30AM ET",DOWN,Down,2.0,0.525,,LOSS,NO,-2.0,Up,0x09afa07311b8f9bd1304542c915e190f2f81986f8ddf8b8c1daab41c6e5a57c1,49589108225738867596520030310069690605384762505123088740139054545400574012401
2026-04-28T08:25:00.842505+00:00,2026-04-28T08:36:23.393450+00:00,momentum,"Ethereum Up or Down - April 28, 4:25AM-4:30AM ET",DOWN,Down,2.0,0.515,,LOSS,NO,-2.0,Up,0xcee2525e2f0cf450ad7f48fb386d3c1d620cb483872efa558156e7b1f33eee66,62922217596226624919272686558566915485603858148462187291572993334286329214001
2026-04-28T08:25:01.941829+00:00,2026-04-28T08:36:23.430302+00:00,momentum,"XRP Up or Down - April 28, 4:25AM-4:30AM ET",DOWN,Down,2.0,0.51,,LOSS,NO,-2.0,Up,0x3f5eedd3fbdf4da832d8677945519a6e75379c534b95b0303e2ea74449bdc41c,3051038933016276322234047298957225516095239877834843799900630562110692816885
2026-04-28T08:25:00.835194+00:00,2026-04-28T08:37:23.799122+00:00,momentum,"Solana Up or Down - April 28, 4:25AM-4:30AM ET",UP,Up,2.0,0.51,,WIN,YES,1.9215686274509802,Up,0xe67b8a62670a5890a218cbf83a6923331c38896a4728b573a0e658af7789b3ce,87819505234950551239556837062199949868515736155500402920961981975619664343519
2026-04-28T08:30:01.819467+00:00,2026-04-28T08:38:24.413571+00:00,momentum,"Ethereum Up or Down - April 28, 4:30AM-4:35AM ET",DOWN,Down,4.0,0.53,,WIN,YES,3.547169811320754,Down,0x1223bc67044cd8d3c485bcba3394f81fcbdd6059059b2c1132edd40ed7db5fc2,24333723838661480666121600912497435276244176361800195162790383954046171797045
2026-04-28T08:30:00.739627+00:00,2026-04-28T08:39:24.708774+00:00,momentum,"Solana Up or Down - April 28, 4:30AM-4:35AM ET",DOWN,Down,2.0,0.515,,WIN,YES,1.883495145631068,Down,0xd9479ce2826fe521a48bd43b7d7e176585d3cd8df1a967a042764640e7d4e8ad,6714440975066272516532384747385873544542347689260608568529153133358874088269
2026-04-28T08:30:01.816295+00:00,2026-04-28T08:39:24.858826+00:00,momentum,"Bitcoin Up or Down - April 28, 4:30AM-4:35AM ET",DOWN,Down,4.0,0.51,,WIN,YES,3.8431372549019605,Down,0xeb3e44bd635febed378355919e87dfda5fa3f8ca1a7f794f3e6b24a61ff26022,52522743389936321671513924640207731281217085839629373630005946795760380977443
2026-04-28T08:30:01.822812+00:00,2026-04-28T08:39:25.003357+00:00,momentum,"XRP Up or Down - April 28, 4:30AM-4:35AM ET",DOWN,Down,4.0,0.52,,WIN,YES,3.6923076923076916,Down,0x25c8bc00ffcb86d5857f3faf3474df25c190fe2dd151ccfbcbaadb82acb333b4,97297729444414956783606593470112830017039036722183554499834511184551691814742
2026-04-28T08:35:00.501874+00:00,2026-04-28T08:44:28.015270+00:00,momentum,"XRP Up or Down - April 28, 4:35AM-4:40AM ET",DOWN,Down,2.0,0.51,,WIN,YES,1.9215686274509802,Down,0xaa287f01df2677a9c7225f5ae5541c450b48d518d014a8c1f8dc810e196bb334,52164579661826304753975494587609235665159809191696964108847687848459636172190
2026-04-28T08:35:01.512231+00:00,2026-04-28T08:44:28.200028+00:00,momentum,"Ethereum Up or Down - April 28, 4:35AM-4:40AM ET",DOWN,Down,2.0,0.56,,WIN,YES,1.5714285714285712,Down,0x3ca0a96c4de0180ad66cd250a6223ae51df0e7205ec003856e2d010fab1a437e,92325598524888940363260864560104500865969536200425366236220670341685874056203
2026-04-28T08:35:00.488695+00:00,2026-04-28T08:45:28.330080+00:00,momentum,"Bitcoin Up or Down - April 28, 4:35AM-4:40AM ET",DOWN,Down,2.0,0.515,,WIN,YES,1.883495145631068,Down,0x6cfb3f2c799d2a77d3107951e48e412bfad4b0e29d87f9125935bdb2ef55d175,19490371374589359418365523822555354285752777297134318993074409571965474910393
2026-04-28T08:35:00.496394+00:00,2026-04-28T08:45:28.479009+00:00,momentum,"Solana Up or Down - April 28, 4:35AM-4:40AM ET",DOWN,Down,4.0,0.525,,WIN,YES,3.6190476190476186,Down,0x132e6c7c3bcaf7b2feb4013d8a38beaeeec1dcb55775b25bc92b8c609f5f042c,52060483591742304182925194515222063880588047405634959922081807320390717864567
2026-04-28T08:40:00.710933+00:00,2026-04-28T08:50:31.080738+00:00,momentum,"Solana Up or Down - April 28, 4:40AM-4:45AM ET",DOWN,Down,2.0,0.515,,WIN,YES,1.883495145631068,Down,0x07484aac1d640d8d711910bbdbdb3ff06e929aa1b9eb8df565662fad2af7ec1f,56796626796415685905911955264244240139899538792450806422067741312744520805400
2026-04-28T08:40:02.779171+00:00,2026-04-28T08:50:31.256167+00:00,momentum,"Bitcoin Up or Down - April 28, 4:40AM-4:45AM ET",DOWN,Down,2.0,0.52,,WIN,YES,1.8461538461538458,Down,0x4a3cb04f9db8cfb5a1a3ad046bff019b74a9c60701162add252a40bf19c042dc,28740756712355072284367898146304871120794276511135313221581709034178086486991
2026-04-28T08:40:02.783209+00:00,2026-04-28T08:50:31.448975+00:00,momentum,"XRP Up or Down - April 28, 4:40AM-4:45AM ET",DOWN,Down,2.0,0.51,,WIN,YES,1.9215686274509802,Down,0xce3cdf61a54050d4c25c777987a08ed4c4c295af161a8f767ddd9b266f0f12c6,5728861716797106171994356252751331193692616020739262757782868434421133451575
2026-04-28T08:40:02.787135+00:00,2026-04-28T08:51:31.460874+00:00,momentum,"Ethereum Up or Down - April 28, 4:40AM-4:45AM ET",DOWN,Down,2.0,0.57,,WIN,YES,1.5087719298245617,Down,0x90c60d4f95a57d2a2e59623ea67a703e5728bdfea0ac580c9c638c261ae6c05e,103036079442926679126131804927882775160507296077477663716910144645771178846651
2026-04-28T08:45:02.133895+00:00,2026-04-28T08:57:35.620024+00:00,momentum,"Ethereum Up or Down - April 28, 4:45AM-4:50AM ET",DOWN,Down,2.0,0.51,,WIN,YES,1.9215686274509802,Down,0xf6f05e90186accc6285299f26b43af169352c055575d35e9132e769e992ad5c9,8525932527386788537228724999477362403934151174047589371491917898704473629381
2026-04-28T08:45:02.140516+00:00,2026-04-28T08:57:35.653273+00:00,momentum,"Bitcoin Up or Down - April 28, 4:45AM-4:50AM ET",UP,Up,2.0,0.52,,LOSS,NO,-2.0,Down,0x153ee6c26f0635c1d93892ef7d1a0fb25e23af0e35c6bbcde73a682fb3de3c11,48769438457766186583656469424431188447743176608297082240720653359933970122355
2026-04-28T08:45:02.148119+00:00,2026-04-28T08:57:35.706649+00:00,momentum,"XRP Up or Down - April 28, 4:45AM-4:50AM ET",UP,Up,2.0,0.51,,LOSS,NO,-2.0,Down,0xe7e919e9ec8d938cf85c7c082b09a8065d8b3972aaa30b395df7129f1a25423c,45168426745132563994401090884407794559050896455783894775580323285921512199238
2026-04-28T08:45:05.209063+00:00,2026-04-28T08:57:35.849628+00:00,momentum,"Solana Up or Down - April 28, 4:45AM-4:50AM ET",DOWN,Down,2.0,0.53,,WIN,YES,1.773584905660377,Down,0x8568bba9cfd289f9f9349d3c84c9f57e19488d93ef8cdc7348c6f7b943d4f1f0,22636038555125993197755040519416012444004159104642944593650500337150031695082
2026-04-28T08:50:00.682333+00:00,2026-04-28T09:00:37.530559+00:00,momentum,"Solana Up or Down - April 28, 4:50AM-4:55AM ET",DOWN,Down,2.0,0.515,,LOSS,NO,-2.0,Up,0xdacf7b160cacf490da19c8bdf6ea3d39411784f5437c021fbc7dc43b385e38ba,70421100171619406942179736884956896243515827870480162122692243124922560601480
2026-04-28T08:50:00.686418+00:00,2026-04-28T09:00:37.656296+00:00,momentum,"Ethereum Up or Down - April 28, 4:50AM-4:55AM ET",UP,Up,2.0,0.525,,WIN,YES,1.8095238095238093,Up,0x4a431105011013d2bcf09b851b8cfb24249335d44e7071fd52c2c1b4ca9912b6,99182110897544650769153238635502597484504406593040585773395071995829552320005
2026-04-28T08:50:02.812986+00:00,2026-04-28T09:00:37.825815+00:00,momentum,"Bitcoin Up or Down - April 28, 4:50AM-4:55AM ET",DOWN,Down,2.0,0.66,,WIN,YES,1.0303030303030303,Down,0x34a2ab832f81aaec307bfa8b6a534a82f070247668634566809f4150f0d6b181,50608476146517576724443129343279877478989132839721139060718995163861087102236
2026-04-28T08:50:02.817294+00:00,2026-04-28T09:01:38.662353+00:00,momentum,"XRP Up or Down - April 28, 4:50AM-4:55AM ET",DOWN,Down,4.0,0.53,,WIN,YES,3.547169811320754,Down,0x988a2e0358a75a90c96623f23cdca490155c84c5538afacfb5c19d4d26baedf9,5489324379732802918792550057360174853207043875044298461739195304990305322952
2026-04-28T08:55:01.025068+00:00,2026-04-28T09:05:40.568125+00:00,momentum,"Solana Up or Down - April 28, 4:55AM-5:00AM ET",UP,Up,4.0,0.52,,WIN,YES,3.6923076923076916,Up,0x06287229d0e3e3d436ff85486ccb7f141a923106c97f205fe30bf8e100c8bf3c,79651137785525184279377074922880016925983951885190930362266433563512441569665
2026-04-28T08:55:01.020608+00:00,2026-04-28T09:06:40.864842+00:00,momentum,"Bitcoin Up or Down - April 28, 4:55AM-5:00AM ET",UP,Up,2.0,0.525,,WIN,YES,1.8095238095238093,Up,0x2a3ffe8c839acbde7f258a1dfa820ee63c14915fe49beeeff5cedbc2023ea35e,114044572080015356558002874680151505757807035460425300426865640020786801668322
2026-04-28T08:55:01.030632+00:00,2026-04-28T09:06:41.025510+00:00,momentum,"Ethereum Up or Down - April 28, 4:55AM-5:00AM ET",UP,Up,2.0,0.52,,WIN,YES,1.8461538461538458,Up,0x65dde9fd9f6dee6a51297370b5fe35c22c243d0993661731c756f147e9f86853,75525845039860736336526492691989983553086687615715368350368438134949938719781
2026-04-28T08:55:03.093028+00:00,2026-04-28T09:06:41.172264+00:00,momentum,"XRP Up or Down - April 28, 4:55AM-5:00AM ET",UP,Up,2.0,0.52,,WIN,YES,1.8461538461538458,Up,0x9605ed32c553d642cb15d70df1eeb7338ff8f3e986c6cca9408dea3007bc8cbb,32878550383931754496663656020600263315628438454089238581805137131344327282136
2026-04-28T09:00:00.174292+00:00,2026-04-28T09:08:42.490088+00:00,momentum,"XRP Up or Down - April 28, 5:00AM-5:05AM ET",UP,Up,2.0,0.515,,LOSS,NO,-2.0,Down,0x149ee89529eb012c0eece5ce8cf24885351e0f2d1bea428ce064430e64441c5c,66605819041190227725482931657972415652030688519921320760070825948557274312346
2026-04-28T09:00:00.179427+00:00,2026-04-28T09:08:42.533253+00:00,momentum,"Solana Up or Down - April 28, 5:00AM-5:05AM ET",UP,Up,2.0,0.515,,LOSS,NO,-2.0,Down,0x5b00d313cbd296d4753fb7f380b70752fda00347d17342f93669a84e79aaeb93,35530561647478153509319861433586939973829400941255352917532569423921707651427
2026-04-28T09:00:00.168564+00:00,2026-04-28T09:09:42.235065+00:00,momentum,"Bitcoin Up or Down - April 28, 5:00AM-5:05AM ET",UP,Up,2.0,0.515,,LOSS,NO,-2.0,Down,0x5835dcb57e1a7b06868ad3ff0accd45216cb2b5580d8051df89ddaa6e4b60597,50797715213023666708564079991878142820407050022921354769046679150439820409591
2026-04-28T09:00:01.184646+00:00,2026-04-28T09:09:42.270051+00:00,momentum,"Ethereum Up or Down - April 28, 5:00AM-5:05AM ET",UP,Up,2.0,0.51,,LOSS,NO,-2.0,Down,0x82298b3924cb079398a80ab1475d8b0237c84cfdb0460f135b5b1924909960e6,75806512887919258304834791128780232372542232941172559529492801093965508556404
2026-04-28T09:05:06.637841+00:00,2026-04-28T09:14:45.300096+00:00,momentum,"Solana Up or Down - April 28, 5:05AM-5:10AM ET",UP,Up,4.0,0.53,,WIN,YES,3.547169811320754,Up,0x4714d17de499ef5d8707487f2eb752d33b8940a9d69dae60ed60d70d63a22168,36292301731935025756354216102225766691570586285715945265374153030869669226139
2026-04-28T09:05:12.830727+00:00,2026-04-28T09:14:45.430826+00:00,momentum,"Ethereum Up or Down - April 28, 5:05AM-5:10AM ET",UP,Up,4.0,0.56,,WIN,YES,3.1428571428571423,Up,0xbfbad7d691fe2fdc2ef097dfad178c9de70b2522072da6740cdf3b83d677076f,113877167877608006874826224878413445754229236685404507768020770329333196466044
2026-04-28T09:05:00.444036+00:00,2026-04-28T09:16:46.506954+00:00,momentum,"XRP Up or Down - April 28, 5:05AM-5:10AM ET",UP,Up,4.0,0.52,,WIN,YES,3.6923076923076916,Up,0x45232c096fb523cc9a32b7bd88045d7755ffab00216651fab373daae56b0715b,99075152924643381311315877144020945379680802863928223877559989765700758934408
2026-04-28T09:05:06.632848+00:00,2026-04-28T09:16:46.667299+00:00,momentum,"Bitcoin Up or Down - April 28, 5:05AM-5:10AM ET",UP,Up,4.0,0.51,,WIN,YES,3.8431372549019605,Up,0xc3bccb4df7a233bdd9362d6db09dfc2ba84c27d444aab838faa4629b728ac815,109949759338319174454350619699179665068980983866696256058862852452258432498003
2026-04-28T09:10:06.053008+00:00,2026-04-28T09:20:49.151801+00:00,momentum,"Bitcoin Up or Down - April 28, 5:10AM-5:15AM ET",DOWN,Down,2.0,0.52,,WIN,YES,1.8461538461538458,Down,0x8e1b09834184b05ad2c894721b50f56c00f67174db8448331223679e724c1486,10204234876334395640592467660959494459213487300153955852537835165604143620460
2026-04-28T09:10:06.058463+00:00,2026-04-28T09:20:49.184230+00:00,momentum,"XRP Up or Down - April 28, 5:10AM-5:15AM ET",UP,Up,2.0,0.515,,LOSS,NO,-2.0,Down,0xaf9b9204379a6052da66bd9957d31ae61f5f816c1c8c52ac44c524cec7931cb7,49915788152747567687846417522625341334183156714882605625142875789982065854963
2026-04-28T09:10:10.191343+00:00,2026-04-28T09:21:49.427205+00:00,momentum,"Solana Up or Down - April 28, 5:10AM-5:15AM ET",DOWN,Down,2.0,0.54,,WIN,YES,1.7037037037037033,Down,0x97ae707a6767f3ac6a11a57c206757eba31da227112868dbdae3eff34fa43c2b,86910026261892097944454683771346351572516807119278816180869364089464915212039
2026-04-28T09:10:13.357399+00:00,2026-04-28T09:21:49.462052+00:00,momentum,"Ethereum Up or Down - April 28, 5:10AM-5:15AM ET",DOWN,Down,2.0,0.52,,LOSS,NO,-2.0,Up,0x65d1942dc1c92f93866bd73da92c43657208af4b3f8c7d1db01fa7d7165a4805,96721824666012932891547454699327283075533814439303356319880832208503828988464
2026-04-28T09:15:00.314842+00:00,2026-04-28T09:23:50.733468+00:00,momentum,"XRP Up or Down - April 28, 5:15AM-5:20AM ET",UP,Up,2.0,0.51,,WIN,YES,1.9215686274509802,Up,0x80805525945ed0be549dbe9858155b637d934eaecbbe77490300a54e11968896,93779028866467249033072610336767926437209338918696061929755471879046728149479
2026-04-28T09:15:06.434505+00:00,2026-04-28T09:23:51.201470+00:00,momentum,"Ethereum Up or Down - April 28, 5:15AM-5:20AM ET",UP,Up,2.0,0.51,,WIN,YES,1.9215686274509802,Up,0x046fa7a5408ade1340df0c5e163f9eb6e99096eb0ee72d05dd66d1d294e27aa2,55301654123527933415093457209763615446373710521407181713543253200502478346404
2026-04-28T09:15:00.322338+00:00,2026-04-28T09:24:51.021085+00:00,momentum,"Bitcoin Up or Down - April 28, 5:15AM-5:20AM ET",UP,Up,2.0,0.51,,WIN,YES,1.9215686274509802,Up,0x45cca40f2ea2449788c10f6098c9e7ee33484979a785f79386ebee787e14344b,32952984023710079547101318625750880618064744090286447964988376461481032801606
2026-04-28T09:15:00.327404+00:00,2026-04-28T09:24:51.051913+00:00,momentum,"Solana Up or Down - April 28, 5:15AM-5:20AM ET",DOWN,Down,2.0,0.52,,LOSS,NO,-2.0,Up,0xe6c8955fc497fd60fde865117aba028e52a7d80c8f75955f9be98b160a5620a1,54164264230147060896552419801989684619302944854170648684264303319971596119005
2026-04-28T09:20:00.966394+00:00,2026-04-28T09:29:52.392447+00:00,momentum,"XRP Up or Down - April 28, 5:20AM-5:25AM ET",UP,Up,2.0,0.51,,LOSS,NO,-2.0,Down,0xea5bc80b41c306a7ed1cf608868ba685dfe70e838ee1078f9e9cca01175bfaef,113011331387860104090787394828991467347707114153409963210366643981099736069154
2026-04-28T09:20:00.971458+00:00,2026-04-28T09:29:52.431205+00:00,momentum,"Solana Up or Down - April 28, 5:20AM-5:25AM ET",UP,Up,4.0,0.515,,LOSS,NO,-4.0,Down,0xdfb000ef9155d3657d2d7b2cac47f6c01c476de68ea9bc8103434c1b9a024540,52118501257977646767735871292256480098298698428612268239581671013126549549747
2026-04-28T09:20:00.960711+00:00,2026-04-28T09:30:52.624589+00:00,momentum,"Ethereum Up or Down - April 28, 5:20AM-5:25AM ET",UP,Up,2.0,0.515,,LOSS,NO,-2.0,Down,0xda78e55bd263542850361b69011a8566c7e8fff249c2cdcff562c2753826a17b,42303244876894356764397826759181377606267496523013122614652412067455225068893
2026-04-28T09:20:14.278248+00:00,2026-04-28T09:30:52.746754+00:00,momentum,"Bitcoin Up or Down - April 28, 5:20AM-5:25AM ET",DOWN,Down,2.0,0.51,,WIN,YES,1.9215686274509802,Down,0xd7d91c2cc2e4a93781a22281451ee2d9f680d9bcc849bd3b1b46cdb3c6a8f77d,3971779484908881732100396530774552676005078073299442225093207378492389462435
2026-04-28T09:25:00.603792+00:00,2026-04-28T09:35:54.843148+00:00,momentum,"Bitcoin Up or Down - April 28, 5:25AM-5:30AM ET",UP,Up,2.0,0.54,,WIN,YES,1.7037037037037033,Up,0x4a65de8243846c7c16d6c86331234651591937b5eaafd4a67a2a886399e4b21e,34881089081832565854458922150791637640796239403567080735807795268547000864613
2026-04-28T09:25:00.611302+00:00,2026-04-28T09:35:55.005491+00:00,momentum,"Ethereum Up or Down - April 28, 5:25AM-5:30AM ET",UP,Up,4.0,0.53,,WIN,YES,3.547169811320754,Up,0xfd8a0ead251a5c562a98a236284064f4050a5ff13cf8148d1c2f11b1a3f33eca,78420561589305307544301655722286870003034576365478179958265356603116477028088
2026-04-28T09:25:03.676743+00:00,2026-04-28T09:35:55.136503+00:00,momentum,"Solana Up or Down - April 28, 5:25AM-5:30AM ET",UP,Up,8.0,0.75,,WIN,YES,2.666666666666666,Up,0xc7e12fc94389f1eadb36b3e10d37ec157db29f8947c9315625eee28885a14290,71614739042952371270527077089285847179500411311525583119262303313082279235403
2026-04-28T09:25:06.762163+00:00,2026-04-28T09:35:55.169596+00:00,momentum,"XRP Up or Down - April 28, 5:25AM-5:30AM ET",DOWN,Down,4.0,0.51,,LOSS,NO,-4.0,Up,0xd0b1efad658a6b35ee9f19ff2ebc0dd8f71695996282723cb085d7858ee31e77,97348732765615973988141414195881492563610343608950690690812822022127529379601
2026-04-28T09:30:00.415562+00:00,2026-04-28T09:38:57.067984+00:00,momentum,"XRP Up or Down - April 28, 5:30AM-5:35AM ET",UP,Up,8.0,0.51,,LOSS,NO,-8.0,Down,0x70bee9c682d9586a2530e45b509cd5330bef99d20ef0fc30f7a749e549566306,30015214821706412366687617745083119759534520081765509997970738648945113633470
2026-04-28T09:30:01.514794+00:00,2026-04-28T09:38:57.205795+00:00,momentum,"Bitcoin Up or Down - April 28, 5:30AM-5:35AM ET",UP,Up,2.0,0.51,,LOSS,NO,-2.0,Down,0x616762e664ae751488e2978f60faa4a2a2c9dba79098d5c205ed9cfafdc00876,70332718271450520096553878406985524370124099110322744592446567302350004463074
2026-04-28T09:30:00.422358+00:00,2026-04-28T09:39:57.348845+00:00,momentum,"Solana Up or Down - April 28, 5:30AM-5:35AM ET",DOWN,Down,2.0,0.515,,WIN,YES,1.883495145631068,Down,0xb2df0e5b4b4451d94419264fe79faa0743090b67750fa9bd04be10a1b6860210,76561509581236376664798309353216116270651546001491416677449434250432357120853
2026-04-28T09:30:04.572803+00:00,2026-04-28T09:42:58.305306+00:00,momentum,"Ethereum Up or Down - April 28, 5:30AM-5:35AM ET",DOWN,Down,2.0,0.67,,WIN,YES,0.9850746268656714,Down,0x7d9b781db739da8272e5e9187be48a95d74391d5c5109d2710e1a659dab3c556,88623971161048970549221493797163129922054041950044647588180849645274248238048
2026-04-28T09:35:00.182411+00:00,2026-04-28T09:44:59.818791+00:00,momentum,"XRP Up or Down - April 28, 5:35AM-5:40AM ET",UP,Up,16.0,0.515,,WIN,YES,15.067961165048544,Up,0x91723262054c153c37768b7cebc94b6f34bdf85f82f25299ea9cd6806a5c9684,14986003961967452007721155052541436936396113418805780472022860729379249912382
2026-04-28T09:35:02.241134+00:00,2026-04-28T09:45:59.395042+00:00,momentum,"Bitcoin Up or Down - April 28, 5:35AM-5:40AM ET",UP,Up,4.0,0.54,,WIN,YES,3.4074074074074066,Up,0xc04349531e1b6be10e98b568ba5771208e9b0c71457d85839cbc080e8241a67f,60509103393281802881710438008672450513478806538135247663401463738768908721649
2026-04-28T09:35:02.245979+00:00,2026-04-28T09:45:59.518606+00:00,momentum,"Solana Up or Down - April 28, 5:35AM-5:40AM ET",UP,Up,2.0,0.52,,WIN,YES,1.8461538461538458,Up,0x386fb09fab286864d3dd124ba500483b34ce29458021a6849e8d3ca502febc08,38508214918250803590023645312791595834417470260624526074206585385770121956143
2026-04-28T09:35:14.611964+00:00,2026-04-28T09:45:59.551485+00:00,momentum,"Ethereum Up or Down - April 28, 5:35AM-5:40AM ET",DOWN,Down,2.0,0.52,,LOSS,NO,-2.0,Up,0x499eef92bc26c0115c748752df34fd9ba05644ae5eaea0335083b2633530312f,80911708055692726833729603190255998335860981696694737387225618342461335762070
2026-04-28T09:40:00.962924+00:00,2026-04-28T09:51:02.433594+00:00,momentum,"XRP Up or Down - April 28, 5:40AM-5:45AM ET",UP,Up,2.0,0.52,,LOSS,NO,-2.0,Down,0x20b84ded103ca1ef3a6720b20baaccf6bb51819639c71f24f8bad5e5c7f65311,14212854147912245684003702551952661871086734855767226342782004338578995006819
2026-04-28T09:40:00.977920+00:00,2026-04-28T09:51:02.470212+00:00,momentum,"Solana Up or Down - April 28, 5:40AM-5:45AM ET",UP,Up,2.0,0.52,,LOSS,NO,-2.0,Down,0x033b2dbf78d7e610d029cdad1976e58871927e92337f74dbfbc52cfe85bb7360,64885786443834932317454380557412681529507606303843954520317373814504281903284
2026-04-28T09:40:00.987059+00:00,2026-04-28T09:51:02.510155+00:00,momentum,"Ethereum Up or Down - April 28, 5:40AM-5:45AM ET",UP,Up,4.0,0.515,,LOSS,NO,-4.0,Down,0x4ad866a3b754d92ee302b79f9c40ae6dcd089f52b675ee1c57ba658b212c14bd,84504680314384816752228038629986586919644961716902500205841870830714629761670
2026-04-28T09:40:03.062241+00:00,2026-04-28T09:52:02.792449+00:00,momentum,"Bitcoin Up or Down - April 28, 5:40AM-5:45AM ET",UP,Up,2.0,0.51,,LOSS,NO,-2.0,Down,0xbc5b1f28188e489027bcdcfa98d130427934217838ddc5a9cf2622984f64c9a8,86007736087479332723882989488923319576440482532396408157612858029902635643630
2026-04-28T09:45:10.937377+00:00,2026-04-28T09:54:03.870232+00:00,momentum,"Ethereum Up or Down - April 28, 5:45AM-5:50AM ET",UP,Up,2.0,0.54,,LOSS,NO,-2.0,Down,0x9bb79eaa9f4416632109d98c19cbcbecbb3d5b9edf4bf851b2bfc0133e9171d0,33879725863419968450120838085461609141280379285232465699588220423095990916308
2026-04-28T09:45:10.942700+00:00,2026-04-28T09:54:03.980895+00:00,momentum,"XRP Up or Down - April 28, 5:45AM-5:50AM ET",UP,Up,2.0,0.54,,LOSS,NO,-2.0,Down,0x04a78124c40726fd942f2509df87debc7d0aa89f918c416ceb79b1607e7069d5,17226130422809649328585355264450882322768217714660083834466312298365489042417
2026-04-28T09:45:01.763404+00:00,2026-04-28T09:55:04.242717+00:00,momentum,"Bitcoin Up or Down - April 28, 5:45AM-5:50AM ET",UP,Up,2.0,0.51,,LOSS,NO,-2.0,Down,0x6e1df8bb810dcdcdd57c4d5c43262f45967bc7ff170e303a90915f1c9200aeaf,8995236243899565521464579319000058221234111338445445316966319681406043850178
2026-04-28T09:45:04.821930+00:00,2026-04-28T09:55:04.271486+00:00,momentum,"Solana Up or Down - April 28, 5:45AM-5:50AM ET",UP,Up,2.0,0.53,,LOSS,NO,-2.0,Down,0x0961a1b47b7c95783b4896b10e60686b4ac9900d90315402e98aa3aa94068c3b,27123513041016519033167885524482924340761722175425469180901661896633226073068
2026-04-28T09:50:00.649448+00:00,2026-04-28T10:00:07.402028+00:00,momentum,"Bitcoin Up or Down - April 28, 5:50AM-5:55AM ET",UP,Up,2.0,0.54,,WIN,YES,1.7037037037037033,Up,0x392dccd94003281a10ab1404ef4e210f888239e16744400a5bdcfdd13e4c1bb7,43479222600812994834800887012309526845415709692893776782924009302162010283464
2026-04-28T09:50:00.656548+00:00,2026-04-28T10:00:07.543542+00:00,momentum,"Ethereum Up or Down - April 28, 5:50AM-5:55AM ET",UP,Up,2.0,0.55,,WIN,YES,1.6363636363636362,Up,0x164d14a70dfc1c2ecdebf06a98b7533944d31b29973f49fda40af9be885cb347,109145772610388026014624224475411062318656541487247724817837661694993910912983
2026-04-28T09:50:00.662989+00:00,2026-04-28T10:00:07.750056+00:00,momentum,"Solana Up or Down - April 28, 5:50AM-5:55AM ET",UP,Up,2.0,0.55,,WIN,YES,1.6363636363636362,Up,0xcaa28320311d77933b8cf80dadbad3e9d6f708be243b045a3613f32ca361f626,62241362312130299396162491287421350306264974486617128994568889555290518942791
2026-04-28T09:50:00.668646+00:00,2026-04-28T10:01:07.902570+00:00,momentum,"XRP Up or Down - April 28, 5:50AM-5:55AM ET",UP,Up,2.0,0.54,,WIN,YES,1.7037037037037033,Up,0xb3b20ca79174eb875c868b3aa6ed1d85a3094d3f4bd2a39fcbbaed1193163520,20490140581520136164189235526875450497631878479514767114903397921558930358806
2026-04-28T09:55:00.976244+00:00,2026-04-28T10:05:09.899678+00:00,momentum,"Ethereum Up or Down - April 28, 5:55AM-6:00AM ET",UP,Up,2.0,0.56,,LOSS,NO,-2.0,Down,0xf914e3f12f73ee00da4131478ce255f2f7033eb7e2ef8e5de385c2a6025d16f4,94254688678812558235670836431568732237020174793414880679133194898471921202634
2026-04-28T09:55:00.994810+00:00,2026-04-28T10:06:10.419341+00:00,momentum,"Solana Up or Down - April 28, 5:55AM-6:00AM ET",UP,Up,2.0,0.54,,LOSS,NO,-2.0,Down,0xccd871d34678ef2cc969e0e923311250e0e974775ce1acf0ed9fecca00361eea,84033479870912285527666285908281906499108410163115285654588016916417118175875
2026-04-28T09:55:01.022742+00:00,2026-04-28T10:06:10.449330+00:00,momentum,"Bitcoin Up or Down - April 28, 5:55AM-6:00AM ET",UP,Up,2.0,0.54,,LOSS,NO,-2.0,Down,0x238dbca6bf7ecb24926a8cb2783b684f5ebdea6ef21dbae5d9ea797434417ed7,2564730525750324176103049016631660092199888791988040199088763548393297581614
2026-04-28T09:55:00.969408+00:00,2026-04-28T10:07:10.439603+00:00,momentum,"XRP Up or Down - April 28, 5:55AM-6:00AM ET",UP,Up,2.0,0.53,,LOSS,NO,-2.0,Down,0x14235d6b12ea8758c8fef651bf37989bcc58d036503d99ba68c417e7efe20110,95812329467316481199936107644656471285446604353204770208787537798952236418455
2026-04-28T10:00:00.596582+00:00,2026-04-28T10:08:10.823668+00:00,momentum,"Solana Up or Down - April 28, 6:00AM-6:05AM ET",UP,Up,4.0,0.56,,WIN,YES,3.1428571428571423,Up,0x2f6e73b77c95ee93f5d8ae3ec70b9d9634633f10a24f4af634982f551babfd3e,100990536696340138718766106942293501644419830923972308398018250240052871573177
2026-04-28T10:00:00.607132+00:00,2026-04-28T10:09:11.721940+00:00,momentum,"Ethereum Up or Down - April 28, 6:00AM-6:05AM ET",UP,Up,4.0,0.53,,WIN,YES,3.547169811320754,Up,0x38bf4b67a08bd84f8bbfa2b329ca348d19ba7405120ead92d9a54205f8242f76,47107019114911811970579999018316351789793521111015326849728932776777037829983
2026-04-28T10:00:00.615823+00:00,2026-04-28T10:09:11.869288+00:00,momentum,"XRP Up or Down - April 28, 6:00AM-6:05AM ET",UP,Up,4.0,0.54,,WIN,YES,3.4074074074074066,Up,0x09acdd59c7b20a42c4b4a5a9261fe48dc175905fd0e573b5c41b3a6d060daf15,76763971490253727023164394911939462209154822897357690439810852811834107455311
2026-04-28T10:00:00.585335+00:00,2026-04-28T10:10:12.210353+00:00,momentum,"Bitcoin Up or Down - April 28, 6:00AM-6:05AM ET",UP,Up,4.0,0.55,,WIN,YES,3.2727272727272725,Up,0xd5de1667578f5de75fa7e64f61628040d5a40b56f8bd2852147c546d8fed92a3,47275239017989482081223321985027799972064850077117002868981064009774892991830
2026-04-28T10:05:00.519675+00:00,2026-04-28T10:14:13.372237+00:00,momentum,"XRP Up or Down - April 28, 6:05AM-6:10AM ET",UP,Up,2.0,0.515,,LOSS,NO,-2.0,Down,0x6b2864ce7c330ce50a66d8c36d501eaaa15c0f5980e879dced1803565e8fa29e,6243019143592053646780857239897929423205624204421864667985540313669618735055
2026-04-28T10:05:11.979718+00:00,2026-04-28T10:14:13.732870+00:00,momentum,"Ethereum Up or Down - April 28, 6:05AM-6:10AM ET",DOWN,Down,2.0,0.51,,WIN,YES,1.9215686274509802,Down,0x6146f03dd4b04069a8953b69c88dd0cc6fd9fd98bb73f2269633aa2d33170f1f,82005961785426327990946424263475889751875397589349513217842555354481436190644
2026-04-28T10:05:02.638584+00:00,2026-04-28T10:15:14.020081+00:00,momentum,"Bitcoin Up or Down - April 28, 6:05AM-6:10AM ET",UP,Up,2.0,0.52,,LOSS,NO,-2.0,Down,0x201c469b156537d249e75be2eb000251c5283c6288ce261a6d568ab7e6c71ab4,50771871634555727882480137794774556655701539435865529362952047231660466585658
2026-04-28T10:05:00.527824+00:00,2026-04-28T10:16:14.206439+00:00,momentum,"Solana Up or Down - April 28, 6:05AM-6:10AM ET",UP,Up,2.0,0.52,,LOSS,NO,-2.0,Down,0x5879d973ffaf716f3e61f095dd9c35a8cd4918c67ec6bb3c0fffcd42262b5228,43216285241409047809551759889963032865349006433846015787721230901632833161844
2026-04-28T10:10:00.645404+00:00,2026-04-28T10:20:15.819012+00:00,momentum,"XRP Up or Down - April 28, 6:10AM-6:15AM ET",UP,Up,4.0,0.515,,LOSS,NO,-4.0,Down,0x59d70fd5b251a82a84e7f3c7fad93b278de486508d56f416f5f473788fd3b8ba,13176539929589140977090202657118281040987867427148324948937951525854722969449
2026-04-28T10:10:00.633910+00:00,2026-04-28T10:21:16.056491+00:00,momentum,"Solana Up or Down - April 28, 6:10AM-6:15AM ET",UP,Up,4.0,0.52,,LOSS,NO,-4.0,Down,0x7ee2f0bd4adb5621d5615cfa421e0001852d1971d8af60ed84df351351940d60,65521031883513607315112543137197153898794939990193340342227565597111787746529
2026-04-28T10:10:02.717038+00:00,2026-04-28T10:21:16.097779+00:00,momentum,"Bitcoin Up or Down - April 28, 6:10AM-6:15AM ET",UP,Up,4.0,0.57,,LOSS,NO,-4.0,Down,0x33512790621bd1514c4ea8f8011dc4f23a8fc1091846b573c1f6340d5d7b5071,71605079378159323359092795937423358310003816879340357131300430359609625344396
2026-04-28T10:10:15.194485+00:00,2026-04-28T10:21:16.133353+00:00,momentum,"Ethereum Up or Down - April 28, 6:10AM-6:15AM ET",UP,Up,2.0,0.57,,LOSS,NO,-2.0,Down,0x53ab2b6d99d09fc4d18457c52687ab1b203bb45cbe6a522981470e779fff3ccc,49805868172570645954646734509934324967544376920970129665358063950848455827849
2026-04-28T10:15:03.159889+00:00,2026-04-28T10:24:17.486031+00:00,momentum,"Ethereum Up or Down - April 28, 6:15AM-6:20AM ET",UP,Up,2.0,0.53,,WIN,YES,1.773584905660377,Up,0x41a9ac1bdc6d579f02b2302f777288c77c041820057cfcae8c6c3734333717d8,11164903911821288011084105897597530274706029873803169695710874445880501282983
2026-04-28T10:15:03.166267+00:00,2026-04-28T10:24:17.613602+00:00,momentum,"Bitcoin Up or Down - April 28, 6:15AM-6:20AM ET",UP,Up,4.0,0.52,,WIN,YES,3.6923076923076916,Up,0xf5047048b50728420efa3afd1dae1780154566387cdaf057abb86561133eef27,61600953114598909168918841784450444325979273129859071923070570674899399202534
2026-04-28T10:15:03.203114+00:00,2026-04-28T10:24:17.739770+00:00,momentum,"Solana Up or Down - April 28, 6:15AM-6:20AM ET",UP,Up,4.0,0.53,,WIN,YES,3.547169811320754,Up,0xd3b0296112df1e4518509541e391693f297ffb1491466619f3caf9e71557a2d0,86145712580347893058279674815682505659617525842468603903390151876542376471645
2026-04-28T10:15:12.644327+00:00,2026-04-28T10:25:18.234867+00:00,momentum,"XRP Up or Down - April 28, 6:15AM-6:20AM ET",UP,Up,8.0,0.55,,WIN,YES,6.545454545454545,Up,0x44e04b6257839cbb7d168a6cd634839a54f97294c86645f37a010f22d6baf7fe,1893802386573994664199959175779942174070722717073529972126816207311860073724
2026-04-28T10:20:07.497325+00:00,2026-04-28T10:29:20.323545+00:00,momentum,"Ethereum Up or Down - April 28, 6:20AM-6:25AM ET",UP,Up,2.0,0.51,,LOSS,NO,-2.0,Down,0xaed0c0f8389097bff013db4cb9e9ca14c7bd3ae722041ff20327073f3d936c2b,55324818786741581123367257685972722595055596159583128559534227232517153699763
2026-04-28T10:20:00.231677+00:00,2026-04-28T10:30:20.911325+00:00,momentum,"Solana Up or Down - April 28, 6:20AM-6:25AM ET",DOWN,Down,2.0,0.52,,WIN,YES,1.8461538461538458,Down,0xd1352f479868159f0988995cbe97d58607ffba652c1927708a8b7231de6b749d,27180094809061816385086218330080812321682638231710259856222784612000543441866
2026-04-28T10:20:00.242742+00:00,2026-04-28T10:30:20.940438+00:00,momentum,"Bitcoin Up or Down - April 28, 6:20AM-6:25AM ET",UP,Up,2.0,0.52,,LOSS,NO,-2.0,Down,0x0ea24fafd1af11e7c7083e1aebbcd29af01c57a655dfde5493aa9b40412e60aa,29470712098685056520406007542437654683629377716473856959712476133245725074707
2026-04-28T10:20:07.504039+00:00,2026-04-28T10:31:21.659179+00:00,momentum,"XRP Up or Down - April 28, 6:20AM-6:25AM ET",DOWN,Down,2.0,0.52,,WIN,YES,1.8461538461538458,Down,0x9d47298baa513b0df0e8049b7a44cffe3825f5a7610c89f47bba1e0161ac0fc6,35715215031394493543188984198720409639821063937381089067313765829748538593530
2026-04-28T10:25:01.575590+00:00,2026-04-28T10:35:25.153559+00:00,momentum,"Ethereum Up or Down - April 28, 6:25AM-6:30AM ET",DOWN,Down,4.0,0.51,,LOSS,NO,-4.0,Up,0x55bf47574d57a09b18537f6c18ae5ff925400512782b3adfcc946e71fb2a39d2,27147721525492063898429726302787372991265455969550450282320362415303800370929
2026-04-28T10:25:01.585559+00:00,2026-04-28T10:35:25.334541+00:00,momentum,"Solana Up or Down - April 28, 6:25AM-6:30AM ET",UP,Up,2.0,0.55,,WIN,YES,1.6363636363636362,Up,0xf8e73c35c4c1430b035e58352571b27d22eba3370faf23bd6a228ce769bb0957,1579499362266953736806084834322675527278495218233909684500287028276533055635
2026-04-28T10:25:00.501137+00:00,2026-04-28T10:36:25.220574+00:00,momentum,"XRP Up or Down - April 28, 6:25AM-6:30AM ET",UP,Up,2.0,0.515,,WIN,YES,1.883495145631068,Up,0xd273f3ab9a078ead4c7aaae773d093cc8ea768dcb855ea96fc1a51d5dc3f960d,33717322640800794108142576318804957447011652895361925481249731017068772587625
2026-04-28T10:25:00.492587+00:00,2026-04-28T10:37:26.081696+00:00,momentum,"Bitcoin Up or Down - April 28, 6:25AM-6:30AM ET",UP,Up,4.0,0.525,,WIN,YES,3.6190476190476186,Up,0x8fe30d4f3f81fdef3f6dbfd90edf15e367bd805b09bace996bf296fecb8624ea,99367177700591261364597003895952597288400055820025552314919919744185900912029
2026-04-28T10:30:00.341712+00:00,2026-04-28T10:39:26.776710+00:00,momentum,"XRP Up or Down - April 28, 6:30AM-6:35AM ET",UP,Up,2.0,0.515,,WIN,YES,1.883495145631068,Up,0xc6a1c536cc44cfedf42c1cbbb7714b6ce3780b67f63adc85a90118d55578ef6d,53621181313926832021576561380863076455608721541717644629549618187378464271286
2026-04-28T10:30:10.600494+00:00,2026-04-28T10:39:27.015576+00:00,momentum,"Ethereum Up or Down - April 28, 6:30AM-6:35AM ET",DOWN,Down,8.0,0.51,,LOSS,NO,-8.0,Up,0x86509dfbc0274adaba2f32bdc68ae0acfa78d54858944855fc863b89f1a10cef,109959606891651060840433934548353314844778082226511253031925087601714643426819
2026-04-28T10:30:01.434508+00:00,2026-04-28T10:40:27.120789+00:00,momentum,"Bitcoin Up or Down - April 28, 6:30AM-6:35AM ET",UP,Up,2.0,0.51,,WIN,YES,1.9215686274509802,Up,0xa9ac7976a86dcdb8a6c4384a9a842b1c7a2a2e22f3cfcc64f5089756fea5cd9b,57737509772337777313079837836164988527935723265461579118564700171527567031488
2026-04-28T10:30:04.494603+00:00,2026-04-28T10:40:27.158200+00:00,momentum,"Solana Up or Down - April 28, 6:30AM-6:35AM ET",DOWN,Down,2.0,0.61,,LOSS,NO,-2.0,Up,0xee54e1357aa24c96d49126f544aa0b2ba29235ecf532e87406cfd8950d88c3e5,10419181198252203311909347342801460253480180649169578930218689551388029505698
2026-04-28T10:35:01.961013+00:00,2026-04-28T10:45:30.656714+00:00,momentum,"Solana Up or Down - April 28, 6:35AM-6:40AM ET",DOWN,Down,2.0,0.51,,WIN,YES,1.9215686274509802,Down,0xb109578b5c86417e4571e29938c48710988e5db6556bc964a8b757926fa00c94,113841641965966804257945767892004971865094938191920237577976200812403064658474
2026-04-28T10:35:00.825858+00:00,2026-04-28T10:46:30.405160+00:00,momentum,"Ethereum Up or Down - April 28, 6:35AM-6:40AM ET",UP,Up,8.0,0.51,,LOSS,NO,-8.0,Down,0x3d173ac63971242b38da459e97b21bd3e881cdb553264dcc7e2a59b5a0b37257,69951609126259862555270538356796035008949271671282745691888047191160898640923
2026-04-28T10:35:00.833504+00:00,2026-04-28T10:46:30.442996+00:00,momentum,"Bitcoin Up or Down - April 28, 6:35AM-6:40AM ET",UP,Up,2.0,0.515,,LOSS,NO,-2.0,Down,0xbd5efaccac30bf607a931e607bf263e243aa68196e7af3bdce61d32c0372f673,77290909224724459640028745951362234180393541515217324549854013334600321541746
2026-04-28T10:35:00.842820+00:00,2026-04-28T10:46:30.627234+00:00,momentum,"XRP Up or Down - April 28, 6:35AM-6:40AM ET",UP,Up,2.0,0.515,,WIN,YES,1.883495145631068,Up,0x40790312eafa4f5d841b52363fa920db87f8c4d782fd0a3cd9e1c9b13b9a5374,84935290301614212578581256245615379325335781379174723780480144211909631625273
2026-04-28T10:40:03.907390+00:00,2026-04-28T10:50:32.348223+00:00,momentum,"Ethereum Up or Down - April 28, 6:40AM-6:45AM ET",DOWN,Down,16.0,0.52,,LOSS,NO,-16.0,Up,0xba9c808682eadb6a76c2266828d32200790e18af5ce250904f3eea6bc00ac79d,89239313776745706474667368767260497054124947667797012629677088420939379604679
2026-04-28T10:40:00.797232+00:00,2026-04-28T10:51:32.621005+00:00,momentum,"Solana Up or Down - April 28, 6:40AM-6:45AM ET",UP,Up,2.0,0.51,,WIN,YES,1.9215686274509802,Up,0xf822c4f548d71cdffbbb41784768265100f36144bfa776efdd131b1a5cffa756,39489420625676370459479292042017528105482117188711918808153746732087744184350
2026-04-28T10:40:03.914833+00:00,2026-04-28T10:51:32.656609+00:00,momentum,"XRP Up or Down - April 28, 6:40AM-6:45AM ET",DOWN,Down,2.0,0.51,,LOSS,NO,-2.0,Up,0x4651004c6d892ef7de19de1d69ae7af8d21c55e2948b886ce16b305d5b8b12df,24519094137162158835901744731924574473440983299285082563667336980257950701098
2026-04-28T10:40:07.007618+00:00,2026-04-28T10:52:32.726766+00:00,momentum,"Bitcoin Up or Down - April 28, 6:40AM-6:45AM ET",DOWN,Down,4.0,0.52,,LOSS,NO,-4.0,Up,0xecbf01e0f3a8f87f6de7e92fcbbb3903950654e3af20fddb2b87ff5de804e8f1,51951150165369363193274431166653731219019210154767559873866664118382665346194
2026-04-28T10:45:00.124152+00:00,2026-04-28T10:53:33.486393+00:00,momentum,"XRP Up or Down - April 28, 6:45AM-6:50AM ET",UP,Up,2.0,0.515,,LOSS,NO,-2.0,Down,0x52ebaa49218862320127a19b7cb3d53c2559b72b87170afd92b6c297a65384dd,53490004898182122543395913026551193351425860724058625105300605932037734407843
2026-04-28T10:45:01.904947+00:00,2026-04-28T10:53:33.724256+00:00,momentum,"Solana Up or Down - April 28, 6:45AM-6:50AM ET",UP,Up,2.0,0.56,,WIN,YES,1.5714285714285712,Up,0x84e3fdc913126e113d00ef417af2b127bc4bc72221cc1466588fdf0994164b56,106593775998289209170331099126498710238501838380954166095133377522728069227097
2026-04-28T10:45:01.991254+00:00,2026-04-28T10:53:33.878505+00:00,momentum,"Ethereum Up or Down - April 28, 6:45AM-6:50AM ET",UP,Up,16.0,0.51,,WIN,YES,15.372549019607842,Up,0x1b085e8448d4a1acbd4f4cc5a3e07fec17084d6e738b9b4a89d51cc6d3a2ed90,61025575644401703098487816399487931640383365248614322251160868397333594240272
2026-04-28T10:45:01.889487+00:00,2026-04-28T10:54:34.256097+00:00,momentum,"Bitcoin Up or Down - April 28, 6:45AM-6:50AM ET",DOWN,Down,4.0,0.51,,LOSS,NO,-4.0,Up,0x6b125b7699e419c6175cd94c07d789610fa8d64d340280c63a893d4198f25f5a,34726123979563393218554851311136835178793462818421249975138541765729708311888
2026-04-28T10:50:03.072749+00:00,2026-04-28T10:59:37.016937+00:00,momentum,"Ethereum Up or Down - April 28, 6:50AM-6:55AM ET",DOWN,Down,2.0,0.54,,WIN,YES,1.7037037037037033,Down,0x1463ef896dfad99d0e2c951f6f3adc36f0085c5d17bd230741fbb36ab896c2e0,6799287202601482951935308353272492980175443128874057563771662749925230093100
2026-04-28T10:50:03.094650+00:00,2026-04-28T10:59:37.148791+00:00,momentum,"Bitcoin Up or Down - April 28, 6:50AM-6:55AM ET",UP,Up,2.0,0.51,,LOSS,NO,-2.0,Down,0x5fdf44240b200eac39a7650993dbd57afe5d70e164f4cb30375ad899a7c458b5,59113559175862661940274019101205402939697488621839479107190339822394793135830
2026-04-28T10:50:03.107894+00:00,2026-04-28T10:59:37.315727+00:00,momentum,"XRP Up or Down - April 28, 6:50AM-6:55AM ET",DOWN,Down,2.0,0.51,,WIN,YES,1.9215686274509802,Down,0x60c9d8d69e0b8d60cdf785512410dc99d80bad10c0b8c5aa8abf71dc9bdbaad1,73255843342648546130467291824875888925637147441191916956896307889084383072171
2026-04-28T10:50:03.081154+00:00,2026-04-28T11:00:38.020187+00:00,momentum,"Solana Up or Down - April 28, 6:50AM-6:55AM ET",DOWN,Down,2.0,0.53,,WIN,YES,1.773584905660377,Down,0x15eb3d95d13e81d5d07b09eb8a9712ae8ad0253eb6a51ae87db5e49d069e667f,73745451182589825696883164483241426769769886115928426983397640470431745608404
2026-04-28T10:55:02.980059+00:00,2026-04-28T11:05:41.719957+00:00,momentum,"Solana Up or Down - April 28, 6:55AM-7:00AM ET",UP,Up,2.0,0.51,,WIN,YES,1.9215686274509802,Up,0x8f2801afa6d303e6e72751b458a3c53511ca7d6410bccab74d29680fbc791139,62292086537572589603328507208110863543148732190624019808674410391291089008055
2026-04-28T10:55:02.989592+00:00,2026-04-28T11:06:42.533674+00:00,momentum,"Bitcoin Up or Down - April 28, 6:55AM-7:00AM ET",UP,Up,2.0,0.58,,LOSS,NO,-2.0,Down,0xe122bd7dd26b620fcd7b898329728c7cfd82291936c239bd2f515427d9d69854,99536838109488162049257160549669986381317888607752981013723678707265268496235
2026-04-28T10:55:02.998010+00:00,2026-04-28T11:06:42.574651+00:00,momentum,"XRP Up or Down - April 28, 6:55AM-7:00AM ET",DOWN,Down,2.0,0.51,,LOSS,NO,-2.0,Up,0x8d0934164d814a0cbb4e5fd9623d54679539bd6a1ac5932683286a616b468e86,80246271338376890537801023514905893271228653149861744239081492285512926319637
2026-04-28T10:55:09.166274+00:00,2026-04-28T11:06:42.615146+00:00,momentum,"Ethereum Up or Down - April 28, 6:55AM-7:00AM ET",UP,Up,2.0,0.59,,LOSS,NO,-2.0,Down,0x35c3e20d9aded9b59027e8f4692cde50f278e8cbf859271b75d9e36eb03674a8,55854193933885578241201031088573688467277944316924512253705716183263853446235
2026-04-28T11:00:02.025913+00:00,2026-04-28T11:08:42.962841+00:00,momentum,"Bitcoin Up or Down - April 28, 7:00AM-7:05AM ET",UP,Up,2.0,0.54,,LOSS,NO,-2.0,Down,0xe1a36a2a67923ab83d07e3ba12ba4a9ecd03780049f4983d5e199bccea574aa7,46894728726915300189691981247096142309939924957953346158344547483033220910789
2026-04-28T11:00:05.121506+00:00,2026-04-28T11:08:43.100350+00:00,momentum,"XRP Up or Down - April 28, 7:00AM-7:05AM ET",UP,Up,2.0,0.64,,LOSS,NO,-2.0,Down,0x9b2c14de6eb182399efaef8c1f3fcf39cd94d72b9c946035d3178cb09dc07e48,82120846619134100653080070636046050779391299990305506031512012314958484231950
2026-04-28T11:00:00.914954+00:00,2026-04-28T11:09:43.453858+00:00,momentum,"Solana Up or Down - April 28, 7:00AM-7:05AM ET",DOWN,Down,2.0,0.515,,WIN,YES,1.883495145631068,Down,0x1f1269b4f2eeb25ab2c3fbd37a305154facba0fe871354ebed361950761adec6,88873326295097028059657520951815460989950553451380424134913270949073196991431
2026-04-28T11:00:02.035724+00:00,2026-04-28T11:09:43.490610+00:00,momentum,"Ethereum Up or Down - April 28, 7:00AM-7:05AM ET",UP,Up,4.0,0.51,,LOSS,NO,-4.0,Down,0x653fc08d19fdc15afcc9d88cb274b6779e967994c72776e9960f6b003354b1af,55257267476156975038533379265675131296121208833834336357220113185561954760025
2026-04-28T11:08:46.187077+00:00,2026-04-28T11:15:46.633921+00:00,momentum,"Bitcoin Up or Down - April 28, 7:05AM-7:10AM ET",UP,Up,2.0,0.99,,LOSS,NO,-2.0,Down,0x4d1d3e9627d1a6de90254612d6e8f422291e24f9dec7bdc4bfe65f8eb7ebd479,103778512637643976627402459116916497351503242264190590430363175291966073223640
2026-04-28T11:08:46.196005+00:00,2026-04-28T11:15:46.664976+00:00,momentum,"Ethereum Up or Down - April 28, 7:05AM-7:10AM ET",UP,Up,2.0,0.99,,LOSS,NO,-2.0,Down,0x90dd71a2d7f84c8c46c2213b59533fd1ba34acf05824c28cfa07e5403761ee3d,63145555038706783415624341228610426324958228400426578675571464087732102409347
2026-04-28T11:08:46.204003+00:00,2026-04-28T11:15:46.809385+00:00,momentum,"XRP Up or Down - April 28, 7:05AM-7:10AM ET",UP,Up,2.0,0.99,,WIN,YES,0.020202020202020332,Up,0xe0a433c70107f03a674343272a7180af62d72bd9632325a56f3a70c2163dda2e,70429405517917448104262956243942487670228153080780029081843943899548598221432
2026-04-28T11:13:56.356089+00:00,2026-04-28T11:21:49.140476+00:00,momentum,"Ethereum Up or Down - April 28, 7:10AM-7:15AM ET",UP,Up,2.0,0.99,,LOSS,NO,-2.0,Down,0x8c156349150bd506f87cdb95e68ae2e4f419dd7d2e54eb0c45076d936a502b6f,78832160039541587382059405369805148459494285439799943950058895111874661633702
2026-04-28T11:13:56.364690+00:00,2026-04-28T11:21:49.170188+00:00,momentum,"Solana Up or Down - April 28, 7:10AM-7:15AM ET",UP,Up,2.0,0.99,,LOSS,NO,-2.0,Down,0x55c09533de35edb4b14a92e92daf611519688e3ea36cf8d20dc1dc2c99b8a940,76548243205235769140891515696663068585185530897406504300488375216049178614701
2026-04-28T11:22:14.879499+00:00,2026-04-28T11:29:55.199649+00:00,momentum,"Bitcoin Up or Down - April 28, 7:20AM-7:25AM ET",UP,Up,2.0,0.99,,WIN,YES,0.020202020202020332,Up,0xdc3f9018c1926388ae1ab827d02a06b0da5f51b7c97a0424ea56a69de1193864,1786029862566443155633185101736245187807240524131087786560363581616253709573
2026-04-28T11:22:14.887800+00:00,2026-04-28T11:29:55.333440+00:00,momentum,"Ethereum Up or Down - April 28, 7:20AM-7:25AM ET",UP,Up,2.0,0.99,,WIN,YES,0.020202020202020332,Up,0x476909eb839400fe29b288c068b4f9fe8ab4adf30b72877bc0da8a63e8a7ec6e,57195956692059886122387596437435741523501547851545176792885044241764827204100
2026-04-28T11:22:14.917395+00:00,2026-04-28T11:29:55.476715+00:00,momentum,"Solana Up or Down - April 28, 7:20AM-7:25AM ET",UP,Up,2.0,0.99,,WIN,YES,0.020202020202020332,Up,0xca5b9b88297aa930721064b28ff2e4d6c19160d112a5a0dd7f15e9b52fec0db6,79752413020165907675563658089075005502844107815926371856400080349279314024091
2026-04-28T11:22:14.935530+00:00,2026-04-28T11:29:55.616965+00:00,momentum,"XRP Up or Down - April 28, 7:20AM-7:25AM ET",UP,Up,2.0,0.99,,WIN,YES,0.020202020202020332,Up,0xf9ef76531cc52a7d9cf07239da8c48f1f97e1774b495bc8b8f5055543cdb0358,2998922136999021467422532924691806190889184723077992588033594576927532856264
2026-04-28T11:29:21.495072+00:00,2026-04-28T11:35:59.213130+00:00,momentum,"Bitcoin Up or Down - April 28, 7:25AM-7:30AM ET",UP,Up,2.0,0.99,,LOSS,NO,-2.0,Down,0x80df4d19b94ac7c025e089235763d577c8227851aa6f37dbc2ea56cc66acfd84,32275770502294207824156816103801936290803737408782774367380626836768501979792
2026-04-28T11:29:21.505843+00:00,2026-04-28T11:35:59.245497+00:00,momentum,"Ethereum Up or Down - April 28, 7:25AM-7:30AM ET",UP,Up,2.0,0.99,,LOSS,NO,-2.0,Down,0xcf6afdb459f53009a2188664fae75a8856de70689f13cc34aff75c62bcba0bd7,43037154816978458546925388023336231186287197583130112117575501570488796477816
2026-04-28T11:29:21.514919+00:00,2026-04-28T11:35:59.293065+00:00,momentum,"Solana Up or Down - April 28, 7:25AM-7:30AM ET",UP,Up,2.0,0.99,,LOSS,NO,-2.0,Down,0x6135d9ba6a0e40b344337294723a32a97b26f82e323d609bed1fd27004e2f783,33500839383227066704890274618039261229986330317866737117174825271127774988818
2026-04-28T11:29:21.522478+00:00,2026-04-28T11:35:59.323105+00:00,momentum,"XRP Up or Down - April 28, 7:25AM-7:30AM ET",UP,Up,2.0,0.99,,LOSS,NO,-2.0,Down,0x897f0a644d71b0ed52e23c7d72641d52cf858234b7acf12e5adaa30031a1fb2b,110281364004788352351790123762758382118109109452932554424718848346749796047272
2026-04-28T11:33:45.786843+00:00,2026-04-28T11:38:00.156666+00:00,momentum,"Solana Up or Down - April 28, 7:30AM-7:35AM ET",UP,Up,2.0,0.99,,LOSS,NO,-2.0,Down,0x63cfafa73521891af650df4a22ac2fabc42e9e1777bcfe8a25b47603cabc161c,23701454059671538535942727778764111363611513883502238011943023522468324845971
2026-04-28T11:32:17.044359+00:00,2026-04-28T11:40:01.308556+00:00,momentum,"Ethereum Up or Down - April 28, 7:30AM-7:35AM ET",UP,Up,2.0,0.51,,LOSS,NO,-2.0,Down,0xea2765405742fc531b48e6e24ee9d01c2fc3004e261fb205fa9db301a3a5622e,11342996047248537397422909356156747424664493857202417504149741611629268341122
2026-04-28T11:33:45.778227+00:00,2026-04-28T11:40:01.359684+00:00,momentum,"Bitcoin Up or Down - April 28, 7:30AM-7:35AM ET",UP,Up,2.0,0.99,,LOSS,NO,-2.0,Down,0x97494017bca1473d3f97669ac9d42e213fe99a92c142ce174b59a1c2bbc0c7fc,7679134079194605976055698578637217406173479363806905274721238814835475695584
2026-04-28T11:33:45.794694+00:00,2026-04-28T11:43:02.792636+00:00,momentum,"XRP Up or Down - April 28, 7:30AM-7:35AM ET",UP,Up,2.0,0.99,,WIN,YES,0.020202020202020332,Up,0x8044359266da924f061c4e86b9011ab3484372904453feb48e29afcfe4d8a8d5,74800635839644392381704413498434402674256758733159775758387411148004602075086
2026-04-28T11:39:03.640582+00:00,2026-04-28T11:45:03.739821+00:00,momentum,"Ethereum Up or Down - April 28, 7:35AM-7:40AM ET",DOWN,Down,2.0,0.99,,WIN,YES,0.020202020202020332,Down,0xbd1a40b555bdb784b42b4e8bcc4307a55116c54cd6749234cd6387ca42df8a27,97447606260288346640905380486953011705600593117501719404465222889635220419797
2026-04-28T11:39:03.649803+00:00,2026-04-28T11:45:03.778632+00:00,momentum,"XRP Up or Down - April 28, 7:35AM-7:40AM ET",UP,Up,2.0,0.99,,LOSS,NO,-2.0,Down,0x322bafdaf0e38856dd6f254a42684e77a3931833728449b11cefbbd469cc32df,13232924508514272097777546510609153212585587815801791214204403613990486326115
2026-04-28T11:39:03.623883+00:00,2026-04-28T11:46:04.290454+00:00,momentum,"Bitcoin Up or Down - April 28, 7:35AM-7:40AM ET",UP,Up,2.0,0.99,,LOSS,NO,-2.0,Down,0x290cf08c6409a4a4d3106fb3a7e6e878f1b76eec48c2cf4530e0c81cc8c47041,25847068423540593383123328847537389777566923937609558885037597206839754492992
2026-04-28T11:39:03.632497+00:00,2026-04-28T11:46:04.327893+00:00,momentum,"Solana Up or Down - April 28, 7:35AM-7:40AM ET",UP,Up,2.0,0.99,,LOSS,NO,-2.0,Down,0x3f08306c1df8ee70e6602a12d49e8b8f2eb487e2b403c2c7acb8c6169cacea80,3378254336556810283759079424236910422938981885070259553193968908885644661775
2026-04-28T11:42:04.308793+00:00,2026-04-28T11:52:08.030617+00:00,momentum,"Ethereum Up or Down - April 28, 7:40AM-7:45AM ET",UP,Up,2.0,0.99,,WIN,YES,0.020202020202020332,Up,0x19b514d5391529d6c25ec8e8e6af0347102063fc9b1c0abf2ea4f91461bf1d92,51038427678324677816348812143751041519425164480316040336655203583875513289388
2026-04-28T11:42:04.349462+00:00,2026-04-28T11:52:08.192699+00:00,momentum,"Solana Up or Down - April 28, 7:40AM-7:45AM ET",UP,Up,2.0,0.99,,WIN,YES,0.020202020202020332,Up,0x39629a032babbaccb424bc5ac1866a2c4c0fbc1c590f5c13ee8a918e526076da,85034102065946236025693105662625537407858506843766390339060775478712748134396
2026-04-28T11:42:04.447397+00:00,2026-04-28T11:52:08.336751+00:00,momentum,"XRP Up or Down - April 28, 7:40AM-7:45AM ET",UP,Up,2.0,0.99,,WIN,YES,0.020202020202020332,Up,0xa803f7c5ae997cef3d609178b56f650309298f33704b7fba353ec5bdd20e3b3f,63042531294313375052235400605838061537000556594898438970669601081186788332238
2026-04-28T11:45:00.973337+00:00,2026-04-28T11:54:09.369718+00:00,momentum,"Ethereum Up or Down - April 28, 7:45AM-7:50AM ET",DOWN,Down,2.0,0.735,,WIN,YES,0.7210884353741496,Down,0x065976902acd66748245a58f10a16d8e80e73195fbd3f89b83316f4d9fbe5c30,35732592192877218973544640272774194545507948230316904884515646217017102054581
2026-04-28T11:46:48.120927+00:00,2026-04-28T11:54:09.403562+00:00,momentum,"Solana Up or Down - April 28, 7:45AM-7:50AM ET",UP,Up,2.0,0.99,,LOSS,NO,-2.0,Down,0x41bf54e48c1c8bedd7c5a8898ce677924c6102119ed441b9e006b32eb73edc30,113312243915134460964196059501515444867114137596850974440255160316054559013426
2026-04-28T11:46:48.131949+00:00,2026-04-28T11:54:09.549204+00:00,momentum,"XRP Up or Down - April 28, 7:45AM-7:50AM ET",DOWN,Down,2.0,0.99,,WIN,YES,0.020202020202020332,Down,0x817b21bf72ebbe1216861a8193282bebc777cb049f8bcf92d1167df39523560f,107203635374740643195809651431796994809522065700813448453753438343117711188295
2026-04-28T11:45:00.963167+00:00,2026-04-28T11:55:09.643163+00:00,momentum,"Bitcoin Up or Down - April 28, 7:45AM-7:50AM ET",DOWN,Down,2.0,0.515,,WIN,YES,1.883495145631068,Down,0x50f888a1a7a00b32793e1fd2c92f417bdb398be4067e1d8eca9aacad97cffaa8,63945798176928630372574966354589030566583620850782199498343079855959212398733
2026-04-28T11:50:01.472499+00:00,2026-04-28T12:00:12.669244+00:00,momentum,"Bitcoin Up or Down - April 28, 7:50AM-7:55AM ET",UP,Up,2.0,0.52,,WIN,YES,1.8461538461538458,Up,0xa8755d4f158c986fe49562a30cd79a933ba59e3aecb4a86788963fadae8c1530,36539733142048026822260262544845127195875130152454763080607520133383845049674
2026-04-28T11:50:01.482202+00:00,2026-04-28T12:00:12.849652+00:00,momentum,"Ethereum Up or Down - April 28, 7:50AM-7:55AM ET",UP,Up,2.0,0.52,,WIN,YES,1.8461538461538458,Up,0xea0f767e9e15c9ab97c262bb694b0373beab175bc25eff0c07da5d3b36841144,47814515347547466594271477791111271494567005886454067275680169629476324868261
2026-04-28T11:50:00.398652+00:00,2026-04-28T12:01:12.012250+00:00,momentum,"Solana Up or Down - April 28, 7:50AM-7:55AM ET",DOWN,Down,2.0,0.515,,LOSS,NO,-2.0,Up,0x9dc03bbe9bd4c0a2e65c694a102ce729fd7325a10c9537b15416b6c76be8a67a,32612165648009747391391527730035565905732427485402352672237085250140995511612
2026-04-28T11:50:00.408572+00:00,2026-04-28T12:01:12.050416+00:00,momentum,"XRP Up or Down - April 28, 7:50AM-7:55AM ET",DOWN,Down,2.0,0.67,,LOSS,NO,-2.0,Up,0xbbaa1a47400797bf4c30edb8e3d010d09ec898bc951235b7c71fdbb986ddc95f,75859278475952213523922759521717980232704810130270017142634194251053075396724
2026-04-28T11:58:22.982035+00:00,2026-04-28T12:05:14.233670+00:00,momentum,"Solana Up or Down - April 28, 7:55AM-8:00AM ET",UP,Up,2.0,0.99,,WIN,YES,0.020202020202020332,Up,0x4a381dc870208bc8de9700cd5366a2c46306590af6d774a663a9a9931f0fe514,6568751832272066129786163509923247826547830429051341304500183829462300736324
2026-04-28T11:55:00.214271+00:00,2026-04-28T12:06:14.570143+00:00,momentum,"XRP Up or Down - April 28, 7:55AM-8:00AM ET",DOWN,Down,2.0,0.685,,LOSS,NO,-2.0,Up,0x0f65899b80172e28ca5a007834a86b5ef7ba880954434f0d4f6f30298fa99067,43855666514081171118461128916769192894316227486831845196607170220700009408616
2026-04-28T11:58:22.962132+00:00,2026-04-28T12:06:14.705278+00:00,momentum,"Bitcoin Up or Down - April 28, 7:55AM-8:00AM ET",UP,Up,2.0,0.51,,WIN,YES,1.9215686274509802,Up,0x71d3b1ff7db04fe448947720738e881674c073448f67e2eec752c97eb4808fb6,13427069393895112051148551961172208046960033178798724479586181662945605431475
2026-04-28T11:58:22.973241+00:00,2026-04-28T12:06:14.738963+00:00,momentum,"Ethereum Up or Down - April 28, 7:55AM-8:00AM ET",DOWN,Down,2.0,0.53,,LOSS,NO,-2.0,Up,0x3484b5a7420c3662a173b7e768c69dda6e6aad65a1ddad2269116e30dd8bd431,100442613973531022964284265659076310073018459560531329608326955702543356503940
2026-04-28T12:04:29.174773+00:00,2026-04-28T12:09:16.178145+00:00,momentum,"Ethereum Up or Down - April 28, 8:00AM-8:05AM ET",UP,Up,2.0,0.71,,LOSS,NO,-2.0,Down,0xe28ab32d2dd4cb74942121a3d8b63bb5cb23bf0fd0e14106731d6b85bcbb95f9,61139331918839923377302031519305104507167726407234134748935146477619436541887
2026-04-28T12:04:29.185355+00:00,2026-04-28T12:09:16.332298+00:00,momentum,"Solana Up or Down - April 28, 8:00AM-8:05AM ET",UP,Up,2.0,0.99,,WIN,YES,0.020202020202020332,Up,0xbe5be6bbfd8627b7e049f16246cf37a69df25b542edfb997f68690e32bab3e40,76908598880964232185288130932449586856350207139393090643603820621153679904835
2026-04-28T12:04:29.195963+00:00,2026-04-28T12:09:16.366701+00:00,momentum,"XRP Up or Down - April 28, 8:00AM-8:05AM ET",UP,Up,2.0,0.99,,LOSS,NO,-2.0,Down,0x60a5c54475981b9cbfe43cdfdf3b9d5227ab2f44abd707f3b52227466904c091,8705211226648782310812509691150646371185960145276423290078989734454799108730
2026-04-28T12:01:31.088299+00:00,2026-04-28T12:10:16.188689+00:00,momentum,"Bitcoin Up or Down - April 28, 8:00AM-8:05AM ET",UP,Up,2.0,0.51,,LOSS,NO,-2.0,Down,0x98c52603fe437861fdf0c0a821f6665beb900f1626e785ee97ea5065a3e89354,69504310261592718821192486856953629425792611803016262987668044024649879450850
2026-04-28T12:05:32.391684+00:00,2026-04-28T12:14:17.783703+00:00,momentum,"Bitcoin Up or Down - April 28, 8:05AM-8:10AM ET",UP,Up,4.0,0.77,,WIN,YES,1.1948051948051948,Up,0xa19f99a453af4c922414ac498753df504de623d77eba5fe5efde65db45be2431,27172440851825841103426390845563365935863384555900948775204241236867489005897
2026-04-28T12:09:35.179834+00:00,2026-04-28T12:14:17.824544+00:00,momentum,"Solana Up or Down - April 28, 8:05AM-8:10AM ET",UP,Up,2.0,0.99,,LOSS,NO,-2.0,Down,0x34e99b8d0254e429dabd1554d1a2a776d791fdecb4cba79456fc995f12b7b6c2,96650769678487700306681150778245427303452062354254152796977866268054233215005
2026-04-28T12:05:00.295333+00:00,2026-04-28T12:15:17.788296+00:00,momentum,"XRP Up or Down - April 28, 8:05AM-8:10AM ET",UP,Up,2.0,0.575,,LOSS,NO,-2.0,Down,0x063e851b88724be0f30502d787c36546ddeebc3de2c6838f9e3a4e0fd434850f,12174581160980492803197662119391907586639958143407329931890068843862304221512
2026-04-28T12:09:41.284063+00:00,2026-04-28T12:15:17.929832+00:00,momentum,"Ethereum Up or Down - April 28, 8:05AM-8:10AM ET",UP,Up,2.0,1.0,,WIN,YES,0.0,Up,0xde2446cb213c4e4bb3112d7e00e459d13b072e1278c83202866a38f1a8b1e785,31529108192613016250444662851380072445866236111627392277204454267445896189330
2026-04-28T12:10:13.979313+00:00,2026-04-28T12:20:20.342190+00:00,momentum,"Bitcoin Up or Down - April 28, 8:10AM-8:15AM ET",DOWN,Down,2.0,0.55,,LOSS,NO,-2.0,Up,0x0412fd2a5896e5ce6d9ec5fd320e37ef12245410351b168c1774f26bf08f8e60,111024361597477299781233063799513573535631741899357107367218680021303850631907
2026-04-28T12:10:00.509269+00:00,2026-04-28T12:21:20.555822+00:00,momentum,"Ethereum Up or Down - April 28, 8:10AM-8:15AM ET",DOWN,Down,2.0,0.515,,LOSS,NO,-2.0,Up,0xfd59680ce345ec369baaacd6ea9f575e15be8d038b744ecb2c21ed83e09bc4c0,82182536119262408473700607920634204074425872374681308425429895111756081019979
2026-04-28T12:10:00.497983+00:00,2026-04-28T12:22:21.168739+00:00,momentum,"Solana Up or Down - April 28, 8:10AM-8:15AM ET",UP,Up,2.0,0.73,,WIN,YES,0.7397260273972601,Up,0x4a144925f077564add9a3fa9074d10a9d43cf23dd16a763bb6b4908cb635193d,78488673756416787507863177414774634656018803687485502692899915447567856190419
2026-04-28T12:14:41.815629+00:00,2026-04-28T12:22:21.212777+00:00,momentum,"XRP Up or Down - April 28, 8:10AM-8:15AM ET",DOWN,Down,2.0,0.99,,LOSS,NO,-2.0,Up,0x3a0ea23e3a204e95404188287033efcf8dae60f3adeddd15a4bf9fd36f20fb59,10522287828074284646824205255575339571935546047476683524296433129046535167543
2026-04-28T12:15:24.737662+00:00,2026-04-28T12:23:21.152524+00:00,momentum,"Bitcoin Up or Down - April 28, 8:15AM-8:20AM ET",UP,Up,4.0,0.53,,LOSS,NO,-4.0,Down,0xb928782dfc0c12b60b8804e11bd42d44a1412ca5f5b3b60f11e00d6182a41bf3,65934562242821163594909539814856518249777457976163031395728391017692039995965
2026-04-28T12:15:00.100282+00:00,2026-04-28T12:24:21.814552+00:00,momentum,"Ethereum Up or Down - April 28, 8:15AM-8:20AM ET",DOWN,Down,2.0,0.575,,WIN,YES,1.4782608695652177,Down,0x1dfbfe44da78a52381fd0fc7771c648ee991286cd03338920bcea795479d9b2a,110701799145108026897852580484335030262204465938657042205939762197235885753048
2026-04-28T12:20:00.915545+00:00,2026-04-28T12:29:24.375903+00:00,momentum,"Solana Up or Down - April 28, 8:20AM-8:25AM ET",UP,Up,2.0,0.715,,WIN,YES,0.7972027972027975,Up,0x72079e9d166987eccb18700cd4c9f1ee1f557c2e6a3fd7bc1cf2b915e4b344e6,107765468578802189971261137476913247138575739355369912889272671423908485885014
2026-04-28T12:20:16.812620+00:00,2026-04-28T12:29:24.659930+00:00,momentum,"XRP Up or Down - April 28, 8:20AM-8:25AM ET",UP,Up,2.0,0.99,,WIN,YES,0.020202020202020332,Up,0x7c011800fdca45b3945ca15159f7a37ab655d99b46341575b20488e9be6f7c59,106266474252668848066346982311663095581228655542129090410400716028115216625043
2026-04-28T12:20:22.089191+00:00,2026-04-28T12:29:24.835785+00:00,momentum,"Ethereum Up or Down - April 28, 8:20AM-8:25AM ET",UP,Up,2.0,1.0,,WIN,YES,0.0,Up,0x127cc7c317776b0126b893b226d8836508b0d9d2289fccecc3fe41d4fa3dee3b,5802055166987664204446014960924703554761185190349513346833932855564982591484
2026-04-28T12:20:16.803460+00:00,2026-04-28T12:30:24.958410+00:00,momentum,"Bitcoin Up or Down - April 28, 8:20AM-8:25AM ET",UP,Up,8.0,0.52,,WIN,YES,7.384615384615383,Up,0xd23e4e15e0cc52204c9aedf25f9f6be9ffa3b174e900c28636de525d528900fb,77202384516487732635314056115135052342678160582959026101609728730795765457105
2026-04-28T12:25:05.768603+00:00,2026-04-28T12:35:26.755304+00:00,momentum,"Ethereum Up or Down - April 28, 8:25AM-8:30AM ET",UP,Up,2.0,0.52,,LOSS,NO,-2.0,Down,0xa2efa786f7d2339fc183e76afb105dbbb722da472730b1ae66c99cd4bbe730aa,88160604054636385775002195213900991168841595615151532720457611360969468923331
2026-04-28T12:25:21.349854+00:00,2026-04-28T12:36:27.901379+00:00,momentum,"Bitcoin Up or Down - April 28, 8:25AM-8:30AM ET",DOWN,Down,2.0,0.62,,LOSS,NO,-2.0,Up,0x000a2420cb35a6c69022a8ee7ff45bd565ede918b9733cafd11fa6576679ac63,20202929483496752773100211002463080072131949001722592972042990438843790649441
2026-04-28T12:28:12.000326+00:00,2026-04-28T12:36:28.041915+00:00,momentum,"XRP Up or Down - April 28, 8:25AM-8:30AM ET",UP,Up,2.0,0.74,,WIN,YES,0.7027027027027026,Up,0x347c20cbc461e568ce4c7e12950022b4c310d9bb5cc9e188bca1b3ec8da7bde8,113989078069215579510566340735486314328988421786027368925859085981941318861362
2026-04-28T12:28:44.123285+00:00,2026-04-28T12:36:28.197462+00:00,momentum,"Solana Up or Down - April 28, 8:25AM-8:30AM ET",DOWN,Down,2.0,0.8,,WIN,YES,0.5,Down,0x6a73bbc3ff719d99ec95ec6bba9c9c2ba27a7951d7292999af53cb60de9ae3de,19804599076498063585623887966279337081836679592617485984498449896309304668236
2026-04-28T12:30:08.312277+00:00,2026-04-28T12:38:29.919163+00:00,momentum,"Ethereum Up or Down - April 28, 8:30AM-8:35AM ET",DOWN,Down,4.0,0.59,,LOSS,NO,-4.0,Up,0x70df4ed64b997ae4751015a65bc5204b61e19c635d23bffc63703c9d809a2e7b,51972641194925733165393715317772536444280841741894415454853706913542781001053
2026-04-28T12:30:05.230326+00:00,2026-04-28T12:39:30.296362+00:00,momentum,"Solana Up or Down - April 28, 8:30AM-8:35AM ET",DOWN,Down,2.0,0.6,,LOSS,NO,-2.0,Up,0x408fc5123f742301a22c95d07a3b48f5eb618668b6b7fbf373557b6a543b8b5d,45755464005714513684502044209128092927433696630014716460302684081632638450026
2026-04-28T12:30:21.379655+00:00,2026-04-28T12:39:30.469304+00:00,momentum,"XRP Up or Down - April 28, 8:30AM-8:35AM ET",DOWN,Down,2.0,0.62,,LOSS,NO,-2.0,Up,0xd2c364eacb21bd6f488dfaa4a27f0a218e6cc5e257419120bc20ffc4feb5423b,29929998293558921131215826566001530385827677408751504531353759530462138885605
2026-04-28T12:30:08.301061+00:00,2026-04-28T12:42:31.741806+00:00,momentum,"Bitcoin Up or Down - April 28, 8:30AM-8:35AM ET",DOWN,Down,4.0,0.52,,LOSS,NO,-4.0,Up,0x91106aa532e6739e9b6990a71447765100016ba7101b0d006a5030079333d45d,91911059752701716797958392842561642243834592794109166113499599152482804239898
2026-04-28T12:35:08.737018+00:00,2026-04-28T12:44:33.516714+00:00,momentum,"XRP Up or Down - April 28, 8:35AM-8:40AM ET",DOWN,Down,2.0,0.51,,LOSS,NO,-2.0,Up,0x5ce5c9571efcca10a32c6506657f55e7b38a1005f915ffa794a46c1deed3c2c5,70958431896550880324344271282407444824286423520317713076026554868552805465372
2026-04-28T12:35:14.864981+00:00,2026-04-28T12:44:33.546119+00:00,momentum,"Bitcoin Up or Down - April 28, 8:35AM-8:40AM ET",DOWN,Down,8.0,0.59,,LOSS,NO,-8.0,Up,0x7a319b743f977966c53108e2881a1f373215c8a834358de1d1ac0db35db30c83,105727156405606920609179302363747457826523669584121857070460492187675571020499
2026-04-28T12:35:05.659675+00:00,2026-04-28T12:45:34.835748+00:00,momentum,"Ethereum Up or Down - April 28, 8:35AM-8:40AM ET",UP,Up,2.0,0.53,,WIN,YES,1.773584905660377,Up,0xb99542d4e28e7567c7c9b66e4e67e1a48f8c6f5fc7d0788efa2cfadbd9ec4a9a,78180474388166474411693096372241509937506306198445936151371644585984581983600
2026-04-28T12:35:08.726648+00:00,2026-04-28T12:46:35.541594+00:00,momentum,"Solana Up or Down - April 28, 8:35AM-8:40AM ET",DOWN,Down,4.0,0.52,,LOSS,NO,-4.0,Up,0xca4d341780dc901cce0df836a461173a800f8bafe837006b10bce77715e324e3,57516958277368982650433190679951334315377093139085666189274045924418887174284
2026-04-28T12:40:01.571252+00:00,2026-04-28T12:51:37.515633+00:00,momentum,"Bitcoin Up or Down - April 28, 8:40AM-8:45AM ET",UP,Up,16.0,0.55,,WIN,YES,13.09090909090909,Up,0x033df59a59f9e860c43cf07a3cf6d6694702502d36a7d46517c0b3f340b62dc6,10531510729596383944297980558453206922596727912297317929260029096837387313380
2026-04-28T12:40:01.641095+00:00,2026-04-28T12:51:37.876215+00:00,momentum,"Solana Up or Down - April 28, 8:40AM-8:45AM ET",UP,Up,8.0,0.57,,WIN,YES,6.035087719298247,Up,0x1f4777066657466f444898901061cc2c16e7a88e42d521e61bd99712ab595318,15054973735771645681816185792133961174158439080555378256934107529470505019678
2026-04-28T12:40:01.592392+00:00,2026-04-28T12:52:38.510732+00:00,momentum,"XRP Up or Down - April 28, 8:40AM-8:45AM ET",UP,Up,2.0,0.59,,WIN,YES,1.3898305084745766,Up,0x0a50724c73e12961d18feb4fb149b0ca528d56ab870ffbe3a2c158728a367e23,97864586456019402849184706131569829089040369245490235376089090836862578459357
2026-04-28T12:40:01.622118+00:00,2026-04-28T12:52:38.694318+00:00,momentum,"Ethereum Up or Down - April 28, 8:40AM-8:45AM ET",UP,Up,2.0,0.54,,WIN,YES,1.7037037037037033,Up,0x8726defa62726abe29155c58307ce8e2dbd23764a4890fb1bffe71237a971872,23936866053310786102135329091831174757989066609125398463153544863151176200942
2026-04-28T12:45:03.233465+00:00,2026-04-28T12:53:39.447172+00:00,momentum,"Bitcoin Up or Down - April 28, 8:45AM-8:50AM ET",DOWN,Down,2.0,0.59,,LOSS,NO,-2.0,Up,0x7825301723b17222927a479053d47d53856bc9f2d7cda215a575b561f2908ca7,68599022293706434165889579017228906676090559088796018852109369931089173714141
2026-04-28T12:45:03.262732+00:00,2026-04-28T12:53:39.643203+00:00,momentum,"Solana Up or Down - April 28, 8:45AM-8:50AM ET",DOWN,Down,2.0,0.61,,LOSS,NO,-2.0,Up,0xf3c6a5bd3ad252e691f7920072c115b3f8e8a174cabbc509aa7aef188053dce8,98383827643582369059009136563227719469931770857369182502371984801127842884280
2026-04-28T12:45:03.275473+00:00,2026-04-28T12:53:39.676839+00:00,momentum,"XRP Up or Down - April 28, 8:45AM-8:50AM ET",DOWN,Down,2.0,0.67,,LOSS,NO,-2.0,Up,0xbbc6ba026c992075a3429d43c892daee63758cdaf9ef480510855a13ad833fa3,111597813681390968775196148115576950859118540460545763257603684001111533428196
2026-04-28T12:45:03.249243+00:00,2026-04-28T12:54:39.895226+00:00,momentum,"Ethereum Up or Down - April 28, 8:45AM-8:50AM ET",DOWN,Down,2.0,0.6,,LOSS,NO,-2.0,Up,0x678d1a4bca4d2e646d09934eb0dd7b4e2e2f0523c0728f1a9e783deb18778cc2,98448522213134757954716147867408443500021637322035728201476908034169064671475
2026-04-28T12:50:00.508180+00:00,2026-04-28T12:59:42.086248+00:00,momentum,"Solana Up or Down - April 28, 8:50AM-8:55AM ET",DOWN,Down,4.0,0.515,,WIN,YES,3.766990291262136,Down,0xf33f90bc8a8788a4dccc1cd484cc35978e70087c643766c1cdbcbaaee7132979,27640893183003000634527781176495804927397990357237795578220513745889027634004
2026-04-28T12:50:02.639589+00:00,2026-04-28T12:59:42.444960+00:00,momentum,"XRP Up or Down - April 28, 8:50AM-8:55AM ET",DOWN,Down,2.0,0.51,,WIN,YES,1.9215686274509802,Down,0x5999798c5208587b41a56ac1c66bae32dd5c1cb7b1ee5b2ba7868bec165fc9b6,24231455909333606661534662605944851307155287640432020527331979618115763875365
2026-04-28T12:50:00.523067+00:00,2026-04-28T13:00:42.577036+00:00,momentum,"Ethereum Up or Down - April 28, 8:50AM-8:55AM ET",DOWN,Down,4.0,0.515,,WIN,YES,3.766990291262136,Down,0xd63b3c2b675dce1621f16e7db35913c8ad34d0c912c6747111c9b254797060f8,34121154345820380188630037946430297167698457275588047821627354935982140548330
2026-04-28T12:50:02.628128+00:00,2026-04-28T13:00:42.742812+00:00,momentum,"Bitcoin Up or Down - April 28, 8:50AM-8:55AM ET",DOWN,Down,4.0,0.53,,WIN,YES,3.547169811320754,Down,0x6200903144131420c88465f4a92a2f15c0b95e33c6e3f768de5e972888054a10,114120017660624198472666512931311272529141849766446107280687121819843409438702
2026-04-28T12:55:00.827671+00:00,2026-04-28T13:05:44.639479+00:00,momentum,"Solana Up or Down - April 28, 8:55AM-9:00AM ET",DOWN,Down,2.0,0.515,,LOSS,NO,-2.0,Up,0x523a99f07f768acd6b640e5b8f4c9cf854b24ec691c3dbbc269e502db270601a,57993122597591068021953650373426946728751368460728975407304787170182441570331
2026-04-28T12:55:02.961213+00:00,2026-04-28T13:05:44.812123+00:00,momentum,"Ethereum Up or Down - April 28, 8:55AM-9:00AM ET",UP,Up,2.0,0.54,,WIN,YES,1.7037037037037033,Up,0x3fb2b4d04c42a61459da119ec6a3f6553052b3805dd9a10d0c563c057874ada9,78696301451768786692385960529877113799780180142321709359337090980725011388431
2026-04-28T12:55:02.975593+00:00,2026-04-28T13:05:44.983671+00:00,momentum,"Bitcoin Up or Down - April 28, 8:55AM-9:00AM ET",UP,Up,2.0,0.51,,WIN,YES,1.9215686274509802,Up,0x1539ce8dfb340c1fc8e473628e8b0380da5fa99fd60471e8a27596923484e91f,45294416875241823162926405096089923451084461555791011581313943355239563141906
2026-04-28T12:55:09.258759+00:00,2026-04-28T13:06:44.764704+00:00,momentum,"XRP Up or Down - April 28, 8:55AM-9:00AM ET",UP,Up,2.0,0.52,,WIN,YES,1.8461538461538458,Up,0xbe321f6aeafe79d2ce4193e69c780939adfe64e8c2851589435113795484f8dd,21672764320109113113224269410120182703811577246493786139854117394472276679425
2026-04-28T13:00:00.658832+00:00,2026-04-28T13:08:46.084271+00:00,momentum,"Ethereum Up or Down - April 28, 9:00AM-9:05AM ET",DOWN,Down,2.0,0.51,,WIN,YES,1.9215686274509802,Down,0x974966cda1c369e883a90c3d31dac7845aa7997288bd3219ec5165ce534afe37,5417253319795226831831584219269196979892263255921613558665694724474753931499
2026-04-28T13:00:00.674679+00:00,2026-04-28T13:08:46.279738+00:00,momentum,"XRP Up or Down - April 28, 9:00AM-9:05AM ET",DOWN,Down,2.0,0.51,,WIN,YES,1.9215686274509802,Down,0x8896af64ffedf37d671f69f2ea823c7a308102c3e1a108c1db8277f74e89e392,25187152444894349749216563180481267554527123656646967921056313262186115155803
2026-04-28T13:00:00.691466+00:00,2026-04-28T13:08:46.453201+00:00,momentum,"Solana Up or Down - April 28, 9:00AM-9:05AM ET",DOWN,Down,4.0,0.51,,WIN,YES,3.8431372549019605,Down,0x2259e5b0e7672aa15e8535e9dc09d5dbc0fbb7d5e1d05bc10118e62387065af4,15095158763739002804797497575940168814892607749905291834096086105131941689053
2026-04-28T13:00:03.779419+00:00,2026-04-28T13:08:46.623262+00:00,momentum,"Bitcoin Up or Down - April 28, 9:00AM-9:05AM ET",DOWN,Down,2.0,0.59,,WIN,YES,1.3898305084745766,Down,0x72946552fd2393ec94d76879791b5e7d9dea4ca12bc23a05bc357936bc66f235,11333824758650599270903836508944245513882584453845609721632229395847158892448
2026-04-28T13:05:02.678308+00:00,2026-04-28T13:14:49.138687+00:00,momentum,"Ethereum Up or Down - April 28, 9:05AM-9:10AM ET",DOWN,Down,2.0,0.58,,WIN,YES,1.4482758620689657,Down,0x5bc3cf9f8dfabc0d0a376379f028d0ada53bd311dbf4e7df037f3c204fd36af6,3494071902622946806917855375850561428900950039133552620244829392480234863202
2026-04-28T13:05:02.700026+00:00,2026-04-28T13:14:49.337102+00:00,momentum,"Bitcoin Up or Down - April 28, 9:05AM-9:10AM ET",DOWN,Down,2.0,0.58,,WIN,YES,1.4482758620689657,Down,0x63eeea491e4bed5edd681e5f0537b32efc27d82f8a0587e8e9d647df2f4db876,101183059867845247288507079783884500699548497554913488553076425209871611782667
2026-04-28T13:05:00.596187+00:00,2026-04-28T13:15:48.793227+00:00,momentum,"Solana Up or Down - April 28, 9:05AM-9:10AM ET",DOWN,Down,2.0,0.515,,WIN,YES,1.883495145631068,Down,0x164ba98b7e35b9877a4374d6c659fcef3de9b863d45f9371450ecaafb8969917,66843794996347685034525202029345829931285608982618252105401301188532538750614
2026-04-28T13:05:08.832270+00:00,2026-04-28T13:15:48.983581+00:00,momentum,"XRP Up or Down - April 28, 9:05AM-9:10AM ET",DOWN,Down,2.0,0.55,,WIN,YES,1.6363636363636362,Down,0x02b9b227340eb54adcc610ab97317c4c0f3455a940285a1245865aed196751e4,24679237899777568653696813279826207712842025266978677968221102959330989227588
2026-04-28T13:10:04.684785+00:00,2026-04-28T13:20:51.269018+00:00,momentum,"Bitcoin Up or Down - April 28, 9:10AM-9:15AM ET",DOWN,Down,2.0,0.67,,LOSS,NO,-2.0,Up,0xb5aac6808247f68f47d23f86e7a46be5dc3d14ca92e74e3617471844d1d51895,9136513721535704095032414062027753802975725696778799303607083354252051938196
2026-04-28T13:10:04.698467+00:00,2026-04-28T13:20:51.459708+00:00,momentum,"Solana Up or Down - April 28, 9:10AM-9:15AM ET",DOWN,Down,2.0,0.7,,WIN,YES,0.8571428571428572,Down,0x7cfa2bf9cc720344878c02e8ffab05c10ed69974e9cef7db3340512c0ddc918f,98735410278406951506255070629218765901455962940488984020907345657594565829919
2026-04-28T13:10:04.709947+00:00,2026-04-28T13:20:51.631464+00:00,momentum,"XRP Up or Down - April 28, 9:10AM-9:15AM ET",DOWN,Down,2.0,0.69,,WIN,YES,0.8985507246376816,Down,0x7ba051f5dc7f7ec72fada762b3d9d57677512de1d3c7557f0b518f22481fe2b1,31220838332181569602381322564490478872013566895816279803522080789226837613366
2026-04-28T13:10:01.606470+00:00,2026-04-28T13:21:51.643287+00:00,momentum,"Ethereum Up or Down - April 28, 9:10AM-9:15AM ET",UP,Up,2.0,0.55,,WIN,YES,1.6363636363636362,Up,0x9d4b6f5ec9dc1a15b3cd40bea859c7adf94e133bbf9ef51a02ace03f2fb6b8d4,16429499265460441415095222587485474457068082208105382315087338828337536758017
2026-04-28T13:15:00.986576+00:00,2026-04-28T13:23:53.104121+00:00,momentum,"Bitcoin Up or Down - April 28, 9:15AM-9:20AM ET",UP,Up,4.0,0.525,,LOSS,NO,-4.0,Down,0x74d56fb087c3538138769fc4300a414f7c2fdb749920378baa59324c5a04ad90,7042694900975931697435431585922777885184803958595468754349078964769335472737
2026-04-28T13:15:01.002163+00:00,2026-04-28T13:23:53.135758+00:00,momentum,"Ethereum Up or Down - April 28, 9:15AM-9:20AM ET",UP,Up,2.0,0.535,,LOSS,NO,-2.0,Down,0x1a44b632efd9b1269e9e7f905fe0f26a45e886a8da39dac96d8494e3623476e1,110480625649245854868966389622530756236662595628621533573487038395426514895902
2026-04-28T13:15:03.102244+00:00,2026-04-28T13:24:53.566891+00:00,momentum,"XRP Up or Down - April 28, 9:15AM-9:20AM ET",UP,Up,2.0,0.51,,WIN,YES,1.9215686274509802,Up,0x221b2718e15de99e3fbf651c96727c9be368a8876bc98ae74c49a2fc7540061e,46550818203879316963998104942502698179281101973137088167447776275938673093034
2026-04-28T13:15:01.020437+00:00,2026-04-28T13:26:54.262368+00:00,momentum,"Solana Up or Down - April 28, 9:15AM-9:20AM ET",UP,Up,2.0,0.52,,LOSS,NO,-2.0,Down,0xc1e20adc356bc234c8eca52b77e2582c8cf1dfad7139628b206d5160d5c894ff,55532196983759762962263775365591717925076761550772690101523828250745882964017
2026-04-28T13:20:00.806168+00:00,2026-04-28T13:29:55.422951+00:00,momentum,"Bitcoin Up or Down - April 28, 9:20AM-9:25AM ET",UP,Up,8.0,0.515,,WIN,YES,7.533980582524272,Up,0x5c12e6998cacb7ea3592b1382a9540484e883cff735d6a84d5d31d0c9b4a0bc3,65177849842255531138172149227002299746541298546722848385780929849230541213666
2026-04-28T13:20:00.826383+00:00,2026-04-28T13:30:55.489525+00:00,momentum,"XRP Up or Down - April 28, 9:20AM-9:25AM ET",UP,Up,2.0,0.515,,WIN,YES,1.883495145631068,Up,0xb657d7fcb567c49a6ad632782d31fc845e4690afd1f8e9d404037b668ef94437,52263606564469408710411451675677996794068095838239774054949105722518417780951
2026-04-28T13:20:00.849432+00:00,2026-04-28T13:30:55.659646+00:00,momentum,"Ethereum Up or Down - April 28, 9:20AM-9:25AM ET",UP,Up,4.0,0.525,,WIN,YES,3.6190476190476186,Up,0x409bc39e3ab2e0bf581cc4ceb0c8735c34cb4cbdc64256d95924a75324b529b2,17069053000029245142754089945442686840643042149747629145067607663178760466574
2026-04-28T13:20:00.869896+00:00,2026-04-28T13:30:55.860382+00:00,momentum,"Solana Up or Down - April 28, 9:20AM-9:25AM ET",UP,Up,4.0,0.515,,WIN,YES,3.766990291262136,Up,0xbad224933312168a26c84c2a0da277ae19a5854ca6bd796b318dc9530115b6b3,90056760106095287038385153083923937863265062631679138321314117463142965427667
2026-04-28T13:25:02.219577+00:00,2026-04-28T13:35:58.348084+00:00,momentum,"Ethereum Up or Down - April 28, 9:25AM-9:30AM ET",UP,Up,2.0,0.57,,WIN,YES,1.5087719298245617,Up,0xdc5a37e01447654f9281cf91cde435252bc6cc7c791a8ffd355417a3979b80f5,115570049457484438554927230036850368245948372564812652765625917680160762684730
2026-04-28T13:25:05.307083+00:00,2026-04-28T13:35:58.486271+00:00,momentum,"XRP Up or Down - April 28, 9:25AM-9:30AM ET",DOWN,Down,2.0,0.54,,LOSS,NO,-2.0,Up,0x49777a5b2c9ae8080405b76ac861140ad6db955ec38b0e00d8efb6a8ac79a667,18872496196177041900693987251878647945072729377400804465600413677693460172154
2026-04-28T13:25:00.143675+00:00,2026-04-28T13:36:58.472328+00:00,momentum,"Bitcoin Up or Down - April 28, 9:25AM-9:30AM ET",UP,Up,2.0,0.515,,WIN,YES,1.883495145631068,Up,0xc2824f610214bf752e577b88ebc237ed68389e503cd005ea3c33d1c83bb86375,31846798816114163555288596877755845639348958305505475775349304683446836916605
2026-04-28T13:25:02.231677+00:00,2026-04-28T13:36:58.631867+00:00,momentum,"Solana Up or Down - April 28, 9:25AM-9:30AM ET",UP,Up,2.0,0.57,,WIN,YES,1.5087719298245617,Up,0xe5a8837f7674bffe4998f66f16cae5b7dcd134d5c166b5007701b8bf2a4cc8d2,18060127690889544182825568958067007698553622995040759757923169810786829447181
2026-04-28T13:30:00.759344+00:00,2026-04-28T13:42:02.363195+00:00,momentum,"Ethereum Up or Down - April 28, 9:30AM-9:35AM ET",UP,Up,2.0,0.52,,LOSS,NO,-2.0,Down,0xcdb2ec0040379042702b9cbbc822f74bd5e29995995b2bb33ecc6719cde56381,5321817393671076266835511908782348227152551629920035624986674213847778346758
2026-04-28T13:30:03.834183+00:00,2026-04-28T13:42:02.665685+00:00,momentum,"Bitcoin Up or Down - April 28, 9:30AM-9:35AM ET",DOWN,Down,2.0,0.56,,WIN,YES,1.5714285714285712,Down,0x7696a6a1565aa6813f3b1339a06462be83a4a376787049b603ae39058058284f,93475954533360150064361981950537641143523684518196491441500678612764363249001
2026-04-28T13:30:03.844868+00:00,2026-04-28T13:43:02.529511+00:00,momentum,"Solana Up or Down - April 28, 9:30AM-9:35AM ET",DOWN,Down,2.0,0.7,,WIN,YES,0.8571428571428572,Down,0xf29e0852a5bb777913549a624a3170f72343243f48a187cb628de3cea8e1acbe,11155801136523934733010924859279275448805655121367659385440284299233150922956
2026-04-28T13:30:03.858089+00:00,2026-04-28T13:43:02.566474+00:00,momentum,"XRP Up or Down - April 28, 9:30AM-9:35AM ET",DOWN,Down,4.0,0.7,,LOSS,NO,-4.0,Up,0x23879141543043dd1b17ca9f16eccbd6615b1b2f3c04cfbd23b2f11a4994978d,49434510756461359667268657122262236873257079678524059680810354642912783068273
2026-04-28T13:35:01.061952+00:00,2026-04-28T13:45:03.425039+00:00,momentum,"XRP Up or Down - April 28, 9:35AM-9:40AM ET",DOWN,Down,4.0,0.51,,LOSS,NO,-4.0,Up,0x4c6177822977ed4f7f6e6cefe9a83b1347e6f3662c6f3494f845b3b3639ba9d6,34931877563032361765187098820304952371676982564502895418650036994239195750460
2026-04-28T13:35:04.242459+00:00,2026-04-28T13:45:03.750330+00:00,momentum,"Bitcoin Up or Down - April 28, 9:35AM-9:40AM ET",UP,Up,2.0,0.52,,WIN,YES,1.8461538461538458,Up,0x7c337158169921e86941b94bbc78c6f054b7252dedeb570ab5f9ec68933225fc,31681724092983779845159134933793720759517111624420052403246187864475745863443
2026-04-28T13:35:07.348845+00:00,2026-04-28T13:45:03.799742+00:00,momentum,"Solana Up or Down - April 28, 9:35AM-9:40AM ET",DOWN,Down,2.0,0.51,,LOSS,NO,-2.0,Up,0x75b739352ea906a15a22b7a3c9dde9e8d615bdabd69bab8c533b58638c2662cd,27239714618544586862803338235383584836361220672255332823090923795370863136127
2026-04-28T13:35:01.074205+00:00,2026-04-28T13:46:03.776638+00:00,momentum,"Ethereum Up or Down - April 28, 9:35AM-9:40AM ET",UP,Up,4.0,0.52,,WIN,YES,3.6923076923076916,Up,0x1f161e9eab7029d7c8b79ace1899e3902e7a90915b05867f67ce51aa874dd7c7,29512086694021029417724153528922725101287167390890113369182445974413695899860
2026-04-28T13:40:02.613993+00:00,2026-04-28T13:51:06.454481+00:00,momentum,"Ethereum Up or Down - April 28, 9:40AM-9:45AM ET",DOWN,Down,2.0,0.51,,LOSS,NO,-2.0,Up,0xb7e5ec548be9350424b6fbec7140a7e5c04476dca1c8acc6359613e48d1dbd79,95364207595369701697150252534737963366306138906608291172585123458151431983926
2026-04-28T13:40:02.640210+00:00,2026-04-28T13:51:06.619649+00:00,momentum,"Solana Up or Down - April 28, 9:40AM-9:45AM ET",DOWN,Down,4.0,0.55,,LOSS,NO,-4.0,Up,0x903d077fe0145e2d4a7db4bf1c7db1a519b943fa36e15a4b413b3bf4cd6000b4,67634789453823728465773523783442829371442225832011152434119840777516565561531
2026-04-28T13:40:02.658875+00:00,2026-04-28T13:51:06.803932+00:00,momentum,"Bitcoin Up or Down - April 28, 9:40AM-9:45AM ET",DOWN,Down,2.0,0.54,,WIN,YES,1.7037037037037033,Down,0x2a06b98b0667b734c8d91feb0cc9daf403b2ae3f9b0ab997bfee77c40f920836,62094572529225639101040783053860384076019687180901536982398759849490928895779
2026-04-28T13:40:02.627648+00:00,2026-04-28T13:52:06.871086+00:00,momentum,"XRP Up or Down - April 28, 9:40AM-9:45AM ET",DOWN,Down,8.0,0.61,,LOSS,NO,-8.0,Up,0x9d4096b78af275dd87f4f26c9f2b6cf0dfdafa7a5f6e31a87aa2915d17341a96,7914219319747731326323817973951910513699528732769151812629076693925445684937
2026-04-28T13:45:02.210969+00:00,2026-04-28T13:53:08.293881+00:00,momentum,"XRP Up or Down - April 28, 9:45AM-9:50AM ET",DOWN,Down,16.0,0.59,,WIN,YES,11.118644067796613,Down,0xe7b19198bd9978c31888fe96bf95a0d878bd92e2d98d1116668f251478d00fb4,52183012730994960453827592991775628543764600169691895967056495442385542376463
2026-04-28T13:45:02.227310+00:00,2026-04-28T13:54:08.380874+00:00,momentum,"Bitcoin Up or Down - April 28, 9:45AM-9:50AM ET",DOWN,Down,2.0,0.55,,LOSS,NO,-2.0,Up,0xaa0feddc4bfc1f9e38d006694a23a0b6fc5a7c67c89885bd189391f8849af3fd,101941659702844095570985357041878808537268427475917746269334386504940787003486
2026-04-28T13:45:01.088829+00:00,2026-04-28T13:55:09.059336+00:00,momentum,"Solana Up or Down - April 28, 9:45AM-9:50AM ET",DOWN,Down,4.0,0.515,,LOSS,NO,-4.0,Up,0x430025dd7ca442ba32b0db885d5c914ad1355691e839af9599410885fad6d342,36071707910377956637760834840844852285139540301437152079367857133778121313971
2026-04-28T13:45:02.240797+00:00,2026-04-28T13:55:09.092955+00:00,momentum,"Ethereum Up or Down - April 28, 9:45AM-9:50AM ET",DOWN,Down,4.0,0.58,,LOSS,NO,-4.0,Up,0xc3b1eda3b2e3c83e406f6fe47d47b9a83b51a4148eee41b1304ef411abd923a8,68407163929997422574767759605977348551600959305294489224039302632670662190211
2026-04-28T13:50:00.960036+00:00,2026-04-28T14:00:11.333953+00:00,momentum,"Ethereum Up or Down - April 28, 9:50AM-9:55AM ET",DOWN,Down,4.0,0.525,,WIN,YES,3.6190476190476186,Down,0xb91d82f808d51233e25ef49543ad5b225d6d213c77e98ab97b4867bec4d39e32,34404200601948887682767494894590716211382658646555771747013546597021378314365
2026-04-28T13:50:02.130791+00:00,2026-04-28T14:00:11.634155+00:00,momentum,"Bitcoin Up or Down - April 28, 9:50AM-9:55AM ET",DOWN,Down,4.0,0.52,,WIN,YES,3.6923076923076916,Down,0x6acbc6bb4ec1b403cd06c6072dcdb2da303b4c6b6c64bbdbf79a4b36e7453bd5,31427178237134250386083262401632986091342885724116596554346736161130992953329
2026-04-28T13:50:02.150910+00:00,2026-04-28T14:00:11.776474+00:00,momentum,"Solana Up or Down - April 28, 9:50AM-9:55AM ET",DOWN,Down,8.0,0.62,,WIN,YES,4.903225806451614,Down,0x8abd8351c709abf10f8c312dc1fac4d9daf81354b7e9c4890cf94f219ea74cf8,82786300553536781845024645425493098196823432622845337241774489077415465050076
2026-04-28T13:50:00.975379+00:00,2026-04-28T14:01:11.945257+00:00,momentum,"XRP Up or Down - April 28, 9:50AM-9:55AM ET",DOWN,Down,2.0,0.51,,WIN,YES,1.9215686274509802,Down,0x38863951682af852c8a82e91ce34f9b5f6ab3af9235ad3c47e36935aa5a2d8c3,77942843957325998989136918438319794183251097787902958551859579609059698555468
2026-04-28T13:55:00.404239+00:00,2026-04-28T14:06:14.256066+00:00,momentum,"Solana Up or Down - April 28, 9:55AM-10:00AM ET",DOWN,Down,2.0,0.51,,WIN,YES,1.9215686274509802,Down,0xd48eab0cb0269c78b317c5a92109cf50d5d6955560753a79a3d9d72f3aaab27c,87160087157662158822983186300859368432852700949816456423907226949610328660269
2026-04-28T13:55:00.416684+00:00,2026-04-28T14:06:14.288290+00:00,momentum,"Ethereum Up or Down - April 28, 9:55AM-10:00AM ET",DOWN,Down,2.0,0.525,,LOSS,NO,-2.0,Up,0xf1d18afe67742a1a1c8c60c54c5445f2ad84322c8d2d272f8a686a980512991f,58389444626376427642804420904552768129756393851770463579623199433782238724743
2026-04-28T13:55:01.533869+00:00,2026-04-28T14:07:14.545295+00:00,momentum,"Bitcoin Up or Down - April 28, 9:55AM-10:00AM ET",UP,Up,2.0,0.51,,WIN,YES,1.9215686274509802,Up,0x7bd0ef4d72b7a72e879dd515927aacc9c0027da8a6b11b03b0fa2c68cb2f289b,96123166018213614551762347408963451130755082333899523155466042078776110266841
2026-04-28T13:55:11.253648+00:00,2026-04-28T14:07:14.576891+00:00,momentum,"XRP Up or Down - April 28, 9:55AM-10:00AM ET",DOWN,Down,2.0,0.56,,LOSS,NO,-2.0,Up,0x4753bc129170424d9e34400b343a2a76a913cccc35f206e452989de924575218,19512171369303692656591964990845625328239387032879044637777328845899316407950
2026-04-28T14:00:00.335809+00:00,2026-04-28T14:09:15.230570+00:00,momentum,"Ethereum Up or Down - April 28, 10:00AM-10:05AM ET",UP,Up,4.0,0.515,,LOSS,NO,-4.0,Down,0x91d2d43e38775735a5214fc3653cbe81a3f801a874b5853eef90f4ff59eca566,91444869774997704719272532611350064790332932415221516010180433617222321247000
2026-04-28T14:00:00.356702+00:00,2026-04-28T14:09:15.266804+00:00,momentum,"XRP Up or Down - April 28, 10:00AM-10:05AM ET",UP,Up,4.0,0.52,,LOSS,NO,-4.0,Down,0xd00a6416528389679baf4cc2ff239a130c634577a06e998f55bc9efaf1b4266d,84561411223307331568137961208591209190351737297590514414278302992473456306616
2026-04-28T14:00:04.828995+00:00,2026-04-28T14:09:15.391808+00:00,momentum,"Bitcoin Up or Down - April 28, 10:00AM-10:05AM ET",DOWN,Down,2.0,0.56,,WIN,YES,1.5714285714285712,Down,0x2739a12dd6857ecbd343fdc1d9ed43d630139168ec2b6b4ebda2246f1732e68f,36545738953379453892115331548154955553606515740757145414835251630333888400109
2026-04-28T14:00:04.842415+00:00,2026-04-28T14:09:15.531408+00:00,momentum,"Solana Up or Down - April 28, 10:00AM-10:05AM ET",DOWN,Down,4.0,0.58,,WIN,YES,2.8965517241379315,Down,0xd68ac5caa3d335e3e663336999d9f29da4822ceca2781dc0114e233095aee702,25708018741913706025985774727910953694245873833372962214908637819767794550832
2026-04-28T14:05:00.897390+00:00,2026-04-28T14:14:17.342690+00:00,momentum,"Bitcoin Up or Down - April 28, 10:05AM-10:10AM ET",DOWN,Down,2.0,0.51,,LOSS,NO,-2.0,Up,0x540cc76134293d3a57e022b63b1af141de6929814c875348bbc6a0832e321027,16874281845607464736007920988192636669545129089359529734070127316656533371105
2026-04-28T14:05:04.009475+00:00,2026-04-28T14:15:18.689337+00:00,momentum,"Ethereum Up or Down - April 28, 10:05AM-10:10AM ET",UP,Up,2.0,0.54,,WIN,YES,1.7037037037037033,Up,0x827d99750212a324bbe8f52cd80c8a502e1c2cad5d6d18d067948ce31d32fc22,65720528514943966615347007017521959800542959672307888918860726654684060991112
2026-04-28T14:05:04.024181+00:00,2026-04-28T14:15:18.824966+00:00,momentum,"Solana Up or Down - April 28, 10:05AM-10:10AM ET",UP,Up,2.0,0.55,,WIN,YES,1.6363636363636362,Up,0x7c87b056489e0b3327e86c15f6196c9c26a1a57724ba54f34d30e5b0bfd5b069,38406370604493375353254587355031031350669782784971167799667714234015069354376
2026-04-28T14:05:04.038568+00:00,2026-04-28T14:16:18.711320+00:00,momentum,"XRP Up or Down - April 28, 10:05AM-10:10AM ET",UP,Up,8.0,0.56,,LOSS,NO,-8.0,Down,0x47a3d8ad0f3613b6e9a6f9e5634c8c948569ac44575bf1e8f5962a5af477496d,63938834008566276633322769074032704101705749813216376198328473503564946736525
2026-04-28T14:10:03.102938+00:00,2026-04-28T14:20:20.003571+00:00,momentum,"Solana Up or Down - April 28, 10:10AM-10:15AM ET",UP,Up,2.0,0.51,,WIN,YES,1.9215686274509802,Up,0x96c5891ad15ef985ef1e7fba8c911ef1c0d61e07ce8a984ec01921632165d551,45255248498911959133805250236224157619157321602955302092347498701813640306697
2026-04-28T14:10:09.337760+00:00,2026-04-28T14:20:20.211942+00:00,momentum,"XRP Up or Down - April 28, 10:10AM-10:15AM ET",DOWN,Down,8.0,0.67,,WIN,YES,3.9402985074626855,Down,0x69ea94f87c238a8ca82c189c058b5d728487dc5b2d43f769fd25f39b71e30b20,102752983597407234384637202211750249237829752649926722609639835969195707660825
2026-04-28T14:10:03.085910+00:00,2026-04-28T14:22:21.051567+00:00,momentum,"Bitcoin Up or Down - April 28, 10:10AM-10:15AM ET",UP,Up,2.0,0.56,,LOSS,NO,-2.0,Down,0x557a5fc0bbd75e1dc196d6d046cd90f179def9c25b46cc60855c597c217091ef,81066058846425103808996073823161554855768657407338600510323682915034163849361
2026-04-28T14:10:12.460670+00:00,2026-04-28T14:22:21.088088+00:00,momentum,"Ethereum Up or Down - April 28, 10:10AM-10:15AM ET",UP,Up,2.0,0.6,,LOSS,NO,-2.0,Down,0x0d48a57e5d02308820af462f955e45c12366cf9273d51f3af9629537dbf627d2,67457475166286329365268109357088774676306020055358424978289138008377641907528
2026-04-28T14:15:00.081561+00:00,2026-04-28T14:26:23.421510+00:00,momentum,"Ethereum Up or Down - April 28, 10:15AM-10:20AM ET",UP,Up,4.0,0.515,,LOSS,NO,-4.0,Down,0xdcc5bcb4c8020a469b8b597c784ced8577ae3088b5ffd423f68f9684d9005b71,101781503845745022940027663778980690899491161018234196318334307832921614300631
2026-04-28T14:15:01.264448+00:00,2026-04-28T14:26:23.789305+00:00,momentum,"XRP Up or Down - April 28, 10:15AM-10:20AM ET",UP,Up,2.0,0.57,,WIN,YES,1.5087719298245617,Up,0x35259f988dc1523482b00f75fd9a792e958fdd74e9447362db602edf8acf13b5,35207440395239851638478251310205756941730825888666419482820208161870097896098
2026-04-28T14:15:01.241956+00:00,2026-04-28T14:27:23.690741+00:00,momentum,"Bitcoin Up or Down - April 28, 10:15AM-10:20AM ET",UP,Up,4.0,0.53,,LOSS,NO,-4.0,Down,0x2785bbe08341a3f1db32ee7852afa140440df5dfd4290ed395db655eeec31fce,42402156800638852166857102500149638325797593709304767328195270503789992861806
2026-04-28T14:15:00.099905+00:00,2026-04-28T14:28:24.855922+00:00,momentum,"Solana Up or Down - April 28, 10:15AM-10:20AM ET",UP,Up,2.0,0.515,,WIN,YES,1.883495145631068,Up,0x0b58238823317b2b3b24f415c509dece176cb15bf7b2520ebf84244fa8015bb7,32923589788592354650389762430696419783772501634453246882231023221955312197177
2026-04-28T14:20:03.914532+00:00,2026-04-28T14:29:25.285352+00:00,momentum,"Ethereum Up or Down - April 28, 10:20AM-10:25AM ET",UP,Up,8.0,0.53,,LOSS,NO,-8.0,Down,0x639a31a8b3a9df427c339eb3ffc16d3a80d96e65df95722c31dd3432f943048d,51610727886051708121299667718144415889357171328658191757438428528374412055813
2026-04-28T14:20:16.596228+00:00,2026-04-28T14:29:25.324653+00:00,momentum,"Solana Up or Down - April 28, 10:20AM-10:25AM ET",UP,Up,2.0,0.51,,LOSS,NO,-2.0,Down,0xe189c522f99f5c5104dccbcb90a98cc4411e1d515e43b23e9311f0ea58306e5f,30080695451474326362732417975114995686570294210200781612500568493197020442715
2026-04-28T14:20:00.431831+00:00,2026-04-28T14:30:25.311388+00:00,momentum,"Bitcoin Up or Down - April 28, 10:20AM-10:25AM ET",UP,Up,8.0,0.54,,LOSS,NO,-8.0,Down,0xf3eb9227564ea848dc5d95a577c06e11b67d3223046ff2decf53c63144d14908,111328953109615193025879202012176514679771044694803914179897611842498512594742
2026-04-28T14:20:00.453823+00:00,2026-04-28T14:30:25.391201+00:00,momentum,"XRP Up or Down - April 28, 10:20AM-10:25AM ET",UP,Up,2.0,0.53,,LOSS,NO,-2.0,Down,0x984543741b3da2713494f0b09ae074073b3a286c4c67c9388a5be7d54bffe156,28477775538514559807654807283323501428396443661975400108306266472665339581838
2026-04-28T14:25:01.692170+00:00,2026-04-28T14:35:28.002885+00:00,momentum,"Bitcoin Up or Down - April 28, 10:25AM-10:30AM ET",UP,Up,8.0,0.52,,LOSS,NO,-8.0,Down,0x3293905e663dd7c0de2215208c48cf1d176cc97517e4181f2f4301abf8e0141a,101237825237088301224583555479349157179893075951730208528811710917561558463705
2026-04-28T14:25:01.730432+00:00,2026-04-28T14:35:28.144596+00:00,momentum,"Solana Up or Down - April 28, 10:25AM-10:30AM ET",UP,Up,2.0,0.54,,LOSS,NO,-2.0,Down,0xf880c386738fc92b0df408be0e3e8944d841e6af25eaeac351c16d7537cbffd0,16709257003797338825850519447483941267496408748300809780213850836744438472790
2026-04-28T14:25:04.888710+00:00,2026-04-28T14:35:28.180181+00:00,momentum,"Ethereum Up or Down - April 28, 10:25AM-10:30AM ET",UP,Up,8.0,0.52,,LOSS,NO,-8.0,Down,0x94b948ffa1d0d4aefb795ecb5b1fead82cd3e60cc0acbaf00d7707a750f170dd,66634743484993028144670610288472142198806310173985366091350755280434957632730
2026-04-28T14:25:01.713123+00:00,2026-04-28T14:37:29.175615+00:00,momentum,"XRP Up or Down - April 28, 10:25AM-10:30AM ET",UP,Up,2.0,0.53,,WIN,YES,1.773584905660377,Up,0x532798b5474c89ed103214f60a6491e370eacd63da1df0aa2227605c17444e91,80358773119943327364352637973379744095540057446027015414368072616318531045762
2026-04-28T14:30:01.282660+00:00,2026-04-28T14:39:29.184169+00:00,momentum,"Ethereum Up or Down - April 28, 10:30AM-10:35AM ET",UP,Up,4.0,0.535,,LOSS,NO,-4.0,Down,0xf043e71fcf1e17eab3fd22c0bf0fc77ad5df3d372fa27e3e40b6b6ac467dcb9c,105812335857825116863227731911012066755340667341750047720004541871025852184398
2026-04-28T14:30:01.323686+00:00,2026-04-28T14:39:29.317429+00:00,momentum,"XRP Up or Down - April 28, 10:30AM-10:35AM ET",UP,Up,2.0,0.515,,LOSS,NO,-2.0,Down,0x4f4dc83df71232952ad23d9f4037d40152454d1011e80a363d2a63beaefff738,31986983030827203027176998080459834629574197677151640465897299073791358304375
2026-04-28T14:30:01.303128+00:00,2026-04-28T14:40:29.464991+00:00,momentum,"Bitcoin Up or Down - April 28, 10:30AM-10:35AM ET",UP,Up,2.0,0.535,,LOSS,NO,-2.0,Down,0x7e603efefc2c1a91b362b3ad0a1aa950e53bf145441fcce2ec27ae37f446c043,67187504138886253351036465360537827264407569055958504738886154568357565709949
2026-04-28T14:30:01.346011+00:00,2026-04-28T14:40:29.641449+00:00,momentum,"Solana Up or Down - April 28, 10:30AM-10:35AM ET",UP,Up,2.0,0.51,,WIN,YES,1.9215686274509802,Up,0xb467a72bd4a1bf03c813b75a0ee7fbf2e2fea0449f74675590aa02570338d37f,60652301331806280894457154605068566564646662208328214599409455419467732082534
2026-04-28T14:35:00.216420+00:00,2026-04-28T14:44:31.022707+00:00,momentum,"Ethereum Up or Down - April 28, 10:35AM-10:40AM ET",UP,Up,8.0,0.62,,LOSS,NO,-8.0,Down,0x7835f678f3ef4267b3cac969a249a7ed77f6882ac9c29fbfe1a7953283bc095c,33583621695804122778851724169293629340012989690589556645484273670954577221130
2026-04-28T14:35:03.291504+00:00,2026-04-28T14:45:31.536276+00:00,momentum,"Solana Up or Down - April 28, 10:35AM-10:40AM ET",UP,Up,2.0,0.52,,LOSS,NO,-2.0,Down,0xafbdf600acdaa19564c134556a3ba668be66084d560b12c55d7b928976845cd7,105812573688295613786432748616644482243004689222746474076613302744836431539749
2026-04-28T14:35:06.384296+00:00,2026-04-28T14:45:31.704273+00:00,momentum,"XRP Up or Down - April 28, 10:35AM-10:40AM ET",DOWN,Down,4.0,0.55,,WIN,YES,3.2727272727272725,Down,0x58c9f3c745a55de44b9bddb367053296f5e31ba823c0706693657686b6095c1e,107789183918735522221209606534518263867339124684118498425281498362884942810237
2026-04-28T14:35:00.200043+00:00,2026-04-28T14:46:31.943027+00:00,momentum,"Bitcoin Up or Down - April 28, 10:35AM-10:40AM ET",UP,Up,4.0,0.59,,LOSS,NO,-4.0,Down,0x6810ecd5f3109df29c10106c72752cec113c897909ada57143caca3f97fa63a4,37072853404585545323641754104976530026482734382354182167803082886364811229949
2026-04-28T14:40:00.951439+00:00,2026-04-28T14:51:33.455874+00:00,momentum,"Bitcoin Up or Down - April 28, 10:40AM-10:45AM ET",UP,Up,4.0,0.525,,WIN,YES,3.6190476190476186,Up,0x6ddc485d8faae7e8ae14c9a9209d08703d2544c53bd4de6ebe0b2e38b3e5c22b,33702310995680889761275081786779138243038427162791049443110347421053408881226
2026-04-28T14:40:02.105520+00:00,2026-04-28T14:51:33.591173+00:00,momentum,"Solana Up or Down - April 28, 10:40AM-10:45AM ET",UP,Up,2.0,0.51,,WIN,YES,1.9215686274509802,Up,0x2a07ce2677160ae16629818653161b785cef1416aafc73777659688f4e7c9fb9,29352451627392029085276068401273080475234177266775122240202883303479226260990
2026-04-28T14:40:05.245088+00:00,2026-04-28T14:51:33.619609+00:00,momentum,"XRP Up or Down - April 28, 10:40AM-10:45AM ET",DOWN,Down,2.0,0.55,,LOSS,NO,-2.0,Up,0x3ca0e00e7287bfbd8d96d1a4d4ec4b2845de14ac08f704389d518be64bd1813e,13160679382613267075386694571705860321113038361978896765792719014049525106322
2026-04-28T14:40:00.937778+00:00,2026-04-28T14:52:33.631663+00:00,momentum,"Ethereum Up or Down - April 28, 10:40AM-10:45AM ET",UP,Up,8.0,0.515,,WIN,YES,7.533980582524272,Up,0xc063e067f3ab84b9cb9abe58f0103df63e06eaf23ac9a19b20558ea93579cee8,81697244678602930194825070450404163253840562981408657994279188489677898729204
2026-04-28T14:45:00.960166+00:00,2026-04-28T14:53:34.526020+00:00,momentum,"Bitcoin Up or Down - April 28, 10:45AM-10:50AM ET",UP,Up,2.0,0.535,,LOSS,NO,-2.0,Down,0x1eb2c8cf7edbd477ad48e33920fd1e1db96e146658981af119148d862c957e41,12882912931536812958077506536936862798420984224152230426663717024965389104593
2026-04-28T14:45:00.974892+00:00,2026-04-28T14:54:34.841310+00:00,momentum,"Ethereum Up or Down - April 28, 10:45AM-10:50AM ET",UP,Up,2.0,0.52,,LOSS,NO,-2.0,Down,0xe54482ae3168f3881744bc953e97c295516f6a01502d9f9088501b6fc5b95209,103021354326413148931108351862365956494257397098821716036960449149227042678348
2026-04-28T14:45:00.988983+00:00,2026-04-28T14:54:34.879002+00:00,momentum,"XRP Up or Down - April 28, 10:45AM-10:50AM ET",UP,Up,4.0,0.535,,LOSS,NO,-4.0,Down,0xede36fe792e165f468eed9ce53f0bae0628f64ee0deb53f26a8dda4a89aed23d,54307194824986239714557785997027204233425924261835621756478960868412799851038
2026-04-28T14:45:02.070437+00:00,2026-04-28T14:54:34.911626+00:00,momentum,"Solana Up or Down - April 28, 10:45AM-10:50AM ET",UP,Up,2.0,0.51,,LOSS,NO,-2.0,Down,0xb3541c14faca836db9f581b2fc5f6d135b44b55ba73b1e77774e2c84bee009ce,31353887723047866722525762553093952532118581379296320337938370674753792013151
2026-04-28T14:50:00.659621+00:00,2026-04-28T15:00:37.936491+00:00,momentum,"XRP Up or Down - April 28, 10:50AM-10:55AM ET",UP,Up,8.0,0.51,,LOSS,NO,-8.0,Down,0xb3bfffdea01b76a1473efc369eb077630a47303f7d221922c23681515fca0f51,19189648820227457187748788825622575682966172389774927913241818513222724280552
2026-04-28T14:50:00.677064+00:00,2026-04-28T15:00:38.224188+00:00,momentum,"Bitcoin Up or Down - April 28, 10:50AM-10:55AM ET",UP,Up,4.0,0.52,,WIN,YES,3.6923076923076916,Up,0x75a12e8e6cd16adf2bee6a8fcbdb427a1f2a1c3582e55ce8815e51af18fbe952,95142894497487334578769190748732301885471675651606062109278012853118086891658
2026-04-28T14:50:00.690823+00:00,2026-04-28T15:00:38.586440+00:00,momentum,"Ethereum Up or Down - April 28, 10:50AM-10:55AM ET",UP,Up,4.0,0.51,,WIN,YES,3.8431372549019605,Up,0x492d98dceaa7ec83b7b4d8cb7aa8768d62c72bb719f353de1f085f078295a61f,4258885244341512372806768928433778746712089029698011293389497604343375619681
2026-04-28T14:50:03.765555+00:00,2026-04-28T15:00:38.743634+00:00,momentum,"Solana Up or Down - April 28, 10:50AM-10:55AM ET",UP,Up,4.0,0.51,,WIN,YES,3.8431372549019605,Up,0xc7d797ab1630a86d4468d968912a531532bdc0730b58f4fd43d2743b4465b24f,76621129392876154995718875939811446179938340658202346995198382181091493184739
2026-04-28T14:55:04.233498+00:00,2026-04-28T15:05:40.082602+00:00,momentum,"Ethereum Up or Down - April 28, 10:55AM-11:00AM ET",DOWN,Down,2.0,0.53,,LOSS,NO,-2.0,Up,0xec623b8658688b28f933b12920b646ba628d7fce03b465d11b809241c9886f07,61551203410344857742955311133331153873413648022938701737333244546198221057280
2026-04-28T14:55:01.102503+00:00,2026-04-28T15:06:40.502894+00:00,momentum,"Bitcoin Up or Down - April 28, 10:55AM-11:00AM ET",UP,Up,2.0,0.52,,WIN,YES,1.8461538461538458,Up,0x62b645da1389670b0cb0a660bbddbea5ce4aa8331993f9bbbfcbccdcad05a4f6,77995640059610463464398972380801188024624779905520137487380684165785456882310
2026-04-28T14:55:01.123303+00:00,2026-04-28T15:06:40.672315+00:00,momentum,"XRP Up or Down - April 28, 10:55AM-11:00AM ET",UP,Up,16.0,0.51,,WIN,YES,15.372549019607842,Up,0x259b2ce2c4e6c03abcb1bb442ff82aa8fb405172a8312aec64d29064dfdcf416,27196637555872711315075955092889755769061478157676920504271602392168765715591
2026-04-28T14:55:07.335959+00:00,2026-04-28T15:06:40.714438+00:00,momentum,"Solana Up or Down - April 28, 10:55AM-11:00AM ET",DOWN,Down,2.0,0.53,,LOSS,NO,-2.0,Up,0x857b133ee5f79c37deca0f32a6ee75a274928cb8b852b86fce72e5aa75f05829,80486746682923227117250889638136308179878975309429540983847161887297639449269
2026-04-28T15:00:00.518683+00:00,2026-04-28T15:09:41.179452+00:00,momentum,"XRP Up or Down - April 28, 11:00AM-11:05AM ET",UP,Up,32.0,0.51,,WIN,YES,30.745098039215684,Up,0x35a3109963c5be070eb64e9426fa797839658265a5c3d42f092801dabee30bdf,110891257862284160295725687772277886417213639072009776471772344273090471223247
2026-04-28T15:00:13.228424+00:00,2026-04-28T15:09:41.450422+00:00,momentum,"Solana Up or Down - April 28, 11:00AM-11:05AM ET",UP,Up,4.0,0.55,,WIN,YES,3.2727272727272725,Up,0xb1ae2c49d52a041c9702c47f0d463a43b062f3feb359fc29af814781bf4b2835,89752545092807814634598855122991383975376676486962755063008260309393021766128
2026-04-28T15:00:00.503169+00:00,2026-04-28T15:10:41.604104+00:00,momentum,"Bitcoin Up or Down - April 28, 11:00AM-11:05AM ET",UP,Up,2.0,0.53,,WIN,YES,1.773584905660377,Up,0x4e6578c111ba8b5dd7c6fa8379b669b2799325479feea4c41cddb18238004728,40425037993449440501867116908719154288863961099611396540460228914976319478053
2026-04-28T15:00:03.941004+00:00,2026-04-28T15:13:43.480331+00:00,momentum,"Ethereum Up or Down - April 28, 11:00AM-11:05AM ET",UP,Up,4.0,0.53,,WIN,YES,3.547169811320754,Up,0x49d03846382782ae2257e3a3ce4b3fa38e003f1c3a25a4615426ff4746fe3fc5,37794378815197566020569984398017125801617761410027915273107302092504992647708
2026-04-28T15:05:01.007030+00:00,2026-04-28T15:14:44.256996+00:00,momentum,"XRP Up or Down - April 28, 11:05AM-11:10AM ET",UP,Up,2.0,0.51,,WIN,YES,1.9215686274509802,Up,0xc4736eb28ae0817dca02ac66ee3f5530ec3e8bd6394ef3f724768965c9fe4887,111538482927362861318657576426637605380270448306462307443187994359486076765509
2026-04-28T15:05:10.361550+00:00,2026-04-28T15:14:44.301822+00:00,momentum,"Solana Up or Down - April 28, 11:05AM-11:10AM ET",UP,Up,8.0,0.51,,LOSS,NO,-8.0,Down,0x9bc650bb23fc35731740fe35371384dfed848fe6a8d313b761bf5ec03ca1f60d,15544071872468148444423506661407546815494128406563411969912030133925207909565
2026-04-28T15:05:00.914259+00:00,2026-04-28T15:15:44.962804+00:00,momentum,"Bitcoin Up or Down - April 28, 11:05AM-11:10AM ET",DOWN,Down,2.0,0.52,,WIN,YES,1.8461538461538458,Down,0x698ef7aa90480377d68ff5d085f1422c55318d0829c170a16f08763a9be106cf,26548722724381687110844338065257212627367940918817541957758765219498817789376
2026-04-28T15:05:00.928463+00:00,2026-04-28T15:15:45.096221+00:00,momentum,"Ethereum Up or Down - April 28, 11:05AM-11:10AM ET",DOWN,Down,2.0,0.52,,WIN,YES,1.8461538461538458,Down,0xfb1905f4fa7d70b023fd6b3babeb969fcd55c2b4a2ad339478f6f720410df9c5,82818983089216502397836870769730865746743628714100600089253803231465224364550
2026-04-28T15:10:00.395571+00:00,2026-04-28T15:20:47.836574+00:00,momentum,"Bitcoin Up or Down - April 28, 11:10AM-11:15AM ET",DOWN,Down,2.0,0.515,,WIN,YES,1.883495145631068,Down,0xbfcf259ee2ab6a78c33b8ca7d62da87c100edb80222b1602369076740bd9c6d1,102200759175702315653349727130743187562254799731053444817004215857368328511166
2026-04-28T15:10:00.355366+00:00,2026-04-28T15:21:47.358387+00:00,momentum,"Ethereum Up or Down - April 28, 11:10AM-11:15AM ET",DOWN,Down,2.0,0.515,,LOSS,NO,-2.0,Up,0x3ee10c09bbab80e8d6cb1b960d3e2aef099537fd7dfdb60b200727166134fd48,43259718209541165107136851884681149176954521716880036148884574710231915162271
2026-04-28T15:10:00.376739+00:00,2026-04-28T15:21:47.392701+00:00,momentum,"XRP Up or Down - April 28, 11:10AM-11:15AM ET",UP,Up,2.0,0.515,,LOSS,NO,-2.0,Down,0xdb9014d3a6a6ca9ba942af9fdc43383a1a7b2315bec7afec4523cec0b343708b,33424029043554570953525556735586389771783641462749094185625528508773481978675
2026-04-28T15:10:08.881082+00:00,2026-04-28T15:21:47.429895+00:00,momentum,"Solana Up or Down - April 28, 11:10AM-11:15AM ET",UP,Up,16.0,0.55,,LOSS,NO,-16.0,Down,0x66dd47bc66672364b1fa8b82ed36d4ac9e46d20a05a41fafdd033c7c1bd1678b,24304088538225791138580151902914615761157338237379686903263046448517499666340
2026-04-28T15:15:03.269579+00:00,2026-04-28T15:23:48.751224+00:00,momentum,"Solana Up or Down - April 28, 11:15AM-11:20AM ET",DOWN,Down,32.0,0.51,,LOSS,NO,-32.0,Up,0x8613c4186ac2db097b0d93eb5bb5cb0a0c89164c07dcacd12fda643738955a8f,1364388478100128624964839768073883085187813323989446020681463005021413165142
2026-04-28T15:15:06.364630+00:00,2026-04-28T15:23:48.901706+00:00,momentum,"Bitcoin Up or Down - April 28, 11:15AM-11:20AM ET",DOWN,Down,2.0,0.51,,LOSS,NO,-2.0,Up,0xe6a2d144c204410cd62605e6a6c2f558c0a7a9e42b9ada540aae23e0c893ef00,99591177649315809230994741506232154765808419557233838801737149719084482552993
2026-04-28T15:15:01.028023+00:00,2026-04-28T15:24:48.726882+00:00,momentum,"Ethereum Up or Down - April 28, 11:15AM-11:20AM ET",DOWN,Down,4.0,0.515,,LOSS,NO,-4.0,Up,0xc28dc7204dec77c04906f07ad10fa202c050cdf7e1128c4b8eb812c0c51a7b95,20938669038591380749536017424645034140631260909453852413286048786802222396283
2026-04-28T15:15:03.286213+00:00,2026-04-28T15:24:48.926191+00:00,momentum,"XRP Up or Down - April 28, 11:15AM-11:20AM ET",DOWN,Down,4.0,0.51,,WIN,YES,3.8431372549019605,Down,0xa297e7da5773ae0519d8b88e209396ae28c23867eb0382b46c157a1999ff79d0,92172029037903277213207309462955153415554182349166255854647803337971067414505
2026-04-28T15:20:02.998926+00:00,2026-04-28T15:29:51.896500+00:00,momentum,"Ethereum Up or Down - April 28, 11:20AM-11:25AM ET",UP,Up,8.0,0.6,,WIN,YES,5.333333333333334,Up,0x2be72cf8985f993fb6f1b2f096c0f93e2d09f126e656ffe00857ad0cc8ce831a,34795557989136150083698279458763325852951061191615130297208084555260314349398
2026-04-28T15:20:09.217287+00:00,2026-04-28T15:29:52.050383+00:00,momentum,"Solana Up or Down - April 28, 11:20AM-11:25AM ET",UP,Up,32.0,0.54,,WIN,YES,27.259259259259252,Up,0xe442371841543b2a9be6c355df8c507fec3fd89de79b304a31195d5fdab00ed5,94412690749574113734845097174071706680719425440546089512786084271234104185818
2026-04-28T15:20:09.234370+00:00,2026-04-28T15:29:52.211432+00:00,momentum,"XRP Up or Down - April 28, 11:20AM-11:25AM ET",UP,Up,2.0,0.54,,WIN,YES,1.7037037037037033,Up,0x870cf937df1c7095e69e54f3f1d92148a67c7095a1d0aed2877fa1905077c83c,88436302729595696793734933055963317616047275360717382138897586457382108543911
2026-04-28T15:20:02.971930+00:00,2026-04-28T15:30:51.840125+00:00,momentum,"Bitcoin Up or Down - April 28, 11:20AM-11:25AM ET",UP,Up,2.0,0.58,,WIN,YES,1.4482758620689657,Up,0x5ac4dd61238f638681eb49e683c5fe733f7872e4522a078cc65aee1ff3f0bbff,24533031788634780146805328202314854764854795237256779483637895872244760511932
2026-04-28T15:25:14.910343+00:00,2026-04-28T15:35:55.255706+00:00,momentum,"XRP Up or Down - April 28, 11:25AM-11:30AM ET",DOWN,Down,2.0,0.51,,WIN,YES,1.9215686274509802,Down,0x464e2a5a4cdd42dd5d8b4480fee0206727146e6e36ddfb8e0f2f45e41ad1680b,41459566402011543983920771881583299506948589589777355284750976925980694785574
2026-04-28T15:25:00.541689+00:00,2026-04-28T15:36:55.051466+00:00,momentum,"Bitcoin Up or Down - April 28, 11:25AM-11:30AM ET",UP,Up,2.0,0.53,,LOSS,NO,-2.0,Down,0x2df89457be4c64edf483a67be8f45fb362c945c6e21c14b88ef8588ec7621725,10933780484990618771630381101767979076138509553820283724126703191918751258292
2026-04-28T15:25:02.623940+00:00,2026-04-28T15:36:55.422775+00:00,momentum,"Ethereum Up or Down - April 28, 11:25AM-11:30AM ET",DOWN,Down,2.0,0.57,,WIN,YES,1.5087719298245617,Down,0x3c61f73f7c4974831aa5e50902c94959499a195e8265d83fb41f5fce23f766da,76882862775481882406691621665803915937619513162228552604571851150038493077361
2026-04-28T15:25:27.160620+00:00,2026-04-28T15:36:55.492036+00:00,momentum,"Solana Up or Down - April 28, 11:25AM-11:30AM ET",UP,Up,2.0,0.54,,LOSS,NO,-2.0,Down,0x5da4ec1e3f11a0097029380c1c1c3ed3cf44ece02ad336e1cfbbf8a9cd529adb,9509724736287529339879040781238292717788502176874420809912905458396867697040
2026-04-28T15:30:00.715583+00:00,2026-04-28T15:41:57.713342+00:00,momentum,"Ethereum Up or Down - April 28, 11:30AM-11:35AM ET",DOWN,Down,2.0,0.515,,WIN,YES,1.883495145631068,Down,0x12003792c56e3229a2deb52c32a38c780f1ede507a43b954d0fd86508cfb1494,61124685111469098961426490844432711298156898496365374194153895518636933780558
2026-04-28T15:30:09.093150+00:00,2026-04-28T15:41:58.066340+00:00,momentum,"Bitcoin Up or Down - April 28, 11:30AM-11:35AM ET",DOWN,Down,4.0,0.55,,WIN,YES,3.2727272727272725,Down,0x6523fb89e17772b3c2c315c32b8f4a2b169b6e4ad736601ef7eaea68bee2b6ad,65885137920055742067983249767039646131803834948879438615133407525821709337168
2026-04-28T15:30:02.936782+00:00,2026-04-28T15:42:57.792963+00:00,momentum,"XRP Up or Down - April 28, 11:30AM-11:35AM ET",DOWN,Down,2.0,0.51,,WIN,YES,1.9215686274509802,Down,0x46374d53e5a6cabb1c4653bbea8dbab95b251ceef125d221ff8a694dddfa3b45,10457539955679705918456725841759619816858846378863296680365651022673664280445
2026-04-28T15:30:09.078518+00:00,2026-04-28T15:42:57.938878+00:00,momentum,"Solana Up or Down - April 28, 11:30AM-11:35AM ET",DOWN,Down,4.0,0.55,,WIN,YES,3.2727272727272725,Down,0x0629a0655998515e904be134ee9813c27921b86ae8d1fd1b9a8277d091c10da4,10656268529235271099391175459248377686896158252832061810141982202721091428544
2026-04-28T15:35:02.863935+00:00,2026-04-28T15:44:59.230239+00:00,momentum,"XRP Up or Down - April 28, 11:35AM-11:40AM ET",DOWN,Down,2.0,0.56,,LOSS,NO,-2.0,Up,0xfff87a819c76f9fdac941821bbe15c76704e4ca137b0ad2732cf89b2da0bcc4d,8400861743046465799297372970881574233557611374273437325883398599909777571928
2026-04-28T15:35:00.712090+00:00,2026-04-28T15:45:59.752215+00:00,momentum,"Ethereum Up or Down - April 28, 11:35AM-11:40AM ET",DOWN,Down,2.0,0.515,,LOSS,NO,-2.0,Up,0x7d9cf47850741f49c8dacbeeb723d069e64b4e3c834b9c4cdb004f4384995777,55348005835246289391719057943255646802395963005227904641055538041787524230136
2026-04-28T15:35:02.842147+00:00,2026-04-28T15:45:59.790036+00:00,momentum,"Bitcoin Up or Down - April 28, 11:35AM-11:40AM ET",DOWN,Down,2.0,0.54,,LOSS,NO,-2.0,Up,0x6a22205484f2cbe39bcb2f350b8daf45d8c32afc4488216e8ea89351f0ca7af4,97386948412582596093560845198493280566923803048695965801165127559385840494944
2026-04-28T15:35:15.339180+00:00,2026-04-28T15:45:59.933528+00:00,momentum,"Solana Up or Down - April 28, 11:35AM-11:40AM ET",UP,Up,2.0,0.52,,WIN,YES,1.8461538461538458,Up,0xaaba301fede053a872cda5c5a78f25eecc84a6c364fecd330d1e276bd05f3b51,49057006783035348468622527784872290659287877720723911683554401881415796345047
2026-04-28T15:40:00.401288+00:00,2026-04-28T15:51:02.180956+00:00,momentum,"XRP Up or Down - April 28, 11:40AM-11:45AM ET",UP,Up,4.0,0.52,,LOSS,NO,-4.0,Down,0xa6e09a0a779cebce7a5a343809fc25a04b765bcfd7e4f12a45f12e90349ef6ba,73284789097519080488230145481724174893305579273194517340729370892374875148471
2026-04-28T15:40:16.784174+00:00,2026-04-28T15:51:02.324180+00:00,momentum,"Ethereum Up or Down - April 28, 11:40AM-11:45AM ET",UP,Up,4.0,0.51,,LOSS,NO,-4.0,Down,0x2ee1552567186695cfa6dee350d94e6daf0ebcb07f576735c59453d86afe5541,22039124353877977015991002443971117138945843919990710740640437971001676392481
2026-04-28T15:40:16.800148+00:00,2026-04-28T15:51:02.371823+00:00,momentum,"Solana Up or Down - April 28, 11:40AM-11:45AM ET",UP,Up,2.0,0.51,,LOSS,NO,-2.0,Down,0xa461c65b5b8d0997130791719cd5ce9babce153a634921cc70a9f7b9a39a7bd4,38130815834383215745944993001126808240960980203001659488956952564177353829029
2026-04-28T15:40:01.481017+00:00,2026-04-28T15:52:02.660189+00:00,momentum,"Bitcoin Up or Down - April 28, 11:40AM-11:45AM ET",DOWN,Down,4.0,0.52,,WIN,YES,3.6923076923076916,Down,0xf9fa5923b47c63bf22fee7096e7b620252fe8c99f6e3c61d67ea3723ee77006f,94390462944181470139355382887577899340126352499407845545508295780391636896796
2026-04-28T15:45:01.973389+00:00,2026-04-28T15:57:04.670728+00:00,momentum,"Ethereum Up or Down - April 28, 11:45AM-11:50AM ET",DOWN,Down,4.0,0.51,,LOSS,NO,-4.0,Up,0x6ecbf51e28b307e6d015014d7c97eb2f7d7e7f2f9e8802fd83c037aaa2106ad5,24552820218968740261042529997801962494311197870483669100791502965344942455013
2026-04-28T15:45:08.209706+00:00,2026-04-28T15:57:04.813536+00:00,momentum,"Bitcoin Up or Down - April 28, 11:45AM-11:50AM ET",DOWN,Down,2.0,0.53,,WIN,YES,1.773584905660377,Down,0x4ddb98746dade613db4b99fab19e5af370f75d928b1be5a9b00012352520c3a2,26397804749943136754316330462021020878477677292979526280236936055561892120377
2026-04-28T15:45:17.737121+00:00,2026-04-28T15:57:04.848137+00:00,momentum,"Solana Up or Down - April 28, 11:45AM-11:50AM ET",DOWN,Down,2.0,0.54,,LOSS,NO,-2.0,Up,0x8fb93067305470516614d416ee9c67ee483a2d9b8cc452b3d5b42b7be2a12a22,32878170745926983165533774671145233753312666358194488394298648221385657322339
2026-04-28T15:45:17.752862+00:00,2026-04-28T15:57:04.882376+00:00,momentum,"XRP Up or Down - April 28, 11:45AM-11:50AM ET",DOWN,Down,4.0,0.56,,LOSS,NO,-4.0,Up,0x7a48322fd7bf0b715964bad328e91fff6c012c4006ba4b9ebefc80e98b29d1be,108513988640011818328853089557017082285530949794283254996227234149153962209051
2026-04-28T15:50:00.702147+00:00,2026-04-28T16:00:06.652586+00:00,momentum,"XRP Up or Down - April 28, 11:50AM-11:55AM ET",UP,Up,8.0,0.515,,WIN,YES,7.533980582524272,Up,0xb2248be23bc491f0b071d26ba0d15fae3f17f95fceb5230f7c9e6fbf6c8211a1,100297589441712052517197632258134105859759790760660979187268654698330508530740
2026-04-28T15:50:01.790724+00:00,2026-04-28T16:00:06.859973+00:00,momentum,"Bitcoin Up or Down - April 28, 11:50AM-11:55AM ET",UP,Up,4.0,0.54,,WIN,YES,3.4074074074074066,Up,0xc56b6850553e4a1c26199837f1c90368e6e12c814c571c7ae6da5fd98ee506e7,55011604686155141911209920012636204028718295743965921324958952745585942866715
2026-04-28T15:50:05.293588+00:00,2026-04-28T16:00:07.158156+00:00,momentum,"Ethereum Up or Down - April 28, 11:50AM-11:55AM ET",UP,Up,8.0,0.54,,WIN,YES,6.814814814814813,Up,0x977aabd040b7cdfbf371c54c0b61c3980021216e05338122d793031ffec264dd,51573808053450171515386143568970692447426950873984617988748457275588974105170
2026-04-28T15:50:01.811199+00:00,2026-04-28T16:01:07.259736+00:00,momentum,"Solana Up or Down - April 28, 11:50AM-11:55AM ET",UP,Up,4.0,0.51,,WIN,YES,3.8431372549019605,Up,0xd772b9c0b5053bbd75cf48a1ba64e9bc0c184acb7ec61d26a0bcd8036c15d0e5,57023704654993692949544749265467997828420976772449743926326032107587448147044
2026-04-28T15:55:01.508747+00:00,2026-04-28T16:05:09.011359+00:00,momentum,"Bitcoin Up or Down - April 28, 11:55AM-12:00PM ET",DOWN,Down,2.0,0.51,,WIN,YES,1.9215686274509802,Down,0x7df545dabe5175999d68e6441bb59991ff1dedc6778751e3522cdb75a3940bca,3510099412668964103442024740357954249217767904823822893647874293282588251790
2026-04-28T15:55:01.529143+00:00,2026-04-28T16:06:09.237051+00:00,momentum,"Ethereum Up or Down - April 28, 11:55AM-12:00PM ET",DOWN,Down,2.0,0.55,,WIN,YES,1.6363636363636362,Down,0xfae7a8e16d691332898ebd0de31fd451a55d2978768777a82ae7955de1f2224f,19613465294047440474141873089832550530408976096642158860781745543954532994707
2026-04-28T15:55:01.554291+00:00,2026-04-28T16:06:09.379669+00:00,momentum,"Solana Up or Down - April 28, 11:55AM-12:00PM ET",DOWN,Down,2.0,0.52,,WIN,YES,1.8461538461538458,Down,0xf2f76ddbca2a66a79ef3405b7081d3b4db767c9c5fc9b67e14adf8d80f3d960b,10658128428022622545580323015687741205336876601075349671834475442056336319233
2026-04-28T15:55:00.412716+00:00,2026-04-28T16:07:10.070261+00:00,momentum,"XRP Up or Down - April 28, 11:55AM-12:00PM ET",DOWN,Down,2.0,0.51,,WIN,YES,1.9215686274509802,Down,0xd01fa6641f40b4571fe7a2b272e93181dfd5886834a1472b10e7cda4bcf6cf44,8998140286920538750556792893141766899499107854775373955234076125278019166775
2026-04-28T16:00:00.942810+00:00,2026-04-28T16:09:11.501289+00:00,momentum,"Bitcoin Up or Down - April 28, 12:00PM-12:05PM ET",UP,Up,2.0,0.55,,WIN,YES,1.6363636363636362,Up,0xf99480a41fba9f00306b2bd9fd91619259c3ba9a9135b5cbb0317af58647578d,103995668045361989086366578892932683276667499649424212299308648166224346352396
2026-04-28T16:00:01.960444+00:00,2026-04-28T16:09:11.647913+00:00,momentum,"Ethereum Up or Down - April 28, 12:00PM-12:05PM ET",DOWN,Down,2.0,0.52,,WIN,YES,1.8461538461538458,Down,0xae2c019c97669ca4447dfc2c0ea592a7a679174d43c4983076fbc6838521416f,78288711146450367953471221610406831689748891007057713546961277276570809353936
2026-04-28T16:00:01.982605+00:00,2026-04-28T16:10:11.576517+00:00,momentum,"XRP Up or Down - April 28, 12:00PM-12:05PM ET",DOWN,Down,2.0,0.51,,LOSS,NO,-2.0,Up,0x7260da6d31b99dbdf2e81a657bb0325ad1c7e00a2a2a45186b1669f5925652d5,50068634950453218016885725803828574406193326471283467040257019916163800940554
2026-04-28T16:00:02.005580+00:00,2026-04-28T16:11:12.266448+00:00,momentum,"Solana Up or Down - April 28, 12:00PM-12:05PM ET",UP,Up,2.0,0.99,,WIN,YES,0.020202020202020332,Up,0x30dd194a8b25575172495c1ad98782812866eab31d0e261d0fb102301fc1f08f,102576904702092609923552894042178135463680863360150555156507653766781853589608
2026-04-28T16:05:00.268894+00:00,2026-04-28T16:15:14.205110+00:00,momentum,"XRP Up or Down - April 28, 12:05PM-12:10PM ET",DOWN,Down,4.0,0.51,,WIN,YES,3.8431372549019605,Down,0xaae282f52998ae0596d2b1a9dc1dccbf9f08218f23e89414b2ae5e3c736e5f60,21254396965360239943397575857134975083833531444379577322270113378200595167474
2026-04-28T16:05:07.605439+00:00,2026-04-28T16:15:14.348109+00:00,momentum,"Bitcoin Up or Down - April 28, 12:05PM-12:10PM ET",DOWN,Down,2.0,0.52,,WIN,YES,1.8461538461538458,Down,0xe2f6925fdca33bd16adf69e664b14233f6ca7576eca7014c5770c98f020f9c88,15074556799264470166195531934790384006223573397295325276588598195994385456898
2026-04-28T16:05:07.623258+00:00,2026-04-28T16:15:14.493649+00:00,momentum,"Solana Up or Down - April 28, 12:05PM-12:10PM ET",DOWN,Down,2.0,0.55,,WIN,YES,1.6363636363636362,Down,0x92f4213137f45d8b26047512a9d099f2e5cfe4bbfdd4f7b2d6928a6af270e074,3794028530498169662185030741260744243671180709725209406294078310708764046486
2026-04-28T16:05:00.246042+00:00,2026-04-28T16:16:14.188083+00:00,momentum,"Ethereum Up or Down - April 28, 12:05PM-12:10PM ET",DOWN,Down,2.0,0.515,,WIN,YES,1.883495145631068,Down,0xbc3703bc0dfd8fd9933a4c6ff9d7125c9a054ede4e5ea796f296207304c689b6,3787851152656711427662945954039266052858945933541159204489163461260583406188
2026-04-28T16:10:00.991850+00:00,2026-04-28T16:21:18.010370+00:00,momentum,"Ethereum Up or Down - April 28, 12:10PM-12:15PM ET",DOWN,Down,2.0,0.52,,WIN,YES,1.8461538461538458,Down,0x17483a5ed1cadbba39e94b0efab2f61c7db7f07eb2ff77b67a2aaeef5c1b05b3,53693806068277552990502336756881427076718065194710257820924251293988762728441
2026-04-28T16:10:01.040004+00:00,2026-04-28T16:21:18.141378+00:00,momentum,"Solana Up or Down - April 28, 12:10PM-12:15PM ET",DOWN,Down,2.0,0.515,,LOSS,NO,-2.0,Up,0xe99bfd565033cfb333fd36cd9769b703e022bffc4e241716b0b01eeae7dadba7,109680796505744567808869186424638274724807009438066261898614196052551268929
2026-04-28T16:10:06.353841+00:00,2026-04-28T16:21:18.173543+00:00,momentum,"Bitcoin Up or Down - April 28, 12:10PM-12:15PM ET",DOWN,Down,2.0,0.51,,LOSS,NO,-2.0,Up,0x59c28e870096f125b16079718293167b8a259a749134da67a35b648eb916fa8f,62078527974117474020518752236426884121355789446894322294964254990875972766178
2026-04-28T16:10:01.009221+00:00,2026-04-28T16:22:17.950002+00:00,momentum,"XRP Up or Down - April 28, 12:10PM-12:15PM ET",DOWN,Down,2.0,0.51,,LOSS,NO,-2.0,Up,0x64691de295213333942eed8002b5b217be66dd5c542056faa6793a14c3ff3f8b,47429516666650763467865346561894720648872546564732522852271785226418048581958
2026-04-28T16:15:05.312957+00:00,2026-04-28T16:23:19.064563+00:00,momentum,"Ethereum Up or Down - April 28, 12:15PM-12:20PM ET",UP,Up,2.0,0.54,,LOSS,NO,-2.0,Down,0x304045d2f56caace4fff53d0c35f5a17e3c6b424a3f0f5be9c4e9789b8a93203,95441688608533930592198868594174818786766188737792341241657115063127340361726
2026-04-28T16:15:01.949588+00:00,2026-04-28T16:24:19.621387+00:00,momentum,"Solana Up or Down - April 28, 12:15PM-12:20PM ET",DOWN,Down,4.0,0.51,,WIN,YES,3.8431372549019605,Down,0xf9aef11428d6c6ba64570ab67694d47dfe7529fa7c3c7a0d3c6ba0053aea3a93,9859934912507334112089915504880254979591936847349332713293291009169199812783
2026-04-28T16:15:02.101868+00:00,2026-04-28T16:24:19.798339+00:00,momentum,"Bitcoin Up or Down - April 28, 12:15PM-12:20PM ET",DOWN,Down,2.0,0.52,,WIN,YES,1.8461538461538458,Down,0xf3c90d5d9013172ead1ec0b8d84598ac23c82fc28c0fb0cb90f29e8dd53744b4,86351685970245557722260896035834504974993240231037998439027567311852452636991
2026-04-28T16:15:16.367152+00:00,2026-04-28T16:24:19.939368+00:00,momentum,"XRP Up or Down - April 28, 12:15PM-12:20PM ET",DOWN,Down,4.0,0.55,,WIN,YES,3.2727272727272725,Down,0xafecb66dd80ded93df717e6b5081b05a2aed363b562fdfc227039aa12a9e82aa,107852509779733926460188812512704338376498358295927963997627448548384613222354
2026-04-28T16:20:09.396541+00:00,2026-04-28T16:29:22.584201+00:00,momentum,"Ethereum Up or Down - April 28, 12:20PM-12:25PM ET",UP,Up,4.0,0.58,,WIN,YES,2.8965517241379315,Up,0xc25b775f18ab31c0babe8e49020fe90d003ec6b36ae532ed149bf29058101e62,34301634151526140753291749167659506879853767962507397701732204660525982838119
2026-04-28T16:20:02.996025+00:00,2026-04-28T16:30:22.651665+00:00,momentum,"Bitcoin Up or Down - April 28, 12:20PM-12:25PM ET",UP,Up,2.0,0.51,,LOSS,NO,-2.0,Down,0x0ae25b3474f53bd42344037f509e64463b35d01bcb094fe4afb8d19c23e216e8,91930775600826593072979072979744880007550368324655792409328429471410421699832
2026-04-28T16:20:00.907430+00:00,2026-04-28T16:31:23.002994+00:00,momentum,"Solana Up or Down - April 28, 12:20PM-12:25PM ET",DOWN,Down,2.0,0.515,,LOSS,NO,-2.0,Up,0x356eac083bd140468db2ff2b9503a3d603a043f9a82f529a2db10156657f6af8,59696051899961557641648921445139665771820786855136582559444154699268418946979
2026-04-28T16:20:03.014366+00:00,2026-04-28T16:31:23.152485+00:00,momentum,"XRP Up or Down - April 28, 12:20PM-12:25PM ET",UP,Up,2.0,0.51,,WIN,YES,1.9215686274509802,Up,0xefbcb74ed0ea83322b05a07acb7ff24b16cd8f52e1b47382908943d1938abdf6,60993633536404126108963035008600973838943024827003527993916836102259887639772
2026-04-28T16:25:00.964930+00:00,2026-04-28T16:36:26.288793+00:00,momentum,"Ethereum Up or Down - April 28, 12:25PM-12:30PM ET",UP,Up,2.0,0.515,,LOSS,NO,-2.0,Down,0x691cfdf1862cf22fb66af106137919473cc5ce40809fcb774ed96ade1485c8d2,33322004269646927788043155606831255730208158604533726594109430016226712290905
2026-04-28T16:25:03.067110+00:00,2026-04-28T16:36:26.598068+00:00,momentum,"Solana Up or Down - April 28, 12:25PM-12:30PM ET",DOWN,Down,4.0,0.51,,WIN,YES,3.8431372549019605,Down,0xff4158fbb6f54c09a9f0b71e802df04fe64ba1acbbad1c6bb4da42d55fdd5363,98235374023666766212965377321872626976210041105188585004422302205734843785773
2026-04-28T16:25:00.949498+00:00,2026-04-28T16:37:26.465636+00:00,momentum,"XRP Up or Down - April 28, 12:25PM-12:30PM ET",DOWN,Down,2.0,0.51,,WIN,YES,1.9215686274509802,Down,0x49dbcff7a5ce0242f657702b84fc6d576fb514e415bdb09cc81225e0917b26fb,55423938909080682717777204109367723917950231622093196303122074001183918291950
2026-04-28T16:25:03.045653+00:00,2026-04-28T16:37:26.829057+00:00,momentum,"Bitcoin Up or Down - April 28, 12:25PM-12:30PM ET",DOWN,Down,4.0,0.51,,WIN,YES,3.8431372549019605,Down,0x27e779f1c7fc02a74325f13efc8dcd2f86bb20989aaf3685dc46627c73f41210,80748990410807533501404116112402994676505642577750853194916555467039279717138
2026-04-28T16:30:00.311465+00:00,2026-04-28T16:38:27.421495+00:00,momentum,"Ethereum Up or Down - April 28, 12:30PM-12:35PM ET",DOWN,Down,4.0,0.515,,WIN,YES,3.766990291262136,Down,0xf6dc86415c5e9d7a07bac7bcf945f777f78a79c5c81b3171c5d1547b1f083e8a,33791266155536923628354591075540467708086637767326495461521806693275144451421
2026-04-28T16:30:00.332587+00:00,2026-04-28T16:39:28.583590+00:00,momentum,"Bitcoin Up or Down - April 28, 12:30PM-12:35PM ET",UP,Up,2.0,0.545,,LOSS,NO,-2.0,Down,0x3f042eb8010dc6c61b51d3ad8a5ead671a386a2bb299e5c9ca03f704e7d97f30,104381625035297230624233063714794511292630966081725541088149201270129543558867
2026-04-28T16:30:00.351922+00:00,2026-04-28T16:39:28.887274+00:00,momentum,"XRP Up or Down - April 28, 12:30PM-12:35PM ET",DOWN,Down,2.0,0.515,,WIN,YES,1.883495145631068,Down,0xe310370fbdbc0975f6d7e29444cb01b18f89edc813f40916782e75e1da9ee7e2,15704071510666537952449884625804758960876505423308608450331972412907721140586
2026-04-28T16:30:01.470600+00:00,2026-04-28T16:39:29.173920+00:00,momentum,"Solana Up or Down - April 28, 12:30PM-12:35PM ET",DOWN,Down,2.0,0.51,,WIN,YES,1.9215686274509802,Down,0x99c26629c633710833bb01bc7ba3177924c2d3758e8801735339baa4b69320c6,69501854007245682320815826591752419275538516942061930155276822829966631365258
2026-04-28T16:35:04.108304+00:00,2026-04-28T16:44:33.424209+00:00,momentum,"Ethereum Up or Down - April 28, 12:35PM-12:40PM ET",DOWN,Down,2.0,0.64,,WIN,YES,1.125,Down,0xbe79b4239bece656b271d0ba94de4f5c29ceddde8cf4015ef97f5e027f86540f,72117629469203290404575834192524602035379048488583209425315221718804447565449
2026-04-28T16:35:04.127979+00:00,2026-04-28T16:45:33.955711+00:00,momentum,"Solana Up or Down - April 28, 12:35PM-12:40PM ET",DOWN,Down,2.0,0.6,,WIN,YES,1.3333333333333335,Down,0xaa27e2fb7b89c167fe791815fb84ccf707db3c46422c468a76b91dde517adee0,29416356699430826534558371145226743307351759265715119573786207204600347570916
2026-04-28T16:35:04.146377+00:00,2026-04-28T16:45:34.139166+00:00,momentum,"XRP Up or Down - April 28, 12:35PM-12:40PM ET",DOWN,Down,2.0,0.61,,WIN,YES,1.278688524590164,Down,0xda2190c84899dabf124544db5caad1e1ed64a450181cbe7bea5cf8965ede60f5,14256100894918331856670213631940343097521141535287706598802419831184007671578
2026-04-28T16:35:04.089049+00:00,2026-04-28T16:46:34.536832+00:00,momentum,"Bitcoin Up or Down - April 28, 12:35PM-12:40PM ET",DOWN,Down,4.0,0.64,,WIN,YES,2.25,Down,0x6685f2b6bcd44587af75a1f67e6f05811cef5cbaf1b6f8e092b31c27b4427963,45206576371849502010647103564151953950573810554133654614178527193622740648965
2026-04-28T16:40:02.608621+00:00,2026-04-28T16:50:35.843970+00:00,momentum,"Solana Up or Down - April 28, 12:40PM-12:45PM ET",UP,Up,2.0,0.53,,LOSS,NO,-2.0,Down,0xf62f9d950669b05b706d27aeb8d324456ab9450b739b85acecbb40aa22c8e33a,52392518248848963041701442776759353200369044570205878092116908306423136271085
2026-04-28T16:40:02.579334+00:00,2026-04-28T16:51:35.678898+00:00,momentum,"Ethereum Up or Down - April 28, 12:40PM-12:45PM ET",UP,Up,2.0,0.52,,LOSS,NO,-2.0,Down,0x767c3b66c889a423be61f5265306c0a825f7f1296822f4c56a91a134793bb871,94557185916761301189616564224328634127346883983019740085016673820253234769194
2026-04-28T16:40:08.801942+00:00,2026-04-28T16:51:35.707796+00:00,momentum,"XRP Up or Down - April 28, 12:40PM-12:45PM ET",UP,Up,2.0,0.55,,LOSS,NO,-2.0,Down,0x3641732db6d3bda8d8d9cd5c5f97c701f06cb12527219adefb8c3d80d5ecf026,106955835819047642489366558477541324276748382864569631940787812768137567713476
2026-04-28T16:40:02.560902+00:00,2026-04-28T16:52:36.177330+00:00,momentum,"Bitcoin Up or Down - April 28, 12:40PM-12:45PM ET",UP,Up,2.0,0.53,,WIN,YES,1.773584905660377,Up,0x2fa47abdd12acc5359a00231ca2ace65ff9c8d95f0418a63ac709f60dce6ffe1,30157578793761701428313567502106454605429646023916118762519221180099438210333
2026-04-28T16:45:00.767707+00:00,2026-04-28T16:56:38.348835+00:00,momentum,"Ethereum Up or Down - April 28, 12:45PM-12:50PM ET",UP,Up,4.0,0.53,,WIN,YES,3.547169811320754,Up,0xe6f7b0639ce9b9ee6c57b0553284af066b680d8c66c70577f28682870c77ab6b,43236675286043162963977705576721331288949165082535923238762845815489585768408
2026-04-28T16:45:00.752174+00:00,2026-04-28T16:57:38.337015+00:00,momentum,"Bitcoin Up or Down - April 28, 12:45PM-12:50PM ET",UP,Up,2.0,0.55,,LOSS,NO,-2.0,Down,0xa6667ce58b97feda9ae8aac7708f43b1829c3a6e4080a275997f1c7248816b7b,8073695513777369950993444396909094210146436686509155377587092484286367753971
2026-04-28T16:45:00.784015+00:00,2026-04-28T16:57:38.514509+00:00,momentum,"XRP Up or Down - April 28, 12:45PM-12:50PM ET",UP,Up,2.0,0.52,,WIN,YES,1.8461538461538458,Up,0xe1824578182a79a67d14503cb2ef6df373e2c5dbdcdf788baa1771ddeec27672,86436888856359734603907533210695902392218984056403879615894346875610248476646
2026-04-28T16:45:07.168270+00:00,2026-04-28T16:58:39.096178+00:00,momentum,"Solana Up or Down - April 28, 12:45PM-12:50PM ET",UP,Up,2.0,0.53,,WIN,YES,1.773584905660377,Up,0x0e271d1cc300cf5f5b718ac089ba54761c9dcfd0fa9d549b4f4a85ab55eb2a4f,13854759970280997542678058713708911539147503606508411936300989717844851993834
2026-04-28T16:50:00.427622+00:00,2026-04-28T16:59:39.672917+00:00,momentum,"Bitcoin Up or Down - April 28, 12:50PM-12:55PM ET",UP,Up,4.0,0.51,,WIN,YES,3.8431372549019605,Up,0x44c89b536bc92cc5dcb8c96f88a7a5a14e6ccb88fc6bb324eb2a0ad2bb84fcba,92314534108676850004103353111967427421819245291818568999006102373630839332724
2026-04-28T16:50:09.822153+00:00,2026-04-28T16:59:39.836664+00:00,momentum,"Ethereum Up or Down - April 28, 12:50PM-12:55PM ET",UP,Up,2.0,0.52,,WIN,YES,1.8461538461538458,Up,0x9c64eff9f35a8a3afb1cb50f9b62095e3b4e312442489741170dcf78ef478145,64892826051000410826757135928139180863340718558127305898366675145136439591206
2026-04-28T16:50:19.150220+00:00,2026-04-28T16:59:40.131049+00:00,momentum,"XRP Up or Down - April 28, 12:50PM-12:55PM ET",UP,Up,2.0,0.75,,WIN,YES,0.6666666666666665,Up,0x89c059fde1946e8abe72f4b02e65750019fb2b1fbce8df4799b9ae81dc09903d,90783011940278362229735656850438858196920388282114378563776843688628625425621
2026-04-28T16:50:16.033526+00:00,2026-04-28T17:00:39.785768+00:00,momentum,"Solana Up or Down - April 28, 12:50PM-12:55PM ET",DOWN,Down,2.0,0.52,,LOSS,NO,-2.0,Up,0x67a220def0ac378c7a63af9ae6863584f12b428a59f97056275f0f297d2daea1,71487676374984501214052027315167214094672431360809892408680866426571147132520
2026-04-28T16:55:01.105991+00:00,2026-04-28T17:05:43.796357+00:00,momentum,"Ethereum Up or Down - April 28, 12:55PM-1:00PM ET",DOWN,Down,2.0,0.515,,WIN,YES,1.883495145631068,Down,0xd83a9ace72f29fe575d67e6a234a81c210af8048bcba5c66c4bd9d4e6f7e9acf,56263219264860574747509737541640348166137032463244009059158449040218611557330
2026-04-28T16:55:03.269481+00:00,2026-04-28T17:06:44.808209+00:00,momentum,"XRP Up or Down - April 28, 12:55PM-1:00PM ET",DOWN,Down,2.0,0.58,,LOSS,NO,-2.0,Up,0x8563f69340903cc5137b60aa2404eba7fa433cef81d774abb6ff54f5ad50ae32,55659993473391899968279126850933877763451837447544593391526286418134978886350
2026-04-28T16:55:03.288231+00:00,2026-04-28T17:06:44.932771+00:00,momentum,"Solana Up or Down - April 28, 12:55PM-1:00PM ET",DOWN,Down,4.0,0.53,,WIN,YES,3.547169811320754,Down,0x57d821e81253aba18950ace7b7c4a4445aa3b28d50c33ab7b1bea7844f4c5189,42424901061846106239093859112688335207284663663432934416334431385542307242355
2026-04-28T16:55:03.306181+00:00,2026-04-28T17:07:45.519519+00:00,momentum,"Bitcoin Up or Down - April 28, 12:55PM-1:00PM ET",DOWN,Down,2.0,0.52,,WIN,YES,1.8461538461538458,Down,0xb516384b956a5b8385188117148aabeda5b6feebf301e1c24695dc8d55e9eeb2,67084825474224009090706282213343884250258912096207647343851847601174405502566
2026-04-28T17:00:03.672396+00:00,2026-04-28T17:08:46.784074+00:00,momentum,"XRP Up or Down - April 28, 1:00PM-1:05PM ET",DOWN,Down,4.0,0.55,,LOSS,NO,-4.0,Up,0x30e0a1aa099fceb37f02790fd17f3ca661219df8106a2b75397df61b3292146f,111529225469065465209044968966255713872621656403492123344454209215014401961997
2026-04-28T17:00:00.513839+00:00,2026-04-28T17:09:47.507686+00:00,momentum,"Ethereum Up or Down - April 28, 1:00PM-1:05PM ET",DOWN,Down,2.0,0.55,,WIN,YES,1.6363636363636362,Down,0xafeaa555991035d5f1de357b1334eefa076058e3316ac001ba68e4ab859c8589,113868198943806462666291714220310002793454777042108315485978368709694249719064
2026-04-28T17:00:00.534159+00:00,2026-04-28T17:09:47.655340+00:00,momentum,"Solana Up or Down - April 28, 1:00PM-1:05PM ET",DOWN,Down,2.0,0.51,,WIN,YES,1.9215686274509802,Down,0xa146e3a228678cd7a0beed59e34f3266b4f21796c6b6051d2429c155de227015,51991199534689536385652025323842296923120671682533655474941825409700530430248
2026-04-28T17:00:03.643910+00:00,2026-04-28T17:10:47.891609+00:00,momentum,"Bitcoin Up or Down - April 28, 1:00PM-1:05PM ET",DOWN,Down,2.0,0.56,,WIN,YES,1.5714285714285712,Down,0x5fb9b8844f2a50da9395fd1399f254e2049b33c20f3283c609ee6e1554f9ff12,94798155001180143190242316817464673308894496271164403361059339884868389412572
2026-04-28T17:05:02.728240+00:00,2026-04-28T17:14:50.918873+00:00,momentum,"Solana Up or Down - April 28, 1:05PM-1:10PM ET",DOWN,Down,2.0,0.57,,WIN,YES,1.5087719298245617,Down,0x86cffad542c9d61e701da754b6b430580eafa3f8aa88b814330ef9a267589531,14664658737384532421675282508831972982313132420759804677765953573998160366503
2026-04-28T17:05:00.588041+00:00,2026-04-28T17:15:51.670201+00:00,momentum,"Bitcoin Up or Down - April 28, 1:05PM-1:10PM ET",DOWN,Down,2.0,0.515,,WIN,YES,1.883495145631068,Down,0x759783c4662761da6ee03d6971b84ed8690d6d56d912ce3e3a28b68ce0b5ade6,36092695804129813114463074729162760233287564461169487059883277291457837890224
2026-04-28T17:05:00.606507+00:00,2026-04-28T17:15:51.831430+00:00,momentum,"Ethereum Up or Down - April 28, 1:05PM-1:10PM ET",DOWN,Down,2.0,0.54,,WIN,YES,1.7037037037037033,Down,0xf6e8ffb5c0138ff5d46a124b7986107f4cff5800581b48a6617121ad27b8a4c7,114991080973348087937477676966514242456772826757444528605550882259754572478166
2026-04-28T17:05:02.751347+00:00,2026-04-28T17:15:51.873236+00:00,momentum,"XRP Up or Down - April 28, 1:05PM-1:10PM ET",DOWN,Down,8.0,0.52,,LOSS,NO,-8.0,Up,0x359cdd0e9f8e0d24b3e7fe7828919ba16a474ca153f661d0b90bff5786458ee5,94528549305441397622820928149764681960645528823001065643620477003756614040533
2026-04-28T17:10:00.620803+00:00,2026-04-28T17:20:53.742014+00:00,momentum,"Bitcoin Up or Down - April 28, 1:10PM-1:15PM ET",UP,Up,2.0,0.525,,LOSS,NO,-2.0,Down,0xbf392934e14e42185d4bcd4a3df99b97c3e203ba65b733d195e692d8324a9231,46801964786457026003798980726297441169415805057916921845966627972730120209805
2026-04-28T17:10:00.640075+00:00,2026-04-28T17:20:53.892360+00:00,momentum,"Ethereum Up or Down - April 28, 1:10PM-1:15PM ET",DOWN,Down,2.0,0.515,,WIN,YES,1.883495145631068,Down,0x65b582cc9bafc9da88355b4e58d7f976a606dabfea5e88100d306d6feab276ac,50141990780115182719085330614373518258710416183062497385086936999969219139028
2026-04-28T17:10:02.820382+00:00,2026-04-28T17:20:54.043204+00:00,momentum,"XRP Up or Down - April 28, 1:10PM-1:15PM ET",DOWN,Down,16.0,0.65,,WIN,YES,8.615384615384613,Down,0x3c033a14d6d6e467e7562d7c3761736fad5bfc6c157f31e50d5a87c97a3907d2,56424189609334436550014913671491323942253253170604392856585715587726673437010
2026-04-28T17:10:05.957114+00:00,2026-04-28T17:21:54.339921+00:00,momentum,"Solana Up or Down - April 28, 1:10PM-1:15PM ET",DOWN,Down,2.0,0.56,,WIN,YES,1.5714285714285712,Down,0xc82d88223e83c3fbac901f797d7abb0cc6f247385af3c115ee7d5fd9d68565bb,7854769055377390417322366290618687307561614997440047285975215000097439922812
2026-04-28T17:15:03.562810+00:00,2026-04-28T17:23:55.053184+00:00,momentum,"Bitcoin Up or Down - April 28, 1:15PM-1:20PM ET",UP,Up,4.0,0.54,,LOSS,NO,-4.0,Down,0xd987c855a04701f351e2047546da194890dfc1998af1a8c83deba712ef6b3776,31301563997241830935429987555409006359273568935896009882985129103894063093115
2026-04-28T17:15:03.695203+00:00,2026-04-28T17:23:55.206798+00:00,momentum,"XRP Up or Down - April 28, 1:15PM-1:20PM ET",DOWN,Down,2.0,0.51,,WIN,YES,1.9215686274509802,Down,0xfe82d6137a02446fb7d56c0c828bd81bda98440395f33d651b7e50289de9be46,20202556399363897003955742357029916058877655281269697350600853081472779570915
2026-04-28T17:15:09.252736+00:00,2026-04-28T17:23:55.351259+00:00,momentum,"Ethereum Up or Down - April 28, 1:15PM-1:20PM ET",DOWN,Down,2.0,0.52,,WIN,YES,1.8461538461538458,Down,0xcde8b8a7dda23a719bc48d2b139c1ab34d38616a012ffc093dc36ac433d7706d,44326670663388473382768580601888574870301190715000433739331172460875518374248
2026-04-28T17:15:31.813592+00:00,2026-04-28T17:23:55.511859+00:00,momentum,"Solana Up or Down - April 28, 1:15PM-1:20PM ET",DOWN,Down,2.0,0.55,,WIN,YES,1.6363636363636362,Down,0xd9d401af814f6c5e499af6d5dccb453dfb9a387c2c79787f0263f9de8e64e943,90159380552462517570830206184904079197239509850197258023222152269212442995414
2026-04-28T17:20:00.874244+00:00,2026-04-28T17:29:59.090745+00:00,momentum,"Bitcoin Up or Down - April 28, 1:20PM-1:25PM ET",UP,Up,4.0,0.54,,WIN,YES,3.4074074074074066,Up,0x60af07ff027d24dc4a8479feada3cbb7647d32f07ed6d424245839d406e605d9,65683042184596883169781113495109052295284196474694273375402041759880511465031
2026-04-28T17:20:07.288974+00:00,2026-04-28T17:29:59.246708+00:00,momentum,"Ethereum Up or Down - April 28, 1:20PM-1:25PM ET",UP,Up,2.0,0.52,,WIN,YES,1.8461538461538458,Up,0x9bdfef9d4de6c5d36dc43d1e16e2b6d28c8fb901f46a329dd4800fad51716f61,18159992336287947047175712209182744492229696058440116981299872123773288068592
2026-04-28T17:20:10.436368+00:00,2026-04-28T17:29:59.388441+00:00,momentum,"Solana Up or Down - April 28, 1:20PM-1:25PM ET",UP,Up,2.0,0.51,,WIN,YES,1.9215686274509802,Up,0xabd3572662ab45ba57d7e32d65550d6d7e0174b4e4e07c23d1e63c95280ecb59,112576059269666336354392424164835365048424678406088408029442856424321411418829
2026-04-28T17:20:41.937097+00:00,2026-04-28T17:29:59.549520+00:00,momentum,"XRP Up or Down - April 28, 1:20PM-1:25PM ET",UP,Up,2.0,0.65,,WIN,YES,1.0769230769230766,Up,0x876e9c9336e2282a872175821d9f0153e3389e3ecc3af8d2e91f3e6700e29376,53982783097906801597037181349118433613404256614541110860077456698616997728148
2026-04-28T17:25:00.513231+00:00,2026-04-28T17:36:00.930220+00:00,momentum,"Bitcoin Up or Down - April 28, 1:25PM-1:30PM ET",UP,Up,2.0,0.515,,WIN,YES,1.883495145631068,Up,0x4be51fc00b5e271b3699fdfb8e75bb1e23c04509ca98ae185a5d3ac7e433d89b,65790230214985634488172546664951055944078090147646665161328753792074613512813
2026-04-28T17:25:02.656434+00:00,2026-04-28T17:36:00.969420+00:00,momentum,"Ethereum Up or Down - April 28, 1:25PM-1:30PM ET",DOWN,Down,2.0,0.57,,LOSS,NO,-2.0,Up,0x51dc5e807c1ec9e66ff088c743354f089c7bc2c4e1f7f82304d56def4a45a5d4,82870002367273241272442109214552592203848560555603970201969132360080725804827
2026-04-28T17:25:05.784257+00:00,2026-04-28T17:36:00.998365+00:00,momentum,"Solana Up or Down - April 28, 1:25PM-1:30PM ET",DOWN,Down,2.0,0.58,,LOSS,NO,-2.0,Up,0x3718f4a38031c2a955db4a491ca5eb794332c3999221d796b570785eaadd0247,51462801012650549188521062644305782916088406388137341283256918039218853273973
2026-04-28T17:25:30.558327+00:00,2026-04-28T17:36:01.031667+00:00,momentum,"XRP Up or Down - April 28, 1:25PM-1:30PM ET",DOWN,Down,2.0,0.57,,LOSS,NO,-2.0,Up,0xdde9d4a5871da5e634e232a6e8be30baf9b340844e420ee270ae570d400d8130,105957884098800668744149966180769898017886942269314470820400795543577713549148
2026-04-28T17:30:01.348687+00:00,2026-04-28T17:39:02.952075+00:00,momentum,"Ethereum Up or Down - April 28, 1:30PM-1:35PM ET",DOWN,Down,4.0,0.51,,LOSS,NO,-4.0,Up,0xe20480df1a3c74163df6fc8c136c6bcff9de2331dbdf6b224245158bdde248ae,20599676659912107594078687633291094010189034304771741959173693898610154897702
2026-04-28T17:30:01.318974+00:00,2026-04-28T17:40:03.593835+00:00,momentum,"XRP Up or Down - April 28, 1:30PM-1:35PM ET",DOWN,Down,2.0,0.51,,LOSS,NO,-2.0,Up,0xdfc0b6920121496a2c47b94a8f620c5f0caf75dee697b63d38fe694867de9eeb,90678781530543596278119153411731945847188738472047010154553221409059770110347
2026-04-28T17:30:04.553071+00:00,2026-04-28T17:40:03.802449+00:00,momentum,"Solana Up or Down - April 28, 1:30PM-1:35PM ET",UP,Up,4.0,0.56,,WIN,YES,3.1428571428571423,Up,0xf2d2d5119cb88ff410d2ad01bac8dbcd7b041cb0162e4236839d673b40b96a77,66981784232770207176600353287051626426316928552036290905554680495123530720651
2026-04-28T17:30:01.295316+00:00,2026-04-28T17:42:05.421731+00:00,momentum,"Bitcoin Up or Down - April 28, 1:30PM-1:35PM ET",UP,Up,2.0,0.51,,WIN,YES,1.9215686274509802,Up,0x9078acb4c61451ae5900488876fe47a7d371e78d972e1db966bb3035ca1bd0ba,6230362979850096125186333717084432393292496021797841555410617071187128349391
2026-04-28T17:35:00.443294+00:00,2026-04-28T17:44:06.753561+00:00,momentum,"XRP Up or Down - April 28, 1:35PM-1:40PM ET",DOWN,Down,4.0,0.51,,LOSS,NO,-4.0,Up,0x879ae8322abd43905db35320a7786282f828e3caabbcfe81d39b64d8664de6f6,68193177272825411903430334151818417682052717676132570120895244316337288173834
2026-04-28T17:35:02.756913+00:00,2026-04-28T17:45:07.239136+00:00,momentum,"Ethereum Up or Down - April 28, 1:35PM-1:40PM ET",UP,Up,8.0,0.55,,WIN,YES,6.545454545454545,Up,0x49694ef8b151f1642f096bfceec7358fac3e435f140ac172f28976abe1731eef,103243599510156310400946378470122847434306143799524752221641573929073023533637
2026-04-28T17:35:02.734686+00:00,2026-04-28T17:46:07.085529+00:00,momentum,"Bitcoin Up or Down - April 28, 1:35PM-1:40PM ET",UP,Up,2.0,0.52,,WIN,YES,1.8461538461538458,Up,0x6b0624884412554f19fd36b4aa547cd22ccd6833887a9f40dd134048f22d00fd,4659904483347116921826428964900360987155188746607167913031952804604535580269
2026-04-28T17:35:05.830521+00:00,2026-04-28T17:46:07.220876+00:00,momentum,"Solana Up or Down - April 28, 1:35PM-1:40PM ET",UP,Up,2.0,0.59,,WIN,YES,1.3898305084745766,Up,0x770c6e5117fb90f3b03884498cf05c463a0a3c2701b2ec23d4ee9cfe73c9a594,6475786039611925069899297765667347651381458412608817948893156598719681927894
2026-04-28T17:40:00.268753+00:00,2026-04-28T17:50:08.686409+00:00,momentum,"Bitcoin Up or Down - April 28, 1:40PM-1:45PM ET",DOWN,Down,2.0,0.515,,LOSS,NO,-2.0,Up,0x8cbe7a67f5da1403a207d4c18aba066b17b4ab57c564456be331039eb536da30,32983784659944860929534320553905545051995817874528163835308432044751553033983
2026-04-28T17:40:00.296610+00:00,2026-04-28T17:51:09.164182+00:00,momentum,"Ethereum Up or Down - April 28, 1:40PM-1:45PM ET",DOWN,Down,2.0,0.515,,LOSS,NO,-2.0,Up,0x03e3384730cb8f566693c21fae0ea99d919da970625b05bcfcdd760a2e31e4fa,88667408528742657224857198103794404583630508481788776499679074965321421484661
2026-04-28T17:40:01.393887+00:00,2026-04-28T17:51:09.216491+00:00,momentum,"XRP Up or Down - April 28, 1:40PM-1:45PM ET",DOWN,Down,8.0,0.55,,LOSS,NO,-8.0,Up,0x051279dbd36ce245f7038581737d8e2c8746c74f57eee32f083d0a5216008855,18010163591308798561575249130721220620274968679858802261948482985655215322542
2026-04-28T17:40:05.769282+00:00,2026-04-28T17:51:09.361573+00:00,momentum,"Solana Up or Down - April 28, 1:40PM-1:45PM ET",UP,Up,2.0,0.51,,WIN,YES,1.9215686274509802,Up,0x5316c1eacd444d5ecd6a66353044419e394cedac63facc7638ea7ad4111032d2,13247206180689765739919234389666014192811593311573044237163812808970836791684
2026-04-28T17:45:01.712298+00:00,2026-04-28T17:53:10.613291+00:00,momentum,"Solana Up or Down - April 28, 1:45PM-1:50PM ET",DOWN,Down,2.0,0.52,,WIN,YES,1.8461538461538458,Down,0x78e9f676391c055c1457de9f809d37abfac1496ee1d431b30f51cf42dbba61c0,27673740751655239982806987221425927976957055542483188673031489678635981219852
2026-04-28T17:45:00.376954+00:00,2026-04-28T17:54:10.993006+00:00,momentum,"Ethereum Up or Down - April 28, 1:45PM-1:50PM ET",DOWN,Down,4.0,0.52,,LOSS,NO,-4.0,Up,0x678fcf2091075ec1794ec3ff4c39c7004c7951ae3bc3611cdb4cae672f8238b8,109648980093402511894524083909274151722850939635289486661023648089362181958690
2026-04-28T17:45:01.670595+00:00,2026-04-28T17:54:11.147238+00:00,momentum,"Bitcoin Up or Down - April 28, 1:45PM-1:50PM ET",DOWN,Down,4.0,0.52,,WIN,YES,3.6923076923076916,Down,0xc671de1eff725fb96391655abff489e4a7275fb93a87e4d324aacec9f56fcc3e,73160073909225567783109411009745198468491076800611114544187104100739128499912
2026-04-28T17:45:01.749109+00:00,2026-04-28T17:55:12.095226+00:00,momentum,"XRP Up or Down - April 28, 1:45PM-1:50PM ET",DOWN,Down,8.0,0.52,,WIN,YES,7.384615384615383,Down,0xc37abba433a5d7ae23a25ce531f0a686a3bc5110c5b0fba82a94e91302dde148,13640941040135038188434752143846703422417847655005595911021893573873688432068
2026-04-28T17:50:00.162724+00:00,2026-04-28T17:59:14.079155+00:00,momentum,"Ethereum Up or Down - April 28, 1:50PM-1:55PM ET",DOWN,Down,2.0,0.52,,WIN,YES,1.8461538461538458,Down,0x7273be6bd454e4362a87773fa8336eb8e0d3c3aa1b390281ae98c3eac89e7e2c,45533683888122804622583058058263524834462310750542572404954265110360985325110
2026-04-28T17:50:00.135672+00:00,2026-04-28T18:00:14.901821+00:00,momentum,"Solana Up or Down - April 28, 1:50PM-1:55PM ET",DOWN,Down,2.0,0.52,,WIN,YES,1.8461538461538458,Down,0xdf1eee92a3f3a265f2e90fe2c4a42fa36fc0a2843f24c69690896231bba75932,67202424550676509764026185630705118024217230981766629301138264410022095893497
2026-04-28T17:50:02.258988+00:00,2026-04-28T18:00:15.074419+00:00,momentum,"XRP Up or Down - April 28, 1:50PM-1:55PM ET",DOWN,Down,2.0,0.51,,WIN,YES,1.9215686274509802,Down,0xe9edd5b162f16f0dacaa09a4ad424a0df7fb14a90c9638032e47d00dc7a7643d,24489535988331682266636628888590681773959976306336591263983044182719381993304
2026-04-28T17:50:08.626241+00:00,2026-04-28T18:00:15.109337+00:00,momentum,"Bitcoin Up or Down - April 28, 1:50PM-1:55PM ET",UP,Up,2.0,0.52,,LOSS,NO,-2.0,Down,0x5e1d12e8014c99323b47640c1b5026739d60913caf594e1aa7c4b33f8d3e6fb1,45213507304798106211281892924845121387727272599366418732226409023519100927379
2026-04-28T17:55:01.453336+00:00,2026-04-28T18:05:18.266220+00:00,momentum,"Bitcoin Up or Down - April 28, 1:55PM-2:00PM ET",DOWN,Down,4.0,0.54,,LOSS,NO,-4.0,Up,0xcd554295dcb2f3af6d096066c9e4ec46a43c908bc58f42fd3461992f91a54d6a,81236198836725763316342893412596118922235089093589487787846563814766164482947
2026-04-28T17:55:10.807717+00:00,2026-04-28T18:05:18.306323+00:00,momentum,"XRP Up or Down - April 28, 1:55PM-2:00PM ET",DOWN,Down,2.0,0.52,,LOSS,NO,-2.0,Up,0xdc22253f17d18b7f92c20ee35975f931d0d251938db5deaff877a8721bfc80be,21763077531424262692513490868520241056255091582340885475482733317333811283649
2026-04-28T17:55:00.341133+00:00,2026-04-28T18:06:18.865764+00:00,momentum,"Ethereum Up or Down - April 28, 1:55PM-2:00PM ET",DOWN,Down,2.0,0.52,,LOSS,NO,-2.0,Up,0x14f4e97b289cc959df4649b25e99f35aac3c956deedbe6b8bb7fcf3a01b34a5e,11114509730372736411926418984943334101419099360509584382000953266986276754810
2026-04-28T17:55:00.362590+00:00,2026-04-28T18:06:18.907667+00:00,momentum,"Solana Up or Down - April 28, 1:55PM-2:00PM ET",DOWN,Down,2.0,0.515,,LOSS,NO,-2.0,Up,0xca9bab5b13841d30f8348dc14c1cf3db734f97f05ca6444a6d361d9337019083,90569284479753124911280409948830030935785008892903611518109756612036518812095
2026-04-28T18:00:06.435081+00:00,2026-04-28T18:08:20.741980+00:00,momentum,"Solana Up or Down - April 28, 2:00PM-2:05PM ET",DOWN,Down,4.0,0.56,,LOSS,NO,-4.0,Up,0x6b2b05ab8e405e8fd833bd36489144b048c00c1bd32ca9425941835f2d5cfb51,73025167654692273097335345193259758777514802289155840818804123565128555835661
2026-04-28T18:00:02.890045+00:00,2026-04-28T18:09:20.986604+00:00,momentum,"XRP Up or Down - April 28, 2:00PM-2:05PM ET",DOWN,Down,4.0,0.52,,LOSS,NO,-4.0,Up,0x5ef4635cf538934697676ea88f78a0327d327f7179f07691acc40d40f00a10af,77486801367759248038540447204179654772010876492720140410446819285816823831151
2026-04-28T18:00:00.604934+00:00,2026-04-28T18:10:20.952138+00:00,momentum,"Ethereum Up or Down - April 28, 2:00PM-2:05PM ET",DOWN,Down,4.0,0.52,,LOSS,NO,-4.0,Up,0xa49227d9450f95ac4283861e81a5f1a56ae59734394a8dd84a26f9e9b34fdc3b,108569550221214856968790745798448082598260871411624666753119357555169814771782
2026-04-28T18:00:02.865484+00:00,2026-04-28T18:10:20.983780+00:00,momentum,"Bitcoin Up or Down - April 28, 2:00PM-2:05PM ET",DOWN,Down,8.0,0.51,,LOSS,NO,-8.0,Up,0x8b79b56b732aaad2e240dccba562acac01d25b8e41a8236daffde552bc0506ba,88570407773127334595995073853000098784145376094523026293999231782534142469039
2026-04-28T18:05:01.113242+00:00,2026-04-28T18:14:23.789547+00:00,momentum,"Solana Up or Down - April 28, 2:05PM-2:10PM ET",DOWN,Down,4.0,0.52,,WIN,YES,3.6923076923076916,Down,0x30e15996bec155e93e8906399d6de78466cc1a8094444d52542bf45b59ff9f91,35525431118388433938890462112031575218891715057004222385336903939384888447353
2026-04-28T18:05:02.155059+00:00,2026-04-28T18:15:24.032058+00:00,momentum,"XRP Up or Down - April 28, 2:05PM-2:10PM ET",DOWN,Down,4.0,0.57,,LOSS,NO,-4.0,Up,0x625f76a49a485d3a9093c266f2d977460bb433cb4f99292711b2009df5d38935,84230128714305800713105642257871083265792501194065820894109308540503202939027
2026-04-28T18:05:01.084093+00:00,2026-04-28T18:16:24.825235+00:00,momentum,"Bitcoin Up or Down - April 28, 2:05PM-2:10PM ET",DOWN,Down,8.0,0.53,,WIN,YES,7.094339622641508,Down,0x5f9ee9d8d051d9ee5708915219410371cfe477b09567b1585a5083270e969f2d,68966858770074729900713300451008829193291114462128135879647748706114784836567
2026-04-28T18:05:01.134397+00:00,2026-04-28T18:16:25.032591+00:00,momentum,"Ethereum Up or Down - April 28, 2:05PM-2:10PM ET",DOWN,Down,4.0,0.51,,WIN,YES,3.8431372549019605,Down,0x11755f02f6992a2b23128678b4f3017a07d9899f9dd7a055941cd57d328d4794,54535494568174795924665428561842509728033886411148612021057250593658494408928
2026-04-28T18:10:03.208773+00:00,2026-04-28T18:20:26.840653+00:00,momentum,"XRP Up or Down - April 28, 2:10PM-2:15PM ET",DOWN,Down,8.0,0.52,,WIN,YES,7.384615384615383,Down,0x78d13d0460e3ac0b0d631a7919ae3a3f81380f7023652518a49d01f62df50418,85944836474177762843985580073723529413767835120309688596562127256849197686403
2026-04-28T18:10:06.361346+00:00,2026-04-28T18:20:27.111492+00:00,momentum,"Ethereum Up or Down - April 28, 2:10PM-2:15PM ET",DOWN,Down,2.0,0.51,,WIN,YES,1.9215686274509802,Down,0xe8b9e050984248e20aadceb661f6c86958c19331995231b6de5ec24691ebc88b,114087927594861372828390525923272596075117643590309918352931320300431148927805
2026-04-28T18:10:03.178657+00:00,2026-04-28T18:21:27.210354+00:00,momentum,"Bitcoin Up or Down - April 28, 2:10PM-2:15PM ET",DOWN,Down,2.0,0.54,,WIN,YES,1.7037037037037033,Down,0x9d913f3fd9e80a663d89512a7b4044e87f0d7f188ff37922aa4ab0b9743d8533,34941316717825877472081337632704900889847423960288991671606595875034256049861
2026-04-28T18:10:03.233502+00:00,2026-04-28T18:22:27.935261+00:00,momentum,"Solana Up or Down - April 28, 2:10PM-2:15PM ET",UP,Up,2.0,0.51,,WIN,YES,1.9215686274509802,Up,0xea1a1443cb6fc7b268c3fc986d59be3e2d9fba4f6b6dc533f13ba6b71c2a4c62,30266859444932305791487578744127713632168376051413421209811509779695096812748
2026-04-28T18:15:00.874328+00:00,2026-04-28T18:23:28.736855+00:00,momentum,"XRP Up or Down - April 28, 2:15PM-2:20PM ET",DOWN,Down,2.0,0.51,,LOSS,NO,-2.0,Up,0x80ed0ecd5602804df83cb38cb88914b73212694de4e1bd6333d488331aac3f91,25217131745450045972413198387456258542791967720282288831797752394313887906533
2026-04-28T18:15:00.833077+00:00,2026-04-28T18:24:28.790206+00:00,momentum,"Ethereum Up or Down - April 28, 2:15PM-2:20PM ET",DOWN,Down,2.0,0.51,,LOSS,NO,-2.0,Up,0xce097ff81b3fd38df323a031353837f48803b74161c4caac34447087dbc96db8,20774030876293753512953514952691608681241187389324988692541321252871316460064
2026-04-28T18:15:02.196957+00:00,2026-04-28T18:24:28.825162+00:00,momentum,"Solana Up or Down - April 28, 2:15PM-2:20PM ET",DOWN,Down,2.0,0.51,,LOSS,NO,-2.0,Up,0x0502dffd1ac0d672b02800bb1e05a2e1a4c7a65d685b6fae578a58d2a44fd1a8,68803705159836658042116218867171669384775627477072070067955111376701934809756
2026-04-28T18:15:03.230481+00:00,2026-04-28T18:25:29.396117+00:00,momentum,"Bitcoin Up or Down - April 28, 2:15PM-2:20PM ET",UP,Up,2.0,0.55,,WIN,YES,1.6363636363636362,Up,0xfb04b40894b43ad326be88f91e66cfb5d65dd31bed8dd85384404f8b2a23fe4f,84826831752677105592206809543145387238423929469593565396765199163597289211723
2026-04-28T18:20:04.894014+00:00,2026-04-28T18:29:31.711949+00:00,momentum,"Bitcoin Up or Down - April 28, 2:20PM-2:25PM ET",UP,Up,2.0,0.55,,WIN,YES,1.6363636363636362,Up,0x2d23fe3b873be80aa174499da865012a2cc7366dd74b2e41cce3b07a3553aec5,55534400704957061938692981664154440545979884522079326852381792620634207638247
2026-04-28T18:20:00.735600+00:00,2026-04-28T18:30:31.997562+00:00,momentum,"XRP Up or Down - April 28, 2:20PM-2:25PM ET",UP,Up,4.0,0.51,,WIN,YES,3.8431372549019605,Up,0x11eade79fa198f7d6a07278a7e1d5e70f115e77ec24685fd00ed5b33d3e3f608,80536978808771341311893442349328433075379612940574319371198724430098738479110
2026-04-28T18:20:04.919271+00:00,2026-04-28T18:30:32.188923+00:00,momentum,"Solana Up or Down - April 28, 2:20PM-2:25PM ET",UP,Up,4.0,0.54,,WIN,YES,3.4074074074074066,Up,0x1ed5a9801d7cf14febdab0eac454203e868305c3fbc0d9b3d4a9db9c9870cab1,6769185100386177312472103515563087220940426253534962654900084174284450582878
2026-04-28T18:20:00.710773+00:00,2026-04-28T18:31:32.376000+00:00,momentum,"Ethereum Up or Down - April 28, 2:20PM-2:25PM ET",DOWN,Down,4.0,0.51,,LOSS,NO,-4.0,Up,0xef68f47c4f2f944a5e64dba5b197765478eef2a3b4d8d00632f3dc10338a924f,9330957134321602232534143008244119803833399466232592240367640208527378645535
2026-04-28T18:25:00.464998+00:00,2026-04-28T18:36:34.618861+00:00,momentum,"Solana Up or Down - April 28, 2:25PM-2:30PM ET",DOWN,Down,2.0,0.515,,LOSS,NO,-2.0,Up,0xc26c9d2139fc80f70da9f022ec6aed07db49078ab63ea27e352faaac3096d9da,66956728659339990331714254942969997038238118921793834159157265917712180838246
2026-04-28T18:25:00.484924+00:00,2026-04-28T18:36:34.755700+00:00,momentum,"XRP Up or Down - April 28, 2:25PM-2:30PM ET",DOWN,Down,2.0,0.515,,WIN,YES,1.883495145631068,Down,0x435579a2dc123589b016147436789b6b38cf9f839d6e23164cc4eba0f1b2e6e0,94540139797453156466225248555958174061441453135828160177406320486142009850218
2026-04-28T18:25:01.503735+00:00,2026-04-28T18:36:34.931085+00:00,momentum,"Bitcoin Up or Down - April 28, 2:25PM-2:30PM ET",DOWN,Down,2.0,0.52,,WIN,YES,1.8461538461538458,Down,0xec2c3901e6c2c0f66c249b4d4dde226fe70d2081d8210270098eb4b7352187a7,76471932783106559805927761352770232240820385086233130957744211334766832292508
2026-04-28T18:25:00.444394+00:00,2026-04-28T18:37:34.834947+00:00,momentum,"Ethereum Up or Down - April 28, 2:25PM-2:30PM ET",DOWN,Down,4.0,0.515,,WIN,YES,3.766990291262136,Down,0x8993c323928dffd77156ea2ed32b4955a298a2700c497c7e7b2277dcbde73032,78031525067473733929460357218264423256504689909591840820671548490814566946510
2026-04-28T18:30:00.758620+00:00,2026-04-28T18:39:36.620301+00:00,momentum,"Ethereum Up or Down - April 28, 2:30PM-2:35PM ET",DOWN,Down,2.0,0.535,,WIN,YES,1.7383177570093458,Down,0xb05f2e89268722c79b77c0e690c790238bcf47db657a6ec8e6c170e71cd68344,22712439999212373001479637521059433242107029160003847763558794033573329510173
2026-04-28T18:30:00.785815+00:00,2026-04-28T18:39:36.785062+00:00,momentum,"XRP Up or Down - April 28, 2:30PM-2:35PM ET",DOWN,Down,2.0,0.51,,WIN,YES,1.9215686274509802,Down,0xa2930122e37394b0b03c28ee2985fd7c90380bd303d2bcf07aacfc6602d0afc0,19181300454419506179733314294647954203973885726011128331779835279084051311120
2026-04-28T18:30:00.817836+00:00,2026-04-28T18:39:36.964097+00:00,momentum,"Bitcoin Up or Down - April 28, 2:30PM-2:35PM ET",DOWN,Down,2.0,0.525,,WIN,YES,1.8095238095238093,Down,0x773fe9e52b2b55b9fb4fca4d09145b753d48636b47000cbd83b141548b45dc7f,25010402951017656231628661140880349287425461729043815599173604517640063692202
2026-04-28T18:30:00.715008+00:00,2026-04-28T18:40:37.170298+00:00,momentum,"Solana Up or Down - April 28, 2:30PM-2:35PM ET",DOWN,Down,4.0,0.51,,WIN,YES,3.8431372549019605,Down,0x34684779e3d1cd288bccee706dae6d20e6e2d519f085ffde96bfcc76ffc57e54,1461747072429229038053381908767282188000298311230308416313135123476761850001
2026-04-28T18:35:01.450000+00:00,2026-04-28T18:44:39.616241+00:00,momentum,"Bitcoin Up or Down - April 28, 2:35PM-2:40PM ET",DOWN,Down,2.0,0.52,,LOSS,NO,-2.0,Up,0x8349852c602b58bf7ac0cf3bb90caaa63fb7289cbed81c1abab7bb45f3b9f004,72076282835182356048095679264406972861131473383697253751768522529609047747273
2026-04-28T18:35:00.278696+00:00,2026-04-28T18:45:39.904636+00:00,momentum,"Ethereum Up or Down - April 28, 2:35PM-2:40PM ET",DOWN,Down,2.0,0.52,,LOSS,NO,-2.0,Up,0x9711d81cd3e9a6eb4a13bc8e6e8bfce91e49751a39d73ea32dcd5d674452f64f,115612743176941753668470717055702627506603779032246878694702934484526020651119
2026-04-28T18:35:00.359199+00:00,2026-04-28T18:45:40.191747+00:00,momentum,"XRP Up or Down - April 28, 2:35PM-2:40PM ET",DOWN,Down,2.0,0.515,,WIN,YES,1.883495145631068,Down,0xce3a2d96a3232540a1d7ee1747787ba18a848d9c64a27bb1b0605a4d24eee8a1,25855096778034648117083287742371636731735454878352806571993330118633539047669
2026-04-28T18:35:00.332433+00:00,2026-04-28T18:46:39.807859+00:00,momentum,"Solana Up or Down - April 28, 2:35PM-2:40PM ET",DOWN,Down,2.0,0.51,,LOSS,NO,-2.0,Up,0x4bd0bdac41461fd985efdbdd63f97fb90b555be3b8063778f0cd74e9b0253ff5,45229300760224712191932442984980261841066439642794309353344392068961021661726
2026-04-28T18:40:00.742085+00:00,2026-04-28T18:50:41.675521+00:00,momentum,"Ethereum Up or Down - April 28, 2:40PM-2:45PM ET",DOWN,Down,4.0,0.52,,WIN,YES,3.6923076923076916,Down,0xd534bdcb80ac8fe1baee47b9dcbf69becb21cb6c5d1d7dc54ea075df77fd2310,100763832460960857046643285015040627912704315855377747303128783795204407377939
2026-04-28T18:40:00.763460+00:00,2026-04-28T18:50:41.818891+00:00,momentum,"Solana Up or Down - April 28, 2:40PM-2:45PM ET",DOWN,Down,4.0,0.515,,WIN,YES,3.766990291262136,Down,0x2e5b8045736541b34f0c854891da25c9d46615476b43e9500a942bdb4ae4a87d,19360704251071614503200609368767436901307340003473682932421247577943822188707
2026-04-28T18:40:00.713765+00:00,2026-04-28T18:51:42.246616+00:00,momentum,"XRP Up or Down - April 28, 2:40PM-2:45PM ET",DOWN,Down,2.0,0.515,,WIN,YES,1.883495145631068,Down,0xff20c963fb64667d6df9d1ffa05b88c27592c741799cb21501f1aa2a0ebde4e4,67659587710435705331249161358838283596993798197851174110550730745029333170097
2026-04-28T18:40:18.297884+00:00,2026-04-28T18:51:42.400109+00:00,momentum,"Bitcoin Up or Down - April 28, 2:40PM-2:45PM ET",DOWN,Down,4.0,0.51,,WIN,YES,3.8431372549019605,Down,0x884afc14b88dae3cbbbb4c4908d01467e72eeeb36c9a10979107d88a89d95103,40033733727572473135592840829743929171889101810573203054682315448941954671322
2026-04-28T18:45:00.819412+00:00,2026-04-28T18:53:45.223185+00:00,momentum,"Ethereum Up or Down - April 28, 2:45PM-2:50PM ET",UP,Up,2.0,0.51,,LOSS,NO,-2.0,Down,0x5dd6d0156545d33ae65a4ac1922b033e6d65875695a75e6b15c21629a7bce6c2,11048665104097517601712821889277711001529507887480247311395714764601916681833
2026-04-28T18:45:00.748406+00:00,2026-04-28T18:54:45.310950+00:00,momentum,"Bitcoin Up or Down - April 28, 2:45PM-2:50PM ET",UP,Up,2.0,0.51,,WIN,YES,1.9215686274509802,Up,0x1fa7119a82716b2d1d0ff649612c5fb4c6342fb6bdd7839802d63a0bd45cf556,18134975330372408200410228129771108985102833663543554063220246262415102679841
2026-04-28T18:45:00.798089+00:00,2026-04-28T18:54:45.596523+00:00,momentum,"XRP Up or Down - April 28, 2:45PM-2:50PM ET",UP,Up,2.0,0.99,,WIN,YES,0.020202020202020332,Up,0x46c217d417ddfa3540dbc9d275e3462d385411c63f342d617102b7880826449c,60651747938840860544812412758203547893076369654773103412319651017434969937652
2026-04-28T18:45:00.772669+00:00,2026-04-28T18:55:45.899740+00:00,momentum,"Solana Up or Down - April 28, 2:45PM-2:50PM ET",UP,Up,2.0,0.99,,WIN,YES,0.020202020202020332,Up,0xc4e463e212c2ea344cf4f3afd8371e2356527ffef01fe77973907ba467a093b6,23680536862740346039240651536179439887013899683049547796479399631908768581174
2026-04-28T18:50:05.275402+00:00,2026-04-28T19:00:48.894354+00:00,momentum,"Solana Up or Down - April 28, 2:50PM-2:55PM ET",UP,Up,2.0,0.53,,WIN,YES,1.773584905660377,Up,0x78d74acb56ddf1095e76aa380bb7a8a90623b6cfb8bf6015f2d1aea3c0c4fc9d,108351294758189981170619937067868891420194039375686106968446883729455965880948
2026-04-28T18:50:05.298089+00:00,2026-04-28T19:00:49.042234+00:00,momentum,"Ethereum Up or Down - April 28, 2:50PM-2:55PM ET",UP,Up,4.0,0.53,,WIN,YES,3.547169811320754,Up,0x7ddc8c156b28b1ee70a825fa5d54fb882b749c2bfc2a4ebdc477d5e64610b742,23744361807324685337243651126778474598947514412649418393540613141716400522228
2026-04-28T18:50:05.327220+00:00,2026-04-28T19:00:49.204036+00:00,momentum,"Bitcoin Up or Down - April 28, 2:50PM-2:55PM ET",UP,Up,2.0,0.57,,WIN,YES,1.5087719298245617,Up,0x350c07fae895b79705135d7e01d6adcc74d8f617427920955633d6dbb4b424a4,72792244448289036867970599853006308376601196482663161844754889644440305175194
2026-04-28T18:50:18.062824+00:00,2026-04-28T19:00:49.247905+00:00,momentum,"XRP Up or Down - April 28, 2:50PM-2:55PM ET",DOWN,Down,2.0,0.52,,LOSS,NO,-2.0,Up,0xdf1e6497ac9337644c557cd8048e9b3dea7491cfd12f08468012c0f3cfc2fdab,93897293950244977717093662380000752418340139556935482078178681427820540262058
2026-04-28T18:55:00.545156+00:00,2026-04-28T19:06:52.309907+00:00,momentum,"Bitcoin Up or Down - April 28, 2:55PM-3:00PM ET",UP,Up,2.0,0.535,,WIN,YES,1.7383177570093458,Up,0x578f1ba8e21e69f4eedbeb4b0f2539f503bdeb79b78103b9149330a700dc447c,93132880075544959868556257104760334455784027438122066962362814138016200087691
2026-04-28T18:55:08.900826+00:00,2026-04-28T19:06:52.344086+00:00,momentum,"Ethereum Up or Down - April 28, 2:55PM-3:00PM ET",DOWN,Down,2.0,0.52,,LOSS,NO,-2.0,Up,0x8133e5c8e8d6dbcbc546fe98badb813d7183a8aac255da91c66e0a013e9a31aa,26837623418578315874416000677495985403802239935479735368989241779437690452516
2026-04-28T18:55:12.238856+00:00,2026-04-28T19:06:52.492424+00:00,momentum,"XRP Up or Down - April 28, 2:55PM-3:00PM ET",UP,Up,2.0,0.51,,WIN,YES,1.9215686274509802,Up,0xf9d1f019332d39167522cf57d71c688a4524f7d0426ea882faf8d308070b179e,32642101015020816948880279554668274106320940034495103084755426922727060072984
2026-04-28T18:55:15.357074+00:00,2026-04-28T19:07:52.910179+00:00,momentum,"Solana Up or Down - April 28, 2:55PM-3:00PM ET",DOWN,Down,2.0,0.54,,LOSS,NO,-2.0,Up,0xbfb883ae09bf96bae551ffd45a0bea3bf6e35bdb59ccb40b15abdf8c75655f17,44232183294449729988513271316647320694616235467406572312847677605914831501649
2026-04-28T19:00:03.570478+00:00,2026-04-28T19:08:53.885954+00:00,momentum,"XRP Up or Down - April 28, 3:00PM-3:05PM ET",DOWN,Down,2.0,0.53,,WIN,YES,1.773584905660377,Down,0x5cdabb0dd2cb549d575e1fe03504dd672ed4ba381f665dbab82a8e659c52f53b,49025739671819942083121513029235116166978004096133251576933842483273747488848
2026-04-28T19:00:03.596854+00:00,2026-04-28T19:08:54.021598+00:00,momentum,"Bitcoin Up or Down - April 28, 3:00PM-3:05PM ET",DOWN,Down,2.0,0.52,,WIN,YES,1.8461538461538458,Down,0x05f695092bee1b3223c793e671e1aef9473d29b02a3c242a357d8a01fd48e4fd,75547139675132333274638588173644318720437805553584560931577083454197772324090
2026-04-28T19:00:01.046241+00:00,2026-04-28T19:09:53.742140+00:00,momentum,"Solana Up or Down - April 28, 3:00PM-3:05PM ET",DOWN,Down,4.0,0.51,,WIN,YES,3.8431372549019605,Down,0x26c454a86fa19cae86f5b117d759089d013a804e6f54875418461c20864dad10,58991463329377767882480541453714312129915928900383007148856089062674045628248
2026-04-28T19:00:01.079181+00:00,2026-04-28T19:09:53.898096+00:00,momentum,"Ethereum Up or Down - April 28, 3:00PM-3:05PM ET",DOWN,Down,4.0,0.51,,WIN,YES,3.8431372549019605,Down,0x9fda69c64e04429f61a8f98871a9c28d498e08d74f4813dcc4e25d442f85a8b9,100127681388445653699977780815901312770992085441508192954858626015916161246635
2026-04-28T19:05:00.945927+00:00,2026-04-28T19:14:55.981977+00:00,momentum,"Ethereum Up or Down - April 28, 3:05PM-3:10PM ET",DOWN,Down,2.0,0.53,,LOSS,NO,-2.0,Up,0xa06ce64290ab939aa4c4892682c222f286be2fd8e454fc2dbbddc5e4d7afbe31,15182898251316707881036476648646603211134645146289224374342561563523770492484
2026-04-28T19:05:00.966330+00:00,2026-04-28T19:14:56.020212+00:00,momentum,"Solana Up or Down - April 28, 3:05PM-3:10PM ET",DOWN,Down,2.0,0.51,,LOSS,NO,-2.0,Up,0xa1b8ceb876a690667587d24d5ef5c005764735f74378d35b2942397a79d7c7b9,72236137361787874419775973404394561819582224076006964561008875484659919072595
2026-04-28T19:05:01.987787+00:00,2026-04-28T19:14:56.234678+00:00,momentum,"Bitcoin Up or Down - April 28, 3:05PM-3:10PM ET",DOWN,Down,2.0,0.52,,WIN,YES,1.8461538461538458,Down,0x587f2e1907fa771adf801e5ca523911d28825617932b0f422f1c08d27109cc3c,72109807123948036973485527930461978903630800862293350170825080164405733893463
2026-04-28T19:05:02.012721+00:00,2026-04-28T19:14:56.369886+00:00,momentum,"XRP Up or Down - April 28, 3:05PM-3:10PM ET",UP,Up,2.0,0.99,,WIN,YES,0.020202020202020332,Up,0x14f346687c09af93d56bd573de994ba887bb5028a993f3974d78eeb3a25cfd06,96803608139836967791687669679541898892955390067313122881207284454525168054474
2026-04-28T19:10:00.423023+00:00,2026-04-28T19:20:59.732170+00:00,momentum,"Ethereum Up or Down - April 28, 3:10PM-3:15PM ET",DOWN,Down,2.0,0.515,,WIN,YES,1.883495145631068,Down,0x590ab4290ed40dc28366817a2f379662604e73fb527fdac255a7cedfd245600c,77451757573422462172704204668640594063746088999689438663178492121721907931690
2026-04-28T19:10:01.746432+00:00,2026-04-28T19:20:59.988430+00:00,momentum,"Solana Up or Down - April 28, 3:10PM-3:15PM ET",DOWN,Down,4.0,0.51,,WIN,YES,3.8431372549019605,Down,0x2fc651d5cbc1d590f837116eee23b05eec52f8122598e372a9637733fb499cf1,90747438077913885592738956986823765536438086495834551715260657909696090483388
2026-04-28T19:10:01.810359+00:00,2026-04-28T19:21:00.031694+00:00,momentum,"Bitcoin Up or Down - April 28, 3:10PM-3:15PM ET",UP,Up,2.0,0.51,,LOSS,NO,-2.0,Down,0x9d21d96a0cdaa131df54d453f050104863b9d99a90f9c1efe860b0767a5f4fa6,94897871568698956329222738450046616590804137673747982422973265862890093497765
2026-04-28T19:10:01.714011+00:00,2026-04-28T19:22:00.251401+00:00,momentum,"XRP Up or Down - April 28, 3:10PM-3:15PM ET",DOWN,Down,2.0,0.53,,WIN,YES,1.773584905660377,Down,0xd354800ce8690fcb78e77f287f2141984152aa2444e6482d5587e3e3c0c2c0bf,39357235772667797372339942596147234086466360807556536720639921446980873101042
2026-04-28T19:15:00.992569+00:00,2026-04-28T19:24:01.211439+00:00,momentum,"Solana Up or Down - April 28, 3:15PM-3:20PM ET",DOWN,Down,2.0,0.54,,LOSS,NO,-2.0,Up,0xfc4a1737ce7429e3b5e8ccda9f3d6ce2d1bcbfad5c0262707604e0dac060111b,54322563921272507370089121310212851736180889323081621390773379541619257912643
2026-04-28T19:15:07.511401+00:00,2026-04-28T19:24:01.584295+00:00,momentum,"Ethereum Up or Down - April 28, 3:15PM-3:20PM ET",DOWN,Down,2.0,0.69,,WIN,YES,0.8985507246376816,Down,0xf2da2a55a86330263f4c8d4f49be0880fdcce8e39a5f905735fa208b1d9fdf5d,52071777046843388938196794327226208916511965136044523807454981164467717825804
2026-04-28T19:15:01.018438+00:00,2026-04-28T19:25:02.012697+00:00,momentum,"Bitcoin Up or Down - April 28, 3:15PM-3:20PM ET",UP,Up,4.0,0.52,,WIN,YES,3.6923076923076916,Up,0x34eec7693d5f35d24ea9a01dfd5ea0a7ea2ce23a72ea7c6384abccae7754ba8d,41083649714111487610748271608514499511798556488022811815853155159239668990163
2026-04-28T19:15:07.540158+00:00,2026-04-28T19:25:02.291954+00:00,momentum,"XRP Up or Down - April 28, 3:15PM-3:20PM ET",DOWN,Down,2.0,0.75,,WIN,YES,0.6666666666666665,Down,0xb895dcb78b03fc96782c43d2a35cefe64803ea0f0752625b2ea8d1a35782ee59,23436471295502439383904871085366188343959552700637627935953394125762454703713
2026-04-28T19:20:00.806237+00:00,2026-04-28T19:30:03.981795+00:00,momentum,"Bitcoin Up or Down - April 28, 3:20PM-3:25PM ET",UP,Up,2.0,0.525,,LOSS,NO,-2.0,Down,0xc0ccbce613768c4e0e60b7285d718928858b13a0dfdae311f9d41507fa507059,21209558569227291023922241247376953234771002460322043084154466483506324387945
2026-04-28T19:20:05.011333+00:00,2026-04-28T19:30:04.592865+00:00,momentum,"Solana Up or Down - April 28, 3:20PM-3:25PM ET",DOWN,Down,4.0,0.64,,WIN,YES,2.25,Down,0xdcb77e74acc79f547dc108256e96a83a4f49a25d1b1eb62a3f702b5eb41bd74d,107606309551924436635040016490296460010693929254277358711878584822957317378251
2026-04-28T19:20:01.896771+00:00,2026-04-28T19:31:05.018098+00:00,momentum,"XRP Up or Down - April 28, 3:20PM-3:25PM ET",DOWN,Down,2.0,0.51,,WIN,YES,1.9215686274509802,Down,0x2afbff15e925355a6535643c26e3c6599bfc4a38227fc878def95a1328b67617,81811997503064107159390510274883566863906460880979155153870956724144662054766
2026-04-28T19:20:04.987581+00:00,2026-04-28T19:31:05.055679+00:00,momentum,"Ethereum Up or Down - April 28, 3:20PM-3:25PM ET",DOWN,Down,2.0,0.54,,LOSS,NO,-2.0,Up,0xf545d989ca60f49f25989598838daae389a6b9b9fd379875f6eacbe6645dea37,107437010007597573102380263759827030232795562575566966182511656941584184294505
2026-04-28T19:25:00.752704+00:00,2026-04-28T19:36:07.788964+00:00,momentum,"Solana Up or Down - April 28, 3:25PM-3:30PM ET",DOWN,Down,8.0,0.51,,LOSS,NO,-8.0,Up,0xf6c71d4af54556a234e6b81b42459cf8780f010a100a3b40feeadabff6cf719b,13632359290502573520939551819959919732585717750973481367156928019087582964485
2026-04-28T19:25:00.779603+00:00,2026-04-28T19:36:07.921462+00:00,momentum,"Bitcoin Up or Down - April 28, 3:25PM-3:30PM ET",UP,Up,4.0,0.545,,WIN,YES,3.339449541284403,Up,0x8ade9783de7585ae2e5d88a49304660a484fc35d219e9272309b11c18b62301b,91088403993779828186284587519278521024243015465728450120933249845748732659960
2026-04-28T19:25:04.119985+00:00,2026-04-28T19:36:08.082016+00:00,momentum,"Ethereum Up or Down - April 28, 3:25PM-3:30PM ET",UP,Up,4.0,0.51,,WIN,YES,3.8431372549019605,Up,0xf9d825cf37c21e7c93ed1ea0c88a1f96f0ddc6dd2dbef7d8b3110324c33cdac3,43977879925594210846817881047017652332514652423896666827437604800184728462044
2026-04-28T19:25:16.743877+00:00,2026-04-28T19:36:08.225389+00:00,momentum,"XRP Up or Down - April 28, 3:25PM-3:30PM ET",UP,Up,2.0,0.99,,WIN,YES,0.020202020202020332,Up,0xd5461128d918e2276c8c837d1d4d329f71d8c3ced915a6f2146572011c64f3c9,29793363118541302485700180777058184485924069265902302566390714216371114301860
2026-04-28T19:30:00.440860+00:00,2026-04-28T19:39:10.221880+00:00,momentum,"XRP Up or Down - April 28, 3:30PM-3:35PM ET",DOWN,Down,2.0,0.51,,WIN,YES,1.9215686274509802,Down,0xc619b86c2c7da3f644cbe907caade799965b1fcfec14e3dbd0017ed160fe5831,54315690788062922710850278463601490138275876231190520905987892706796661416133
2026-04-28T19:30:03.920686+00:00,2026-04-28T19:39:10.403018+00:00,momentum,"Ethereum Up or Down - April 28, 3:30PM-3:35PM ET",DOWN,Down,2.0,0.56,,WIN,YES,1.5714285714285712,Down,0x19e0e76bef196caf424d425e9d3759552aad1932e3f9815a769f7ef19d45ac04,64061799464178805141158044857868372751742739362887518685427960918900726914000
2026-04-28T19:30:07.920313+00:00,2026-04-28T19:39:10.434994+00:00,momentum,"Solana Up or Down - April 28, 3:30PM-3:35PM ET",DOWN,Down,16.0,0.53,,LOSS,NO,-16.0,Up,0x8233a7201338f1fa396fae1b82c93d6d775ce244037741bacace92151515f617,103975572763966849625817274334463875898264254669935180763138015182388394341381
2026-04-28T19:30:00.412084+00:00,2026-04-28T19:40:10.611207+00:00,momentum,"Bitcoin Up or Down - April 28, 3:30PM-3:35PM ET",UP,Up,2.0,0.52,,LOSS,NO,-2.0,Down,0x4eb720466d16854871b5fae06441f24cee8605b86d1add7bbdb5f2989315f53d,34855280528990970800832175967147224283880501103748283528414230011982682721830
2026-04-28T19:35:09.847965+00:00,2026-04-28T19:44:12.294964+00:00,momentum,"Ethereum Up or Down - April 28, 3:35PM-3:40PM ET",DOWN,Down,2.0,0.51,,LOSS,NO,-2.0,Up,0x35e37b660c09944fd60233b1c4c94ffe36a0bd5e81aa71ce062c9a6045cab16f,52099785398398063085220248061924237239888510316454658898903638670980785909227
2026-04-28T19:35:02.525207+00:00,2026-04-28T19:45:12.512786+00:00,momentum,"Bitcoin Up or Down - April 28, 3:35PM-3:40PM ET",DOWN,Down,4.0,0.51,,LOSS,NO,-4.0,Up,0x72bfe6ca8db66f1b379e6566a871447c6ca757f894cffe8f981096fec0f2ae72,66621445198169400930549340485227131290220120644790291572644883807634620099844
2026-04-28T19:35:22.169727+00:00,2026-04-28T19:45:12.747236+00:00,momentum,"XRP Up or Down - April 28, 3:35PM-3:40PM ET",UP,Up,2.0,0.53,,WIN,YES,1.773584905660377,Up,0x345bd3117aceccfb672d2438c521a05adc5aceb04e294f7031eb06bcab5be94e,6119275373283317819873614482640644274976974319308857504258882466650151456784
2026-04-28T19:35:12.919880+00:00,2026-04-28T19:46:12.920015+00:00,momentum,"Solana Up or Down - April 28, 3:35PM-3:40PM ET",DOWN,Down,32.0,0.51,,LOSS,NO,-32.0,Up,0x13ec2f8acdc8e4223d275039b6ec8a1deb1376ea7cbaf0c9f98f7f5b7eacbd85,101578447776749725112438881409900030766112918376289333139978892033053272659678
2026-04-28T19:40:12.618115+00:00,2026-04-28T19:50:15.610147+00:00,momentum,"XRP Up or Down - April 28, 3:40PM-3:45PM ET",UP,Up,2.0,0.51,,WIN,YES,1.9215686274509802,Up,0xf37310a998b46806b6b0cfb137ba6390f4d85bed83212ec70864490ade62faf9,24291059853677976799503748167961294635375214936811362582895044337176808717282
2026-04-28T19:40:00.995294+00:00,2026-04-28T19:51:16.172142+00:00,momentum,"Solana Up or Down - April 28, 3:40PM-3:45PM ET",DOWN,Down,32.0,0.515,,LOSS,NO,-32.0,Up,0x7c7ab87e2041a33aeccd4072867129544426885bb18916104b3f8c77bf918749,71425358177599193840170727513092239971770715836385293192253610074930132175887
2026-04-28T19:40:05.260056+00:00,2026-04-28T19:51:16.334488+00:00,momentum,"Bitcoin Up or Down - April 28, 3:40PM-3:45PM ET",UP,Up,4.0,0.51,,WIN,YES,3.8431372549019605,Up,0xb4eb5e8083cdb623dbe58e88e56cabb1c117849d9d3324783ee6ed380ca26f97,96924562201265224985429815093154184558047076464105501310247771862712410413211
2026-04-28T19:40:00.971759+00:00,2026-04-28T19:52:16.493286+00:00,momentum,"Ethereum Up or Down - April 28, 3:40PM-3:45PM ET",DOWN,Down,2.0,0.515,,LOSS,NO,-2.0,Up,0x7c6bb1b4d39512dbe95f1bdb5204f7f06c8665a6804f2055011faeda1fb5b698,13550787220911694036904971059915834887135787747219476121577982580431606788366
2026-04-28T19:45:00.221915+00:00,2026-04-28T19:54:17.446909+00:00,momentum,"Bitcoin Up or Down - April 28, 3:45PM-3:50PM ET",DOWN,Down,2.0,0.53,,WIN,YES,1.773584905660377,Down,0x86dd7d2b489b7aaf620a50e2dd8fbc46090a591185cd2c03da65e87e8a3301db,75086926661788146994567237202080676925203757369585855906707498033718447183952
2026-04-28T19:45:00.255508+00:00,2026-04-28T19:54:17.609269+00:00,momentum,"Ethereum Up or Down - April 28, 3:45PM-3:50PM ET",DOWN,Down,4.0,0.58,,WIN,YES,2.8965517241379315,Down,0xc7126145dc7a0c6b92befff66b6e5a325a4bd92464a30f3fcfed9ab75245d93b,113826846714873957852179938696343072937760424689660619019371417391250853170411
2026-04-28T19:45:03.736798+00:00,2026-04-28T19:54:17.878075+00:00,momentum,"XRP Up or Down - April 28, 3:45PM-3:50PM ET",UP,Up,2.0,0.54,,WIN,YES,1.7037037037037033,Up,0xbd4aba0622e5619ad9570e91377d2ff6f68c63a7cedfbe9ce6d2b72807fb6ed2,51156063350876558710836813719877805661746506346654257191817624625586628845596
2026-04-28T19:45:00.295610+00:00,2026-04-28T19:55:17.461700+00:00,momentum,"Solana Up or Down - April 28, 3:45PM-3:50PM ET",DOWN,Down,64.0,0.52,,WIN,YES,59.076923076923066,Down,0x7540540694cfffd1f42462530fb2eda9aa3f35412a7f712f7bb613fa5de518e3,112178819340411334441765433579914281489005679782165207172676083165164366088664
2026-04-28T19:50:00.174399+00:00,2026-04-28T19:59:20.731696+00:00,momentum,"Solana Up or Down - April 28, 3:50PM-3:55PM ET",DOWN,Down,2.0,0.52,,LOSS,NO,-2.0,Up,0xcbbada3e69f14cc675b7f246a0d385da03325b29498d1ef64ecf3a033e743b10,13537937089628628247744669180622905432485479465589488355445985577714345389223
2026-04-28T19:50:00.213188+00:00,2026-04-28T19:59:20.763574+00:00,momentum,"Ethereum Up or Down - April 28, 3:50PM-3:55PM ET",DOWN,Down,2.0,0.55,,LOSS,NO,-2.0,Up,0x919e519fe2029928a229f18f323dc13ebf96f6f8a3fe3d719b7c392d901b72c5,33826385767252450229430065106432943067593937821330341954173812297439384296836
2026-04-28T19:50:00.249838+00:00,2026-04-28T19:59:20.803149+00:00,momentum,"XRP Up or Down - April 28, 3:50PM-3:55PM ET",DOWN,Down,2.0,0.51,,LOSS,NO,-2.0,Up,0xef1902e6096182a5524955f030df256ce25fa9e6d39e9a1809bf949d149833a8,9929989179241269043834781835473283748417869338992367292794692638103256065044
2026-04-28T19:50:00.281858+00:00,2026-04-28T19:59:20.839739+00:00,momentum,"Bitcoin Up or Down - April 28, 3:50PM-3:55PM ET",DOWN,Down,2.0,0.52,,LOSS,NO,-2.0,Up,0x2a448b558984524328349e2af7ecd1ea8ce77d0a9d9d94977f59545eccd7513b,29599037133764588126024262602111287706269070178958294056417121967227429803441
2026-04-28T19:55:00.851394+00:00,2026-04-28T20:06:26.089630+00:00,momentum,"Solana Up or Down - April 28, 3:55PM-4:00PM ET",DOWN,Down,4.0,0.515,,WIN,YES,3.766990291262136,Down,0x00df01d0d2ca435dc8f1782ce826c6a412766ade66be56e87ae4a1307002e4f6,73639195465506090425513216803978685164351048769795110844232583529991177846762
2026-04-28T19:55:00.885031+00:00,2026-04-28T20:06:26.326547+00:00,momentum,"XRP Up or Down - April 28, 3:55PM-4:00PM ET",DOWN,Down,4.0,0.52,,WIN,YES,3.6923076923076916,Down,0x069b6ec8129d72a577b72e1dab9ce6c6d47e5fd7e3dcc242c27128e93e40a337,109546011100572123997521937537921340589824026886569763757144971457733886463936
2026-04-28T19:55:00.915565+00:00,2026-04-28T20:06:26.475470+00:00,momentum,"Bitcoin Up or Down - April 28, 3:55PM-4:00PM ET",UP,Up,4.0,0.535,,WIN,YES,3.4766355140186915,Up,0x9359cb404b553685fb771bd4e6ef17b56aebeac18246ef37a9299558436f19d8,96795580852174324932279148142197046238561003223782437147406474074643902810532
2026-04-28T19:55:00.812941+00:00,2026-04-28T20:07:25.392997+00:00,momentum,"Ethereum Up or Down - April 28, 3:55PM-4:00PM ET",DOWN,Down,4.0,0.535,,WIN,YES,3.4766355140186915,Down,0xe1ab75a3714195d62dae8d2920f71131aa5c73fc6febcea3d71e194f5fc43cc8,25749430263167940336668227498077053568963507223027908485827353972388965733669
2026-04-28T20:00:00.963613+00:00,2026-04-28T20:08:25.800607+00:00,momentum,"XRP Up or Down - April 28, 4:00PM-4:05PM ET",DOWN,Down,2.0,0.53,,LOSS,NO,-2.0,Up,0x871a0891bc032a2fa0b005daf1f9f8b72395728a492c23e27c1f32e54a1dba8c,62628384135921414832865698780584847842337342836936200060530647336379163605506
2026-04-28T20:00:00.896174+00:00,2026-04-28T20:09:25.394559+00:00,momentum,"Bitcoin Up or Down - April 28, 4:00PM-4:05PM ET",DOWN,Down,2.0,0.55,,LOSS,NO,-2.0,Up,0x4f3c4339f4ab3e64a526ee1cacd9acf48841ca6760f175b30dacdb0e6d712be1,43244805353476985672173501256050107681268550235316502247736627365476843339705
2026-04-28T20:00:00.925308+00:00,2026-04-28T20:09:25.432846+00:00,momentum,"Ethereum Up or Down - April 28, 4:00PM-4:05PM ET",DOWN,Down,2.0,0.52,,LOSS,NO,-2.0,Up,0xec6d280ce7b6ac4dad4b5b584ebd49b39f07be78646fb9ca4d9743b413b027c5,91379251590464505751197032618278302641673211515562163543223207074972258457324
2026-04-28T20:00:04.389355+00:00,2026-04-28T20:09:25.593856+00:00,momentum,"Solana Up or Down - April 28, 4:00PM-4:05PM ET",UP,Up,2.0,0.61,,WIN,YES,1.278688524590164,Up,0x1a05f088365fa00a38cecdfba47dfdeb6be1292df1946947f4a4c22b3eeb8476,75548716807331273874938144923410378183143758797021398655077111947220084955874
2026-04-28T20:05:05.273978+00:00,2026-04-28T20:14:30.000973+00:00,momentum,"XRP Up or Down - April 28, 4:05PM-4:10PM ET",DOWN,Down,4.0,0.54,,WIN,YES,3.4074074074074066,Down,0x91b56ef6baf9fa5cdee9d7e659be10489ca807299193a2b0097919383191d741,43313184658674746509348430956315509563641474404706663801775864028320864121518
2026-04-28T20:05:00.662448+00:00,2026-04-28T20:15:28.652418+00:00,momentum,"Solana Up or Down - April 28, 4:05PM-4:10PM ET",DOWN,Down,2.0,0.515,,WIN,YES,1.883495145631068,Down,0x2d19e8199371fa762e2f8ad6263b8878d382e6ffff4ea961899129e9a0da16f7,3956795303880712604225894881950408052404769343991954519601777649794103783693
2026-04-28T20:05:00.751364+00:00,2026-04-28T20:15:28.788275+00:00,momentum,"Ethereum Up or Down - April 28, 4:05PM-4:10PM ET",DOWN,Down,4.0,0.525,,WIN,YES,3.6190476190476186,Down,0x390cae364d722e719c08dc9ef33f4ed20490ce9d756514769cff5d8ca29c9ba0,81755429807192167135873370999230732814130742073097266944157026834656156217583
2026-04-28T20:05:00.900220+00:00,2026-04-28T20:16:29.089299+00:00,momentum,"Bitcoin Up or Down - April 28, 4:05PM-4:10PM ET",DOWN,Down,4.0,0.535,,WIN,YES,3.4766355140186915,Down,0x5b8413d67d70fef02b604d500907c6f9dcf51bd00e253d4a7900b09abe136e1c,64210285785746612049485908462928567815689746742496082060078854486152856148232
2026-04-28T20:10:01.081059+00:00,2026-04-28T20:20:32.493059+00:00,momentum,"Solana Up or Down - April 28, 4:10PM-4:15PM ET",DOWN,Down,2.0,0.515,,LOSS,NO,-2.0,Up,0x6aae2bbec5b22238e3734c5149cbbbd06563433fd021124d6ee7cd64b6964911,85611395510262270619775406990213823276571777520176617270153354755369055271532
2026-04-28T20:10:02.107076+00:00,2026-04-28T20:20:32.525237+00:00,momentum,"XRP Up or Down - April 28, 4:10PM-4:15PM ET",DOWN,Down,2.0,0.52,,LOSS,NO,-2.0,Up,0x9544deb10e9d50c4c16e28a5d1d44352a1122a778f7141695e1eaf52be23b348,28809579941842583777413897006511769302018025073718289086465106131480025868927
2026-04-28T20:10:01.017136+00:00,2026-04-28T20:21:32.438927+00:00,momentum,"Bitcoin Up or Down - April 28, 4:10PM-4:15PM ET",DOWN,Down,2.0,0.555,,LOSS,NO,-2.0,Up,0x79d10ff1e422d316baba7c74dd301b4feb777516b4895e91af24eddcda01422b,41514352210266814992054403599224201221250602624416538106990951941540990595802
2026-04-28T20:10:01.053478+00:00,2026-04-28T20:21:32.575313+00:00,momentum,"Ethereum Up or Down - April 28, 4:10PM-4:15PM ET",DOWN,Down,2.0,0.535,,WIN,YES,1.7383177570093458,Down,0x5dc47e052371a6c82803fb63c808d657a882f610f573ea07373ea84ca108247e,23595916862216625282430044435815795744276532875673097236637294592114009046088
2026-04-28T20:15:03.999822+00:00,2026-04-28T20:23:34.162775+00:00,momentum,"XRP Up or Down - April 28, 4:15PM-4:20PM ET",UP,Up,4.0,0.51,,LOSS,NO,-4.0,Down,0x663e334511b7ce19c698e9cb151089bd22344b54acbd5cf5c053011ecaad96ac,16317064994060555319120547768448861020143810680552749427140969320511342697433
2026-04-28T20:15:00.587870+00:00,2026-04-28T20:24:34.400872+00:00,momentum,"Ethereum Up or Down - April 28, 4:15PM-4:20PM ET",DOWN,Down,2.0,0.51,,WIN,YES,1.9215686274509802,Down,0x8510faf77947555e5bc8c2df591e717dacb7f520bbe03d312982d80fbd6fae92,10916327117650285679476256470591370775724399465899325981457788324765212393074
2026-04-28T20:15:13.611700+00:00,2026-04-28T20:24:34.434222+00:00,momentum,"Bitcoin Up or Down - April 28, 4:15PM-4:20PM ET",UP,Up,2.0,0.53,,LOSS,NO,-2.0,Down,0xa10d9415cc65021017d5317439b99730e43715165127cf374faa58a7dc868f1f,108056007399004342297215810223688678404957306607494975678638431553308727726885
2026-04-28T20:15:13.779325+00:00,2026-04-28T20:24:34.469036+00:00,momentum,"Solana Up or Down - April 28, 4:15PM-4:20PM ET",UP,Up,2.0,0.51,,LOSS,NO,-2.0,Down,0xc1d038997217eb72db5fb3ee5c35fd7a074507a9e10cc4f5f33977535d5c33c9,104375792539380280625956421431052695278670996827810169998889723798145495693112
2026-04-28T20:20:00.887018+00:00,2026-04-28T20:29:36.997363+00:00,momentum,"Ethereum Up or Down - April 28, 4:20PM-4:25PM ET",DOWN,Down,2.0,0.515,,WIN,YES,1.883495145631068,Down,0xd846c42c32a3813ba8e1a8f18e17a5b186ff5d260d9249b0ab2645c046ef76ee,87647519755812085434821055390394425624022498569249152622733001734706910469473
2026-04-28T20:20:01.974384+00:00,2026-04-28T20:29:37.163462+00:00,momentum,"Solana Up or Down - April 28, 4:20PM-4:25PM ET",DOWN,Down,2.0,0.51,,WIN,YES,1.9215686274509802,Down,0x09b2505c4fb3a97397800e3fa00763129b2790ac6b605d21d6fd2e301fb868ed,102894130706929135616271186098378392980054825134215981631480659743747952338287
2026-04-28T20:20:00.857309+00:00,2026-04-28T20:30:36.677326+00:00,momentum,"Bitcoin Up or Down - April 28, 4:20PM-4:25PM ET",DOWN,Down,4.0,0.535,,LOSS,NO,-4.0,Up,0x8cb082a431996d4500c4b7315889998f40f3ef793b607fd69524c3591eb88f84,36564770805680172945494810472498566647904246705856235164064409353835615252500
2026-04-28T20:20:43.839413+00:00,2026-04-28T20:30:36.828764+00:00,momentum,"XRP Up or Down - April 28, 4:20PM-4:25PM ET",UP,Up,8.0,0.55,,WIN,YES,6.545454545454545,Up,0xfdd551d5c5fa8ce5032061d47b04b50a2b238e85e1a15e756b1a9de0e40a0baa,55887302161534968380996451697621243629783626646847946437234026340013974772331
2026-04-28T20:25:02.534125+00:00,2026-04-28T20:35:39.508858+00:00,momentum,"XRP Up or Down - April 28, 4:25PM-4:30PM ET",DOWN,Down,2.0,0.52,,LOSS,NO,-2.0,Up,0xccdbdf39e331845f768eb9133f860279960d5aafaabddfbf16fac85447ece897,107316271249806323555898575894726579845533726916842679303776194963784659801765
2026-04-28T20:25:00.392205+00:00,2026-04-28T20:36:39.823983+00:00,momentum,"Bitcoin Up or Down - April 28, 4:25PM-4:30PM ET",UP,Up,8.0,0.545,,LOSS,NO,-8.0,Down,0x8591d82e856d07e51d20279322213368d61ed7450ac2d3b7c9952ae1a0dff99f,75110948707694031419481634920731921694187192533444261884841894403336451439609
2026-04-28T20:25:02.508640+00:00,2026-04-28T20:36:39.969741+00:00,momentum,"Ethereum Up or Down - April 28, 4:25PM-4:30PM ET",DOWN,Down,2.0,0.57,,WIN,YES,1.5087719298245617,Down,0xe51546f780fefbd083351b08b1da7a48252b1dc2dca5377585b5117598e251d8,77497625906185673619446225723198119425325548613072352496108690402640670137027
2026-04-28T20:25:18.286963+00:00,2026-04-28T20:36:40.110863+00:00,momentum,"Solana Up or Down - April 28, 4:25PM-4:30PM ET",DOWN,Down,2.0,0.52,,WIN,YES,1.8461538461538458,Down,0x935bfe952d6e65cb2dc155a3a50b1a0127948d471760f8058b7fbe990ce3b75e,55028381291771022728068779390228952684352769617969513925321493399998366305486
2026-04-28T20:30:33.084165+00:00,2026-04-28T20:38:41.327666+00:00,momentum,"XRP Up or Down - April 28, 4:30PM-4:35PM ET",DOWN,Down,2.0,0.51,,LOSS,NO,-2.0,Up,0xc483b6a1ffcc7d70edf21283ef22d3af2c3c4dc2b2da711de471d13c6932bb36,52531666416682409652747741102529307878530331766913979818137513932033346335114
2026-04-28T20:30:00.404742+00:00,2026-04-28T20:39:42.238151+00:00,momentum,"Bitcoin Up or Down - April 28, 4:30PM-4:35PM ET",DOWN,Down,2.0,0.56,,LOSS,NO,-2.0,Up,0xcce4696eda7056cf674d9c366bfbe6eb2749cde7b8e2ff11fbaf3bc1b5145834,22393336909676859265217427872475144236836645296121016368796189468030816561116
2026-04-28T20:30:10.566391+00:00,2026-04-28T20:39:42.267908+00:00,momentum,"Solana Up or Down - April 28, 4:30PM-4:35PM ET",DOWN,Down,2.0,0.51,,LOSS,NO,-2.0,Up,0x47cee0c5c112c503bb374a3961f884ae19aca58e74d04cb1cc46e4671bcde1b6,12373692327982300393313594042974225054087038817516557890570011806220690546653
2026-04-28T20:30:00.381081+00:00,2026-04-28T20:42:43.542276+00:00,momentum,"Ethereum Up or Down - April 28, 4:30PM-4:35PM ET",UP,Up,2.0,0.56,,WIN,YES,1.5714285714285712,Up,0x3d69f82eb86acd2a9cfafa3dda8e592c1d7f946b7dbc9b86c0a9ea2c9e00d25c,112128514496399071291810584121876287052232655872433221804207677410600299902208
2026-04-28T20:35:00.652733+00:00,2026-04-28T20:44:44.632791+00:00,momentum,"Solana Up or Down - April 28, 4:35PM-4:40PM ET",UP,Up,4.0,0.51,,LOSS,NO,-4.0,Down,0x585421b557be1382521f7e474b4fda82a64852aabfd74c371df01f886e59c877,35470466621825852853398542268593148884578536690395162408463290215785591663366
2026-04-28T20:35:00.629479+00:00,2026-04-28T20:45:45.226945+00:00,momentum,"Bitcoin Up or Down - April 28, 4:35PM-4:40PM ET",DOWN,Down,4.0,0.55,,WIN,YES,3.2727272727272725,Down,0x3c0b4aba7f40a1b3a4e62e4ffab0867f1cc7d218ba907b1132981baf11acf1b5,55181809331759361902562647728664202030083591945857033606780330496915760208835
2026-04-28T20:35:25.277577+00:00,2026-04-28T20:45:45.716182+00:00,momentum,"Ethereum Up or Down - April 28, 4:35PM-4:40PM ET",DOWN,Down,2.0,0.58,,WIN,YES,1.4482758620689657,Down,0xcfd94076dcfd35610898f95c2429d6fa64a90982f8643ebadc70ea190e2717b7,55852591538404301910933795111051757741881327146976230050032723924050710982653
2026-04-28T20:35:06.887159+00:00,2026-04-28T20:46:46.085195+00:00,momentum,"XRP Up or Down - April 28, 4:35PM-4:40PM ET",DOWN,Down,4.0,0.51,,WIN,YES,3.8431372549019605,Down,0x7934d71f6cbeb22edad5cc95d93157dc9d365820838f89b17b719309d4f96329,52768001746477270509089879288073497449939209004411241138998008489281110126843
2026-04-28T20:40:00.490801+00:00,2026-04-28T20:50:46.583762+00:00,momentum,"Ethereum Up or Down - April 28, 4:40PM-4:45PM ET",UP,Up,2.0,0.515,,LOSS,NO,-2.0,Down,0xd7702e58be9580b9d73737ddac475977f23805ae4fc166a339d7682cebb35c6c,48545234257690382785624726381575924916188546118163762973241510644249872802357
2026-04-28T20:40:02.656604+00:00,2026-04-28T20:50:46.720105+00:00,momentum,"Bitcoin Up or Down - April 28, 4:40PM-4:45PM ET",UP,Up,2.0,0.52,,WIN,YES,1.8461538461538458,Up,0x3c6de218c7b44593f85ca0af1c82a3fc86ec81da7c3485b6e9fec50704fab83a,8279416995935538088321649877180802173663981213516484468280179878242776400253
2026-04-28T20:40:02.686541+00:00,2026-04-28T20:50:46.751056+00:00,momentum,"Solana Up or Down - April 28, 4:40PM-4:45PM ET",UP,Up,4.0,0.52,,LOSS,NO,-4.0,Down,0x2becefd7615aacb4e2f72025b303beb80f3d8795032c8d259c3c584395ac9e34,113887816750065656742126661276956259731966089928086793335376706938792347702143
2026-04-28T20:40:02.710230+00:00,2026-04-28T20:50:46.891745+00:00,momentum,"XRP Up or Down - April 28, 4:40PM-4:45PM ET",DOWN,Down,2.0,0.54,,WIN,YES,1.7037037037037033,Down,0x697d64a4dee3b904cb121248ed8cd65d937febfd51b757b4bec71955720046ba,103391944432621820068575602285886262127623205993090317599525860598168586624979
2026-04-28T20:45:00.612311+00:00,2026-04-28T20:53:47.894642+00:00,momentum,"Solana Up or Down - April 28, 4:45PM-4:50PM ET",UP,Up,4.0,0.515,,WIN,YES,3.766990291262136,Up,0x6a2c975bed62d51a86cc8d66c1b8e673749ef73387f1dbecb39a1033a9ee25ad,288820495794416565299753779891394047558034878058857154653435922958462707519
2026-04-28T20:45:00.570667+00:00,2026-04-28T20:54:48.847949+00:00,momentum,"Ethereum Up or Down - April 28, 4:45PM-4:50PM ET",UP,Up,4.0,0.52,,WIN,YES,3.6923076923076916,Up,0xf08c0eb22ba2fc75f29da1b816a571eb665a43bc3ac1ad3b9fe7ef8661257c39,25519016551234835276745468237141729204620439165290962700013523993215263933278
2026-04-28T20:45:02.081833+00:00,2026-04-28T20:54:48.882765+00:00,momentum,"Bitcoin Up or Down - April 28, 4:45PM-4:50PM ET",DOWN,Down,2.0,0.57,,LOSS,NO,-2.0,Up,0x81321a969f50e91b5ff6593e7d3339c71373941a28a5430962214e132473d1e7,97345413189513202865924961570304644933382207877188648125851815908412660267011
2026-04-28T20:45:08.289394+00:00,2026-04-28T20:54:49.055039+00:00,momentum,"XRP Up or Down - April 28, 4:45PM-4:50PM ET",UP,Up,2.0,0.51,,WIN,YES,1.9215686274509802,Up,0xd0a063068a13f0aea0e84f62ff2ea92470aa392793e81faf595d015b5dcfd52b,19467451392500552787524732800038714000044514162130246230686507460876979519964
2026-04-28T20:50:22.280545+00:00,2026-04-28T20:59:51.290675+00:00,momentum,"XRP Up or Down - April 28, 4:50PM-4:55PM ET",UP,Up,2.0,0.52,,LOSS,NO,-2.0,Down,0xe2c02d347a24aa777e84e100310e08dc242223022d53c20a61b9d6536901d307,49679709092198882464832663172486111862675809893863374386046558012508011548592
2026-04-28T20:50:00.523686+00:00,2026-04-28T21:00:51.759189+00:00,momentum,"Bitcoin Up or Down - April 28, 4:50PM-4:55PM ET",DOWN,Down,4.0,0.55,,LOSS,NO,-4.0,Up,0xb0a7c5786ddfe49a7e73bcf500cc2ee7999e44a76eaf392c948daf23f0845f95,17586117230439334086301639328825555261214864144227666836070583066171425050888
2026-04-28T20:50:03.621222+00:00,2026-04-28T21:00:51.789531+00:00,momentum,"Ethereum Up or Down - April 28, 4:50PM-4:55PM ET",UP,Up,2.0,0.58,,LOSS,NO,-2.0,Down,0x259b828befe62a9d4cada9efd706278e77fbaf55a6367976f38f5411c83cf768,103188631271720557345604684519130089398557029460291274251115732247522448004058
2026-04-28T20:50:03.645364+00:00,2026-04-28T21:00:51.831131+00:00,momentum,"Solana Up or Down - April 28, 4:50PM-4:55PM ET",UP,Up,2.0,0.51,,LOSS,NO,-2.0,Down,0x5828b5976fff841128ecca00bafb8f8ac595a3f2fcb964de7e162018fc9350c2,23565248101561742833298842790861074669103269190412669779363476122540341269797
2026-04-28T20:55:01.023232+00:00,2026-04-28T21:05:55.042184+00:00,momentum,"Bitcoin Up or Down - April 28, 4:55PM-5:00PM ET",UP,Up,8.0,0.535,,WIN,YES,6.953271028037383,Up,0xa7c1e60d914bed3a5efafbb3ada965fcc3144f61de397df471af86dddd0a47dc,55080181182608556866212671774121905041118111345429446751802942964574392178118
2026-04-28T20:55:03.198463+00:00,2026-04-28T21:05:55.329561+00:00,momentum,"XRP Up or Down - April 28, 4:55PM-5:00PM ET",DOWN,Down,4.0,0.51,,WIN,YES,3.8431372549019605,Down,0x916f3d1a04e521f724c492fc10fae0431a3ae385861866d27261c0c92c6d4d6c,65454924681695256226270837184880152743845482560677774618994680239558481786276
2026-04-28T20:55:00.991672+00:00,2026-04-28T21:06:55.623400+00:00,momentum,"Solana Up or Down - April 28, 4:55PM-5:00PM ET",UP,Up,2.0,0.515,,LOSS,NO,-2.0,Down,0x964d6336d9eac3f3a95191518a57116b830bc0ba21bdac186cda650755cac789,107523517077877822821353889633823057579198705059661732031994050172970789962119
2026-04-28T20:55:01.059067+00:00,2026-04-28T21:06:55.658838+00:00,momentum,"Ethereum Up or Down - April 28, 4:55PM-5:00PM ET",UP,Up,4.0,0.515,,LOSS,NO,-4.0,Down,0xcb872b70e29627383daa2ee12c5a98ab14df878f3914cbdda1d00596d3f55ea0,9364825865179782577929850361351662314664166175048103583656030231803061268012
2026-04-28T21:00:01.582822+00:00,2026-04-28T21:09:58.490633+00:00,momentum,"Bitcoin Up or Down - April 28, 5:00PM-5:05PM ET",DOWN,Down,2.0,0.54,,LOSS,NO,-2.0,Up,0xf8a82006d697c046798a467a5755171e45e051e2e095dce89b727f0364efb23f,1781856207848298162903914577521178168617393703618846304079029414172575294096
2026-04-28T21:00:02.120395+00:00,2026-04-28T21:09:58.525552+00:00,momentum,"Solana Up or Down - April 28, 5:00PM-5:05PM ET",DOWN,Down,2.0,0.51,,LOSS,NO,-2.0,Up,0xdda6e794b0e31dff8cc11436fdcbcffd5ba9203c39606a0d8ea2a0f253c27217,95017396945452008366509469240788027332274847136599712037782529299556015047229
2026-04-28T21:00:02.178094+00:00,2026-04-28T21:09:58.572569+00:00,momentum,"XRP Up or Down - April 28, 5:00PM-5:05PM ET",DOWN,Down,2.0,0.52,,LOSS,NO,-2.0,Up,0xefbf71aaac768935e4c65cd9d0ce95f23d7853c6ec0edd7e1234016267736dc3,97754526758224139373201566808894736850330641036231796445179174294883310410897
2026-04-28T21:00:04.394929+00:00,2026-04-28T21:09:58.711063+00:00,momentum,"Ethereum Up or Down - April 28, 5:00PM-5:05PM ET",UP,Up,4.0,0.52,,WIN,YES,3.6923076923076916,Up,0x2f65eb961cf45f353d3b12b8ac819ab4022f96b2b609d09d2786ac92564d5c7f,20279082526052132786670252278102480355984761999655894393434304811670148964289
2026-04-28T21:05:19.582962+00:00,2026-04-28T21:15:01.637887+00:00,momentum,"Ethereum Up or Down - April 28, 5:05PM-5:10PM ET",DOWN,Down,2.0,0.57,,WIN,YES,1.5087719298245617,Down,0xeb50be33901752cb629bb953bd8b00b4fcb4b1ae65bf994d11305d58ff53a0ae,114528866981020457455533799586659328017114886588294184309604145622125082356003
2026-04-28T21:05:00.534006+00:00,2026-04-28T21:16:01.789467+00:00,momentum,"Bitcoin Up or Down - April 28, 5:05PM-5:10PM ET",DOWN,Down,4.0,0.52,,WIN,YES,3.6923076923076916,Down,0xd0edb210a92c0b36eb903ad1a2459bc9204ad2ae9264eb0b01bacb221d06b1c3,1363993451510345912193189086724663387399996913578550670545982956234513220443
2026-04-28T21:05:03.676234+00:00,2026-04-28T21:16:01.947958+00:00,momentum,"XRP Up or Down - April 28, 5:05PM-5:10PM ET",DOWN,Down,4.0,0.51,,WIN,YES,3.8431372549019605,Down,0x668308ffdbe1e0c486caea3af441ae97b9764428fd27342a1598d28c3cfe57ff,46428812850617329850054396832515981113946390269368504763588511611562118452031
2026-04-28T21:05:03.703392+00:00,2026-04-28T21:16:01.982214+00:00,momentum,"Solana Up or Down - April 28, 5:05PM-5:10PM ET",UP,Up,4.0,0.51,,LOSS,NO,-4.0,Down,0xef33435587a0c1488c2633059fbb629ccf9e030e14fa8e2b3cf16779cf6908a3,96006988869899376402031350272966715710642908796792870087788603675818475146305
2026-04-28T21:10:00.294250+00:00,2026-04-28T21:21:05.594936+00:00,momentum,"Solana Up or Down - April 28, 5:10PM-5:15PM ET",DOWN,Down,8.0,0.515,,WIN,YES,7.533980582524272,Down,0xb44cf2e569efa15284ee14bd746833eaba01360b791185276ef8313968920ae9,68703531861869998393519963074122508180476990573456007949828962032066848865326
2026-04-28T21:10:00.226650+00:00,2026-04-28T21:22:05.877052+00:00,momentum,"Bitcoin Up or Down - April 28, 5:10PM-5:15PM ET",DOWN,Down,2.0,0.525,,WIN,YES,1.8095238095238093,Down,0xac402d6c4c98eabe657807c4f944eb44eca140bc0de92e35302fcac38b2c6fbc,33463611865492540675637098367455651689156007521984303061368251671808369475026
2026-04-28T21:10:00.263636+00:00,2026-04-28T21:22:05.916959+00:00,momentum,"XRP Up or Down - April 28, 5:10PM-5:15PM ET",DOWN,Down,2.0,0.515,,LOSS,NO,-2.0,Up,0xe1ec0e278807a8459034c9cc5f6326afcb16903c580495cd30ff692787973061,4823493452012944260208978936384399596390752362437406251087778772506584011808
2026-04-28T21:10:00.325436+00:00,2026-04-28T21:22:05.943774+00:00,momentum,"Ethereum Up or Down - April 28, 5:10PM-5:15PM ET",UP,Up,2.0,0.515,,LOSS,NO,-2.0,Down,0x3de755cda43ce7598cae74ceb7f88f29b99587afa82185ac28c44f26e190ede4,58446246561509395373020596404171050825740268875945564984593549628168603952958
2026-04-28T21:15:00.720707+00:00,2026-04-28T21:24:06.796729+00:00,momentum,"Bitcoin Up or Down - April 28, 5:15PM-5:20PM ET",UP,Up,2.0,0.55,,LOSS,NO,-2.0,Down,0x9931ef80708e0527491815677b6914a9aa33aeda9da6d732b049915671edb7da,40885369797799221015516051756208345780335339509906249684034926889003302254367
2026-04-28T21:15:00.777085+00:00,2026-04-28T21:24:07.022973+00:00,momentum,"Ethereum Up or Down - April 28, 5:15PM-5:20PM ET",UP,Up,4.0,0.53,,LOSS,NO,-4.0,Down,0xb8bb5933e9db531499582f5deddfc8d6c53dfaef0412e7377b0180d97ff88dc0,26693952814790667061966265520727655433681088689828673360944764786357404414766
2026-04-28T21:15:23.691785+00:00,2026-04-28T21:24:07.174982+00:00,momentum,"XRP Up or Down - April 28, 5:15PM-5:20PM ET",DOWN,Down,4.0,0.51,,WIN,YES,3.8431372549019605,Down,0xf99396f5712a82bb69333fc561db2642b551e40f914fc58feee1ad39a2171832,26741766930261242408251131849989178601109186411407413794576983652611587874428
2026-04-28T21:15:00.748578+00:00,2026-04-28T21:25:07.027236+00:00,momentum,"Solana Up or Down - April 28, 5:15PM-5:20PM ET",UP,Up,2.0,0.51,,LOSS,NO,-2.0,Down,0x945b4ee77c5142cfda6f6e31a7008e4e037ed8410a4bd57efece92768b490ea2,100878780491322018348107931801275807061085295097538765292396260575363248467821
2026-04-28T21:20:00.711320+00:00,2026-04-28T21:29:08.459515+00:00,momentum,"XRP Up or Down - April 28, 5:20PM-5:25PM ET",UP,Up,2.0,0.52,,LOSS,NO,-2.0,Down,0x882837c0b45fe93d699572d8a12e409f034bc9bc1e4686fd0374352f36d8bece,109291481645814359882980299319735757971878795889426553302610806653759679520437
2026-04-28T21:20:00.765202+00:00,2026-04-28T21:29:08.618050+00:00,momentum,"Solana Up or Down - April 28, 5:20PM-5:25PM ET",UP,Up,4.0,0.515,,LOSS,NO,-4.0,Down,0x2e7a1ce9ca590f444bf739be593da67dcb44f67b3878c93d8b33ce6a0e85ca01,30317505415616183615706718289903490879094569384615345476370406017196367204508
2026-04-28T21:20:00.736570+00:00,2026-04-28T21:30:08.918263+00:00,momentum,"Ethereum Up or Down - April 28, 5:20PM-5:25PM ET",UP,Up,8.0,0.515,,LOSS,NO,-8.0,Down,0x82dfe43dee5114179a9241855d49da9bf3251b73c2555b8dd925909cc22088db,40237755671571153687915372267627077228150710075289443033400487959480219956827
2026-04-28T21:20:01.793921+00:00,2026-04-28T21:30:09.060924+00:00,momentum,"Bitcoin Up or Down - April 28, 5:20PM-5:25PM ET",DOWN,Down,2.0,0.53,,WIN,YES,1.773584905660377,Down,0x0846bcf9115aa6d018af9c1e9323abbfb39dd4afa70902d1adeb55b6a8c5dc7d,82713525542085889446151762346590554945528356927462486832215399302840415514483
2026-04-28T21:25:08.777745+00:00,2026-04-28T21:36:12.324311+00:00,momentum,"Solana Up or Down - April 28, 5:25PM-5:30PM ET",UP,Up,8.0,0.53,,LOSS,NO,-8.0,Down,0x8a551e7b8432b3cd07b4b41123ceafe924e40b943db05b7447262a071250e87e,11039644160365512472491505080828445592417201160804063716905634426492080638771
2026-04-28T21:25:00.279385+00:00,2026-04-28T21:37:11.855012+00:00,momentum,"Ethereum Up or Down - April 28, 5:25PM-5:30PM ET",UP,Up,2.0,0.52,,LOSS,NO,-2.0,Down,0x5a120ef7a079425a18ac9ecc4919288df945db2d378c961f83739dd4a93677a0,68862567544416747739825912825126372529849722748007152979562021785864280555253
2026-04-28T21:25:00.430972+00:00,2026-04-28T21:37:11.883270+00:00,momentum,"Bitcoin Up or Down - April 28, 5:25PM-5:30PM ET",UP,Up,2.0,0.535,,LOSS,NO,-2.0,Down,0xe4e8a3e37ba977def2c9dd9fc1bacccc561c4f789c3ed6e7202111c558e49f9b,38864434384143775930108173119764579177293699729066077748389585712773697901089
2026-04-28T21:25:08.801902+00:00,2026-04-28T21:37:12.052590+00:00,momentum,"XRP Up or Down - April 28, 5:25PM-5:30PM ET",DOWN,Down,2.0,0.51,,WIN,YES,1.9215686274509802,Down,0x520a69e64e3b48f84957b1e5071b2bc1b623191284781c9135c46713c18b14a4,22141692499542332601026259859452685868138302905544293877852917175157749079080
2026-04-28T21:30:01.958334+00:00,2026-04-28T21:38:13.185961+00:00,momentum,"XRP Up or Down - April 28, 5:30PM-5:35PM ET",UP,Up,2.0,0.51,,LOSS,NO,-2.0,Down,0x9d18a369a4b59f412725ece97426106d5a766f9fb2f749f618a0a799117fcec6,42861805932353118569283780564938199005720409536755863058464382277128057391105
2026-04-28T21:30:00.717169+00:00,2026-04-28T21:39:14.088462+00:00,momentum,"Solana Up or Down - April 28, 5:30PM-5:35PM ET",UP,Up,16.0,0.515,,WIN,YES,15.067961165048544,Up,0x45b1e66efe1e0429f61f884faef44348e48c8e2e65c8874fe32382598bd0b1f1,14124084457862022012822423230781208050840678733387403339701299097815001973637
2026-04-28T21:30:01.918416+00:00,2026-04-28T21:39:14.325328+00:00,momentum,"Bitcoin Up or Down - April 28, 5:30PM-5:35PM ET",UP,Up,4.0,0.54,,WIN,YES,3.4074074074074066,Up,0xbd301cb8eeefe0551541e045bc29af5c1719818a3ef74f1e446768c6a42e5483,78267310501980417301425501546320464392642934895606661382986812963190043064747
2026-04-28T21:30:00.744862+00:00,2026-04-28T21:40:14.394144+00:00,momentum,"Ethereum Up or Down - April 28, 5:30PM-5:35PM ET",UP,Up,4.0,0.535,,WIN,YES,3.4766355140186915,Up,0x1cb302414ca93359f6a17cdd04fcf5d764271f40e986984f8f11bb131e673c10,19016934420859355949694378930514550584068138339978234368158579291691627118844
2026-04-28T21:35:00.312560+00:00,2026-04-28T21:44:15.956294+00:00,momentum,"Bitcoin Up or Down - April 28, 5:35PM-5:40PM ET",UP,Up,2.0,0.51,,WIN,YES,1.9215686274509802,Up,0xdfbc89379cd9bf2c059f326904f31f1b0dddf03229a1a21b9998d7867b0357b3,41857357944352146290988040482983527255903019981724227011046840225177122704382
2026-04-28T21:35:00.340690+00:00,2026-04-28T21:44:16.110475+00:00,momentum,"Ethereum Up or Down - April 28, 5:35PM-5:40PM ET",UP,Up,2.0,0.53,,WIN,YES,1.773584905660377,Up,0x341c292f1e309c33fba5527583b6f30243e8be956fd4fdaaa2ba9859586a4198,9304643532003392653191327948649825934827649087028444649169648696170881465412
2026-04-28T21:35:00.368709+00:00,2026-04-28T21:44:16.151478+00:00,momentum,"XRP Up or Down - April 28, 5:35PM-5:40PM ET",UP,Up,2.0,0.51,,LOSS,NO,-2.0,Down,0xbc1af726dcc36f627e0688ed802d41a693c25deb162c783496e84fc45692027c,72117997434726274414323635484730632114389958845349511137780171325525122931377
2026-04-28T21:35:13.605343+00:00,2026-04-28T21:44:16.183254+00:00,momentum,"Solana Up or Down - April 28, 5:35PM-5:40PM ET",UP,Up,2.0,0.75,,LOSS,NO,-2.0,Down,0x04b7992d3de984c34da79644f41fd771a935207afca856520807a906dd32bd07,65799777999364314724985820323357164256776860928406193508340799923744511481432
2026-04-28T21:40:00.548302+00:00,2026-04-28T21:50:19.270100+00:00,momentum,"Ethereum Up or Down - April 28, 5:40PM-5:45PM ET",UP,Up,2.0,0.515,,LOSS,NO,-2.0,Down,0xf2499b48644b41b9e57510a5ad014aaf4cfdc4a3044859d85f422ee9b6dae401,23709371894014343847379918390347191208151657068334613087945030412740225991862
2026-04-28T21:40:01.792941+00:00,2026-04-28T21:51:19.673575+00:00,momentum,"XRP Up or Down - April 28, 5:40PM-5:45PM ET",UP,Up,4.0,0.51,,LOSS,NO,-4.0,Down,0x0447e1c488c12acb3b72e852667f337d363949e14e485e884a395a53840d50a8,15427041263385054049936179081366983461740375309910394309437488488361985482319
2026-04-28T21:40:04.901120+00:00,2026-04-28T21:51:19.717683+00:00,momentum,"Solana Up or Down - April 28, 5:40PM-5:45PM ET",UP,Up,2.0,0.63,,LOSS,NO,-2.0,Down,0x7f7f2f9322ecc4d79b6b1479e0928584f67518412c003eaf90c4ba431efb384d,105633711220275266943228464132124683197754745151027709807208341894962435796598
2026-04-28T21:40:01.758084+00:00,2026-04-28T21:52:19.756301+00:00,momentum,"Bitcoin Up or Down - April 28, 5:40PM-5:45PM ET",UP,Up,2.0,0.52,,LOSS,NO,-2.0,Down,0x1de12b516cfdbafd152ae44e7b3a6d76c4b95d78d1b3071c08a737fa3cf64af1,23756323532154075165282780255326664092115581031943672465862837498065676782115
2026-04-28T21:45:00.805591+00:00,2026-04-28T21:54:20.843435+00:00,momentum,"Solana Up or Down - April 28, 5:45PM-5:50PM ET",UP,Up,2.0,0.51,,WIN,YES,1.9215686274509802,Up,0x4931ac4a68190eba3517e78fc39866bc1180a4ed1c7160d8ef3afbcbe3085fe9,38384475784356787509823921019090836084816381953851111310331287727708724855125
2026-04-28T21:45:00.829647+00:00,2026-04-28T21:54:20.984886+00:00,momentum,"Ethereum Up or Down - April 28, 5:45PM-5:50PM ET",UP,Up,2.0,0.52,,WIN,YES,1.8461538461538458,Up,0xd531647b12867df3e795189a2e0f3c89d9e2b5408f47eda4127912f81fe9c49c,52070472476855665175942758599118035399681812715811355151148511660418818008728
2026-04-28T21:45:18.545268+00:00,2026-04-28T21:54:21.136529+00:00,momentum,"XRP Up or Down - April 28, 5:45PM-5:50PM ET",DOWN,Down,4.0,0.51,,LOSS,NO,-4.0,Up,0x2b67f8e8625b3610152fa7000cb673677c1e8c8fa5c6a5b5e90f811b5bbec3a7,43751714044646261754453772036522359674934218327899554919288244066334568219813
2026-04-28T21:45:02.438750+00:00,2026-04-28T21:55:21.926010+00:00,momentum,"Bitcoin Up or Down - April 28, 5:45PM-5:50PM ET",UP,Up,2.0,0.51,,WIN,YES,1.9215686274509802,Up,0xcc601cc498e1005f570409311d7db582a65e3e309d5915a11255af2dfe65760f,73551555200303822810843640964076630207303502826591723295293831958689935923208
2026-04-28T21:50:00.206702+00:00,2026-04-28T21:59:24.624175+00:00,momentum,"XRP Up or Down - April 28, 5:50PM-5:55PM ET",UP,Up,8.0,0.52,,WIN,YES,7.384615384615383,Up,0x30484117481c2c9547158d0ed52596072e86822bc2d0d6911041b26fda3d353e,99205070014653665773027616994569399877238445804765258234495604116499832022613
2026-04-28T21:50:00.240420+00:00,2026-04-28T22:00:25.028982+00:00,momentum,"Ethereum Up or Down - April 28, 5:50PM-5:55PM ET",UP,Up,2.0,0.54,,LOSS,NO,-2.0,Down,0xb8561425fbbce45777a57570fdfa670634cb0f5f8c45c7c36d44c86e0ec3637e,33923960674063343936626091817177972434767836466602993038128689455947813307362
2026-04-28T21:50:00.275936+00:00,2026-04-28T22:00:25.060078+00:00,momentum,"Bitcoin Up or Down - April 28, 5:50PM-5:55PM ET",UP,Up,2.0,0.51,,LOSS,NO,-2.0,Down,0x5f0f1697ded8959ed337b42d09abd7b0a563db7464d44719dfbfa598da780d54,49417755057623850115362734137938597849924402785552890934627407505253572994847
2026-04-28T21:50:00.310474+00:00,2026-04-28T22:00:25.105351+00:00,momentum,"Solana Up or Down - April 28, 5:50PM-5:55PM ET",UP,Up,2.0,0.53,,LOSS,NO,-2.0,Down,0xbc0a0a0f344a829c20604092e80136a01c0509be27529b3e87e058369ecfcb85,16179494309232749232466061418482829313893319506926375107298184420525862631178
2026-04-28T21:55:00.690180+00:00,2026-04-28T22:05:29.160619+00:00,momentum,"Solana Up or Down - April 28, 5:55PM-6:00PM ET",DOWN,Down,2.0,0.52,,LOSS,NO,-2.0,Up,0x7761076eb33349fce1f60a42432e81d76a7d35aec181b24b5ed5843d225605d9,449695817590131716857251099139575144899560704265481660506800652408358676182
2026-04-28T21:55:00.612841+00:00,2026-04-28T22:07:29.269709+00:00,momentum,"Bitcoin Up or Down - April 28, 5:55PM-6:00PM ET",UP,Up,4.0,0.51,,WIN,YES,3.8431372549019605,Up,0xaa9a1a410aed93554c07e78de1a878a4fa62d93fc7352c1879e32cdcc010ba26,15353312922124813015366469762326921074275098448026772845779221003073294959435
2026-04-28T21:55:00.638977+00:00,2026-04-28T22:07:29.428421+00:00,momentum,"Ethereum Up or Down - April 28, 5:55PM-6:00PM ET",UP,Up,4.0,0.54,,WIN,YES,3.4074074074074066,Up,0x9479fd2ee520899d141c4a439e3e03513b6ee1bfaf6f378ba0584c9000082d2a,53826593126738357000424397369614370945453228148233730751187706345219589668049
2026-04-28T21:55:00.664964+00:00,2026-04-28T22:07:29.569951+00:00,momentum,"XRP Up or Down - April 28, 5:55PM-6:00PM ET",UP,Up,16.0,0.51,,WIN,YES,15.372549019607842,Up,0x799a21b062dd27e42e7e1de55eb9b5c51790110358899ef208cbc01ea17e16f8,14262079187775882724647428747153202151052334271466168133449992119311856326221
2026-04-28T22:00:02.742756+00:00,2026-04-28T22:08:30.166191+00:00,momentum,"Bitcoin Up or Down - April 28, 6:00PM-6:05PM ET",UP,Up,2.0,0.56,,WIN,YES,1.5714285714285712,Up,0x0709760f51e7f512b1b47d704060fe9549ec490ebea54ee344581a5187f20055,3888078178623736903613475115108466437574481890797709064963177406421036638088
2026-04-28T22:00:02.776822+00:00,2026-04-28T22:08:30.313018+00:00,momentum,"Ethereum Up or Down - April 28, 6:00PM-6:05PM ET",UP,Up,2.0,0.6,,WIN,YES,1.3333333333333335,Up,0xc7ecbe44270537d70c7d6ff4954bdeda854dcc8746e5a101bf68665fb545509f,81685266845976111798918024998523212488385732845581173915698207713018357473862
2026-04-28T22:00:02.803842+00:00,2026-04-28T22:08:30.462141+00:00,momentum,"Solana Up or Down - April 28, 6:00PM-6:05PM ET",UP,Up,4.0,0.51,,WIN,YES,3.8431372549019605,Up,0x4bfd8bf03701a350600aaff1b5b16cf9407d8d41197c336774c673ab70f45bcd,107978933891759390217234702695154744829655446078039515046073853161365514521991
2026-04-28T22:00:00.645011+00:00,2026-04-28T22:09:30.722803+00:00,momentum,"XRP Up or Down - April 28, 6:00PM-6:05PM ET",UP,Up,2.0,0.515,,WIN,YES,1.883495145631068,Up,0x6917b6059bc3ce5e9b7264eccca5e8e3b68c4c851b66e9665049cd4912d847b9,24843676979615641152956018204183795190186539149429897225335204511414089168657
2026-04-28T22:05:00.562033+00:00,2026-04-28T22:14:33.980981+00:00,momentum,"Ethereum Up or Down - April 28, 6:05PM-6:10PM ET",DOWN,Down,2.0,0.51,,LOSS,NO,-2.0,Up,0xc63795436236f8da29ad9b7f7cbf4751bb4f7e5953a4ed3bbd8816561068d54c,10358329585418097551852997165205550998162838629497389624056383026708485210078
2026-04-28T22:05:01.761219+00:00,2026-04-28T22:14:34.011360+00:00,momentum,"Bitcoin Up or Down - April 28, 6:05PM-6:10PM ET",DOWN,Down,2.0,0.51,,LOSS,NO,-2.0,Up,0xe3a4303046758405fa51bca6ba4a0c955aa151554422ffd64ec57067c2873b6d,4562962993800016951243294104977323915179066598588263442389282534313642707862
2026-04-28T22:05:00.533234+00:00,2026-04-28T22:15:33.193008+00:00,momentum,"Solana Up or Down - April 28, 6:05PM-6:10PM ET",UP,Up,2.0,0.515,,WIN,YES,1.883495145631068,Up,0xa7bef0a60d57b3f118a670bed41181cd3f8e7de44849213af5d6e4797d8aae39,727359962140499661431036133244795019511786297018030605083508033379498735479
2026-04-28T22:05:04.879256+00:00,2026-04-28T22:15:33.558079+00:00,momentum,"XRP Up or Down - April 28, 6:05PM-6:10PM ET",UP,Up,2.0,0.56,,WIN,YES,1.5714285714285712,Up,0x097bb844369f42b26cf66ae23f9d329b73dc93cf7ca61173814cabf7c2bffd28,55182705419756105614432182767598644102709066272969146783587643677532168007513
2026-04-28T22:10:03.101513+00:00,2026-04-28T22:20:35.322986+00:00,momentum,"Bitcoin Up or Down - April 28, 6:10PM-6:15PM ET",DOWN,Down,4.0,0.51,,WIN,YES,3.8431372549019605,Down,0xa111b43363bd9029927d1d877a9da077608058ef78dc3c4cb18fb3f1a23d073a,92455492686227275112464800387064016011708497426704496062613729798498301766909
2026-04-28T22:10:00.819133+00:00,2026-04-28T22:21:35.391675+00:00,momentum,"Ethereum Up or Down - April 28, 6:10PM-6:15PM ET",DOWN,Down,4.0,0.515,,WIN,YES,3.766990291262136,Down,0xa68fc9d6bf6a8eb2ab28eee5760996e93a320cd4e3abfd72862fb5399e5e0ef4,18649010626817904349509049598485346887151064025470154234939264477061794569023
2026-04-28T22:10:03.129848+00:00,2026-04-28T22:21:35.423787+00:00,momentum,"Solana Up or Down - April 28, 6:10PM-6:15PM ET",UP,Up,2.0,0.51,,LOSS,NO,-2.0,Down,0x26a5ab8f20c1f91c7386b09dda824af226daf7e6152fef28762896507f44150a,59486649095054773294616502652654591085930199381684125487510285837069238259888
2026-04-28T22:10:12.340927+00:00,2026-04-28T22:21:35.545741+00:00,momentum,"XRP Up or Down - April 28, 6:10PM-6:15PM ET",DOWN,Down,2.0,0.66,,WIN,YES,1.0303030303030303,Down,0x9f3ef076e349a631aa9fe4233bd7a4a1dc643f0f94c1a3e00f6a4afc163da208,105113085256833881279907347512646229796029115710846367754953358011890969142892
2026-04-28T22:15:00.160958+00:00,2026-04-28T22:23:36.787813+00:00,momentum,"Ethereum Up or Down - April 28, 6:15PM-6:20PM ET",DOWN,Down,2.0,0.515,,WIN,YES,1.883495145631068,Down,0x62c632c80d15beae2de5b72b2fe3f40747be896aae70f05ee8059ba9728737c2,86231767791031972480775753778980635252096741208220778871493442994683152624544
2026-04-28T22:15:13.739591+00:00,2026-04-28T22:23:40.004733+00:00,momentum,"Bitcoin Up or Down - April 28, 6:15PM-6:20PM ET",UP,Up,2.0,0.55,,LOSS,NO,-2.0,Down,0x7d81068b236512caf42ebc07f07c8795eeaba4ec6734fb1abd2f95e5bf42e141,18480252527819333427069231747928466821777377582866740440409375145341456328365
2026-04-28T22:15:00.194375+00:00,2026-04-28T22:24:37.420434+00:00,momentum,"XRP Up or Down - April 28, 6:15PM-6:20PM ET",DOWN,Down,2.0,0.525,,WIN,YES,1.8095238095238093,Down,0xda1404f69cf03f50beea5107eb7f351b6f0f1196b88cc3f529be47ad70ca651c,72539990238050290737470506105216638932336754101419669713296327736519446354570
2026-04-28T22:15:00.222997+00:00,2026-04-28T22:24:37.453456+00:00,momentum,"Solana Up or Down - April 28, 6:15PM-6:20PM ET",DOWN,Down,4.0,0.515,,LOSS,NO,-4.0,Up,0x48808d50d2764d893041717d02ebb1e7c1b0ac246e882b16d72a92716846c529,33625487192525561230475325692161712083752850586775285503657141611032150765337
2026-04-28T22:20:07.862544+00:00,2026-04-28T22:29:41.948524+00:00,momentum,"Ethereum Up or Down - April 28, 6:20PM-6:25PM ET",UP,Up,2.0,0.52,,WIN,YES,1.8461538461538458,Up,0x34f2354fa1dd650ada737502686de218354d95777985a82137673d8099d504e2,107098579366195423467009714040761471596433105483611744002041298714091574452035
2026-04-28T22:20:01.610356+00:00,2026-04-28T22:30:41.876620+00:00,momentum,"XRP Up or Down - April 28, 6:20PM-6:25PM ET",DOWN,Down,2.0,0.51,,LOSS,NO,-2.0,Up,0xfafd4398a565f0a56158365563ff8d0e10646024e9ef42a5ca18baf6df8e0361,38830678770820405761794850152693072298368719117191551527708301958992390001358
2026-04-28T22:20:04.703892+00:00,2026-04-28T22:30:41.915065+00:00,momentum,"Solana Up or Down - April 28, 6:20PM-6:25PM ET",UP,Up,8.0,0.51,,LOSS,NO,-8.0,Down,0xe824c1ae8cf3c46d2ab0e2524bb0fb0b7697c5cf040982ccb539b947a56ffa0c,9323492751283085670663651382623573770029624721882855602530978780868987374546
2026-04-28T22:20:07.835277+00:00,2026-04-28T22:30:41.955804+00:00,momentum,"Bitcoin Up or Down - April 28, 6:20PM-6:25PM ET",DOWN,Down,4.0,0.56,,LOSS,NO,-4.0,Up,0x63b6cfb338976e3e450aaff6096931138ec27e81b10d3efd0b9eb931192624bb,108775468963352937660453549081380590087534136852529483310436361936146286012731
2026-04-28T22:25:00.437932+00:00,2026-04-28T22:35:44.714133+00:00,momentum,"XRP Up or Down - April 28, 6:25PM-6:30PM ET",DOWN,Down,4.0,0.515,,LOSS,NO,-4.0,Up,0x6a7284834bc97e520089e115a4344d7e89ce81f771ba2650d2fb6ae0dbaff35a,97245432553220246841212017676242565062071492373093577896880400010721766305059
2026-04-28T22:25:12.022528+00:00,2026-04-28T22:35:44.953718+00:00,momentum,"Bitcoin Up or Down - April 28, 6:25PM-6:30PM ET",UP,Up,8.0,0.51,,LOSS,NO,-8.0,Down,0x2977d500cd9c8177b338d2793eb779808fe4b23325d4b984c9097b7cad8ee8fe,77680535503191488555198999828871904908495219670834584772484453792336590772639
2026-04-28T22:25:00.465462+00:00,2026-04-28T22:36:46.125428+00:00,momentum,"Ethereum Up or Down - April 28, 6:25PM-6:30PM ET",UP,Up,2.0,0.515,,LOSS,NO,-2.0,Down,0x3cf17128978983545da52da3d99d89d3aa485dcaaacc56b323ade31725542527,76599035345694536200973761747942787598338175091466062217683337342546954152923
2026-04-28T22:25:02.563706+00:00,2026-04-28T22:36:46.263592+00:00,momentum,"Solana Up or Down - April 28, 6:25PM-6:30PM ET",DOWN,Down,16.0,0.51,,WIN,YES,15.372549019607842,Down,0x980eb828a383541562b2972c55348ada60a379b36d1b7cdfa7c626bb0395d7fc,65907346429959785233417622836678650208079323557186646235666990142529370107641
2026-04-28T22:30:01.012180+00:00,2026-04-28T22:38:47.697336+00:00,momentum,"Ethereum Up or Down - April 28, 6:30PM-6:35PM ET",UP,Up,4.0,0.525,,WIN,YES,3.6190476190476186,Up,0x3e7192090e6750bd6ce5d3d3fce9868a36f1fd69e42be5baaaac40a2871c6df6,55003932959972949242596720736845563416908921250523191119153343803603720753345
2026-04-28T22:30:02.190223+00:00,2026-04-28T22:38:47.829570+00:00,momentum,"Bitcoin Up or Down - April 28, 6:30PM-6:35PM ET",UP,Up,16.0,0.6,,WIN,YES,10.666666666666668,Up,0x3f911422c311a6451e0c9d5a609099c203c611a4f2dacac55b731f08bf498271,1709066224490225058432024808078535350466965056704899905508243291374599912884
2026-04-28T22:30:14.687987+00:00,2026-04-28T22:38:47.874230+00:00,momentum,"XRP Up or Down - April 28, 6:30PM-6:35PM ET",UP,Up,8.0,0.51,,LOSS,NO,-8.0,Down,0xed7aa4f5c058719c099c27b9f0dfd7ab2feea97656cb0b7ad14c1648ee981e77,21804743512420854726314883750036051573211852807107318581041089773950022934497
2026-04-28T22:30:00.978248+00:00,2026-04-28T22:39:47.927849+00:00,momentum,"Solana Up or Down - April 28, 6:30PM-6:35PM ET",UP,Up,2.0,0.51,,WIN,YES,1.9215686274509802,Up,0x45d9ad5ec93cdfaa6d7f25bf4fe049d9e50808cbaad67b2d8cbdb40ad378443f,76593508672736440792310032894098622053577262662343716454176043579156542612407
2026-04-28T22:35:00.807435+00:00,2026-04-28T22:44:49.271983+00:00,momentum,"Bitcoin Up or Down - April 28, 6:35PM-6:40PM ET",UP,Up,2.0,0.51,,LOSS,NO,-2.0,Down,0xf1855d47c0f70732e3d51cf9b690139ea24d31fed71552c8d195b1c60a1aef82,35450116764027743288901099923376927263410593914738909349131804694650685463769
2026-04-28T22:35:34.972588+00:00,2026-04-28T22:44:49.497477+00:00,momentum,"XRP Up or Down - April 28, 6:35PM-6:40PM ET",UP,Up,16.0,0.53,,LOSS,NO,-16.0,Down,0x07e2af5e061e358a40ae4e0b312f1cb7c1d7fe811e24a25ef246f1f632b8996b,115325042611594919424501656139432761770961178740426647856191992675501112494925
2026-04-28T22:35:00.889750+00:00,2026-04-28T22:45:50.282332+00:00,momentum,"Solana Up or Down - April 28, 6:35PM-6:40PM ET",UP,Up,2.0,0.52,,LOSS,NO,-2.0,Down,0x6fc7d066642d8d86e061a8d9ea73559d24d7e0523d7316dc2b419824e2ddc534,79794339730524032123489178442549524834083020967190653062371332563322128256024
2026-04-28T22:35:01.087678+00:00,2026-04-28T22:45:50.314450+00:00,momentum,"Ethereum Up or Down - April 28, 6:35PM-6:40PM ET",UP,Up,2.0,0.52,,LOSS,NO,-2.0,Down,0x736ff28a969c4cedb4c2a2df506e801eb088e02ad02f43e14a4e270b5e07b761,8073373441815020848376205667939194344291969661154930426118455557051435098137
2026-04-28T22:40:00.694324+00:00,2026-04-28T22:50:52.289938+00:00,momentum,"XRP Up or Down - April 28, 6:40PM-6:45PM ET",DOWN,Down,16.0,0.515,,WIN,YES,15.067961165048544,Down,0x5dff7b734a52dcdaa158eff6de474c77fdbca60aacfc491d323c4f012b67dd24,26763643553882703332152929463180924738347134079026289540105620385895529084041
2026-04-28T22:40:03.035993+00:00,2026-04-28T22:50:52.330347+00:00,momentum,"Solana Up or Down - April 28, 6:40PM-6:45PM ET",UP,Up,2.0,0.51,,LOSS,NO,-2.0,Down,0xd894cda751b05c4c40575204a35afcfeb317ce894f132d8dcf81f3f05461c506,71870415632482370564937516989361258193825221840145055116766296475234712961199
2026-04-28T22:40:06.181621+00:00,2026-04-28T22:51:52.371212+00:00,momentum,"Ethereum Up or Down - April 28, 6:40PM-6:45PM ET",DOWN,Down,2.0,0.59,,WIN,YES,1.3898305084745766,Down,0x724c6da81c4d21bf0c6b1850c7c058408d6a8dfd842e1f262f8c32b97b60e9e5,112756651713901392730780061289898682620335920427317172328850243439994330071567
2026-04-28T22:40:09.355061+00:00,2026-04-28T22:51:52.496321+00:00,momentum,"Bitcoin Up or Down - April 28, 6:40PM-6:45PM ET",DOWN,Down,4.0,0.56,,WIN,YES,3.1428571428571423,Down,0x856c5ae1736a08d357beb3cd31cc6979b4da34b3a321166005c27122f232f005,44980086181007489431192812147577933251325099800060803646574515742042551583216
2026-04-28T22:45:02.254006+00:00,2026-04-28T22:53:52.965563+00:00,momentum,"Ethereum Up or Down - April 28, 6:45PM-6:50PM ET",UP,Up,2.0,0.53,,LOSS,NO,-2.0,Down,0x57dbfbbc805be807ab5f62c532f567165dafcd9bf3a78dda3f6717f42f2b940c,87781888333263080369851671430375238124767383604779329397329030642573570509044
2026-04-28T22:45:05.391953+00:00,2026-04-28T22:53:52.994567+00:00,momentum,"Bitcoin Up or Down - April 28, 6:45PM-6:50PM ET",UP,Up,2.0,0.51,,LOSS,NO,-2.0,Down,0xf8b3c850acadd4716eba192241c3c22a05bd9e47dd303b6455ccdb508d036cf0,81206974980778469296216175200470823227211384254368780434851001567268777999682
2026-04-28T22:45:08.672021+00:00,2026-04-28T22:53:53.122796+00:00,momentum,"XRP Up or Down - April 28, 6:45PM-6:50PM ET",DOWN,Down,2.0,0.65,,WIN,YES,1.0769230769230766,Down,0xf2a03dde74d0d74184e403aa2920fcd9664dc909974ee6512d0ae914f4ea01ea,79333612574922645796661304008493167416172788473463897104767591318798638013067
2026-04-28T22:45:00.118546+00:00,2026-04-28T22:54:53.567090+00:00,momentum,"Solana Up or Down - April 28, 6:45PM-6:50PM ET",UP,Up,4.0,0.52,,WIN,YES,3.6923076923076916,Up,0xcd73362faa0244cb2da08c5aef9d82a7f0c7f9a176e73ec5ac49fe6d02271912,109599948050536825004782111439838971325315103394309036311814070365617918812309
2026-04-28T22:50:00.963808+00:00,2026-04-28T22:59:56.518413+00:00,momentum,"Solana Up or Down - April 28, 6:50PM-6:55PM ET",UP,Up,2.0,0.515,,LOSS,NO,-2.0,Down,0xedd57c23bd8955b80f2099de4c3a82a5fa62e0aaf7019329708f159cac4e0c81,26721308621891607666128531150257116984117307343920788705337424179721123760894
2026-04-28T22:50:00.933494+00:00,2026-04-28T23:00:57.110004+00:00,momentum,"Ethereum Up or Down - April 28, 6:50PM-6:55PM ET",UP,Up,4.0,0.515,,LOSS,NO,-4.0,Down,0x028a299448f6e85df275a36eb258a8d9b61f78173acbe7ed2d79ce0e2c4e0c67,54795929821682865219354338270569114072743265108100552584872985904503996264123
2026-04-28T22:50:00.996794+00:00,2026-04-28T23:00:57.144045+00:00,momentum,"XRP Up or Down - April 28, 6:50PM-6:55PM ET",UP,Up,2.0,0.515,,LOSS,NO,-2.0,Down,0xaff7037d886acaa1d8fbcfca21c8ba3e2d3e94a1bd9a65c4620e98256f565752,3602911504923840221204506811831414421760693683456322965871136771915323385364
2026-04-28T22:50:02.035904+00:00,2026-04-28T23:00:57.171999+00:00,momentum,"Bitcoin Up or Down - April 28, 6:50PM-6:55PM ET",UP,Up,4.0,0.54,,LOSS,NO,-4.0,Down,0xd69269d7745293afc7a93e21edaf46511f40c66d0803626e45a8c8c186d7bcc3,74006787961807884627218195414362336834527794732917124286694775215208063579805
2026-04-28T22:55:00.147859+00:00,2026-04-28T23:05:59.230679+00:00,momentum,"XRP Up or Down - April 28, 6:55PM-7:00PM ET",UP,Up,4.0,0.515,,WIN,YES,3.766990291262136,Up,0xe1157b9f2bf97a552bcfb2ca8d393f2f11cf2219bce958101c5b5ab42cdeeea1,91718803349261939621686463278502835303940610865850424410352798384566651342988
2026-04-28T22:55:00.119103+00:00,2026-04-28T23:06:59.348132+00:00,momentum,"Ethereum Up or Down - April 28, 6:55PM-7:00PM ET",UP,Up,8.0,0.525,,WIN,YES,7.238095238095237,Up,0xc178c82933f4cf14ff1d934869baeef653ce26774d1883f807f6628499efde8e,76028280987054248972011278958164887686062037998006003197387091445872031639718
2026-04-28T22:55:02.255612+00:00,2026-04-28T23:06:59.510989+00:00,momentum,"Bitcoin Up or Down - April 28, 6:55PM-7:00PM ET",UP,Up,8.0,0.54,,WIN,YES,6.814814814814813,Up,0x33f53846823d826ba7b9ccc4bc094e38262651b8e7026e8d032c441fe8c715da,24021777248267328721545656496399188821584280236294473239802269746976459553634
2026-04-28T22:55:05.367463+00:00,2026-04-28T23:06:59.683163+00:00,momentum,"Solana Up or Down - April 28, 6:55PM-7:00PM ET",UP,Up,4.0,0.51,,WIN,YES,3.8431372549019605,Up,0xaffa8d681f3a3ef782c651736e459add1fa594e32a598da0b1e075b9674418ec,109505496903436076409309182095065758736752066720691773079579820737253769116606
2026-04-28T23:00:00.475720+00:00,2026-04-28T23:09:00.760240+00:00,momentum,"XRP Up or Down - April 28, 7:00PM-7:05PM ET",UP,Up,2.0,0.525,,LOSS,NO,-2.0,Down,0x7e1fa17cf5e330edbbb428673d9b3ce2fd515760c98c714389a83d3811e63d3c,90654546949701993837946490864625194319638566736244784040041952569439928833276
2026-04-28T23:00:00.512374+00:00,2026-04-28T23:09:00.924020+00:00,momentum,"Ethereum Up or Down - April 28, 7:00PM-7:05PM ET",UP,Up,2.0,0.545,,WIN,YES,1.6697247706422016,Up,0xbaea3571e3ddc1367e59127a74643d519b930eb8394b998f73865e738ec2d9a3,65776348288065033942282937762441494398477173512618262254446766367016606152572
2026-04-28T23:00:01.547910+00:00,2026-04-28T23:10:00.549556+00:00,momentum,"Bitcoin Up or Down - April 28, 7:00PM-7:05PM ET",DOWN,Down,2.0,0.52,,WIN,YES,1.8461538461538458,Down,0xe44a3ea18f53fa6b16bc08884c0040d439661c6a4122f660ac3a953aec0afe6a,98660865109559659581706564393237449344041591451088333236124826450106897830919
2026-04-28T23:00:01.594143+00:00,2026-04-28T23:10:00.706976+00:00,momentum,"Solana Up or Down - April 28, 7:00PM-7:05PM ET",UP,Up,2.0,0.51,,WIN,YES,1.9215686274509802,Up,0xab0e81c07f3a712ddca8e137015947d75c70823d9a326b0fff747ff881377d4a,26992156084467347340199937657229479873017556849273807340445933582757196362395
2026-04-28T23:05:00.808239+00:00,2026-04-28T23:14:02.867179+00:00,momentum,"Ethereum Up or Down - April 28, 7:05PM-7:10PM ET",UP,Up,2.0,0.515,,WIN,YES,1.883495145631068,Up,0x01e9e135e827209cf9fbe00627233718376b76a72f20cda917a46eeab8933200,23448939861983996119298961774442768178128615000782796493028466822380531010846
2026-04-28T23:05:00.859321+00:00,2026-04-28T23:14:02.898475+00:00,momentum,"Solana Up or Down - April 28, 7:05PM-7:10PM ET",DOWN,Down,2.0,0.515,,LOSS,NO,-2.0,Up,0x37f592bec678f375ed6cfeb78186ad694c8706d0f9777bc50d128a175afc9f5b,35503219818903889025957409081506389093123633812328470954840717553021713031756
2026-04-28T23:05:18.638481+00:00,2026-04-28T23:15:03.630034+00:00,momentum,"XRP Up or Down - April 28, 7:05PM-7:10PM ET",UP,Up,4.0,0.51,,WIN,YES,3.8431372549019605,Up,0x4687d4a8627b750e87c9a78c8f2d2d606bb6dd60c5316966783539357cd94405,113764372738283257101610177040726199534247977692713256742433692355271986417795
2026-04-28T23:05:03.201465+00:00,2026-04-28T23:16:04.335516+00:00,momentum,"Bitcoin Up or Down - April 28, 7:05PM-7:10PM ET",UP,Up,2.0,0.55,,WIN,YES,1.6363636363636362,Up,0xa641d3902b084b55498556402a8c1b7ece8ec8db58e6bc6f5534b6d938d60c3d,71470614083940685659656577007685060276178393586497792281251073581429352273347
2026-04-28T23:10:00.317031+00:00,2026-04-28T23:21:06.609072+00:00,momentum,"Ethereum Up or Down - April 28, 7:10PM-7:15PM ET",UP,Up,2.0,0.525,,WIN,YES,1.8095238095238093,Up,0x8e09b5789286cbcadfe01e2271f2613313d832e1de3138e729a95f0dfb2bba68,51010033575268970838609012093945781570912509732729738592971602324758774767810
2026-04-28T23:10:02.468061+00:00,2026-04-28T23:21:06.867150+00:00,momentum,"Solana Up or Down - April 28, 7:10PM-7:15PM ET",DOWN,Down,4.0,0.56,,WIN,YES,3.1428571428571423,Down,0xeafc51d8a07199269a8dc9582adc4929695258f35d685d09fcfc04bfc880dffb,80236045682126398704972181777921957775815327249832259005049804122537363376708
2026-04-28T23:10:00.351337+00:00,2026-04-28T23:22:06.669908+00:00,momentum,"XRP Up or Down - April 28, 7:10PM-7:15PM ET",UP,Up,2.0,0.515,,WIN,YES,1.883495145631068,Up,0x60b165070d725407ede5de347efc0aff93efe0dbde46b833623165c92be53108,64093466710796664139974514980217455736220737703140538757601301551681390835919
2026-04-28T23:10:08.810011+00:00,2026-04-28T23:22:06.803725+00:00,momentum,"Bitcoin Up or Down - April 28, 7:10PM-7:15PM ET",UP,Up,2.0,0.58,,WIN,YES,1.4482758620689657,Up,0xc669d3e8996c292f5bc652c9a9ec63f2cffe4a05f2c9c3865e76c0bca1ecd4ff,72398679300171833220090898833164560313944480848443890201716120200480235887089
2026-04-28T23:15:01.037651+00:00,2026-04-28T23:24:08.291740+00:00,momentum,"Ethereum Up or Down - April 28, 7:15PM-7:20PM ET",DOWN,Down,2.0,0.51,,WIN,YES,1.9215686274509802,Down,0xefa19d646f14dedbc9995d4f2585f7a640a08cec0a85a783c850108c72d3581d,18736132651044538254943308972115568565015365873257644003372752624818337053876
2026-04-28T23:15:01.075830+00:00,2026-04-28T23:24:08.417554+00:00,momentum,"Bitcoin Up or Down - April 28, 7:15PM-7:20PM ET",DOWN,Down,2.0,0.51,,WIN,YES,1.9215686274509802,Down,0x91b23f49b8d3e78ea474cde6f6ffcc5e09e1440c53b13abbd280f3e1800eafad,115182941478769440673864142760236972310972641393741792885493030415420041963744
2026-04-28T23:15:01.113573+00:00,2026-04-28T23:24:08.450813+00:00,momentum,"XRP Up or Down - April 28, 7:15PM-7:20PM ET",UP,Up,2.0,0.51,,LOSS,NO,-2.0,Down,0xfe1fdce920471cfedd42d0735d3612c43cfb0e09beb32a2f0b7128e6f89f9b61,56852286066810139569276024069268993369306889064357385084473746686387116817223
2026-04-28T23:15:05.742755+00:00,2026-04-28T23:24:08.486123+00:00,momentum,"Solana Up or Down - April 28, 7:15PM-7:20PM ET",DOWN,Down,2.0,0.51,,LOSS,NO,-2.0,Up,0xda2838b3f93fe568e3a4826ab48b396520e89044425242525b093019ac089d11,68782028175406148011223852405688767111554219549559977072573715372530225035472
2026-04-28T23:20:01.123925+00:00,2026-04-28T23:30:10.118831+00:00,momentum,"Solana Up or Down - April 28, 7:20PM-7:25PM ET",DOWN,Down,4.0,0.515,,LOSS,NO,-4.0,Up,0xd298edadf1c2ce5fe1f304b3a4b91713f55737e87e895999a05b683fcbfa6997,108050931446088205129918336040053561353792083648921944024514264418815621320856
2026-04-28T23:20:01.156484+00:00,2026-04-28T23:30:10.298211+00:00,momentum,"XRP Up or Down - April 28, 7:20PM-7:25PM ET",UP,Up,2.0,0.515,,WIN,YES,1.883495145631068,Up,0x2c72b489cef8b38935212c79654f845cbb14d3636151b8c439bc87ba408386f6,42272890064310813249907143804712776179842767486026458694128390593075484210642
2026-04-28T23:20:02.410885+00:00,2026-04-28T23:30:10.436378+00:00,momentum,"Ethereum Up or Down - April 28, 7:20PM-7:25PM ET",UP,Up,2.0,0.99,,WIN,YES,0.020202020202020332,Up,0x8cdd086465052416d3da57ed39088c41baba141f37acc32cd38584d0d87816de,39093108455145459164842152494964310271330509986137339811886605646569429584503
2026-04-28T23:20:02.446429+00:00,2026-04-28T23:30:10.466847+00:00,momentum,"Bitcoin Up or Down - April 28, 7:20PM-7:25PM ET",DOWN,Down,2.0,0.54,,LOSS,NO,-2.0,Up,0xa66af938e28999efcb9e2b849d16b78acf143885a52063c1ccff173f178db3da,46952980265714606167142090695077815761278212409000308999996391301057829421860
2026-04-28T23:25:00.932302+00:00,2026-04-28T23:36:13.653645+00:00,momentum,"XRP Up or Down - April 28, 7:25PM-7:30PM ET",UP,Up,2.0,0.515,,LOSS,NO,-2.0,Down,0xda00d2433c922c7c6399098b709fabd0a6dd96c8058cd7d981d4b72f32677085,70847958671265833418133274854152370302343566732037029561308240385818860069597
2026-04-28T23:25:02.021406+00:00,2026-04-28T23:36:13.783270+00:00,momentum,"Solana Up or Down - April 28, 7:25PM-7:30PM ET",DOWN,Down,8.0,0.56,,WIN,YES,6.285714285714285,Down,0x8b2427f0f7e9668f9fdf8ee1ba61b510df510a098666b3085ed183274958c4a7,95951229786022244537942761957266584171042982364862792256461883373446676038910
2026-04-28T23:25:05.113026+00:00,2026-04-28T23:36:13.811550+00:00,momentum,"Bitcoin Up or Down - April 28, 7:25PM-7:30PM ET",UP,Up,4.0,0.51,,LOSS,NO,-4.0,Down,0xc86f88c2b53727bcb25f401618f26170940cb092aab361a22381f6e0809b1614,24025455936349457161393624612087792860010108026179020331150878710681879397890
2026-04-28T23:25:12.047246+00:00,2026-04-28T23:36:13.938917+00:00,momentum,"Ethereum Up or Down - April 28, 7:25PM-7:30PM ET",DOWN,Down,2.0,0.53,,WIN,YES,1.773584905660377,Down,0xd9d5ca5274cca2af4266e678e83abda089a115b879326797d7ef7475823a7d21,69382676162040490042551365747919785934356403082112676942484084431376624939574
2026-04-28T23:30:01.107574+00:00,2026-04-28T23:39:15.014626+00:00,momentum,"XRP Up or Down - April 28, 7:30PM-7:35PM ET",DOWN,Down,4.0,0.51,,WIN,YES,3.8431372549019605,Down,0xbecb6d76ecc8e39306c1d7665cfdf2772c3331de0e6294b9850eccee25e3a2cc,76901264804035573473183695971096377917757357198333440625060419982844647430170
2026-04-28T23:30:01.064287+00:00,2026-04-28T23:40:15.139646+00:00,momentum,"Solana Up or Down - April 28, 7:30PM-7:35PM ET",DOWN,Down,2.0,0.56,,LOSS,NO,-2.0,Up,0x975bfd1bdb1dcca37b327a967bdc696aad0e22890d87f7b1d95da3a36f16ea21,71920935031396351584440077281371740461174427062922869287330403346801211662041
2026-04-28T23:30:04.491407+00:00,2026-04-28T23:40:15.168622+00:00,momentum,"Bitcoin Up or Down - April 28, 7:30PM-7:35PM ET",UP,Up,8.0,0.51,,LOSS,NO,-8.0,Down,0x671113cdb16fa7d9945c5b171c42245fc323c6830d137a14038d759e4bea0075,32210325263694715443183748957461758583700231142110182700039857918061031431379
2026-04-28T23:30:07.847063+00:00,2026-04-28T23:40:15.205258+00:00,momentum,"Ethereum Up or Down - April 28, 7:30PM-7:35PM ET",UP,Up,2.0,0.52,,LOSS,NO,-2.0,Down,0xb860d366910c6284f3560adfbaaeb08af8cf7961f5c2859972712e3dbe28b172,43911842212282542919708636333710251080041865145594988509981051801677038476419
2026-04-28T23:35:00.729622+00:00,2026-04-28T23:45:17.761969+00:00,momentum,"Solana Up or Down - April 28, 7:35PM-7:40PM ET",UP,Up,2.0,0.515,,WIN,YES,1.883495145631068,Up,0xdd3c7de0903dcd8460041842dc20068500822499aefe16dd51747616ecc745e4,5696597668296695885474540328350874684786206683215740658798103645713029396606
2026-04-28T23:35:00.759965+00:00,2026-04-28T23:45:17.889248+00:00,momentum,"XRP Up or Down - April 28, 7:35PM-7:40PM ET",UP,Up,2.0,0.515,,WIN,YES,1.883495145631068,Up,0x9e0bafe9eae55e30fa23807e29ebd3d897426355cefe63a3db668fbaee83d1c9,73074082480991558235891541578791608893202982899564512709918567666514661923102
2026-04-28T23:35:02.876156+00:00,2026-04-28T23:45:18.114518+00:00,momentum,"Ethereum Up or Down - April 28, 7:35PM-7:40PM ET",UP,Up,4.0,0.54,,WIN,YES,3.4074074074074066,Up,0xe23007ef6a18feb8f6f6944c8e3f3ed034b00a963e19749ee7c434fd1cdf684b,21942326941928471476636252041231848369680755071269586477887004402253559040619
2026-04-28T23:35:02.850455+00:00,2026-04-28T23:46:17.783452+00:00,momentum,"Bitcoin Up or Down - April 28, 7:35PM-7:40PM ET",UP,Up,16.0,0.54,,WIN,YES,13.629629629629626,Up,0x373d1a561a55a223d8f38766fa47f0e611b3ef61e9ea727037451c4b1198aed3,1193697937264975151798662224570391162514751401081576482535572221012780860451
2026-04-28T23:40:00.330907+00:00,2026-04-28T23:51:19.862185+00:00,momentum,"Ethereum Up or Down - April 28, 7:40PM-7:45PM ET",UP,Up,2.0,0.515,,WIN,YES,1.883495145631068,Up,0xf22d8c315a0cf5537de09a008d20c268c07ca5a26fb2d83a30f480835f8f7789,108351514269671492727117576229485592257601691735158715516857907550473941953485
2026-04-28T23:40:11.017151+00:00,2026-04-28T23:51:20.188927+00:00,momentum,"XRP Up or Down - April 28, 7:40PM-7:45PM ET",UP,Up,2.0,0.55,,WIN,YES,1.6363636363636362,Up,0xc461e61f804d6ac9fb2077d5279f60e48fe2a0cba1115172e76d2ab99611a4cd,44073935721387910796629762291950341377268142532278202964208398302798697072347
2026-04-28T23:40:01.438295+00:00,2026-04-28T23:52:20.850440+00:00,momentum,"Bitcoin Up or Down - April 28, 7:40PM-7:45PM ET",UP,Up,2.0,0.52,,WIN,YES,1.8461538461538458,Up,0x164b162a845636edc857cee4333b4321bc20f8f239e785a754bbce3f54ccd2fa,21528423240606571771597667678959843334512890335449202791835097712478861807549
2026-04-28T23:40:01.474448+00:00,2026-04-28T23:52:20.984592+00:00,momentum,"Solana Up or Down - April 28, 7:40PM-7:45PM ET",DOWN,Down,2.0,0.53,,WIN,YES,1.773584905660377,Down,0x71f81984307fe87de096d97cab9b2e00324cdaff2985e22d1cfe26a01ab1da5f,19779800378163339876207791421879290818878031130099875628331883167769338374302
2026-04-28T23:45:00.513704+00:00,2026-04-28T23:54:22.014000+00:00,momentum,"Bitcoin Up or Down - April 28, 7:45PM-7:50PM ET",UP,Up,2.0,0.52,,WIN,YES,1.8461538461538458,Up,0x459378f64df1b2fcbd5cf092c9469a76d896e8e879dd273ae1e8d839e85e3999,98042279972656756346546899446997809748154641949078559290219282240693855365779
2026-04-28T23:45:03.712395+00:00,2026-04-28T23:54:22.127919+00:00,momentum,"Ethereum Up or Down - April 28, 7:45PM-7:50PM ET",UP,Up,2.0,0.65,,WIN,YES,1.0769230769230766,Up,0xc746275fe35cf403418be1d0c6411ff6cdd0ce66ce7422f3d228938684ce550f,76619070637451652174304701097143377824916660989324098986708288481496919175242
2026-04-28T23:45:03.785948+00:00,2026-04-28T23:54:22.446130+00:00,momentum,"XRP Up or Down - April 28, 7:45PM-7:50PM ET",UP,Up,2.0,0.6,,WIN,YES,1.3333333333333335,Up,0x9ea3ab996a6edea81e6d72fc9ae9cabf017cb8c8939a059430b3a8baa6f18120,16066814756665859832475274872238901631225929005774293731509883184817817057840
2026-04-28T23:45:03.753003+00:00,2026-04-28T23:55:22.394008+00:00,momentum,"Solana Up or Down - April 28, 7:45PM-7:50PM ET",UP,Up,2.0,0.58,,WIN,YES,1.4482758620689657,Up,0xfb466044b8b739716250baaacd74406b95aad6a9dcc0c13dc2dd2db6ed158142,95992296189821192078051184387686811341049045149444292530410132051724418941329
2026-04-28T23:50:31.203534+00:00,2026-04-28T23:59:24.736966+00:00,momentum,"Ethereum Up or Down - April 28, 7:50PM-7:55PM ET",DOWN,Down,2.0,0.64,,LOSS,NO,-2.0,Up,0xee585df1b74d0108ee364896e56691faf48d10494efc1a647b03c8d69e420089,99872774433164963654292348608333495138143215704200628847765432656834524575121
2026-04-28T23:50:31.236824+00:00,2026-04-28T23:59:24.867381+00:00,momentum,"Solana Up or Down - April 28, 7:50PM-7:55PM ET",UP,Up,2.0,0.51,,WIN,YES,1.9215686274509802,Up,0x7dc2029e994a3f7afc230a038156e6554f2db592a845aa9d43202efbd53070b1,1089313814138821675612889804709947114338299887108930540844532955980917967091
2026-04-28T23:50:31.270290+00:00,2026-04-28T23:59:25.024089+00:00,momentum,"XRP Up or Down - April 28, 7:50PM-7:55PM ET",DOWN,Down,2.0,0.54,,WIN,YES,1.7037037037037033,Down,0x6e32f77a3bfd4c07c8eaab93204d9ef377f15a887f4b6453efa66bd6c1229b16,33199062780031502092087318619522529493253284490593078976633748808232463123707
2026-04-28T23:50:31.170190+00:00,2026-04-29T00:01:25.611120+00:00,momentum,"Bitcoin Up or Down - April 28, 7:50PM-7:55PM ET",DOWN,Down,2.0,0.54,,LOSS,NO,-2.0,Up,0xefbe39d87df6aa0992b83ca05f2c78bf9ec8fc8673a880291c0970c95e0411db,50239062340653490250780089928708410099828243565032847304945604814384077441188
2026-04-28T23:55:01.779661+00:00,2026-04-29T00:05:27.534088+00:00,momentum,"Bitcoin Up or Down - April 28, 7:55PM-8:00PM ET",DOWN,Down,2.0,0.51,,WIN,YES,1.9215686274509802,Down,0x28359384d25ed626c75bfb7c216edbbdc8a2dd1a330b5fb8f6b6100a72af7623,51144126025706888851663720319533185302333703803749637113254745603897383370997
2026-04-28T23:55:01.810512+00:00,2026-04-29T00:05:27.667227+00:00,momentum,"Solana Up or Down - April 28, 7:55PM-8:00PM ET",DOWN,Down,2.0,0.52,,WIN,YES,1.8461538461538458,Down,0x6cd56a484395baa00612fffcbcfd5ca09d218f6ad2581acda5c8be765649acbb,64723387869356247236034332083759422485968277088145336234827633319152868380380
2026-04-28T23:55:01.840992+00:00,2026-04-29T00:05:27.709082+00:00,momentum,"Ethereum Up or Down - April 28, 7:55PM-8:00PM ET",DOWN,Down,2.0,0.53,,LOSS,NO,-2.0,Up,0xf9962234aae4623976cb2a7944639c57e611bf1e3f9a34103c6aa350c4023ecc,47638322853188030628569627543235496729628439698183899112222114183549932949033
2026-04-28T23:55:04.926330+00:00,2026-04-29T00:05:27.829604+00:00,momentum,"XRP Up or Down - April 28, 7:55PM-8:00PM ET",DOWN,Down,2.0,0.65,,WIN,YES,1.0769230769230766,Down,0x202d87731b99a0bd905ab08ae89b3b30948a4e3492f337208d5121d42ad2eb36,52033937584650549610928678085309494816975938191029466308178524806757331636675
2026-04-29T00:00:00.771650+00:00,2026-04-29T00:08:29.245464+00:00,momentum,"Solana Up or Down - April 28, 8:00PM-8:05PM ET",DOWN,Down,2.0,0.63,,LOSS,NO,-2.0,Up,0xac8d23c06498c187ee5bcf6ad7cb65de0791d026dd9bc05bfd567413efe1a1f5,71506819942606793635308645208968510245730687173172473485772084371853120899981
2026-04-29T00:00:00.695594+00:00,2026-04-29T00:09:30.014425+00:00,momentum,"Ethereum Up or Down - April 28, 8:00PM-8:05PM ET",DOWN,Down,2.0,0.52,,LOSS,NO,-2.0,Up,0x7d05dc954d747b397a894c5c5063366a8e3702daf6f24729d2097b487ddcf75e,10545896750048181634335827524114982969751985911202143977690308194646513246279
2026-04-29T00:00:00.736526+00:00,2026-04-29T00:09:30.145477+00:00,momentum,"XRP Up or Down - April 28, 8:00PM-8:05PM ET",UP,Up,2.0,0.99,,WIN,YES,0.020202020202020332,Up,0xe894009d00d0715d65182561bc3fd8c85894e7146b16f2a40242bf1cd623b39d,103237863528908781419080688445690698196638703202186575411516490386169105225996
2026-04-29T00:00:01.888306+00:00,2026-04-29T00:09:30.176627+00:00,momentum,"Bitcoin Up or Down - April 28, 8:00PM-8:05PM ET",DOWN,Down,2.0,0.56,,LOSS,NO,-2.0,Up,0xa647214b44a16aab430e01b9f3a212239fb5b5f7e7905ba4be92b5f97377205f,97509223622272130243447932303677912660649245792288346847809195026785659800710
2026-04-29T00:05:00.704056+00:00,2026-04-29T00:14:33.548358+00:00,momentum,"Bitcoin Up or Down - April 28, 8:05PM-8:10PM ET",UP,Up,4.0,0.56,,WIN,YES,3.1428571428571423,Up,0xf404989ec2daf704931683ccd3cfcde2ea94c5d17a991152cd8a33fd4936e10f,31641952878590817229723393895157917005123614618887911395189577918408272968838
2026-04-29T00:05:00.734241+00:00,2026-04-29T00:14:33.689284+00:00,momentum,"Ethereum Up or Down - April 28, 8:05PM-8:10PM ET",DOWN,Down,2.0,0.51,,WIN,YES,1.9215686274509802,Down,0xd828ae32acf4032e68ac8c4e7a16138ec21df2c63b8a6f8c9c5814c325673333,92418378664769766182446673473597044994452627076538259760940353037148292103498
2026-04-29T00:05:00.793154+00:00,2026-04-29T00:14:33.824387+00:00,momentum,"Solana Up or Down - April 28, 8:05PM-8:10PM ET",DOWN,Down,4.0,0.53,,WIN,YES,3.547169811320754,Down,0x2775c2d98604e0cde015293700c34e7468c78a00f899e03726256c244d920664,72084342404406788441355098898875447915070585229403150818455076870284056891547
2026-04-29T00:05:10.172115+00:00,2026-04-29T00:15:34.231747+00:00,momentum,"XRP Up or Down - April 28, 8:05PM-8:10PM ET",DOWN,Down,2.0,0.51,,WIN,YES,1.9215686274509802,Down,0x63c04cdf4958b3d89b92daeb2eb2d6f55a94f225412e50fd6263630345b62a1f,18468799551203971399097901335929623167115696554442016802469777141457473351988
2026-04-29T00:10:01.088297+00:00,2026-04-29T00:20:37.363078+00:00,momentum,"Solana Up or Down - April 28, 8:10PM-8:15PM ET",DOWN,Down,2.0,0.52,,LOSS,NO,-2.0,Up,0x32ea76de2e2bf14c00218b33cc5c8e7e86af80390548b9b431205e8bd2b650a3,72110465161403421305435135373614433332289805044824696437536347478813387307757
2026-04-29T00:10:07.643397+00:00,2026-04-29T00:20:37.593707+00:00,momentum,"XRP Up or Down - April 28, 8:10PM-8:15PM ET",DOWN,Down,2.0,0.53,,WIN,YES,1.773584905660377,Down,0xb05e7ad548bc6ebeaeefd0398eda1bdadbdaa66f0ff84906476059c29b65eceb,23637668489863918516219409491710085489708821261276915988661713382682321012897
2026-04-29T00:10:04.327639+00:00,2026-04-29T00:21:38.041819+00:00,momentum,"Bitcoin Up or Down - April 28, 8:10PM-8:15PM ET",DOWN,Down,2.0,0.58,,WIN,YES,1.4482758620689657,Down,0x155f7f3a93a48d32e378cf637e72ae7e723c3d9b3e1c0feca953d4b14cd08efe,37207399864153550063290483820216085627188644063812366810776585956122749581391
2026-04-29T00:10:01.049312+00:00,2026-04-29T00:22:38.182283+00:00,momentum,"Ethereum Up or Down - April 28, 8:10PM-8:15PM ET",DOWN,Down,2.0,0.52,,WIN,YES,1.8461538461538458,Down,0x181a1bc08dc375ca4f19e8257a61bd343eb7ea68b3dc3d6888aa8b5bb992556b,37235561446626704255051810566545753759339428417419271470734692710717001810724
2026-04-29T00:15:06.909683+00:00,2026-04-29T00:23:38.672117+00:00,momentum,"XRP Up or Down - April 28, 8:15PM-8:20PM ET",UP,Up,2.0,0.51,,WIN,YES,1.9215686274509802,Up,0x07df296ef54f8145c74cc5e5d358d42e7f943613fce60ed02779bf773df8e998,75895339916518213432750031526249560306768094711461708732508545484905597979745
2026-04-29T00:15:00.519964+00:00,2026-04-29T00:24:39.344266+00:00,momentum,"Solana Up or Down - April 28, 8:15PM-8:20PM ET",DOWN,Down,2.0,0.51,,WIN,YES,1.9215686274509802,Down,0x7e385a587e69b986cfcd8331df9dffa7635b1474cbc13289741ea5796e6cb7d9,9674436548266556971093246877221067139736405307831561036989845655536480546557
2026-04-29T00:15:00.561847+00:00,2026-04-29T00:24:39.501874+00:00,momentum,"Bitcoin Up or Down - April 28, 8:15PM-8:20PM ET",UP,Up,2.0,0.52,,WIN,YES,1.8461538461538458,Up,0x93a3145fa455c6bcbaf32fb63e5911c0759c309865051be3e0da05466f6fd916,48993198613714831717476268907743752011599425702754855716749166688906103261477
2026-04-29T00:15:03.667380+00:00,2026-04-29T00:24:39.624354+00:00,momentum,"Ethereum Up or Down - April 28, 8:15PM-8:20PM ET",UP,Up,2.0,0.51,,WIN,YES,1.9215686274509802,Up,0xe2e03f57ca8f2fd5071f9345a002a814f3c2346e859b65928cea628963148dce,25991830453535472753925889009018294576583266079630595551742359342943894991261
2026-04-29T00:20:00.145003+00:00,2026-04-29T00:29:41.652187+00:00,momentum,"XRP Up or Down - April 28, 8:20PM-8:25PM ET",UP,Up,2.0,0.515,,LOSS,NO,-2.0,Down,0x693e06c70901d83b8f249fe320e7d3cd1364c5f4c2aaa6bf55179f44f0eaea96,73922525130063520284548348226049359523227362277347256661256052492503797851554
2026-04-29T00:20:00.180366+00:00,2026-04-29T00:29:41.778203+00:00,momentum,"Solana Up or Down - April 28, 8:20PM-8:25PM ET",DOWN,Down,2.0,0.515,,WIN,YES,1.883495145631068,Down,0xb2be69569ce0ccd647289c41622fe94d1ccc999168cdfcd3b31ab4a955017e7f,58493280638427609644242064139705250956233124515708265046612246669073275997559
2026-04-29T00:20:02.340624+00:00,2026-04-29T00:30:42.368177+00:00,momentum,"Bitcoin Up or Down - April 28, 8:20PM-8:25PM ET",UP,Up,2.0,0.51,,LOSS,NO,-2.0,Down,0x2533ac13185eadc9bf06e1bb8d44b9f1dda127d5dc14c73ffcbfbae9282a5d64,101267396505684488134513902797672901872234174678567912443357264892641393022318
2026-04-29T00:20:02.374896+00:00,2026-04-29T00:30:42.508807+00:00,momentum,"Ethereum Up or Down - April 28, 8:20PM-8:25PM ET",DOWN,Down,2.0,0.52,,WIN,YES,1.8461538461538458,Down,0xb2ad43c5dcff6e4561e6d34c3c53a1f29055ae197fed37b317b9d8752213b98b,34803984264463050292719535665879177183338810216039765054433562482297968983177
2026-04-29T00:25:00.617134+00:00,2026-04-29T00:35:44.774209+00:00,momentum,"Solana Up or Down - April 28, 8:25PM-8:30PM ET",DOWN,Down,2.0,0.51,,WIN,YES,1.9215686274509802,Down,0x25219ddb287085d5e5be90e38f701bf12371f1ce3ecd76ab863aa40ed88c4c75,11761708944577894048506257259077214473757872995283138811321405872118670483566
2026-04-29T00:25:00.655406+00:00,2026-04-29T00:36:45.056355+00:00,momentum,"Bitcoin Up or Down - April 28, 8:25PM-8:30PM ET",DOWN,Down,4.0,0.61,,WIN,YES,2.557377049180328,Down,0x87b0628784a2aeb5be24715095e2fb0e7c7c45329fdd2d8f01ca2b0d507ca307,6277259421610212667131653417807835170762418539943267200730952186770444119069
2026-04-29T00:25:16.081298+00:00,2026-04-29T00:36:45.185048+00:00,momentum,"Ethereum Up or Down - April 28, 8:25PM-8:30PM ET",DOWN,Down,2.0,0.52,,WIN,YES,1.8461538461538458,Down,0x1f519ab1be2b4ab2cfc0134d6aabd0ae2af86004201a3620e73a9ed65598dea4,103889335128937351427797848562122385694065550595269702557424642816997757562475
2026-04-29T00:25:16.109189+00:00,2026-04-29T00:36:45.220058+00:00,momentum,"XRP Up or Down - April 28, 8:25PM-8:30PM ET",UP,Up,4.0,0.51,,LOSS,NO,-4.0,Down,0xc3f8476f37cd52281bdd028c341bc3b60bd54bce584c3d491182a49554626de7,105292157421483682906672741344315679367486558158931520394759056721840906799842
2026-04-29T00:30:01.644669+00:00,2026-04-29T00:38:47.081000+00:00,momentum,"Ethereum Up or Down - April 28, 8:30PM-8:35PM ET",UP,Up,2.0,0.54,,LOSS,NO,-2.0,Down,0x490cc03dec0b8f5e8ae8627da6a83e3553791cbe141b95dfbea4760bd4e47456,25689835702137380756801641129536380699769739899954809841209126508630224866432
2026-04-29T00:30:01.612573+00:00,2026-04-29T00:39:47.598903+00:00,momentum,"Bitcoin Up or Down - April 28, 8:30PM-8:35PM ET",UP,Up,2.0,0.61,,LOSS,NO,-2.0,Down,0x584e2e59e0281f6c6562e794f980404c3ba74be23834074dc07e0d6e078491fb,74197704756418400972927291993041108665848899313338107173468412221174453700002
2026-04-29T00:30:04.730771+00:00,2026-04-29T00:39:47.629641+00:00,momentum,"Solana Up or Down - April 28, 8:30PM-8:35PM ET",UP,Up,2.0,0.55,,LOSS,NO,-2.0,Down,0x1b9d05f1b27823a7bcac228ceb989c185a6a2586ec9d0a8912d1cf071b3aa3ee,84912451489283328848585670667122997842847502998024593309355510147224343159205
2026-04-29T00:30:07.884811+00:00,2026-04-29T00:39:47.757988+00:00,momentum,"XRP Up or Down - April 28, 8:30PM-8:35PM ET",UP,Up,8.0,0.51,,WIN,YES,7.686274509803921,Up,0xb70e8178cba92c26b706d78ddb819bfa525faa14758344d8dc09fc603c9a7ddd,21409223690695942676280654645743359049853291848216421418400166658234407557117
2026-04-29T00:35:00.956985+00:00,2026-04-29T00:44:49.896996+00:00,momentum,"Solana Up or Down - April 28, 8:35PM-8:40PM ET",UP,Up,4.0,0.515,,WIN,YES,3.766990291262136,Up,0x93628823a7bf901069925987ef9964cbf7209ceb6a79883227cc192ff216ef62,75251292778719732029671900915579270333694847148737234152723996000306500502994
2026-04-29T00:35:00.926731+00:00,2026-04-29T00:45:50.267101+00:00,momentum,"Ethereum Up or Down - April 28, 8:35PM-8:40PM ET",UP,Up,2.0,0.515,,WIN,YES,1.883495145631068,Up,0x733d0d7c8ca3b1bed033e1121bcff950d8b0771302fe33091316b1267e18afe3,72186002204415793802810207066407871310027183606474084939530706244408411728733
2026-04-29T00:35:01.987501+00:00,2026-04-29T00:45:50.418701+00:00,momentum,"XRP Up or Down - April 28, 8:35PM-8:40PM ET",UP,Up,2.0,0.99,,WIN,YES,0.020202020202020332,Up,0xb7bf0baa399ce827c02ee7ba5900c6960c77f89dede3163cb8d5a4902364e9ee,70928008114025774391493251417232990511394060304496047642110312981134837830796
2026-04-29T00:35:02.028531+00:00,2026-04-29T00:46:50.953494+00:00,momentum,"Bitcoin Up or Down - April 28, 8:35PM-8:40PM ET",DOWN,Down,4.0,0.51,,LOSS,NO,-4.0,Up,0x736d664b1efb836b43d16877a612d96b27e988c660cca8ac732dc02a8ffebfa9,110511696814423016691822571119162573055807997271003173376624441266168997733550
2026-04-29T00:40:00.602293+00:00,2026-04-29T00:50:52.972870+00:00,momentum,"XRP Up or Down - April 28, 8:40PM-8:45PM ET",UP,Up,2.0,0.51,,WIN,YES,1.9215686274509802,Up,0xc8af28cf6cdeec7559e9f9e70c4eab66669b061a3dda6c952b42111b4e08914e,80452762698040741264968789794180623939249352767846532821177735455528289175027
2026-04-29T00:40:00.489481+00:00,2026-04-29T00:51:52.744043+00:00,momentum,"Bitcoin Up or Down - April 28, 8:40PM-8:45PM ET",UP,Up,2.0,0.51,,WIN,YES,1.9215686274509802,Up,0x3010ff781fc9ce04f7a129077c1e7510ab732e55fd1a48d68341a6e59cb66a23,14098372597171885473046191989394981070510989223868095567789935765471830332720
2026-04-29T00:40:00.531790+00:00,2026-04-29T00:51:52.864746+00:00,momentum,"Ethereum Up or Down - April 28, 8:40PM-8:45PM ET",UP,Up,2.0,0.51,,WIN,YES,1.9215686274509802,Up,0xa71a4624b49698dba85dc385990170b7b595097cb3d93091502bb61b7356931a,41551738334316691325966697060939453362644536423409809825364300611759215211291
2026-04-29T00:40:00.567331+00:00,2026-04-29T00:51:53.001921+00:00,momentum,"Solana Up or Down - April 28, 8:40PM-8:45PM ET",UP,Up,2.0,0.55,,WIN,YES,1.6363636363636362,Up,0x33e08da0d5043bafc1914551493c0ea7dc91629db32ebd5b9e9446c6343d9c45,64346927261396939415447823803603703746910313048210063097963738694313043966441
2026-04-29T00:45:00.610930+00:00,2026-04-29T00:53:54.552230+00:00,momentum,"XRP Up or Down - April 28, 8:45PM-8:50PM ET",UP,Up,2.0,0.515,,WIN,YES,1.883495145631068,Up,0xbd0afb4705411dfea6df0c29bfe23e07e039006367a8de34c0b8e9414ed3d661,105301711214576295846425857167504520795361587478042115006553858408329524488639
2026-04-29T00:45:00.644197+00:00,2026-04-29T00:53:54.683725+00:00,momentum,"Ethereum Up or Down - April 28, 8:45PM-8:50PM ET",UP,Up,2.0,0.535,,WIN,YES,1.7383177570093458,Up,0x841a8a4047a15c63edd0ca798869c6c0a27debeb91e85e8081c0364b48a324bf,114050097410876499498066664344446687303551764183531558721813499781485537093724
2026-04-29T00:45:02.785963+00:00,2026-04-29T00:53:54.806353+00:00,momentum,"Solana Up or Down - April 28, 8:45PM-8:50PM ET",UP,Up,2.0,0.51,,LOSS,NO,-2.0,Down,0x726ecc814e324596f0b904976a7f101d88134a91cb5bf4c18c774d8d0493b4d6,73752265409051600757370069391467031227793429613156623558340513183460405470992
2026-04-29T00:45:02.752757+00:00,2026-04-29T00:54:54.699266+00:00,momentum,"Bitcoin Up or Down - April 28, 8:45PM-8:50PM ET",UP,Up,2.0,0.61,,WIN,YES,1.278688524590164,Up,0x9dd532131e5f526105712d9aa9c522624054800244e721f429aaf29b5b701a24,4802902459640261106368778975637127324446517040450781649262433129205242766573
2026-04-29T00:50:00.332334+00:00,2026-04-29T00:59:56.757001+00:00,momentum,"Bitcoin Up or Down - April 28, 8:50PM-8:55PM ET",DOWN,Down,2.0,0.515,,LOSS,NO,-2.0,Up,0xafaf8b1aa79750358fa7783f8e7f88396403720c2938c1227c54c5949ed6a2eb,73924044272000304583849926316344515691280427061799791805816588141782116845954
2026-04-29T00:50:00.393723+00:00,2026-04-29T00:59:57.033522+00:00,momentum,"Ethereum Up or Down - April 28, 8:50PM-8:55PM ET",UP,Up,2.0,0.515,,WIN,YES,1.883495145631068,Up,0x881349c58774eb87c37fab6144897a83a4955b360ebcb30181d7c8034e45c287,96712490723622488520493458063035894428262800650176086230896103123945832357885
2026-04-29T00:50:00.363883+00:00,2026-04-29T01:00:57.534694+00:00,momentum,"XRP Up or Down - April 28, 8:50PM-8:55PM ET",UP,Up,2.0,0.515,,WIN,YES,1.883495145631068,Up,0x1c7fcb7fd0d37993f9cef2fc930e1ba7419387946d6ec863fe4b4caa279a447c,13917058343801246921573390920933632529039651085123030681463212436030982394287
2026-04-29T00:50:00.429544+00:00,2026-04-29T01:00:57.688409+00:00,momentum,"Solana Up or Down - April 28, 8:50PM-8:55PM ET",UP,Up,4.0,0.515,,WIN,YES,3.766990291262136,Up,0xf4cb66e93299e7e767677a8e175ffb69f6a648c35d41de445306a6519d59ccfa,47813523873197036024989834771906605052824122472789278790468762069424673160320
2026-04-29T00:55:00.431381+00:00,2026-04-29T01:06:00.777319+00:00,momentum,"XRP Up or Down - April 28, 8:55PM-9:00PM ET",UP,Up,2.0,0.515,,LOSS,NO,-2.0,Down,0x46583485e1abc8edbb0418a9a15f7a741e5bcbe40d5cab5e0605945a65d3f4be,74726478212538846552432365820604046459559247525745946551438567027254861913912
2026-04-29T00:55:00.465790+00:00,2026-04-29T01:06:00.816308+00:00,momentum,"Solana Up or Down - April 28, 8:55PM-9:00PM ET",UP,Up,2.0,0.515,,LOSS,NO,-2.0,Down,0x3e10d7f636a8259817abfa8c13200e011e7c9e6a5ad15c7b4e0518c87aa75a70,45952481857077913497981116083497136623043961029855159672550168190871205296433
2026-04-29T00:55:00.399269+00:00,2026-04-29T01:07:01.310397+00:00,momentum,"Bitcoin Up or Down - April 28, 8:55PM-9:00PM ET",DOWN,Down,4.0,0.515,,WIN,YES,3.766990291262136,Down,0x39667e83086187ab409ccbd7f7028c9413dcf7c289b09d0e4af02cd6602db59a,30381183190420726337638661685102741524968726892755421104934794585290366556538
2026-04-29T00:55:01.601284+00:00,2026-04-29T01:07:01.466093+00:00,momentum,"Ethereum Up or Down - April 28, 8:55PM-9:00PM ET",DOWN,Down,2.0,0.56,,WIN,YES,1.5714285714285712,Down,0xa8db0d336a1df9b99521f35f9e5f2d9b8cb33d6ceb38f7c31dd929d4dd018f2e,28276337957982308530597757407586872063096628579743588097337066116030063711389
2026-04-29T01:00:00.628292+00:00,2026-04-29T01:09:02.827756+00:00,momentum,"Solana Up or Down - April 28, 9:00PM-9:05PM ET",UP,Up,2.0,0.52,,WIN,YES,1.8461538461538458,Up,0xd791ad3f193dff74219838e36de746c01908cb2f7fde0d95a0a1a5dc17fc4bd6,78278228604157400928506458402952004242356966074951741793128475741321315569418
2026-04-29T01:00:01.787996+00:00,2026-04-29T01:09:02.960291+00:00,momentum,"Bitcoin Up or Down - April 28, 9:00PM-9:05PM ET",DOWN,Down,2.0,0.62,,LOSS,NO,-2.0,Up,0x9541fda81dbbe75b1075a27d5c112dda904d88231040212bfb5a1f2672adbd06,95851694914197761446437472359949218741800451530178162092395164057708143158890
2026-04-29T01:00:01.822438+00:00,2026-04-29T01:09:02.995807+00:00,momentum,"XRP Up or Down - April 28, 9:00PM-9:05PM ET",DOWN,Down,2.0,0.57,,LOSS,NO,-2.0,Up,0xca90d653f0d37e485eee161d4512866184bb9a6d19dabd2733a24fc0c4938409,72907450056882970561336589309874598518179975783888766985444169106615712543143
2026-04-29T01:00:01.860331+00:00,2026-04-29T01:09:03.167605+00:00,momentum,"Ethereum Up or Down - April 28, 9:00PM-9:05PM ET",DOWN,Down,2.0,0.55,,WIN,YES,1.6363636363636362,Down,0xd9ec278f293775aabff67ddaa83162d848b6396d89cedf39f49ca2c68d54092b,102105249829293120049582698148683751480820216392779896052548339222862756538695
2026-04-29T01:05:00.289454+00:00,2026-04-29T01:15:05.066630+00:00,momentum,"Bitcoin Up or Down - April 28, 9:05PM-9:10PM ET",DOWN,Down,2.0,0.515,,WIN,YES,1.883495145631068,Down,0x5c8ffc603e050978ac0d736e82ace3ec8aaf10a0f96b7951ce897f662ad00392,64308305450533497938392283057571289275423407553922016015332763382859448900093
2026-04-29T01:05:00.359975+00:00,2026-04-29T01:15:05.204876+00:00,momentum,"XRP Up or Down - April 28, 9:05PM-9:10PM ET",UP,Up,2.0,0.51,,LOSS,NO,-2.0,Down,0x2d1a04d1a9d60b59dfffa5bcd36f8c33a15e733fb2326820e02100dc450912a3,16636159144997873155171165506598140350392820077021845037646869283519268814487
2026-04-29T01:05:02.771244+00:00,2026-04-29T01:15:05.398814+00:00,momentum,"Solana Up or Down - April 28, 9:05PM-9:10PM ET",DOWN,Down,2.0,0.55,,WIN,YES,1.6363636363636362,Down,0xfbeb5297daac521ce3a7ec49bdfbeb370bba7a8be1878d36f81880e32bd796fe,81797753517332462796953184004464906563196579939147793881434975483422092531086
2026-04-29T01:05:00.324304+00:00,2026-04-29T01:16:05.063003+00:00,momentum,"Ethereum Up or Down - April 28, 9:05PM-9:10PM ET",DOWN,Down,2.0,0.515,,WIN,YES,1.883495145631068,Down,0x937a013f71b2442afcb7a1fabf3648098e74423c5140c2f75689078599d460cc,25022909258970203622945172111670327444641473406518089604205202276861586650410
2026-04-29T01:10:01.012762+00:00,2026-04-29T01:21:07.790941+00:00,momentum,"Bitcoin Up or Down - April 28, 9:10PM-9:15PM ET",UP,Up,2.0,0.52,,WIN,YES,1.8461538461538458,Up,0xb69dd507971748a007fd0ae93bd9bd88c4350c14f2b1e50bd942fb09289dc61f,33826481981244153343525260233276919278682860323517360983443200036904390316437
2026-04-29T01:10:01.046453+00:00,2026-04-29T01:22:08.661848+00:00,momentum,"Ethereum Up or Down - April 28, 9:10PM-9:15PM ET",UP,Up,2.0,0.52,,LOSS,NO,-2.0,Down,0x8e2452ab51075a7339e13eb5b89b3b28a998f099c392a3c3116aace98ff52b05,108496738566065690508453833914910524898805530078295772060303653114050147365529
2026-04-29T01:10:01.082866+00:00,2026-04-29T01:22:08.790594+00:00,momentum,"XRP Up or Down - April 28, 9:10PM-9:15PM ET",DOWN,Down,2.0,0.51,,WIN,YES,1.9215686274509802,Down,0x2492883715539d846d240ce8ded87fa6fd4db1f7123800b8dff51c8774605250,44885801961760056007657946527180616751354536277049571666216001124088770549031
2026-04-29T01:10:02.116117+00:00,2026-04-29T01:22:08.916091+00:00,momentum,"Solana Up or Down - April 28, 9:10PM-9:15PM ET",UP,Up,2.0,0.51,,WIN,YES,1.9215686274509802,Up,0xbf7f170ba71d26f885d38ff60f1a211d0829b8454d6591c0545efacb3eac4ff7,57004927335246802261643811843607767194235599131636661088019415117566425045982
2026-04-29T01:15:00.353291+00:00,2026-04-29T01:24:09.428946+00:00,momentum,"Ethereum Up or Down - April 28, 9:15PM-9:20PM ET",DOWN,Down,2.0,0.515,,WIN,YES,1.883495145631068,Down,0x312e7a936b9cfa8b6b836a8d3d36ab7cba987757791723b7f0186e1789a88013,2953322392280711466903633549946404587297525534483944435506507833985400092957
2026-04-29T01:15:00.420751+00:00,2026-04-29T01:24:09.580158+00:00,momentum,"XRP Up or Down - April 28, 9:15PM-9:20PM ET",UP,Up,2.0,0.515,,LOSS,NO,-2.0,Down,0x39265ceb977d6901bb20aa7f9a34d74f133780ae4d01184503b28d9193603eba,54214290871327626577975358365395687407366131547301095869190515857050665892198
2026-04-29T01:15:02.558446+00:00,2026-04-29T01:24:09.608126+00:00,momentum,"Bitcoin Up or Down - April 28, 9:15PM-9:20PM ET",UP,Up,2.0,0.51,,LOSS,NO,-2.0,Down,0x00139f07297e02d7813848ec9086a7202e7cf2d87cbe95636bbce2aba8f16c80,57867606866380166046812238674721907427168600357026844441136085522345832517557
2026-04-29T01:15:00.385368+00:00,2026-04-29T01:25:09.891854+00:00,momentum,"Solana Up or Down - April 28, 9:15PM-9:20PM ET",DOWN,Down,2.0,0.515,,WIN,YES,1.883495145631068,Down,0x64807f6fd59ae598f40b2c905650e2da4873a018d4caff68db0cf56f1656435e,966711201106735480664378235538474207457389430905681539288218813725847948257
2026-04-29T01:20:00.908641+00:00,2026-04-29T01:30:12.308226+00:00,momentum,"Ethereum Up or Down - April 28, 9:20PM-9:25PM ET",UP,Up,2.0,0.525,,LOSS,NO,-2.0,Down,0x9e779bc84d47f46e55d65a549e1aaeff070a4d3d061bf731c1260f333a37f3d1,33043938398769022722966987550283648535528134488360731504291115076403530495875
2026-04-29T01:20:00.944766+00:00,2026-04-29T01:30:12.471600+00:00,momentum,"XRP Up or Down - April 28, 9:20PM-9:25PM ET",DOWN,Down,4.0,0.51,,WIN,YES,3.8431372549019605,Down,0x1255010d7556ff9a72c794b308a1480f15f0e5b4a6cfcab060b24e5076e47b30,19014863905487068692462812750358844170870501558814957531775674233064767332492
2026-04-29T01:20:03.064319+00:00,2026-04-29T01:30:12.499916+00:00,momentum,"Bitcoin Up or Down - April 28, 9:20PM-9:25PM ET",UP,Up,4.0,0.54,,LOSS,NO,-4.0,Down,0x20e728c558a8295d4ea833b10fa5a5363c3c5b3278491b2234a125061c308c50,9036206200804322507890168851134482065742741222954794134018837590688814408395
2026-04-29T01:20:06.150030+00:00,2026-04-29T01:30:12.651227+00:00,momentum,"Solana Up or Down - April 28, 9:20PM-9:25PM ET",UP,Up,2.0,0.54,,WIN,YES,1.7037037037037033,Up,0x62598e1980586f09fcc138603fa1188edde53a89191e255e994f4c73dfad6428,30066330330636556004440766843346609349615662401927850921865563133068759141308
2026-04-29T01:25:00.463625+00:00,2026-04-29T01:35:16.527425+00:00,momentum,"XRP Up or Down - April 28, 9:25PM-9:30PM ET",UP,Up,2.0,0.53,,WIN,YES,1.773584905660377,Up,0x950148aa105e055cf62b22efa099a3a11c5586ca2a9be703b4b2fdfb4ce79549,84095209591772953621782537732229866377496678732419066989454024765625918635539
2026-04-29T01:25:00.492747+00:00,2026-04-29T01:36:17.348689+00:00,momentum,"Ethereum Up or Down - April 28, 9:25PM-9:30PM ET",UP,Up,4.0,0.535,,LOSS,NO,-4.0,Down,0x38f34cebcc95c97ba5e104f312d7eb8561b784300839cd92ca95f36c01fdd65d,7876969598622658712825549043446366975351107842911972814003488214227652447916
2026-04-29T01:25:01.586083+00:00,2026-04-29T01:36:17.375917+00:00,momentum,"Bitcoin Up or Down - April 28, 9:25PM-9:30PM ET",UP,Up,8.0,0.55,,LOSS,NO,-8.0,Down,0xe8f2deac4a188a4f2c8d701fe6d56a83282d382a0db3021b4fdbe28e1c92bcda,1905820661146068861121045271484506029758382301990203167628756864094583742888
2026-04-29T01:25:07.721179+00:00,2026-04-29T01:37:17.842887+00:00,momentum,"Solana Up or Down - April 28, 9:25PM-9:30PM ET",UP,Up,2.0,0.54,,LOSS,NO,-2.0,Down,0xa2cab689e6279ff8a002de5950898fa843e756074f885b5db3d6b10ffd00be7a,92231571968949106821887782280081226504680890394658229459863069136046179129189
2026-04-29T01:30:00.569798+00:00,2026-04-29T01:39:18.903254+00:00,momentum,"Bitcoin Up or Down - April 28, 9:30PM-9:35PM ET",UP,Up,16.0,0.55,,WIN,YES,13.09090909090909,Up,0xabb3fa579766cb6a2301b7e71262c5d21fd2a660848b12187b851d2f661091ef,68491180649804427268331335059192037438588097221016430310596354092508646744806
2026-04-29T01:30:00.604799+00:00,2026-04-29T01:39:19.037974+00:00,momentum,"Ethereum Up or Down - April 28, 9:30PM-9:35PM ET",UP,Up,8.0,0.53,,WIN,YES,7.094339622641508,Up,0x07a0841c853690af83876a2327f25d99382a78924aa03f3fb5a8fdb7d091caca,12273690054109368060059024592990473466157649363362682594415298942019500154324
2026-04-29T01:30:03.728172+00:00,2026-04-29T01:39:19.184340+00:00,momentum,"XRP Up or Down - April 28, 9:30PM-9:35PM ET",DOWN,Down,4.0,0.67,,WIN,YES,1.9701492537313428,Down,0xc36266c253f3b275b2be26b04f449974813c48fcdd108ee50b577938c99c0f48,39114677913095660162049122658126002954488015939113156172841349861131542996030
2026-04-29T01:30:03.768374+00:00,2026-04-29T01:39:19.216320+00:00,momentum,"Solana Up or Down - April 28, 9:30PM-9:35PM ET",DOWN,Down,4.0,0.62,,LOSS,NO,-4.0,Up,0xbfa45114250a32f42229da4b61197b52d37fd4f3d1ee9f1205e8ef44494b6d92,3266070867506112004468882165338235275405977648257599516792157374997583964433
2026-04-29T01:35:00.659748+00:00,2026-04-29T01:45:21.772400+00:00,momentum,"Solana Up or Down - April 28, 9:35PM-9:40PM ET",UP,Up,8.0,0.99,,WIN,YES,0.08080808080808133,Up,0xc1ec958eae8794735f51aeadc89ffdf3b97639a6dd6fb2ef74b16ee826d600f5,16459574775888204033961678973986975887514027123692855798585722630436577831767
2026-04-29T01:35:00.693492+00:00,2026-04-29T01:45:21.807025+00:00,momentum,"XRP Up or Down - April 28, 9:35PM-9:40PM ET",UP,Up,2.0,0.99,,LOSS,NO,-2.0,Down,0x459dd4bb3332fcf65458e2c2536c55ac9417f3c0310a6c302c5ac135c6ce1876,57687623257644074426448837943473993640834263185557568122496955470342462051083
2026-04-29T01:35:00.727914+00:00,2026-04-29T01:45:21.941353+00:00,momentum,"Ethereum Up or Down - April 28, 9:35PM-9:40PM ET",UP,Up,2.0,0.57,,WIN,YES,1.5087719298245617,Up,0xe52ec5cf535a851337a04574f6ca2e3d3bb724e394465a4c05e760e9a83edf85,50444404917368140148564843970323786425853687446335905925390829797919098236909
2026-04-29T01:35:00.628672+00:00,2026-04-29T01:46:22.117230+00:00,momentum,"Bitcoin Up or Down - April 28, 9:35PM-9:40PM ET",UP,Up,2.0,0.53,,WIN,YES,1.773584905660377,Up,0x575029ff3aa7385e7c7dd80a22cd31af1e132fead8708bbbdeab57375ddc150a,21999695128595434908843943861556744491870034892316269737124710980691596163860
2026-04-29T01:40:00.247758+00:00,2026-04-29T01:50:23.460292+00:00,momentum,"Ethereum Up or Down - April 28, 9:40PM-9:45PM ET",UP,Up,2.0,0.52,,WIN,YES,1.8461538461538458,Up,0xe7a78f4e6955b0e283c4c040bfe66a437caecdbe8d00d60bfeb8567016f81141,30668615910561050204859281759394895122799738138606201414690874681987128999354
2026-04-29T01:40:00.287919+00:00,2026-04-29T01:50:23.618426+00:00,momentum,"XRP Up or Down - April 28, 9:40PM-9:45PM ET",UP,Up,4.0,0.51,,WIN,YES,3.8431372549019605,Up,0x5b3f02889ebdc5ff92de866ad3983c6f2eb422e6a42c9669dc54a6ab3725dd7c,94390521503969002313322156497317845355628475130210316084379803332657809146007
2026-04-29T01:40:00.325412+00:00,2026-04-29T01:51:24.193850+00:00,momentum,"Bitcoin Up or Down - April 28, 9:40PM-9:45PM ET",UP,Up,2.0,0.57,,WIN,YES,1.5087719298245617,Up,0xcdbd453000b00fa4e41a383d75120037ae0fa53048d99cc286a3f7fb2b158e86,69074052036055448594509616740993666764139582309498500189934398519549000145489
2026-04-29T01:40:09.808368+00:00,2026-04-29T01:51:24.331321+00:00,momentum,"Solana Up or Down - April 28, 9:40PM-9:45PM ET",UP,Up,2.0,0.57,,WIN,YES,1.5087719298245617,Up,0xc6cd6a5d8d6c525131eb830df20955472ffce400d343e553bde340ef8ee0bf3b,34999105518542423385775110461088515498950246757665905094459062632262722384402
2026-04-29T01:45:00.993770+00:00,2026-04-29T01:53:25.913116+00:00,momentum,"Ethereum Up or Down - April 28, 9:45PM-9:50PM ET",UP,Up,2.0,0.515,,WIN,YES,1.883495145631068,Up,0x9cce5401d9ca04262199319a1fc6e0ed023b32abcda6db152ed262611fafa374,67051955428486143994797788270926345873036709845142292014005301976036288746429
2026-04-29T01:45:01.097287+00:00,2026-04-29T01:53:26.144347+00:00,momentum,"XRP Up or Down - April 28, 9:45PM-9:50PM ET",UP,Up,2.0,0.515,,WIN,YES,1.883495145631068,Up,0x1bc3d34be967d471734099cd7a254d1d820c94b771a3466c36455d008e42ec43,106404560903374733247201033746021355386437239179836021991744672605518185676415
2026-04-29T01:45:03.247408+00:00,2026-04-29T01:54:26.536043+00:00,momentum,"Bitcoin Up or Down - April 28, 9:45PM-9:50PM ET",DOWN,Down,2.0,0.63,,LOSS,NO,-2.0,Up,0xb30657d366e775fa4bcd39a2819f3bd337a58054295c30fc768855be875fa411,77703548151764299000969956840304120564374996578848545959736955549899610655472
2026-04-29T01:45:01.042673+00:00,2026-04-29T01:55:27.714347+00:00,momentum,"Solana Up or Down - April 28, 9:45PM-9:50PM ET",UP,Up,2.0,0.51,,WIN,YES,1.9215686274509802,Up,0x5431a4ed1a6d1daf5a827486e7bb9bade06c41df0f30841f671724b2682b5ce5,36543083484547223200391390927385470776945761260017573896673438416288148476319
2026-04-29T01:50:00.702448+00:00,2026-04-29T01:59:27.888264+00:00,momentum,"XRP Up or Down - April 28, 9:50PM-9:55PM ET",DOWN,Down,2.0,0.52,,WIN,YES,1.8461538461538458,Down,0x7e57b6cf84566a170815d7b7dffb2c2c17626f253ae458227278b905287a0277,100506202243056728507739017261354446851126522792818546787173545210172137829678
2026-04-29T01:50:00.734929+00:00,2026-04-29T01:59:28.062179+00:00,momentum,"Ethereum Up or Down - April 28, 9:50PM-9:55PM ET",DOWN,Down,2.0,0.55,,WIN,YES,1.6363636363636362,Down,0x69b06b337c8840511213d5a3cbacb5a63104beeca24da41e3cdea13b0e503873,15430940491223964005966724168568450801043272370291686934412590409448002730120
2026-04-29T01:50:00.636391+00:00,2026-04-29T02:00:27.955222+00:00,momentum,"Bitcoin Up or Down - April 28, 9:50PM-9:55PM ET",DOWN,Down,4.0,0.53,,WIN,YES,3.547169811320754,Down,0xb327cd89d7068b0c6a421028a9f5fa2a0c43b008e01a20e4cce80123bd56e96d,35853468264891935980842756191567968742737786394375108761550726029968934725566
2026-04-29T01:50:00.670236+00:00,2026-04-29T02:00:28.098297+00:00,momentum,"Solana Up or Down - April 28, 9:50PM-9:55PM ET",DOWN,Down,2.0,0.52,,WIN,YES,1.8461538461538458,Down,0x401000fbca9e9ec01903faeeae73353142d0e519c53ce63a0ee8c01f42c8beac,83402808004381155064144225716684944382631079743479425222821497450205230890842
2026-04-29T01:55:00.475897+00:00,2026-04-29T02:05:30.576424+00:00,momentum,"Bitcoin Up or Down - April 28, 9:55PM-10:00PM ET",DOWN,Down,2.0,0.52,,LOSS,NO,-2.0,Up,0x441a1d86290f5342202967617b8044a7e94c0854234907e77b20695f3c9a16f6,9131191420215125752742798535951406150209767007838713758840591389980126415779
2026-04-29T01:55:00.507531+00:00,2026-04-29T02:06:31.119093+00:00,momentum,"Solana Up or Down - April 28, 9:55PM-10:00PM ET",DOWN,Down,2.0,0.55,,WIN,YES,1.6363636363636362,Down,0xfbb6eb1aa32e7d6b1e26c0d0d969bf41d0ffbfcfa1f5094aa7aeb6619645e869,72168616635169918402314572747084051274380166781835074783156917473551152076586
2026-04-29T01:55:00.538536+00:00,2026-04-29T02:06:31.144536+00:00,momentum,"Ethereum Up or Down - April 28, 9:55PM-10:00PM ET",DOWN,Down,2.0,0.52,,LOSS,NO,-2.0,Up,0x9de484e930c6ee6723fa239d2800b791a68e08c52ceea714655f5ce88d58d390,78572646959786627357648525492733591061474807326722336365382475498766320191682
2026-04-29T01:55:00.579792+00:00,2026-04-29T02:06:31.174150+00:00,momentum,"XRP Up or Down - April 28, 9:55PM-10:00PM ET",DOWN,Down,2.0,0.56,,LOSS,NO,-2.0,Up,0xeec1e6f380e4289395945ab14ae75aba884545c15d7feff86e5a6c0f5ba843b1,39449458747972152620292058493652744535744142639052073437108876759622023184718
2026-04-29T02:00:01.454315+00:00,2026-04-29T02:08:32.507920+00:00,momentum,"Ethereum Up or Down - April 28, 10:00PM-10:05PM ET",DOWN,Down,4.0,0.52,,WIN,YES,3.6923076923076916,Down,0xbfe3e1ff209be1bf901c661001626560b5735468ef987f0a451227254bc9e6d0,52636414927209457084415451285149260022393562346188685198752464417290526286552
2026-04-29T02:00:02.198439+00:00,2026-04-29T02:08:32.704649+00:00,momentum,"Solana Up or Down - April 28, 10:00PM-10:05PM ET",DOWN,Down,2.0,0.52,,LOSS,NO,-2.0,Up,0x04d2707678d4e92fe7a6b557d0afdc39633e4c856e3473e0790783f55a949445,8673970506622413336562766167086617439544497978230388896272858078961426409913
2026-04-29T02:00:01.920022+00:00,2026-04-29T02:09:33.295528+00:00,momentum,"Bitcoin Up or Down - April 28, 10:00PM-10:05PM ET",UP,Up,2.0,0.56,,LOSS,NO,-2.0,Down,0xb42f67b954f54239165fda16c6ccf099be594dfe4392d39fc597743e6eadc642,54187525182968328791688933450524876282061917201510669961875180503996768342458
2026-04-29T02:00:02.437111+00:00,2026-04-29T02:09:33.417534+00:00,momentum,"XRP Up or Down - April 28, 10:00PM-10:05PM ET",DOWN,Down,4.0,0.51,,WIN,YES,3.8431372549019605,Down,0x0f9ed4fec20c67653a7f008a2d70a6aec0b9ddf8d1c9d1395c24b23256f6497d,19048441718198758089525198417421747605224634961693961885333245629929172097361
2026-04-29T02:05:13.140211+00:00,2026-04-29T02:14:37.282557+00:00,momentum,"Ethereum Up or Down - April 28, 10:05PM-10:10PM ET",DOWN,Down,2.0,0.61,,LOSS,NO,-2.0,Up,0xbf7460f8484b61ed1ef79bea08d7737072ac9bf65738a6150e1ad8df6753b8f2,23703129363164397373447693466569908098176811737409390799296421519544428965161
2026-04-29T02:05:32.741562+00:00,2026-04-29T02:14:37.423973+00:00,momentum,"Solana Up or Down - April 28, 10:05PM-10:10PM ET",UP,Up,4.0,0.54,,WIN,YES,3.4074074074074066,Up,0xe025e0c03926e75624a6f8c96b321fe46c11b5f95b5b15b36e8ef9f4fd5d38b5,45000965345323111228974203027435334566890666093938356436560456699869982636714
2026-04-29T02:05:00.464561+00:00,2026-04-29T02:15:37.802398+00:00,momentum,"Bitcoin Up or Down - April 28, 10:05PM-10:10PM ET",DOWN,Down,4.0,0.52,,LOSS,NO,-4.0,Up,0x361521e062a58de3400e4ddb88449aaf21ca4d09307a663d87d93331501d301d,73737004749176632696327971176323360446386194347582570399367591858903199803743
2026-04-29T02:05:00.495626+00:00,2026-04-29T02:15:37.839235+00:00,momentum,"XRP Up or Down - April 28, 10:05PM-10:10PM ET",DOWN,Down,2.0,0.51,,LOSS,NO,-2.0,Up,0x31d9019fd4db09cfaa39aa807941e7707de33ab23c33a0f0ef4de999e7117ca6,75462273935469962283488080860182390617718014434626078677646413070311324964263
2026-04-29T02:10:00.470813+00:00,2026-04-29T02:21:41.431484+00:00,momentum,"XRP Up or Down - April 28, 10:10PM-10:15PM ET",UP,Up,4.0,0.51,,LOSS,NO,-4.0,Down,0x847e466afdc86396998d84675755cddb878bbb5ecfd1d76107879612786daad6,94438743092522105543315530499963133616316552436246663814292594490559430724099
2026-04-29T02:10:00.514157+00:00,2026-04-29T02:21:41.565759+00:00,momentum,"Bitcoin Up or Down - April 28, 10:10PM-10:15PM ET",DOWN,Down,2.0,0.51,,WIN,YES,1.9215686274509802,Down,0x7ea216ade9ea6d7ba4c027e5cc971153cd3fbd7587d65fc75d463bc91f9ef7df,112695974680182793512022622453584425880430259598894938712078520049195749660499
2026-04-29T02:10:00.550772+00:00,2026-04-29T02:21:41.728810+00:00,momentum,"Solana Up or Down - April 28, 10:10PM-10:15PM ET",DOWN,Down,2.0,0.52,,WIN,YES,1.8461538461538458,Down,0x97be5c2176f02536c2058faf04c75b224e7d89cdff6a2207f6f0835d00878d9e,16720135771251043460325083622213561258582907914950702705534652602354209312716
2026-04-29T02:10:00.596821+00:00,2026-04-29T02:21:41.872795+00:00,momentum,"Ethereum Up or Down - April 28, 10:10PM-10:15PM ET",DOWN,Down,4.0,0.52,,WIN,YES,3.6923076923076916,Down,0x9ec396c9694f81688743dc439f52d82ecd0eb55d8aa1f904fe0116f6155ef6f9,59174465517261377608358371317935371139510848400173069212633835611814752771073
2026-04-29T02:15:00.347268+00:00,2026-04-29T02:23:42.847952+00:00,momentum,"Ethereum Up or Down - April 28, 10:15PM-10:20PM ET",UP,Up,2.0,0.515,,WIN,YES,1.883495145631068,Up,0xa4d41a21ec98a30922eac3134c3fd1580ba4a1af47d87f2baa3115138cb9d28a,66429387260107544352767605585947755677285504708153204222590747192192670050700
2026-04-29T02:15:00.385346+00:00,2026-04-29T02:23:42.992581+00:00,momentum,"XRP Up or Down - April 28, 10:15PM-10:20PM ET",UP,Up,8.0,0.515,,WIN,YES,7.533980582524272,Up,0xad75dabbe5c76a3cad19fe6e60ae644115d5f9337b366f90559d647c3a6c2201,18939989098697852135217422451323801733254560092862064842106299687493090540910
2026-04-29T02:15:01.536350+00:00,2026-04-29T02:24:43.714897+00:00,momentum,"Solana Up or Down - April 28, 10:15PM-10:20PM ET",DOWN,Down,2.0,0.56,,LOSS,NO,-2.0,Up,0xa7d7cac7348a4d9cb1223bc5c4a158c63553d05aef6bad07afd51b2c490d440a,30952308200265978011471777107337139088275204182714861667081135988353255014347
2026-04-29T02:15:08.012441+00:00,2026-04-29T02:25:44.769409+00:00,momentum,"Bitcoin Up or Down - April 28, 10:15PM-10:20PM ET",DOWN,Down,2.0,0.54,,LOSS,NO,-2.0,Up,0x228ec8d812f16ed14478014d9a344e61c25c48b310a72b5d1347a13125f908ac,85786605264348882136466938979953785076168523894424637478811925078500062221458
2026-04-29T02:20:09.649478+00:00,2026-04-29T02:29:47.669449+00:00,momentum,"Solana Up or Down - April 28, 10:20PM-10:25PM ET",DOWN,Down,4.0,0.65,,WIN,YES,2.1538461538461533,Down,0x63e1f3cee7b3c6e6d7c1711acd523c77d9023744d2c5e21934657ddce7f8d5ae,24401362134698183689296234956079452063598146209852290211451265491214846365391
2026-04-29T02:20:00.289282+00:00,2026-04-29T02:30:48.395165+00:00,momentum,"Bitcoin Up or Down - April 28, 10:20PM-10:25PM ET",DOWN,Down,4.0,0.51,,WIN,YES,3.8431372549019605,Down,0x490e7452e3ff0044a9fe085d5254d0b7ade4b6db4e8106744cad1493327c5901,8495692877143680059670866627865969974204525844915767328569424637458910622075
2026-04-29T02:20:03.414250+00:00,2026-04-29T02:30:48.587088+00:00,momentum,"Ethereum Up or Down - April 28, 10:20PM-10:25PM ET",DOWN,Down,2.0,0.62,,WIN,YES,1.2258064516129035,Down,0xcc90b6693565ca977f085189e4a011c4fd19024a065759dfb49136bdeb63176f,80171200372927257491069177546749566895972891379310585873408421124012300414295
2026-04-29T02:20:06.531824+00:00,2026-04-29T02:30:48.757678+00:00,momentum,"XRP Up or Down - April 28, 10:20PM-10:25PM ET",DOWN,Down,2.0,0.62,,WIN,YES,1.2258064516129035,Down,0xae739a2faeae10e096d06006254092881bb2af63322341a691d6967c0afe36b5,88859094074973397702177638626499805484951869347387875599601042647446312190767
2026-04-29T02:25:00.910018+00:00,2026-04-29T02:35:50.359760+00:00,momentum,"XRP Up or Down - April 28, 10:25PM-10:30PM ET",UP,Up,2.0,0.99,,LOSS,NO,-2.0,Down,0x7c39deea0b39ee9e03d7caae22c1ff5e4c08eb7946414c548c0df3b0aae3b759,19209724889078824752655637023878343760646885161980560208133708801547862025572
2026-04-29T02:25:00.846847+00:00,2026-04-29T02:36:51.525130+00:00,momentum,"Bitcoin Up or Down - April 28, 10:25PM-10:30PM ET",UP,Up,2.0,0.54,,LOSS,NO,-2.0,Down,0x2849e28aeb740afc6d1d6fc66b8478329c045c19e91669d8f2aa948aebeda7b4,15541646775204964759405177211060075901673649217505393997482996923003881089793
2026-04-29T02:25:00.878700+00:00,2026-04-29T02:36:51.559763+00:00,momentum,"Ethereum Up or Down - April 28, 10:25PM-10:30PM ET",UP,Up,2.0,0.51,,LOSS,NO,-2.0,Down,0xf367797af0f6b6bea1b85960c5148270795784ffae0faab1251a17d2fd1720ed,46826920514100351624643745017301751036314192482050538083433780739705836373530
2026-04-29T02:25:00.944566+00:00,2026-04-29T02:36:51.598150+00:00,momentum,"Solana Up or Down - April 28, 10:25PM-10:30PM ET",UP,Up,2.0,0.51,,LOSS,NO,-2.0,Down,0x95561e4375989d4436dbb38393f386c925c6763fbfb8df249f7295064d624199,22206603717193468326998414038579614662359169818871437540485881869855116167659
2026-04-29T02:30:00.451285+00:00,2026-04-29T02:38:52.671860+00:00,momentum,"XRP Up or Down - April 28, 10:30PM-10:35PM ET",UP,Up,4.0,0.515,,LOSS,NO,-4.0,Down,0x8ba1425b793a94fcf0ab7b4ccdd2488dc9b00425e3182feceac52326286f8424,33784680718148769249533144668087432058580465465835334781922205647624928265758
2026-04-29T02:30:10.961048+00:00,2026-04-29T02:38:52.925217+00:00,momentum,"Solana Up or Down - April 28, 10:30PM-10:35PM ET",UP,Up,4.0,0.56,,LOSS,NO,-4.0,Down,0x642c6ae73cebc59d703b3c15891ef22a72e4fdd0a16b6cb2712c6bb7810c4e07,20024129182414264932573774005807608332596440374555184713563212854290262322980
2026-04-29T02:30:01.604174+00:00,2026-04-29T02:39:52.855574+00:00,momentum,"Bitcoin Up or Down - April 28, 10:30PM-10:35PM ET",UP,Up,4.0,0.53,,LOSS,NO,-4.0,Down,0xe9a2bdb01fbab5591fffdc9c23b22b5c968bbb8bc7108429b21db66649a2217c,90101085909343254752475650321125743855076231653337944643995663515759622893865
2026-04-29T02:30:04.744862+00:00,2026-04-29T02:39:52.893815+00:00,momentum,"Ethereum Up or Down - April 28, 10:30PM-10:35PM ET",UP,Up,4.0,0.51,,LOSS,NO,-4.0,Down,0xcc7f115caf7f8531b191adc12dba382ad7570f7e5869952ae92047a2750bd210,31776616169067919924956514012444743833291185883892670944791546077938795414393
2026-04-29T02:35:00.594307+00:00,2026-04-29T02:44:54.761200+00:00,momentum,"Ethereum Up or Down - April 28, 10:35PM-10:40PM ET",UP,Up,8.0,0.515,,LOSS,NO,-8.0,Down,0x0216ae20a6e383c8082f9cbf24f98279f9827fbe6f3ab39453be9705c76e4fae,29404371432233207926374296926545094628220437211928820902641547832887307333854
2026-04-29T02:35:29.468879+00:00,2026-04-29T02:44:55.004404+00:00,momentum,"XRP Up or Down - April 28, 10:35PM-10:40PM ET",UP,Up,8.0,0.51,,LOSS,NO,-8.0,Down,0x44f281e90d50dd3d063034bd430569870863bf93b6caa21d260b783e1f07031b,100460836974690853876694740694650844930436197036676757992442167856589944219355
2026-04-29T02:35:01.695275+00:00,2026-04-29T02:45:55.247626+00:00,momentum,"Bitcoin Up or Down - April 28, 10:35PM-10:40PM ET",UP,Up,8.0,0.52,,LOSS,NO,-8.0,Down,0x82fdb141c6045fbe14b342dcf3e401da28b614c02c395cea3e2c194a2dc11637,74893762910467383983784114044193178434313719582904816697985075853211057620855
2026-04-29T02:35:01.726873+00:00,2026-04-29T02:45:55.281992+00:00,momentum,"Solana Up or Down - April 28, 10:35PM-10:40PM ET",DOWN,Down,8.0,0.54,,LOSS,NO,-8.0,Up,0xeb34f419cb06657363ff0aa49a1e3ec03d13c8b550a4fcbfd784af42283146f6,112085272323759625858306349719134848692353383191899529998999157501709954588060
2026-04-29T02:40:00.409337+00:00,2026-04-29T02:50:57.769599+00:00,momentum,"XRP Up or Down - April 28, 10:40PM-10:45PM ET",UP,Up,16.0,0.515,,LOSS,NO,-16.0,Down,0x0d6ddec708a4eaebab4e60cc242bf24a78deafeb5c99b8446ee76f34ef5b9455,105632959954381348696452589185677434876335000875023869878091607525017746644970
2026-04-29T02:40:00.453977+00:00,2026-04-29T02:50:57.959247+00:00,momentum,"Ethereum Up or Down - April 28, 10:40PM-10:45PM ET",UP,Up,16.0,0.535,,WIN,YES,13.906542056074766,Up,0xb62cffd0618a0f747bccc0098bf26b833877d73f8af0e1e2496fc895875d5a03,72920424440709985636924874462323220564837583434099124549734442306045342295584
2026-04-29T02:40:20.937648+00:00,2026-04-29T02:50:58.089094+00:00,momentum,"Solana Up or Down - April 28, 10:40PM-10:45PM ET",UP,Up,16.0,0.51,,LOSS,NO,-16.0,Down,0x29ca2abb7523fef64e1b2a9d57577d71598802493e85369a945f0e034568f372,102734859482567713466891248418089794538146754423377467851841177174647376845156
2026-04-29T02:40:02.554510+00:00,2026-04-29T02:51:57.990356+00:00,momentum,"Bitcoin Up or Down - April 28, 10:40PM-10:45PM ET",UP,Up,16.0,0.53,,LOSS,NO,-16.0,Down,0xf0aadf74854f3584a616495cd237ec7da585265c7bb92976e06cbccb321826bd,29397791301944621912877768061655433722540447861810030889880733474865059359686
2026-04-29T02:45:17.397386+00:00,2026-04-29T02:53:59.628846+00:00,momentum,"Solana Up or Down - April 28, 10:45PM-10:50PM ET",DOWN,Down,32.0,0.56,,LOSS,NO,-32.0,Up,0x315a3174166b142ea172172313054c8ef87b6ad90e5f48997db05cc1aa540838,32671848263226383731056332547500805451609845787033400565269943048024924042271
2026-04-29T02:45:27.193751+00:00,2026-04-29T02:53:59.787525+00:00,momentum,"XRP Up or Down - April 28, 10:45PM-10:50PM ET",UP,Up,32.0,0.51,,WIN,YES,30.745098039215684,Up,0x8bdb6f8adbc69e31038a76796df8306b463d859594a159b57f8be6822622eba7,109613033821750262950921152737299889480465523253502265199630220350798762361195
2026-04-29T02:45:00.638016+00:00,2026-04-29T02:55:00.420760+00:00,momentum,"Ethereum Up or Down - April 28, 10:45PM-10:50PM ET",UP,Up,2.0,0.52,,WIN,YES,1.8461538461538458,Up,0x7247ad93bdedd1e9d6b4c675692a431962d9c99ac536ec3f5acb6fc452fa3e6b,90357188935845666350658488992564319199286831716552314440598591981576786980255
2026-04-29T02:45:04.826846+00:00,2026-04-29T02:55:00.565206+00:00,momentum,"Bitcoin Up or Down - April 28, 10:45PM-10:50PM ET",UP,Up,32.0,0.55,,WIN,YES,26.18181818181818,Up,0x35c346d4596c9e7c6f86e386277c2b445235ff620c893de4b71c8b6e69643516,38204300478246783072407913650441098308620231280668428234085325811913211130630
2026-04-29T02:50:00.551073+00:00,2026-04-29T03:00:02.545375+00:00,momentum,"Ethereum Up or Down - April 28, 10:50PM-10:55PM ET",UP,Up,2.0,0.515,,WIN,YES,1.883495145631068,Up,0x60137dc793564619ba4075b428b52b084a44b469c8df21145e5f14655400cf2d,55512143007124639641757620096131881125484266777305285137794939418492047804087
2026-04-29T02:50:00.597814+00:00,2026-04-29T03:00:02.582986+00:00,momentum,"XRP Up or Down - April 28, 10:50PM-10:55PM ET",UP,Up,2.0,0.525,,LOSS,NO,-2.0,Down,0xb4b629ae81d0448515ee3160cd31420c73a278c4e3d1d28d8f78d37b6f8f8970,52573957163475161535490541743614167256391129903337460641456924918737330907726
2026-04-29T02:50:01.751720+00:00,2026-04-29T03:00:02.857311+00:00,momentum,"Solana Up or Down - April 28, 10:50PM-10:55PM ET",UP,Up,64.0,0.51,,WIN,YES,61.49019607843137,Up,0xb12054d785587d763f14b3c77ddfeb93776f4feb9847c33a48f821a80679428d,13041307274811558438343801811470827081507390012838727024779990296853325290478
2026-04-29T02:50:01.806335+00:00,2026-04-29T03:01:03.003782+00:00,momentum,"Bitcoin Up or Down - April 28, 10:50PM-10:55PM ET",UP,Up,2.0,0.55,,LOSS,NO,-2.0,Down,0x9fcf453e73ff08ab5c63ac8eb2aef19dc865197ff01e2c1f1d470762839ba47e,48246411671837956013496595734635802075425972870668180407971183866788271367168
2026-04-29T02:55:32.644633+00:00,2026-04-29T03:05:06.371869+00:00,momentum,"Solana Up or Down - April 28, 10:55PM-11:00PM ET",DOWN,Down,2.0,0.53,,LOSS,NO,-2.0,Up,0x914d6c8d19b8717fa8642392529d8ad5c01014fec520b37b382df5e7f05caa99,65820632725979714352147602309418958571368311239158636863298768283613412942913
2026-04-29T02:55:10.333451+00:00,2026-04-29T03:06:07.219137+00:00,momentum,"Bitcoin Up or Down - April 28, 10:55PM-11:00PM ET",UP,Up,2.0,0.53,,WIN,YES,1.773584905660377,Up,0xe96e0f5653cae503c71c246b054fe7ebee19fc671b2395605b9f27d13d3a4ccd,54318228181406548063932923298064768303700394269883064288256789298590827495526
2026-04-29T02:55:13.606614+00:00,2026-04-29T03:06:07.345485+00:00,momentum,"Ethereum Up or Down - April 28, 10:55PM-11:00PM ET",UP,Up,2.0,0.53,,WIN,YES,1.773584905660377,Up,0xbdf07aa5de6d51aef744c7c7ba0b9abc7b0ae372397ec5089157b3a69381c657,61502749181888896511761576181298721724662521685808418132064697190439120438597
2026-04-29T02:55:00.226026+00:00,2026-04-29T03:07:07.620105+00:00,momentum,"XRP Up or Down - April 28, 10:55PM-11:00PM ET",UP,Up,4.0,0.51,,LOSS,NO,-4.0,Down,0x1520e0d0eaeb56482842c6101aee028bd884b56a4f48c6221a9e8d543290bf65,71742038482462266369465235046218012823991088464576105805840396782528807215405
2026-04-29T03:00:05.168945+00:00,2026-04-29T03:08:08.134024+00:00,momentum,"Bitcoin Up or Down - April 28, 11:00PM-11:05PM ET",UP,Up,2.0,0.52,,LOSS,NO,-2.0,Down,0x041d9804a65b241069793a67f17150bccdfd7a6895b35e5716de8d87094dc32f,24817075880723757969314234181338801654977444864831362235231487523418764427841
2026-04-29T03:00:00.908788+00:00,2026-04-29T03:09:08.360165+00:00,momentum,"Ethereum Up or Down - April 28, 11:00PM-11:05PM ET",DOWN,Down,2.0,0.515,,WIN,YES,1.883495145631068,Down,0x7f165ae6a987e9aff664b3aa6bae0700a3d4c2cf0d880b6a537b482865b4c387,23787306254304424961929023189644646802683796481524350746950032998287940750209
2026-04-29T03:00:00.956574+00:00,2026-04-29T03:09:08.392506+00:00,momentum,"XRP Up or Down - April 28, 11:00PM-11:05PM ET",UP,Up,2.0,0.525,,LOSS,NO,-2.0,Down,0x63491d475f44300e50ec954971a7f282189b583d71d485ac9c2ca527e4a4a4d7,64144172502209610157139227499940586574959195693196773509983122553329597084163
2026-04-29T03:00:11.893572+00:00,2026-04-29T03:10:09.068878+00:00,momentum,"Solana Up or Down - April 28, 11:00PM-11:05PM ET",UP,Up,4.0,0.67,,WIN,YES,1.9701492537313428,Up,0xddc4b2086d8ff0bc42d3fe7283b22f39d0968740c0129db638c8b532b39252af,43321867605091376783378956980433919415965549109395921632669022578459498977972
2026-04-29T03:05:00.858618+00:00,2026-04-29T03:14:11.254842+00:00,momentum,"XRP Up or Down - April 28, 11:05PM-11:10PM ET",UP,Up,4.0,0.51,,WIN,YES,3.8431372549019605,Up,0x77053e1da01eb9d55a7f14194118fb68fac671ef513df101277b11d0d188a3b2,103742383305144440109152306697077029585725706543342273102005850338692325933812
2026-04-29T03:05:00.821958+00:00,2026-04-29T03:15:11.360804+00:00,momentum,"Bitcoin Up or Down - April 28, 11:05PM-11:10PM ET",DOWN,Down,2.0,0.56,,LOSS,NO,-2.0,Up,0xb940008beef446a8849799b1b888c9cef28aee573e8a138650919cd6893df20a,93079892598186745167194163180935670534535289404461057528644752298416619970713
2026-04-29T03:05:23.917286+00:00,2026-04-29T03:15:11.504671+00:00,momentum,"Ethereum Up or Down - April 28, 11:05PM-11:10PM ET",DOWN,Down,2.0,0.58,,LOSS,NO,-2.0,Up,0x005a0e9b4fa37b48065c0f4342e33f6f9601c6a61484748b02692c65fe409669,46946245363465819339220004468834471734797472065826128914787304238453021345517
2026-04-29T03:05:03.995563+00:00,2026-04-29T03:16:11.584516+00:00,momentum,"Solana Up or Down - April 28, 11:05PM-11:10PM ET",UP,Up,2.0,0.51,,WIN,YES,1.9215686274509802,Up,0x50514b418795471521e67376ea44ecd8a2189df8fd6fd51d0ac908b17fde9015,64688617988524696446106109722565748898120879641765711760112531331649568087796
2026-04-29T03:10:00.468023+00:00,2026-04-29T03:20:14.417394+00:00,momentum,"Ethereum Up or Down - April 28, 11:10PM-11:15PM ET",DOWN,Down,4.0,0.515,,LOSS,NO,-4.0,Up,0x8ffe53160b836c9aef92db030c26b1502312211a1197a194b37742bd0e4b7959,107140621380216863780984659465393230258425052103999379169393728418508044907805
2026-04-29T03:10:00.511928+00:00,2026-04-29T03:20:14.448662+00:00,momentum,"Solana Up or Down - April 28, 11:10PM-11:15PM ET",DOWN,Down,2.0,0.515,,LOSS,NO,-2.0,Up,0x97db39273f2200641950c86193a2ccf7369050e26ab6fb49a04a4dc2dcef2777,81720283961691605424598814982010669144999899119363987043030845663886072816684
2026-04-29T03:10:00.550193+00:00,2026-04-29T03:21:14.841280+00:00,momentum,"XRP Up or Down - April 28, 11:10PM-11:15PM ET",UP,Up,2.0,0.525,,WIN,YES,1.8095238095238093,Up,0xb4d3337a9557c3abdaaac36bd9431260dc021423b992a62cf2699a47492176ad,93906875773532309952772961262883933798226623088708080388870486657297322884892
2026-04-29T03:10:02.708368+00:00,2026-04-29T03:22:15.191086+00:00,momentum,"Bitcoin Up or Down - April 28, 11:10PM-11:15PM ET",UP,Up,2.0,0.59,,WIN,YES,1.3898305084745766,Up,0xc0bbdd78b9efd763d970dc37cb32cbd796f48d11153b4ef94f7d545a203676c0,98858726903599312178306240538914308310884267320472915160132343355621938973041
2026-04-29T03:15:00.471015+00:00,2026-04-29T03:23:15.394930+00:00,momentum,"XRP Up or Down - April 28, 11:15PM-11:20PM ET",UP,Up,2.0,0.515,,WIN,YES,1.883495145631068,Up,0xc866d70fb0da4564fde2a0fb369e806899e06d555d4044091dacb46c7c6b6e7e,2283398965376492369433638987047519563076168848260633695250697022491956787436
2026-04-29T03:15:00.549320+00:00,2026-04-29T03:24:15.641025+00:00,momentum,"Bitcoin Up or Down - April 28, 11:15PM-11:20PM ET",DOWN,Down,2.0,0.515,,LOSS,NO,-2.0,Up,0x71fba4fbf76c39fb0ee1ba6e2c5666f15ea5dec79b8b111649b4064ba4178b8e,108257049684752986559375318505092380413884664931904136869713428051106517303418
2026-04-29T03:15:00.509494+00:00,2026-04-29T03:25:16.375926+00:00,momentum,"Solana Up or Down - April 28, 11:15PM-11:20PM ET",DOWN,Down,2.0,0.515,,LOSS,NO,-2.0,Up,0x6bae2c716ad37bd0b5ab5833da1332480cf5d1e424b6f802d499d547d9d8a659,95974222134503440723572691824866570783927970989077765831880333765065523785863
2026-04-29T03:15:02.707630+00:00,2026-04-29T03:25:16.416935+00:00,momentum,"Ethereum Up or Down - April 28, 11:15PM-11:20PM ET",DOWN,Down,4.0,0.53,,LOSS,NO,-4.0,Up,0x1344825e78fff755bcff7957c5b5348b3817226bc804b462ae76751265565959,79724237205082832619415082627327010252311968354203566204021977083923528068751
2026-04-29T03:20:00.405211+00:00,2026-04-29T03:30:19.132884+00:00,momentum,"XRP Up or Down - April 28, 11:20PM-11:25PM ET",UP,Up,2.0,0.99,,LOSS,NO,-2.0,Down,0xca4798000b72d383255fadcdd1d6b82f4a0e3366263baeaf3391765ab1db50b4,20057562958517838488988338119767809151466108856970679766010702459286113646767
2026-04-29T03:20:00.449532+00:00,2026-04-29T03:30:19.164452+00:00,momentum,"Ethereum Up or Down - April 28, 11:20PM-11:25PM ET",DOWN,Down,4.0,0.61,,LOSS,NO,-4.0,Up,0x76d1af2180860c4a44d8fc6e1b7703a842ad1f353fe6964a9f984f5254de2e10,2660794450039028345921490368185566197824058836000435113815532602742359029034
2026-04-29T03:20:00.493649+00:00,2026-04-29T03:30:19.192715+00:00,momentum,"Bitcoin Up or Down - April 28, 11:20PM-11:25PM ET",DOWN,Down,2.0,0.57,,LOSS,NO,-2.0,Up,0x7df97efa423c0a3173568a06499f8a6de7a1fa548f855c5ce40f72f839cab324,77234088751153931563680184174169368028153757499808574579470483387022754752544
2026-04-29T03:20:00.352573+00:00,2026-04-29T03:31:19.081483+00:00,momentum,"Solana Up or Down - April 28, 11:20PM-11:25PM ET",DOWN,Down,2.0,0.61,,LOSS,NO,-2.0,Up,0x0dccccd255f051e9e80354bfb7ca060a22575f5531d96d5e9cad653ef43d101f,88686357629573256314933248475837798551399095378685566987263233646775601497968
2026-04-29T03:25:00.298949+00:00,2026-04-29T03:35:21.978616+00:00,momentum,"Ethereum Up or Down - April 28, 11:25PM-11:30PM ET",DOWN,Down,8.0,0.535,,LOSS,NO,-8.0,Up,0xb0feaa8c469925b49e4db67102a67f8417782c55fb85aa6363a37bd5066c0a57,15303189555847548017855165353439452663044228465917897878762423782717080796785
2026-04-29T03:25:00.261989+00:00,2026-04-29T03:36:21.939386+00:00,momentum,"XRP Up or Down - April 28, 11:25PM-11:30PM ET",DOWN,Down,4.0,0.515,,LOSS,NO,-4.0,Up,0xc1a14db300c70e8174c096987d77ba2f11c35e879ec087af0cf46142a2851908,45496294215091691988800609926399782716052439746306924444320543045811365771855
2026-04-29T03:25:00.336481+00:00,2026-04-29T03:36:21.970893+00:00,momentum,"Solana Up or Down - April 28, 11:25PM-11:30PM ET",DOWN,Down,4.0,0.515,,LOSS,NO,-4.0,Up,0xdc32871dc0fcc48b06663cc619ebb621d0c704275aa1b74f468132ce55e4b6ab,34850128338056261153997586563201589161138496363148648627291431575948612823834
2026-04-29T03:25:02.454728+00:00,2026-04-29T03:36:22.004067+00:00,momentum,"Bitcoin Up or Down - April 28, 11:25PM-11:30PM ET",DOWN,Down,4.0,0.58,,LOSS,NO,-4.0,Up,0x772bf26776211419033161e491deb7bdafb14aa7eec972caf48dfa3b26338119,16716517341908379619922669152063172751279294600575740268984707545642806217894
2026-04-29T03:30:00.762261+00:00,2026-04-29T03:53:31.942576+00:00,momentum,"XRP Up or Down - April 28, 11:30PM-11:35PM ET",DOWN,Down,8.0,0.52,,WIN,YES,7.384615384615383,Down,0x2dbced6070392e34bc860e0ee9575be559e57591863e10ab831b23e3b82273ef,69011745198746101748498783246591247073401281241891039408428242553462317357912
2026-04-29T03:30:02.036219+00:00,2026-04-29T03:53:32.094382+00:00,momentum,"Bitcoin Up or Down - April 28, 11:30PM-11:35PM ET",DOWN,Down,4.0,0.54,,WIN,YES,3.4074074074074066,Down,0x364c741392e396472ac7fc0392f654f716d0a99da08767ef5c2831f8cd5056d7,12818155621714067767835014432652005656951587274360650602069148222317586897432
2026-04-29T03:35:00.925124+00:00,2026-04-29T03:53:32.124636+00:00,momentum,"Ethereum Up or Down - April 28, 11:35PM-11:40PM ET",DOWN,Down,2.0,0.515,,LOSS,NO,-2.0,Up,0x2a56b221d5bb170b57f34a0958d8279bb3f41cd99976b4dbee7666f00a4c9ca1,33295846374888611122674842462009107938572985991000560220474448541455715908001
2026-04-29T03:35:00.957434+00:00,2026-04-29T03:53:32.262259+00:00,momentum,"XRP Up or Down - April 28, 11:35PM-11:40PM ET",UP,Up,2.0,0.515,,WIN,YES,1.883495145631068,Up,0x263fde5fbf8eaa4f9617bc3890fb3d7c0b44fdcd6cf13d5a05e7172abeafd828,28226738517115657183722750676957791276771762023648151219968576154054916754494
2026-04-29T03:40:00.372647+00:00,2026-04-29T03:53:32.567733+00:00,momentum,"Ethereum Up or Down - April 28, 11:40PM-11:45PM ET",DOWN,Down,2.0,0.525,,LOSS,NO,-2.0,Up,0x965b7cbedddb78af398f943bd537655f6ebe076dcb8cf794537facee7bdfc2de,51830359455714904819281126476249656745439339270506948191992136947514325894733
2026-04-29T03:40:00.406838+00:00,2026-04-29T03:53:32.703431+00:00,momentum,"XRP Up or Down - April 28, 11:40PM-11:45PM ET",UP,Up,2.0,0.515,,WIN,YES,1.883495145631068,Up,0x5bc14650f55ba36ca00440119941188465f10339aa7b7ed174213c658837dd5f,57629084178897027773354178732328063814765100588518713336228070936183271574998
2026-04-29T03:45:00.379626+00:00,2026-04-29T03:53:33.026034+00:00,momentum,"XRP Up or Down - April 28, 11:45PM-11:50PM ET",DOWN,Down,2.0,0.53,,WIN,YES,1.773584905660377,Down,0x21a5b7ced3d647697e7c7b1a264aadaabeb5555958b591408bda95dd5fb6afd1,23119056931903434838126597954386066250605769723056150834106206621382520981192
2026-04-29T03:45:00.462249+00:00,2026-04-29T03:53:33.388812+00:00,momentum,"Ethereum Up or Down - April 28, 11:45PM-11:50PM ET",DOWN,Down,2.0,0.55,,WIN,YES,1.6363636363636362,Down,0x3470a813763b6c312907556cf81b2cc05e44979d69e8a5413d20d50dbb7fef11,40322466508476165731163731421573553186592927474203957751431507875697569537814
2026-04-29T03:30:00.685177+00:00,2026-04-29T03:54:32.360314+00:00,momentum,"Solana Up or Down - April 28, 11:30PM-11:35PM ET",DOWN,Down,8.0,0.51,,WIN,YES,7.686274509803921,Down,0xce722b6777a5774057a3bd9781f61dc95a500ad4ebd413df38ebbfd9b93ddea0,73250564677415784267846113057001454195075615450528096183433318574229341880153
2026-04-29T03:35:00.990344+00:00,2026-04-29T03:54:32.471657+00:00,momentum,"Solana Up or Down - April 28, 11:35PM-11:40PM ET",DOWN,Down,2.0,0.535,,LOSS,NO,-2.0,Up,0xb572216783992aa3128d244c72295b306bcdee118eead7d75ce6e6732cff1dbd,106101272782950487127102274310213828642292743328685663624542308479014736450971
2026-04-29T03:40:00.337826+00:00,2026-04-29T03:54:32.598458+00:00,momentum,"Bitcoin Up or Down - April 28, 11:40PM-11:45PM ET",DOWN,Down,2.0,0.535,,LOSS,NO,-2.0,Up,0x462588e7ebddbc92905fdd3b5638e0a98ee1c1993cf9d5cd1a7b2c2cd7757860,41803221382069032228060999185676243625455222997552078869590184193889373279671
2026-04-29T03:40:05.706183+00:00,2026-04-29T03:54:32.629637+00:00,momentum,"Solana Up or Down - April 28, 11:40PM-11:45PM ET",DOWN,Down,4.0,0.53,,LOSS,NO,-4.0,Up,0x99fe0d75df3c0b8308c45f0dad7f5dc5398cf9317256e7098a1ed9e70dd93fac,69247437231727278249260558539592256577525059833703446103475457701230644715181
2026-04-29T03:45:00.329188+00:00,2026-04-29T03:54:32.765389+00:00,momentum,"Bitcoin Up or Down - April 28, 11:45PM-11:50PM ET",DOWN,Down,2.0,0.58,,WIN,YES,1.4482758620689657,Down,0x15ad28810a58af5f1a017745b824b4d8bca94e48bfd9a20cef64a463fc66fadf,35604664737545242002357895847236258709283348022876182907786737337257201634280
2026-04-29T03:45:00.419847+00:00,2026-04-29T03:54:32.796974+00:00,momentum,"Solana Up or Down - April 28, 11:45PM-11:50PM ET",DOWN,Down,8.0,0.53,,LOSS,NO,-8.0,Up,0x6df209b7c91953c4030a9022e6decf9431352b8f4b182b7483f777e97044e1de,12927358898177122005964095140640447528009749869983593872757962473159347301710
2026-04-29T03:30:00.720955+00:00,2026-04-29T03:55:32.724750+00:00,momentum,"Ethereum Up or Down - April 28, 11:30PM-11:35PM ET",DOWN,Down,16.0,0.525,,WIN,YES,14.476190476190474,Down,0xe61913b601ce4df8c965e93c38e48ae3aa01b7f469198ab69578ea8fc8d23381,100391972433567548055412013925352320654361003697444040674358060165971437587804
2026-04-29T03:35:02.096183+00:00,2026-04-29T03:55:32.753127+00:00,momentum,"Bitcoin Up or Down - April 28, 11:35PM-11:40PM ET",DOWN,Down,2.0,0.53,,LOSS,NO,-2.0,Up,0xb265acf1dfe071967609158628674e6ceeacece112d2e9aff3c71c2a659bee84,37342468420039586386874259881683436475061626160513005483832456352999166955851
2026-04-29T03:50:00.759534+00:00,2026-04-29T03:59:34.054345+00:00,momentum,"Bitcoin Up or Down - April 28, 11:50PM-11:55PM ET",DOWN,Down,2.0,0.53,,WIN,YES,1.773584905660377,Down,0x288f8dbf2e283c9b1051f2ff8b1c13969ca01b2dd2fa742437d84a6ec960a331,29440839647564949254642718429755286991828311831142736393062397315293639125551
2026-04-29T03:50:00.721104+00:00,2026-04-29T04:00:34.572177+00:00,momentum,"Ethereum Up or Down - April 28, 11:50PM-11:55PM ET",DOWN,Down,2.0,0.52,,WIN,YES,1.8461538461538458,Down,0x3b2576f33279759e6f4ffd2d8c4a551904fc0e8d03c037d509344e361c9608a6,16427324077410228749597481989901798872371416173941197194228674112923974851996
2026-04-29T03:50:00.798578+00:00,2026-04-29T04:01:35.152890+00:00,momentum,"Solana Up or Down - April 28, 11:50PM-11:55PM ET",DOWN,Down,16.0,0.515,,WIN,YES,15.067961165048544,Down,0xd46aa1671954338042560c8e5252dc85c673866e93810b86130a1fcccb7ad3b2,104690303112837270955310136588140466000240723049957381934860164508662026161471
2026-04-29T03:50:03.512128+00:00,2026-04-29T04:01:35.327080+00:00,momentum,"XRP Up or Down - April 28, 11:50PM-11:55PM ET",DOWN,Down,2.0,0.52,,WIN,YES,1.8461538461538458,Down,0xc876929ea8a0b73138c8ce5f0b047c0cfcd4a950f3f3524279af72a02a9d2838,102332354140734419663433476202998274236393861769762627680050599213401274826674
2026-04-29T03:55:00.941554+00:00,2026-04-29T04:05:36.893699+00:00,momentum,"Bitcoin Up or Down - April 28, 11:55PM-12:00AM ET",DOWN,Down,2.0,0.535,,LOSS,NO,-2.0,Up,0xf1c20f07e8d9f54fcba76fc7361f686aa1b739c063c856a3f7e55341e0e97792,42592034958834814647479961801572609060389199450677503590485848168355481302164
2026-04-29T03:55:00.896321+00:00,2026-04-29T04:06:37.450272+00:00,momentum,"Ethereum Up or Down - April 28, 11:55PM-12:00AM ET",DOWN,Down,2.0,0.52,,LOSS,NO,-2.0,Up,0xf4dff430daeaa76437ffaa3d955effd6a3fd9f0c2a97d21c40b28f57ce6b6ddf,38999364618824780117363592422414614880432624857277501570296120281946019612461
2026-04-29T03:55:00.994862+00:00,2026-04-29T04:06:37.535717+00:00,momentum,"Solana Up or Down - April 28, 11:55PM-12:00AM ET",DOWN,Down,2.0,0.515,,LOSS,NO,-2.0,Up,0x4ff96fe005b634fc9bf2e48ae736ff19fbecad5f7f63263f8cd4f75170398de7,68676638509134909646838604540675317219715816207535664888459307983778063720547
2026-04-29T03:55:03.137199+00:00,2026-04-29T04:07:37.402742+00:00,momentum,"XRP Up or Down - April 28, 11:55PM-12:00AM ET",DOWN,Down,2.0,0.52,,LOSS,NO,-2.0,Up,0x63c38be4e0e54c8811669eee73fa34928c7f6774e224387f88683bb15cf0d1cd,32021097987957311666482161223687630873426998696074022534365901513450500411572
2026-04-29T04:00:08.196134+00:00,2026-04-29T04:08:38.291881+00:00,momentum,"Solana Up or Down - April 29, 12:00AM-12:05AM ET",UP,Up,4.0,0.55,,LOSS,NO,-4.0,Down,0x31bb7746f6e7be1cdc404eb1165508e353a004f207af7b337b7fe8cf1ee353e9,94291680168929995295666691107696528652028125434015626340929423538292811041973
2026-04-29T04:00:11.305050+00:00,2026-04-29T04:08:38.325468+00:00,momentum,"XRP Up or Down - April 29, 12:00AM-12:05AM ET",UP,Up,2.0,0.53,,LOSS,NO,-2.0,Down,0xa44d547fb0634603d02fc05337a99df45f7e9f86577fd3935c26e10918d2cd05,94803089796047398796284324497720551677125646158461585967745326270711410928461
2026-04-29T04:00:00.365153+00:00,2026-04-29T04:09:38.633254+00:00,momentum,"Ethereum Up or Down - April 29, 12:00AM-12:05AM ET",DOWN,Down,4.0,0.515,,WIN,YES,3.766990291262136,Down,0x8a71e00022745af650006459509cc9d4f9fccfde212a900a7019c1c76991e6aa,18541936884091842873424465169505992410309117527457175308503744608983774530883
2026-04-29T04:00:04.819063+00:00,2026-04-29T04:09:38.662185+00:00,momentum,"Bitcoin Up or Down - April 29, 12:00AM-12:05AM ET",UP,Up,2.0,0.55,,LOSS,NO,-2.0,Down,0xd6067c1fa5af391f6c002b6fec566fc9c1b02c57e3f27056793a489d15f1d6ca,45683367204555552478504460346752293351511176928107347224181277420275862045908
2026-04-29T04:05:00.516492+00:00,2026-04-29T04:14:41.110824+00:00,momentum,"XRP Up or Down - April 29, 12:05AM-12:10AM ET",UP,Up,2.0,0.515,,WIN,YES,1.883495145631068,Up,0xc79cd354c7145b0b1986764ac91d41436aeb7345bb0eb5455be7091ed95674c3,18655496780292278068821227497484093799097823690640108823347587654116641031926
2026-04-29T04:05:01.624848+00:00,2026-04-29T04:14:41.152774+00:00,momentum,"Bitcoin Up or Down - April 29, 12:05AM-12:10AM ET",UP,Up,2.0,0.52,,LOSS,NO,-2.0,Down,0x3409b0e6f1be0b067eb1c55b65de9bf04ee592b46836254ed328071ed5a5cb4e,58254183840438594172330304069423576391258223033943859265990350051867274405306
2026-04-29T04:05:01.726168+00:00,2026-04-29T04:14:41.289888+00:00,momentum,"Ethereum Up or Down - April 29, 12:05AM-12:10AM ET",DOWN,Down,2.0,0.53,,LOSS,NO,-2.0,Up,0x136756c381909031df6942274f4cab8d9674c02c67e0ca6710a273316788812b,1257714036252590232101390652145955730370008405433386201610785091402244846419
2026-04-29T04:05:01.670070+00:00,2026-04-29T04:15:41.894099+00:00,momentum,"Solana Up or Down - April 29, 12:05AM-12:10AM ET",UP,Up,4.0,0.51,,WIN,YES,3.8431372549019605,Up,0xf70323a13419aaab6b296bc3817559440c4b7f19f1a5f8466392c247648919d1,113800261581625907960769606465954633248017145633357887905771513401362275995560
2026-04-29T04:10:00.255558+00:00,2026-04-29T04:20:45.793874+00:00,momentum,"XRP Up or Down - April 29, 12:10AM-12:15AM ET",UP,Up,2.0,0.515,,LOSS,NO,-2.0,Down,0x3069c1520bcb8398a861a83a4045761c8ba50959493c559a05e2fdf0f2aaf6a3,12314961654201113265493217603518558849476992065804204304899065622751882880744
2026-04-29T04:10:00.305379+00:00,2026-04-29T04:20:45.827967+00:00,momentum,"Ethereum Up or Down - April 29, 12:10AM-12:15AM ET",UP,Up,4.0,0.51,,LOSS,NO,-4.0,Down,0x151802d983d3b50b787b8e4ade9977cc8e0393786c8ebb39dd60a369e8eaac42,67587888120295807515774260087849818328888262958361325315931597071300914423119
2026-04-29T04:10:30.105266+00:00,2026-04-29T04:20:46.107626+00:00,momentum,"Solana Up or Down - April 29, 12:10AM-12:15AM ET",DOWN,Down,2.0,0.55,,WIN,YES,1.6363636363636362,Down,0xf0d22e5eb1fe5b3e8225843688287865cd29a5078ba0ed1b0b3614dbe3686a02,4787955668892558347495003307673749364914477269022016866969905215179047102674
2026-04-29T04:10:02.416777+00:00,2026-04-29T04:21:46.356712+00:00,momentum,"Bitcoin Up or Down - April 29, 12:10AM-12:15AM ET",UP,Up,4.0,0.51,,LOSS,NO,-4.0,Down,0xf6fa454775e13e656ad0c5189290eb9bab69e84ef64672ada36232860301110f,104437417275197414375228152976038070021915554547245111651031672792814154617252
2026-04-29T04:15:02.106894+00:00,2026-04-29T04:23:47.548420+00:00,momentum,"Bitcoin Up or Down - April 29, 12:15AM-12:20AM ET",UP,Up,8.0,0.61,,WIN,YES,5.114754098360656,Up,0xf5e22b4aa800f506ebff07d0104b1df6046caa25f7566a2832a5a49ca9625035,3599619980623635685594746286185345897959757640703754907663378712823372098459
2026-04-29T04:15:02.460836+00:00,2026-04-29T04:23:47.685278+00:00,momentum,"Solana Up or Down - April 29, 12:15AM-12:20AM ET",UP,Up,2.0,0.51,,WIN,YES,1.9215686274509802,Up,0xa994109fb8055bc1bd9dabdf93b775c74b08530ca6320c9677544779201ed388,47137103253872916469497050644466929315430855579742417181062962232046206343227
2026-04-29T04:15:00.381105+00:00,2026-04-29T04:24:47.659257+00:00,momentum,"Ethereum Up or Down - April 29, 12:15AM-12:20AM ET",DOWN,Down,4.0,0.515,,LOSS,NO,-4.0,Up,0x26c493cff0ad65b9f49c4b7012e29d4451f35d16ad7c52923aa21a3f31418f4f,47804055076317729077679014751774313369108275326038340870676466649820732332044
2026-04-29T04:15:00.422927+00:00,2026-04-29T04:25:48.495287+00:00,momentum,"XRP Up or Down - April 29, 12:15AM-12:20AM ET",UP,Up,4.0,0.515,,WIN,YES,3.766990291262136,Up,0x7740648dbeecb584bf569fdb1764ef1fcddaddd202ac273528a6434f685d15f8,105920249554926791464664263922812740784524360014062059537639238234872875937647
2026-04-29T04:20:00.236718+00:00,2026-04-29T04:29:50.427911+00:00,momentum,"Ethereum Up or Down - April 29, 12:20AM-12:25AM ET",DOWN,Down,4.0,0.52,,LOSS,NO,-4.0,Up,0x9db1e55c006c961e484ab59edaab40da7854d1625f7a89f1c9b71ba7558483ce,44608512005777481647169770880341832294556533261388510257942051327318926971746
2026-04-29T04:20:00.274681+00:00,2026-04-29T04:29:50.574547+00:00,momentum,"XRP Up or Down - April 29, 12:20AM-12:25AM ET",UP,Up,2.0,0.515,,WIN,YES,1.883495145631068,Up,0x7306f31d8e06abfc93077bc783c24598b44474a528b6ed3dd50221bf7f43263d,30613747204558194117956996187715390217555322820370738100514155889322170967496
2026-04-29T04:20:01.380594+00:00,2026-04-29T04:29:50.697670+00:00,momentum,"Bitcoin Up or Down - April 29, 12:20AM-12:25AM ET",UP,Up,2.0,0.51,,WIN,YES,1.9215686274509802,Up,0x211fd2610fe933cc763f566328e31e9bc81cef57d9a51013d6029b7114c2a0a2,28457676882438669089937052693256002251143833923628245422299319907216813041456
2026-04-29T04:20:29.170434+00:00,2026-04-29T04:29:50.728762+00:00,momentum,"Solana Up or Down - April 29, 12:20AM-12:25AM ET",DOWN,Down,2.0,0.55,,LOSS,NO,-2.0,Up,0x32b50720063773d32ef9dfd5ba7c3aae49b8acdb149419bc6494d9f6787c2d99,105789753895319083815408094389396257754528006083259675720947546301743621386262
2026-04-29T04:25:00.451116+00:00,2026-04-29T04:35:53.063973+00:00,momentum,"Bitcoin Up or Down - April 29, 12:25AM-12:30AM ET",DOWN,Down,2.0,0.51,,LOSS,NO,-2.0,Up,0x6a6db6a8be1bf85b56b4d10035140076bc25d83f5a361d7c68ed530c727921ff,56732162900461213725446534649807545084627733881582427727643297403964983338733
2026-04-29T04:25:00.496447+00:00,2026-04-29T04:35:53.100881+00:00,momentum,"Ethereum Up or Down - April 29, 12:25AM-12:30AM ET",DOWN,Down,2.0,0.56,,LOSS,NO,-2.0,Up,0x9f73fc4a51580e764b96e4ec0efc4c3268b378a757aae52099132405de13d9bf,68005476583368359351768914927322749919943276367997249067364846854590068702590
2026-04-29T04:25:00.584871+00:00,2026-04-29T04:35:53.223582+00:00,momentum,"XRP Up or Down - April 29, 12:25AM-12:30AM ET",DOWN,Down,2.0,0.51,,LOSS,NO,-2.0,Up,0xd3719d869bfa983a7e051a8178cc0b66841da7a31d33e071c4a775b8f300c6d7,112942476307475960743008758699498775668937565767852914905753396490267375019993
2026-04-29T04:25:00.541919+00:00,2026-04-29T04:36:54.085080+00:00,momentum,"Solana Up or Down - April 29, 12:25AM-12:30AM ET",DOWN,Down,4.0,0.55,,WIN,YES,3.2727272727272725,Down,0x6b783844f0cae5f87adebecfe820296806c00142d6b82af5d115c623ca9b10fd,17717622938609921923454585852029268050561208102351275682484296825236812812496
2026-04-29T04:30:00.355766+00:00,2026-04-29T04:39:54.589660+00:00,momentum,"XRP Up or Down - April 29, 12:30AM-12:35AM ET",UP,Up,4.0,0.515,,WIN,YES,3.766990291262136,Up,0x3e7131b96ac45edd5d4e089467c20d0229c85801fb4ed7381308d6f241d34680,5108969783408946757782594492549024940480848733218903693944320944364703238354
2026-04-29T04:30:00.401298+00:00,2026-04-29T04:39:54.620345+00:00,momentum,"Ethereum Up or Down - April 29, 12:30AM-12:35AM ET",DOWN,Down,4.0,0.515,,LOSS,NO,-4.0,Up,0xc96cc2e940d70515f4c2db7b7f51238277b570172a68018f871a7a505c0f15e1,98205884307196556732655444931608731578837571244219233250184228213311667863191
2026-04-29T04:30:01.548736+00:00,2026-04-29T04:39:54.653171+00:00,momentum,"Solana Up or Down - April 29, 12:30AM-12:35AM ET",DOWN,Down,2.0,0.61,,LOSS,NO,-2.0,Up,0x9a28ae978b6c2eb846c7666506b49cb98d09cb22da4ffc7143e0f52e02d78575,81642048831486851190813227830410938316291830376043846926676662117888446496962
2026-04-29T04:30:01.596466+00:00,2026-04-29T04:39:54.682352+00:00,momentum,"Bitcoin Up or Down - April 29, 12:30AM-12:35AM ET",DOWN,Down,4.0,0.57,,LOSS,NO,-4.0,Up,0x7230858a1183db920d7e3a5d9e8af6d9f9c3a450d5b75d5c0c078ec78e7680ff,28165729351791220406084467376152888345727580777863723047386778145663166518285
2026-04-29T04:35:00.151725+00:00,2026-04-29T04:44:57.357524+00:00,momentum,"Ethereum Up or Down - April 29, 12:35AM-12:40AM ET",DOWN,Down,4.0,0.51,,LOSS,NO,-4.0,Up,0xc0316148f02e274ae0c7fbae16cf4b4ca08919d66c6208f8623d65329cbe0d4c,24105448281132810357892408510750918947624380037467477293579071480360269024364
2026-04-29T04:35:02.390225+00:00,2026-04-29T04:44:57.572946+00:00,momentum,"Solana Up or Down - April 29, 12:35AM-12:40AM ET",DOWN,Down,2.0,0.54,,LOSS,NO,-2.0,Up,0x84a4631a1799b829dd7352254a5fb0c2fc6a80da23ab0e6d4cebfc3f13bd8d31,114158347429855823964860448327796537000375656192054464685159771885668132099790
2026-04-29T04:35:00.200641+00:00,2026-04-29T04:45:58.159699+00:00,momentum,"XRP Up or Down - April 29, 12:35AM-12:40AM ET",UP,Up,2.0,0.515,,WIN,YES,1.883495145631068,Up,0xdf332d4cd7c6dd22fde6e1957867c4eb49d6243448f37d2e086dd43420237353,12966544835342524162405281409476869916998766362523782703190408220525851085868
2026-04-29T04:35:02.354787+00:00,2026-04-29T04:45:58.191723+00:00,momentum,"Bitcoin Up or Down - April 29, 12:35AM-12:40AM ET",DOWN,Down,4.0,0.55,,LOSS,NO,-4.0,Up,0xc65321a5f27fac39e0d7390988da857af05ba3470769c1806141fca79982259d,2084863344877989791197088124420811040675417089589441643608860038348161131164
2026-04-29T04:40:00.183708+00:00,2026-04-29T04:51:01.517141+00:00,momentum,"Ethereum Up or Down - April 29, 12:40AM-12:45AM ET",DOWN,Down,4.0,0.525,,LOSS,NO,-4.0,Up,0xcc0880fcf6d9efe8f6ebf07f8b49b012a119b913a8a0079f4907a0ba1feb5f6c,80753953507021459698148705482171754148358994557384837233074325931482194421258
2026-04-29T04:40:00.223542+00:00,2026-04-29T04:51:01.677028+00:00,momentum,"XRP Up or Down - April 29, 12:40AM-12:45AM ET",UP,Up,2.0,0.515,,WIN,YES,1.883495145631068,Up,0x761b95edc70c3585835ad13b635daf645a8a1f1a6e53c8025c47b272f42dedc1,57509785543478474275270107505113744685878044888377467989211434600247354827639
2026-04-29T04:40:01.388295+00:00,2026-04-29T04:51:01.805042+00:00,momentum,"Solana Up or Down - April 29, 12:40AM-12:45AM ET",DOWN,Down,2.0,0.53,,LOSS,NO,-2.0,Up,0x946e4e202c0752a5064326b6041d433250539c5df42d283094476f367a7019bf,47133873846686825035003961596052929500492858049136048373694213777591913891687
2026-04-29T04:40:01.338543+00:00,2026-04-29T04:52:02.230686+00:00,momentum,"Bitcoin Up or Down - April 29, 12:40AM-12:45AM ET",DOWN,Down,4.0,0.54,,LOSS,NO,-4.0,Up,0xc3ba7c92fed5ebb221cbad99ec878b227209cef9227eb86ee4fe7ed96bd888fa,4060322422830106601568453374716109358195113632326297955633352533108413505878
2026-04-29T04:45:01.130588+00:00,2026-04-29T04:54:03.034985+00:00,momentum,"Ethereum Up or Down - April 29, 12:45AM-12:50AM ET",DOWN,Down,8.0,0.515,,WIN,YES,7.533980582524272,Down,0xda9a875bce5a100eb96878a52764902921c205b69e6f78f90e8c6485d585f36d,12466547939748575682150918317636123106839851266251710471176048147858116911426
2026-04-29T04:45:01.229537+00:00,2026-04-29T04:54:03.159746+00:00,momentum,"Bitcoin Up or Down - April 29, 12:45AM-12:50AM ET",DOWN,Down,8.0,0.56,,WIN,YES,6.285714285714285,Down,0x5ef01f06a776d82b3770ecd1ac423ab3d706a883829fe5fe3d1f210926ad52f6,30919718773107390837995966252646236426180839856570657280020922510775058701917
2026-04-29T04:45:01.287009+00:00,2026-04-29T04:54:03.192985+00:00,momentum,"XRP Up or Down - April 29, 12:45AM-12:50AM ET",UP,Up,2.0,0.99,,LOSS,NO,-2.0,Down,0xadda6829b8778f59d30c73d0ff2f66dc8e58d57960bc3fe58888103b6308e0b6,102669207939498685144698390028419384907984557805363071535558465754532320245475
2026-04-29T04:45:01.338430+00:00,2026-04-29T04:55:03.719598+00:00,momentum,"Solana Up or Down - April 29, 12:45AM-12:50AM ET",DOWN,Down,4.0,0.57,,LOSS,NO,-4.0,Up,0xbcc427486ac18fffab32ded4f9dc27101830384c99272eac7c29cbc3ec5f775f,44074745870159248863806459150559622897876891159425547001422098122679906086320
2026-04-29T04:50:00.922375+00:00,2026-04-29T05:00:06.028266+00:00,momentum,"XRP Up or Down - April 29, 12:50AM-12:55AM ET",DOWN,Down,4.0,0.525,,LOSS,NO,-4.0,Up,0xa9afb96e7dc018763196167b5b114d47f26b77e871c156f2e5442708aa178f74,111685162099594751264500931104716948600250028665692691078246676754082840212293
2026-04-29T04:50:00.964998+00:00,2026-04-29T05:00:06.210212+00:00,momentum,"Bitcoin Up or Down - April 29, 12:50AM-12:55AM ET",DOWN,Down,2.0,0.535,,WIN,YES,1.7383177570093458,Down,0x14bbd28303f18b64dfdfa4b009d9362912fe423f7f17c4aa7891702dc07d7f72,32914008514400832673766295697409400268521254020247215622909440973766617377869
2026-04-29T04:50:03.595680+00:00,2026-04-29T05:00:06.523205+00:00,momentum,"Solana Up or Down - April 29, 12:50AM-12:55AM ET",UP,Up,8.0,0.57,,WIN,YES,6.035087719298247,Up,0x4b18897532f06e6f79e3f62dcfda5f8219364e11146970001099bf0a037b127f,3159568888701945402533699500742314078840535345782825702460640836317074286695
2026-04-29T04:50:01.008851+00:00,2026-04-29T05:01:06.155676+00:00,momentum,"Ethereum Up or Down - April 29, 12:50AM-12:55AM ET",DOWN,Down,2.0,0.515,,WIN,YES,1.883495145631068,Down,0x3906e7faf513e7f9a4eb8be61a0c2861e47dd79596010b48d4d2c1c40827e7db,114771300628906735117286759233934921035401122824248166378252444310004555513371
2026-04-29T04:55:00.541627+00:00,2026-04-29T05:05:08.235782+00:00,momentum,"Ethereum Up or Down - April 29, 12:55AM-1:00AM ET",DOWN,Down,2.0,0.53,,WIN,YES,1.773584905660377,Down,0xf2efac93fe3013782b10f48cacd474e20b4902f0bbc924f95cacc268c249dbc0,52073830445827126438370907807450220867787352433448047865109615166780965153739
2026-04-29T04:55:00.447523+00:00,2026-04-29T05:06:08.365878+00:00,momentum,"XRP Up or Down - April 29, 12:55AM-1:00AM ET",DOWN,Down,8.0,0.56,,WIN,YES,6.285714285714285,Down,0xce42aaabbc23bc1b53c6a83061f7b15113798c0af5b9511ebb20690e95e3010e,4422075655013850210948875508059041034971187857410231322816774257829887128064
2026-04-29T04:55:00.487503+00:00,2026-04-29T05:07:08.508167+00:00,momentum,"Bitcoin Up or Down - April 29, 12:55AM-1:00AM ET",DOWN,Down,2.0,0.53,,WIN,YES,1.773584905660377,Down,0xaaafee29350daf012b8505ceccc69896ce64b579b820c6071bddc03e696beca6,80441322577492958360197416825243154134264361030609922923430488324516366458056
2026-04-29T04:55:00.583913+00:00,2026-04-29T05:07:08.542194+00:00,momentum,"Solana Up or Down - April 29, 12:55AM-1:00AM ET",DOWN,Down,2.0,0.51,,LOSS,NO,-2.0,Up,0xcb051de76be9b42df89d1b0b5d44f0cf70f02eb4fa11d5c4f9799d2c95094fc2,17170556469476537198881014796708848274784324165441014807387984019803540388559
2026-04-29T05:00:00.425694+00:00,2026-04-29T05:09:09.476595+00:00,momentum,"Ethereum Up or Down - April 29, 1:00AM-1:05AM ET",DOWN,Down,2.0,0.515,,WIN,YES,1.883495145631068,Down,0x21c0b0207404f6ab1d9431186bb7b481e7ce562f213127b51fb5375c5023fbfe,115401531679970588889796057505028000875946739355443899621453028342522684810695
2026-04-29T05:00:00.467799+00:00,2026-04-29T05:09:09.615173+00:00,momentum,"XRP Up or Down - April 29, 1:00AM-1:05AM ET",DOWN,Down,2.0,0.52,,WIN,YES,1.8461538461538458,Down,0x9c3c59a210073e6c981fe54f7f7279d98aeed1188f922ef9f1c4e8081e8303de,39626207300675272328140944688102379230337028742954091741400370588524710700563
2026-04-29T05:00:00.516415+00:00,2026-04-29T05:09:09.752171+00:00,momentum,"Bitcoin Up or Down - April 29, 1:00AM-1:05AM ET",DOWN,Down,2.0,0.56,,WIN,YES,1.5714285714285712,Down,0xe6f9c838c8c2c748076d8e7d9aebb55e0856b7c539b12082191685ed944448e9,3034139378907877531524363692649269632730893138219106254266112296120708918705
2026-04-29T05:00:01.642409+00:00,2026-04-29T05:09:09.878821+00:00,momentum,"Solana Up or Down - April 29, 1:00AM-1:05AM ET",DOWN,Down,4.0,0.55,,WIN,YES,3.2727272727272725,Down,0xa33ce3978c1bf2d606f2254dd3376e0130772e292582b69f0f7a62737ff1e984,91785613195609295809908892337688153161870054410344950748105764423638495390995
2026-04-29T05:05:01.526559+00:00,2026-04-29T05:15:11.955958+00:00,momentum,"XRP Up or Down - April 29, 1:05AM-1:10AM ET",DOWN,Down,2.0,0.55,,WIN,YES,1.6363636363636362,Down,0x7fbed645aee7185ae0ffebb1da9cedacc88059ef45dd823ebf6f5174f48239ff,29440568146852218528826833217803803722048353985083530632615123360434851955221
2026-04-29T05:05:00.329393+00:00,2026-04-29T05:16:11.849427+00:00,momentum,"Bitcoin Up or Down - April 29, 1:05AM-1:10AM ET",DOWN,Down,2.0,0.535,,LOSS,NO,-2.0,Up,0x341038c444eb95526fe1b57f67e937412654c1afefd7e3a2799e43de8e4215cf,29833315721120690865660060237695020027887161304954056089831787874105269221827
2026-04-29T05:05:00.369698+00:00,2026-04-29T05:16:11.886920+00:00,momentum,"Solana Up or Down - April 29, 1:05AM-1:10AM ET",DOWN,Down,2.0,0.52,,LOSS,NO,-2.0,Up,0x3f8f8c77fd5f93a4177b88206e0e19178ec3c80ae4f06d4f512acceaeedec903,21664920060559856307688789687877746087066783572385865344113339078810074534457
2026-04-29T05:05:00.409971+00:00,2026-04-29T05:16:11.917270+00:00,momentum,"Ethereum Up or Down - April 29, 1:05AM-1:10AM ET",DOWN,Down,2.0,0.52,,LOSS,NO,-2.0,Up,0x94324316138ee3d02932506b4de447a7b7cce7521b50c14c87d6876ba2ea1822,107119190140826244646970085696454493900100713251377070582520887404682210753845
2026-04-29T05:10:03.088424+00:00,2026-04-29T05:20:13.560605+00:00,momentum,"Solana Up or Down - April 29, 1:10AM-1:15AM ET",UP,Up,4.0,0.54,,LOSS,NO,-4.0,Down,0x2c4d22a9f75e66787cada611c43e3855ca4ffc9bd028357af4fa4c4b093cebc5,103679824475165286299303480852052758257850840241757158213109808797763429293108
2026-04-29T05:10:00.848378+00:00,2026-04-29T05:21:14.120497+00:00,momentum,"XRP Up or Down - April 29, 1:10AM-1:15AM ET",UP,Up,2.0,0.515,,LOSS,NO,-2.0,Down,0x2cdff51d08bf52e6c6760fad56d56dd4b543dbef5997a025af8bd90abe1aca5e,75497147729687785282083860923519615604708942731278808543656912536640222659726
2026-04-29T05:10:03.015082+00:00,2026-04-29T05:21:14.150737+00:00,momentum,"Bitcoin Up or Down - April 29, 1:10AM-1:15AM ET",UP,Up,4.0,0.53,,LOSS,NO,-4.0,Down,0xac082d4e6934d430598411234ff2db74e7a4c7914fee15f3ccfe9a141bbb60b8,7075656599161237833638513954566613568361886136541229982668062293626557863111
2026-04-29T05:10:03.051735+00:00,2026-04-29T05:21:14.179100+00:00,momentum,"Ethereum Up or Down - April 29, 1:10AM-1:15AM ET",UP,Up,4.0,0.52,,LOSS,NO,-4.0,Down,0x4060ee9d89018f6d450967e0956b16c6abf0fa86fdd76e116df16b0fc48714e1,100252900003141372448455527322237943507528268832473047122756690835281168405562
2026-04-29T05:15:00.626176+00:00,2026-04-29T05:24:14.967107+00:00,momentum,"Solana Up or Down - April 29, 1:15AM-1:20AM ET",DOWN,Down,2.0,0.515,,WIN,YES,1.883495145631068,Down,0x01413631eb997a3503f810fdcaf42cca98c15ddb2e7efe10b6c620fca937f74f,100208844123807273155219766868229895735286308174380477372918647698052131884333
2026-04-29T05:15:00.663464+00:00,2026-04-29T05:24:15.114031+00:00,momentum,"XRP Up or Down - April 29, 1:15AM-1:20AM ET",UP,Up,4.0,0.515,,WIN,YES,3.766990291262136,Up,0xa5ef4f7314437f4abf10e358234ca76855cbdc8dd35b145d1a86be91ec258cb3,45942057949387327460795858511721714174562129832817966231170348609819279506255
2026-04-29T05:15:00.704089+00:00,2026-04-29T05:24:15.145664+00:00,momentum,"Bitcoin Up or Down - April 29, 1:15AM-1:20AM ET",DOWN,Down,4.0,0.535,,LOSS,NO,-4.0,Up,0x8600c256048d82e4cf7cb2a7e77c081886ed9bf325526862238549fe56d05356,96108053005254808190738595493733872721240480361011064862310662631357427883514
2026-04-29T05:15:01.751824+00:00,2026-04-29T05:24:15.181422+00:00,momentum,"Ethereum Up or Down - April 29, 1:15AM-1:20AM ET",UP,Up,4.0,0.58,,LOSS,NO,-4.0,Down,0x298d9e5c4ca5fc8c53531c1a154805e1e9982f20ac2cb928d818688246d134ef,45498340901505515030905924855107754268688958593322706936876300747949965977194
2026-04-29T05:20:02.680438+00:00,2026-04-29T05:29:18.129274+00:00,momentum,"Bitcoin Up or Down - April 29, 1:20AM-1:25AM ET",UP,Up,8.0,0.55,,WIN,YES,6.545454545454545,Up,0x46becbd50ab5498dd1ac88682222ab3b99e2cc0e480d01d5fb7dcd2e36bfde76,43434761347391201205608427887028815159359402926987994970509768513029683534253
2026-04-29T05:20:02.786017+00:00,2026-04-29T05:29:18.364097+00:00,momentum,"Solana Up or Down - April 29, 1:20AM-1:25AM ET",UP,Up,2.0,0.51,,WIN,YES,1.9215686274509802,Up,0x50e558f91cdf184f9a930b1d878469862daa20e4b604102f3adedcb8fef150a8,77474206620400167637294835856057564258262743414604484611675356801502597191215
2026-04-29T05:20:00.524704+00:00,2026-04-29T05:30:18.989276+00:00,momentum,"XRP Up or Down - April 29, 1:20AM-1:25AM ET",UP,Up,2.0,0.515,,WIN,YES,1.883495145631068,Up,0xd72daf7b0eeb8dfb62a115493ef0125d365c0007c86d7aaf8ba6ae3ba55b1d0f,1844349794769517530087309335986489474234581659197818602546290667166306217541
2026-04-29T05:20:02.750278+00:00,2026-04-29T05:30:19.154462+00:00,momentum,"Ethereum Up or Down - April 29, 1:20AM-1:25AM ET",UP,Up,8.0,0.53,,WIN,YES,7.094339622641508,Up,0x73191f5f2395cc49c2889b638e76d414b39db608746e205413faa9a2b07e9780,115034370784181649352176693138335408482782441199089474093025361247012890263503
2026-04-29T05:25:00.128548+00:00,2026-04-29T05:36:21.874423+00:00,momentum,"XRP Up or Down - April 29, 1:25AM-1:30AM ET",UP,Up,2.0,0.515,,WIN,YES,1.883495145631068,Up,0xa23df1230b114a8d928b4c7ec9caf108b5dd996e52ed2232137ad77ee381f4c0,45920607930875910646949437760296738670866968326977466902015909830720390294613
2026-04-29T05:25:01.249403+00:00,2026-04-29T05:36:21.901140+00:00,momentum,"Solana Up or Down - April 29, 1:25AM-1:30AM ET",DOWN,Down,2.0,0.55,,LOSS,NO,-2.0,Up,0x9d4a47ce87a4e55a8296e0341317a555bb855729e563c0b82da9dca70c0e40b8,38901048831487760427077460522744942356486077900754535905005456288437992558063
2026-04-29T05:25:07.641348+00:00,2026-04-29T05:36:22.075635+00:00,momentum,"Ethereum Up or Down - April 29, 1:25AM-1:30AM ET",UP,Up,2.0,0.54,,WIN,YES,1.7037037037037033,Up,0x26f1161eb23770f479b1689eb3532a3fe7a15d2ff4855f28fbb08a6bc7b02780,102723310650244586296955439448411305821273437402069809113372536550105471075242
2026-04-29T05:25:07.677747+00:00,2026-04-29T05:36:22.253574+00:00,momentum,"Bitcoin Up or Down - April 29, 1:25AM-1:30AM ET",UP,Up,2.0,0.51,,WIN,YES,1.9215686274509802,Up,0xc40242f98ea784809e24f1a1d4cf86ded47a8e21992e8735e610be3917feeb1e,7392562024783250939421262398147668965393335179722142828011735736725168957108
2026-04-29T05:30:00.454510+00:00,2026-04-29T05:40:23.411036+00:00,momentum,"Bitcoin Up or Down - April 29, 1:30AM-1:35AM ET",DOWN,Down,2.0,0.51,,WIN,YES,1.9215686274509802,Down,0xcfe074c896a5f871f4254838f73fdb6a4d61b524d3be1edc1e49219f3ecfbc3a,17870251714975254685337314592080482611317883585237151808514389953408755481893
2026-04-29T05:30:00.502141+00:00,2026-04-29T05:40:23.442676+00:00,momentum,"Solana Up or Down - April 29, 1:30AM-1:35AM ET",UP,Up,4.0,0.54,,LOSS,NO,-4.0,Down,0xfb0a80daffd87f60c11ffc9324d2c4e1bd9a3bc4d3c190986c38b753886e3ad7,101239720065040696905269796101211589017998382455080876071950511685312883821655
2026-04-29T05:30:00.544163+00:00,2026-04-29T05:40:23.475280+00:00,momentum,"XRP Up or Down - April 29, 1:30AM-1:35AM ET",UP,Up,2.0,0.51,,LOSS,NO,-2.0,Down,0xfd54d77e49fa2f7fa206674c12f8495c48c73c74c8e6af57589a094b8a990e24,79560597889058073352981643273591681008741384831544151115059824285667131423305
2026-04-29T05:30:06.704454+00:00,2026-04-29T05:40:23.631767+00:00,momentum,"Ethereum Up or Down - April 29, 1:30AM-1:35AM ET",DOWN,Down,2.0,0.64,,WIN,YES,1.125,Down,0x3cdb9ae2605ec83f36fdb1f256574b95fa7fc9d72ac4d58f8ab1743b42a53c46,85972213653135816128483360428058545098544095257294182983030821605789236733401
2026-04-29T05:35:00.249303+00:00,2026-04-29T05:44:24.863231+00:00,momentum,"XRP Up or Down - April 29, 1:35AM-1:40AM ET",UP,Up,4.0,0.51,,WIN,YES,3.8431372549019605,Up,0x64127a63956897364eb34de5ce2b98ccbd09e2c477c51a8897e678ecca4b4f52,11779844837177831510651166948277727943146180900543903300891341337459497474095
2026-04-29T05:35:06.578592+00:00,2026-04-29T05:44:25.194482+00:00,momentum,"Ethereum Up or Down - April 29, 1:35AM-1:40AM ET",UP,Up,2.0,0.58,,WIN,YES,1.4482758620689657,Up,0xe6a0db74529fb1af4cee9aa6d54ccdb0cecdc91bec585fda208c68a1738b1191,66268217563011004798911930694696388423715141175471871966028830841100698157706
2026-04-29T05:35:00.346345+00:00,2026-04-29T05:45:24.849632+00:00,momentum,"Solana Up or Down - April 29, 1:35AM-1:40AM ET",DOWN,Down,8.0,0.53,,LOSS,NO,-8.0,Up,0x5c5af2e156fa33520d85f7828064d8d6aee500d4a436c0cc3f782a2f41fe7e86,76495876335780411988341222712989925645601064858659790857935548234689608468857
2026-04-29T05:35:00.303111+00:00,2026-04-29T05:46:25.423345+00:00,momentum,"Bitcoin Up or Down - April 29, 1:35AM-1:40AM ET",UP,Up,2.0,0.52,,WIN,YES,1.8461538461538458,Up,0xf4646d91de7ea2cfed9c8bf2e902722edf972a19f712f5a86d1accf09be8c683,25361909487337133064643882673030187587193030227596723719733524132545734930093
2026-04-29T05:40:00.852336+00:00,2026-04-29T05:50:26.766162+00:00,momentum,"XRP Up or Down - April 29, 1:40AM-1:45AM ET",UP,Up,8.0,0.515,,WIN,YES,7.533980582524272,Up,0x7179a059d6d3beda0fe29a8ed398a7d8a27895e3128433f8cebf3b74460fa3fb,90786880342812984394821627504616429146071697884886011889182330312558649018813
2026-04-29T05:40:09.299756+00:00,2026-04-29T05:50:26.909322+00:00,momentum,"Ethereum Up or Down - April 29, 1:40AM-1:45AM ET",DOWN,Down,2.0,0.51,,LOSS,NO,-2.0,Up,0xeac16994040fbf4a3df12e26904942d85e7aeaadcd0f6d627eb4c69ec9d9aec5,104790153141845902814272455725337849305960947805276418313182983165949209053016
2026-04-29T05:40:12.447944+00:00,2026-04-29T05:51:27.112199+00:00,momentum,"Solana Up or Down - April 29, 1:40AM-1:45AM ET",DOWN,Down,8.0,0.55,,WIN,YES,6.545454545454545,Down,0x81a4102b32f583cf3a6e309acd7d14627d301306c988e9c8ccee1f325e97f9f0,43247775097519958322042190202859589290034373015118672829452498309686285005426
2026-04-29T05:40:03.024571+00:00,2026-04-29T05:52:28.187672+00:00,momentum,"Bitcoin Up or Down - April 29, 1:40AM-1:45AM ET",DOWN,Down,2.0,0.51,,WIN,YES,1.9215686274509802,Down,0x956ee3ab2e4d4ac619a3b2624764ef4f74530b691c9c5f11bf686ae31a635516,7831989434221913745751455983608852877342334025761179630716340386115760264616
2026-04-29T05:45:00.751391+00:00,2026-04-29T05:53:29.127172+00:00,momentum,"Solana Up or Down - April 29, 1:45AM-1:50AM ET",DOWN,Down,2.0,0.53,,LOSS,NO,-2.0,Up,0xd06830013eab2e71d352bd48bd14fd0fbf70daf910de9718e4fb9e73c7a4a3e6,76139585445009830160714039990711512553763043075411025239829321347215749040765
2026-04-29T05:45:00.710260+00:00,2026-04-29T05:54:29.080641+00:00,momentum,"Ethereum Up or Down - April 29, 1:45AM-1:50AM ET",DOWN,Down,4.0,0.51,,LOSS,NO,-4.0,Up,0xdc5f60df3ccfd46ed7e38e9598dcddf4d41714633fa169241ba0ed581a957c57,34757283912649235854624760204526859330560635077340802741575474194081856402022
2026-04-29T05:45:03.962273+00:00,2026-04-29T05:54:29.210522+00:00,momentum,"Bitcoin Up or Down - April 29, 1:45AM-1:50AM ET",UP,Up,2.0,0.56,,WIN,YES,1.5714285714285712,Up,0x368694a3225e2490e2571f80421e87528592cfef0ac429c2267b1d2994f40f39,110422396638717253288713006454288445509307614287565525338632048113636658794502
2026-04-29T05:45:04.016863+00:00,2026-04-29T05:55:29.950785+00:00,momentum,"XRP Up or Down - April 29, 1:45AM-1:50AM ET",UP,Up,2.0,0.51,,WIN,YES,1.9215686274509802,Up,0xf00f0be0336ec4f1a2cde092cf35e3ea1aeeff1ea56a63f4a6c3f88cb70a35fe,833700784677871022700952153378067258792853394216333744486731442352760093122
2026-04-29T05:50:06.523657+00:00,2026-04-29T05:59:37.238996+00:00,momentum,"Bitcoin Up or Down - April 29, 1:50AM-1:55AM ET",DOWN,Down,2.0,0.52,,LOSS,NO,-2.0,Up,0x4f44c6f62449ce115bb6e53039bc2d76f697d1fc3000dee1c22a8218f2be7a79,86611402908702892425279791154233747209653376333818120915861805754331488869138
2026-04-29T05:50:00.192790+00:00,2026-04-29T06:00:33.482215+00:00,momentum,"Ethereum Up or Down - April 29, 1:50AM-1:55AM ET",DOWN,Down,8.0,0.56,,WIN,YES,6.285714285714285,Down,0x845c7af7b0ed119707670faa28d40e3fe8605037a29a8c64cbef92a76431ddb1,94122076442049336926266237213854003046239839728525905999158428344335947373093
2026-04-29T05:50:00.241040+00:00,2026-04-29T06:00:33.615195+00:00,momentum,"XRP Up or Down - April 29, 1:50AM-1:55AM ET",DOWN,Down,2.0,0.51,,WIN,YES,1.9215686274509802,Down,0x670f45cdb8f2a536a0e2a1f7fa0a99340ba39e6f11fcd85ac49f0301d56727b8,47876843948603623612360295485244960606896379346079769896626007050439674387078
2026-04-29T05:50:00.300026+00:00,2026-04-29T06:00:33.650839+00:00,momentum,"Solana Up or Down - April 29, 1:50AM-1:55AM ET",UP,Up,4.0,0.51,,LOSS,NO,-4.0,Down,0xbb7a8f3cf6936123d40517d108bec319bf1e029caf070504343232e934373518,65172812854430543484144337334621025082453158058419271918441043692471834145418
2026-04-29T05:55:00.862859+00:00,2026-04-29T06:05:35.459890+00:00,momentum,"Ethereum Up or Down - April 29, 1:55AM-2:00AM ET",DOWN,Down,2.0,0.53,,WIN,YES,1.773584905660377,Down,0x918c9415574a740d6d37c15286ca0a6a2a26783956d754edffa33ffd08e78970,106526936936875160870721053941278014294810855126050385482888895369508403053808
2026-04-29T05:55:00.939971+00:00,2026-04-29T06:05:35.676603+00:00,momentum,"XRP Up or Down - April 29, 1:55AM-2:00AM ET",DOWN,Down,2.0,0.51,,WIN,YES,1.9215686274509802,Down,0x44baf64c5c53891fcac7fcd498903de9fc9ff050e7b1a1d79cf771bd58fa3b59,45095197240342758534380530296180031114183090624927872116433321407530420988685
2026-04-29T05:55:00.901932+00:00,2026-04-29T06:06:36.098160+00:00,momentum,"Bitcoin Up or Down - April 29, 1:55AM-2:00AM ET",UP,Up,4.0,0.51,,WIN,YES,3.8431372549019605,Up,0xa16c1d99862201ee04de9e296582ad1cf565a0e74be55a826a19463864e1cc43,66795557381958344332071052968897549367322566762699646653399182852846286530357
2026-04-29T05:55:07.130410+00:00,2026-04-29T06:06:36.230612+00:00,momentum,"Solana Up or Down - April 29, 1:55AM-2:00AM ET",DOWN,Down,8.0,0.54,,WIN,YES,6.814814814814813,Down,0xc1de48b43eaaa8f9f6042d5b9057dd0230fd27a09ffcc82de9a3c935215aeca8,96489625446106705558751414748901306931075833250449364520288302120120947113232
2026-04-29T06:00:00.520934+00:00,2026-04-29T06:08:37.863226+00:00,momentum,"Ethereum Up or Down - April 29, 2:00AM-2:05AM ET",DOWN,Down,2.0,0.515,,LOSS,NO,-2.0,Up,0xe6402a1e947c01ffd2f5d14df47ff057332822824d038e6011d514372946ae62,94688040031132105934672795127520319671279300174539259721316924099338097554916
2026-04-29T06:00:02.708733+00:00,2026-04-29T06:08:38.397735+00:00,momentum,"Bitcoin Up or Down - April 29, 2:00AM-2:05AM ET",DOWN,Down,2.0,0.55,,WIN,YES,1.6363636363636362,Down,0xd317e41c9686b772e597c9858291cc9a8356139c5db706294c7fdab2ab68f22d,53876300033705544390419427864615992799246094195181144011132010369206586887216
2026-04-29T06:00:00.578648+00:00,2026-04-29T06:09:38.629221+00:00,momentum,"XRP Up or Down - April 29, 2:00AM-2:05AM ET",UP,Up,2.0,0.515,,LOSS,NO,-2.0,Down,0x37afbde9abc8d084d5b4d763e3c68a487aa991fd1ac8920e058537140fc26c25,61580377373920623417590246222155728063659393072707914529389729262418264012479
2026-04-29T06:00:24.921887+00:00,2026-04-29T06:09:38.657129+00:00,momentum,"Solana Up or Down - April 29, 2:00AM-2:05AM ET",DOWN,Down,2.0,0.55,,LOSS,NO,-2.0,Up,0x7d87387ac327756b3f6e348e1d4516c563a54341a21ca41917755b2deca3271f,91186993141585381353526257405326726901515158371069958469056332533665023569472
2026-04-29T06:05:00.891396+00:00,2026-04-29T06:14:41.015138+00:00,momentum,"Ethereum Up or Down - April 29, 2:05AM-2:10AM ET",DOWN,Down,4.0,0.52,,LOSS,NO,-4.0,Up,0x34cfb14ddf94d99933c9bedda96629ca5ad6a36d5ee03423aeda6c2924646a3a,77062615294228968678741795984103841379416829832251239844906926719119166379283
2026-04-29T06:05:02.151254+00:00,2026-04-29T06:14:41.416547+00:00,momentum,"Bitcoin Up or Down - April 29, 2:05AM-2:10AM ET",DOWN,Down,2.0,0.51,,WIN,YES,1.9215686274509802,Down,0xb149f9d88b7df0b3352ae2e0d526db16208b5613916b85a57b77c7ff41965d20,35004001268298710656245257551077220618391354871442728106840839779719849068486
2026-04-29T06:05:02.256631+00:00,2026-04-29T06:15:41.037148+00:00,momentum,"Solana Up or Down - April 29, 2:05AM-2:10AM ET",DOWN,Down,4.0,0.54,,LOSS,NO,-4.0,Up,0x018303230935b7b9dc71b47bc266c800b6028bc1e09583ec71f729bb4a7638ad,27696697589012611073503290860379242437480807161645240930737933782906302312127
2026-04-29T06:05:02.315426+00:00,2026-04-29T06:15:41.452417+00:00,momentum,"XRP Up or Down - April 29, 2:05AM-2:10AM ET",DOWN,Down,4.0,0.53,,WIN,YES,3.547169811320754,Down,0x597034c4b9d60a77c5f94f0d4f4aaa9c95a6cdbcbe3ff8a86b9d28d23fed3463,71100542269087597128456330121568693825082338271258446962402953607931073737262
2026-04-29T06:10:02.283967+00:00,2026-04-29T06:20:44.806546+00:00,momentum,"Bitcoin Up or Down - April 29, 2:10AM-2:15AM ET",DOWN,Down,2.0,0.51,,WIN,YES,1.9215686274509802,Down,0xa5967013eb8984f96e7736b850aaf75965d1fd0484ee9eb8a539200c6b499ebd,77007920094052809078004474470800576104188513499694161592877812184012860325792
2026-04-29T06:10:00.182212+00:00,2026-04-29T06:21:44.887140+00:00,momentum,"Ethereum Up or Down - April 29, 2:10AM-2:15AM ET",DOWN,Down,8.0,0.515,,WIN,YES,7.533980582524272,Down,0xfaf4650ffa6d27e1ae00143f333a9bc39b7923b1360810ff84f10ad3a407fb14,75498092245620162512646725978558060728914626907354397152141036078434665504519
2026-04-29T06:10:02.333496+00:00,2026-04-29T06:22:45.762133+00:00,momentum,"XRP Up or Down - April 29, 2:10AM-2:15AM ET",UP,Up,2.0,0.51,,WIN,YES,1.9215686274509802,Up,0x09daabf6d9ab968a2928a2a2e8545dec6435af86259f313f31a0c718aed53789,70767620493678622160290230794958301587903297243973036219103802876662178554712
2026-04-29T06:10:02.370854+00:00,2026-04-29T06:22:45.903472+00:00,momentum,"Solana Up or Down - April 29, 2:10AM-2:15AM ET",DOWN,Down,2.0,0.53,,WIN,YES,1.773584905660377,Down,0xd1d34b1aed68dce1f8c625dc1ac4c9c64fca45f029e2f2062561661b9e3a3e4f,55427648473895827547525830851169414865249239913364323736438140667966076820552
2026-04-29T06:15:01.638582+00:00,2026-04-29T06:23:46.162238+00:00,momentum,"Solana Up or Down - April 29, 2:15AM-2:20AM ET",UP,Up,2.0,0.51,,WIN,YES,1.9215686274509802,Up,0xad5bb3d065324764ed371216a6316802f5fc25cc896c0a9f8f05d3593156cd92,71117749442615226537481182887562643623702871166428222073578306790622932469852
2026-04-29T06:15:01.695851+00:00,2026-04-29T06:23:46.196439+00:00,momentum,"Bitcoin Up or Down - April 29, 2:15AM-2:20AM ET",UP,Up,2.0,0.51,,LOSS,NO,-2.0,Down,0x8ad6670285c69500c2a0563117acc860c464d59aec78566ed845705f7bab7d65,62461714593542681521577127984970845668937635248256633295427934235365030670090
2026-04-29T06:15:01.748726+00:00,2026-04-29T06:23:46.333192+00:00,momentum,"XRP Up or Down - April 29, 2:15AM-2:20AM ET",DOWN,Down,2.0,0.51,,WIN,YES,1.9215686274509802,Down,0xd812565f66552b6fd2b826986e529f2cf81fd583db0592db1bba46501015451e,77022749695865610629582371225778638862320086310234529259140164533203000704335
2026-04-29T06:15:00.521447+00:00,2026-04-29T06:24:46.107896+00:00,momentum,"Ethereum Up or Down - April 29, 2:15AM-2:20AM ET",DOWN,Down,2.0,0.52,,WIN,YES,1.8461538461538458,Down,0x0a655be370280032c903a7d6ed90f7afe5156109185d0a36e5bfca4151598fae,3862802747248607075158430844367440669181110532940229836641553425324956026514
2026-04-29T06:20:00.857858+00:00,2026-04-29T06:29:47.753417+00:00,momentum,"Ethereum Up or Down - April 29, 2:20AM-2:25AM ET",DOWN,Down,2.0,0.515,,WIN,YES,1.883495145631068,Down,0xd2f2d6c7d425e4dfbc9d6df4ead995fd4ad2dbd3062d7432527a1651fc08e8fb,64447272917180605376279103757585967353902881857095645678072478592337891968297
2026-04-29T06:20:06.237925+00:00,2026-04-29T06:29:47.969301+00:00,momentum,"Solana Up or Down - April 29, 2:20AM-2:25AM ET",UP,Up,2.0,0.51,,LOSS,NO,-2.0,Down,0x55df8cfa8ab9e375bfdfdb90b183229181186598b33002a4497314d2b6d3cc0f,64070694668300525539440537281324520469723222161757784521139165655136068133507
2026-04-29T06:20:00.895551+00:00,2026-04-29T06:30:48.311487+00:00,momentum,"XRP Up or Down - April 29, 2:20AM-2:25AM ET",UP,Up,2.0,0.515,,WIN,YES,1.883495145631068,Up,0xc19966166d6736c943fc79c6768dc3d407e93d7a69b467affc28bf07404beeda,762981778113183254609592394269019422003929602443376456496848628544432071283
2026-04-29T06:20:03.087720+00:00,2026-04-29T06:30:48.341550+00:00,momentum,"Bitcoin Up or Down - April 29, 2:20AM-2:25AM ET",UP,Up,4.0,0.54,,LOSS,NO,-4.0,Down,0x104f27e82a923cf3832854ae080bd8838ad288ee719e5cb1ac140e3b982d8f3d,74208746728908908473507956881721829623798301145923206340427572502569337283203
2026-04-29T06:25:00.731938+00:00,2026-04-29T06:35:50.392654+00:00,momentum,"Ethereum Up or Down - April 29, 2:25AM-2:30AM ET",DOWN,Down,2.0,0.515,,LOSS,NO,-2.0,Up,0x59f4799b878b5c017abd526c64dfbe3c125929c304f9bf51c295d7d7e9d44b37,1219356287842494745133878651071160744478952204248806917571828384098942431706
2026-04-29T06:25:01.944736+00:00,2026-04-29T06:36:50.997891+00:00,momentum,"Bitcoin Up or Down - April 29, 2:25AM-2:30AM ET",UP,Up,8.0,0.54,,LOSS,NO,-8.0,Down,0x725d49504ebb3d7467baa1b442f14fd1ecf31408aaa55c2d0aee5279b8d28719,81551531010483259056364843326824519276425229940219964995020338208054471741828
2026-04-29T06:25:02.000105+00:00,2026-04-29T06:36:51.031889+00:00,momentum,"Solana Up or Down - April 29, 2:25AM-2:30AM ET",DOWN,Down,4.0,0.52,,LOSS,NO,-4.0,Up,0x241aeadf90650e223ecdf319439bcc384ae0df73c784dc861cc571c3cdf093ef,63660473278002976968858998139359948314810770005973105040957331277720990239644
2026-04-29T06:25:00.775802+00:00,2026-04-29T06:37:51.933057+00:00,momentum,"XRP Up or Down - April 29, 2:25AM-2:30AM ET",UP,Up,2.0,0.515,,WIN,YES,1.883495145631068,Up,0xfd5fb427f9e4ae26c142ccdb9e6ffc220f79b1114bbcae3f600c91c3aefb05cd,2363492143433803323291425850353123839385042125853778189616306830206067309762
2026-04-29T06:30:07.831066+00:00,2026-04-29T06:38:52.220582+00:00,momentum,"Ethereum Up or Down - April 29, 2:30AM-2:35AM ET",UP,Up,2.0,0.51,,LOSS,NO,-2.0,Down,0xb9b1aed819f66ee8e8d77c498f96c3fca47f25d8dd25cbddd9a5b113618bb8fd,45144505874002708338968392621943040786582693046124249135838757119632170174980
2026-04-29T06:30:00.284068+00:00,2026-04-29T06:39:52.666333+00:00,momentum,"XRP Up or Down - April 29, 2:30AM-2:35AM ET",UP,Up,2.0,0.515,,LOSS,NO,-2.0,Down,0x38fde798c960033051bb365edd4d8ee390907cb4d8846987bf86db79d465b5fe,45832135547649208837483738979956433221157759571562817591130271905409090314231
2026-04-29T06:30:01.447658+00:00,2026-04-29T06:39:52.702715+00:00,momentum,"Bitcoin Up or Down - April 29, 2:30AM-2:35AM ET",UP,Up,8.0,0.53,,LOSS,NO,-8.0,Down,0xd2edb61ffbc70375b77f0644e50e2da3d28336ce34b8d2206c4fdbb9a2618918,113118130225451369712789400395944944730656779815220696935544687536392869610151
2026-04-29T06:30:01.496364+00:00,2026-04-29T06:39:52.749070+00:00,momentum,"Solana Up or Down - April 29, 2:30AM-2:35AM ET",UP,Up,4.0,0.51,,LOSS,NO,-4.0,Down,0x6cacd0239a7d77af450888796d36f0c2514ea02df9d1813beb53dfdbb36239c0,95228904164647430973084525204323246554641124275849872412427145189383139753616
2026-04-29T06:35:02.724131+00:00,2026-04-29T06:44:54.928981+00:00,momentum,"Bitcoin Up or Down - April 29, 2:35AM-2:40AM ET",UP,Up,16.0,0.63,,LOSS,NO,-16.0,Down,0x8805ce10f305f3eaa638e0dea49ea3a222a88f097d28fe70e776a73df7b2346c,68092352343977062814974859031951346683355611230372250131165445588668176184258
2026-04-29T06:35:05.843392+00:00,2026-04-29T06:44:54.959461+00:00,momentum,"Solana Up or Down - April 29, 2:35AM-2:40AM ET",UP,Up,2.0,0.51,,LOSS,NO,-2.0,Down,0xfc2e77a655a0997d4d5217c61bb46f2cc4e5cec38743cf2cd9d1afbe7a8d6ee9,112336230142150863473170218492663454386387880723740380696807430307274627929722
2026-04-29T06:35:00.510425+00:00,2026-04-29T06:45:55.369817+00:00,momentum,"Ethereum Up or Down - April 29, 2:35AM-2:40AM ET",UP,Up,2.0,0.52,,LOSS,NO,-2.0,Down,0x8078d1b9bffb87142d4407ae763975b1ba2c4c7d6296a7f58efa579ccdc7e1ec,67742898959122090650935341109808545164608622202343149066898552701126374651411
2026-04-29T06:35:00.584300+00:00,2026-04-29T06:45:55.427909+00:00,momentum,"XRP Up or Down - April 29, 2:35AM-2:40AM ET",UP,Up,4.0,0.515,,LOSS,NO,-4.0,Down,0xc65382c2de23ccfc7f281fda873f99812d30229ffc6522a5f211bac6b593bd22,75514095617582054826000681455944657151542263421628024813988760013873357040548
2026-04-29T06:40:00.377322+00:00,2026-04-29T06:50:56.900351+00:00,momentum,"XRP Up or Down - April 29, 2:40AM-2:45AM ET",UP,Up,8.0,0.515,,LOSS,NO,-8.0,Down,0x2eae0e3cfc0f2746645e16207418534989a64106f8a0563003c26c49a5a6673a,57650318700525955145275803221150442268842638436457608219536534457638617906596
2026-04-29T06:40:00.420454+00:00,2026-04-29T06:50:56.931717+00:00,momentum,"Bitcoin Up or Down - April 29, 2:40AM-2:45AM ET",UP,Up,2.0,0.515,,LOSS,NO,-2.0,Down,0xd8aec9e97c446b58ec13cff35a38785f98e74de39117d415ce78cad726931c2e,79816667856879896586466023923232653837690414649744244867947726222982451171543
2026-04-29T06:40:02.523031+00:00,2026-04-29T06:52:57.338674+00:00,momentum,"Ethereum Up or Down - April 29, 2:40AM-2:45AM ET",UP,Up,2.0,0.57,,LOSS,NO,-2.0,Down,0x920bc8f8c28006380e2cb9e2896821be95545bd9950343ed48af3d0d53876b4f,39288876366774416012375434632623899260190739079254640329860973784443619526716
2026-04-29T06:40:02.565941+00:00,2026-04-29T06:52:57.505268+00:00,momentum,"Solana Up or Down - April 29, 2:40AM-2:45AM ET",UP,Up,4.0,0.6,,WIN,YES,2.666666666666667,Up,0x1a538120da805ac28639a7d94d7b6e3edc5124ac48e9ba2a76fd7eac2d60065d,1134448935825668675657492307584915217259309303615966130449888112498981589046
2026-04-29T06:45:00.548578+00:00,2026-04-29T06:53:58.232113+00:00,momentum,"Ethereum Up or Down - April 29, 2:45AM-2:50AM ET",UP,Up,4.0,0.52,,LOSS,NO,-4.0,Down,0x6124928ae19926b819826f132993897f415f91eb7deeb01d659e087b1a7b3e4f,106867037311902607782910587466430490163936383569145932541837461989707975308183
2026-04-29T06:45:00.590063+00:00,2026-04-29T06:53:58.448686+00:00,momentum,"Bitcoin Up or Down - April 29, 2:45AM-2:50AM ET",UP,Up,4.0,0.54,,WIN,YES,3.4074074074074066,Up,0x3321d198f056a907c2f488270d487ca1ae80b46301636d9ff1003f1736aa296c,75825035491003500632304200573340806430969786003971556816415005356587454930775
2026-04-29T06:45:03.708853+00:00,2026-04-29T06:53:58.477296+00:00,momentum,"Solana Up or Down - April 29, 2:45AM-2:50AM ET",UP,Up,2.0,0.59,,LOSS,NO,-2.0,Down,0xf2b9420ceeab230184ba59011fbcfb784c58621299a8caeda3e75cde96fd32c0,33330003752823906271762935461073981197530917554437358112582392244025857050056
2026-04-29T06:45:03.769135+00:00,2026-04-29T06:53:58.600719+00:00,momentum,"XRP Up or Down - April 29, 2:45AM-2:50AM ET",UP,Up,16.0,0.51,,WIN,YES,15.372549019607842,Up,0x9c5773574ec89280ebc478d2a47ec7488581ff8c8645f8b9a36b6fe9153b349c,54612978711349967221764041261390356970501528220032395018021699494128352519584
2026-04-29T06:50:00.712705+00:00,2026-04-29T07:00:01.393869+00:00,momentum,"Bitcoin Up or Down - April 29, 2:50AM-2:55AM ET",UP,Up,2.0,0.53,,LOSS,NO,-2.0,Down,0xdf0c4e578f3289bf7e4f27b62da7ef8d4d4822c289c702fb7fca977b0036f173,101940179663635737866191770508876125421883091583207691936809767759947565118221
2026-04-29T06:50:00.761077+00:00,2026-04-29T07:00:01.425721+00:00,momentum,"XRP Up or Down - April 29, 2:50AM-2:55AM ET",UP,Up,2.0,0.51,,LOSS,NO,-2.0,Down,0xa0ed245d17f79a47052d2e3ad87314d43d2382c8d328e183e162bb0af0ca2b23,53394544376390329086056706921108682124308428983814715783752000571473620203838
2026-04-29T06:50:03.936084+00:00,2026-04-29T07:00:01.777332+00:00,momentum,"Solana Up or Down - April 29, 2:50AM-2:55AM ET",DOWN,Down,4.0,0.59,,WIN,YES,2.779661016949153,Down,0x979f76822db361e3f4abf71a2145ec3337889ad32e3c0d6502d4b03e824ed393,49145596443026214783656229742627287823663449640920021462551361429196610307213
2026-04-29T06:50:03.892782+00:00,2026-04-29T07:01:02.351677+00:00,momentum,"Ethereum Up or Down - April 29, 2:50AM-2:55AM ET",DOWN,Down,8.0,0.56,,WIN,YES,6.285714285714285,Down,0x7e76d7ca05019dc5294d0b60e1ffe94159ff2eb82a1125cfce6fb913c22d0a9f,24727795678308417839056483763497337091319788435701371119769121761670395516576
2026-04-29T06:55:00.635351+00:00,2026-04-29T07:06:04.159090+00:00,momentum,"Ethereum Up or Down - April 29, 2:55AM-3:00AM ET",UP,Up,2.0,0.52,,WIN,YES,1.8461538461538458,Up,0xb87e2dd9c99f0ea9b48c001e18f6970795895f0c6505db3ab8441849e1218f1b,49856444581007900804241282212129584572216139482321000000090568686282320780672
2026-04-29T06:55:00.679219+00:00,2026-04-29T07:06:04.610794+00:00,momentum,"Bitcoin Up or Down - April 29, 2:55AM-3:00AM ET",UP,Up,4.0,0.525,,WIN,YES,3.6190476190476186,Up,0x7912b8f98a10a396c60249712b8fcd678c07947185121d8f5949bc49fd316ff9,72852380672812181713951721436605346210278096550519226268135466382677232729994
2026-04-29T06:55:00.763143+00:00,2026-04-29T07:06:05.167621+00:00,momentum,"XRP Up or Down - April 29, 2:55AM-3:00AM ET",UP,Up,4.0,0.515,,WIN,YES,3.766990291262136,Up,0x26a55ae83017606c44867ef47a36eca63afb09141286ec8ed215657090cdadb4,100906820764511288949705525354405268499154334053890665886216065528105658655194
2026-04-29T06:55:00.724577+00:00,2026-04-29T07:07:05.138982+00:00,momentum,"Solana Up or Down - April 29, 2:55AM-3:00AM ET",UP,Up,2.0,0.515,,WIN,YES,1.883495145631068,Up,0x62ad968b9aec66ee9f288ad3d2cfcd83dbc63f920d17add4fd75913c37798f57,51933424652598114546280144800876912156887154601759853415864738548890601396941
2026-04-29T07:00:01.072353+00:00,2026-04-29T07:09:06.177116+00:00,momentum,"Ethereum Up or Down - April 29, 3:00AM-3:05AM ET",UP,Up,2.0,0.52,,WIN,YES,1.8461538461538458,Up,0x4e887a853f8a76e9e7f21c08ce9d2c66de5a9f09ff50d534e319c76858a6a2d7,104663501022221923199584484423733490168336128306008426862234518699522718699384
2026-04-29T07:00:01.288454+00:00,2026-04-29T07:09:06.523743+00:00,momentum,"Bitcoin Up or Down - April 29, 3:00AM-3:05AM ET",UP,Up,2.0,0.535,,WIN,YES,1.7383177570093458,Up,0xd3d33bb0672ba42421ad74179795edb8271f2f272d79c99fa357d8e5745b3896,56877145722857858623715294557737641963022449164941804621714042031114680927713
2026-04-29T07:00:01.199590+00:00,2026-04-29T07:10:08.516455+00:00,momentum,"XRP Up or Down - April 29, 3:00AM-3:05AM ET",UP,Up,2.0,0.535,,WIN,YES,1.7383177570093458,Up,0x42719275887639e3f76d1d042e16085d236c24a6e4d75a2dca3be9984796dd7d,60665392418120130600553384649335228450304745821720440320505171951291344683037
2026-04-29T07:00:03.916135+00:00,2026-04-29T07:10:08.721764+00:00,momentum,"Solana Up or Down - April 29, 3:00AM-3:05AM ET",UP,Up,2.0,0.64,,WIN,YES,1.125,Up,0x589c3a368e93920951098baec8ae3db69632e7993db03a063fb9066f7e4aaf57,64911747257568329781444776835122635771741963097109325621577580555718626485465
2026-04-29T07:05:00.567238+00:00,2026-04-29T07:15:10.170500+00:00,momentum,"Bitcoin Up or Down - April 29, 3:05AM-3:10AM ET",DOWN,Down,2.0,0.54,,WIN,YES,1.7037037037037033,Down,0x6f1470a27db536c8856e4de0d22ffe5b539bdd357138b5a674cbb35f261a3d52,68342766148710499274795820927948339125802366146543387846290539601623054408891
2026-04-29T07:05:00.621761+00:00,2026-04-29T07:15:10.205894+00:00,momentum,"Solana Up or Down - April 29, 3:05AM-3:10AM ET",UP,Up,2.0,0.99,,LOSS,NO,-2.0,Down,0xeb0a1fb1824ef80b6affc573c9d4267cf3a763ce5cb50f0dfbd294af80150603,16147328810381250457140342608254922012336658874936007427560551981291458551696
2026-04-29T07:05:00.512175+00:00,2026-04-29T07:16:10.211048+00:00,momentum,"Ethereum Up or Down - April 29, 3:05AM-3:10AM ET",UP,Up,2.0,0.52,,LOSS,NO,-2.0,Down,0x9d633e714d01455695732066ad1375acd9e14e7ebfe3ab030211c201f9a3bf15,50545071655901830809598936782867202884815177802320927474618804244986656760489
2026-04-29T07:05:00.670522+00:00,2026-04-29T07:16:10.242868+00:00,momentum,"XRP Up or Down - April 29, 3:05AM-3:10AM ET",UP,Up,2.0,0.99,,LOSS,NO,-2.0,Down,0xe5e72542c7818c15a15b52e2a2af107c2047b805d30dafcc1fbc713df91b59be,2012796358908101886975732184394045832672272823312304403428139504461075380369
2026-04-29T07:10:00.102258+00:00,2026-04-29T07:21:12.909576+00:00,momentum,"Ethereum Up or Down - April 29, 3:10AM-3:15AM ET",UP,Up,4.0,0.515,,WIN,YES,3.766990291262136,Up,0x2d42ff7278e080f26da276f53fdbc5aac6260a7f1d54d79aed4368dd1cf7aacd,48810108509828233823437380259291362576521734691816988283799135193337102803649
2026-04-29T07:10:00.146239+00:00,2026-04-29T07:21:12.938706+00:00,momentum,"XRP Up or Down - April 29, 3:10AM-3:15AM ET",UP,Up,4.0,0.515,,LOSS,NO,-4.0,Down,0x54778752bbbcaa18e23a3491cf66f5e44a9efbebda43c01e16c7c3e4524b0dc0,28266199170515621936463573398402525808549261141284910586286870794400469311285
2026-04-29T07:10:00.196880+00:00,2026-04-29T07:21:13.148850+00:00,momentum,"Bitcoin Up or Down - April 29, 3:10AM-3:15AM ET",UP,Up,4.0,0.525,,WIN,YES,3.6190476190476186,Up,0x6588e7e97871672b1f956d5e7ee610801ad03b719dcda157fccd9e72d7a1cea9,84603763541054411634898957775490582922435167819957278214679204392305369248974
2026-04-29T07:10:00.260180+00:00,2026-04-29T07:22:13.486989+00:00,momentum,"Solana Up or Down - April 29, 3:10AM-3:15AM ET",UP,Up,2.0,0.525,,WIN,YES,1.8095238095238093,Up,0xfcc7c7c5df4704d6e1fc6466856da287c8eb1fb12414ae9cb4708f3b0ce1dfe0,14008354601683796619514207997515718888995742350528492556111175296936254448477
2026-04-29T07:15:00.890795+00:00,2026-04-29T07:24:15.711486+00:00,momentum,"Ethereum Up or Down - April 29, 3:15AM-3:20AM ET",UP,Up,2.0,0.515,,LOSS,NO,-2.0,Down,0x791a5f5010f940cc44dc689ad48aafde22fe16c30e614d99f3cbdefd59fb8a7c,50168648706856978191572920891640889750819831378173506800104879027288409471965
2026-04-29T07:15:00.933596+00:00,2026-04-29T07:24:15.751310+00:00,momentum,"XRP Up or Down - April 29, 3:15AM-3:20AM ET",UP,Up,8.0,0.515,,LOSS,NO,-8.0,Down,0x5c06187360d8d1754a598c3819206fffe8600c64bee0f34e6e011a9562efb40e,39958945036888337859710038552216929992450834591255838149050512323932915789412
2026-04-29T07:15:02.057089+00:00,2026-04-29T07:24:15.992322+00:00,momentum,"Solana Up or Down - April 29, 3:15AM-3:20AM ET",UP,Up,2.0,0.52,,LOSS,NO,-2.0,Down,0xcd4256b948be9a04ab99d580950ee9e545d05949e74fe602eb011d0b9b6aca31,109656191802325042904453639582047999980839978421087792269692713879886837978130
2026-04-29T07:15:01.983447+00:00,2026-04-29T07:25:16.677673+00:00,momentum,"Bitcoin Up or Down - April 29, 3:15AM-3:20AM ET",UP,Up,2.0,0.57,,LOSS,NO,-2.0,Down,0x96e7e986dc33ac77404a64f85034cf65983be9265dc1ccf251a410299277397a,102260324585172395096243901017450159613888381363132207592153997750290170452230
2026-04-29T07:20:00.204382+00:00,2026-04-29T07:30:18.085999+00:00,momentum,"Solana Up or Down - April 29, 3:20AM-3:25AM ET",UP,Up,2.0,0.515,,WIN,YES,1.883495145631068,Up,0xad714f1a8ffac0f16ab57bb7b3c589fc2cf82ca793d8cfd2acab46407712dea3,14618691402586947283383314761342585300243806627085787739601983966872470148755
2026-04-29T07:20:00.253585+00:00,2026-04-29T07:30:18.217879+00:00,momentum,"Ethereum Up or Down - April 29, 3:20AM-3:25AM ET",UP,Up,4.0,0.51,,WIN,YES,3.8431372549019605,Up,0x7f3543501747e03410df3c47e0243790d2b86471871e56983a09b7d618e6214d,46583832894250271274190977635261025530236816498511731664432872110411759875045
2026-04-29T07:20:00.304353+00:00,2026-04-29T07:30:18.347286+00:00,momentum,"XRP Up or Down - April 29, 3:20AM-3:25AM ET",UP,Up,2.0,0.515,,WIN,YES,1.883495145631068,Up,0xd7ff666358a8d87a64d93b844fb1fa9739f20a2b8bb1ea5352017db4c4884778,40976014513078237983604824504355334940605628238383587750948058508475673072837
2026-04-29T07:20:01.499277+00:00,2026-04-29T07:30:18.476620+00:00,momentum,"Bitcoin Up or Down - April 29, 3:20AM-3:25AM ET",UP,Up,4.0,0.53,,WIN,YES,3.547169811320754,Up,0xed8e3554913cac7fb0b131fdf5ff3b23bd23ed368e0d22c5a84c48e0537257a4,109340530777827623230230459831315210569747390273716141260138032558900914970793
2026-04-29T07:25:00.412172+00:00,2026-04-29T07:35:20.672876+00:00,momentum,"Ethereum Up or Down - April 29, 3:25AM-3:30AM ET",UP,Up,8.0,0.51,,LOSS,NO,-8.0,Down,0xf2780a1046eda156e384c72ae6054f982dc9fc66be68be4f4a42627b66f15d54,72494881987198004164054754945051252527615133311606203054525054284959992139716
2026-04-29T07:25:00.510044+00:00,2026-04-29T07:36:21.105530+00:00,momentum,"XRP Up or Down - April 29, 3:25AM-3:30AM ET",UP,Up,2.0,0.51,,LOSS,NO,-2.0,Down,0xb7b29d070bfec6785ede511e23b1fbe806169df14b54fece7c5a44b14336ac44,26106243582707493417817286672691009812433394744547590240019940330949607742254
2026-04-29T07:25:01.555122+00:00,2026-04-29T07:36:21.257703+00:00,momentum,"Bitcoin Up or Down - April 29, 3:25AM-3:30AM ET",UP,Up,2.0,0.51,,WIN,YES,1.9215686274509802,Up,0x07432411fdc2f7479ec2ac7f2b64d593a57f3ca3df6df933622cbf9242cb4317,56212423827907206644145142908554175217620810101542706492562903613471806738154
2026-04-29T07:25:00.458393+00:00,2026-04-29T07:37:21.546056+00:00,momentum,"Solana Up or Down - April 29, 3:25AM-3:30AM ET",UP,Up,2.0,0.51,,WIN,YES,1.9215686274509802,Up,0x3c9053274c15d6515cbf698aa1e0e021546f466b94df49085470c8984b70aeea,20225410424318234713301278418943559044748481704176981822358287386669188534336
2026-04-29T07:30:03.160261+00:00,2026-04-29T07:38:22.769895+00:00,momentum,"Ethereum Up or Down - April 29, 3:30AM-3:35AM ET",UP,Up,16.0,0.57,,WIN,YES,12.070175438596493,Up,0x261e9d5dbfc73dbcfd8f508665cd6d5b52c83d3bfb60ad502120b895a096e0a0,20963784020631800728460723473721947232298577622037949502244533263142678141393
2026-04-29T07:30:03.114421+00:00,2026-04-29T07:39:22.671877+00:00,momentum,"Bitcoin Up or Down - April 29, 3:30AM-3:35AM ET",UP,Up,2.0,0.6,,WIN,YES,1.3333333333333335,Up,0xf5a22983e6b9f21c143319fc00fc27b7afd1bf9f62bca312ecffa3049a382cc6,112286085827702657014173241529900878687234515896595313386585074882384269249767
2026-04-29T07:30:06.486349+00:00,2026-04-29T07:39:22.972304+00:00,momentum,"XRP Up or Down - April 29, 3:30AM-3:35AM ET",UP,Up,4.0,0.51,,WIN,YES,3.8431372549019605,Up,0x6b2b827a819666894c69413e021aa9e5b5c21ad4581ee99a16fc446ff64236eb,96938280223650174070343473085844260967329427103603726537424426589088193817796
2026-04-29T07:30:03.205134+00:00,2026-04-29T07:40:22.763045+00:00,momentum,"Solana Up or Down - April 29, 3:30AM-3:35AM ET",UP,Up,2.0,0.52,,WIN,YES,1.8461538461538458,Up,0xd01233893980f7860345fbcee27b9f5a4478cca3f6d5a55ac4d14004696a442f,83037586142975355231549207811564169702851166363610064100253184019216513334626
2026-04-29T07:35:00.617854+00:00,2026-04-29T07:45:25.431995+00:00,momentum,"Ethereum Up or Down - April 29, 3:35AM-3:40AM ET",DOWN,Down,2.0,0.51,,WIN,YES,1.9215686274509802,Down,0x11539e68e40940997ae956d4d7b90d2f4cb05d286ce9e9319c43b315c7babff8,100505246226586496476349373435375602594500686949935365713924349820108408150811
2026-04-29T07:35:02.770763+00:00,2026-04-29T07:45:25.782468+00:00,momentum,"Solana Up or Down - April 29, 3:35AM-3:40AM ET",DOWN,Down,2.0,0.51,,WIN,YES,1.9215686274509802,Down,0xcf827be82440c61c159fc8fc175e91630cf43762d2e1d6c0482872fcad64843a,96020402927251096628491703303839162784763754588152050657035398049205265197070
2026-04-29T07:35:08.970151+00:00,2026-04-29T07:45:25.818349+00:00,momentum,"Bitcoin Up or Down - April 29, 3:35AM-3:40AM ET",UP,Up,2.0,0.52,,LOSS,NO,-2.0,Down,0x5525c37bc8613d7ab630b55d34d7899d8d3a5300e40136fbee30647de1dff43b,38343388730494188508516054062168887881180593388518783302207921715005901270179
2026-04-29T07:35:00.668267+00:00,2026-04-29T07:46:25.410520+00:00,momentum,"XRP Up or Down - April 29, 3:35AM-3:40AM ET",UP,Up,2.0,0.515,,LOSS,NO,-2.0,Down,0x5b0202fc69810245d5d244eee50a1e2bc420304a537651ec2d4dfab99a21a7e0,85568947451462830572128029963663340006482253932876997783703554729456384619350
2026-04-29T07:40:01.812600+00:00,2026-04-29T07:50:27.467662+00:00,momentum,"Bitcoin Up or Down - April 29, 3:40AM-3:45AM ET",DOWN,Down,4.0,0.51,,LOSS,NO,-4.0,Up,0xba9a62fcf62830d8fd1bca5803b822cbe97e6cf940a7d4d7e18e11e21ea4d86b,68955401794759373773677418993123904411388286894418726335238217404766533145991
2026-04-29T07:40:01.859739+00:00,2026-04-29T07:50:27.640268+00:00,momentum,"Solana Up or Down - April 29, 3:40AM-3:45AM ET",UP,Up,2.0,0.56,,WIN,YES,1.5714285714285712,Up,0xc1c25492de9ee1ad13467899eb25b3e08a9db40ac98391ebb8f4ed387e434437,12488277262859488252992169500633262661587832510567656367249189327223810916758
2026-04-29T07:40:00.658451+00:00,2026-04-29T07:52:28.867098+00:00,momentum,"XRP Up or Down - April 29, 3:40AM-3:45AM ET",UP,Up,2.0,0.515,,WIN,YES,1.883495145631068,Up,0xa59324646ed09b416a92cd0c351f97c595067666714b2c348acf19d43762e8e4,18679168399925200158275007966286403090677822988554334682966043240830933601942
2026-04-29T07:40:00.701813+00:00,2026-04-29T07:52:28.897113+00:00,momentum,"Ethereum Up or Down - April 29, 3:40AM-3:45AM ET",UP,Up,2.0,0.515,,LOSS,NO,-2.0,Down,0xd2ae451fa19bee96c886cd2a943c0dc0566b1fcee9529534a669f2ffa98de45f,12616510637259298953658216609321973718977924513964597739224369207079208962217
2026-04-29T07:45:01.893848+00:00,2026-04-29T07:53:28.987106+00:00,momentum,"Bitcoin Up or Down - April 29, 3:45AM-3:50AM ET",DOWN,Down,2.0,0.51,,WIN,YES,1.9215686274509802,Down,0xb049ff07fab5b1cbd9d131f889e3b1845985b6fc3c9f2bee9529a3e4841c9e77,101775189813124754318769122140382082445774424184631516535794259107935532071586
2026-04-29T07:45:01.966350+00:00,2026-04-29T07:53:29.130353+00:00,momentum,"Solana Up or Down - April 29, 3:45AM-3:50AM ET",DOWN,Down,2.0,0.51,,WIN,YES,1.9215686274509802,Down,0x9091e839a1580643f5f03302075bcc554ee31e13333f4640a2fb13368ba566a1,15273028526642668448473994775882726620089031676927819080436793170748063389012
2026-04-29T07:45:00.652012+00:00,2026-04-29T07:54:29.759218+00:00,momentum,"XRP Up or Down - April 29, 3:45AM-3:50AM ET",UP,Up,2.0,0.515,,LOSS,NO,-2.0,Down,0xe9a0b6bd4642c08ca86e2b6ec1ef113bceca117cb2f96937002ddd183e03257f,110505924502704219832513374596565252140142307387720649694732273496191102995189
2026-04-29T07:45:01.822905+00:00,2026-04-29T07:54:29.791760+00:00,momentum,"Ethereum Up or Down - April 29, 3:45AM-3:50AM ET",UP,Up,4.0,0.53,,LOSS,NO,-4.0,Down,0xdde2a0a4233a7404c0d0e198d2bef8062bcbc6a5de18f2e141522205f363ea9b,45826166508812847100415225427717561347454644960956471487753372189629957903927
2026-04-29T07:50:00.177497+00:00,2026-04-29T07:59:32.768625+00:00,momentum,"XRP Up or Down - April 29, 3:50AM-3:55AM ET",UP,Up,4.0,0.515,,LOSS,NO,-4.0,Down,0x34ee48b92d9d1e6d5f39566d83ed911c084e8c16cefa967a4fc113edcbdc8c9b,97280203313833104332937487851650180258236165297153030239908074197128728609467
2026-04-29T07:50:00.220315+00:00,2026-04-29T07:59:32.806137+00:00,momentum,"Solana Up or Down - April 29, 3:50AM-3:55AM ET",UP,Up,2.0,0.51,,LOSS,NO,-2.0,Down,0x76f1f76370d153bee292938c967261c09b2fb8f0837f63c9a10ec62c6d2b8319,11987571363708571983673302855244771713536558609044796591090514525314979029979
2026-04-29T07:50:04.554655+00:00,2026-04-29T07:59:32.842293+00:00,momentum,"Ethereum Up or Down - April 29, 3:50AM-3:55AM ET",UP,Up,4.0,0.53,,LOSS,NO,-4.0,Down,0xe9791b37fe437adae9d8818cb7a4d02ddc7dc274b8eca1270ef6f6f8989da60e,12871091604477768014179120488226418833283154558093951259313896448027855139219
2026-04-29T07:50:10.989199+00:00,2026-04-29T07:59:32.875318+00:00,momentum,"Bitcoin Up or Down - April 29, 3:50AM-3:55AM ET",UP,Up,2.0,0.55,,LOSS,NO,-2.0,Down,0x9d17034e74944c6f9fc8ede7d0b89ba3e2464c6151da2a22221bb0f2b580a88d,103704265852476430868043994603506259224397878210141504464397700684627401428564
2026-04-29T07:55:01.724636+00:00,2026-04-29T08:05:35.126892+00:00,momentum,"Solana Up or Down - April 29, 3:55AM-4:00AM ET",DOWN,Down,4.0,0.54,,WIN,YES,3.4074074074074066,Down,0xd2c19bdaca61e4ae03872526cc1ff7a0cb8a55b94011224322ce9af3138e05e3,10892287505953542736241584916882802524022535967821864506945028819945726942774
2026-04-29T07:55:08.023181+00:00,2026-04-29T08:05:35.502290+00:00,momentum,"XRP Up or Down - April 29, 3:55AM-4:00AM ET",DOWN,Down,2.0,0.58,,LOSS,NO,-2.0,Up,0x514cefe9d0c352ae50cc159635d18c89823eefeba6452503b111ad9f193d4634,82852527895095468778573008977043961820371704651437519695817584268354533983352
2026-04-29T07:55:04.864592+00:00,2026-04-29T08:07:36.269869+00:00,momentum,"Bitcoin Up or Down - April 29, 3:55AM-4:00AM ET",DOWN,Down,4.0,0.56,,LOSS,NO,-4.0,Up,0xd0790131efaae3776d5ef7b8fd62c93f19467f26fcf5d9049983928ce86a3c81,18298484247682763441258768890931278321142775022893955437356937997873835328536
2026-04-29T07:55:04.910288+00:00,2026-04-29T08:07:36.309803+00:00,momentum,"Ethereum Up or Down - April 29, 3:55AM-4:00AM ET",DOWN,Down,4.0,0.58,,LOSS,NO,-4.0,Up,0x5699c860168a83cb34ae0e076fb4f75b47388643e445e484bd25f05bbd2f6db6,15697896035267550190769154793406057345106235695962700901606298799062469522915
2026-04-29T08:00:00.568452+00:00,2026-04-29T08:09:36.894526+00:00,momentum,"Ethereum Up or Down - April 29, 4:00AM-4:05AM ET",DOWN,Down,2.0,0.51,,WIN,YES,1.9215686274509802,Down,0x64a831f1060049ace098647edd99eb93d6e2b1498238a8423607798dc701f685,38968869013026516106563020984449438935925685884540003944076443676035663144579
2026-04-29T08:00:01.798057+00:00,2026-04-29T08:09:37.091043+00:00,momentum,"Solana Up or Down - April 29, 4:00AM-4:05AM ET",UP,Up,2.0,0.6,,LOSS,NO,-2.0,Down,0x5699fc3c606196f81170d69ff5d15ac09ca135a58227bb5e7fe242892c8cd9d2,61958297603538124165609647135125862030056317058571271532329185233568137959269
2026-04-29T08:00:01.849087+00:00,2026-04-29T08:09:37.124517+00:00,momentum,"Bitcoin Up or Down - April 29, 4:00AM-4:05AM ET",UP,Up,2.0,0.57,,LOSS,NO,-2.0,Down,0x0ef17ee1b5eb1b90383f4e61f492241541d4793ebdfe42b307d3bb7ecb1c168b,108455881692808947966071551171430114403364870839873069779294475462286481419751
2026-04-29T08:00:01.755703+00:00,2026-04-29T08:10:37.443886+00:00,momentum,"XRP Up or Down - April 29, 4:00AM-4:05AM ET",UP,Up,2.0,0.54,,LOSS,NO,-2.0,Down,0xae4208a0b606fd3707f031a8fbf00953c0b0041dd4216788d50fee8102f2dc89,89925157421824312281364016385618465931012305817135481543988120436807551238707
