timestamp,closed_at,source,market,direction,outcome,amount,entry_price,sell_price,result,won,pnl,winning_outcome,condition_id,token_id
2026-04-22T00:37:16.814968+00:00,2026-04-22T00:45:21.960792+00:00,momentum,"Ethereum Up or Down - April 21, 8:35PM-8:40PM ET",UP,Up,2.0,0.54,,WIN,YES,1.7037037037037033,Up,0x060ad5f4c548b380b61a356fafb080a19b0ff9d0e72c95f9f96c609908a06739,82102583971019021744324852542437411359265010667493548754324481126619952681043
2026-04-22T00:37:16.935774+00:00,2026-04-22T00:45:22.345839+00:00,momentum,"Solana Up or Down - April 21, 8:35PM-8:40PM ET",DOWN,Down,2.0,0.89,,WIN,YES,0.24719101123595522,Down,0xecde4c53fc00f08d4ad92b84afb8b9c22f4bc8b8f78142a9e85be21ec625e2f0,33953516562306181200960058715135892828989002762454951864652262810802884512277
2026-04-22T00:37:16.954401+00:00,2026-04-22T00:45:22.389306+00:00,momentum,"Bitcoin Up or Down - April 21, 8:35PM-8:40PM ET",DOWN,Down,2.0,0.53,,LOSS,NO,-2.0,Up,0x88f24b6f088004bb80d52d28d7273fccd3e78f351d7a7ce8e6d62a7c659fe824,15235882779864144943283389861733473016381780129871781279003731872013475915582
2026-04-22T00:37:16.898129+00:00,2026-04-22T00:46:21.826988+00:00,momentum,"XRP Up or Down - April 21, 8:35PM-8:40PM ET",DOWN,Down,2.0,0.77,,LOSS,NO,-2.0,Up,0x3a0f9c7f088219a925d93dca8bdff7785bee3e7e1691bb56186807c4eaa17b85,61887964937579478333031272004053137207886169301114829693284539890517919366631
2026-04-22T00:40:02.476512+00:00,2026-04-22T00:50:24.930960+00:00,momentum,"Ethereum Up or Down - April 21, 8:40PM-8:45PM ET",UP,Up,2.0,0.58,,WIN,YES,1.4482758620689657,Up,0xc369421310c841b0e98b71686a4fc34ecf8ec04a17790338e77913bdd0e67efa,110225708208556782986986841834562425690940190474307184266194090797772828382353
2026-04-22T00:40:02.477221+00:00,2026-04-22T00:50:25.126301+00:00,momentum,"Bitcoin Up or Down - April 21, 8:40PM-8:45PM ET",UP,Up,4.0,0.55,,WIN,YES,3.2727272727272725,Up,0x84b600d2417c3015cbd0f50f13afe6e6328e8d9f361fb7e95c6f994cd73bcb51,25302877047126495187460999374146097320467333985880940618885532577019557794606
2026-04-22T00:40:05.539183+00:00,2026-04-22T00:51:25.662826+00:00,momentum,"Solana Up or Down - April 21, 8:40PM-8:45PM ET",UP,Up,2.0,0.59,,WIN,YES,1.3898305084745766,Up,0x16a8bf3d722a1c2225e057adb66c59f7c01ef4a546f684e3d4dd860fafae46cb,52328191688783747278654066010897688162429898928494289675538282429672257629457
2026-04-22T00:40:05.539744+00:00,2026-04-22T00:51:25.703091+00:00,momentum,"XRP Up or Down - April 21, 8:40PM-8:45PM ET",UP,Up,4.0,0.68,,LOSS,NO,-4.0,Down,0xebb0f3c60b21bdeef5c6eb65b9d96cfd13c6ad205007d873e572335bbe6c0a55,113289401703935632939342286987460142393633718719778498667138761707944967792137
2026-04-22T00:45:03.240422+00:00,2026-04-22T00:56:29.291452+00:00,momentum,"Ethereum Up or Down - April 21, 8:45PM-8:50PM ET",DOWN,Down,4.0,0.56,,WIN,YES,3.1428571428571423,Down,0x505df558f0b94ae0d64395ea46c3971f94ee7dcc59f17c20c69fd05fdbebdf58,70777225707593772079363981788098079103516276564351222554558347478719613075379
2026-04-22T00:45:06.306138+00:00,2026-04-22T00:56:29.609630+00:00,momentum,"XRP Up or Down - April 21, 8:45PM-8:50PM ET",UP,Up,8.0,0.53,,WIN,YES,7.094339622641508,Up,0x812f2c0cebfe9fdbdc4be630f0e3ac35c70d1c9f5a499872a775ec899e72a733,59223563301738349220497385162181998334920879006737996040291527184700835001006
2026-04-22T00:45:03.239686+00:00,2026-04-22T00:57:29.122141+00:00,momentum,"Solana Up or Down - April 21, 8:45PM-8:50PM ET",DOWN,Down,4.0,0.54,,LOSS,NO,-4.0,Up,0x6c61144ee8ea3c12ecfb7d7619e178170e8ebb4e44888befccbda9b3e68c58c9,11667469945303216269106011240996571920260337112326488143055130713494217158416
2026-04-22T00:45:03.241922+00:00,2026-04-22T00:57:29.299912+00:00,momentum,"Bitcoin Up or Down - April 21, 8:45PM-8:50PM ET",DOWN,Down,8.0,0.52,,WIN,YES,7.384615384615383,Down,0x8131199cf5e89c09feff6272e2b2c222d30e618b722f9fa1717e2d5fb03d4769,108220583000684537899000041256053961244019001033317470680918306871802005053813
2026-04-22T00:50:00.084770+00:00,2026-04-22T00:59:31.173470+00:00,momentum,"Solana Up or Down - April 21, 8:50PM-8:55PM ET",DOWN,Down,8.0,0.515,,LOSS,NO,-8.0,Up,0x04648faf1831aff2123d22315034cd9ba0eae5bf0d8cc334bd5005dcfdd0fdf2,25449674235150973930441911624932045652090852781660728364796954992831755058774
2026-04-22T00:50:02.151061+00:00,2026-04-22T00:59:31.407478+00:00,momentum,"Bitcoin Up or Down - April 21, 8:50PM-8:55PM ET",DOWN,Down,2.0,0.51,,WIN,YES,1.9215686274509802,Down,0x92b95ccb1cbabd86edc4a6d56bd5b8ad322454291e1fb9aba5c474c6ccf10667,10404244932393786243146723537244980594053906602539364581515101894545398177978
2026-04-22T00:50:02.152008+00:00,2026-04-22T00:59:31.618837+00:00,momentum,"Ethereum Up or Down - April 21, 8:50PM-8:55PM ET",DOWN,Down,2.0,0.56,,WIN,YES,1.5714285714285712,Down,0x3535869441783557653c3c60f66a1106cfe71f9d551574e2a6fec2dde0d244c3,32547129910970058178610097506899156721758241105091458812757759329023682813181
2026-04-22T00:50:05.212525+00:00,2026-04-22T01:00:32.204674+00:00,momentum,"XRP Up or Down - April 21, 8:50PM-8:55PM ET",DOWN,Down,2.0,0.54,,LOSS,NO,-2.0,Up,0xa6af39a0d231a92508760168695796be3bd94307d0b714bf0704db6bfb085a41,11869723699750378052719383604594384286605584354809667378435751008782430324641
2026-04-22T00:55:00.299030+00:00,2026-04-22T01:05:34.841415+00:00,momentum,"Bitcoin Up or Down - April 21, 8:55PM-9:00PM ET",DOWN,Down,2.0,0.515,,LOSS,NO,-2.0,Up,0x242e741da90b43a2b984804f88048e146c8736592463254950b1cb629c9696d2,51176516303598158781576466420684893640746619026038566936969323893455511839698
2026-04-22T00:55:00.300267+00:00,2026-04-22T01:06:35.507876+00:00,momentum,"Solana Up or Down - April 21, 8:55PM-9:00PM ET",DOWN,Down,16.0,0.53,,LOSS,NO,-16.0,Up,0x1c993baa8567c1e71f442c59ba444aa3bed6464ef1e7a0d72091e3c83f996740,25120509882872107827720912160977837734968299143027722993159734349100124695302
2026-04-22T00:55:01.367936+00:00,2026-04-22T01:06:35.552975+00:00,momentum,"XRP Up or Down - April 21, 8:55PM-9:00PM ET",DOWN,Down,4.0,0.52,,LOSS,NO,-4.0,Up,0x6dfde3925b80d10deeaf1b820460824322832a8e2682646cccdca91b98376ecd,73288323846434481833441362594888257846030427236438166401158976362160414732483
2026-04-22T00:55:01.369949+00:00,2026-04-22T01:06:35.793701+00:00,momentum,"Ethereum Up or Down - April 21, 8:55PM-9:00PM ET",UP,Up,2.0,0.51,,WIN,YES,1.9215686274509802,Up,0xe1abada8e53cd0b6c7a032111ff2517b9329e78fcb7c7aadd62e5602e5ce48d2,89711842671893100601490228691975831492662840380762760481297696171879710853444
2026-04-22T01:00:00.356454+00:00,2026-04-22T01:08:37.504343+00:00,momentum,"Solana Up or Down - April 21, 9:00PM-9:05PM ET",DOWN,Down,2.0,0.52,,WIN,YES,1.8461538461538458,Down,0xe0beb460e369af5e3d3330bf28cd165eb2e077b393fd6896de66ed07a0237ee6,9677309991590254845468202781211958187033567890008907997173834060835983499984
2026-04-22T01:00:01.423908+00:00,2026-04-22T01:09:37.737459+00:00,momentum,"Bitcoin Up or Down - April 21, 9:00PM-9:05PM ET",DOWN,Down,4.0,0.66,,WIN,YES,2.0606060606060606,Down,0x816601a8bb25d00264e867cffb4637d0af67f912efe06eead6afbdac1a73cbf2,65628970563488082907077920763349679544264209116786101075425109271894912901850
2026-04-22T01:00:01.425305+00:00,2026-04-22T01:09:37.932395+00:00,momentum,"Ethereum Up or Down - April 21, 9:00PM-9:05PM ET",DOWN,Down,2.0,0.51,,WIN,YES,1.9215686274509802,Down,0xe098fae28ed60ac15b93ab8229018c1857b8e3b56ca87e56e9e269faf25c94d2,67923160666919065385091419568249529544233262726213417420533011077333819540752
2026-04-22T01:00:04.498128+00:00,2026-04-22T01:09:38.145125+00:00,momentum,"XRP Up or Down - April 21, 9:00PM-9:05PM ET",DOWN,Down,8.0,0.55,,WIN,YES,6.545454545454545,Down,0xc81a0e6c5aba6c7385329a5d734de44dc4c80c2336e29e4327063c837f357c09,49549995590982823335320885556960315016759115819701289077837719266014739629189
2026-04-22T01:05:00.985495+00:00,2026-04-22T01:14:40.221879+00:00,momentum,"Bitcoin Up or Down - April 21, 9:05PM-9:10PM ET",UP,Up,2.0,0.51,,LOSS,NO,-2.0,Down,0x99eb1f525e62cffb70c5354c5c1190ac3abf1b5e56b844c29a7e43821d353036,47527254041897195602646315887916803079322857524439423890030026758045836549170
2026-04-22T01:05:04.135644+00:00,2026-04-22T01:14:40.505975+00:00,momentum,"Solana Up or Down - April 21, 9:05PM-9:10PM ET",DOWN,Down,2.0,0.52,,WIN,YES,1.8461538461538458,Down,0x7c0784d948bcd488ab5682cc87dcc2b94eff0751f91d4910cc92334a757200c5,100115229735471743070288564653549555738748312741884330464620176475815560085607
2026-04-22T01:05:04.134138+00:00,2026-04-22T01:15:41.440370+00:00,momentum,"Ethereum Up or Down - April 21, 9:05PM-9:10PM ET",DOWN,Down,4.0,0.51,,WIN,YES,3.8431372549019605,Down,0xf4997359b433b300cdb9911e1a44e681bede5da31fcfa60181453799543facd1,4259348236701937954044587458844163738427468676084534374275259509562536096676
2026-04-22T01:05:04.138503+00:00,2026-04-22T01:15:41.602919+00:00,momentum,"XRP Up or Down - April 21, 9:05PM-9:10PM ET",DOWN,Down,2.0,0.53,,WIN,YES,1.773584905660377,Down,0x82997c4761a45c9281314cb09337df4ae869c180efbbab550e1912d21839c9e1,92598928615547743860814566856241849399344791479296348473612920771733343098191
2026-04-22T01:10:04.026517+00:00,2026-04-22T01:20:42.890371+00:00,momentum,"Solana Up or Down - April 21, 9:10PM-9:15PM ET",DOWN,Down,2.0,0.51,,LOSS,NO,-2.0,Up,0x715e25913de5e5e5485a64ee3a1e39c61d42a3172a5fe087d0cd46d05cced616,13348858398120762955471204880447066274719443579764935880491893138175924889812
2026-04-22T01:10:04.028280+00:00,2026-04-22T01:20:43.101787+00:00,momentum,"Ethereum Up or Down - April 21, 9:10PM-9:15PM ET",UP,Up,2.0,0.51,,WIN,YES,1.9215686274509802,Up,0xcca1ec94cadebc9dc12429e336087dc1f19289003a75e3c3bf1a7e9dd9e29d4b,91805087677795339821113320503014785815757919018122534225056533624630046360225
2026-04-22T01:10:00.948215+00:00,2026-04-22T01:21:43.105229+00:00,momentum,"Bitcoin Up or Down - April 21, 9:10PM-9:15PM ET",DOWN,Down,4.0,0.53,,LOSS,NO,-4.0,Up,0xb2965740d16c1b173c134fed637bc59f54beb734662c2d6c8d75fef9304e70e9,11075727992484628284392827488334455055317306874757195592600518971577431587080
2026-04-22T01:10:25.460931+00:00,2026-04-22T01:22:43.969063+00:00,momentum,"XRP Up or Down - April 21, 9:10PM-9:15PM ET",DOWN,Down,2.0,0.51,,LOSS,NO,-2.0,Up,0x0bac6f26ad70f4d82bbc5fda62967d9274b5ad04aa191824cd47f3bf102db109,54686638717137509033500557401185064516008077790876196290614398699627204426243
2026-04-22T01:15:08.236722+00:00,2026-04-22T01:23:44.410308+00:00,momentum,"XRP Up or Down - April 21, 9:15PM-9:20PM ET",DOWN,Down,2.0,0.62,,WIN,YES,1.2258064516129035,Down,0x4200aed20869333a42281dc46d5afb84aae0e1859ae31b177689440a01ed7ff2,82947792975637098745820793861002470137432186544068895912295007273908412040391
2026-04-22T01:15:02.011001+00:00,2026-04-22T01:24:44.394644+00:00,momentum,"Ethereum Up or Down - April 21, 9:15PM-9:20PM ET",DOWN,Down,2.0,0.51,,WIN,YES,1.9215686274509802,Down,0x8eed9cec95560b3f66df6f1c03312f888f6189cbd55dc19cc51bcb4cd040103f,51185031432559417219307466669549197923432899222353910337937910925847794639784
2026-04-22T01:15:05.123907+00:00,2026-04-22T01:24:44.562765+00:00,momentum,"Solana Up or Down - April 21, 9:15PM-9:20PM ET",DOWN,Down,2.0,0.54,,WIN,YES,1.7037037037037033,Down,0x4ded088b0d5fe490f14c4aa7552692eeca7c2c2be119c8e27e428fed07411055,98802589156485777048473803221720513495794559141891491203370917846436215194249
2026-04-22T01:15:02.009271+00:00,2026-04-22T01:26:46.142050+00:00,momentum,"Bitcoin Up or Down - April 21, 9:15PM-9:20PM ET",DOWN,Down,4.0,0.53,,WIN,YES,3.547169811320754,Down,0x8c2ae46b0c7dcea6bbeb0e2bcb7935c601ceeb1703c44cc50bd78ee4967f3e9e,20008042409073413916956708352335863065106059964854779386190303134200096156609
2026-04-22T01:20:04.108349+00:00,2026-04-22T01:29:47.749724+00:00,momentum,"Ethereum Up or Down - April 21, 9:20PM-9:25PM ET",DOWN,Down,2.0,0.55,,WIN,YES,1.6363636363636362,Down,0x3256aa40cbea20d43a7b8d59eb4fdc270647e68a03bd9c1da9b4941d73536bb7,37414933623238185374914349215211580235614177853405563267486310412369401795915
2026-04-22T01:20:00.880232+00:00,2026-04-22T01:30:48.175427+00:00,momentum,"XRP Up or Down - April 21, 9:20PM-9:25PM ET",UP,Up,2.0,0.54,,WIN,YES,1.7037037037037033,Up,0xdd6df3a11a579c09a59a73f737eccea6974ea5f7df714af6016151c099229e41,36324874934454473152771749810150274358144754214126228679468425027185045212575
2026-04-22T01:20:00.882803+00:00,2026-04-22T01:30:48.338536+00:00,momentum,"Bitcoin Up or Down - April 21, 9:20PM-9:25PM ET",UP,Up,2.0,0.51,,WIN,YES,1.9215686274509802,Up,0x5495da32937ae5f1f4cd425ae3a4f26a32bbfb16790d1e38cef3a95077dc20f0,42775925728815006996400279298283722332089163024909159638768951760046600830826
2026-04-22T01:20:13.515699+00:00,2026-04-22T01:30:48.484974+00:00,momentum,"Solana Up or Down - April 21, 9:20PM-9:25PM ET",UP,Up,2.0,0.51,,WIN,YES,1.9215686274509802,Up,0xa0d72e953745efc14e05862f0f9d01faa0ae3b2a93cd684adbf0d90c15e80e04,58946270393201597443542167966398225261328552608632113140363046034024606608018
2026-04-22T01:25:00.185496+00:00,2026-04-22T01:35:51.897671+00:00,momentum,"Bitcoin Up or Down - April 21, 9:25PM-9:30PM ET",UP,Up,4.0,0.515,,LOSS,NO,-4.0,Down,0x2cd53d9a455bf6bf091c53ffb77677113bf8c31dbd663602348cffcc8f5e27bc,76306216002109572458527504864896838107270830053978261085698180009876372668581
2026-04-22T01:25:02.272968+00:00,2026-04-22T01:35:51.940148+00:00,momentum,"Ethereum Up or Down - April 21, 9:25PM-9:30PM ET",UP,Up,2.0,0.51,,LOSS,NO,-2.0,Down,0x3a882a824c9ab6bfa5b572182fc9414fa03594f797ec887caddc6caf3f4dbaa4,78702651028414380067933378413252236406951098768337616565069465786111554370651
2026-04-22T01:25:14.712640+00:00,2026-04-22T01:35:52.141943+00:00,momentum,"XRP Up or Down - April 21, 9:25PM-9:30PM ET",UP,Up,2.0,0.58,,LOSS,NO,-2.0,Down,0x4f722e61814ac0a93f7a9a601cc785f304818d8a4deaa28984a87072cccd2d50,101122874687018735658106650221227191327679807481305624134882365124788556662641
2026-04-22T01:25:11.647695+00:00,2026-04-22T01:36:52.140954+00:00,momentum,"Solana Up or Down - April 21, 9:25PM-9:30PM ET",UP,Up,2.0,0.51,,LOSS,NO,-2.0,Down,0x467f30724647e973c313c394b12cbca9ed70849c84f8565bfebfb47a7370d21e,90176220276072177425746007169586927307253667350221271694732655206305877042085
2026-04-22T01:30:00.555021+00:00,2026-04-22T01:38:54.336529+00:00,momentum,"Bitcoin Up or Down - April 21, 9:30PM-9:35PM ET",UP,Up,8.0,0.515,,WIN,YES,7.533980582524272,Up,0x8d3b285d6982bce84fe5f3de14bb523c3aa91bb61e807787aeaa772af42b57fb,99112549748679630706854527774803215101870491151345914694866561582622283293752
2026-04-22T01:30:01.630676+00:00,2026-04-22T01:38:54.581741+00:00,momentum,"Solana Up or Down - April 21, 9:30PM-9:35PM ET",DOWN,Down,4.0,0.51,,WIN,YES,3.8431372549019605,Down,0x7ad40c6842841e83436b0dca467c137f970669752bfae19f68e85ebda3c10561,29408075452375988149838676007141238078448717371717692218327742474642445863534
2026-04-22T01:30:00.552538+00:00,2026-04-22T01:39:54.153047+00:00,momentum,"Ethereum Up or Down - April 21, 9:30PM-9:35PM ET",UP,Up,4.0,0.525,,WIN,YES,3.6190476190476186,Up,0xbf000ce20aaff2a872b65b1665b8b89d735aa4e0e214a041d98d80aa8f25fc6d,63153678186222783647866873898441786536364356641519075009725806796210813111148
2026-04-22T01:30:04.695314+00:00,2026-04-22T01:39:54.446857+00:00,momentum,"XRP Up or Down - April 21, 9:30PM-9:35PM ET",DOWN,Down,4.0,0.56,,WIN,YES,3.1428571428571423,Down,0x67e0ec723bbe369d7802b265005944d06c088785711960446e55cc12ab8465b8,73345321723796771620792504325932735083949034632079068767521367493484272194995
2026-04-22T01:35:00.366129+00:00,2026-04-22T01:44:57.229726+00:00,momentum,"Ethereum Up or Down - April 21, 9:35PM-9:40PM ET",UP,Up,2.0,0.53,,WIN,YES,1.773584905660377,Up,0xf348914f3979559e15685a38b97f0089b97338647ef17b88ac98ab22c2dc8612,55985444539118563232751541859565346300331931490792998613369022724613500906737
2026-04-22T01:35:00.369401+00:00,2026-04-22T01:44:57.407365+00:00,momentum,"Solana Up or Down - April 21, 9:35PM-9:40PM ET",UP,Up,2.0,0.99,,WIN,YES,0.020202020202020332,Up,0x2534a7720646d8aabc342c3107f03e0bb6944c8fa1cbc49aa78cb5799c9dfd1b,93580528452410640891443453855551087045073118563500282938489264584005002980369
2026-04-22T01:35:00.362804+00:00,2026-04-22T01:45:57.248416+00:00,momentum,"Bitcoin Up or Down - April 21, 9:35PM-9:40PM ET",UP,Up,2.0,0.53,,WIN,YES,1.773584905660377,Up,0x217bc321d670336a910dca2a7e5e535191a21b67440c4486fdaeae50d916cb99,52864101664145651178976352944101170781980475320453686752167294165304983438134
2026-04-22T01:35:00.373194+00:00,2026-04-22T01:45:57.414189+00:00,momentum,"XRP Up or Down - April 21, 9:35PM-9:40PM ET",UP,Up,2.0,0.99,,WIN,YES,0.020202020202020332,Up,0xcd178b2518e3814bf1f262d6adb520fb876ef0ef3fe88836254826127519b9e9,11143017986810416590852491633928684915167968824757912576201418565001043362421
2026-04-22T01:40:05.369396+00:00,2026-04-22T01:49:58.906764+00:00,momentum,"Bitcoin Up or Down - April 21, 9:40PM-9:45PM ET",DOWN,Down,2.0,0.59,,WIN,YES,1.3898305084745766,Down,0x473ec4b1f4df9ef7f87a2476391de1b60dd888ea58b417e84c684a17106af825,16621686342516125002975638612234961727923938901871895111321344007054338342051
2026-04-22T01:40:00.227477+00:00,2026-04-22T01:50:59.803002+00:00,momentum,"Ethereum Up or Down - April 21, 9:40PM-9:45PM ET",UP,Up,2.0,0.51,,LOSS,NO,-2.0,Down,0xe066d39646fd32b8c4244432c34506ecb9078ef62785c01919400fe2c638d08c,110643613919012875391715962343919218951412936685306986308315414683761241679078
2026-04-22T01:40:05.372147+00:00,2026-04-22T01:50:59.971051+00:00,momentum,"XRP Up or Down - April 21, 9:40PM-9:45PM ET",DOWN,Down,2.0,0.6,,WIN,YES,1.3333333333333335,Down,0xd0ae4113666b27683a955512d65dea869d542ad64b5a47d15b8b11c3c2663698,105199533406934744259177194146181803501010262973780535087916903486512306298299
2026-04-22T01:40:08.436767+00:00,2026-04-22T01:51:00.250250+00:00,momentum,"Solana Up or Down - April 21, 9:40PM-9:45PM ET",DOWN,Down,2.0,0.52,,WIN,YES,1.8461538461538458,Down,0x9ecc1ee432506ed36838fa354eca0d62feee9d062a079cf59681df11ded1f102,23978562348475616078074017269041598474799905665994184846626071107553775115808
2026-04-22T01:45:09.440795+00:00,2026-04-22T01:56:02.031410+00:00,momentum,"XRP Up or Down - April 21, 9:45PM-9:50PM ET",UP,Up,2.0,0.51,,WIN,YES,1.9215686274509802,Up,0x3c97f361f1a1bfd38b982246971b5b7abe8b204bea6834afbeac8d07d60f4a2a,115619669920725147947558423642518111343021289064665354174364459391544549372413
2026-04-22T01:45:03.304830+00:00,2026-04-22T01:57:02.809870+00:00,momentum,"Bitcoin Up or Down - April 21, 9:45PM-9:50PM ET",DOWN,Down,2.0,0.52,,LOSS,NO,-2.0,Up,0x6854d858e67e90d12e5fe1d94d8f211686abc30221fed41b4af02e6192b121c3,41450370019954463052869729481487681219789847067773546202587673902300440513254
2026-04-22T01:45:03.307720+00:00,2026-04-22T01:57:02.853548+00:00,momentum,"Solana Up or Down - April 21, 9:45PM-9:50PM ET",DOWN,Down,2.0,0.55,,LOSS,NO,-2.0,Up,0x8696a6da6cc1462d46634e47640f0d029d90c709857ab4a78f96630fe7553c8e,112968263566891579399896171297445811200430007519158406359151463497120777202399
2026-04-22T01:45:06.376408+00:00,2026-04-22T01:57:03.065145+00:00,momentum,"Ethereum Up or Down - April 21, 9:45PM-9:50PM ET",UP,Up,4.0,0.6,,WIN,YES,2.666666666666667,Up,0x8b888d65aab8d53fdc6374a6d1c47620ec121fed44060519b4cada17752f1a03,98559130573948624198706056643662356835523625820782035488457348039080226560520
2026-04-22T01:50:03.920733+00:00,2026-04-22T02:00:04.407094+00:00,momentum,"Ethereum Up or Down - April 21, 9:50PM-9:55PM ET",UP,Up,2.0,0.57,,WIN,YES,1.5087719298245617,Up,0x1b716866e7755cffd965dbe24e9d29a6dd173ac15a5b07430555cfb8a605f0b3,105788055422576432616197139155572578809749430611511953858253776057560824512160
2026-04-22T01:50:06.993668+00:00,2026-04-22T02:00:04.583491+00:00,momentum,"XRP Up or Down - April 21, 9:50PM-9:55PM ET",UP,Up,2.0,0.55,,LOSS,NO,-2.0,Down,0xeac8df83b141d0b9a64a79c49fa600da4c1136b29eddd8293f883e5a9a2dcd42,109680944669063727630516501969188798448187967233390762480385605239044543033129
2026-04-22T01:50:03.916027+00:00,2026-04-22T02:01:04.663604+00:00,momentum,"Bitcoin Up or Down - April 21, 9:50PM-9:55PM ET",UP,Up,2.0,0.56,,LOSS,NO,-2.0,Down,0x475fbbf9e7b3d408b9e79a8c2a0d9b91e8a185b12c43f67e1179db1efc532ac0,35973463641235249881964471259161985750629901139418774989865739470043068912944
2026-04-22T01:50:03.926335+00:00,2026-04-22T02:01:04.710414+00:00,momentum,"Solana Up or Down - April 21, 9:50PM-9:55PM ET",UP,Up,4.0,0.55,,LOSS,NO,-4.0,Down,0xd4054f6b095a568ab2c2930bb245ba35b875b338da6e5b71475e759b4e034a60,38799187595552492113571231295430929707287331083214029796946841238868443710668
2026-04-22T01:55:03.565389+00:00,2026-04-22T02:05:07.902274+00:00,momentum,"Bitcoin Up or Down - April 21, 9:55PM-10:00PM ET",UP,Up,4.0,0.51,,WIN,YES,3.8431372549019605,Up,0x2f9f2eb6f4184471434a0e4898522db8372de40e721ddf4202f516f74041bc36,26524993808442687162519441081619111344876101191557213665657196558193430152110
2026-04-22T01:55:15.971259+00:00,2026-04-22T02:05:08.214828+00:00,momentum,"Ethereum Up or Down - April 21, 9:55PM-10:00PM ET",DOWN,Down,2.0,0.51,,LOSS,NO,-2.0,Up,0x91b1daf65476133426719b49b91adb852a5ba8dd9b2740d99eee9bf201d27519,110430827849310545198682919267921563224268963059006999200580537070317285360378
2026-04-22T01:55:03.568450+00:00,2026-04-22T02:06:08.622217+00:00,momentum,"XRP Up or Down - April 21, 9:55PM-10:00PM ET",DOWN,Down,4.0,0.53,,LOSS,NO,-4.0,Up,0x4b460a0042f1e3e917f8d1f8568ee9f30f9074e83a9f679940b1c28dbc6182a6,35603463874227787909632116316746917545737539449311593055393730489867732254081
2026-04-22T01:55:06.672287+00:00,2026-04-22T02:07:09.611036+00:00,momentum,"Solana Up or Down - April 21, 9:55PM-10:00PM ET",DOWN,Down,8.0,0.54,,LOSS,NO,-8.0,Up,0xbef8e09b36b42878d3d0fc3dbf8a975de764ad64849c1a9c9a6c63bf19023d00,63460682537653524014975326445077349645181453538075622609335503898985609956192
2026-04-22T02:00:02.048630+00:00,2026-04-22T02:08:09.988439+00:00,momentum,"Bitcoin Up or Down - April 21, 10:00PM-10:05PM ET",UP,Up,2.0,0.6,,LOSS,NO,-2.0,Down,0xd8679a97ec793c1197f03b6a9d638051d78f22c547fd44a8834a330c159fe054,46016137014373303113456825218569842838339469105395768151973439725264292958042
2026-04-22T02:00:02.061825+00:00,2026-04-22T02:08:10.289830+00:00,momentum,"XRP Up or Down - April 21, 10:00PM-10:05PM ET",UP,Up,8.0,0.51,,LOSS,NO,-8.0,Down,0xbc4ba85f4bd3c07fc9d8533e8370a05f9c44712419bb8ff31aa938a8c1476eb4,88018257892618904183294334059689044277508778053825007747368406884115975434807
2026-04-22T02:00:02.052637+00:00,2026-04-22T02:09:10.493730+00:00,momentum,"Ethereum Up or Down - April 21, 10:00PM-10:05PM ET",UP,Up,4.0,0.6,,LOSS,NO,-4.0,Down,0x790604e83cde786114971e969542e67a37512e10a5038dfb8bdd8eb9fee1e4d5,44146804373440296268626650712130462212060773647069853317131408800227213694639
2026-04-22T02:00:02.057517+00:00,2026-04-22T02:09:10.671096+00:00,momentum,"Solana Up or Down - April 21, 10:00PM-10:05PM ET",UP,Up,16.0,0.52,,WIN,YES,14.769230769230766,Up,0xc4c20d63049aa7f21a34b11242e70552fac3af6529edc46d855ec4f25e6e278f,57282048111767549488056050932332193151050539770163825592103917844619704420063
2026-04-22T02:05:01.193139+00:00,2026-04-22T02:14:14.444054+00:00,momentum,"Ethereum Up or Down - April 21, 10:05PM-10:10PM ET",DOWN,Down,8.0,0.51,,LOSS,NO,-8.0,Up,0x89697b56826a0d245350c919d14ca0dda9fef14cf0e536c606f9b1ddb3d732f7,20926104442460012515121049142318736860692724617410270646907910009696259987193
2026-04-22T02:05:01.198716+00:00,2026-04-22T02:14:14.488654+00:00,momentum,"Solana Up or Down - April 21, 10:05PM-10:10PM ET",DOWN,Down,2.0,0.51,,LOSS,NO,-2.0,Up,0xffd092017cbf97b01e8b2c42d774684295e6f9760de940c0cfb79ee6085bca07,18429428646454740050767465054223387258200163134768651344838409334131925642011
2026-04-22T02:05:26.539588+00:00,2026-04-22T02:15:15.350684+00:00,momentum,"Bitcoin Up or Down - April 21, 10:05PM-10:10PM ET",DOWN,Down,4.0,0.56,,LOSS,NO,-4.0,Up,0xd421697dc7318c4265449c608646da31bf6b81c437e43d89e780df99a5773dc3,92448184325960397452298153440189857548435877430987936017973468465985902660466
2026-04-22T02:05:01.204798+00:00,2026-04-22T02:16:15.962968+00:00,momentum,"XRP Up or Down - April 21, 10:05PM-10:10PM ET",DOWN,Down,16.0,0.51,,WIN,YES,15.372549019607842,Down,0xd9e25f380988b1b2ab0f5aae6f21395743ea8cdbc1b95e287108a79a04ca32ee,14353597524153285351118313040975471495545508566300114775116943325409074862327
2026-04-22T02:10:00.863190+00:00,2026-04-22T02:21:18.940871+00:00,momentum,"Ethereum Up or Down - April 21, 10:10PM-10:15PM ET",DOWN,Down,2.0,0.51,,LOSS,NO,-2.0,Up,0x6fb157b6160d1304dc6a0a2ee7c2e20d0df74361a8153cb1348d474382719d1b,86993923723802187469925753049550504309932930683514235361510203793292991055186
2026-04-22T02:10:03.979204+00:00,2026-04-22T02:21:19.259407+00:00,momentum,"Solana Up or Down - April 21, 10:10PM-10:15PM ET",UP,Up,2.0,0.52,,WIN,YES,1.8461538461538458,Up,0x49abcc9a2b8514e6ff5d55551c8bfb6237ff655975141d40088f51e4a72c6458,17111984410526719404743924116478487763676385481356192703035181140902169777397
2026-04-22T02:10:03.975344+00:00,2026-04-22T02:22:19.273677+00:00,momentum,"Bitcoin Up or Down - April 21, 10:10PM-10:15PM ET",UP,Up,4.0,0.52,,WIN,YES,3.6923076923076916,Up,0xf4b7c7207588ec69acab07479f36c624cc350e1ba46354dcfcca47b61361adab,65610663419735249662033670063720189631216121370486783942675442516955287927277
2026-04-22T02:10:07.257854+00:00,2026-04-22T02:22:19.432734+00:00,momentum,"XRP Up or Down - April 21, 10:10PM-10:15PM ET",UP,Up,2.0,0.52,,WIN,YES,1.8461538461538458,Up,0x2a835123fd8b3ee53508ba0b33db4a36c6211e4f29327e7f78f3b9860ad47400,56108825499454889500078441104132303324135226095463672082805733352734559444594
2026-04-22T02:15:00.283955+00:00,2026-04-22T02:24:21.757879+00:00,momentum,"Ethereum Up or Down - April 21, 10:15PM-10:20PM ET",UP,Up,2.0,0.99,,WIN,YES,0.020202020202020332,Up,0xb23a0d6b3fbf1bb649e210782881305db5c76cbc537d978a6690741af55ce209,9320045187149644606773589057471936817629876550734211951387800463147636456119
2026-04-22T02:15:00.288997+00:00,2026-04-22T02:24:21.950348+00:00,momentum,"Solana Up or Down - April 21, 10:15PM-10:20PM ET",UP,Up,2.0,0.99,,WIN,YES,0.020202020202020332,Up,0x3b1bc78bca401ea324d3c9a820bb9ad28be47fe756712d0d420f8d4e868ebff2,64051962363904512236084706744296929677717666012923558136619978692763624988393
2026-04-22T02:15:00.269007+00:00,2026-04-22T02:25:21.572152+00:00,momentum,"Bitcoin Up or Down - April 21, 10:15PM-10:20PM ET",DOWN,Down,2.0,0.54,,LOSS,NO,-2.0,Up,0xb58ae5a745028ac5f0dd30174f589b595c4e6fb7806d5cc54c9b72304daac759,97350000535882718620529937191397821149252656934355894817589299225800920894222
2026-04-22T02:15:00.274059+00:00,2026-04-22T02:25:21.759422+00:00,momentum,"XRP Up or Down - April 21, 10:15PM-10:20PM ET",UP,Up,2.0,0.99,,WIN,YES,0.020202020202020332,Up,0xd50643202fa8bdbc7d9c8cb1bf3ad30fd679eb3a8f4dcefc9974627b8f55b82d,34739133595217206132956703214446933663765239420468201782134833638703173473702
2026-04-22T02:20:03.919018+00:00,2026-04-22T02:29:23.774556+00:00,momentum,"XRP Up or Down - April 21, 10:20PM-10:25PM ET",DOWN,Down,2.0,0.51,,WIN,YES,1.9215686274509802,Down,0x5e0837f4b3d2c81adfef534e17462f817e8f0e6756c5e0409a5f819296b557ef,103034644360493559656536359097103360561348190946235525895858592197117462885257
2026-04-22T02:20:00.605817+00:00,2026-04-22T02:30:24.069596+00:00,momentum,"Bitcoin Up or Down - April 21, 10:20PM-10:25PM ET",DOWN,Down,4.0,0.54,,WIN,YES,3.4074074074074066,Down,0x6c2357e2b23250f90a6aae67d6f1724b443b8850b9d29219c8d0e8c850318782,43599017339056052977836643067130819024671748870416642666139342585261532512356
2026-04-22T02:20:00.609884+00:00,2026-04-22T02:30:24.116496+00:00,momentum,"Solana Up or Down - April 21, 10:20PM-10:25PM ET",DOWN,Down,2.0,0.53,,LOSS,NO,-2.0,Up,0x43120b715dc774c7cd331629c3f8a7c89dffb9f7c79b199cafc85f03710531d2,106595206704152435249409015439001838785319695005099478255231531145951169511806
2026-04-22T02:20:00.614547+00:00,2026-04-22T02:30:24.317738+00:00,momentum,"Ethereum Up or Down - April 21, 10:20PM-10:25PM ET",DOWN,Down,2.0,0.54,,WIN,YES,1.7037037037037033,Down,0xfedabb2f11559f15c575d127f3fb13532109f8f047c2bdf6b0ff3396669f0b00,73126469040272591505927314630262376908416615700207706393016719528563933962029
2026-04-22T02:25:01.042850+00:00,2026-04-22T02:35:26.538783+00:00,momentum,"Solana Up or Down - April 21, 10:25PM-10:30PM ET",DOWN,Down,4.0,0.54,,LOSS,NO,-4.0,Up,0xb99c6b0551e01f6ed3f169dc0edef711a3e4c26f8aa1dd45ee7bf133d78e9182,79120235419938436756053651457510706497092930444521757755801788677611828543840
2026-04-22T02:25:01.055306+00:00,2026-04-22T02:35:26.812270+00:00,momentum,"Ethereum Up or Down - April 21, 10:25PM-10:30PM ET",DOWN,Down,2.0,0.53,,LOSS,NO,-2.0,Up,0x98f2bef9caf74857ac9252e072ef5ce054038dca87bd69f33de5519d4f39909b,18021690833236754683015663322004134173447685910347681124524027904171191098847
2026-04-22T02:25:01.036355+00:00,2026-04-22T02:37:27.002385+00:00,momentum,"Bitcoin Up or Down - April 21, 10:25PM-10:30PM ET",DOWN,Down,2.0,0.53,,LOSS,NO,-2.0,Up,0x9ff096d84d4239d8e672046f4f09efca53692f565f5e79eaedfba64367e4a310,106913490691901542761721608341365451276030962541685655917109442747495616540904
2026-04-22T02:25:01.048580+00:00,2026-04-22T02:37:27.110944+00:00,momentum,"XRP Up or Down - April 21, 10:25PM-10:30PM ET",DOWN,Down,2.0,0.52,,LOSS,NO,-2.0,Up,0xd2857c6135b002fcd575db52bd2cad540b326c21287569f00f4f574a1ae8bab8,84660574629249657006168602382405387928788187842205637932748378178034736788687
2026-04-22T02:30:00.508584+00:00,2026-04-22T02:38:28.537828+00:00,momentum,"XRP Up or Down - April 21, 10:30PM-10:35PM ET",DOWN,Down,4.0,0.52,,WIN,YES,3.6923076923076916,Down,0x79104267e26c4572a12391f1016a3ba9039a15ae2a236833da974a2bcbd5134c,14145206731013226097434049112455798801379489186602822147543520215880545352475
2026-04-22T02:30:00.519251+00:00,2026-04-22T02:38:29.074593+00:00,momentum,"Solana Up or Down - April 21, 10:30PM-10:35PM ET",DOWN,Down,8.0,0.52,,WIN,YES,7.384615384615383,Down,0x1c1933be911c7c85af01efc26a44a9731b8ddbdb4e1463e7b30cf62cb06831a8,34714600967433470788080398759231855497041252104228182379449820185924191154438
2026-04-22T02:30:00.503759+00:00,2026-04-22T02:39:28.607054+00:00,momentum,"Bitcoin Up or Down - April 21, 10:30PM-10:35PM ET",DOWN,Down,4.0,0.53,,WIN,YES,3.547169811320754,Down,0x866c3565ba9fe56686ccf05d4f798f9d2693780ffbe13e75b3e2572b36a459e2,42161016420687385676921105733051495771917893586169634343097317381838505623783
2026-04-22T02:30:00.513905+00:00,2026-04-22T02:39:28.878791+00:00,momentum,"Ethereum Up or Down - April 21, 10:30PM-10:35PM ET",DOWN,Down,2.0,0.53,,WIN,YES,1.773584905660377,Down,0x869a6b22f74a4f2276aaf6fc207442f9b059c21769fb38ecc8d892586b9f1c4f,17777387151281516318976893218443846035783748448510723081787136126368644552504
2026-04-22T02:35:00.333048+00:00,2026-04-22T02:44:31.394179+00:00,momentum,"Bitcoin Up or Down - April 21, 10:35PM-10:40PM ET",DOWN,Down,2.0,0.525,,WIN,YES,1.8095238095238093,Down,0x07380575d61b9bfb1fb04261bd8405712f7e414bca4c764da29935fecfbd01e3,20155848684892899323312844182490261537440423733918639025907244588494085887495
2026-04-22T02:35:00.337568+00:00,2026-04-22T02:44:31.552579+00:00,momentum,"Solana Up or Down - April 21, 10:35PM-10:40PM ET",DOWN,Down,2.0,0.51,,WIN,YES,1.9215686274509802,Down,0xb5bed3fc94e7608bdb266bf608509df0cc872e66b142ae36f27b73c0e0a4e70d,66096259720222849112092492057957601987287650969109255228759365156770275228106
2026-04-22T02:35:02.484679+00:00,2026-04-22T02:44:31.720120+00:00,momentum,"Ethereum Up or Down - April 21, 10:35PM-10:40PM ET",DOWN,Down,2.0,0.51,,LOSS,NO,-2.0,Up,0xdc46bd8c99b481892f1ec0bca9d05440551dd39adeb3f9c9a85a3b83b22df8bd,86441058147371428866626349833371203227439963369851635303543733227109809968194
2026-04-22T02:35:00.343988+00:00,2026-04-22T02:46:33.070805+00:00,momentum,"XRP Up or Down - April 21, 10:35PM-10:40PM ET",DOWN,Down,2.0,0.51,,LOSS,NO,-2.0,Up,0xc95ed7f4d7df9e90f26366809a57b706f7243e834376a75f9f42e5e6ec8c15e3,106161336023843804773781406838517044243284715123388761200348850179794495844824
2026-04-22T02:40:00.247221+00:00,2026-04-22T02:51:35.195557+00:00,momentum,"Solana Up or Down - April 21, 10:40PM-10:45PM ET",DOWN,Down,2.0,0.515,,LOSS,NO,-2.0,Up,0xbf48b56ad4f777fdedc9f5a1023be9c07f1610716f0c0449b3e80f33accbe0b4,50879372625431680777773251189981589010412308129668517811707989965096393919329
2026-04-22T02:40:00.252373+00:00,2026-04-22T02:51:35.239424+00:00,momentum,"Ethereum Up or Down - April 21, 10:40PM-10:45PM ET",DOWN,Down,4.0,0.515,,LOSS,NO,-4.0,Up,0x469ebcbb3d134cebad67b61ca4cacfbff73cf0fcf63833ce70e4edab3fd41852,76896616008623635519389818863447006308905320697795165097355545967195702633851
2026-04-22T02:40:00.258314+00:00,2026-04-22T02:51:35.280026+00:00,momentum,"XRP Up or Down - April 21, 10:40PM-10:45PM ET",DOWN,Down,4.0,0.515,,LOSS,NO,-4.0,Up,0xbcf3d6870e79e634a53a708031016849341a8a5538b39206f0edf26ec7b1abdb,65424539326369938017656729419532026329301026675924579594848635358529481960581
2026-04-22T02:40:01.373690+00:00,2026-04-22T02:51:35.323336+00:00,momentum,"Bitcoin Up or Down - April 21, 10:40PM-10:45PM ET",DOWN,Down,2.0,0.52,,LOSS,NO,-2.0,Up,0x20c591b3c915f6398f6514fdc8d59f7a170b3ac774d8c7c96366c5c5b6270968,12121274685950881059340694359937018708956801401890602531415208876272191537918
2026-04-22T02:45:01.383943+00:00,2026-04-22T02:53:36.105184+00:00,momentum,"Ethereum Up or Down - April 21, 10:45PM-10:50PM ET",DOWN,Down,4.0,0.54,,WIN,YES,3.4074074074074066,Down,0x201ab287c3373f77f4c53f5430e508a30b4bb23dc1f1601a16b9604eca573d52,60542026612030372838450413952725007324531170357708156776521243385125463951822
2026-04-22T02:45:01.388725+00:00,2026-04-22T02:53:36.302583+00:00,momentum,"Bitcoin Up or Down - April 21, 10:45PM-10:50PM ET",DOWN,Down,2.0,0.52,,WIN,YES,1.8461538461538458,Down,0x3e4f267007899ebc2419c8aa8a054ff7342f20d02260039b5cab531440d53d39,9643107697201195644688041651217217077681103935107110009971912767550612798984
2026-04-22T02:45:00.260611+00:00,2026-04-22T02:54:36.954355+00:00,momentum,"Solana Up or Down - April 21, 10:45PM-10:50PM ET",DOWN,Down,2.0,0.51,,WIN,YES,1.9215686274509802,Down,0xb99f4077d9f77789a2f2bab715758e777dd2307112a155dc15ed3251e206d25f,87484525289609021875993798563987242139832153249422270765190044499418042181329
2026-04-22T02:45:04.896313+00:00,2026-04-22T02:54:37.131729+00:00,momentum,"XRP Up or Down - April 21, 10:45PM-10:50PM ET",DOWN,Down,4.0,0.56,,WIN,YES,3.1428571428571423,Down,0x0bcb7376bd0284f3b7c63ab8ddabcaed9d7ed6e0bbadf1608a4a7c23c9c42604,108011950051812674744749580241525729523737329935522632786429787121108607319025
2026-04-22T02:50:00.696101+00:00,2026-04-22T02:59:40.456039+00:00,momentum,"Ethereum Up or Down - April 21, 10:50PM-10:55PM ET",DOWN,Down,2.0,0.535,,LOSS,NO,-2.0,Up,0x193694678b35a7419f14396bf3317be3cb4418f6e09a4895c8c062426c4ac201,78093002436739139241972338573053715531133943974642826447300221256293834891365
2026-04-22T02:50:03.040918+00:00,2026-04-22T02:59:40.765367+00:00,momentum,"Bitcoin Up or Down - April 21, 10:50PM-10:55PM ET",DOWN,Down,2.0,0.52,,LOSS,NO,-2.0,Up,0x0900ab61ca4b5198798820dad07511f56039f5392041647e3d02ee5f8c8d0b0f,77724463876508154359491514327407504164168422108754252441199631252648232110307
2026-04-22T02:50:00.701718+00:00,2026-04-22T03:00:40.498287+00:00,momentum,"XRP Up or Down - April 21, 10:50PM-10:55PM ET",DOWN,Down,2.0,0.535,,LOSS,NO,-2.0,Up,0xbde07afc7c70688773fb6c743457dcdceccf2599f28067d71068a95b20cab822,69754506718186350843204631674381150727368423069777374282364489424902934128116
2026-04-22T02:50:00.708198+00:00,2026-04-22T03:00:40.539056+00:00,momentum,"Solana Up or Down - April 21, 10:50PM-10:55PM ET",DOWN,Down,2.0,0.53,,LOSS,NO,-2.0,Up,0x6708838dc7bad93d9b29c83077b1c7a0eba2bcee41faf4ed194d215e9a6ae3a6,72038944868574503654730849065418334630628822657152753453451830290618274931315
2026-04-22T02:55:00.795856+00:00,2026-04-22T03:05:43.881962+00:00,momentum,"Bitcoin Up or Down - April 21, 10:55PM-11:00PM ET",DOWN,Down,2.0,0.56,,LOSS,NO,-2.0,Up,0x14f1b88cd673ffb56c010fc065cdebee82f0bdb6b9a38109109cc71c1ed7aee9,16669419551497791855954864481644480637553894270103338484394743642601464846109
2026-04-22T02:55:00.803353+00:00,2026-04-22T03:05:43.924417+00:00,momentum,"Ethereum Up or Down - April 21, 10:55PM-11:00PM ET",DOWN,Down,2.0,0.52,,LOSS,NO,-2.0,Up,0xc9171c100671af2128f740354d3deb703d4affa7ba790ccaf6459c29cb2bbd14,68987925468006967305553351911567835003759748734867517476273512375649150790029
2026-04-22T02:55:00.780872+00:00,2026-04-22T03:06:44.643397+00:00,momentum,"Solana Up or Down - April 21, 10:55PM-11:00PM ET",DOWN,Down,2.0,0.57,,WIN,YES,1.5087719298245617,Down,0x6bebe5d98bb24b05d3ef01fb925da2922220d61138eb335c23a57b787605cd9a,42635595893729024758850071461938278927331001299754328607061596496207481457428
2026-04-22T02:55:00.787468+00:00,2026-04-22T03:06:44.685341+00:00,momentum,"XRP Up or Down - April 21, 10:55PM-11:00PM ET",DOWN,Down,2.0,0.51,,LOSS,NO,-2.0,Up,0xed4390b309627de2f8c0e1e639a74853fc173d60a94264663ad82fed9975fa10,60152413451303456264733322520510490445069203875363404968638023788349968138807
2026-04-22T03:00:00.571913+00:00,2026-04-22T03:12:47.908136+00:00,momentum,"Solana Up or Down - April 21, 11:00PM-11:05PM ET",DOWN,Down,2.0,0.51,,LOSS,NO,-2.0,Up,0xad7e087232f3df51fe1dd51279192d37e6b33fc1508240bbcce0eaef5d84973f,109900636768886696888501247906955118026646266943850963127467540866578048392615
2026-04-22T03:00:02.639617+00:00,2026-04-22T03:12:47.950087+00:00,momentum,"Bitcoin Up or Down - April 21, 11:00PM-11:05PM ET",UP,Up,8.0,0.53,,LOSS,NO,-8.0,Down,0x9e0a9a43df9e729ca8fa3735de70ec42ef076fc9d86eeaa9eeb1544b48f47e69,36136147573843870564036509118297469619979475375714148484258933729213076374407
2026-04-22T03:00:02.645092+00:00,2026-04-22T03:12:48.000611+00:00,momentum,"Ethereum Up or Down - April 21, 11:00PM-11:05PM ET",DOWN,Down,2.0,0.52,,LOSS,NO,-2.0,Up,0x8fb5727b7e4928b3eee17d943a781c65ad9260baaf8ba36919249c6fcb7b2dee,3984119614707761261009186745953266782127904346189601034201964235291737965608
2026-04-22T03:00:02.651572+00:00,2026-04-22T03:12:48.186500+00:00,momentum,"XRP Up or Down - April 21, 11:00PM-11:05PM ET",DOWN,Down,4.0,0.51,,WIN,YES,3.8431372549019605,Down,0xb31f471b2b794cff3dfd2f7b1239a25899f2cb8f8aefa608fdb5bbde68365171,28317271821011656506633152247563241483903188153205916637659214006737325963641
2026-04-22T03:05:00.437750+00:00,2026-04-22T03:14:48.542704+00:00,momentum,"XRP Up or Down - April 21, 11:05PM-11:10PM ET",DOWN,Down,2.0,0.51,,LOSS,NO,-2.0,Up,0xb4950bc7e53cb5751e07514085c4f40cb4237d4f3bb1a5f38b96fd57445eabe9,33239638443436983188977051972824999924639328477014067667699364861139239680122
2026-04-22T03:05:00.444760+00:00,2026-04-22T03:14:48.586831+00:00,momentum,"Ethereum Up or Down - April 21, 11:05PM-11:10PM ET",DOWN,Down,4.0,0.535,,LOSS,NO,-4.0,Up,0x9d020759bdfa02d650c052fd44118320667501bf31911d6fa97723e4d5d0bdeb,74430013419940098865359011548155938388137544129386646439476305314776785132952
2026-04-22T03:05:01.526479+00:00,2026-04-22T03:14:48.757844+00:00,momentum,"Bitcoin Up or Down - April 21, 11:05PM-11:10PM ET",DOWN,Down,16.0,0.55,,WIN,YES,13.09090909090909,Down,0x523a7191c8df390ddd796a7003a0837978f477de120cb2e2b11bb3fe65581dc2,1864108684174584898893920280037531611506026297808145711448201571907802488772
2026-04-22T03:05:07.671877+00:00,2026-04-22T03:14:48.935963+00:00,momentum,"Solana Up or Down - April 21, 11:05PM-11:10PM ET",UP,Up,4.0,0.56,,WIN,YES,3.1428571428571423,Up,0x95c4457d6adccc0eee1d1c759c039d4e4798f8ee845264570d9bbb482bb7c2ce,113582602162054702484342343456529280179812136921468497681359746481633083880357
2026-04-22T03:10:00.411014+00:00,2026-04-22T03:20:51.458309+00:00,momentum,"Ethereum Up or Down - April 21, 11:10PM-11:15PM ET",DOWN,Down,2.0,0.525,,WIN,YES,1.8095238095238093,Down,0xe8180ff4ce2ec189137f1290f9b289e49c261b0bef0a5b02912f0688a8965686,97896538210727496173677748872221597047694446888623486801992287630186424233495
2026-04-22T03:10:00.422802+00:00,2026-04-22T03:21:51.885171+00:00,momentum,"XRP Up or Down - April 21, 11:10PM-11:15PM ET",DOWN,Down,4.0,0.515,,WIN,YES,3.766990291262136,Down,0x4d44d32c8214e10ae3900cd80d33ad0295a92c9d58c1cc94ebafa2b41224e1f3,66216875915843832445871549328855228025523027411510139810889789416537359139420
2026-04-22T03:10:00.402205+00:00,2026-04-22T03:22:52.123655+00:00,momentum,"Bitcoin Up or Down - April 21, 11:10PM-11:15PM ET",DOWN,Down,2.0,0.535,,LOSS,NO,-2.0,Up,0xe78712c7e720eb50f625af7434b39a072f315c9f17af4e980ce8dc0756e50924,69419242828718325523318586744255258309782203055458497173863422956689713103617
2026-04-22T03:10:32.055844+00:00,2026-04-22T03:22:52.170872+00:00,momentum,"Solana Up or Down - April 21, 11:10PM-11:15PM ET",UP,Up,2.0,0.63,,LOSS,NO,-2.0,Down,0x07afc26e93f35c7b2f2a009f112a7646bf980a6a1141fa8a98b79e2ff3d0d6e8,92591061166962835930920376817294203180151423823828730969077580614915789928829
2026-04-22T03:15:00.649328+00:00,2026-04-22T03:24:52.260787+00:00,momentum,"Ethereum Up or Down - April 21, 11:15PM-11:20PM ET",DOWN,Down,2.0,0.53,,WIN,YES,1.773584905660377,Down,0x215d5a715add8be72da92bc6e0c8a27a07a3f31a771ec951ee3c80f8c77d754e,34143560066571333103295362577447524843344468420628742289761668110781312997506
2026-04-22T03:15:00.656426+00:00,2026-04-22T03:24:52.425679+00:00,momentum,"Bitcoin Up or Down - April 21, 11:15PM-11:20PM ET",DOWN,Down,4.0,0.56,,WIN,YES,3.1428571428571423,Down,0x5c88a6aa7c072b78bb6521c1521468c39be435e1560065395c53123281ca31ec,65166271503228460376571733906665519080938210716301033886093758839718727827360
2026-04-22T03:15:04.015359+00:00,2026-04-22T03:24:52.608513+00:00,momentum,"Solana Up or Down - April 21, 11:15PM-11:20PM ET",DOWN,Down,4.0,0.53,,WIN,YES,3.547169811320754,Down,0x892d6bdb7e750af9569fc1b5140ddaa0e0eb1753b2f72382a6c6608eb6897845,76693822710096908526725312059561128721414315706705423998032663445617785064053
2026-04-22T03:15:04.023680+00:00,2026-04-22T03:24:52.783911+00:00,momentum,"XRP Up or Down - April 21, 11:15PM-11:20PM ET",DOWN,Down,2.0,0.51,,WIN,YES,1.9215686274509802,Down,0xf10cae42b6b565c8c857eacb6957ee960041ef815092451ca812f69669e4e0e1,2030221001293565854478392708596094800561330604846440870238019326986457140457
2026-04-22T03:20:02.010439+00:00,2026-04-22T03:29:55.073857+00:00,momentum,"Solana Up or Down - April 21, 11:20PM-11:25PM ET",DOWN,Down,2.0,0.57,,WIN,YES,1.5087719298245617,Down,0xddd919aafc047c8dc1c881d01c544918a424ab68c028a1ee3d68350dfb62b95e,17068151385765159205482020324081991488619362455355077583490692826419494200440
2026-04-22T03:20:02.021466+00:00,2026-04-22T03:29:55.234282+00:00,momentum,"XRP Up or Down - April 21, 11:20PM-11:25PM ET",DOWN,Down,2.0,0.53,,WIN,YES,1.773584905660377,Down,0x09c9fece1dcc33b04ac135781c5c033218b068415c4aeb143cbccf8af68f0040,110644025745705059507338357015988604743667371654117587820477901265153669974582
2026-04-22T03:20:01.999611+00:00,2026-04-22T03:30:56.212308+00:00,momentum,"Bitcoin Up or Down - April 21, 11:20PM-11:25PM ET",DOWN,Down,2.0,0.53,,LOSS,NO,-2.0,Up,0x7eb5d8daed85e7ce4ba90ba1488bb22f56d94ca5451c53dc5763ddfbe4995760,69711978772547420870488030119918925880504877571724761360861147997172406792305
2026-04-22T03:20:05.262950+00:00,2026-04-22T03:30:56.405934+00:00,momentum,"Ethereum Up or Down - April 21, 11:20PM-11:25PM ET",UP,Up,2.0,0.51,,WIN,YES,1.9215686274509802,Up,0x8fddcef93353893a92db77e57e379d79c414d8d2f14b295de4761f6c160f7e99,14433167559830071146772560902534125473708324822227361592251335249664089605860
2026-04-22T03:25:04.598354+00:00,2026-04-22T03:34:59.736312+00:00,momentum,"Bitcoin Up or Down - April 21, 11:25PM-11:30PM ET",UP,Up,4.0,0.52,,WIN,YES,3.6923076923076916,Up,0x3d2d8d65a55a0879bd88e1de2612129537ae06bc343b00d4ee09d8f4e829bd0d,80028715971395039850463557379260601909006799451038567349104029613398681829641
2026-04-22T03:25:01.516645+00:00,2026-04-22T03:35:59.959202+00:00,momentum,"Ethereum Up or Down - April 21, 11:25PM-11:30PM ET",UP,Up,2.0,0.55,,WIN,YES,1.6363636363636362,Up,0xf1239a95076e4e31c52b9e893328000f89668cb90434ee3dc202280efa62ff02,92503530372306793960200509385546857306151745455433219107204151355435678404490
2026-04-22T03:25:01.524072+00:00,2026-04-22T03:36:00.333897+00:00,momentum,"Solana Up or Down - April 21, 11:25PM-11:30PM ET",DOWN,Down,2.0,0.57,,WIN,YES,1.5087719298245617,Down,0xcffdbbdd45bf4f2a357f5b01e7ea82244a97ef7936b53e6e8ee1590488da5eda,45373370889442951241189095352231578981352515049069962221349994275322112828181
2026-04-22T03:25:00.408493+00:00,2026-04-22T03:37:00.676220+00:00,momentum,"XRP Up or Down - April 21, 11:25PM-11:30PM ET",UP,Up,2.0,0.51,,WIN,YES,1.9215686274509802,Up,0xb0a721f17032c25ec99fe2095ebdad8852f5b9091138bee42a117ca16dad2c20,106929298343034502786404306547987465640123540606502784023028629129036092632249
2026-04-22T03:30:01.134128+00:00,2026-04-22T03:39:00.566181+00:00,momentum,"Ethereum Up or Down - April 21, 11:30PM-11:35PM ET",UP,Up,2.0,0.55,,LOSS,NO,-2.0,Down,0xdbf21894130aa8f781da6b8bb573d53caba9c202d96a95c9b07042de4bfea719,92727940883006147868526836598567303447257909098945637089171748749253175087781
2026-04-22T03:30:04.207224+00:00,2026-04-22T03:39:00.741243+00:00,momentum,"Solana Up or Down - April 21, 11:30PM-11:35PM ET",DOWN,Down,2.0,0.51,,WIN,YES,1.9215686274509802,Down,0x6f47110721aaf35fd3f5d26efaf05ef8221b276210cc47f376266c74884c4730,27985459534925703505974681636898793243496514552479783612911046042695575509650
2026-04-22T03:30:04.213856+00:00,2026-04-22T03:39:00.785794+00:00,momentum,"XRP Up or Down - April 21, 11:30PM-11:35PM ET",UP,Up,2.0,0.57,,LOSS,NO,-2.0,Down,0xa939434a2f86d140d14825ccba75280fbf359158280139176c408f1537228a7c,91406359588299724362818166880440758500681264476921380883216105391467088560110
2026-04-22T03:30:04.221796+00:00,2026-04-22T03:39:00.830594+00:00,momentum,"Bitcoin Up or Down - April 21, 11:30PM-11:35PM ET",UP,Up,2.0,0.51,,LOSS,NO,-2.0,Down,0xcd1c5864d854fe6b1f4379d6ca77b2d47781cc02fc23f051ea77818983f93fd9,74592144120824765065504570624503195359944068134696560053160029791047456775622
2026-04-22T03:35:04.567999+00:00,2026-04-22T03:45:04.639517+00:00,momentum,"Ethereum Up or Down - April 21, 11:35PM-11:40PM ET",UP,Up,4.0,0.51,,LOSS,NO,-4.0,Down,0x8649476403431794979ad0d83ca21097cc2c4669fb1c97059db45e464661f5e6,32728425120792215796398701651421133930905664178905881032843052778237379762752
2026-04-22T03:35:07.656177+00:00,2026-04-22T03:45:04.685467+00:00,momentum,"Solana Up or Down - April 21, 11:35PM-11:40PM ET",DOWN,Down,2.0,0.51,,LOSS,NO,-2.0,Up,0xc123e6089c4347c2e376ca01d009a9ce41c9472dc5fc1b50168687daa1abd8fe,15500927087642206720557423522852479634425662469626620318295902747273885318863
2026-04-22T03:35:16.966324+00:00,2026-04-22T03:45:04.866825+00:00,momentum,"XRP Up or Down - April 21, 11:35PM-11:40PM ET",UP,Up,4.0,0.55,,WIN,YES,3.2727272727272725,Up,0xa9729d56cb5dad48b8eb1649c23fa709129b39be188482477ffdd50bfb375192,11634128607645737275082970913825644868024117637320688032244013844580551625840
2026-04-22T03:35:01.493911+00:00,2026-04-22T03:46:05.417136+00:00,momentum,"Bitcoin Up or Down - April 21, 11:35PM-11:40PM ET",DOWN,Down,4.0,0.52,,LOSS,NO,-4.0,Up,0x21f3f746b0dd07547a52e7c2340beecb0de3498322730a81f725e71f7b062f07,26121935971290522423238860528991860452143280637357503406197479334454962249312
2026-04-22T03:40:02.179614+00:00,2026-04-22T03:51:08.907563+00:00,momentum,"Ethereum Up or Down - April 21, 11:40PM-11:45PM ET",DOWN,Down,8.0,0.51,,LOSS,NO,-8.0,Up,0x6c93eac59811f48f6601f7d615c98e69fa31cb155d0fdda4dfbb68d37d36cf31,12404910328747186319981071389324927132661473727923787682890248469465975925875
2026-04-22T03:40:02.186868+00:00,2026-04-22T03:51:09.086405+00:00,momentum,"Solana Up or Down - April 21, 11:40PM-11:45PM ET",UP,Up,4.0,0.56,,WIN,YES,3.1428571428571423,Up,0x8bc8ae3da681293a995da5b818800baff34e46ade2c7fd5d0cbda1ea9a162f4d,7230547420573778826460155982594751370983061737248395280066516064960398035377
2026-04-22T03:40:05.410869+00:00,2026-04-22T03:51:09.131916+00:00,momentum,"XRP Up or Down - April 21, 11:40PM-11:45PM ET",DOWN,Down,2.0,0.59,,LOSS,NO,-2.0,Up,0x764da8f0cb80c4ee281c0dca0da2c1fc6a90df2c80a5cddddcb2e1ead86d9c7f,76012176434747347904104705623795679145415977140890806699982224825745443220095
2026-04-22T03:40:11.577495+00:00,2026-04-22T03:51:09.311520+00:00,momentum,"Bitcoin Up or Down - April 21, 11:40PM-11:45PM ET",UP,Up,8.0,0.56,,WIN,YES,6.285714285714285,Up,0x4c138284b6f9de16dff00fa22734ca9d7e89c29bc3e282cd519ba48856aa054b,25132178236635426197401852075239460901477569154254992476201762038931454474489
2026-04-22T03:45:02.050942+00:00,2026-04-22T03:54:10.396939+00:00,momentum,"Ethereum Up or Down - April 21, 11:45PM-11:50PM ET",DOWN,Down,8.0,0.53,,WIN,YES,7.094339622641508,Down,0xd6a7b7cbbc524742e656d461bc0f481d6b9c9d51bc17d53b7712fbd294c2fb41,97631759246601550435913988068378868988484974615662864517374761392450660080435
2026-04-22T03:45:02.061387+00:00,2026-04-22T03:54:10.444164+00:00,momentum,"Solana Up or Down - April 21, 11:45PM-11:50PM ET",UP,Up,2.0,0.51,,LOSS,NO,-2.0,Down,0x4e986fcdb130957157f2bbc437c8e2815943f00f5f3c78f2a239398b106dcba6,85340624516819832541089628693517451439247824833125305166770876105013521353864
2026-04-22T03:45:02.033025+00:00,2026-04-22T03:55:10.888299+00:00,momentum,"Bitcoin Up or Down - April 21, 11:45PM-11:50PM ET",DOWN,Down,2.0,0.54,,WIN,YES,1.7037037037037033,Down,0xea80f4a5e12f683807dd28e3c0ed000718ed20bc794556381af6a8ad19383319,87360693735623609314526898187471403781053490969338926692518216649354030866119
2026-04-22T03:45:02.042318+00:00,2026-04-22T03:55:10.932417+00:00,momentum,"XRP Up or Down - April 21, 11:45PM-11:50PM ET",UP,Up,4.0,0.52,,LOSS,NO,-4.0,Down,0xc3c1ee2fa68ced87d81d982997d33187bca443f5c12f4d46fbb6ad8724c528ae,42825867082368203289267756972841798104859217061213475416596337387205478629938
2026-04-22T03:50:00.217936+00:00,2026-04-22T04:00:14.165642+00:00,momentum,"Ethereum Up or Down - April 21, 11:50PM-11:55PM ET",UP,Up,2.0,0.51,,WIN,YES,1.9215686274509802,Up,0x662cceaf33fff35317cb7158b76cac0f8b996b0fccd030ef6bbd41534b31a633,14292029130527324713105483470105943076872316076969559509417399462300594473721
2026-04-22T03:50:02.783142+00:00,2026-04-22T04:00:14.397511+00:00,momentum,"Bitcoin Up or Down - April 21, 11:50PM-11:55PM ET",DOWN,Down,2.0,0.55,,WIN,YES,1.6363636363636362,Down,0x123238a69b62f0b93c868f61958c80db405d67f3f04a3185082db58667cb173b,60481495413315248486744343951757018393653530197325618700742293837966170500981
2026-04-22T03:50:02.791161+00:00,2026-04-22T04:00:14.585746+00:00,momentum,"Solana Up or Down - April 21, 11:50PM-11:55PM ET",DOWN,Down,4.0,0.62,,WIN,YES,2.451612903225807,Down,0x1475fe0bb10f6acea89f7d013599222f3de54c8e813da43ec5c379cb8d2a6625,75657670042342523176209113033556874965276050312385971117805655241901259678889
2026-04-22T03:50:02.799523+00:00,2026-04-22T04:01:14.357855+00:00,momentum,"XRP Up or Down - April 21, 11:50PM-11:55PM ET",UP,Up,8.0,0.51,,WIN,YES,7.686274509803921,Up,0x88992551c451013eea29bf4e85bf7a31c1b3881c34f6d0282b92cefc42ae4b5e,19294108418537845649972730395915817055184632291207703211299999786934871281674
2026-04-22T03:55:01.422455+00:00,2026-04-22T04:06:16.650548+00:00,momentum,"Bitcoin Up or Down - April 21, 11:55PM-12:00AM ET",DOWN,Down,2.0,0.51,,WIN,YES,1.9215686274509802,Down,0x883cb88a305ede987e4ff2985c73112cd39383295033658d9d80ad3a92eb81f2,76392331651392021954825505808420671331532549526697861876396969547738024010603
2026-04-22T03:55:01.436791+00:00,2026-04-22T04:06:16.820079+00:00,momentum,"Solana Up or Down - April 21, 11:55PM-12:00AM ET",UP,Up,2.0,0.56,,WIN,YES,1.5714285714285712,Up,0x3839ef7cfd8c03b89a414b558438704800eac6250449f1079c7317a294777c67,32977145222838884425479525785457662693398810064285056221018042961794719076863
2026-04-22T03:55:04.512778+00:00,2026-04-22T04:06:16.865418+00:00,momentum,"Ethereum Up or Down - April 21, 11:55PM-12:00AM ET",UP,Up,2.0,0.56,,LOSS,NO,-2.0,Down,0x3c4d4e66d2d3b112a8e1c2bb5351b8fca513705497ad86934bb7a121ceecf07c,26682447808877791566073176240015736678738089445899321583335599100053814796538
2026-04-22T03:55:04.519978+00:00,2026-04-22T04:07:17.038926+00:00,momentum,"XRP Up or Down - April 21, 11:55PM-12:00AM ET",UP,Up,2.0,0.58,,WIN,YES,1.4482758620689657,Up,0x1db85f7f64a8ccf3b8c59c58a4779ae17099015a4aeac03dca2489cc71eb5f9a,62668408574989786579798477123997223471948372425378496964313557681752566104771
2026-04-22T04:00:02.324608+00:00,2026-04-22T04:09:18.566226+00:00,momentum,"XRP Up or Down - April 22, 12:00AM-12:05AM ET",UP,Up,2.0,0.51,,WIN,YES,1.9215686274509802,Up,0xabc64eed2236a923af29f7ee89b2d5e2d35dc7e8e3982fac304b4b54403555bd,95332713647770153871425582064743255952002617645161774720178695528407295133859
2026-04-22T04:00:05.409212+00:00,2026-04-22T04:09:18.886225+00:00,momentum,"Ethereum Up or Down - April 22, 12:00AM-12:05AM ET",UP,Up,4.0,0.57,,WIN,YES,3.0175438596491233,Up,0xcb62bffa62841a5274d2bb9415b441c1bcda9339b25d74807a1f62ac8bbba2e8,103071454093808447185861352036035731367795128839358712605541654617688170276363
2026-04-22T04:00:02.312584+00:00,2026-04-22T04:10:18.894367+00:00,momentum,"Bitcoin Up or Down - April 22, 12:00AM-12:05AM ET",DOWN,Down,2.0,0.51,,LOSS,NO,-2.0,Up,0x4e4db8afd97b5c0a07827f4e47923c2ecea5f97fda4f7649e698802841c0b25c,62548628804744762746629237099034171660831863321383453142145506804868497939436
2026-04-22T04:00:02.333727+00:00,2026-04-22T04:12:19.760986+00:00,momentum,"Solana Up or Down - April 22, 12:00AM-12:05AM ET",UP,Up,2.0,0.56,,WIN,YES,1.5714285714285712,Up,0x72f3609e26e1ad4506588327cb7d1274d77bb864710cfa24b9a340ead1f8dcd5,95026884888916351699334044770691157690686991032309495685752430660662446527538
2026-04-22T04:05:01.147075+00:00,2026-04-22T04:15:21.505927+00:00,momentum,"Bitcoin Up or Down - April 22, 12:05AM-12:10AM ET",DOWN,Down,4.0,0.59,,WIN,YES,2.779661016949153,Down,0x4ec46d70c5353a29ddcbd84499c03fb1e321748d2e61814e883c97a5cabab4a0,77694706780951097220351685385178725784708341394427097737928407493856632817030
2026-04-22T04:05:01.156595+00:00,2026-04-22T04:15:21.555678+00:00,momentum,"XRP Up or Down - April 22, 12:05AM-12:10AM ET",DOWN,Down,2.0,0.51,,LOSS,NO,-2.0,Up,0x989122ff16d13ac2b2f16756e94a6ea0fb196625484e4e63c5bb90d30afebdb4,72214807740757160006059688923785966786228702301599983370458017718643921876133
2026-04-22T04:05:04.355623+00:00,2026-04-22T04:15:21.720155+00:00,momentum,"Solana Up or Down - April 22, 12:05AM-12:10AM ET",DOWN,Down,2.0,0.59,,WIN,YES,1.3898305084745766,Down,0x955bdcbadd5fa358d9c7ee81b4853dadec6a5db5198bea5f581ef5b0a498aba1,111979449654963793985031575606036037278643218191431507906052199345733530602489
2026-04-22T04:05:01.136586+00:00,2026-04-22T04:16:21.720197+00:00,momentum,"Ethereum Up or Down - April 22, 12:05AM-12:10AM ET",DOWN,Down,2.0,0.54,,LOSS,NO,-2.0,Up,0xf1d7a25691f2588e47080fcaa127b46c64577ae25c24732966210065fb80889a,82687055201126399320475584572168301635700170322318920202411139763228025358509
2026-04-22T04:10:00.376552+00:00,2026-04-22T04:21:24.239763+00:00,momentum,"Bitcoin Up or Down - April 22, 12:10AM-12:15AM ET",DOWN,Down,2.0,0.51,,WIN,YES,1.9215686274509802,Down,0x83b9a5c56f76f32fb8e2805d95dc9d3a42db2b8cb849a478cc95858f4690021f,29872896819495093825654639312320028298210023369338376257178889540966551227054
2026-04-22T04:10:03.457087+00:00,2026-04-22T04:21:24.433311+00:00,momentum,"Ethereum Up or Down - April 22, 12:10AM-12:15AM ET",UP,Up,4.0,0.51,,LOSS,NO,-4.0,Down,0xfad99adeef235bac009bc91a513493b233ec35d6e35d84f393d4dd910ed7390b,59379228077447192236226584815419607424996304324476286514491276432435214926452
2026-04-22T04:10:03.465276+00:00,2026-04-22T04:21:24.595664+00:00,momentum,"Solana Up or Down - April 22, 12:10AM-12:15AM ET",DOWN,Down,2.0,0.52,,WIN,YES,1.8461538461538458,Down,0xb538ae1e1678854cf47527f8d8b46a8afa07e5a53df611434313aa6c91f8e18c,89507051888907221194259180197833947038994056791858743354663593087480433771324
2026-04-22T04:10:00.384815+00:00,2026-04-22T04:22:25.044638+00:00,momentum,"XRP Up or Down - April 22, 12:10AM-12:15AM ET",DOWN,Down,4.0,0.51,,WIN,YES,3.8431372549019605,Down,0xe0b0b5a1a9f12924b3ab84b6008e14c7e7b55787e13b5138ee10fec20953a62e,102218140100023664819681030601093786919494718611773966265671890132862249294592
2026-04-22T04:15:01.869064+00:00,2026-04-22T04:23:26.456969+00:00,momentum,"Ethereum Up or Down - April 22, 12:15AM-12:20AM ET",DOWN,Down,4.0,0.52,,WIN,YES,3.6923076923076916,Down,0x1f404caf6ec4e37403960a3a25f83e5a2bde59c477a42fd8ffd76b4638329ff1,86635632169941429508865563378832654398839428916479877338471538116720290371371
2026-04-22T04:15:01.859309+00:00,2026-04-22T04:24:26.430991+00:00,momentum,"Bitcoin Up or Down - April 22, 12:15AM-12:20AM ET",UP,Up,2.0,0.52,,LOSS,NO,-2.0,Down,0xbb165487748b2f3beeb8e09617054b8e55ed1e936c9634d30270436a6932874a,97603487036354471400845725345428220488387079102750038346395401812943530962319
2026-04-22T04:15:01.889863+00:00,2026-04-22T04:24:26.704263+00:00,momentum,"XRP Up or Down - April 22, 12:15AM-12:20AM ET",DOWN,Down,2.0,0.53,,WIN,YES,1.773584905660377,Down,0x48f92e850411b27177c3fdbbc3bb6dd38a2f436a8ae004f11dc2299e7fb22e94,60046004404139446674295837611292756469007295556080980028814382639346767776945
2026-04-22T04:15:01.879676+00:00,2026-04-22T04:28:27.756317+00:00,momentum,"Solana Up or Down - April 22, 12:15AM-12:20AM ET",UP,Up,2.0,0.53,,LOSS,NO,-2.0,Down,0x15780b56c44af9e990fdf0b068fc8417d363d6f3031450db9591ab3f159601db,52124597798982749393460090572735924437208473254596239331476660463475592248496
2026-04-22T04:20:00.418460+00:00,2026-04-22T04:29:28.732752+00:00,momentum,"Bitcoin Up or Down - April 22, 12:20AM-12:25AM ET",DOWN,Down,4.0,0.68,,WIN,YES,1.8823529411764701,Down,0xba94fe40a35999695b200b6e311ed09a446796b0678a20f157eada1edda583b6,109233832839366381410214463534824812515881936877733341586952748489473187916051
2026-04-22T04:20:03.552711+00:00,2026-04-22T04:30:29.242676+00:00,momentum,"XRP Up or Down - April 22, 12:20AM-12:25AM ET",DOWN,Down,2.0,0.54,,WIN,YES,1.7037037037037033,Down,0x29a64448ef4de380a89c3a353d3f17e30f9d1df5248c0ef79bc1d1b42c27eeed,34100391292435498676052080436163546303965050869913133647340549550270189544649
2026-04-22T04:20:03.560659+00:00,2026-04-22T04:30:29.495572+00:00,momentum,"Ethereum Up or Down - April 22, 12:20AM-12:25AM ET",DOWN,Down,2.0,0.52,,WIN,YES,1.8461538461538458,Down,0xd2787c4035cd74b5594f1fab6a1f17ebb83d2a289b54df13d7a12fe2cfeff875,42105450195748560033051636838793665886217582059623026428327051960757210139312
2026-04-22T04:20:06.906815+00:00,2026-04-22T04:30:29.849484+00:00,momentum,"Solana Up or Down - April 22, 12:20AM-12:25AM ET",DOWN,Down,4.0,0.56,,WIN,YES,3.1428571428571423,Down,0x725fe0e9a4d1a47ce5c5eb4d39bba721fb4bdabbfa7136779ee47c78169e4d65,18406591921469471978019048247983530379743615710234862815072538680131749707736
2026-04-22T04:25:03.601187+00:00,2026-04-22T04:35:30.830684+00:00,momentum,"Ethereum Up or Down - April 22, 12:25AM-12:30AM ET",DOWN,Down,4.0,0.59,,LOSS,NO,-4.0,Up,0x4bd8310db4fc02c10bd2897de4d06c7790da199781f17f077ae81c9bada9e0e2,80504706068917219130358737024795289682977275384269260024062367240073712060861
2026-04-22T04:25:03.609961+00:00,2026-04-22T04:35:31.007392+00:00,momentum,"XRP Up or Down - April 22, 12:25AM-12:30AM ET",UP,Up,2.0,0.51,,WIN,YES,1.9215686274509802,Up,0x421cfa2ea77a6eeedeee88fabb8ff3a761dd08125db1f21e4c69e734603cf2e9,23508937956594128969289889316042891456434857478474952465846762322382376711177
2026-04-22T04:25:00.457542+00:00,2026-04-22T04:36:31.789768+00:00,momentum,"Bitcoin Up or Down - April 22, 12:25AM-12:30AM ET",UP,Up,2.0,0.52,,WIN,YES,1.8461538461538458,Up,0xf61ecebba22b6a4c2809616f2cc74789986ed43f355a5c831d4064c88aab287a,75729628541943238743091067150772457902677192080771539511455876136082983302834
2026-04-22T04:25:03.620511+00:00,2026-04-22T04:36:31.839140+00:00,momentum,"Solana Up or Down - April 22, 12:25AM-12:30AM ET",DOWN,Down,2.0,0.52,,LOSS,NO,-2.0,Up,0x2eac9d6cde7cef6e3924694d2827d4c5e5942adb558c7a69e68535672c71f0d7,65987375547759527458272455499021037970267014757371217545918339932782039190817
2026-04-22T04:30:00.377975+00:00,2026-04-22T04:38:33.963874+00:00,momentum,"XRP Up or Down - April 22, 12:30AM-12:35AM ET",DOWN,Down,2.0,0.51,,WIN,YES,1.9215686274509802,Down,0x4f86c27ab6695df99f9c1941677198d83b6093184d4d21348dd23f21efd79709,90838680009541174983106065598362627461859945093634429759567836709429855287418
2026-04-22T04:30:02.473392+00:00,2026-04-22T04:38:34.279431+00:00,momentum,"Solana Up or Down - April 22, 12:30AM-12:35AM ET",UP,Up,2.0,0.64,,WIN,YES,1.125,Up,0x8258c56de1b376fca327e91cb93e4be24280a19fdc07f543a7959b27a3f6ceac,97315929928716788690115279206665856796557504490902057895797776295316757458494
2026-04-22T04:30:02.464285+00:00,2026-04-22T04:39:34.229870+00:00,momentum,"Ethereum Up or Down - April 22, 12:30AM-12:35AM ET",UP,Up,8.0,0.62,,LOSS,NO,-8.0,Down,0x2b7820324c8be62dfe1830c76ceb6297dcaf7df0ac5b55462b89a37fc062a056,14574377446619317653671550731963988010046527331326343626017039769560999641646
2026-04-22T04:30:02.483617+00:00,2026-04-22T04:39:34.278098+00:00,momentum,"Bitcoin Up or Down - April 22, 12:30AM-12:35AM ET",UP,Up,2.0,0.62,,LOSS,NO,-2.0,Down,0x287bec705943a2a849bda379d1c765fbed30cd9f04cf3289480e0d0b695fbc41,61347673933779541067468501312849044811996185038621381663376686350700542072555
2026-04-22T04:35:01.723288+00:00,2026-04-22T04:45:37.302696+00:00,momentum,"Bitcoin Up or Down - April 22, 12:35AM-12:40AM ET",UP,Up,4.0,0.51,,WIN,YES,3.8431372549019605,Up,0xa0f8309a1de518c64eb6dfa6a5427afed3e6a1d9cb3e17f4ce69624da0eeb7ee,10015252334326211190528366413134240413420518267450085949584318260578733952459
2026-04-22T04:35:01.732453+00:00,2026-04-22T04:45:37.345894+00:00,momentum,"XRP Up or Down - April 22, 12:35AM-12:40AM ET",DOWN,Down,2.0,0.52,,LOSS,NO,-2.0,Up,0x5a918b8e252066a9cf74dad4d26eaeb90c3edbe964ae67c39d5c509731c75f51,75723425895858342071142932621724953697157880278027100994974618215695389664550
2026-04-22T04:35:05.157450+00:00,2026-04-22T04:45:37.548063+00:00,momentum,"Solana Up or Down - April 22, 12:35AM-12:40AM ET",UP,Up,4.0,0.51,,WIN,YES,3.8431372549019605,Up,0x3a93d8f685d29283067d41e3554a4d205ed3c911bb00de1b95859b74a61698c5,30561469906893097318464783710571303695690640779435061910972475386414332491944
2026-04-22T04:35:08.292794+00:00,2026-04-22T04:45:37.593171+00:00,momentum,"Ethereum Up or Down - April 22, 12:35AM-12:40AM ET",DOWN,Down,8.0,0.59,,LOSS,NO,-8.0,Up,0x90f4de5d7ae76d77b24c41f1c5c09d2b2461557fc249217dbf7b6945d9c2b2b2,15427137214184719046377514080780955969853015368179026759429852932008978523931
2026-04-22T04:40:01.355268+00:00,2026-04-22T04:51:40.892404+00:00,momentum,"Bitcoin Up or Down - April 22, 12:40AM-12:45AM ET",DOWN,Down,2.0,0.51,,WIN,YES,1.9215686274509802,Down,0x4451010b15e0b65c303b31e9243be51bfca357bd24c8dbb4e71b8a569d3a426a,32486147793143653372714128766969558734575517989013265875325884208651486157812
2026-04-22T04:40:01.366598+00:00,2026-04-22T04:51:41.053893+00:00,momentum,"Ethereum Up or Down - April 22, 12:40AM-12:45AM ET",DOWN,Down,16.0,0.51,,WIN,YES,15.372549019607842,Down,0x9d78f635047c1917fc67a6cd44c7154018e62d70647929ad381992470dca962e,112672087724629802453398181458956409104053015961491590804135286107587160491925
2026-04-22T04:40:04.444524+00:00,2026-04-22T04:51:41.103391+00:00,momentum,"Solana Up or Down - April 22, 12:40AM-12:45AM ET",UP,Up,2.0,0.54,,LOSS,NO,-2.0,Down,0x5916e57e6bcb9f90499128fab145f2ae1d2228886c96684790a15c5c323d8c58,4459508809492437860814562424055597924198540097820554215423130048356051267016
2026-04-22T04:40:04.454859+00:00,2026-04-22T04:51:41.149815+00:00,momentum,"XRP Up or Down - April 22, 12:40AM-12:45AM ET",UP,Up,4.0,0.65,,LOSS,NO,-4.0,Down,0xc64b1bcf255cfc79e8ea20cf22ec9cf8f0eb4790fe335abe9d10f9409d4c6e77,904532227737985082901385770554990441592445713608163970282876476653945189882
2026-04-22T04:45:03.838271+00:00,2026-04-22T04:53:42.024794+00:00,momentum,"XRP Up or Down - April 22, 12:45AM-12:50AM ET",DOWN,Down,8.0,0.51,,WIN,YES,7.686274509803921,Down,0xd21dcc540e8ae44e1934ac9ca45ca05c679497654033b725319618b12469baea,16137910066724530821139819426706359170951572765438661325180382641047313937350
2026-04-22T04:45:03.860927+00:00,2026-04-22T04:53:42.204586+00:00,momentum,"Bitcoin Up or Down - April 22, 12:45AM-12:50AM ET",UP,Up,2.0,0.51,,LOSS,NO,-2.0,Down,0x56fe5e01260681ad1f76be1b19351b3aa0ea3d6d15c038b2ab1600be9caabf2e,100556148389191266330486862190571200601311917860481680054557255369715283268636
2026-04-22T04:45:00.752548+00:00,2026-04-22T04:54:42.292751+00:00,momentum,"Ethereum Up or Down - April 22, 12:45AM-12:50AM ET",DOWN,Down,2.0,0.51,,WIN,YES,1.9215686274509802,Down,0x2c91e88b597a07d0d3adb9b7096deed661b181d828060a4b7bc780c8d557662c,73777950382804343511724106648596417778446915343656751601251385436533264024062
2026-04-22T04:45:03.848776+00:00,2026-04-22T04:54:42.486141+00:00,momentum,"Solana Up or Down - April 22, 12:45AM-12:50AM ET",DOWN,Down,4.0,0.51,,WIN,YES,3.8431372549019605,Down,0xaff9595ab196ee69353dedd57bd542f13dad460be8b451e3abc2d1d0c2835f09,50667835188052521030961003245705266416950329587126159812793451130122716879063
2026-04-22T04:50:01.183417+00:00,2026-04-22T05:00:44.981024+00:00,momentum,"Ethereum Up or Down - April 22, 12:50AM-12:55AM ET",UP,Up,2.0,0.51,,LOSS,NO,-2.0,Down,0xd97c1da34703b70f18e6b59efa7c8d169b478b95c73d9b61ec722cbec2b85a56,7914829598236750668075813566538353537587780791413572229538496670361105202412
2026-04-22T04:50:01.197198+00:00,2026-04-22T05:00:45.146483+00:00,momentum,"Solana Up or Down - April 22, 12:50AM-12:55AM ET",DOWN,Down,2.0,0.51,,WIN,YES,1.9215686274509802,Down,0xd350d05898a0dff5822671f627c31e093645db53c87bada3e71cb77824eee546,110142318043427386021061174808579704755854621161799300902386332141288107966383
2026-04-22T04:50:04.320791+00:00,2026-04-22T05:00:45.318010+00:00,momentum,"Bitcoin Up or Down - April 22, 12:50AM-12:55AM ET",DOWN,Down,4.0,0.51,,WIN,YES,3.8431372549019605,Down,0x6d3c84b15471335baba35dcc86aee2aa42ef474921a093d62a0e348663562596,80685423323290988398123400232542638574103980302724233946089839564819797181677
2026-04-22T04:50:04.334145+00:00,2026-04-22T05:00:45.365088+00:00,momentum,"XRP Up or Down - April 22, 12:50AM-12:55AM ET",DOWN,Down,2.0,0.54,,LOSS,NO,-2.0,Up,0x7844e92fd3e7b9ca2dfd67ef2eaaa5a20b409facb5839d6be911b989937d2432,3344950016071809778704642429518799038778574154516510465486541811119277250508
2026-04-22T04:55:00.327884+00:00,2026-04-22T05:05:48.074149+00:00,momentum,"Bitcoin Up or Down - April 22, 12:55AM-1:00AM ET",UP,Up,2.0,0.52,,WIN,YES,1.8461538461538458,Up,0xf7fcddf131870d8f1b7c5b635b6448f020eb51688d74c50c91dad1982c06b11a,50048886259860690602203065922499763810244999532578186863394704442442625094392
2026-04-22T04:55:03.457466+00:00,2026-04-22T05:05:48.125545+00:00,momentum,"XRP Up or Down - April 22, 12:55AM-1:00AM ET",DOWN,Down,4.0,0.58,,LOSS,NO,-4.0,Up,0xcc23473d6a68cf7b9490119e23f145bbcddf6c33dc8b9da9d954019dd6db3993,45201293385770288094020294151017948230779350252107213046009192880677540598526
2026-04-22T04:55:03.470136+00:00,2026-04-22T05:05:48.182210+00:00,momentum,"Ethereum Up or Down - April 22, 12:55AM-1:00AM ET",DOWN,Down,4.0,0.51,,LOSS,NO,-4.0,Up,0xa0e23216e50787a090e5a4373a25996ba25c9525942ad4cdc8dca4c2de991b7a,82616345012692250645348595330594671181146960557474672126212591006809996033882
2026-04-22T04:55:06.601445+00:00,2026-04-22T05:06:48.635623+00:00,momentum,"Solana Up or Down - April 22, 12:55AM-1:00AM ET",UP,Up,2.0,0.54,,WIN,YES,1.7037037037037033,Up,0x5acdeaf7a86bf15760717ea9b1ca799d0fe6cc86d6a2fa028d3790d95744af4a,111268621883908861144766844681029263923228273780308043136435336496649872251586
2026-04-22T05:00:01.960282+00:00,2026-04-22T05:08:49.072215+00:00,momentum,"Ethereum Up or Down - April 22, 1:00AM-1:05AM ET",UP,Up,8.0,0.57,,WIN,YES,6.035087719298247,Up,0xa395163d35016a2e4c4abc442876e2559de00537b4745594656c7ec593f7913a,103699917544892944479726666241978498398000467475739523946819433283389149740400
2026-04-22T05:00:01.976173+00:00,2026-04-22T05:08:49.258002+00:00,momentum,"XRP Up or Down - April 22, 1:00AM-1:05AM ET",UP,Up,2.0,0.56,,WIN,YES,1.5714285714285712,Up,0x8f1f1bac48671a7e0db9f895403e9417a31703e7c17d6268b68bf727901ea786,56395109432867238003568311541846000404487812167832119380675542301300100104410
2026-04-22T05:00:05.102236+00:00,2026-04-22T05:08:49.304526+00:00,momentum,"Solana Up or Down - April 22, 1:00AM-1:05AM ET",UP,Up,2.0,0.55,,LOSS,NO,-2.0,Down,0xdd3c6b97d6698cec90fd03c0d844183325c7fd970dad288121753d34fc61404d,2993829972791149589702056956120969664275883692358570912860631695711305162373
2026-04-22T05:00:01.946508+00:00,2026-04-22T05:09:48.951681+00:00,momentum,"Bitcoin Up or Down - April 22, 1:00AM-1:05AM ET",UP,Up,4.0,0.59,,LOSS,NO,-4.0,Down,0xdc01c68033366dcad5c4c6a2c7855238407c2cf7482bf34609106077bc44d5c2,65049040211505620139254822985266329370099614866897780426930348013352670676901
2026-04-22T05:05:00.467364+00:00,2026-04-22T05:14:51.894371+00:00,momentum,"Ethereum Up or Down - April 22, 1:05AM-1:10AM ET",UP,Up,2.0,0.525,,WIN,YES,1.8095238095238093,Up,0x16903cf2b1415ca3de7bf671baa24be829661896b548647d80401f5a33b2f83f,97372412341666696146813729399689904500029945820269910625371655523301449204572
2026-04-22T05:05:05.905931+00:00,2026-04-22T05:14:52.312139+00:00,momentum,"XRP Up or Down - April 22, 1:05AM-1:10AM ET",UP,Up,4.0,0.56,,WIN,YES,3.1428571428571423,Up,0x4d80ddd2718295bafb2d5eeb1aa1c45a10dba0acb2d1fb5602613fd96060998e,53114174470403283300771883704089359874207264419249693262292630479825566736184
2026-04-22T05:05:05.879086+00:00,2026-04-22T05:15:52.704879+00:00,momentum,"Bitcoin Up or Down - April 22, 1:05AM-1:10AM ET",UP,Up,8.0,0.54,,WIN,YES,6.814814814814813,Up,0x0f73deeb0f46c29331e59dfc4d1e749a519269d470991785b43c1eb909eeb19d,78707678987462410730106943742869862306460266893163057656433465582315352979646
2026-04-22T05:05:05.892770+00:00,2026-04-22T05:15:52.874391+00:00,momentum,"Solana Up or Down - April 22, 1:05AM-1:10AM ET",UP,Up,2.0,0.58,,WIN,YES,1.4482758620689657,Up,0x86adcff6e90a10767ae6de80b9f9cc11a68ce780a4bd72401ad8a287872aca1f,110814040276461393782310179350370726534653743310274198409788262681579811515282
2026-04-22T05:10:02.657317+00:00,2026-04-22T05:20:55.806973+00:00,momentum,"Solana Up or Down - April 22, 1:10AM-1:15AM ET",DOWN,Down,2.0,0.54,,LOSS,NO,-2.0,Up,0x5a14ff2b97188132b3e54b1b5a35e83b96b1ce5b2b0b3ffa66a7c69c479b8b0b,72355708368992875961525015762028077768595483688212008770025675622684582354630
2026-04-22T05:10:02.672454+00:00,2026-04-22T05:20:55.848125+00:00,momentum,"Ethereum Up or Down - April 22, 1:10AM-1:15AM ET",UP,Up,2.0,0.53,,LOSS,NO,-2.0,Down,0xb2c1728da55bc382554e076d06b78b7ecba8522647a32b105fe8079a692058e4,57124679260008688933336448391296407176121583609187993058703328531662348256838
2026-04-22T05:10:02.690317+00:00,2026-04-22T05:20:56.026038+00:00,momentum,"XRP Up or Down - April 22, 1:10AM-1:15AM ET",DOWN,Down,2.0,0.52,,WIN,YES,1.8461538461538458,Down,0x54e5b7de2526537593a2f950ab6436165f0df98276b48d4f91dac9cbc177a4c4,39073690826544775737303476557586762022124887685637052476116724952697506122341
2026-04-22T05:10:09.046870+00:00,2026-04-22T05:20:56.231737+00:00,momentum,"Bitcoin Up or Down - April 22, 1:10AM-1:15AM ET",DOWN,Down,2.0,0.53,,WIN,YES,1.773584905660377,Down,0x5031001a386e7c56388aa2b5eb5b26d8d4f9cbd9456b9d34334aa9f16d98efb9,67685971427127081578798232534498720628770800286040622277211073394193936382717
2026-04-22T05:15:00.469580+00:00,2026-04-22T05:23:56.668112+00:00,momentum,"Bitcoin Up or Down - April 22, 1:15AM-1:20AM ET",DOWN,Down,2.0,0.53,,LOSS,NO,-2.0,Up,0x4b3b8aec5d51e41496d4f9642ea0ef8a6cd789ade63ab0080c5daf4b859ba402,3945735730796220504834096129836634611686712877423357290092211098972671784432
2026-04-22T05:15:00.501018+00:00,2026-04-22T05:23:56.887665+00:00,momentum,"Ethereum Up or Down - April 22, 1:15AM-1:20AM ET",DOWN,Down,4.0,0.54,,LOSS,NO,-4.0,Up,0x4f0abcdb80bacd94a9a862ac969417473f529b4f0530172afe29d9a76a5baaec,107873448987289960790590847450107057180800927238691682813908998315855197117923
2026-04-22T05:15:00.515197+00:00,2026-04-22T05:23:57.063396+00:00,momentum,"Solana Up or Down - April 22, 1:15AM-1:20AM ET",UP,Up,4.0,0.51,,WIN,YES,3.8431372549019605,Up,0x00eccc191311e244ce8d8030115e67dcc41f58a390999d912b4e09dd3f79c85c,60727782715023660276333690933606407415790066042546626867354033510960648867013
2026-04-22T05:15:00.485779+00:00,2026-04-22T05:24:57.406084+00:00,momentum,"XRP Up or Down - April 22, 1:15AM-1:20AM ET",UP,Up,4.0,0.99,,WIN,YES,0.040404040404040664,Up,0x001e44dc26a390888abe316dab94c62059f4024e344a56b151bf38b32ce5856c,30537086424361496337441578251052513818889801901168316656112333761105173649361
2026-04-22T05:20:03.093459+00:00,2026-04-22T05:29:59.668574+00:00,momentum,"Solana Up or Down - April 22, 1:20AM-1:25AM ET",DOWN,Down,2.0,0.51,,LOSS,NO,-2.0,Up,0x8a888ac19f8b7fb099cefa70cf12ce0dc330cbfdc8aa03aecb4227f2a8fbc280,104492378188805201930870942262461815458373788409594449473167788745876919498308
2026-04-22T05:20:00.962556+00:00,2026-04-22T05:31:00.283385+00:00,momentum,"XRP Up or Down - April 22, 1:20AM-1:25AM ET",UP,Up,2.0,0.51,,WIN,YES,1.9215686274509802,Up,0xd8f82ec3a98165e599ba65456f136ec0fedacd766ba4156fa3438323edef67ea,78099060880054372777996252226779314088359709368128783323811597234958088460378
2026-04-22T05:20:00.974268+00:00,2026-04-22T05:31:00.476215+00:00,momentum,"Ethereum Up or Down - April 22, 1:20AM-1:25AM ET",DOWN,Down,8.0,0.535,,WIN,YES,6.953271028037383,Down,0x89905c003201a738e705e97a26ba052d0a6e7573fabb3baea06bc7338ceab61b,73049129068769970484583923863238524357784926928620950674492759588459240494547
2026-04-22T05:20:12.426751+00:00,2026-04-22T05:31:00.524563+00:00,momentum,"Bitcoin Up or Down - April 22, 1:20AM-1:25AM ET",DOWN,Down,4.0,0.54,,LOSS,NO,-4.0,Up,0x43de574499b356d10b1337480a96a4e0828a56ebdb0ffa399788722c4d24cdd8,104242756061178112331263030427014558762827488158357764564364081297768142430873
2026-04-22T05:25:00.229842+00:00,2026-04-22T05:36:02.715431+00:00,momentum,"XRP Up or Down - April 22, 1:25AM-1:30AM ET",DOWN,Down,2.0,0.51,,LOSS,NO,-2.0,Up,0xb73e69cce1ffd1d2d9ed2decc2100e91a3523a7af2e2b5d1a6ce922e326ae831,11990253477929104235764899604614384875050669584521241672882944480828016489801
2026-04-22T05:25:00.260732+00:00,2026-04-22T05:36:02.986689+00:00,momentum,"Solana Up or Down - April 22, 1:25AM-1:30AM ET",DOWN,Down,4.0,0.52,,LOSS,NO,-4.0,Up,0x56d305bca9398b05b77934f2f23ee1cac789ffadabc6823a81e92d81158d01d9,58856053170583686923685824121326014827098238799737107105344922664652472558707
2026-04-22T05:25:00.215178+00:00,2026-04-22T05:37:02.427886+00:00,momentum,"Bitcoin Up or Down - April 22, 1:25AM-1:30AM ET",DOWN,Down,8.0,0.6,,LOSS,NO,-8.0,Up,0x2ce3821b1c2176d8caf62f1dfc8dc2e98839484e3f5180fb3134ed71dbc4abea,101476207595725555627048430061195329808578998238849089249080120153495737875162
2026-04-22T05:25:00.248155+00:00,2026-04-22T05:37:02.608785+00:00,momentum,"Ethereum Up or Down - April 22, 1:25AM-1:30AM ET",DOWN,Down,2.0,0.53,,WIN,YES,1.773584905660377,Down,0x09e23d30b4c2d5447fd7199bd322bdb2cde636ffa2769e992d3f01c23c827530,75780060396229221272653868958357871317772741474138641392581115758381180562081
2026-04-22T05:30:01.553953+00:00,2026-04-22T05:39:04.719706+00:00,momentum,"Bitcoin Up or Down - April 22, 1:30AM-1:35AM ET",DOWN,Down,16.0,0.55,,WIN,YES,13.09090909090909,Down,0xe399b9d63e7ac825b51a021de29e4cb8acf212d9211ed3e21634e852e9cd5b54,35571707128651006121261031379025210706924063267934693676327309353572494168302
2026-04-22T05:30:01.590474+00:00,2026-04-22T05:39:05.022131+00:00,momentum,"Solana Up or Down - April 22, 1:30AM-1:35AM ET",DOWN,Down,8.0,0.52,,LOSS,NO,-8.0,Up,0x3f77cda86d30220705a381a12aa2c6c4ca91d824788aa18c2ee6a625f2b42a6b,109372479668633153020263342159203480288132491223831244230856663017302124298850
2026-04-22T05:30:01.565048+00:00,2026-04-22T05:40:05.535611+00:00,momentum,"XRP Up or Down - April 22, 1:30AM-1:35AM ET",DOWN,Down,4.0,0.51,,LOSS,NO,-4.0,Up,0xa94d7fbe27f1ffaa43cdc82e42c0c60dbdf0aee4a46080c5d3f2a7f8a2da0d67,20600406239839818361539416230108632571892952828775092255484782033091666841037
2026-04-22T05:30:01.578573+00:00,2026-04-22T05:40:05.755920+00:00,momentum,"Ethereum Up or Down - April 22, 1:30AM-1:35AM ET",UP,Up,2.0,0.54,,WIN,YES,1.7037037037037033,Up,0x3a88ac18b6dd2b4e04b773181cee5c9578019bb6f8403af5abf69fb99250a117,90981902766828164359232742048425305303167701068557396692129710038169304079523
2026-04-22T05:35:04.789105+00:00,2026-04-22T05:45:09.216821+00:00,momentum,"Bitcoin Up or Down - April 22, 1:35AM-1:40AM ET",DOWN,Down,2.0,0.52,,WIN,YES,1.8461538461538458,Down,0x5c14c5041c3bed86df4276074e3b618737a757d77f539dc280c34e0863f0bd98,46496975608340074269484634409905493729971395863310982501785484473449446591232
2026-04-22T05:35:00.726055+00:00,2026-04-22T05:46:09.112406+00:00,momentum,"Ethereum Up or Down - April 22, 1:35AM-1:40AM ET",DOWN,Down,2.0,0.515,,WIN,YES,1.883495145631068,Down,0x2a07bd17ae1ea9503388f999c6de1ce06e4af7e94822d874e6cbac3e185f93d4,98866885953394322174065765576397544455708709369090413678178608453951538971435
2026-04-22T05:35:00.738718+00:00,2026-04-22T05:46:09.302334+00:00,momentum,"XRP Up or Down - April 22, 1:35AM-1:40AM ET",DOWN,Down,8.0,0.515,,WIN,YES,7.533980582524272,Down,0x20b342eaf43ec05859114bf1dec65f2efc9bf265593c09190740a746321df0d0,59921989409940704424078367861313844956291536585193004596246993803655601342184
2026-04-22T05:35:00.751770+00:00,2026-04-22T05:46:09.448560+00:00,momentum,"Solana Up or Down - April 22, 1:35AM-1:40AM ET",DOWN,Down,16.0,0.51,,WIN,YES,15.372549019607842,Down,0x6300aba0e56e418014d5fd842f2f570620f76280ff55366587cf95989f6933e5,73726816934287224764276949180805338087485788390801224474674901781646771865229
2026-04-22T05:40:01.350126+00:00,2026-04-22T05:50:11.409079+00:00,momentum,"Ethereum Up or Down - April 22, 1:40AM-1:45AM ET",DOWN,Down,2.0,0.54,,LOSS,NO,-2.0,Up,0xcba681dba74c1687023c4778b1dc6e20e110da1fa370158862a1393cf238be54,20779673937073689078543473450662228060086522754869244422111891556113315854121
2026-04-22T05:40:00.246335+00:00,2026-04-22T05:51:12.164362+00:00,momentum,"Bitcoin Up or Down - April 22, 1:40AM-1:45AM ET",DOWN,Down,2.0,0.515,,LOSS,NO,-2.0,Up,0x4917814025f71855fcac8321df79c4e339e7b156eaadd58e3b729b5b19219e7e,41369959538861989301299022182708504661239383374483662154200942235953884364281
2026-04-22T05:40:00.260038+00:00,2026-04-22T05:51:12.208798+00:00,momentum,"XRP Up or Down - April 22, 1:40AM-1:45AM ET",DOWN,Down,2.0,0.515,,LOSS,NO,-2.0,Up,0xb88fa2b7a0bbcaf183e2dcc4071ab34dfc3d6a80808579ddbf828d23074e4ad3,16925812598520067960038424821371149113479011308210578248459139103072230391655
2026-04-22T05:40:00.273958+00:00,2026-04-22T05:52:12.481204+00:00,momentum,"Solana Up or Down - April 22, 1:40AM-1:45AM ET",DOWN,Down,2.0,0.515,,LOSS,NO,-2.0,Up,0xe5fd077ae92a7b904db32cc5f52273636c25d3d82569748d824916af22d28c7e,19331936933301722466186537425846118818113968153427771515604005850856546722145
2026-04-22T05:45:00.987694+00:00,2026-04-22T05:56:15.025712+00:00,momentum,"Bitcoin Up or Down - April 22, 1:45AM-1:50AM ET",DOWN,Down,4.0,0.53,,WIN,YES,3.547169811320754,Down,0x97b5d9d660e4d7b0ae3dfcae53575d539838aaa4e80c00925c4a7d9ccc4c4633,67220012962159014952744232719774236712153379881562898255459237322354921609053
2026-04-22T05:45:00.959448+00:00,2026-04-22T05:57:15.626594+00:00,momentum,"Ethereum Up or Down - April 22, 1:45AM-1:50AM ET",DOWN,Down,4.0,0.53,,LOSS,NO,-4.0,Up,0xdff500a5a19149f61f198c98c79519462a0554a79a3aa8d124e382713d966d11,7071586102747826028359850895928678583625109972298800985184391008284508861551
2026-04-22T05:45:00.974608+00:00,2026-04-22T05:57:15.673093+00:00,momentum,"Solana Up or Down - April 22, 1:45AM-1:50AM ET",DOWN,Down,4.0,0.52,,LOSS,NO,-4.0,Up,0x5a9f986596c40cb954b7dc4b043f55c6c10e1a0b6d4416dc5472081a5e550211,83717654402688333869919386849459734571206534463949513185792129450598059085397
2026-04-22T05:45:01.001966+00:00,2026-04-22T05:57:15.715286+00:00,momentum,"XRP Up or Down - April 22, 1:45AM-1:50AM ET",DOWN,Down,4.0,0.51,,LOSS,NO,-4.0,Up,0xfc323b3c56e4777db1eff40077d80dee446876c62dcf7fb467f2ef5ce6c7b257,46602658000299311187274509686265932539206066431804068653336445324833907357548
2026-04-22T05:50:05.757217+00:00,2026-04-22T05:59:17.638432+00:00,momentum,"Bitcoin Up or Down - April 22, 1:50AM-1:55AM ET",DOWN,Down,2.0,0.52,,WIN,YES,1.8461538461538458,Down,0xcd518ba5a058d2ad0ea6dd1cfc1098da25eeef23fbd0aa5e6d0cf5404fea0dad,108538036342536227592712643713562139829262489814897497879142884408004081281573
2026-04-22T05:50:02.591002+00:00,2026-04-22T06:00:18.765506+00:00,momentum,"XRP Up or Down - April 22, 1:50AM-1:55AM ET",DOWN,Down,8.0,0.55,,WIN,YES,6.545454545454545,Down,0xd3ceb0aa1cc7622f5fcffbd2150924ba009ca0fe7d1ef7709aafff621e316822,86044931946320854786455380137032041609353429944567289252209134684020141519846
2026-04-22T05:50:00.400282+00:00,2026-04-22T06:01:19.034531+00:00,momentum,"Solana Up or Down - April 22, 1:50AM-1:55AM ET",DOWN,Down,4.0,0.515,,WIN,YES,3.766990291262136,Down,0x7ee2e64846e2e3c555fee8da3fcf3dd297f4ec239ab58d75742dde2973c429ba,78406998780574322369552136485768434170740323195880369250351285555475738258121
2026-04-22T05:50:00.411731+00:00,2026-04-22T06:01:19.197346+00:00,momentum,"Ethereum Up or Down - April 22, 1:50AM-1:55AM ET",DOWN,Down,4.0,0.515,,WIN,YES,3.766990291262136,Down,0x4522693dc176f64aac124ca7874b61e249832e8572f053d85421d1a25403af87,27081648213406808881920679787037644795468766902027238157646330575261897602405
2026-04-22T05:55:01.144492+00:00,2026-04-22T06:05:20.789202+00:00,momentum,"Ethereum Up or Down - April 22, 1:55AM-2:00AM ET",DOWN,Down,2.0,0.515,,WIN,YES,1.883495145631068,Down,0x995e382e377f115138dbf9eec1ee2da689f3b1c94572d3447843ab9008d17219,52945843026759769903765266472852604004077641695972382643268880957264748895528
2026-04-22T05:55:02.252708+00:00,2026-04-22T06:06:21.903603+00:00,momentum,"Solana Up or Down - April 22, 1:55AM-2:00AM ET",UP,Up,2.0,0.55,,LOSS,NO,-2.0,Down,0x503ee8bdf6afcb4f015c02efb57658181ce430b37061a81a0750857513695d85,29903576880131931442480106023137717488049477529387471557771761545633112820720
2026-04-22T05:55:02.270887+00:00,2026-04-22T06:06:22.054635+00:00,momentum,"XRP Up or Down - April 22, 1:55AM-2:00AM ET",DOWN,Down,2.0,0.51,,WIN,YES,1.9215686274509802,Down,0x9d6b2dfc08fa59b7cd0f3008a72791040b13db84960aca1cd548cde675553ab4,15744234481043737829117019172827521631125872085925591715279333151957796814357
2026-04-22T05:55:01.157291+00:00,2026-04-22T06:07:21.908084+00:00,momentum,"Bitcoin Up or Down - April 22, 1:55AM-2:00AM ET",DOWN,Down,2.0,0.515,,WIN,YES,1.883495145631068,Down,0xac2288af5a98452829d3093de7cd14b7b9040a073a0dde9f4832e6aaf3046ac4,110839076307038037228284238257827956589343366751042260797572024967658149971812
2026-04-22T06:00:03.298194+00:00,2026-04-22T06:08:22.176775+00:00,momentum,"Bitcoin Up or Down - April 22, 2:00AM-2:05AM ET",DOWN,Down,2.0,0.51,,WIN,YES,1.9215686274509802,Down,0xa05d01ee99536d6e36eecd0cf71457d4c507fd198ab1cd263e8a9a760726a875,113940624993156696326673919139815935986556888309607654230756732455942202775111
2026-04-22T06:00:01.218778+00:00,2026-04-22T06:09:23.254089+00:00,momentum,"Ethereum Up or Down - April 22, 2:00AM-2:05AM ET",DOWN,Down,2.0,0.515,,WIN,YES,1.883495145631068,Down,0x5d0fef8d20bf3c2fa26b39a773428adab6e70e63fd035549173bba65b2895e11,23116030587252246794950287865836179879663438983948046811316637829027437515354
2026-04-22T06:00:03.310144+00:00,2026-04-22T06:09:23.310970+00:00,momentum,"Solana Up or Down - April 22, 2:00AM-2:05AM ET",DOWN,Down,4.0,0.53,,LOSS,NO,-4.0,Up,0x54de391e85c39d97f5b18f08a313beae6d806d1475e80836b029ad055478a29a,99094537398505735087649902032644771592954548181326165937371098719521236566249
2026-04-22T06:00:06.390686+00:00,2026-04-22T06:09:23.381291+00:00,momentum,"XRP Up or Down - April 22, 2:00AM-2:05AM ET",DOWN,Down,2.0,0.57,,LOSS,NO,-2.0,Up,0x4c3713d5d4edbf0c88ec7027b7d1806a3c1f196b6a31ea82dfbcb872a1e5fbed,108764397511181612011655126486758894119005568883332211099226823465051782555432
2026-04-22T06:05:01.817533+00:00,2026-04-22T06:14:26.114829+00:00,momentum,"Bitcoin Up or Down - April 22, 2:05AM-2:10AM ET",UP,Up,2.0,0.52,,LOSS,NO,-2.0,Down,0x5f3812ef1fbc30354961367195ebb97af9c5b2dae2f9a77bb340e3b05075f8c3,20277896890657350932981397093090932834235715566898413462721940983803211775344
2026-04-22T06:05:04.906265+00:00,2026-04-22T06:14:26.426375+00:00,momentum,"XRP Up or Down - April 22, 2:05AM-2:10AM ET",DOWN,Down,2.0,0.56,,WIN,YES,1.5714285714285712,Down,0x8f7593acac362176ee59fa71473a89cb71b1db6917e1ff684984d559c85eb593,115804875100050810523695693874163503957475741120830828163960069402901374097
2026-04-22T06:05:00.737295+00:00,2026-04-22T06:15:26.698440+00:00,momentum,"Ethereum Up or Down - April 22, 2:05AM-2:10AM ET",DOWN,Down,2.0,0.515,,WIN,YES,1.883495145631068,Down,0xaf0c797f232003d489192e50acf541bb4accd561431c137c878fef072848049f,35975219885105469671412230412077326425274812065339743455899289980276032251253
2026-04-22T06:05:04.891593+00:00,2026-04-22T06:16:27.614785+00:00,momentum,"Solana Up or Down - April 22, 2:05AM-2:10AM ET",DOWN,Down,2.0,0.51,,WIN,YES,1.9215686274509802,Down,0xfae8effd62292566b8b662d258ecf850a4f3b63964ed01b1c90ba6a4d1434e57,95240704919907649345219194730378304129079047543537677449626773944558647778887
2026-04-22T06:10:03.257275+00:00,2026-04-22T06:20:30.265759+00:00,momentum,"XRP Up or Down - April 22, 2:10AM-2:15AM ET",DOWN,Down,2.0,0.58,,LOSS,NO,-2.0,Up,0xaefa5e6c57e19a1774bb674701a445227282092d6c4373680f5c610d77eae380,18260549309457705648321652432407819844575793316711430435356739201308482207350
2026-04-22T06:10:00.169161+00:00,2026-04-22T06:21:30.525217+00:00,momentum,"Bitcoin Up or Down - April 22, 2:10AM-2:15AM ET",UP,Up,4.0,0.52,,WIN,YES,3.6923076923076916,Up,0x9bd9936b71cef986bbbb0deeec27ef2f46076e97effd29f0ff00f898d88cd8b4,168346947842194764048300315124820527219574554856392355470131112955033970948
2026-04-22T06:10:03.245301+00:00,2026-04-22T06:21:30.573471+00:00,momentum,"Ethereum Up or Down - April 22, 2:10AM-2:15AM ET",DOWN,Down,2.0,0.51,,LOSS,NO,-2.0,Up,0x0b34f9088611bf733ebd271361408ed2262417f12615ef96b77852351273c8a6,93952097525596948135338272156951425851561341988425094903186033437213317038946
2026-04-22T06:10:03.272176+00:00,2026-04-22T06:22:30.741879+00:00,momentum,"Solana Up or Down - April 22, 2:10AM-2:15AM ET",DOWN,Down,2.0,0.54,,WIN,YES,1.7037037037037033,Down,0x0e30fbde7217e9ea01e99dcec52a16e089d18d30b9f3fac0101f9d22fd7c1de8,95109708242386033806861906206181045392428623218674579414233995057989430546006
2026-04-22T06:15:01.841500+00:00,2026-04-22T06:23:31.033268+00:00,momentum,"Solana Up or Down - April 22, 2:15AM-2:20AM ET",UP,Up,4.0,0.99,,LOSS,NO,-4.0,Down,0x86f816ecd6d02bec748890b0aa2fd7a2f2684d309388c1895455f619f6ca9991,67353693107394166382165967122166149058192939075973203046485417803020878531579
2026-04-22T06:15:00.815007+00:00,2026-04-22T06:24:31.356257+00:00,momentum,"XRP Up or Down - April 22, 2:15AM-2:20AM ET",UP,Up,4.0,0.51,,LOSS,NO,-4.0,Down,0xdab492840815f852700a7b9ed7c805a8e428dfb9251bda343ccee9e2aa53283e,41821183203927354018092040911352747342967053949347942361912452916775968656496
2026-04-22T06:15:01.858135+00:00,2026-04-22T06:24:31.552789+00:00,momentum,"Ethereum Up or Down - April 22, 2:15AM-2:20AM ET",UP,Up,4.0,0.99,,WIN,YES,0.040404040404040664,Up,0x625f91c4c745fa91451f2567dfa1b24112c4279a3f517fcb948f6e7f9652a245,106954438088743897204968882275092565546862770662653097457705193430293848775073
2026-04-22T06:15:01.877491+00:00,2026-04-22T06:24:31.739563+00:00,momentum,"Bitcoin Up or Down - April 22, 2:15AM-2:20AM ET",UP,Up,2.0,0.99,,WIN,YES,0.020202020202020332,Up,0x3a5c10bebc92d5bf39ccda7f827b148348d9478f7ff8f4a74f438821acd639d9,76059439922800540200323025291335036221311262634623840528263730541103015267680
2026-04-22T06:20:03.635726+00:00,2026-04-22T06:29:35.630513+00:00,momentum,"Solana Up or Down - April 22, 2:20AM-2:25AM ET",DOWN,Down,2.0,0.52,,LOSS,NO,-2.0,Up,0x2f0b208323ea911d82967d3d3f6807bfc76d6b88bf558a0b1a3e276a2bfa894c,54433542851224185861057055170527827169884588224810496235885171203460888828952
2026-04-22T06:20:25.560979+00:00,2026-04-22T06:29:35.979888+00:00,momentum,"XRP Up or Down - April 22, 2:20AM-2:25AM ET",UP,Up,8.0,0.51,,LOSS,NO,-8.0,Down,0x59afa4ad65c94212333ce2b60fb0a4391331df9a50069b9d72d62c14fc113c04,87392183988975973497678029819892591736982135231372812146912737490055594164689
2026-04-22T06:20:00.502025+00:00,2026-04-22T06:30:36.030099+00:00,momentum,"Bitcoin Up or Down - April 22, 2:20AM-2:25AM ET",UP,Up,2.0,0.65,,LOSS,NO,-2.0,Down,0x2aa42c690136c607f8c1ad101c5364c3e02d2a504c54aede43fe180c34e07268,29081818411757136867563058297087074968627524275081985287281322751892200634061
2026-04-22T06:20:06.775157+00:00,2026-04-22T06:30:36.127133+00:00,momentum,"Ethereum Up or Down - April 22, 2:20AM-2:25AM ET",UP,Up,2.0,0.54,,LOSS,NO,-2.0,Down,0xe8711ae10e75ff64d14328102c8e732458e510d224ee39371e7d1975a490ae4d,35624456261452565787833939260711455265631211742413730622470890061545029717926
2026-04-22T06:25:02.752612+00:00,2026-04-22T06:35:39.235119+00:00,momentum,"Bitcoin Up or Down - April 22, 2:25AM-2:30AM ET",UP,Up,4.0,0.63,,WIN,YES,2.349206349206349,Up,0xcaa90ff14f81a86e4317c0577be76f1e13e82d10832b4fee1fe6be49866b995b,78075364844804346298309166580645614567576834604157241126100035651221652278738
2026-04-22T06:25:12.011721+00:00,2026-04-22T06:35:39.399945+00:00,momentum,"Solana Up or Down - April 22, 2:25AM-2:30AM ET",UP,Up,2.0,0.53,,WIN,YES,1.773584905660377,Up,0x82293ea6ebed0963aa1162ede5b7cf2436743668f84295b8e9f96d33eefd94be,63559903175067359304763185225709760027846854123239074009903550278340272017047
2026-04-22T06:25:00.515782+00:00,2026-04-22T06:36:39.158837+00:00,momentum,"Ethereum Up or Down - April 22, 2:25AM-2:30AM ET",UP,Up,4.0,0.515,,WIN,YES,3.766990291262136,Up,0x76ed53492f04680460be571533ac1a8b2df0d9433fc586944785811e87922cda,90700572480545955834472203113313880699872786061830250522521749025420709313023
2026-04-22T06:25:00.529065+00:00,2026-04-22T06:36:39.324749+00:00,momentum,"XRP Up or Down - April 22, 2:25AM-2:30AM ET",UP,Up,16.0,0.51,,WIN,YES,15.372549019607842,Up,0x15e0712f511e42339af0ee6a84829e06f5104036740f68868143a1dda75387b5,39148355398117668553266582312903352023275377851162262389515097494722209328683
2026-04-22T06:30:02.667694+00:00,2026-04-22T06:38:40.068159+00:00,momentum,"Ethereum Up or Down - April 22, 2:30AM-2:35AM ET",UP,Up,2.0,0.6,,LOSS,NO,-2.0,Down,0x1416e2f706b8637838b50bd66e8fe8a2651f8817ee0098e93a78d9ac86b43746,97823250260692406958154254750679178557642774129223482625287261039294810207688
2026-04-22T06:30:02.685630+00:00,2026-04-22T06:39:39.967644+00:00,momentum,"Bitcoin Up or Down - April 22, 2:30AM-2:35AM ET",UP,Up,2.0,0.68,,LOSS,NO,-2.0,Down,0xa7bae45ebd3288e94f371bad565bd3a4b2549603dd83ce78688059a241508264,22715588014987597918699375345191822189855458474966056733376869423599022257343
2026-04-22T06:30:02.701084+00:00,2026-04-22T06:39:40.014855+00:00,momentum,"XRP Up or Down - April 22, 2:30AM-2:35AM ET",UP,Up,2.0,0.57,,LOSS,NO,-2.0,Down,0x9edac78ced20fb473ec860769fd7e855c69d7b2baec8c68e7c77873c822ca6e4,66301901570835325821082569108659616097994267877309219422107150156379992144778
2026-04-22T06:30:00.210589+00:00,2026-04-22T06:43:41.747654+00:00,momentum,"Solana Up or Down - April 22, 2:30AM-2:35AM ET",UP,Up,2.0,0.51,,LOSS,NO,-2.0,Down,0x2c4df8c385152f43770f75b2005a14988b3b6fc84180bc5bb39d750ff4a36c1d,6011864188344456871278632221638758375208359596059996175919988892356647438370
2026-04-22T06:35:00.416078+00:00,2026-04-22T06:44:42.405666+00:00,momentum,"XRP Up or Down - April 22, 2:35AM-2:40AM ET",UP,Up,4.0,0.51,,WIN,YES,3.8431372549019605,Up,0xd8af95006a54108f49d39731c9a68a4ce2bb4676566b4a305dc0c268cbbffdbd,73016784905155249987710143118757107937706051755162668688383341493401677835613
2026-04-22T06:35:01.577699+00:00,2026-04-22T06:44:42.746456+00:00,momentum,"Solana Up or Down - April 22, 2:35AM-2:40AM ET",UP,Up,4.0,0.56,,LOSS,NO,-4.0,Down,0xbb5a9d24b5edc1f136e4f4a8b3751830ae15037d6b25fb137bdf46ae6d70266d,18088242759406220416180838503253554342187593320918666752502297635501997219916
2026-04-22T06:35:01.540024+00:00,2026-04-22T06:45:42.780659+00:00,momentum,"Ethereum Up or Down - April 22, 2:35AM-2:40AM ET",DOWN,Down,4.0,0.51,,LOSS,NO,-4.0,Up,0x27aa2df28f05df9965814b3ed83581629b8e8db39c0268f9b700996c70d322f8,73052779614932502201123052295082747719008149421663211770349810567654747393730
2026-04-22T06:35:01.558187+00:00,2026-04-22T06:45:42.841968+00:00,momentum,"Bitcoin Up or Down - April 22, 2:35AM-2:40AM ET",DOWN,Down,2.0,0.56,,LOSS,NO,-2.0,Up,0x1ffec2bccb2a756af5958bc70b3602c22cfca6c5ee7fed146e6ceb771ed522a4,16980178858129302565312759006563239458006363565197361219817122036206724271490
2026-04-22T06:40:03.602593+00:00,2026-04-22T06:50:46.826320+00:00,momentum,"XRP Up or Down - April 22, 2:40AM-2:45AM ET",UP,Up,2.0,0.52,,WIN,YES,1.8461538461538458,Up,0x9023e0db85785997e141f24649f725dc3831d1d09224d183e6b4268807e83dc6,16730563072377142916083965610628061010364517736174932152008126372115818061216
2026-04-22T06:40:00.417373+00:00,2026-04-22T06:51:47.016278+00:00,momentum,"Solana Up or Down - April 22, 2:40AM-2:45AM ET",DOWN,Down,4.0,0.52,,LOSS,NO,-4.0,Up,0x764beef8db8fcc191e2e77ddcfa0d7e503e707f64bba39a65e58ff6fe6d09ae4,94095496514391360776348285490247625807212558391702325503063124531199475602465
2026-04-22T06:40:03.573457+00:00,2026-04-22T06:51:47.209260+00:00,momentum,"Bitcoin Up or Down - April 22, 2:40AM-2:45AM ET",UP,Up,4.0,0.59,,WIN,YES,2.779661016949153,Up,0xc2ab21bcbade822361bdb9b54b49411549a3359ac5dece96b3a3dac0e7df7b88,54928687059588529186240443921240577918707038748241019862729986700578683160094
2026-04-22T06:40:03.586933+00:00,2026-04-22T06:51:47.254770+00:00,momentum,"Ethereum Up or Down - April 22, 2:40AM-2:45AM ET",UP,Up,8.0,0.66,,LOSS,NO,-8.0,Down,0x5a96279803211dc5be6c9abcfd93168fc41a8ca50115f57c0fa213fb1fd69c9d,1219351387687998377035405093083414166429016995461906742452430979218784916048
2026-04-22T06:45:02.709956+00:00,2026-04-22T06:53:47.615619+00:00,momentum,"Ethereum Up or Down - April 22, 2:45AM-2:50AM ET",DOWN,Down,16.0,0.53,,WIN,YES,14.188679245283016,Down,0xd9f5687bf42b0c2f73efc3832b88f1ca8a6f8b11627b7622bba2008dfe5a6268,46705865540674869893651437604005627166147607320903756987659576427330813068989
2026-04-22T06:45:05.789218+00:00,2026-04-22T06:53:47.660436+00:00,momentum,"XRP Up or Down - April 22, 2:45AM-2:50AM ET",DOWN,Down,2.0,0.56,,LOSS,NO,-2.0,Up,0xfc80044603ca070db4ef369933092b7babc956e478909a073de49c168c8e3ee9,83484514935696879616387216367383128413576209496937271113674140803123459405128
2026-04-22T06:45:05.804594+00:00,2026-04-22T06:54:47.992627+00:00,momentum,"Bitcoin Up or Down - April 22, 2:45AM-2:50AM ET",DOWN,Down,2.0,0.57,,WIN,YES,1.5087719298245617,Down,0x866ca3460a28bf11b591034239edfbb4944304f95039570bdbf2a9e1372e5d2c,106477401349103748261641195258206273233785796894961438723986305366372149041178
2026-04-22T06:45:11.946511+00:00,2026-04-22T06:54:48.155281+00:00,momentum,"Solana Up or Down - April 22, 2:45AM-2:50AM ET",DOWN,Down,4.0,0.61,,WIN,YES,2.557377049180328,Down,0xf22c6f3936ca7fcec60940dcadc78aa311bb0135246acd22226aeec185dedda9,65791918572365860404048677903093014250722273914402455445860276190145773133813
2026-04-22T06:50:01.293583+00:00,2026-04-22T06:59:50.665725+00:00,momentum,"XRP Up or Down - April 22, 2:50AM-2:55AM ET",DOWN,Down,4.0,0.53,,LOSS,NO,-4.0,Up,0xc67e4b36407261f0da6ac8f5d56b3176f96b3fe5f00c791360ec4e964a85ca91,68501087880074668614779637605385430435471801345252356915130364987316535359262
2026-04-22T06:50:04.454624+00:00,2026-04-22T06:59:51.130015+00:00,momentum,"Solana Up or Down - April 22, 2:50AM-2:55AM ET",UP,Up,2.0,0.68,,WIN,YES,0.9411764705882351,Up,0x55d9a9300b2c7c020076ae6df71605bd2b845b34e2bad595d78b499a332cbae7,9473077989634955267392217569002871506925541230434843842860124435808399201467
2026-04-22T06:50:04.421822+00:00,2026-04-22T07:00:51.254288+00:00,momentum,"Bitcoin Up or Down - April 22, 2:50AM-2:55AM ET",UP,Up,2.0,0.66,,WIN,YES,1.0303030303030303,Up,0x526fc308e826807e23ce31cd07778a7b8717c7e706b35c9900dc48596499fa42,37650664733244792966423739038379599087828227940236927725869921797940896732322
2026-04-22T06:50:04.437590+00:00,2026-04-22T07:00:51.483841+00:00,momentum,"Ethereum Up or Down - April 22, 2:50AM-2:55AM ET",UP,Up,2.0,0.62,,WIN,YES,1.2258064516129035,Up,0xd86827bdaec9c90d53f5d908ce126f58cadcbe8691a43daa8dbd10cfa4f45125,67454467803617485666436839914835901292809601560399765996294368505460315759234
2026-04-22T06:55:02.175809+00:00,2026-04-22T07:05:54.677664+00:00,momentum,"XRP Up or Down - April 22, 2:55AM-3:00AM ET",DOWN,Down,8.0,0.52,,LOSS,NO,-8.0,Up,0x46e46430f04411ea37badebb287a8b192b9d282025fe0db582fb4fa8c5e8dce3,14379514651094520539084263744147592688264473717330608768569393586411974387283
2026-04-22T06:55:33.045435+00:00,2026-04-22T07:05:54.724638+00:00,momentum,"Bitcoin Up or Down - April 22, 2:55AM-3:00AM ET",DOWN,Down,2.0,0.63,,LOSS,NO,-2.0,Up,0xc91d3eb94930a017911a96a4706c32aedccab7e761632ad47014bb894a4fd944,43802758756037347435365431928559053616979470897209066760366393385821723236611
2026-04-22T06:55:33.066408+00:00,2026-04-22T07:05:54.769212+00:00,momentum,"Ethereum Up or Down - April 22, 2:55AM-3:00AM ET",DOWN,Down,2.0,0.66,,LOSS,NO,-2.0,Up,0xc3058d3c77da28d5e4a4fbf4b319d45b26f13b04dd646f4a2c08962170aebfef,66522922959567128781999776308481589939928120523150837162141026804112851227425
2026-04-22T06:55:00.925395+00:00,2026-04-22T07:06:54.753382+00:00,momentum,"Solana Up or Down - April 22, 2:55AM-3:00AM ET",DOWN,Down,2.0,0.525,,LOSS,NO,-2.0,Up,0x5ffea8c2a97821f2f10afcb3b334ceff3b5505db3db14aac48dda0483430adaa,52461850418147564160734349128590166330867313461295359479769861984319980322806
2026-04-22T07:00:02.030742+00:00,2026-04-22T07:08:55.903960+00:00,momentum,"Ethereum Up or Down - April 22, 3:00AM-3:05AM ET",UP,Up,4.0,0.51,,WIN,YES,3.8431372549019605,Up,0xdb8d2645848c2d7cad2bb37cfc997a64594abb0f2ce4afed2bc1c6ef63f6e7a6,62751844756755505197676183373152469561770771929302228841257751431389025091929
2026-04-22T07:00:02.072986+00:00,2026-04-22T07:08:56.280810+00:00,momentum,"XRP Up or Down - April 22, 3:00AM-3:05AM ET",DOWN,Down,2.0,0.54,,WIN,YES,1.7037037037037033,Down,0xd80c2d8be122a9bc6adf9e3446a6fd4e6998cf7d118cff717c1fd6a4cbcb8535,87781489188689873836042814920846956397788511887256704289170637215252669209661
2026-04-22T07:00:02.051371+00:00,2026-04-22T07:09:56.028067+00:00,momentum,"Bitcoin Up or Down - April 22, 3:00AM-3:05AM ET",DOWN,Down,2.0,0.52,,WIN,YES,1.8461538461538458,Down,0x7f68bade3e06c039bcc1995c21661d59f038e21f1b2831bbbf7d9d8ee36510ee,107268009551784214421778353353722155217790470267880447631006172489928043666686
2026-04-22T07:00:02.093530+00:00,2026-04-22T07:09:56.080802+00:00,momentum,"Solana Up or Down - April 22, 3:00AM-3:05AM ET",UP,Up,4.0,0.51,,LOSS,NO,-4.0,Down,0x1d402d2f221af499cad43440ec4a1a1726361aa1488e10634655527a3d631f79,65229172901887739512677070030450482019964232465044377157160260974800742327288
2026-04-22T07:05:03.004121+00:00,2026-04-22T07:14:57.771252+00:00,momentum,"Ethereum Up or Down - April 22, 3:05AM-3:10AM ET",DOWN,Down,2.0,0.52,,LOSS,NO,-2.0,Up,0xa5f65eadfd0db21b12edcc3ddee8970cd077e7e32a5315e6e36e3710214ea180,89886020385129879641778536947118716260962769657338684658009179983199734099144
2026-04-22T07:05:06.132122+00:00,2026-04-22T07:14:58.338160+00:00,momentum,"Solana Up or Down - April 22, 3:05AM-3:10AM ET",UP,Up,8.0,0.54,,WIN,YES,6.814814814814813,Up,0xc381f527e18d9ece0ab9ef94c2b6b502773af3de7bb9e19f7453ffc000eca57f,41973862289831449830690749570624656579859926312151419182841063783717896007660
2026-04-22T07:05:06.095015+00:00,2026-04-22T07:15:58.860427+00:00,momentum,"Bitcoin Up or Down - April 22, 3:05AM-3:10AM ET",UP,Up,2.0,0.51,,WIN,YES,1.9215686274509802,Up,0x3740ff297ccccfc5b9fd37615c7d3dd987dc837d0e2802e2a143cf7a966df570,4192361664862177545306975018411943464486442324373294037121005942750603899774
2026-04-22T07:05:06.114169+00:00,2026-04-22T07:15:59.018203+00:00,momentum,"XRP Up or Down - April 22, 3:05AM-3:10AM ET",UP,Up,2.0,0.6,,WIN,YES,1.3333333333333335,Up,0x28f26845e2aaee0f83c8cd2fba617c896231bb70c9beac0ad7f5104e96154e02,92168120520226055669808362987123681159036558396607491351331242927598984958816
2026-04-22T07:10:02.797587+00:00,2026-04-22T07:21:01.494890+00:00,momentum,"Ethereum Up or Down - April 22, 3:10AM-3:15AM ET",DOWN,Down,4.0,0.52,,LOSS,NO,-4.0,Up,0x6f65c08c2a922ccbc8f178457c9799e41a293d627184ecc5aa4308e20305f44e,37631342418089517420788389374150006087724877677231647854945369973632000729893
2026-04-22T07:10:02.813687+00:00,2026-04-22T07:21:01.550744+00:00,momentum,"XRP Up or Down - April 22, 3:10AM-3:15AM ET",DOWN,Down,2.0,0.56,,LOSS,NO,-2.0,Up,0x1edf1e19dd683b91b249591416a006a8030b0ec9ec766c60b865cd44290c047e,114791701794803192123763978079866732156967032828138069424963770253259968194093
2026-04-22T07:10:12.202025+00:00,2026-04-22T07:21:01.588873+00:00,momentum,"Bitcoin Up or Down - April 22, 3:10AM-3:15AM ET",DOWN,Down,2.0,0.53,,LOSS,NO,-2.0,Up,0xa20a1e418fde0f8c4cbfd3485005351ea48f7956b3433e3afae5b35871cc881a,8479628268677874588971988735658693144703722346614461075395640816414572325429
2026-04-22T07:10:15.304355+00:00,2026-04-22T07:21:01.636566+00:00,momentum,"Solana Up or Down - April 22, 3:10AM-3:15AM ET",DOWN,Down,2.0,0.57,,LOSS,NO,-2.0,Up,0x686edae1a672241e7ec2af19d628cf5458d2172a7a5dcf7aab7e964adaad3760,108446764888694577159341172565517541162141409282340660987544236164891894526736
2026-04-22T07:15:04.365681+00:00,2026-04-22T07:24:04.359416+00:00,momentum,"Bitcoin Up or Down - April 22, 3:15AM-3:20AM ET",DOWN,Down,2.0,0.52,,WIN,YES,1.8461538461538458,Down,0x26af6d49248497a43120bf373e91059343a072ab97d5103b65cb1c126aa50a05,32025145706513234302786491726022514240113339586271836030057480797933754461372
2026-04-22T07:15:07.535955+00:00,2026-04-22T07:24:04.729990+00:00,momentum,"Solana Up or Down - April 22, 3:15AM-3:20AM ET",DOWN,Down,4.0,0.54,,WIN,YES,3.4074074074074066,Down,0xdab37b01b7eadc03c2f89ab84d93ad197515080b7db04e1a5fa8089608a83db4,112490197817317252768520128708125023159079837984432607500062379319599063733429
2026-04-22T07:15:01.231867+00:00,2026-04-22T07:25:04.817026+00:00,momentum,"Ethereum Up or Down - April 22, 3:15AM-3:20AM ET",DOWN,Down,8.0,0.54,,WIN,YES,6.814814814814813,Down,0xe8d33e35c674035c7d9aecaad1360d4ee0deed7c179c253c3acee5f8a150d346,112876242757690590330016029607195890303049058857953401302704266913698640109798
2026-04-22T07:15:04.388307+00:00,2026-04-22T07:25:05.012504+00:00,momentum,"XRP Up or Down - April 22, 3:15AM-3:20AM ET",DOWN,Down,4.0,0.57,,WIN,YES,3.0175438596491233,Down,0x40e3f6352e009cbc62876d16dfc7c66c722c9a70eb0f2034817d9046aeb11785,107234982791729901053089777840688168575643796232811535934173699996735792875325
2026-04-22T07:20:00.593971+00:00,2026-04-22T07:30:07.334167+00:00,momentum,"Bitcoin Up or Down - April 22, 3:20AM-3:25AM ET",UP,Up,2.0,0.51,,LOSS,NO,-2.0,Down,0xa06b7195e96d7619b84b4e6c51c0936e17e43a540367eddf1e18ab42773339d4,89190529502069313539885273022334530234560234004513569902773767900880387466887
2026-04-22T07:20:00.617661+00:00,2026-04-22T07:30:07.477478+00:00,momentum,"Solana Up or Down - April 22, 3:20AM-3:25AM ET",UP,Up,2.0,0.55,,LOSS,NO,-2.0,Down,0xa582f69e43ba51c417ab06ec5ec55992f9f981e8d5bddc064cd094a1590585ad,85922855843754709186432501197334178728717493987284216993274944776861984670796
2026-04-22T07:20:04.445442+00:00,2026-04-22T07:30:07.612041+00:00,momentum,"XRP Up or Down - April 22, 3:20AM-3:25AM ET",UP,Up,2.0,0.51,,LOSS,NO,-2.0,Down,0xa7fe76e656fead6f0a5ba6e039e247d4163744022d72f5c22dcf3ca219eafe51,87743695782595099092628700989218575759720315855581929387601019095594901398447
2026-04-22T07:20:07.583871+00:00,2026-04-22T07:31:07.907192+00:00,momentum,"Ethereum Up or Down - April 22, 3:20AM-3:25AM ET",DOWN,Down,2.0,0.51,,WIN,YES,1.9215686274509802,Down,0x22b999b2a8ac246b53fcc5694ceb011377bacacfb36a7d419273a0e2f0428387,54972067951942145204680665986758970685588049720152322349614308826328206129216
2026-04-22T07:25:00.220619+00:00,2026-04-22T07:36:09.459637+00:00,momentum,"Ethereum Up or Down - April 22, 3:25AM-3:30AM ET",DOWN,Down,2.0,0.515,,WIN,YES,1.883495145631068,Down,0xf3390af46a70a7022ca2f6e7ddf0a71f25942ab2f775ba3f66468890dd784eb7,114635473587008929414940365425262779816093669470971796182805940127970130692192
2026-04-22T07:25:00.243216+00:00,2026-04-22T07:36:09.619038+00:00,momentum,"XRP Up or Down - April 22, 3:25AM-3:30AM ET",DOWN,Down,4.0,0.51,,WIN,YES,3.8431372549019605,Down,0x4edd27897c653271ea76009600440f50c560b9a403c30ec12888aaf8ed8156f4,8990838039020447308781174923125380763539963278217019544303281802858522094903
2026-04-22T07:25:02.622937+00:00,2026-04-22T07:36:09.769133+00:00,momentum,"Bitcoin Up or Down - April 22, 3:25AM-3:30AM ET",UP,Up,4.0,0.53,,WIN,YES,3.547169811320754,Up,0xf72d4f9a35d9197d1f84bdabbf68453a3883a3efd20879c28b28ccd8ba468e2a,4286340708116223195768376712057237092380276050528340842824690709856380558310
2026-04-22T07:25:25.689297+00:00,2026-04-22T07:36:09.812559+00:00,momentum,"Solana Up or Down - April 22, 3:25AM-3:30AM ET",UP,Up,4.0,0.53,,LOSS,NO,-4.0,Down,0x22fcaa1d23d37dc53025365f1fe0dcd29fd6913ebcb5ca478347cde33ead4001,79768692621353817974993796009468875417096393223964530291477371702530853641114
2026-04-22T07:30:00.383891+00:00,2026-04-22T07:39:09.826673+00:00,momentum,"XRP Up or Down - April 22, 3:30AM-3:35AM ET",UP,Up,2.0,0.515,,LOSS,NO,-2.0,Down,0x19abf940e1db96850ca88a1f81360692ca0c454b62c623547883031e3186b162,55237402956636875813777894825179615819644816554783241641314574090836802493311
2026-04-22T07:30:01.710470+00:00,2026-04-22T07:39:09.993767+00:00,momentum,"Ethereum Up or Down - April 22, 3:30AM-3:35AM ET",UP,Up,2.0,0.55,,WIN,YES,1.6363636363636362,Up,0x0113d7f9efae14b2bcb07533e602d0d546124d686113ad73ffecab0286cb5c35,93953610496731508779036113351332791125435384172423122514943382154539204695952
2026-04-22T07:30:01.751704+00:00,2026-04-22T07:39:10.290947+00:00,momentum,"Solana Up or Down - April 22, 3:30AM-3:35AM ET",UP,Up,8.0,0.52,,WIN,YES,7.384615384615383,Up,0xadbc5a0c366e0fe93ed2b4d5f28b99efa04b1fdc805d07603314f324f9acfc97,79442644667912480705633639858435127452825280526540816884324175139331250390594
2026-04-22T07:30:01.731544+00:00,2026-04-22T07:43:11.978815+00:00,momentum,"Bitcoin Up or Down - April 22, 3:30AM-3:35AM ET",UP,Up,8.0,0.66,,WIN,YES,4.121212121212121,Up,0xb1b45936795e9aeaee74840d0247035a79f26e549c9accc2a29782ad3ebe9bc3,44542415196834652343299105547183492280827369578156392264635540909265741556224
2026-04-22T07:35:03.968996+00:00,2026-04-22T07:44:12.494556+00:00,momentum,"XRP Up or Down - April 22, 3:35AM-3:40AM ET",UP,Up,2.0,0.53,,WIN,YES,1.773584905660377,Up,0x2f7ff2762498dda43a5550593a98c73863514f483865047d867a324706a31510,58115124732028951495597950551318319845062116743584765111605204873355513522388
2026-04-22T07:35:03.987989+00:00,2026-04-22T07:44:12.542684+00:00,momentum,"Solana Up or Down - April 22, 3:35AM-3:40AM ET",UP,Up,2.0,0.62,,LOSS,NO,-2.0,Down,0x7640952662d235051cf4c7b886e540faf57f2e2a6fce128d2349a0bd0e2ae68d,30939805598271899399171947306646866626255178368487996496060247440561809637045
2026-04-22T07:35:00.787625+00:00,2026-04-22T07:45:13.074504+00:00,momentum,"Ethereum Up or Down - April 22, 3:35AM-3:40AM ET",UP,Up,2.0,0.55,,LOSS,NO,-2.0,Down,0x6e63150cb721e1d5b23c5c7d6c87a6ada394fd8447a738daf1cfebc5f734608a,46205898917114128383508607177602430299665003068997748845720950784063219132894
2026-04-22T07:35:00.806395+00:00,2026-04-22T07:46:13.926581+00:00,momentum,"Bitcoin Up or Down - April 22, 3:35AM-3:40AM ET",UP,Up,2.0,0.63,,WIN,YES,1.1746031746031744,Up,0x744a40c2b6ef64324a1ca2d2215d79698d7d298dad5de0d1933d34c666242701,60332225133030861805291919629740931514114539936004073527632025102871062478648
2026-04-22T07:40:00.686639+00:00,2026-04-22T07:51:17.467565+00:00,momentum,"Bitcoin Up or Down - April 22, 3:40AM-3:45AM ET",UP,Up,2.0,0.59,,WIN,YES,1.3898305084745766,Up,0x5f5731969679b014b4f8075a2ca5a7cb5fe8835f9fe2dcef0da18a0adcae5891,23893723111753362737726795266877522232113635558124811604760462592617563100786
2026-04-22T07:40:06.873562+00:00,2026-04-22T07:51:17.779764+00:00,momentum,"XRP Up or Down - April 22, 3:40AM-3:45AM ET",UP,Up,4.0,0.51,,WIN,YES,3.8431372549019605,Up,0x4793304602c509d0b0c2b2e7836d7dc94317b85b817fbc76af042fa89f124d1b,79250013516350149959658999543123114994501747504542353187340722709620819693326
2026-04-22T07:40:00.715124+00:00,2026-04-22T07:52:18.264012+00:00,momentum,"Solana Up or Down - April 22, 3:40AM-3:45AM ET",UP,Up,4.0,0.51,,WIN,YES,3.8431372549019605,Up,0x9123b75c9d52490d91b2a8c98de5b2f7051eff0db154df6d3107b00971dfc2e2,17200731349921125412244004059424168483678236862894661420745969422344582267715
2026-04-22T07:40:09.959632+00:00,2026-04-22T07:52:18.313818+00:00,momentum,"Ethereum Up or Down - April 22, 3:40AM-3:45AM ET",DOWN,Down,4.0,0.55,,LOSS,NO,-4.0,Up,0x031a0325b40890a08b6ee4b7205c08254f2af7a15d36427f21c5567f354b5220,71145399300738820634557725669918936016974289022447831620301738053578127901011
2026-04-22T07:45:00.984728+00:00,2026-04-22T07:56:19.798768+00:00,momentum,"XRP Up or Down - April 22, 3:45AM-3:50AM ET",UP,Up,2.0,0.51,,LOSS,NO,-2.0,Down,0x33e4ac366614da155251ce889f3f19ed4ef2ee3376007d0f23d95a5d89c9492b,97886729640537161882638213425072246714334663920301748600961155927308473673373
2026-04-22T07:45:03.278067+00:00,2026-04-22T07:57:20.107874+00:00,momentum,"Bitcoin Up or Down - April 22, 3:45AM-3:50AM ET",UP,Up,2.0,0.51,,LOSS,NO,-2.0,Down,0xa3241e241cf44be47204153e63d2a73ab96d1ccb38cf79dc7426fc4ff9dd0ac9,5816620993272752864752014585279532153891338615734588566431036039320512332417
2026-04-22T07:45:03.296427+00:00,2026-04-22T07:57:20.305249+00:00,momentum,"Solana Up or Down - April 22, 3:45AM-3:50AM ET",DOWN,Down,2.0,0.52,,WIN,YES,1.8461538461538458,Down,0xa84027a00832d6f80dd136ab36f5964fdc144f91ae49ba911883fc6bd7dd8424,32219294721849115823457097582679672125634989191268297477171740063747855969962
2026-04-22T07:45:09.463717+00:00,2026-04-22T07:57:20.480156+00:00,momentum,"Ethereum Up or Down - April 22, 3:45AM-3:50AM ET",DOWN,Down,8.0,0.51,,WIN,YES,7.686274509803921,Down,0x4169032f7449a974a3e7ca04b8194bbbcf9d39fb9e9c883f640c4f3e9344f67d,22877346798202753372218379184824141274070243593894788114131584100060183306473
2026-04-22T07:50:33.737599+00:00,2026-04-22T07:59:20.311976+00:00,momentum,"Bitcoin Up or Down - April 22, 3:50AM-3:55AM ET",UP,Up,4.0,0.72,,LOSS,NO,-4.0,Down,0x5757c9791d972c4f9f107561013d61a280051b5a0abe9fe1f60cd437c623c974,55517048881856422476855940872618084637843929497008754285946655822950473225972
2026-04-22T07:50:33.753407+00:00,2026-04-22T08:00:21.225277+00:00,momentum,"Ethereum Up or Down - April 22, 3:50AM-3:55AM ET",UP,Up,2.0,0.58,,LOSS,NO,-2.0,Down,0x38882b26638c7d8f0fe2cbca46913b49a45a3d264101d7e5a5b24697ba127d7b,81607452123330673086184137938951954032579436662548702838082864480602817381513
2026-04-22T07:50:33.770746+00:00,2026-04-22T08:00:21.277490+00:00,momentum,"Solana Up or Down - April 22, 3:50AM-3:55AM ET",UP,Up,2.0,0.71,,LOSS,NO,-2.0,Down,0x077ff715d1511d8076a997bb597a46447b18d9ad93502e8e028913be47966658,56465591897882919351260543646418107228911397629331835979967478254241920460278
2026-04-22T07:50:33.787344+00:00,2026-04-22T08:00:21.330764+00:00,momentum,"XRP Up or Down - April 22, 3:50AM-3:55AM ET",UP,Up,4.0,0.57,,LOSS,NO,-4.0,Down,0x8e41ef7e294a90f968078b464eebf54068c40bd3b326a7e4e8e431f073ae3b6c,93872885339368124898241441292458775556435323122305831548664817799610256969300
2026-04-22T07:55:00.614358+00:00,2026-04-22T08:05:22.949968+00:00,momentum,"XRP Up or Down - April 22, 3:55AM-4:00AM ET",UP,Up,8.0,0.51,,WIN,YES,7.686274509803921,Up,0x57e8f6f2c80c5682c20e67e12dbb98cc8699a65e3d36efd35f2eed382dc6b182,45842090647103610703178519626831976834192723343773237504644954759730665314586
2026-04-22T07:55:02.932644+00:00,2026-04-22T08:06:23.692666+00:00,momentum,"Bitcoin Up or Down - April 22, 3:55AM-4:00AM ET",UP,Up,8.0,0.53,,WIN,YES,7.094339622641508,Up,0x696811dc02298b5bfb5268b7ece1c27d8e82286facd089ec4c462798a889a1d9,6501419957766764747693649061717925756918441506427569282410066242781512769877
2026-04-22T07:55:02.953011+00:00,2026-04-22T08:06:23.897865+00:00,momentum,"Ethereum Up or Down - April 22, 3:55AM-4:00AM ET",UP,Up,2.0,0.51,,WIN,YES,1.9215686274509802,Up,0xd1d2f9cf6e1801c8b88c8b4ee1f44690cfbfbd14bf6ea181eaadd8e12a17560f,59326352117831978197323439823483811796808064119256343509177478113768321762582
2026-04-22T07:55:22.925978+00:00,2026-04-22T08:06:23.943201+00:00,momentum,"Solana Up or Down - April 22, 3:55AM-4:00AM ET",DOWN,Down,2.0,0.53,,LOSS,NO,-2.0,Up,0x176472ce9810166d6a4c6b782874c2dbda8404bd18c9d8db036fe79ec1a7d678,11082243094847819765115313439757246689448430445245203015231736011221513552656
2026-04-22T08:00:02.312346+00:00,2026-04-22T08:08:25.194448+00:00,momentum,"XRP Up or Down - April 22, 4:00AM-4:05AM ET",UP,Up,2.0,0.57,,LOSS,NO,-2.0,Down,0x32faa2426b72f18ae2ad3eca0e662f8ea5bbef713532f030b6ed8093320e46bc,15800145778338672655994034844364455882079472125680090395245664463998136699731
2026-04-22T08:00:05.429681+00:00,2026-04-22T08:08:25.383584+00:00,momentum,"Solana Up or Down - April 22, 4:00AM-4:05AM ET",UP,Up,4.0,0.57,,LOSS,NO,-4.0,Down,0x556ffd4bed074d1dabe6a417d75863558a88d9e89605478edee976012314e43e,23266443770024906956020823472311172406913228938035077127234961179493511626686
2026-04-22T08:00:02.288812+00:00,2026-04-22T08:09:24.799650+00:00,momentum,"Ethereum Up or Down - April 22, 4:00AM-4:05AM ET",UP,Up,4.0,0.58,,LOSS,NO,-4.0,Down,0xd10c68e724aaadd4137fcd265e8b4f55b76400fb551cac231a6f51599edd4ac2,46029154653759912664866456724685850738628565238062300524958720440420498774847
2026-04-22T08:00:02.336080+00:00,2026-04-22T08:10:25.239574+00:00,momentum,"Bitcoin Up or Down - April 22, 4:00AM-4:05AM ET",UP,Up,16.0,0.6,,WIN,YES,10.666666666666668,Up,0x9afe11c828276c9b99ca53bc5627ceb4725b242bea98b64d4763689c447a9860,81650353857085640966318630059209955886514362438624110912289390253519955777063
2026-04-22T08:05:01.961583+00:00,2026-04-22T08:15:27.792255+00:00,momentum,"Bitcoin Up or Down - April 22, 4:05AM-4:10AM ET",DOWN,Down,2.0,0.51,,LOSS,NO,-2.0,Up,0x9930c5e98879fd6009bbd1b88c5ee5182885b71a84ddaadf02df56f5f825fd81,5479857784750786779235922987832740841281959022381298780223929297578192979945
2026-04-22T08:05:11.232394+00:00,2026-04-22T08:15:28.316667+00:00,momentum,"XRP Up or Down - April 22, 4:05AM-4:10AM ET",UP,Up,4.0,0.68,,WIN,YES,1.8823529411764701,Up,0x6080b92e9e708805d4235358c9b0cdf20bca2096df4b493e760d9bfc4f900c89,73812943055437275479445258912584539459979819291263271465714125742287173570567
2026-04-22T08:05:08.126266+00:00,2026-04-22T08:16:27.936813+00:00,momentum,"Ethereum Up or Down - April 22, 4:05AM-4:10AM ET",DOWN,Down,8.0,0.51,,LOSS,NO,-8.0,Up,0x77ab879b07a64c722b39560d3981b8c1b68d49ef695ac0e2cdc851671589f221,29927155687704045934617735559871836269834120340532212804993479704548848063000
2026-04-22T08:05:11.213457+00:00,2026-04-22T08:16:27.986142+00:00,momentum,"Solana Up or Down - April 22, 4:05AM-4:10AM ET",UP,Up,2.0,0.64,,LOSS,NO,-2.0,Down,0xe29f4f45e3d2adf511870c52996448907f40e49f4e26b409a0534aaa26598d1a,84689831183865959503289741936749038619633579987724048963459135735719505405362
2026-04-22T08:10:06.159991+00:00,2026-04-22T08:20:30.737968+00:00,momentum,"Bitcoin Up or Down - April 22, 4:10AM-4:15AM ET",DOWN,Down,4.0,0.51,,LOSS,NO,-4.0,Up,0x04fca98bfa2f8402b065ee8f909fb3c65c992e4d6295d11303aef1e4313ce199,105556950035796069839397726270953650552694072376165540522914428836923175565010
2026-04-22T08:10:03.018560+00:00,2026-04-22T08:21:30.573321+00:00,momentum,"Solana Up or Down - April 22, 4:10AM-4:15AM ET",DOWN,Down,4.0,0.51,,WIN,YES,3.8431372549019605,Down,0x2b1af6ed1812383a3fc7a1bee44bebec91b78dddde595656d9587a6cce2ae0ee,68564700369667710448713059114294711746142778776418572641688275066565226936023
2026-04-22T08:10:03.041310+00:00,2026-04-22T08:21:30.638007+00:00,momentum,"XRP Up or Down - April 22, 4:10AM-4:15AM ET",DOWN,Down,2.0,0.51,,LOSS,NO,-2.0,Up,0xd859d45aee55e2746566028b101e673ebffae4fef2dc727f660ecc087ef54856,101800518767670340524837337178859866656745149587236750895387993255609408592125
2026-04-22T08:10:03.060699+00:00,2026-04-22T08:21:30.688330+00:00,momentum,"Ethereum Up or Down - April 22, 4:10AM-4:15AM ET",UP,Up,16.0,0.55,,LOSS,NO,-16.0,Down,0xacca580500b51a10636f3f703726721157244172b35eebeca04a8e24147c8077,38328747178310920999893836581133314578005584951069136796985337035943864658169
2026-04-22T08:15:02.524281+00:00,2026-04-22T08:24:32.718368+00:00,momentum,"Bitcoin Up or Down - April 22, 4:15AM-4:20AM ET",DOWN,Down,8.0,0.54,,WIN,YES,6.814814814814813,Down,0x64bc1ff492233df16f9fc400b8d29501a8616a6769216ffebd4f48ec80649963,24856535905790507256730715205219584941408547532439784166605395834047015736467
2026-04-22T08:15:08.774455+00:00,2026-04-22T08:24:33.137593+00:00,momentum,"XRP Up or Down - April 22, 4:15AM-4:20AM ET",DOWN,Down,2.0,0.51,,WIN,YES,1.9215686274509802,Down,0x34e66f63d4edfd4ab8d979d15ed80486ce7f159d50e67971c1ed4e9a5036f79a,43716841104192384368696614309904275778717695602302856667020903505068041087292
2026-04-22T08:15:08.798653+00:00,2026-04-22T08:24:33.320383+00:00,momentum,"Ethereum Up or Down - April 22, 4:15AM-4:20AM ET",DOWN,Down,32.0,0.58,,WIN,YES,23.172413793103452,Down,0xe271d5a10d6b7e31a60edf397fa0eda51a82183f9570f01ec112787ce701f5e5,83497641765198939269282871368204349834339248329397941342051032681999037990165
2026-04-22T08:15:02.505226+00:00,2026-04-22T08:25:33.332793+00:00,momentum,"Solana Up or Down - April 22, 4:15AM-4:20AM ET",DOWN,Down,2.0,0.54,,WIN,YES,1.7037037037037033,Down,0xf10514de399c73dc6a02460cb238c86cae40627ca86410c02a47013f4b686768,13041761039055511257506862882767458904945915257047267807170080210074471996722
2026-04-22T08:20:36.254658+00:00,2026-04-22T08:29:35.366979+00:00,momentum,"Solana Up or Down - April 22, 4:20AM-4:25AM ET",UP,Up,2.0,0.51,,LOSS,NO,-2.0,Down,0xcd25702e6097b5449f495d6053b11f75bd476e8395c05b45ddd6802866c98de7,66274177630866972523255953492580964574851422498596349808724112255100420244004
2026-04-22T08:20:00.672027+00:00,2026-04-22T08:30:36.137470+00:00,momentum,"Bitcoin Up or Down - April 22, 4:20AM-4:25AM ET",DOWN,Down,2.0,0.53,,WIN,YES,1.773584905660377,Down,0xe0e0587d4f8b517fe056493a7999678e3a0d2214c0c11b7de5d52cce796d2227,102003914903031432626641231357050704668612777447885333369592213118469986059380
2026-04-22T08:20:06.894715+00:00,2026-04-22T08:30:36.210753+00:00,momentum,"Ethereum Up or Down - April 22, 4:20AM-4:25AM ET",UP,Up,2.0,0.58,,LOSS,NO,-2.0,Down,0x282eff0c38fac0df4e394e05838a6f96a7bf2b261ea6b51badebc1a5998d960e,57787488080334867905558089763525568908936095843547343617137548400856011416747
2026-04-22T08:20:33.129312+00:00,2026-04-22T08:30:36.261821+00:00,momentum,"XRP Up or Down - April 22, 4:20AM-4:25AM ET",UP,Up,2.0,0.51,,LOSS,NO,-2.0,Down,0xc0f6a73f4895af62ff6046182ef6d210777556a834c001d756dac6b665e56a2e,87833925005649232921667752704668747118051177364037483916912973571965665659480
2026-04-22T08:25:00.668149+00:00,2026-04-22T08:35:39.457216+00:00,momentum,"XRP Up or Down - April 22, 4:25AM-4:30AM ET",UP,Up,4.0,0.52,,WIN,YES,3.6923076923076916,Up,0xd639a20816a8f0e9959ab259ee018a6589d2ff39edd3a55e17af7842866a17fa,87682941619322671664797850212452061753324484083124723167450155591053716788584
2026-04-22T08:25:08.025473+00:00,2026-04-22T08:35:39.647563+00:00,momentum,"Bitcoin Up or Down - April 22, 4:25AM-4:30AM ET",UP,Up,2.0,0.54,,LOSS,NO,-2.0,Down,0x361d96547e4a5130f242749975781e21c93db42c423f276dd809fe72926408c9,16817527132481181670599245222468468360716901410597989127232098950456345435128
2026-04-22T08:25:03.903630+00:00,2026-04-22T08:36:39.900182+00:00,momentum,"Ethereum Up or Down - April 22, 4:25AM-4:30AM ET",UP,Up,4.0,0.58,,LOSS,NO,-4.0,Down,0x19797a0e464e981e198d5b572575a9c4ad18bc472bea6eb12669cb275bfb7b72,72643469636303976099256135408180056940054426911228125409296596346896805116202
2026-04-22T08:25:08.045911+00:00,2026-04-22T08:37:40.948432+00:00,momentum,"Solana Up or Down - April 22, 4:25AM-4:30AM ET",UP,Up,4.0,0.51,,LOSS,NO,-4.0,Down,0x715aa21caeb57dbb77d4a7fbe8b9456e4ee3b18d68d5b0bdb66755116294d600,113425853441610705579577776281733855230234309676282842384763470428004743253057
2026-04-22T08:30:00.353394+00:00,2026-04-22T08:38:41.517260+00:00,momentum,"Ethereum Up or Down - April 22, 4:30AM-4:35AM ET",UP,Up,8.0,0.515,,LOSS,NO,-8.0,Down,0x051175c0fd7f8912d009951429dceff048701d4f58b60b4f9f2067d90737a09a,73086053672073632424787052371800100588016778798596549561531861130448971635651
2026-04-22T08:30:04.586714+00:00,2026-04-22T08:38:42.002866+00:00,momentum,"XRP Up or Down - April 22, 4:30AM-4:35AM ET",DOWN,Down,2.0,0.51,,WIN,YES,1.9215686274509802,Down,0x38af0f2e4f5efa6b5c60c0840d1fcd7ee16a0989773d23cc6b76caf3673b1c6a,49768419174820362937090285396655602040500020564750365391683305478397732085040
2026-04-22T08:30:01.467545+00:00,2026-04-22T08:39:41.877563+00:00,momentum,"Bitcoin Up or Down - April 22, 4:30AM-4:35AM ET",UP,Up,4.0,0.51,,LOSS,NO,-4.0,Down,0x7389a4621055061f674cd9e2901b6b7f66ec945360d1dee35608be5927f9f815,92339988389998833753126326508030526063441747111774307869536872920751936378266
2026-04-22T08:30:01.493015+00:00,2026-04-22T08:39:41.929310+00:00,momentum,"Solana Up or Down - April 22, 4:30AM-4:35AM ET",UP,Up,8.0,0.52,,LOSS,NO,-8.0,Down,0x5b01ddaecc75b94af6f673f7ccdb697494d8ed13e444f1ff36548129822bccbb,97997986815334036389652363865483149339205995319300082637237685751276734769233
2026-04-22T08:35:02.692251+00:00,2026-04-22T08:44:45.553110+00:00,momentum,"Bitcoin Up or Down - April 22, 4:35AM-4:40AM ET",UP,Up,8.0,0.51,,WIN,YES,7.686274509803921,Up,0x710e5eb108710afd6540d07c739ffd0a9d0157dd8e3d037c2845f7746beac223,70764374715180792148259217944519282248517957992503827110750493099629210231131
2026-04-22T08:35:02.738348+00:00,2026-04-22T08:44:45.740855+00:00,momentum,"Ethereum Up or Down - April 22, 4:35AM-4:40AM ET",UP,Up,16.0,0.52,,LOSS,NO,-16.0,Down,0xdc513e13d9b9f61c092dadb33a215f842afb97050b5225f053375c73a635fdc9,29055673493023746370495650934269046886600192317707267557758096394271363022144
2026-04-22T08:35:02.713837+00:00,2026-04-22T08:45:45.770410+00:00,momentum,"Solana Up or Down - April 22, 4:35AM-4:40AM ET",UP,Up,2.0,0.52,,WIN,YES,1.8461538461538458,Up,0xbd48393375a09bfce14d033bfff8184e310fb7fb8135391aa9a9d1d1fd260eaf,83228581438722274217228631704735681212567945542919465415478346263030720794366
2026-04-22T08:35:15.149529+00:00,2026-04-22T08:45:45.822895+00:00,momentum,"XRP Up or Down - April 22, 4:35AM-4:40AM ET",UP,Up,2.0,0.65,,LOSS,NO,-2.0,Down,0xec68fba8cf33c37f03822b966403dd9feceb52a931b384061120bb70600c070b,30923394062070638165151081409325498511738019369035721525283660398676568786567
2026-04-22T08:40:00.819036+00:00,2026-04-22T08:50:49.458298+00:00,momentum,"XRP Up or Down - April 22, 4:40AM-4:45AM ET",UP,Up,2.0,0.51,,WIN,YES,1.9215686274509802,Up,0xe098e633b7932776b4e3753c1c317de9e09d0f026d7e5db281c18cef5cec3000,43496275748517786697257927563862598375586786116620097700527612266802718444799
2026-04-22T08:40:04.987052+00:00,2026-04-22T08:50:49.687435+00:00,momentum,"Solana Up or Down - April 22, 4:40AM-4:45AM ET",UP,Up,4.0,0.51,,WIN,YES,3.8431372549019605,Up,0xc79d637ae140c99b677dba00881cd417de97923f56fd20d268f2aeaa9c51d000,98524464079656840703542248302726340962798604258508911856328571777054719363955
2026-04-22T08:40:14.409571+00:00,2026-04-22T08:50:49.736846+00:00,momentum,"Bitcoin Up or Down - April 22, 4:40AM-4:45AM ET",UP,Up,2.0,0.55,,LOSS,NO,-2.0,Down,0x9c6b80e1b1f5798eb9675a3c41d22202d215fdd2a05f9ca14bf0265b6c8d291f,12178738644704472600513040930790222466131196958360067145253868953560748720906
2026-04-22T08:40:00.797307+00:00,2026-04-22T08:51:49.453208+00:00,momentum,"Ethereum Up or Down - April 22, 4:40AM-4:45AM ET",UP,Up,2.0,0.515,,LOSS,NO,-2.0,Down,0x3956e25908a61f197f6b55271e26368405c995ddd3188633bcf393ed2ba8d59c,104660262900134632293557515091250712114187990451150858714976656730558459141367
2026-04-22T08:45:00.840542+00:00,2026-04-22T08:53:50.872949+00:00,momentum,"Bitcoin Up or Down - April 22, 4:45AM-4:50AM ET",UP,Up,4.0,0.51,,WIN,YES,3.8431372549019605,Up,0x5fc9f1e03ee4ac877f948819794d3a38c84dee0665fb039cb5c767d32f44cf06,58387572288022641507571085027146764938363425954785437095587498705361870723128
2026-04-22T08:45:00.865968+00:00,2026-04-22T08:53:51.071675+00:00,momentum,"Ethereum Up or Down - April 22, 4:45AM-4:50AM ET",UP,Up,4.0,0.51,,WIN,YES,3.8431372549019605,Up,0x3f34f1b5a2cb9a08039c6677247fde944d594a8ec1d855c0244fdd41e503f28f,20088400350212254746016226280205982874109499185278278548807099494529515413184
2026-04-22T08:45:07.206105+00:00,2026-04-22T08:53:51.421745+00:00,momentum,"Solana Up or Down - April 22, 4:45AM-4:50AM ET",UP,Up,2.0,0.52,,WIN,YES,1.8461538461538458,Up,0xf47df183237fcd4c7bf554830aef7d7ba07a2f9644ec48357de9c749b60b855a,10871258373433806018274092152338594713647913895100512866769248989700511038055
2026-04-22T08:45:04.116847+00:00,2026-04-22T08:54:50.717961+00:00,momentum,"XRP Up or Down - April 22, 4:45AM-4:50AM ET",UP,Up,2.0,0.51,,LOSS,NO,-2.0,Down,0xb7681fb3b5ca03d6b9ba0583a4aeda922fed9597d3b1ec732f6de23e994042d8,73484725725191741550678250590427209406414026717576038273734344911671075963209
2026-04-22T08:50:33.569503+00:00,2026-04-22T08:59:55.011100+00:00,momentum,"Bitcoin Up or Down - April 22, 4:50AM-4:55AM ET",UP,Up,2.0,0.55,,WIN,YES,1.6363636363636362,Up,0x8ad31b8b6eadbf9961a7069f9a8990f051d749a29dce3324634bc090cd9ad992,83527097082978863184548297720958046040466706683709160349071465791598693521873
2026-04-22T08:50:33.588495+00:00,2026-04-22T08:59:55.251280+00:00,momentum,"Solana Up or Down - April 22, 4:50AM-4:55AM ET",UP,Up,2.0,0.62,,WIN,YES,1.2258064516129035,Up,0xbdf4cfd2d9eaead96f1577cd319ed68638dcbf4de77baecbaf98c55261797f93,103705693245767578740694900520294736083775534036166164488475063245614402829071
2026-04-22T08:50:00.735015+00:00,2026-04-22T09:00:55.607525+00:00,momentum,"Ethereum Up or Down - April 22, 4:50AM-4:55AM ET",UP,Up,2.0,0.515,,WIN,YES,1.883495145631068,Up,0xe56613764cfa642d60068bdf0a69187d3491fd5466a34a5e061e7026d4a38d28,52018883378441142997414846564528304670379764376198620914754801349633369891611
2026-04-22T08:50:00.760192+00:00,2026-04-22T09:00:55.852938+00:00,momentum,"XRP Up or Down - April 22, 4:50AM-4:55AM ET",UP,Up,4.0,0.51,,WIN,YES,3.8431372549019605,Up,0x0355c107ab7b3ecf6ff4c8734e3a512a81040d16d8fb61d9f657a3e3d9d72045,106221163644735498280047225608536746581814390679653846691483344860844056127443
2026-04-22T08:55:00.682019+00:00,2026-04-22T09:04:58.607762+00:00,momentum,"Solana Up or Down - April 22, 4:55AM-5:00AM ET",UP,Up,2.0,0.51,,WIN,YES,1.9215686274509802,Up,0x27fd805b82f56650aacea283cc88a7f1c35151bc7ae937afae06f3a9fdbd2f84,37081903473939285955568354453052558177592213072643237610068859480791753926179
2026-04-22T08:55:02.796323+00:00,2026-04-22T09:04:58.815675+00:00,momentum,"Ethereum Up or Down - April 22, 4:55AM-5:00AM ET",UP,Up,2.0,0.52,,LOSS,NO,-2.0,Down,0x52fb86659f1ea8d135871d8edd732ade865f61d56d512e590abf227831f6fe4a,19021022618030032171817672742988466252547122237836492785993406876831618262610
2026-04-22T08:55:00.658799+00:00,2026-04-22T09:05:59.290957+00:00,momentum,"XRP Up or Down - April 22, 4:55AM-5:00AM ET",UP,Up,2.0,0.51,,WIN,YES,1.9215686274509802,Up,0x9b99ae9b719609130c0aafac0756060bf7432ba8e228f76e319d75c3f8980c5b,74173123204184880905353091046087019823120098364992088290617078109587047353662
2026-04-22T08:55:02.776834+00:00,2026-04-22T09:06:59.846431+00:00,momentum,"Bitcoin Up or Down - April 22, 4:55AM-5:00AM ET",DOWN,Down,2.0,0.54,,WIN,YES,1.7037037037037033,Down,0x73917efea8d2d9b7b0aaaf05e576681f8dbe03a670b55478df7adc25ab7d5195,49267748906391590258922002074272607882768342636193417182169456910908725478805
2026-04-22T09:00:01.097452+00:00,2026-04-22T09:08:00.882154+00:00,momentum,"Solana Up or Down - April 22, 5:00AM-5:05AM ET",DOWN,Down,2.0,0.52,,WIN,YES,1.8461538461538458,Down,0x3b9e6bfb2fba98998ed9a3b5a24dc4b46439babea6d5553c8d0f54b00ccad6d4,95841552269511621246710854282046298843182262382568517297863567105056272578774
2026-04-22T09:00:01.070171+00:00,2026-04-22T09:09:01.248011+00:00,momentum,"Bitcoin Up or Down - April 22, 5:00AM-5:05AM ET",DOWN,Down,2.0,0.51,,WIN,YES,1.9215686274509802,Down,0x62b86de482c908f170948ecd91e553316a40650b5ee832274de3b59c58b2e37a,3455659674441640850909187527457243980391165213329758720578240053074984770316
2026-04-22T09:00:04.210786+00:00,2026-04-22T09:09:01.548272+00:00,momentum,"XRP Up or Down - April 22, 5:00AM-5:05AM ET",DOWN,Down,2.0,0.58,,WIN,YES,1.4482758620689657,Down,0xccb1c41abb774ebc6aff92ba9e616f315af4bd5fcfae5eb777e0764a676c2177,76024735166990114030877329551800062844551855498779829828628827382890170867474
2026-04-22T09:00:04.234106+00:00,2026-04-22T09:09:01.818491+00:00,momentum,"Ethereum Up or Down - April 22, 5:00AM-5:05AM ET",DOWN,Down,4.0,0.54,,WIN,YES,3.4074074074074066,Down,0x7676f8c3b2d3ad8698e0a322594720e200abbbb5ba52ed2a8d44335fa6d8d319,3686671655455592562503796726603388285078496392935214719655322811022094171125
2026-04-22T09:05:00.662996+00:00,2026-04-22T09:14:03.153982+00:00,momentum,"Bitcoin Up or Down - April 22, 5:05AM-5:10AM ET",DOWN,Down,2.0,0.51,,LOSS,NO,-2.0,Up,0xffee4ff9c927cb88df4ac94c0a5937122bfddf5fccded95eec27e66a43ab531c,19658773149505976315685106296762211257757860074691680126177058776144236781665
2026-04-22T09:05:00.689479+00:00,2026-04-22T09:14:03.199667+00:00,momentum,"Solana Up or Down - April 22, 5:05AM-5:10AM ET",DOWN,Down,2.0,0.52,,LOSS,NO,-2.0,Up,0x0cebc65d09743c04f533d78deac3d5b4f08ae9d617a749ed798585f9ba9d61c2,24807369169353243130118612420993432398470827648137948383205199691601413093124
2026-04-22T09:05:01.714369+00:00,2026-04-22T09:14:03.373235+00:00,momentum,"Ethereum Up or Down - April 22, 5:05AM-5:10AM ET",UP,Up,8.0,0.52,,WIN,YES,7.384615384615383,Up,0xb2746f24a4401e9324124dc11c480aed8d9f81fcd5d15f8ce5761a49cafd4d2e,44427906229746950888626895701146213698412149377014541552383013361898745884790
2026-04-22T09:05:01.746532+00:00,2026-04-22T09:15:04.244493+00:00,momentum,"XRP Up or Down - April 22, 5:05AM-5:10AM ET",DOWN,Down,2.0,0.53,,LOSS,NO,-2.0,Up,0x7390974fde6c3534b9045498f3c71be7d482f5dd01428e57343f921195fe7ce8,93987627622192209567097231509984842955844740317163521557510944782326313710817
2026-04-22T09:10:17.163811+00:00,2026-04-22T09:20:07.331406+00:00,momentum,"XRP Up or Down - April 22, 5:10AM-5:15AM ET",UP,Up,4.0,0.51,,LOSS,NO,-4.0,Down,0x3f5792b83c5b1a62dc220e8478045d317a5636e77c44966b86b9de9e751f2145,9944209904235481375107270484685435528477395683577206177946450433848133878223
2026-04-22T09:10:00.215286+00:00,2026-04-22T09:21:07.328554+00:00,momentum,"Bitcoin Up or Down - April 22, 5:10AM-5:15AM ET",DOWN,Down,4.0,0.51,,WIN,YES,3.8431372549019605,Down,0xa185b240fe9018b265631eba3edd1c0a9fa3f744f31a66e2e19f2653eaca78f5,69202585898682455869416753458840023360863617872102768084341311143775307335533
2026-04-22T09:10:01.579695+00:00,2026-04-22T09:21:07.523081+00:00,momentum,"Solana Up or Down - April 22, 5:10AM-5:15AM ET",DOWN,Down,4.0,0.57,,WIN,YES,3.0175438596491233,Down,0x49c34f5670374ba78e7ff327553b1fb3e963c5b752cf26549b512525206b149b,62529262475283550441069521171391848376942720650369762171594118216599881320102
2026-04-22T09:10:07.930811+00:00,2026-04-22T09:21:07.572716+00:00,momentum,"Ethereum Up or Down - April 22, 5:10AM-5:15AM ET",UP,Up,2.0,0.58,,LOSS,NO,-2.0,Down,0x52698ba4541e0901cb7cc5dbb36f7b55a62e6f8b2c6ef08c2faba0151864e476,83335864181898851585037410931088374401642914695819934648496418418404841906460
2026-04-22T09:15:00.452607+00:00,2026-04-22T09:23:08.972717+00:00,momentum,"Solana Up or Down - April 22, 5:15AM-5:20AM ET",DOWN,Down,2.0,0.54,,LOSS,NO,-2.0,Up,0xef9259e892c6283e723ea6769238f16b4865a4e2e150599818ef440d1e5a7f29,63868502174898724644368891501185876479944513692372883945262657519741495930705
2026-04-22T09:15:07.830553+00:00,2026-04-22T09:24:09.389755+00:00,momentum,"Bitcoin Up or Down - April 22, 5:15AM-5:20AM ET",DOWN,Down,2.0,0.52,,WIN,YES,1.8461538461538458,Down,0x9c3b2ce4e6c4973e11825744e4d85dcee399018595abc44e9b93d8978e27df9d,65422442624693362778880173518468751346519429863062587300508188278155027357907
2026-04-22T09:15:00.428257+00:00,2026-04-22T09:25:09.498503+00:00,momentum,"Ethereum Up or Down - April 22, 5:15AM-5:20AM ET",DOWN,Down,4.0,0.55,,WIN,YES,3.2727272727272725,Down,0x79d7f6e55f997a5a52486f1426f0f138bb32278445330256f7a6793c15c16705,93801843227748949057456769148451141438472668981085068530105773101108086458078
2026-04-22T09:15:00.477038+00:00,2026-04-22T09:25:09.676898+00:00,momentum,"XRP Up or Down - April 22, 5:15AM-5:20AM ET",DOWN,Down,8.0,0.51,,WIN,YES,7.686274509803921,Down,0x6d8591445f4ca99820702be4baf8e63a48e00d89e7d046d55ad156a172ab980f,99481207800738059652341011242821944788651171044659785887117837358298535976500
2026-04-22T09:20:01.383412+00:00,2026-04-22T09:29:10.980332+00:00,momentum,"Solana Up or Down - April 22, 5:20AM-5:25AM ET",DOWN,Down,4.0,0.515,,LOSS,NO,-4.0,Up,0xcc3c5939ecec0ee70bf0af03a150f684c025185705dcc1355657ef0285a863fa,111100739294333367216957965028944739790662527627738944175989473404218181057440
2026-04-22T09:20:03.499305+00:00,2026-04-22T09:30:12.330827+00:00,momentum,"Bitcoin Up or Down - April 22, 5:20AM-5:25AM ET",UP,Up,2.0,0.57,,WIN,YES,1.5087719298245617,Up,0x8768689fed4b89fa1306bc7f0ebbb59e8a6ae202b39c1b04b90daefa120c7043,101177978774689762011628428969591785508668504262063253627920286523976521512389
2026-04-22T09:20:10.754767+00:00,2026-04-22T09:30:12.498523+00:00,momentum,"XRP Up or Down - April 22, 5:20AM-5:25AM ET",UP,Up,2.0,0.51,,WIN,YES,1.9215686274509802,Up,0xfcde5838ebe12f930d4ee71e61d764a0d5ddbe417995d76814af718d26bdde79,60007022424916494988345205898787609149666888528326688418275412361388293757317
2026-04-22T09:20:01.351189+00:00,2026-04-22T09:31:12.433028+00:00,momentum,"Ethereum Up or Down - April 22, 5:20AM-5:25AM ET",DOWN,Down,2.0,0.51,,LOSS,NO,-2.0,Up,0x2ea1711b99c72214b282f5ef25aa2b27348cd65efd926e14d42ca5379e292125,65840990127189076925459600788650768175669873037969496133994684091109154927588
2026-04-22T09:25:01.594247+00:00,2026-04-22T09:35:14.669152+00:00,momentum,"Solana Up or Down - April 22, 5:25AM-5:30AM ET",DOWN,Down,4.0,0.58,,LOSS,NO,-4.0,Up,0xa1e7763c72c05d215d2523f8b01748d233292ee5cfecc2dcd700540cc8abb5ae,60072372315508158492289705716572148108387096134345970534508328700943221018990
2026-04-22T09:25:01.644706+00:00,2026-04-22T09:35:14.873802+00:00,momentum,"Ethereum Up or Down - April 22, 5:25AM-5:30AM ET",DOWN,Down,4.0,0.51,,LOSS,NO,-4.0,Up,0xeea2063d738899d2c8ce300926bd38f9ac8bea7e6709e1e4057395ab1625d200,37998495795038003568759453308295061911533187850033874195918553792652994134062
2026-04-22T09:25:01.616368+00:00,2026-04-22T09:36:15.591682+00:00,momentum,"Bitcoin Up or Down - April 22, 5:25AM-5:30AM ET",UP,Up,2.0,0.53,,WIN,YES,1.773584905660377,Up,0x4c8dba7c2eb545fc6512b80c8e5d05d25badd2caf401da4fbaf61bd6a7f9f353,63687814451944398817508449487596764204868699710572809163504917509183218377046
2026-04-22T09:25:01.670811+00:00,2026-04-22T09:36:15.644532+00:00,momentum,"XRP Up or Down - April 22, 5:25AM-5:30AM ET",DOWN,Down,2.0,0.57,,LOSS,NO,-2.0,Up,0xcdf4bd964faa13dafd289063f1ee779a3b1d0fae5295cb16190cfa8302942f2d,65510842062474319460435761761157489894427909520971966392341364185153674826185
2026-04-22T09:30:00.836361+00:00,2026-04-22T09:38:16.351353+00:00,momentum,"XRP Up or Down - April 22, 5:30AM-5:35AM ET",DOWN,Down,4.0,0.51,,WIN,YES,3.8431372549019605,Down,0x2724a2df97810acd38d5a470a166d1539d2b365f82eb0bbaa2c700395b0287a9,91669128764756883244384397905178143284928600915227319525718144313816196443458
2026-04-22T09:30:00.886162+00:00,2026-04-22T09:38:16.668239+00:00,momentum,"Bitcoin Up or Down - April 22, 5:30AM-5:35AM ET",DOWN,Down,2.0,0.52,,WIN,YES,1.8461538461538458,Down,0x873d8806c13287fd723b61f245ff0f4e63cebde44cd2ebf9b1cf7ca5ae1158e3,62696201379786731007087377689743927634072487440566306923168460582125895210537
2026-04-22T09:30:04.074834+00:00,2026-04-22T09:38:16.848818+00:00,momentum,"Solana Up or Down - April 22, 5:30AM-5:35AM ET",DOWN,Down,8.0,0.56,,WIN,YES,6.285714285714285,Down,0x5ac593cb726629637a328dc629605a9f8feef8a3e13e05fc1b155f70fe88b1e1,74623682634524886299413297747857796626772069580978256999602686281798088862066
2026-04-22T09:30:00.858610+00:00,2026-04-22T09:40:16.900119+00:00,momentum,"Ethereum Up or Down - April 22, 5:30AM-5:35AM ET",DOWN,Down,8.0,0.53,,WIN,YES,7.094339622641508,Down,0x6c9d7829e27fafdae1fb1c4299e6ec39f308fd2681e1538d271aec9682bc2caa,77765997996900375001846008872488849449021438895121249741035900765615579783779
2026-04-22T09:35:00.492694+00:00,2026-04-22T09:44:19.786452+00:00,momentum,"Ethereum Up or Down - April 22, 5:35AM-5:40AM ET",DOWN,Down,2.0,0.515,,LOSS,NO,-2.0,Up,0x503fc912087126722d5a3975d2a0dc7e6b83f2d87ce8e1bb38bdd88e688ec39a,39689599725226135200513484452039656817200955038548175429170415200025088627394
2026-04-22T09:35:01.625421+00:00,2026-04-22T09:44:20.155744+00:00,momentum,"Solana Up or Down - April 22, 5:35AM-5:40AM ET",DOWN,Down,2.0,0.55,,WIN,YES,1.6363636363636362,Down,0x29db1d2550f0ca708f37d95f15785ceb5f2e0bc407cd1574430960a05b7ab907,61146835578306812216108676260252335607948379706957617304817982464942113227575
2026-04-22T09:35:00.513222+00:00,2026-04-22T09:45:20.440537+00:00,momentum,"Bitcoin Up or Down - April 22, 5:35AM-5:40AM ET",DOWN,Down,2.0,0.515,,LOSS,NO,-2.0,Up,0xa8b77ab16033f3ff5741f3f4ea77c45e31199dff2fa737105ff62f92e0e6bbc4,64246073858748745981789215793302929134565242231996359361140372667621618500837
2026-04-22T09:35:14.575444+00:00,2026-04-22T09:45:20.705029+00:00,momentum,"XRP Up or Down - April 22, 5:35AM-5:40AM ET",DOWN,Down,2.0,0.52,,WIN,YES,1.8461538461538458,Down,0x98f602b64425157df58bb427e6634bb52cba0a011121caf6eace98f6b2e48f28,36398030005094180825442536862634358059595195277752224592875978793203509942926
2026-04-22T09:40:05.082304+00:00,2026-04-22T09:50:23.840747+00:00,momentum,"XRP Up or Down - April 22, 5:40AM-5:45AM ET",UP,Up,2.0,0.63,,WIN,YES,1.1746031746031744,Up,0x3e389d9bfde1629d79c3da0fbbf10b6840ae7ccab82a8444cbaa7008e4888d47,72026571543547694044462699456674156103220805135350194041065228748770212059277
2026-04-22T09:40:01.852553+00:00,2026-04-22T09:51:24.066633+00:00,momentum,"Bitcoin Up or Down - April 22, 5:40AM-5:45AM ET",DOWN,Down,4.0,0.51,,LOSS,NO,-4.0,Up,0x746604c025e0a44a3becf1cb4e4280ee0ddf3008b94a4e77aad736a76503e9df,40589763182026170654077652025609024972713903334980651038757732376624924312165
2026-04-22T09:40:05.062195+00:00,2026-04-22T09:51:24.257083+00:00,momentum,"Ethereum Up or Down - April 22, 5:40AM-5:45AM ET",UP,Up,4.0,0.62,,WIN,YES,2.451612903225807,Up,0x1912af0e7062ae7482395b46c66dcc9b04298662a0d838ac5ba2ae334ba8be8e,29315120092010965951154043100407332091224512602332032662933338440829120615597
2026-04-22T09:40:05.105389+00:00,2026-04-22T09:52:24.664399+00:00,momentum,"Solana Up or Down - April 22, 5:40AM-5:45AM ET",UP,Up,2.0,0.53,,LOSS,NO,-2.0,Down,0xf2160e1ac1ecb162e777c6e2cd0c730f358538bfd28291d717799e3ac8925b17,95596667381578277571570343900190030730619313122073226007238598495658901448873
2026-04-22T09:45:12.060448+00:00,2026-04-22T09:56:27.694857+00:00,momentum,"Ethereum Up or Down - April 22, 5:45AM-5:50AM ET",DOWN,Down,2.0,0.51,,WIN,YES,1.9215686274509802,Down,0xabdd03319629ea4d62f18163623300c77e291a81e8479ff7601eaef544ebd7e3,91421987454320327677518390294334444503007079491698274624774979620685838815501
2026-04-22T09:45:02.551374+00:00,2026-04-22T09:57:27.879203+00:00,momentum,"Solana Up or Down - April 22, 5:45AM-5:50AM ET",DOWN,Down,4.0,0.53,,WIN,YES,3.547169811320754,Down,0xa32dab4a61249f411a203dcb9605d1d27424061102ae3e46e963fe3e5b380458,97103233846525171176134576482554197611435712393989591336960988289636597406613
2026-04-22T09:45:15.245545+00:00,2026-04-22T09:57:28.092074+00:00,momentum,"Bitcoin Up or Down - April 22, 5:45AM-5:50AM ET",DOWN,Down,8.0,0.51,,WIN,YES,7.686274509803921,Down,0x19e84d315f9949ef4ad5edcaeb607d1fc675c08539ee925c873ee33171885e1a,51830457186557025616071573498293242753472981490158737749132539102253785939169
2026-04-22T09:45:26.138758+00:00,2026-04-22T09:57:28.278710+00:00,momentum,"XRP Up or Down - April 22, 5:45AM-5:50AM ET",DOWN,Down,2.0,0.51,,WIN,YES,1.9215686274509802,Down,0x7d4facf3de5f20edaceeb83264e8741d753a0cae6306a79501eb69e77ca6de27,71518490751951297506996793403070807506959159600329411993598463204955190366390
2026-04-22T09:50:02.296649+00:00,2026-04-22T09:59:29.539623+00:00,momentum,"Ethereum Up or Down - April 22, 5:50AM-5:55AM ET",DOWN,Down,2.0,0.51,,WIN,YES,1.9215686274509802,Down,0x7975b838adbca2d4403f7f6e80f2dff56409528fcebc5726edcd36eadf29366b,59528030257229367400549023463684304785261882097098363124204444228731502096929
2026-04-22T09:50:08.535427+00:00,2026-04-22T09:59:29.658480+00:00,momentum,"Solana Up or Down - April 22, 5:50AM-5:55AM ET",UP,Up,2.0,0.52,,LOSS,NO,-2.0,Down,0x0d784b6a4f0656733aff7d651d195e0959b0ffd1b720a5d78814e5e5ec20a54d,39057665430455636337695004395383686473577443415670172609720237149994231922505
2026-04-22T09:50:01.045473+00:00,2026-04-22T10:00:29.367101+00:00,momentum,"XRP Up or Down - April 22, 5:50AM-5:55AM ET",UP,Up,2.0,0.51,,LOSS,NO,-2.0,Down,0x734e809066c837024814aca386cf732826d23cceae3817e197c87563328a3074,38169872591107417751933274124188745367557647697411771250796810400762537963078
2026-04-22T09:50:02.264561+00:00,2026-04-22T10:00:29.426850+00:00,momentum,"Bitcoin Up or Down - April 22, 5:50AM-5:55AM ET",UP,Up,2.0,0.51,,LOSS,NO,-2.0,Down,0xe24a833074ef01c6b347955395a3a37224afb85118330c6858d11c17ee0707e0,105373409588785868057113008377206476357986756914381489934382413713134201397091
2026-04-22T09:55:01.657794+00:00,2026-04-22T10:05:32.500314+00:00,momentum,"Ethereum Up or Down - April 22, 5:55AM-6:00AM ET",UP,Up,2.0,0.52,,WIN,YES,1.8461538461538458,Up,0xa01457a3aebe489d8efae0e6db9b4cb70cb4a1dafe2aeb7b67f8d395f00b9aa0,4239258635237232926035277601901073548228920215122992897205591398634248011481
2026-04-22T09:55:01.682060+00:00,2026-04-22T10:05:32.689593+00:00,momentum,"XRP Up or Down - April 22, 5:55AM-6:00AM ET",UP,Up,2.0,0.53,,WIN,YES,1.773584905660377,Up,0x9b0b94ab1d8dc6dc2cced8d2d2a8df417e5ea98180effe5f3d2e043829a73b50,15878557278181726973159377755656099304012207598122812810434157958462091417023
2026-04-22T09:55:01.609165+00:00,2026-04-22T10:06:32.145804+00:00,momentum,"Bitcoin Up or Down - April 22, 5:55AM-6:00AM ET",UP,Up,2.0,0.53,,WIN,YES,1.773584905660377,Up,0xd3aabfb4870a9f9fe9d10346214f4c05fc1390baa74233165ada28b1afe7aa47,100395868941940084531237111649594333458636510381004223811496337179470706484118
2026-04-22T09:55:01.633276+00:00,2026-04-22T10:06:32.387638+00:00,momentum,"Solana Up or Down - April 22, 5:55AM-6:00AM ET",UP,Up,2.0,0.51,,WIN,YES,1.9215686274509802,Up,0xe038cac61ac9f30946e9fc21d9f84d05ac24ebe6e57d7acaedb7e20ce6f54335,30843353471990439442293309477748802393339486896897911861819688805265459893772
2026-04-22T10:00:00.624230+00:00,2026-04-22T10:08:33.480323+00:00,momentum,"Ethereum Up or Down - April 22, 6:00AM-6:05AM ET",UP,Up,2.0,0.515,,LOSS,NO,-2.0,Down,0x115938cd82156ef4245bcf140f80ac8489a3c9fc938bde586b130bca7755cfcd,2191531834283715830930179604405467259105980398768472861305605595460443913024
2026-04-22T10:00:02.800403+00:00,2026-04-22T10:08:33.865008+00:00,momentum,"Bitcoin Up or Down - April 22, 6:00AM-6:05AM ET",DOWN,Down,2.0,0.51,,WIN,YES,1.9215686274509802,Down,0x45fff1cf714784c50ed5a9def5dfb0ec419a40d02c65f703cf22902a251ab5e7,92604287544603396084337186651286014299955352448380105404572960047483614825707
2026-04-22T10:00:05.934688+00:00,2026-04-22T10:08:33.913605+00:00,momentum,"XRP Up or Down - April 22, 6:00AM-6:05AM ET",UP,Up,2.0,0.52,,LOSS,NO,-2.0,Down,0x4b5e41d04550536fd47cc889972e31f1070f773ad148ac7cb083d3d9407b12f2,94322264054113535924607797125387072593449034494966394539471811163169590287651
2026-04-22T10:00:02.769936+00:00,2026-04-22T10:09:33.569362+00:00,momentum,"Solana Up or Down - April 22, 6:00AM-6:05AM ET",DOWN,Down,2.0,0.54,,WIN,YES,1.7037037037037033,Down,0xd69505e2a5f83ed422f90ed31132b401ad25fa16ba78778650e6628007213477,6317224733190249737032347219194861465689885474155616291005871632902723385308
2026-04-22T10:05:02.111639+00:00,2026-04-22T10:14:37.515631+00:00,momentum,"Bitcoin Up or Down - April 22, 6:05AM-6:10AM ET",UP,Up,2.0,0.56,,LOSS,NO,-2.0,Down,0x265dead63cd541a39eee46f1334fc31bdf9e8db9262e5f663e64abe2543d7c2a,48087744097994575656078867127192547526984415341889078203569464093715904016642
2026-04-22T10:05:02.134230+00:00,2026-04-22T10:14:37.687338+00:00,momentum,"Ethereum Up or Down - April 22, 6:05AM-6:10AM ET",UP,Up,4.0,0.59,,WIN,YES,2.779661016949153,Up,0x52b50efcd40c5263cbf7723308c92d36e6c8d14ef66bbb52ad080a16a7485ae5,69144403085325737713474698024451539001960842313270289606186273933954667207198
2026-04-22T10:05:02.169843+00:00,2026-04-22T10:14:37.736090+00:00,momentum,"Solana Up or Down - April 22, 6:05AM-6:10AM ET",UP,Up,2.0,0.51,,LOSS,NO,-2.0,Down,0xc88f303a46ce3917f6ab23b87f1f13014771814a2ed43e44485fea24c30cb3e3,69288812156712463461027044779793334675143414764131289673345456210614946872014
2026-04-22T10:05:05.456855+00:00,2026-04-22T10:15:37.935115+00:00,momentum,"XRP Up or Down - April 22, 6:05AM-6:10AM ET",UP,Up,4.0,0.58,,LOSS,NO,-4.0,Down,0x9c7ddc230b5e1b958cffe40cba02b57f5b30e2d6a902e4407c982bc09d264b7f,59632129868700143101541075921779569536055397299632081528282468166855313589690
2026-04-22T10:10:02.803073+00:00,2026-04-22T10:20:40.334036+00:00,momentum,"Bitcoin Up or Down - April 22, 6:10AM-6:15AM ET",UP,Up,4.0,0.53,,WIN,YES,3.547169811320754,Up,0x4946e8fc7a1e3243d7916c001770b1ad5f12663f9a1c46eeda4b2e386f9581dd,27937953687292948871803050873813081097569071974087020518280844738052960658698
2026-04-22T10:10:12.052475+00:00,2026-04-22T10:20:40.405289+00:00,momentum,"Solana Up or Down - April 22, 6:10AM-6:15AM ET",DOWN,Down,4.0,0.51,,LOSS,NO,-4.0,Up,0x9656ab28d37894a00a24b73463de278c549e9d67ae4d3cc85033162977500254,100521937685322787987040085629724236546866256319988936746734034500746015909538
2026-04-22T10:10:00.438027+00:00,2026-04-22T10:21:41.024528+00:00,momentum,"XRP Up or Down - April 22, 6:10AM-6:15AM ET",UP,Up,8.0,0.51,,WIN,YES,7.686274509803921,Up,0xdde4ec5127e47c142574b2588143a6d8548d60bfb19d90303659aa62d2c0c377,47441725455726519349212824132482147076118491564813599238875926335471415477856
2026-04-22T10:10:02.781261+00:00,2026-04-22T10:21:41.183701+00:00,momentum,"Ethereum Up or Down - April 22, 6:10AM-6:15AM ET",UP,Up,2.0,0.54,,WIN,YES,1.7037037037037033,Up,0x48a86591a165f69df0ef97c789101ca8fbbb8a4079e5c36c33af9b9c16ef25ce,37981894277549050727459990883954933468491148908829133152853941641809524466689
2026-04-22T10:15:04.251480+00:00,2026-04-22T10:23:42.543424+00:00,momentum,"XRP Up or Down - April 22, 6:15AM-6:20AM ET",UP,Up,2.0,0.54,,LOSS,NO,-2.0,Down,0x174b5c68dc13a5495ade490807470c46852bc30e0fecbbf5efaf3f9c4645dd9b,103788314843591580614477018778136875200367775639464403685671867096236397432474
2026-04-22T10:15:07.429861+00:00,2026-04-22T10:23:42.777938+00:00,momentum,"Bitcoin Up or Down - April 22, 6:15AM-6:20AM ET",UP,Up,2.0,0.51,,LOSS,NO,-2.0,Down,0x0a151e6c039a2db6b5d2be3475687e854537044c435edaaeaf3a109df8ac064b,9358935625526607149078358984219165398364891510378603555440877864656103471770
2026-04-22T10:15:04.226279+00:00,2026-04-22T10:24:42.887247+00:00,momentum,"Ethereum Up or Down - April 22, 6:15AM-6:20AM ET",UP,Up,2.0,0.58,,WIN,YES,1.4482758620689657,Up,0xad942d9b4f6119e2822b566fc72504bd63b05a44157fc197da8e0bbfc54bcc17,67474594296146780593014717315284113968324668229960960172438520306108454348933
2026-04-22T10:15:07.403092+00:00,2026-04-22T10:24:42.933766+00:00,momentum,"Solana Up or Down - April 22, 6:15AM-6:20AM ET",UP,Up,8.0,0.55,,LOSS,NO,-8.0,Down,0x261c2844f4caedb2b7f8658803c79f50d4a36cfc3fd37a19c0464d8ccff55cbd,11965208329825351490508475576702902643450467608295132330613421135620154398221
2026-04-22T10:20:00.524642+00:00,2026-04-22T10:30:44.893836+00:00,momentum,"XRP Up or Down - April 22, 6:20AM-6:25AM ET",UP,Up,4.0,0.51,,LOSS,NO,-4.0,Down,0x4649093a0af6fd1521a01f509ec856baf702a2f86e08b76bb1a5b836e174b881,74443505142977344738014403951772304281920090669865957228509247177587840239025
2026-04-22T10:20:08.062198+00:00,2026-04-22T10:30:45.089865+00:00,momentum,"Ethereum Up or Down - April 22, 6:20AM-6:25AM ET",DOWN,Down,2.0,0.52,,WIN,YES,1.8461538461538458,Down,0x6b00328d7a9f3139b6856dfb3568fbdc6e0fe83e87d0185bbe0b7923ac9bb190,18387171066344421158685487910183289505900381515179391414618905425135898974770
2026-04-22T10:20:11.163444+00:00,2026-04-22T10:30:45.134426+00:00,momentum,"Solana Up or Down - April 22, 6:20AM-6:25AM ET",UP,Up,2.0,0.52,,LOSS,NO,-2.0,Down,0xcc83fcdde3d117016a20dc921f5cde64bc594aba4921596af9095764693dc794,85759437186869069014208360076865533414328534473669039979639928339778258717994
2026-04-22T10:20:15.318515+00:00,2026-04-22T10:30:45.315144+00:00,momentum,"Bitcoin Up or Down - April 22, 6:20AM-6:25AM ET",DOWN,Down,2.0,0.52,,WIN,YES,1.8461538461538458,Down,0xc2bebd21ab8899cdcb06c8181870be2b913767ac132b76920c522fedf2ad0781,105878557807130027733019749699759806144555761714372551320487316489869635899113
2026-04-22T10:25:00.836458+00:00,2026-04-22T10:35:48.260191+00:00,momentum,"XRP Up or Down - April 22, 6:25AM-6:30AM ET",UP,Up,2.0,0.51,,WIN,YES,1.9215686274509802,Up,0x2a4c987916d45cb25d9e951a518574d7df04398f49b18dc01b820ac2cf4e96df,115235020055194241724337927134905971777303201600548193757734260171773573597331
2026-04-22T10:25:02.958235+00:00,2026-04-22T10:36:48.194841+00:00,momentum,"Bitcoin Up or Down - April 22, 6:25AM-6:30AM ET",UP,Up,2.0,0.53,,WIN,YES,1.773584905660377,Up,0x5bbae4bbfad26731214de590cd8547e25ea046af2e7c05d3a4ffb4fa32e55a0f,17813580615555456570315691598661166626385568169857031202087677347248063404450
2026-04-22T10:25:06.125274+00:00,2026-04-22T10:36:48.378591+00:00,momentum,"Ethereum Up or Down - April 22, 6:25AM-6:30AM ET",UP,Up,2.0,0.51,,WIN,YES,1.9215686274509802,Up,0x7811ec2426163b93c2b3c6accfb22f720d1a87384cbba52dd6cfebd4afead973,108154766298426047983457144072427737588170575472009358275825269822178077573631
2026-04-22T10:25:09.237752+00:00,2026-04-22T10:36:48.597127+00:00,momentum,"Solana Up or Down - April 22, 6:25AM-6:30AM ET",UP,Up,4.0,0.51,,WIN,YES,3.8431372549019605,Up,0x8505b8cd22d24eb1ab74b924f283f2014ffb72d84045f04cf3d46e6497cfd5a3,113405455133370319863509808003412461938439154493201359079721224056754075516864
2026-04-22T10:30:01.758811+00:00,2026-04-22T10:38:49.041982+00:00,momentum,"Bitcoin Up or Down - April 22, 6:30AM-6:35AM ET",UP,Up,2.0,0.99,,WIN,YES,0.020202020202020332,Up,0xfb4880c1c15e93d10d370754781e1ea68c998a786a072d24cc884caf12dfeafb,87949183194058848086047381798675780911514739482425435188121126857393989301300
2026-04-22T10:30:00.683627+00:00,2026-04-22T10:39:49.422626+00:00,momentum,"XRP Up or Down - April 22, 6:30AM-6:35AM ET",UP,Up,2.0,0.51,,WIN,YES,1.9215686274509802,Up,0xd3719abf8615cdbd73ae363719cb90bb664ec912eba9977372bbaf5f686f21e2,112090899490934385592439375544991118019879820753552227863219671797742137153529
2026-04-22T10:30:00.711985+00:00,2026-04-22T10:39:49.467550+00:00,momentum,"Solana Up or Down - April 22, 6:30AM-6:35AM ET",DOWN,Down,2.0,0.51,,LOSS,NO,-2.0,Up,0xffe24446407140460e81bacd7fc5fd0916feda12b9443b985fe10799cfcec97e,61260884265947787119234779182228975776122511483045922409171290732770438006842
2026-04-22T10:30:01.783539+00:00,2026-04-22T10:39:49.661593+00:00,momentum,"Ethereum Up or Down - April 22, 6:30AM-6:35AM ET",UP,Up,2.0,0.99,,WIN,YES,0.020202020202020332,Up,0x501b7eb158732a19e7de6177f457bacb52f901664412608695940dc1e212d876,104502560863476203303930497290257434356871366089729967007707009409093323142425
2026-04-22T10:35:00.142314+00:00,2026-04-22T10:44:52.982777+00:00,momentum,"XRP Up or Down - April 22, 6:35AM-6:40AM ET",UP,Up,2.0,0.525,,LOSS,NO,-2.0,Down,0xe8e405395852451509d8aea3f464cab36ca22b1d28f8b384d9b8ca9383095814,55226199357311988094859631743326672950383904551313476306245904866390497035794
2026-04-22T10:35:02.311162+00:00,2026-04-22T10:44:53.174133+00:00,momentum,"Bitcoin Up or Down - April 22, 6:35AM-6:40AM ET",DOWN,Down,2.0,0.52,,WIN,YES,1.8461538461538458,Down,0x7215779c84151eb839e8477d9277b6753951d726ac352e006dcc6ab090b2c0eb,17688727292222638184853818230519796945448156148568076528041161860279390048326
2026-04-22T10:35:02.342371+00:00,2026-04-22T10:45:53.897882+00:00,momentum,"Solana Up or Down - April 22, 6:35AM-6:40AM ET",DOWN,Down,4.0,0.57,,WIN,YES,3.0175438596491233,Down,0x786a494c499ffcce28985520f23efc84943945107fe716c9cba9361bdb0a6525,16506090613771928185823259099418272610688984027121149045504028533002949521274
2026-04-22T10:35:05.749597+00:00,2026-04-22T10:45:53.946757+00:00,momentum,"Ethereum Up or Down - April 22, 6:35AM-6:40AM ET",UP,Up,2.0,0.63,,LOSS,NO,-2.0,Down,0xce05d1ea5f55fe1c042734d828909d12e48579834377a428fcf10caf14b79492,43296794601078816668080919474307985023745466456716464680208341126912002737871
2026-04-22T10:40:00.903897+00:00,2026-04-22T10:50:57.355250+00:00,momentum,"Ethereum Up or Down - April 22, 6:40AM-6:45AM ET",DOWN,Down,4.0,0.51,,WIN,YES,3.8431372549019605,Down,0xad6b3b94a6c582e3e410cd3ba29651b443388d9b1dbd2408e7571b0f4e2d669f,93360608225550168972749254895109248945893909259460617774963306191066072608508
2026-04-22T10:40:04.036142+00:00,2026-04-22T10:50:57.400629+00:00,momentum,"Solana Up or Down - April 22, 6:40AM-6:45AM ET",DOWN,Down,2.0,0.51,,LOSS,NO,-2.0,Up,0xe7d6b6d6db7e45eefb5b705f0dc7e27968e297ad311fd9854f18084afaca8ff6,114679647603633940458443086771859225882727756121170630451468053094186365347891
2026-04-22T10:40:00.831334+00:00,2026-04-22T10:51:57.703385+00:00,momentum,"Bitcoin Up or Down - April 22, 6:40AM-6:45AM ET",DOWN,Down,2.0,0.53,,WIN,YES,1.773584905660377,Down,0xf9b8f110bc9ddcd00ce104c8ea4d7ecf945262dda284e913e02cba8964e8381f,109602085112653648207950374262842554746269990655216950752183627203142732815929
2026-04-22T10:40:00.865705+00:00,2026-04-22T10:51:57.901478+00:00,momentum,"XRP Up or Down - April 22, 6:40AM-6:45AM ET",DOWN,Down,4.0,0.53,,WIN,YES,3.547169811320754,Down,0x703c5faa704ceb382942053eea5ce9c91efd1ecf6397911399a52f6ce2c21007,24885428499434196790216102402977275239133891958844123235627522648252469219991
2026-04-22T10:45:00.391342+00:00,2026-04-22T10:52:58.870165+00:00,momentum,"Bitcoin Up or Down - April 22, 6:45AM-6:50AM ET",DOWN,Down,2.0,0.51,,WIN,YES,1.9215686274509802,Down,0x954397f3b218a4f72890a4b745f6b189ac6e211e364da002ff40ba29c6c2a855,100895913805393046748419064926771392303280858726964523373349545807802812191046
2026-04-22T10:45:02.505394+00:00,2026-04-22T10:54:59.844400+00:00,momentum,"Solana Up or Down - April 22, 6:45AM-6:50AM ET",DOWN,Down,2.0,0.51,,WIN,YES,1.9215686274509802,Down,0x036ecab27dbbb88cbec7f4fe4a2367d383a53a4daa22413fa5fb266c30e8b3ad,84869025335826102610848555572734964414675051314060064413282962889382368838298
2026-04-22T10:45:02.538621+00:00,2026-04-22T10:54:59.892483+00:00,momentum,"XRP Up or Down - April 22, 6:45AM-6:50AM ET",DOWN,Down,2.0,0.51,,LOSS,NO,-2.0,Up,0x39edffd5f88429023c120f5337a8c11745e287b493b8864cbce822ed859bf555,9880179043982262731012695205916650313738257789751111702787853248499960581900
2026-04-22T10:45:08.718865+00:00,2026-04-22T10:54:59.939957+00:00,momentum,"Ethereum Up or Down - April 22, 6:45AM-6:50AM ET",DOWN,Down,2.0,0.51,,LOSS,NO,-2.0,Up,0x677802ce6a99d22ea11e5aec23bc473e417c160886f9717e529e6943d8cece3b,114227113604048946223439204750992520456681487491833426103345935039262217202119
2026-04-22T10:50:02.204462+00:00,2026-04-22T11:00:03.201812+00:00,momentum,"Ethereum Up or Down - April 22, 6:50AM-6:55AM ET",DOWN,Down,4.0,0.58,,WIN,YES,2.8965517241379315,Down,0xd3f54b74721085ecefa4b8d55869d5a107dc0d8cb72c74dfbe6a6ed1c8b9d9cc,85622188008083490346716088590935292587270496651691800157111891686268694611515
2026-04-22T10:50:02.291391+00:00,2026-04-22T11:00:03.383045+00:00,momentum,"Solana Up or Down - April 22, 6:50AM-6:55AM ET",DOWN,Down,2.0,0.52,,WIN,YES,1.8461538461538458,Down,0x28007b17ad025e5030fc9bfc643afa83fc9aadbcce78017acf75146db8ea7cdc,44780921788899455955369813083259241798920638069674074214393477536614218616811
2026-04-22T10:50:02.440315+00:00,2026-04-22T11:00:03.468104+00:00,momentum,"Bitcoin Up or Down - April 22, 6:50AM-6:55AM ET",DOWN,Down,2.0,0.52,,LOSS,NO,-2.0,Up,0x4666c84a52138a1d9bd766909efe7221e1f63abdcfe1785f7526c1f4552af468,92716842805148490222104255859771517676718655917713944094498786526999231840744
2026-04-22T10:50:02.485359+00:00,2026-04-22T11:00:03.786904+00:00,momentum,"XRP Up or Down - April 22, 6:50AM-6:55AM ET",DOWN,Down,4.0,0.51,,WIN,YES,3.8431372549019605,Down,0x44989387741fe801694f21f309aefecb26a8af1cdf51493e90928069bfd034a2,13524398389870026972900878490547054363704930300552903952058716211642975984498
2026-04-22T10:55:04.985474+00:00,2026-04-22T11:05:05.953983+00:00,momentum,"XRP Up or Down - April 22, 6:55AM-7:00AM ET",DOWN,Down,2.0,0.62,,WIN,YES,1.2258064516129035,Down,0x1ff36c0b393f94107d8e31b7ddccd82ce43d1a2d9d68394838d2f631114af5f9,41769649644583712259645809890701716003099692816663166140863318251865085852584
2026-04-22T10:55:05.019488+00:00,2026-04-22T11:06:06.491625+00:00,momentum,"Ethereum Up or Down - April 22, 6:55AM-7:00AM ET",DOWN,Down,2.0,0.59,,LOSS,NO,-2.0,Up,0xb884ec9bba82c10e66fa6d11b30a4c770a95146fcdc5079d19bf1a3e7f659d00,50069566092811093530887388542784380365133472689345441798255142193213842067645
2026-04-22T10:55:04.956861+00:00,2026-04-22T11:07:07.161720+00:00,momentum,"Solana Up or Down - April 22, 6:55AM-7:00AM ET",DOWN,Down,2.0,0.58,,LOSS,NO,-2.0,Up,0x85185ab9e901f0bd26a1a03f654b81ce9318971ff8fc121f05a720a7f6d924ea,69374574138186158248976827575552112878368472105222613061689726803093372664106
2026-04-22T10:55:05.054620+00:00,2026-04-22T11:07:07.218524+00:00,momentum,"Bitcoin Up or Down - April 22, 6:55AM-7:00AM ET",DOWN,Down,2.0,0.59,,LOSS,NO,-2.0,Up,0xc92501c4b4948071711f855a958fd74c527a75b981e5c90912226d0d96d88889,20267825361594172978598428749065235206857458204150835705237263181873942753081
2026-04-22T11:00:00.978245+00:00,2026-04-22T11:09:09.045964+00:00,momentum,"Ethereum Up or Down - April 22, 7:00AM-7:05AM ET",UP,Up,4.0,0.54,,WIN,YES,3.4074074074074066,Up,0x9e4d3a56900448fdc5980f73df16806715fd5f3f26b047c1fb630d761e69d02b,17253656410247436812017919552346975336544008305080642580631449172640529049038
2026-04-22T11:00:06.342086+00:00,2026-04-22T11:09:09.259541+00:00,momentum,"Bitcoin Up or Down - April 22, 7:00AM-7:05AM ET",UP,Up,4.0,0.62,,WIN,YES,2.451612903225807,Up,0xb1d2c669aa2979d2bfec0fda372aad3be3918024a9a27700cd6d43bc4c3145c9,8717334964248171230984004718297338620699153458478955982274949413061470839858
2026-04-22T11:00:06.364496+00:00,2026-04-22T11:09:09.421827+00:00,momentum,"XRP Up or Down - April 22, 7:00AM-7:05AM ET",UP,Up,2.0,0.51,,WIN,YES,1.9215686274509802,Up,0x4c09bde978654ded3c0314c8625e091f43c14ac3cc2487ffe30274939e4909f4,63230674871552584281809611840827412713712978288405616153636765540213343352499
2026-04-22T11:00:06.393959+00:00,2026-04-22T11:09:09.473946+00:00,momentum,"Solana Up or Down - April 22, 7:00AM-7:05AM ET",UP,Up,4.0,0.53,,LOSS,NO,-4.0,Down,0x6140ad1db2125413943b9db2d61f29c4389792ba8243aa47dd87aec8d5a0ec9d,53185500746434286191234800638323027858637797807963264993430417062510716860992
2026-04-22T11:05:05.533040+00:00,2026-04-22T11:14:12.738765+00:00,momentum,"XRP Up or Down - April 22, 7:05AM-7:10AM ET",UP,Up,2.0,0.57,,LOSS,NO,-2.0,Down,0xc7112291fb5769bd737891b079de43439ef8cc58f423b4dd3f069d93005bbd6c,15624600058928765431700631184629629050469068028672495498657485365809922629602
2026-04-22T11:05:01.959524+00:00,2026-04-22T11:15:13.250734+00:00,momentum,"Ethereum Up or Down - April 22, 7:05AM-7:10AM ET",UP,Up,2.0,0.58,,LOSS,NO,-2.0,Down,0x6cf4c04e16a28d25f4ee3a94f22adaaa8f3e5100c0910aac1029210f8ef5c1f4,13948486803411780415199977882338006289387786299772455434970025566771762604188
2026-04-22T11:05:05.501751+00:00,2026-04-22T11:15:13.555531+00:00,momentum,"Bitcoin Up or Down - April 22, 7:05AM-7:10AM ET",UP,Up,2.0,0.53,,LOSS,NO,-2.0,Down,0xc530f9fbbb845d931d6e0a25c0239925808aded179c132ee9d672d62a17cfd27,59789072935673343794463615120188445850005571267306398152372226346947985679035
2026-04-22T11:05:05.476464+00:00,2026-04-22T11:16:13.517353+00:00,momentum,"Solana Up or Down - April 22, 7:05AM-7:10AM ET",UP,Up,2.0,0.62,,LOSS,NO,-2.0,Down,0x60b8a78ec297ca8a7637913c5677f9a1d0c3a78cdbefc770f7ecf4568ccd3fd8,111579194764895177104300168800764017726798568507037791996155047303841525843160
2026-04-22T11:10:01.257211+00:00,2026-04-22T11:21:15.418548+00:00,momentum,"Ethereum Up or Down - April 22, 7:10AM-7:15AM ET",UP,Up,4.0,0.52,,WIN,YES,3.6923076923076916,Up,0x6d1c6e0d29167625b0e1eb0b4360d568ab6e2d60545d3664ea84f09ebbdb4839,65244221475877098182680611896178158896211806829662208470243026849731361833364
2026-04-22T11:10:01.288463+00:00,2026-04-22T11:21:15.610983+00:00,momentum,"Bitcoin Up or Down - April 22, 7:10AM-7:15AM ET",UP,Up,4.0,0.57,,WIN,YES,3.0175438596491233,Up,0xfba2c2ac9b39762c2cc45e6f63d78ca395ede70562fff4db77ab229fe29257bd,62887630957162487592349440531977214294456069283581191348238810759523980441642
2026-04-22T11:10:04.462505+00:00,2026-04-22T11:21:15.799776+00:00,momentum,"XRP Up or Down - April 22, 7:10AM-7:15AM ET",UP,Up,4.0,0.59,,WIN,YES,2.779661016949153,Up,0xc6e6ec4b9f4044f47fb6036afd4c8d11b906d1a0fe15818edae7e86ff678a4bb,107266177230957693396783944317350452776502685124384101892447017021064410338359
2026-04-22T11:10:04.500646+00:00,2026-04-22T11:21:15.982355+00:00,momentum,"Solana Up or Down - April 22, 7:10AM-7:15AM ET",UP,Up,4.0,0.57,,WIN,YES,3.0175438596491233,Up,0xde689c5006b0180d5123dcffaf5e2c3bbd395fb558a29ed327b2b9dcb1459ceb,1610266859145687695768837603972084239661243999516045275639932898308447910683
2026-04-22T11:15:13.106699+00:00,2026-04-22T11:23:17.714434+00:00,momentum,"Solana Up or Down - April 22, 7:15AM-7:20AM ET",DOWN,Down,2.0,0.52,,LOSS,NO,-2.0,Up,0x001d95b73ecb7058353f989a60db7e2587f2a8933743c5d56d9437707ae333c7,37967606361308572303191232768103713564097326818679073344977290537212342657265
2026-04-22T11:15:03.376108+00:00,2026-04-22T11:24:18.092524+00:00,momentum,"XRP Up or Down - April 22, 7:15AM-7:20AM ET",DOWN,Down,2.0,0.55,,LOSS,NO,-2.0,Up,0x3f0010138199420a868d2a2a6e8d37fcc34fef1f05511cf0973aa8e7202e3e95,1368250058872688701320849710632553818943378921025973308516489811107486310763
2026-04-22T11:15:03.402471+00:00,2026-04-22T11:24:18.303430+00:00,momentum,"Ethereum Up or Down - April 22, 7:15AM-7:20AM ET",UP,Up,2.0,0.51,,WIN,YES,1.9215686274509802,Up,0x6859b983597daee8e6baa28bb2837e0a2ddbfbde755a694b5e07c9bfe5868c59,115735494827832780240597699140368492509937315101481876612140493686148566337851
2026-04-22T11:15:03.350700+00:00,2026-04-22T11:25:18.527585+00:00,momentum,"Bitcoin Up or Down - April 22, 7:15AM-7:20AM ET",UP,Up,2.0,0.52,,WIN,YES,1.8461538461538458,Up,0xb96c204a86e715653df10b268b5f8929f0c9d1ed574af262ba38a1244dcf651a,91627037767177850030353642427895085860771585207268142231397270102014881965620
2026-04-22T11:20:02.171047+00:00,2026-04-22T11:30:21.181914+00:00,momentum,"Bitcoin Up or Down - April 22, 7:20AM-7:25AM ET",UP,Up,2.0,0.55,,WIN,YES,1.6363636363636362,Up,0x8bc909ef2ed9d238770791ccdbe85e7636c29d9c23d4e83fd391a16598f19d95,98457507961835729402913532419357332762952376153960171427374294387013827518537
2026-04-22T11:20:02.209777+00:00,2026-04-22T11:30:21.410068+00:00,momentum,"Ethereum Up or Down - April 22, 7:20AM-7:25AM ET",UP,Up,2.0,0.52,,WIN,YES,1.8461538461538458,Up,0x702373e45c11ce90bb85164548d0f6dfa51049229a7860230a711ae6bc72c58e,341439673129951524922041497708844254872073898878817612962289882379565234650
2026-04-22T11:20:11.529125+00:00,2026-04-22T11:30:21.656689+00:00,momentum,"XRP Up or Down - April 22, 7:20AM-7:25AM ET",UP,Up,4.0,0.54,,LOSS,NO,-4.0,Down,0x0cee029e9bbe8b97b5522d72ba9f346a11b17b12274bd39d4526024864ae4f9b,8724519149898509052981524376563117506887014230541009837984958376338146869439
2026-04-22T11:20:02.242357+00:00,2026-04-22T11:31:22.005202+00:00,momentum,"Solana Up or Down - April 22, 7:20AM-7:25AM ET",DOWN,Down,4.0,0.53,,WIN,YES,3.547169811320754,Down,0x1165f1bad5fd213e8fb4c02a74b80e3c7672be9015f248937a1fa6274ae3a291,75114244079867068915497375425455798438266003970046642380695312197701623743432
2026-04-22T11:25:01.201786+00:00,2026-04-22T11:36:24.267674+00:00,momentum,"Bitcoin Up or Down - April 22, 7:25AM-7:30AM ET",DOWN,Down,2.0,0.54,,LOSS,NO,-2.0,Up,0xbf239a9c3ed724faa6f0fff43c3e4ccb9e202bac96d9d59305e7e794722463f8,95571429093103866377806214469586332210219206935349971226815550713919092506778
2026-04-22T11:25:01.247349+00:00,2026-04-22T11:36:24.447485+00:00,momentum,"Solana Up or Down - April 22, 7:25AM-7:30AM ET",DOWN,Down,2.0,0.52,,WIN,YES,1.8461538461538458,Down,0x6091b7564828dda25a759c8c4326ef3df801254a76544576b811ef35c6d89cf6,70621111347768890822156120972749708049571596751005151183391049784822912804101
2026-04-22T11:25:01.297990+00:00,2026-04-22T11:37:24.866899+00:00,momentum,"XRP Up or Down - April 22, 7:25AM-7:30AM ET",UP,Up,8.0,0.51,,WIN,YES,7.686274509803921,Up,0xf87989a8b9d8222e995eb9942b42b45c184a4d77ff149f166e7446f9bc4aa8df,23676411177509772784052850107606406954505882937613044785596834599391979062929
2026-04-22T11:25:01.348782+00:00,2026-04-22T11:37:24.925413+00:00,momentum,"Ethereum Up or Down - April 22, 7:25AM-7:30AM ET",DOWN,Down,2.0,0.54,,LOSS,NO,-2.0,Up,0x611d7a7f3b304d89a717733fb316c84fd395d9d427ceb8fd9ef8234e8f2dfea4,5597366869145603863034238108252264012497955713526254465204750037736129574821
2026-04-22T11:30:00.456213+00:00,2026-04-22T11:38:25.411667+00:00,momentum,"Bitcoin Up or Down - April 22, 7:30AM-7:35AM ET",DOWN,Down,4.0,0.515,,LOSS,NO,-4.0,Up,0x3fe080b122b30ab9b0f534ac5b4a7dbc63577101fc6bdab30b8479a26ea60443,39717797408253813896032002146100145317458439712766595919563189226934214226096
2026-04-22T11:30:02.059756+00:00,2026-04-22T11:39:25.859749+00:00,momentum,"Ethereum Up or Down - April 22, 7:30AM-7:35AM ET",UP,Up,2.0,0.51,,WIN,YES,1.9215686274509802,Up,0xa436b42247115421236b29dff0e764fcaff7c515fa177d3119309651601ca184,71990737268207523866535420418856316072756413161596035837791392410175444764511
2026-04-22T11:30:08.870178+00:00,2026-04-22T11:39:26.095936+00:00,momentum,"XRP Up or Down - April 22, 7:30AM-7:35AM ET",DOWN,Down,16.0,0.56,,LOSS,NO,-16.0,Up,0x668d80b97403aabcc6926090466f076d4762d1e47d4f06c154e7cad00efb537b,90475895542403182479273289288505050687801272006980720692167668166951862158387
2026-04-22T11:30:05.216024+00:00,2026-04-22T11:42:27.093269+00:00,momentum,"Solana Up or Down - April 22, 7:30AM-7:35AM ET",DOWN,Down,2.0,0.51,,LOSS,NO,-2.0,Up,0x0f3534b20ca851857801dfd7aacb387f14cdb7b2f325f3510d6841a08e1866f1,18209891987582936967790842150410362043281954766027253885260889781057010627696
2026-04-22T11:35:00.793188+00:00,2026-04-22T11:44:28.175147+00:00,momentum,"XRP Up or Down - April 22, 7:35AM-7:40AM ET",UP,Up,16.0,0.99,,LOSS,NO,-16.0,Down,0x1a9b1ee7073b86579cd1d989f493df0fe476f1936f8ba57be810800b85f0be83,29665767278265912968834386900690364458867718181070994123104320439826791340989
2026-04-22T11:35:00.844649+00:00,2026-04-22T11:44:28.462024+00:00,momentum,"Solana Up or Down - April 22, 7:35AM-7:40AM ET",DOWN,Down,4.0,0.51,,WIN,YES,3.8431372549019605,Down,0x3421656b5589e5a2b74c0c54c65d85756e74a380a766972e9b2c28a097d4c3e5,15794063532628165171170020710970236473914976933227116668060263937841869891661
2026-04-22T11:35:00.759328+00:00,2026-04-22T11:45:29.055372+00:00,momentum,"Bitcoin Up or Down - April 22, 7:35AM-7:40AM ET",DOWN,Down,8.0,0.56,,WIN,YES,6.285714285714285,Down,0x2efeeec32a170a6ba704336022b01ed0230ec6d47f08228f1fe9d8e74e83626f,11363927471057415523955130286182868805107048508630546165778131919616516031084
2026-04-22T11:35:00.885144+00:00,2026-04-22T11:45:29.398520+00:00,momentum,"Ethereum Up or Down - April 22, 7:35AM-7:40AM ET",DOWN,Down,4.0,0.53,,WIN,YES,3.547169811320754,Down,0x1509331629bacdc0b87966b6620ef47a625750c5629c70f84ee9a43000fabc8a,40445643166078713288265572880786274498999249422227607398182419042015737810224
2026-04-22T11:40:05.565178+00:00,2026-04-22T11:51:32.123543+00:00,momentum,"XRP Up or Down - April 22, 7:40AM-7:45AM ET",DOWN,Down,2.0,0.58,,WIN,YES,1.4482758620689657,Down,0xcc855828ea3fef4f2bb2afdc3f055e74e93af8a800bcebc1243b345b6fc94d8b,42966006935095170711006206712924115671026791817571199890101382845434557238491
2026-04-22T11:40:05.591757+00:00,2026-04-22T11:51:32.309308+00:00,momentum,"Solana Up or Down - April 22, 7:40AM-7:45AM ET",DOWN,Down,2.0,0.55,,WIN,YES,1.6363636363636362,Down,0xdd048a99d07d62d0dcefce966b534fbffba6c1c4e13f007cd20daa51f2f3a40b,14205739438290230572186929213492977975131954373421347873050620068116812972793
2026-04-22T11:40:05.623087+00:00,2026-04-22T11:51:32.362466+00:00,momentum,"Ethereum Up or Down - April 22, 7:40AM-7:45AM ET",DOWN,Down,2.0,0.58,,LOSS,NO,-2.0,Up,0x43f9f5ac8de4bd9690dd540e76c347d1ce30e7a2d0bcec60e4c0da736597a75a,80390227474501564687562791088304033734788599127839175307083294445034392584540
2026-04-22T11:40:00.141644+00:00,2026-04-22T11:52:32.648138+00:00,momentum,"Bitcoin Up or Down - April 22, 7:40AM-7:45AM ET",DOWN,Down,2.0,0.525,,WIN,YES,1.8095238095238093,Down,0xcc55caa0a9df731c21448c7ee25523001ab27c3e70eaee33f13cee37a6a1e17a,107498910242665065564641012475239473462436845576439818363663655024751290441438
2026-04-22T11:45:01.406846+00:00,2026-04-22T11:57:36.718565+00:00,momentum,"Ethereum Up or Down - April 22, 7:45AM-7:50AM ET",UP,Up,4.0,0.54,,WIN,YES,3.4074074074074066,Up,0xdbac90d138279fddc3f506193eabef3047f281be4f8e90fe1e16491eeb0c71f6,17178801638767224229835873881341614417604301476089450538995918411665307593906
2026-04-22T11:45:04.603856+00:00,2026-04-22T11:57:36.916822+00:00,momentum,"Solana Up or Down - April 22, 7:45AM-7:50AM ET",UP,Up,2.0,0.54,,WIN,YES,1.7037037037037033,Up,0xc701bba9a51a229a156f706f5764a5f4b8234023822ddce46e60d0159ca85d00,36175986710758755832386903954061698083371086521275873418592243026662710476534
2026-04-22T11:45:07.707410+00:00,2026-04-22T11:57:37.095340+00:00,momentum,"XRP Up or Down - April 22, 7:45AM-7:50AM ET",UP,Up,2.0,0.51,,WIN,YES,1.9215686274509802,Up,0x28a94a3e1f035bfae6c0c433ac856e150894aed19b3479e3c17e278b2ed5bada,26716614914214642078875767326839109169157082041337218223567300486202636217016
2026-04-22T11:45:07.736350+00:00,2026-04-22T11:57:37.316757+00:00,momentum,"Bitcoin Up or Down - April 22, 7:45AM-7:50AM ET",UP,Up,2.0,0.53,,WIN,YES,1.773584905660377,Up,0x42b7a09ef2a13682f9be22500303f8312e1810b1e3454610cf9518586767d8eb,85855694610011154791161017587134109834880887972538154342636438741576559426745
2026-04-22T11:50:04.769481+00:00,2026-04-22T11:59:38.173830+00:00,momentum,"Bitcoin Up or Down - April 22, 7:50AM-7:55AM ET",DOWN,Down,2.0,0.57,,WIN,YES,1.5087719298245617,Down,0x91ad0b76d77408137405ab502f3d78aad4698c60f16d8b743288c33c8994abbf,101835699379926909807701021275161770672834350991765290000561005909692881959357
2026-04-22T11:50:01.523318+00:00,2026-04-22T12:00:37.553716+00:00,momentum,"Solana Up or Down - April 22, 7:50AM-7:55AM ET",DOWN,Down,2.0,0.57,,LOSS,NO,-2.0,Up,0x40400d5295db34f57311745dd79b4e4812d3da963278741cc1a227b06cc869b4,86526735085778187945708657687937039947370433898911202485655405628161268167901
2026-04-22T11:50:01.559653+00:00,2026-04-22T12:00:37.604400+00:00,momentum,"Ethereum Up or Down - April 22, 7:50AM-7:55AM ET",DOWN,Down,2.0,0.53,,LOSS,NO,-2.0,Up,0x95e1c5d459321b9b55626f95f7a5f58406b2460727e8f17750d600b01bb63011,56030803374456919907810531360516810373921989647361984198949847312619846827496
2026-04-22T11:50:01.606424+00:00,2026-04-22T12:00:37.655344+00:00,momentum,"XRP Up or Down - April 22, 7:50AM-7:55AM ET",DOWN,Down,2.0,0.55,,LOSS,NO,-2.0,Up,0x7e720ff80edf781c60522d062250432b382742369a610c1f40b9dc39103f7b32,38342742751489868946209354452237810327033582070762642742007511624050492601478
2026-04-22T11:55:01.529704+00:00,2026-04-22T12:05:39.945494+00:00,momentum,"XRP Up or Down - April 22, 7:55AM-8:00AM ET",DOWN,Down,4.0,0.57,,WIN,YES,3.0175438596491233,Down,0xc1b1a0ec376dd6464e01dce59df92e0cbdd83f5b2e905f65338d8382b15b6e61,77630622107304989705180296363954051094723127995839684088796676177146565327445
2026-04-22T11:55:00.355773+00:00,2026-04-22T12:06:40.357528+00:00,momentum,"Solana Up or Down - April 22, 7:55AM-8:00AM ET",UP,Up,2.0,0.51,,WIN,YES,1.9215686274509802,Up,0xf3057d500d314b04f04b234aa822fb9acd744d7455d48df2689fb3d6a914ab28,2795630677314093015499381187589218385820998213609692938329326655682600273581
2026-04-22T11:55:01.477618+00:00,2026-04-22T12:06:40.406078+00:00,momentum,"Bitcoin Up or Down - April 22, 7:55AM-8:00AM ET",DOWN,Down,2.0,0.51,,LOSS,NO,-2.0,Up,0x16437abd0192836030f411611e3dd161d1a35f49e3516a4b5c6f01927ab13372,9105592300495416199876014204647574213388531502920755917212609440132685220119
2026-04-22T11:55:01.565714+00:00,2026-04-22T12:06:40.458613+00:00,momentum,"Ethereum Up or Down - April 22, 7:55AM-8:00AM ET",DOWN,Down,4.0,0.54,,LOSS,NO,-4.0,Up,0xd550498a018d6215f0581889d84cc327aa44633dcad7e9a55a9a212f413a16e0,69910042662944363809627510540016604832307103400616241765574915688913290305490
2026-04-22T12:00:02.652099+00:00,2026-04-22T12:08:42.170440+00:00,momentum,"Ethereum Up or Down - April 22, 8:00AM-8:05AM ET",DOWN,Down,8.0,0.54,,LOSS,NO,-8.0,Up,0x92c56184618aa9e5ce347718dd6c5620cf9f70a8fc4c05960a21bb3b4d7261f4,16487980091024909960765975598184946303825073183532950969804017758283715171677
2026-04-22T12:00:02.593841+00:00,2026-04-22T12:09:42.525546+00:00,momentum,"XRP Up or Down - April 22, 8:00AM-8:05AM ET",DOWN,Down,2.0,0.52,,WIN,YES,1.8461538461538458,Down,0xd46c92dcf4cec001e96ed6cd9a09e801ed253c05f5f76b7dd96204a0cf2d322e,38812259535381859151298671691487336683593559361987640733534747758800438549715
2026-04-22T12:00:02.620831+00:00,2026-04-22T12:09:42.697569+00:00,momentum,"Bitcoin Up or Down - April 22, 8:00AM-8:05AM ET",UP,Up,4.0,0.57,,WIN,YES,3.0175438596491233,Up,0xc78102b5f4990d860b127cb410d19d7a589d040138b42529ddd0edb6683c428d,98458079533782697906463525482917698997532275843371710484839863427576718315152
2026-04-22T12:00:05.875831+00:00,2026-04-22T12:09:42.883574+00:00,momentum,"Solana Up or Down - April 22, 8:00AM-8:05AM ET",DOWN,Down,2.0,0.51,,WIN,YES,1.9215686274509802,Down,0x898efb4389981dc79cc2cb0de6cccf5f59f8d86e13aef5f668861b0a94b33693,78099677560995669903390637754236964332269461889018320539419790400330185091327
2026-04-22T12:05:07.054343+00:00,2026-04-22T12:14:45.697459+00:00,momentum,"Solana Up or Down - April 22, 8:05AM-8:10AM ET",DOWN,Down,4.0,0.53,,LOSS,NO,-4.0,Up,0xe05ce8d858e91dd58a46adc0bc18d1a9d80d837d0cae7e8e30df98ce23c69f11,7578939969091763609950354677116194206963637035696026220959377813614557649807
2026-04-22T12:05:00.280877+00:00,2026-04-22T12:15:46.183047+00:00,momentum,"Ethereum Up or Down - April 22, 8:05AM-8:10AM ET",DOWN,Down,8.0,0.58,,WIN,YES,5.793103448275863,Down,0x5dfa66b14daa7fc984b358cc5d5cb4a8014d857edb704586d48b938b5d0e1d35,110305256689752960073257022517555233406774498304961482309014204007562943326802
2026-04-22T12:05:00.308064+00:00,2026-04-22T12:15:46.370197+00:00,momentum,"Bitcoin Up or Down - April 22, 8:05AM-8:10AM ET",UP,Up,2.0,0.51,,WIN,YES,1.9215686274509802,Up,0xde03bbec4f350712a63c6691619c690ca8cbec2f198f0c0939b1e3a3321b690a,95751250411779833377183108092159104155863833500352047795625554715175892014720
2026-04-22T12:05:03.589521+00:00,2026-04-22T12:15:46.543149+00:00,momentum,"XRP Up or Down - April 22, 8:05AM-8:10AM ET",DOWN,Down,4.0,0.51,,WIN,YES,3.8431372549019605,Down,0x67c4c65f374f593d7eeb9fa6f85de2aa04385067e1861ebe1b0371e965d96db8,93285177096105834719093262343261736486742218143962158918090559122729991972013
2026-04-22T12:10:06.431984+00:00,2026-04-22T12:20:50.208496+00:00,momentum,"Solana Up or Down - April 22, 8:10AM-8:15AM ET",UP,Up,8.0,0.61,,WIN,YES,5.114754098360656,Up,0xa2bb28bcfafa160947dd948cdd8af940102d804603c29ef817b5f2cef8b2dff2,56761823411010380339714596649796944384460034365142648948470654879465122866884
2026-04-22T12:10:00.192354+00:00,2026-04-22T12:21:50.422307+00:00,momentum,"Bitcoin Up or Down - April 22, 8:10AM-8:15AM ET",DOWN,Down,2.0,0.51,,LOSS,NO,-2.0,Up,0x2d2f289b8fcfa6135d734ac8a39727c65cf86902fdcba2acf7d4b6c87f74dd2a,108505453770336426896033859659159034424051816095095748841735159824084438419719
2026-04-22T12:10:00.241282+00:00,2026-04-22T12:21:50.467211+00:00,momentum,"Ethereum Up or Down - April 22, 8:10AM-8:15AM ET",DOWN,Down,2.0,0.53,,LOSS,NO,-2.0,Up,0x2b947886e8c97c0cbc53f4cc23dc90fb808abee66c18c64468dd58e2b5bc8a3d,51387608703326504368493763494290095586109279162797096492787654636293671697928
2026-04-22T12:10:06.458820+00:00,2026-04-22T12:21:50.650779+00:00,momentum,"XRP Up or Down - April 22, 8:10AM-8:15AM ET",UP,Up,2.0,0.53,,WIN,YES,1.773584905660377,Up,0xf3cfecdb3529832bba57b718aaa40a62699b2dd862a434fc9bb1e712871290f6,86086562721797415271736743499331186337621626947848198972249864468621919753251
2026-04-22T12:15:00.645122+00:00,2026-04-22T12:23:52.488354+00:00,momentum,"Ethereum Up or Down - April 22, 8:15AM-8:20AM ET",DOWN,Down,4.0,0.515,,WIN,YES,3.766990291262136,Down,0xc053eaefd725f6cf775cdc19dee7d75a702ccfbaeb4b90eec89c2e92263e9882,25358640604588886186506793179862752478766851036607755240428178077105583181273
2026-04-22T12:15:02.918321+00:00,2026-04-22T12:23:52.881149+00:00,momentum,"Bitcoin Up or Down - April 22, 8:15AM-8:20AM ET",DOWN,Down,4.0,0.55,,WIN,YES,3.2727272727272725,Down,0xfe27c8af573d6e9702fc1df5ece2d68d888e92f604c64f01fe79114149fcae73,67357363166284894089736817221855249507919454206746112768880034123018285523507
2026-04-22T12:15:02.873370+00:00,2026-04-22T12:24:52.612553+00:00,momentum,"Solana Up or Down - April 22, 8:15AM-8:20AM ET",DOWN,Down,2.0,0.59,,WIN,YES,1.3898305084745766,Down,0xdec26f3e1036288ea10c7a60609800e101633f51f3fd5af0034baf05b016f407,104434987444044288069383426887614760008303671600798035812618246342589096810569
2026-04-22T12:15:02.990187+00:00,2026-04-22T12:24:52.794625+00:00,momentum,"XRP Up or Down - April 22, 8:15AM-8:20AM ET",DOWN,Down,2.0,0.64,,WIN,YES,1.125,Down,0x8f335a2324353282dde8f531f6b87c93980ee567197759d16071d08bfe236781,108926112207698879828731682659536888223312989788961712229036676841810666525482
2026-04-22T12:20:00.306262+00:00,2026-04-22T12:28:55.525165+00:00,momentum,"Bitcoin Up or Down - April 22, 8:20AM-8:25AM ET",DOWN,Down,2.0,0.52,,WIN,YES,1.8461538461538458,Down,0x088b32d8b2b4e67d84e77a46366559c2e179045d4f7f744dffa13ce53a8f7c4f,91917548354568011517199491532510085363248904751779717054755941236473030915340
2026-04-22T12:20:00.271057+00:00,2026-04-22T12:29:55.694813+00:00,momentum,"Ethereum Up or Down - April 22, 8:20AM-8:25AM ET",DOWN,Down,2.0,0.53,,WIN,YES,1.773584905660377,Down,0x532d71b3b687666f9af5f6b24e6b257524f4b786a7cf82a83dbacd2dba3a8c0d,111072420546237069165755983428322797479884634725969844689105061783619959861128
2026-04-22T12:20:03.415014+00:00,2026-04-22T12:29:55.892680+00:00,momentum,"Solana Up or Down - April 22, 8:20AM-8:25AM ET",DOWN,Down,2.0,0.56,,WIN,YES,1.5714285714285712,Down,0x6d242676bc898967d6941e1d7f01ce57e652a5c660ac95de9120e1c303cda615,55293537544345002214725017589444882951585408785568595035430013025162180191823
2026-04-22T12:20:06.744034+00:00,2026-04-22T12:29:56.061849+00:00,momentum,"XRP Up or Down - April 22, 8:20AM-8:25AM ET",DOWN,Down,2.0,0.51,,WIN,YES,1.9215686274509802,Down,0x393b1b0729872f7147e4dd33ed61a546fbb58f3074d060e97e6a3dd5f75c5b4a,86806558874696739255847516432312830198324511124488290963160206660306307083005
2026-04-22T12:25:36.517680+00:00,2026-04-22T12:34:58.568379+00:00,momentum,"XRP Up or Down - April 22, 8:25AM-8:30AM ET",UP,Up,2.0,0.55,,LOSS,NO,-2.0,Down,0x6ec432b1c76685ea5482e05e78b0fbe7008df028caf1c98f78c9fa20e305ea78,34647660497913906232742832302710805978277820230258925795313730958633100973008
2026-04-22T12:25:01.795712+00:00,2026-04-22T12:35:58.403569+00:00,momentum,"Solana Up or Down - April 22, 8:25AM-8:30AM ET",DOWN,Down,2.0,0.56,,WIN,YES,1.5714285714285712,Down,0x481ac279b1a35547708d5532e97d35fa95518df0d4714a218bc8c50380cba730,71005225275353012526628754517688489000374166737204496478852064721793621933667
2026-04-22T12:25:05.165582+00:00,2026-04-22T12:35:58.454052+00:00,momentum,"Bitcoin Up or Down - April 22, 8:25AM-8:30AM ET",UP,Up,2.0,0.53,,LOSS,NO,-2.0,Down,0x3debb8b2f061a25377b43f00530377f3452bb8b67d8e065fc967d3deafe0aab5,12530180280756818275621222630529800360295365985484317121044277002419288707196
2026-04-22T12:25:01.761611+00:00,2026-04-22T12:36:58.778943+00:00,momentum,"Ethereum Up or Down - April 22, 8:25AM-8:30AM ET",DOWN,Down,2.0,0.53,,WIN,YES,1.773584905660377,Down,0xdede7d04c09acf1e505dcb13c260f3cb223c8b83e5b090a46614c51ff5be697b,95139181425955147378391718549595219647852159263630605599641217416264421268193
2026-04-22T12:30:01.110368+00:00,2026-04-22T12:39:00.451652+00:00,momentum,"Ethereum Up or Down - April 22, 8:30AM-8:35AM ET",DOWN,Down,2.0,0.55,,LOSS,NO,-2.0,Up,0x4fed8f65f8c94b657a554afcb99335b3fb133bb233332dab9f6ab5383e63f2bc,47674371118511165535927581554694017601861226991285082134389253214739440190641
2026-04-22T12:30:01.137753+00:00,2026-04-22T12:39:00.502240+00:00,momentum,"Bitcoin Up or Down - April 22, 8:30AM-8:35AM ET",DOWN,Down,2.0,0.53,,LOSS,NO,-2.0,Up,0xf5b93d5349564e86cf048d960f1027156634b0a4e5bb76b6fffd1f121aa7a619,46082917522680388777470816567077546959580900085714765560086505274894035605752
2026-04-22T12:30:02.167267+00:00,2026-04-22T12:39:00.710460+00:00,momentum,"XRP Up or Down - April 22, 8:30AM-8:35AM ET",UP,Up,2.0,0.51,,WIN,YES,1.9215686274509802,Up,0x856ec45e840c9402e3ea9edb1c354b25962f66ad3f7623898b243b83c43585ef,32925672077972264637071602776741569344925618370497506449570055899062728941715
2026-04-22T12:30:02.205781+00:00,2026-04-22T12:39:00.763230+00:00,momentum,"Solana Up or Down - April 22, 8:30AM-8:35AM ET",DOWN,Down,2.0,0.61,,LOSS,NO,-2.0,Up,0xcfad53672ff741c13bfd76e69e661568130dfb1699cce95a5d1cd3b6391ba2f2,68560926746158822459011692578617700941962381123033327964648564210445017754224
2026-04-22T12:35:00.529477+00:00,2026-04-22T12:45:04.358428+00:00,momentum,"Ethereum Up or Down - April 22, 8:35AM-8:40AM ET",DOWN,Down,4.0,0.53,,WIN,YES,3.547169811320754,Down,0x06f3917fdebb5548b97f614e7dcad4292bc55894c5801d3b767f7b6d4aa97f5e,8678776422569818934767415001012898914803871531590834157861446163051126509312
2026-04-22T12:35:06.811315+00:00,2026-04-22T12:45:04.555678+00:00,momentum,"Solana Up or Down - April 22, 8:35AM-8:40AM ET",DOWN,Down,4.0,0.54,,WIN,YES,3.4074074074074066,Down,0x9f264843c278ce8dee2c0bca6e00f280f2307274b2cc100ee49f219e679fd35a,115456376945589848387095657014983578808137539295998988662600903616095313394619
2026-04-22T12:35:10.088940+00:00,2026-04-22T12:45:04.782589+00:00,momentum,"XRP Up or Down - April 22, 8:35AM-8:40AM ET",DOWN,Down,2.0,0.69,,WIN,YES,0.8985507246376816,Down,0x8e67a017d23e1f6405cc824230d275aed95a2e366c3ab786c1cfc3e249cd42dc,3055192299678901839859648899432373637276415533035605887231116092366252503907
2026-04-22T12:35:00.493007+00:00,2026-04-22T12:46:04.213330+00:00,momentum,"Bitcoin Up or Down - April 22, 8:35AM-8:40AM ET",UP,Up,4.0,0.52,,LOSS,NO,-4.0,Down,0x7ce84bfb43084e5d18df698a2ea2ede0087cb4147b416ffd9ce0c68fb0ddec33,82288063650762214460924687035110801629231150469853764332972821409404699057639
2026-04-22T12:40:02.990109+00:00,2026-04-22T12:51:06.138199+00:00,momentum,"Bitcoin Up or Down - April 22, 8:40AM-8:45AM ET",UP,Up,8.0,0.58,,LOSS,NO,-8.0,Down,0xd1b8002a8c04a973028c2725c1df1618cc67e32d742e1828b7dfa12fd0c27ee8,112103529388659180858226449763783307729939270595852304298894356206155911780067
2026-04-22T12:40:03.047820+00:00,2026-04-22T12:51:06.427379+00:00,momentum,"Solana Up or Down - April 22, 8:40AM-8:45AM ET",DOWN,Down,2.0,0.51,,LOSS,NO,-2.0,Up,0x8fd31bf6a18d999de55c96251341706ee7a2044196a9a1ecf3fc967dafb72d9e,82161716890283673287512682548917982126453461414578391207536678146286201027326
2026-04-22T12:40:03.018278+00:00,2026-04-22T12:52:06.602257+00:00,momentum,"Ethereum Up or Down - April 22, 8:40AM-8:45AM ET",UP,Up,2.0,0.53,,WIN,YES,1.773584905660377,Up,0x990123dd7036d45a99241929c2dbe7b0b55379a50ff9eee515adea2b763812b4,89575965868051286003599821871151299481954700093466935071131912328746214852381
2026-04-22T12:40:09.229420+00:00,2026-04-22T12:52:06.796762+00:00,momentum,"XRP Up or Down - April 22, 8:40AM-8:45AM ET",DOWN,Down,2.0,0.58,,WIN,YES,1.4482758620689657,Down,0xf02e87af3a29b8cbfd5fef98f37c6eb75f191d37ff427e7cd1a49408ddb4dea6,50228647511990864953940683286639632709038116133428760527969258767132319700833
2026-04-22T12:45:01.632042+00:00,2026-04-22T12:57:08.512000+00:00,momentum,"Bitcoin Up or Down - April 22, 8:45AM-8:50AM ET",UP,Up,16.0,0.52,,LOSS,NO,-16.0,Down,0xf917bc18fa1a0686be89545e65e1e5ee5cc31d21dc84e64d5e332bfb8c330adb,75730341483257196070366065096306863962688429777492294059508796002837888600175
2026-04-22T12:45:07.205534+00:00,2026-04-22T12:57:08.805970+00:00,momentum,"Solana Up or Down - April 22, 8:45AM-8:50AM ET",UP,Up,4.0,0.67,,WIN,YES,1.9701492537313428,Up,0xe3f65b859154bb02aa0c7f36316e17e15facf970311c283b447f31fc3c998f10,42008603152503886440392365851105417587075217704011496180376233897062935262745
2026-04-22T12:45:00.245336+00:00,2026-04-22T12:58:08.780459+00:00,momentum,"Ethereum Up or Down - April 22, 8:45AM-8:50AM ET",DOWN,Down,2.0,0.52,,LOSS,NO,-2.0,Up,0xb537380777ff0f2424c4da1af780c0a2f44162a1361e64eb3d330710311b7609,111293957421658854055814071409122513475772054575968999488019933915567127594674
2026-04-22T12:45:00.313407+00:00,2026-04-22T12:58:08.970713+00:00,momentum,"XRP Up or Down - April 22, 8:45AM-8:50AM ET",UP,Up,2.0,0.51,,WIN,YES,1.9215686274509802,Up,0x09986659c5b1e71b7c44b51dab9072feb89a541fc16e8f291a4b2a7319ada2de,28876412237290733251996931830306070315958502791278842824172951296112059098680
2026-04-22T12:50:01.544081+00:00,2026-04-22T13:00:10.817768+00:00,momentum,"Ethereum Up or Down - April 22, 8:50AM-8:55AM ET",DOWN,Down,2.0,0.51,,LOSS,NO,-2.0,Up,0x83cae8de026fd77fa28cb10966f2871be9f4ff96f30a9adbd6e1ca75f715bff9,76870265118110544055580648170781359273969393018323908547808567794306528068362
2026-04-22T12:50:01.571751+00:00,2026-04-22T13:00:10.882594+00:00,momentum,"Solana Up or Down - April 22, 8:50AM-8:55AM ET",DOWN,Down,2.0,0.52,,LOSS,NO,-2.0,Up,0x864a9129e1ced612f598ee1045e4c3b5f2181054ae31c98c07373942d40e44bf,23785624911228719288285478791908129846961068398607463602631597916529547125191
2026-04-22T12:50:09.019101+00:00,2026-04-22T13:00:11.304707+00:00,momentum,"XRP Up or Down - April 22, 8:50AM-8:55AM ET",UP,Up,2.0,0.53,,WIN,YES,1.773584905660377,Up,0x4ffb213dfed8597c016d0626500e643114c963bcda6a6cecc5d15926eac1009d,17400547458938000325061111493023055650458308539527831124764517054585773058091
2026-04-22T12:50:08.897182+00:00,2026-04-22T13:01:11.205236+00:00,momentum,"Bitcoin Up or Down - April 22, 8:50AM-8:55AM ET",UP,Up,32.0,0.58,,WIN,YES,23.172413793103452,Up,0xd85ffda2dbcedb1407278dac572b8baf4061e293c6552ae409d1b35251dc1c80,70837737965939132037429604734319138716669015414321091219273688955823204560
2026-04-22T12:55:01.304725+00:00,2026-04-22T13:06:13.704147+00:00,momentum,"Bitcoin Up or Down - April 22, 8:55AM-9:00AM ET",DOWN,Down,2.0,0.53,,WIN,YES,1.773584905660377,Down,0xae0d14dd371fab73e5fbd21d79dff14db7db49e39c229253d1dfaf84ad9eda43,102042537588798997422087493877697172192252779445253578556149904913807788062418
2026-04-22T12:55:01.395455+00:00,2026-04-22T13:06:14.009930+00:00,momentum,"Ethereum Up or Down - April 22, 8:55AM-9:00AM ET",DOWN,Down,8.0,0.54,,LOSS,NO,-8.0,Up,0xc665e1d9a12f021e96bbcb8f93ec5f19e352c962137b6e11b2a9059266c67158,47783145607775403166065260537729593750597991159865996827401175855835918960426
2026-04-22T12:55:00.175454+00:00,2026-04-22T13:07:13.600234+00:00,momentum,"XRP Up or Down - April 22, 8:55AM-9:00AM ET",UP,Up,2.0,0.515,,LOSS,NO,-2.0,Down,0x3de0b67529bdea41ea7122a43b55e10afbcb1f6735eaad87435abeea0451ebb0,73907122810182219414322096693097306580950807062763134732451797241542187501688
2026-04-22T12:55:01.349999+00:00,2026-04-22T13:07:13.776705+00:00,momentum,"Solana Up or Down - April 22, 8:55AM-9:00AM ET",DOWN,Down,4.0,0.53,,WIN,YES,3.547169811320754,Down,0x14853a8968500c00eefdfebc1f9e5570131146c0e9b7a30e7bd62b8187f21c3d,85219116004557388849548929852697242337697598408489311785913659830863665890843
2026-04-22T13:00:00.673704+00:00,2026-04-22T13:08:14.507656+00:00,momentum,"Solana Up or Down - April 22, 9:00AM-9:05AM ET",DOWN,Down,2.0,0.52,,LOSS,NO,-2.0,Up,0xdc01771baf76d6e8a3c1171dffbdff8575e9e7d7f83dd853ae6cf7ecb318eef4,15225456048410522612787113876054876391932621250376503289083955438042488535156
2026-04-22T13:00:00.709370+00:00,2026-04-22T13:09:15.455139+00:00,momentum,"Ethereum Up or Down - April 22, 9:00AM-9:05AM ET",DOWN,Down,16.0,0.55,,LOSS,NO,-16.0,Up,0x94bc4caab0301abf55768593aa7e73023d6b71121b37eedc2e26f6d9e88527de,6958409010672556226087530727414267424325198566045994887670317480443932330971
2026-04-22T13:00:45.854258+00:00,2026-04-22T13:10:16.596838+00:00,momentum,"XRP Up or Down - April 22, 9:00AM-9:05AM ET",DOWN,Down,4.0,0.57,,WIN,YES,3.0175438596491233,Down,0x54cf44c9b823f2c628b869820c23d215f15e5eea7852b4324642f14c1ca28b24,95540329612031652869729739738146103763426257096152353737518572927653165571842
2026-04-22T13:00:03.824161+00:00,2026-04-22T13:13:18.537096+00:00,momentum,"Bitcoin Up or Down - April 22, 9:00AM-9:05AM ET",DOWN,Down,2.0,0.56,,LOSS,NO,-2.0,Up,0x946c6bf7e22c50cb95613c75b4d7945f57bbadc98559283ba6eb281983528bdb,52645714332835821063080244327914014126820343883143885638601409688892164901619
2026-04-22T13:05:00.496201+00:00,2026-04-22T13:14:19.561053+00:00,momentum,"XRP Up or Down - April 22, 9:05AM-9:10AM ET",UP,Up,2.0,0.51,,WIN,YES,1.9215686274509802,Up,0xf2bc91c0a016464ca875261e625690e865c8b10be006369cc454be466c183820,85842079376777529944182858202289371711773255481669286096739034197338014803766
2026-04-22T13:05:01.666172+00:00,2026-04-22T13:14:19.988375+00:00,momentum,"Ethereum Up or Down - April 22, 9:05AM-9:10AM ET",DOWN,Down,32.0,0.55,,WIN,YES,26.18181818181818,Down,0xd2628502cbb3329ffbd8358f0f45b11c9f404434aa8d912adea64c75cfb02a9c,71510866695703399571019502485442788841274871504623932202328783083143883821758
2026-04-22T13:05:11.113057+00:00,2026-04-22T13:15:20.239486+00:00,momentum,"Bitcoin Up or Down - April 22, 9:05AM-9:10AM ET",UP,Up,4.0,0.51,,LOSS,NO,-4.0,Down,0xa33da1d956ec9817ef8e6955d2d4bab6ef8887e45862a85d9f4ca1e8701b034f,113876832114619687291529914513702315039980312750937560985314827162324882617239
2026-04-22T13:05:01.629787+00:00,2026-04-22T13:16:20.821789+00:00,momentum,"Solana Up or Down - April 22, 9:05AM-9:10AM ET",DOWN,Down,4.0,0.53,,LOSS,NO,-4.0,Up,0x3a92a3538e524fca6c8734b615ae305c7d447d0027911111c2f7e82afc62e269,54605949192500088268282527005821398820360961062657278650095181713593781810758
2026-04-22T13:10:02.332819+00:00,2026-04-22T13:20:22.111626+00:00,momentum,"Ethereum Up or Down - April 22, 9:10AM-9:15AM ET",DOWN,Down,2.0,0.52,,LOSS,NO,-2.0,Up,0x3d898424329d01f589da92f7a4c656483052e157a39049cf02d1f821a06a58a2,49505263276700942041595582179667196883053349868739876611193052375988242680291
2026-04-22T13:10:05.541429+00:00,2026-04-22T13:20:22.621206+00:00,momentum,"Bitcoin Up or Down - April 22, 9:10AM-9:15AM ET",UP,Up,8.0,0.57,,WIN,YES,6.035087719298247,Up,0x1e74068d5ec01336e505f8ac0deda29ced84133bce682efa86b2516263ebc7a9,109086085507173397940687430382683896103025012200584276239318647537647338908826
2026-04-22T13:10:05.581012+00:00,2026-04-22T13:20:22.794737+00:00,momentum,"Solana Up or Down - April 22, 9:10AM-9:15AM ET",UP,Up,8.0,0.56,,WIN,YES,6.285714285714285,Up,0x996f96f305cf0dee2fd997ebf66b4982f7ae0da6da7351b896f3b066594d76dc,44665991920687008414122885359081452236763798268032794818179369277405054412170
2026-04-22T13:10:02.362724+00:00,2026-04-22T13:21:23.175189+00:00,momentum,"XRP Up or Down - April 22, 9:10AM-9:15AM ET",UP,Up,2.0,0.58,,WIN,YES,1.4482758620689657,Up,0xbf67af10c0daaab4b4f1fc0d03c68abcfb89b9e0e4dcb620b0f7fcd39cac7876,96798184700466859724585817996010360586897191529302413498633482086195998918535
2026-04-22T13:15:00.652678+00:00,2026-04-22T13:23:24.049565+00:00,momentum,"Ethereum Up or Down - April 22, 9:15AM-9:20AM ET",DOWN,Down,4.0,0.51,,LOSS,NO,-4.0,Up,0x1238b983e88b6ae30856a0ea9b787454ee66e5f2aae2da4c4fa6aacc5445bc5b,3793098492988186089451776022667734870929317304923585480073727995454985678270
2026-04-22T13:15:01.761840+00:00,2026-04-22T13:24:24.615682+00:00,momentum,"Solana Up or Down - April 22, 9:15AM-9:20AM ET",DOWN,Down,2.0,0.52,,LOSS,NO,-2.0,Up,0x2f27cb9d401f9a31b08b9a64f7a06716fca9d1cfe2d6800d332d7d37b7a844e8,50978403438371460399348260296186747035762337673936292603370567529499076384602
2026-04-22T13:15:01.851251+00:00,2026-04-22T13:24:24.923531+00:00,momentum,"XRP Up or Down - April 22, 9:15AM-9:20AM ET",DOWN,Down,2.0,0.52,,LOSS,NO,-2.0,Up,0x8e67fcc60dd19b307cac7c9e8c12b66e3e77a9df20dc666ecc258972e3c1bc6b,35573480024165284882259914835498031855305279054922635461132486756418924702479
2026-04-22T13:15:01.803102+00:00,2026-04-22T13:25:25.043643+00:00,momentum,"Bitcoin Up or Down - April 22, 9:15AM-9:20AM ET",UP,Up,2.0,0.54,,WIN,YES,1.7037037037037033,Up,0xaf8cea6c4ed78d9936748c18503d212f006775a9401f75813b11afc6d2785175,99341239744400826606617163844066192089872509916612399795422940737076211990334
2026-04-22T13:20:01.840495+00:00,2026-04-22T13:30:26.277851+00:00,momentum,"Bitcoin Up or Down - April 22, 9:20AM-9:25AM ET",UP,Up,2.0,0.54,,WIN,YES,1.7037037037037033,Up,0xd190f8e6138dd1e44f360e6a7710aeaee64ba1ac5414f234685aede6c3d50b79,39510903006411607006713619355408307182667815543911329640521228465815707425969
2026-04-22T13:20:01.875327+00:00,2026-04-22T13:31:26.976042+00:00,momentum,"Solana Up or Down - April 22, 9:20AM-9:25AM ET",DOWN,Down,4.0,0.54,,LOSS,NO,-4.0,Up,0x938d83b3001fe96b8b37faf54181bf330210cdc48091dfce809bd292c350bb1a,88506780113128629316571033197394879549617939812551982801352251429972022540346
2026-04-22T13:20:01.917204+00:00,2026-04-22T13:31:27.026140+00:00,momentum,"Ethereum Up or Down - April 22, 9:20AM-9:25AM ET",UP,Up,4.0,0.99,,LOSS,NO,-4.0,Down,0x3d8b086191071e2c4c14d09b63f4287cc97ab13d8f0d0b993d7209a4a50ff5c4,17619417436069633406782288647568461355148038714841948650901433244301310347622
2026-04-22T13:20:01.948372+00:00,2026-04-22T13:31:27.263342+00:00,momentum,"XRP Up or Down - April 22, 9:20AM-9:25AM ET",DOWN,Down,2.0,0.59,,WIN,YES,1.3898305084745766,Down,0xfab17dee1d80a274f2c2b73a53ef8c48760e6d216ff67476582c9652ae6c0bd6,75777353827862053370982618964698371374244751565435361008175136833660695386290
2026-04-22T13:25:01.292406+00:00,2026-04-22T13:35:29.456428+00:00,momentum,"Ethereum Up or Down - April 22, 9:25AM-9:30AM ET",DOWN,Down,8.0,0.57,,WIN,YES,6.035087719298247,Down,0x3cbdf70b5d543a1e26c67350f13c1535b2b8b425f3ad8c2db3ea6d826eb947a3,61064754746366025847951201408525772933795500903691356748611533326105529536175
2026-04-22T13:25:01.255929+00:00,2026-04-22T13:36:30.407852+00:00,momentum,"Bitcoin Up or Down - April 22, 9:25AM-9:30AM ET",DOWN,Down,2.0,0.62,,WIN,YES,1.2258064516129035,Down,0x5786dd76142593263402efbeaf25740938ee0a813a9371c985e3699dafbe52a0,1271931916431191449818094447485751418827683708190449876106064275920025759610
2026-04-22T13:25:04.504040+00:00,2026-04-22T13:36:30.636429+00:00,momentum,"XRP Up or Down - April 22, 9:25AM-9:30AM ET",DOWN,Down,2.0,0.62,,WIN,YES,1.2258064516129035,Down,0xf37ae7e96a6b11beb0460a0ee91a3827b07accfcdcea933fc03384d941c7d3c6,79753776401500397887225745218811477412298506766604028204648840000610605517993
2026-04-22T13:25:00.089638+00:00,2026-04-22T13:37:30.806225+00:00,momentum,"Solana Up or Down - April 22, 9:25AM-9:30AM ET",DOWN,Down,2.0,0.525,,WIN,YES,1.8095238095238093,Down,0x598aca69be0a1810f781cac33c369726539640d199bf390e3d008a07ff084bbd,34608760681281115796822884471623505011534440139286825753775088019552237778841
2026-04-22T13:30:00.950242+00:00,2026-04-22T13:38:31.726760+00:00,momentum,"Ethereum Up or Down - April 22, 9:30AM-9:35AM ET",DOWN,Down,2.0,0.515,,WIN,YES,1.883495145631068,Down,0xc66e22c644ff892eba2b8efb64822b99ef6bf24608af117ba0c05240fd06dded,25723660446258099231566395691614638093180326407836840244554594072797544194218
2026-04-22T13:30:00.909474+00:00,2026-04-22T13:39:32.101638+00:00,momentum,"Bitcoin Up or Down - April 22, 9:30AM-9:35AM ET",DOWN,Down,2.0,0.525,,WIN,YES,1.8095238095238093,Down,0xdbaa54f353a3ff45aa1ef3cc992d280d906c22fd6134de00392031e117a7b2ea,44326163178902958794944994501139211361315223275060870570000400042980118998760
2026-04-22T13:30:01.987462+00:00,2026-04-22T13:39:32.183240+00:00,momentum,"XRP Up or Down - April 22, 9:30AM-9:35AM ET",DOWN,Down,2.0,0.53,,LOSS,NO,-2.0,Up,0xbb5ce329f9235f99eaa3076206a30317bcdc0b69aabef11037d5a608f4033d0a,78467289587208348594850205744321106196273066831014633799266567779373010587654
2026-04-22T13:30:02.022115+00:00,2026-04-22T13:40:32.663577+00:00,momentum,"Solana Up or Down - April 22, 9:30AM-9:35AM ET",UP,Up,2.0,0.99,,LOSS,NO,-2.0,Down,0xba60a314e80116a1c35f4e8215bd14e700f23204e0070bc0665fafa73e57281f,42407018041154856051233174718380418245199207189791326743614886194532801958028
2026-04-22T13:35:02.112498+00:00,2026-04-22T13:44:34.607500+00:00,momentum,"Bitcoin Up or Down - April 22, 9:35AM-9:40AM ET",DOWN,Down,2.0,0.56,,LOSS,NO,-2.0,Up,0x5f1b03ff88c5ead301f7a7048d44bebba356deccc4c27b2ef49a5be60b393612,66960314812087130700612039633734111248997544951914792892139932970859121202781
2026-04-22T13:35:00.912836+00:00,2026-04-22T13:45:34.885864+00:00,momentum,"Ethereum Up or Down - April 22, 9:35AM-9:40AM ET",DOWN,Down,2.0,0.515,,LOSS,NO,-2.0,Up,0xbbae22aa806f12032f10150e6b6ffd40859f8bfe8d59995b719df3f1ad153c78,29516227277997213582382233704695398057172281946644934674871730414144738581237
2026-04-22T13:35:02.143572+00:00,2026-04-22T13:45:34.933012+00:00,momentum,"XRP Up or Down - April 22, 9:35AM-9:40AM ET",DOWN,Down,4.0,0.56,,LOSS,NO,-4.0,Up,0xccea36783c301ef962fd19dc09fd490777f1bb78445daa5d3f6cd6a7a1b45380,36421675484029996755418626906870775448944070570485823599698422502999549516071
2026-04-22T13:35:02.181830+00:00,2026-04-22T13:45:35.119811+00:00,momentum,"Solana Up or Down - April 22, 9:35AM-9:40AM ET",DOWN,Down,4.0,0.53,,WIN,YES,3.547169811320754,Down,0x9fc123a58836742a58303aac42026751717abceee81d60ce464e83b0ec0808f8,20572581760577721963513827576722011098318445263530417840453773337824560551057
2026-04-22T13:40:01.111478+00:00,2026-04-22T13:50:37.245834+00:00,momentum,"XRP Up or Down - April 22, 9:40AM-9:45AM ET",DOWN,Down,8.0,0.51,,LOSS,NO,-8.0,Up,0x5758af6b59acac162797851fd3d282ca327b2d1a58cdd2590db9d0db07678450,21227807527412997208914836482429879653192825845988272053341688473521611534332
2026-04-22T13:40:01.058852+00:00,2026-04-22T13:51:37.759536+00:00,momentum,"Ethereum Up or Down - April 22, 9:40AM-9:45AM ET",DOWN,Down,2.0,0.51,,LOSS,NO,-2.0,Up,0x41411635d30f6d200e501ab9e78562e94c8151969a9f6898ce0b215b57df3d54,88995336346991117929271099409981201169606790113623796584153828474752121982250
2026-04-22T13:40:05.305857+00:00,2026-04-22T13:51:38.080858+00:00,momentum,"Solana Up or Down - April 22, 9:40AM-9:45AM ET",UP,Up,2.0,0.51,,WIN,YES,1.9215686274509802,Up,0x84214193a42ed0780ad070ac8ecfc52092eb817c7f44353d9972dccd22e8f88d,32289770067370233174331485870280937045055712276887303335361011211817275438627
2026-04-22T13:40:35.124506+00:00,2026-04-22T13:51:38.137706+00:00,momentum,"Bitcoin Up or Down - April 22, 9:40AM-9:45AM ET",DOWN,Down,4.0,0.54,,LOSS,NO,-4.0,Up,0x3b8bdfe43431c792b4d5891f5047d97454d492456e97c1916a09c7a8bbf0eae1,2474149800360839726326741191642649063455523289237861018876664864190157336089
2026-04-22T13:45:00.694381+00:00,2026-04-22T13:57:41.164210+00:00,momentum,"Solana Up or Down - April 22, 9:45AM-9:50AM ET",DOWN,Down,2.0,0.515,,LOSS,NO,-2.0,Up,0x6dd373f02d939fedf44e202f0cf17159c9bca4f00f96de0a4d8ab879781fea62,21879891248720298670945778307900910624224381376177056310828863533288866143249
2026-04-22T13:45:00.733866+00:00,2026-04-22T13:57:41.210655+00:00,momentum,"XRP Up or Down - April 22, 9:45AM-9:50AM ET",DOWN,Down,16.0,0.51,,LOSS,NO,-16.0,Up,0xe9280cc337570359baf3c87c0924ab46f3bb941a1dbf6f03af82befe21266f41,53268432528458787798391466772781425526708653069626003993032118336910565097455
2026-04-22T13:45:01.847948+00:00,2026-04-22T13:57:41.264089+00:00,momentum,"Bitcoin Up or Down - April 22, 9:45AM-9:50AM ET",DOWN,Down,8.0,0.53,,LOSS,NO,-8.0,Up,0x60878dfc64327217b8d94a45803e1d26f60ad99d4bf6016dddb14f36b2460e32,35526765405895437722227982754069799112775987231391379833394728693752840481736
2026-04-22T13:45:01.878940+00:00,2026-04-22T13:57:41.548622+00:00,momentum,"Ethereum Up or Down - April 22, 9:45AM-9:50AM ET",DOWN,Down,4.0,0.52,,WIN,YES,3.6923076923076916,Down,0x666f9b68b080791ad52118a92cb487ebab6f07800b443d750c05cb54e69b36bc,57228831727995760785601240630618851569846207722488149409552653508953211911873
2026-04-22T13:50:00.647326+00:00,2026-04-22T13:59:43.107396+00:00,momentum,"Bitcoin Up or Down - April 22, 9:50AM-9:55AM ET",DOWN,Down,2.0,0.52,,LOSS,NO,-2.0,Up,0x10fcb93f2cf9fe22f088a257f4aa3fff32f59ed736204074b2c474bda55700b9,4158282335269412216015427283304721429906531807711163705406131807006699032038
2026-04-22T13:50:00.723164+00:00,2026-04-22T13:59:43.494358+00:00,momentum,"Ethereum Up or Down - April 22, 9:50AM-9:55AM ET",DOWN,Down,2.0,0.53,,LOSS,NO,-2.0,Up,0x9261d76ddf9b85bd6593fd3fcb8f624f9170c0124bf9f059c2864cb32d6f2176,101003126099089828879149915421549816092255028060833791421954478178758341805725
2026-04-22T13:50:00.615188+00:00,2026-04-22T14:00:43.509761+00:00,momentum,"Solana Up or Down - April 22, 9:50AM-9:55AM ET",DOWN,Down,4.0,0.51,,LOSS,NO,-4.0,Up,0xda91bf3435a1fada4a5ecbacc0a62c9abcb45068a940ea887b8e2015b43779ea,85213969299377667987542559178447990369470388973935955882913911993367769704156
2026-04-22T13:50:00.682401+00:00,2026-04-22T14:00:43.618077+00:00,momentum,"XRP Up or Down - April 22, 9:50AM-9:55AM ET",DOWN,Down,32.0,0.52,,LOSS,NO,-32.0,Up,0x728c6be1a0909a25fd730ac1ffd8bf3c8ff96d9c30b988f2f380437c90c21dc4,14084259502258270422397287496166114357006024594132344259822175295726587078876
2026-04-22T13:55:00.786078+00:00,2026-04-22T14:05:45.098737+00:00,momentum,"XRP Up or Down - April 22, 9:55AM-10:00AM ET",DOWN,Down,64.0,0.52,,WIN,YES,59.076923076923066,Down,0x47509d45d0781f57da0b7f7a7d31563a0ab0c5d41e847d8966f71373e99dec37,46078960056059163506799426021400602323517526816163810883488226095529713313767
2026-04-22T13:55:00.824440+00:00,2026-04-22T14:05:45.155356+00:00,momentum,"Solana Up or Down - April 22, 9:55AM-10:00AM ET",DOWN,Down,2.0,0.52,,LOSS,NO,-2.0,Up,0x2d136b4096fe0fc113d4d7a18ae036e93fa8d5572e929638072c1a3a04edbc52,6818509694587706913035226013267160776653648016420478939399528091225911052581
2026-04-22T13:55:00.753168+00:00,2026-04-22T14:06:45.637633+00:00,momentum,"Ethereum Up or Down - April 22, 9:55AM-10:00AM ET",DOWN,Down,2.0,0.52,,LOSS,NO,-2.0,Up,0x87ed4284656815954d9c2dd1415ce2477d3ce18f9ac8385f1b312569ec5f0f92,7321443619133236806473165102861122262847778918289161525268393865662570404575
2026-04-22T13:55:00.874503+00:00,2026-04-22T14:06:45.707948+00:00,momentum,"Bitcoin Up or Down - April 22, 9:55AM-10:00AM ET",DOWN,Down,4.0,0.52,,LOSS,NO,-4.0,Up,0xac52560c70abb2dfca1da5e0b26b2a72b6119b62d08b7ee6926d840fab588dda,1056719122949746038544548281521387709810106261143907640407889843603679628314
2026-04-22T14:00:00.654733+00:00,2026-04-22T14:08:47.562200+00:00,momentum,"Bitcoin Up or Down - April 22, 10:00AM-10:05AM ET",DOWN,Down,8.0,0.515,,LOSS,NO,-8.0,Up,0x0794e245bba13c03f6c9d457e1f2fae96adc98aa9824bb732343243fa7082134,29197341380327133076827205322729871280757520528679167866118864878830523105827
2026-04-22T14:00:00.689237+00:00,2026-04-22T14:08:47.642210+00:00,momentum,"Solana Up or Down - April 22, 10:00AM-10:05AM ET",DOWN,Down,4.0,0.515,,LOSS,NO,-4.0,Up,0xbe596a9ca04eb70ed01ea4f110b52c46009519de9c91cff84ee45219d85c456e,113308261082344533233749617706679203250005303088648402849857678023848855963426
2026-04-22T14:00:01.917119+00:00,2026-04-22T14:09:48.443618+00:00,momentum,"Ethereum Up or Down - April 22, 10:00AM-10:05AM ET",DOWN,Down,4.0,0.52,,LOSS,NO,-4.0,Up,0xccf9c28c9b3ff2d8d4fb634cd560f173f153099a826394c025b3a14a9120a1ab,1620232145567775021729049341860291443785950578805672227586129955343642530300
2026-04-22T14:00:00.731926+00:00,2026-04-22T14:12:50.289913+00:00,momentum,"XRP Up or Down - April 22, 10:00AM-10:05AM ET",DOWN,Down,2.0,0.525,,WIN,YES,1.8095238095238093,Down,0x1ca8620bd7e49c0e1d541aea00bc8a411676d0e80196d4d39cd01902c2f7cd57,35237803648649316949148047615426982000442144961913769536561196293362336462510
2026-04-22T14:05:02.922440+00:00,2026-04-22T14:14:51.926696+00:00,momentum,"Bitcoin Up or Down - April 22, 10:05AM-10:10AM ET",DOWN,Down,16.0,0.6,,WIN,YES,10.666666666666668,Down,0xa4e8ad05c721b0d7f66b236ec9c4db21186c5a9c2bb8c78a1d9b4b25c30e3892,82760643659474678789393988654438991383776853502342061003331709192505711562428
2026-04-22T14:05:02.955729+00:00,2026-04-22T14:14:52.125848+00:00,momentum,"Ethereum Up or Down - April 22, 10:05AM-10:10AM ET",DOWN,Down,8.0,0.56,,WIN,YES,6.285714285714285,Down,0xc26534879a73e16a4d3be369edc9cd41198cd6ac043c560673b80693b216dcc7,20712887755477087348462643139189842311712810545929972825989504058936708322924
2026-04-22T14:05:00.685811+00:00,2026-04-22T14:15:52.357170+00:00,momentum,"Solana Up or Down - April 22, 10:05AM-10:10AM ET",DOWN,Down,2.0,0.525,,WIN,YES,1.8095238095238093,Down,0x16f9607e441da850cd6c88826c3b3e6c657d37a8b1248a52bf66b8665c05c87e,48085124869160249709725406059413133001503999256986700003292911379225484012889
2026-04-22T14:05:06.152155+00:00,2026-04-22T14:15:52.404066+00:00,momentum,"XRP Up or Down - April 22, 10:05AM-10:10AM ET",UP,Up,2.0,0.51,,LOSS,NO,-2.0,Down,0xc93a7a769c43db716e8cf170a016227e50820a32067e60753b1c431c9d65b51e,2794151915633342930135928768677368472002793327038584239202296867338694879147
2026-04-22T14:10:00.862665+00:00,2026-04-22T14:20:54.385334+00:00,momentum,"Ethereum Up or Down - April 22, 10:10AM-10:15AM ET",DOWN,Down,2.0,0.53,,LOSS,NO,-2.0,Up,0x316fb1df987ccec4a7064c30310a7483a4871c7b62cd32cc1c2d4e30ce7f15f2,46444241219367176783215223806319703916902343379231350099255424595120893958203
2026-04-22T14:10:00.899447+00:00,2026-04-22T14:20:54.432605+00:00,momentum,"Solana Up or Down - April 22, 10:10AM-10:15AM ET",DOWN,Down,2.0,0.59,,LOSS,NO,-2.0,Up,0x4b29080117ac4977ada921e2c85e97a6f60292f60238c9b77f8ecb73860e5e35,64027352496714436971605039316765518839137675844925696522423218673815820379024
2026-04-22T14:10:00.935535+00:00,2026-04-22T14:20:54.613254+00:00,momentum,"XRP Up or Down - April 22, 10:10AM-10:15AM ET",UP,Up,2.0,0.99,,WIN,YES,0.020202020202020332,Up,0xe7a151d3cdee040efb08dd8aa216ec145f253b381e601019661043fea7270314,20628835667188766053297099689711402207691593285438788016147347634634564035638
2026-04-22T14:10:00.823320+00:00,2026-04-22T14:21:55.060813+00:00,momentum,"Bitcoin Up or Down - April 22, 10:10AM-10:15AM ET",DOWN,Down,2.0,0.51,,LOSS,NO,-2.0,Up,0x8e3882cdde8af92a8d33b0254e6c47c3545edff5f2cb4687266a153e467a0ab8,89854016248075383367322427375394254970984913191333426421940393789202948830325
2026-04-22T14:15:00.441081+00:00,2026-04-22T14:23:56.181018+00:00,momentum,"Bitcoin Up or Down - April 22, 10:15AM-10:20AM ET",DOWN,Down,4.0,0.53,,WIN,YES,3.547169811320754,Down,0xf634a1636ce68928d1654c5267adeb8c1b43babbd14bceb983e4da36e5532537,103713060822344552808022654687375659512575433339647372079972546394215129213623
2026-04-22T14:15:00.475845+00:00,2026-04-22T14:23:56.382285+00:00,momentum,"Ethereum Up or Down - April 22, 10:15AM-10:20AM ET",DOWN,Down,4.0,0.56,,WIN,YES,3.1428571428571423,Down,0xdee401e3ae936481ea59dcfe588b7e5263f6714f0a7f8c00cb1d30691bc4e9c1,43201779132122856401030516230071419679254595578920462175397678442189100195796
2026-04-22T14:15:00.513559+00:00,2026-04-22T14:23:56.563251+00:00,momentum,"Solana Up or Down - April 22, 10:15AM-10:20AM ET",DOWN,Down,4.0,0.52,,WIN,YES,3.6923076923076916,Down,0x6bf70f9f8706c6d966c7bfb9bc3cbac73560094aee64f2556475c8916939aff1,25012659695461219923211820233195293075056278456453844340447796867622427802542
2026-04-22T14:15:03.863813+00:00,2026-04-22T14:23:56.741958+00:00,momentum,"XRP Up or Down - April 22, 10:15AM-10:20AM ET",DOWN,Down,2.0,0.52,,WIN,YES,1.8461538461538458,Down,0x18fe3c4a89966c3fa3d45a504250e2186ef239b0cfe3b4809d3da5f40583daea,35630783635710266610901909918575220394893570909244027631172177797138560879761
2026-04-22T14:20:00.577025+00:00,2026-04-22T14:29:57.548425+00:00,momentum,"Bitcoin Up or Down - April 22, 10:20AM-10:25AM ET",DOWN,Down,2.0,0.515,,LOSS,NO,-2.0,Up,0x289ab68d9f74a715da64df29f51b8dddef36aa74b73d304b4278153911c2478b,23847629851379279331513748797641825549011622160572395046912359818808707226447
2026-04-22T14:20:00.657109+00:00,2026-04-22T14:29:57.758647+00:00,momentum,"Solana Up or Down - April 22, 10:20AM-10:25AM ET",DOWN,Down,2.0,0.515,,LOSS,NO,-2.0,Up,0x1b29ba0fbcb07a6a928cd0419bbe78c3a0f640658485049a626f2f946325379a,29656977627638575762166114933110478437478229393372551589152546686194095567267
2026-04-22T14:20:00.693688+00:00,2026-04-22T14:29:57.811508+00:00,momentum,"XRP Up or Down - April 22, 10:20AM-10:25AM ET",DOWN,Down,2.0,0.515,,LOSS,NO,-2.0,Up,0x79365a29c682acb73ad633f70ebc00f5faf92725301de3de2fe22e67bf616251,36855527735165860383680486690107972447123286880574139020406970135649874192285
2026-04-22T14:20:00.619024+00:00,2026-04-22T14:30:57.662963+00:00,momentum,"Ethereum Up or Down - April 22, 10:20AM-10:25AM ET",DOWN,Down,2.0,0.515,,LOSS,NO,-2.0,Up,0x0f62f97de69b0ccd8505cf506656b48f8a4062e920fdf9816f1ef9b93adc77b5,27994803115586170309801376946746803916098117027850066829780159818883340822253
2026-04-22T14:25:03.347248+00:00,2026-04-22T14:36:02.821188+00:00,momentum,"Ethereum Up or Down - April 22, 10:25AM-10:30AM ET",UP,Up,4.0,0.52,,LOSS,NO,-4.0,Down,0xd17177d09d70dd326f15fb9b0a6f96f2d4c3297218e0263a6d1bf3ce4b17cf47,54061417875175305635485779147740256118136818586579115548464239554457956968131
2026-04-22T14:25:00.244268+00:00,2026-04-22T14:37:03.719912+00:00,momentum,"Bitcoin Up or Down - April 22, 10:25AM-10:30AM ET",DOWN,Down,4.0,0.52,,WIN,YES,3.6923076923076916,Down,0x17cb4be4ae6d7e136a23d553f4832b0f875a1ad9b5229222291c25a67989c19c,71587396055730162261616447066927895426549339259251138805973295126230801527350
2026-04-22T14:25:03.380315+00:00,2026-04-22T14:37:03.767056+00:00,momentum,"Solana Up or Down - April 22, 10:25AM-10:30AM ET",UP,Up,4.0,0.55,,LOSS,NO,-4.0,Down,0x530be82ceecf71c1dc679987b252f6e57a4bbae0b6db87f0c8d995e23f89184d,13466211027148231313671265283260908024296323392762786025673639323619528610074
2026-04-22T14:25:10.390518+00:00,2026-04-22T14:37:03.825398+00:00,momentum,"XRP Up or Down - April 22, 10:25AM-10:30AM ET",UP,Up,4.0,0.52,,LOSS,NO,-4.0,Down,0xcbace307e0634a5110069137d77fa5532c9162fe7a787318aebadc977a816f49,40458154448378675579443949711059494705683230386114770121176447949046696744169
2026-04-22T14:30:04.936400+00:00,2026-04-22T14:39:05.714878+00:00,momentum,"Ethereum Up or Down - April 22, 10:30AM-10:35AM ET",UP,Up,8.0,0.53,,LOSS,NO,-8.0,Down,0x9f332a615f7a940eab97155a80740e092386993bc11a2692aadf638632890340,56398285538138081690840488117136824355774399251908929714375388213621445412369
2026-04-22T14:30:08.106495+00:00,2026-04-22T14:39:05.929500+00:00,momentum,"XRP Up or Down - April 22, 10:30AM-10:35AM ET",UP,Up,8.0,0.52,,LOSS,NO,-8.0,Down,0x5aff62ac64c2347982c853fc02f0206d5bb0b4ce8d21851ea9ea01cc1d12e514,76623931654527740804644970975309953368427664628229025152603820642183168979764
2026-04-22T14:30:01.820456+00:00,2026-04-22T14:40:06.224700+00:00,momentum,"Solana Up or Down - April 22, 10:30AM-10:35AM ET",DOWN,Down,8.0,0.51,,WIN,YES,7.686274509803921,Down,0x4b2d0079db00ec1544b3ba70303a73f2d6b3566d4e6350e648b62e4bc8658725,41340545514836879172426726512082440045599248650069155078427698544326049051264
2026-04-22T14:30:04.971339+00:00,2026-04-22T14:40:06.294404+00:00,momentum,"Bitcoin Up or Down - April 22, 10:30AM-10:35AM ET",UP,Up,2.0,0.54,,LOSS,NO,-2.0,Down,0xa050049f5acb8eed285eebee26483b56410b5aa67df5b0ee7fd5bb6f79d87438,83941879359724691334987677078178152789896722367923460781243745329166401767802
2026-04-22T14:35:04.869466+00:00,2026-04-22T14:45:06.991329+00:00,momentum,"Ethereum Up or Down - April 22, 10:35AM-10:40AM ET",UP,Up,16.0,0.54,,WIN,YES,13.629629629629626,Up,0xbde1b907f6c697ff1dd396f9e8de90f91d29126836916d55c5ae4a1cf575c31d,65637369114523712560994386658903923441612359195256053089905654893609468280700
2026-04-22T14:35:04.902169+00:00,2026-04-22T14:45:07.243732+00:00,momentum,"Solana Up or Down - April 22, 10:35AM-10:40AM ET",UP,Up,2.0,0.53,,WIN,YES,1.773584905660377,Up,0x90298ceab1d0dad1491a93425d64b9e2faa3d6a0da2f0f4fbd84ad738487535a,46218316519490141856660109574424831455761258780167412512752688626656471487167
2026-04-22T14:35:04.934770+00:00,2026-04-22T14:45:07.437397+00:00,momentum,"Bitcoin Up or Down - April 22, 10:35AM-10:40AM ET",UP,Up,4.0,0.53,,WIN,YES,3.547169811320754,Up,0x51db6a265d450d1554e417c5606e368ca4e0d42a388cacd1e72d68c48dfd765e,75663492443886634174067894982189637292520662646585947731736510665261716061978
2026-04-22T14:35:08.045456+00:00,2026-04-22T14:45:07.631457+00:00,momentum,"XRP Up or Down - April 22, 10:35AM-10:40AM ET",DOWN,Down,16.0,0.54,,WIN,YES,13.629629629629626,Down,0x586b814842bdf23eee02b3887a6689f453387573b1c3c8e706ae2fc4efd3be2a,58433535875365939390410068635025932589259685185095207824646569931098501429647
2026-04-22T14:40:00.190626+00:00,2026-04-22T14:50:09.322858+00:00,momentum,"XRP Up or Down - April 22, 10:40AM-10:45AM ET",UP,Up,2.0,0.525,,LOSS,NO,-2.0,Down,0x6cbbd7a008718c9ad949ad9cd82def647b1e7c38d2d998d9b9b616c8e25a12e5,3932044776585265454450323270123643601462863495501397050546314107845866278742
2026-04-22T14:40:01.427691+00:00,2026-04-22T14:50:09.434784+00:00,momentum,"Bitcoin Up or Down - April 22, 10:40AM-10:45AM ET",UP,Up,2.0,0.53,,LOSS,NO,-2.0,Down,0xc0e81d23b3042f52ab913f9ef7c07eb015ee153c96308305186814e27519dea8,68959962428531822698771721190848820437919287135800310358179353428046770960575
2026-04-22T14:40:00.150881+00:00,2026-04-22T14:51:10.354615+00:00,momentum,"Ethereum Up or Down - April 22, 10:40AM-10:45AM ET",UP,Up,2.0,0.525,,LOSS,NO,-2.0,Down,0x3215636123224cbf636d8022621833e87037bd61779fb03a6723134ef5a6f48e,87050788411694739113444575732655830939057335127091884471896028266279454536430
2026-04-22T14:40:01.468059+00:00,2026-04-22T14:51:10.408488+00:00,momentum,"Solana Up or Down - April 22, 10:40AM-10:45AM ET",UP,Up,2.0,0.52,,LOSS,NO,-2.0,Down,0xb915eb74be46cb809b2fb106beb24bf64f07e7ed9e5cb853d56be90bda2cd87a,78899090082176269416180779834832260195353885681405583627184638608879002877802
2026-04-22T14:45:02.623498+00:00,2026-04-22T14:54:12.503301+00:00,momentum,"Ethereum Up or Down - April 22, 10:45AM-10:50AM ET",UP,Up,4.0,0.53,,WIN,YES,3.547169811320754,Up,0xdcbcadb66090a4023ad003e1dacb22b2b764ea16db36c76bdeafe36e52b0e3d0,93499266875329593571532761398848763904342270357883735245708011845301451980849
2026-04-22T14:45:02.668816+00:00,2026-04-22T14:54:12.701672+00:00,momentum,"Solana Up or Down - April 22, 10:45AM-10:50AM ET",UP,Up,4.0,0.53,,WIN,YES,3.547169811320754,Up,0x5e3a710747faf2b992805a725332e026dc65972a8b02624af27a6a0183866111,45261022823151342591661963899140688353672137983639225308216925607978869379797
2026-04-22T14:45:00.415297+00:00,2026-04-22T14:55:12.851675+00:00,momentum,"XRP Up or Down - April 22, 10:45AM-10:50AM ET",UP,Up,4.0,0.51,,WIN,YES,3.8431372549019605,Up,0xe11730d5e17ea34f7a2ad0dec2e83cf0203e00dd0abcb6cb3f1cdaf4e15a8e2b,86699417132376798036240651869988326774589050802337268192241701457560388176045
2026-04-22T14:45:02.587683+00:00,2026-04-22T14:55:13.016160+00:00,momentum,"Bitcoin Up or Down - April 22, 10:45AM-10:50AM ET",UP,Up,4.0,0.52,,WIN,YES,3.6923076923076916,Up,0x8ca4e3a1d0b5f5cf72e44a111e6a50af64bd4d4c7110d94b38b3584141f6236c,23889564411149500113900933276248008356293985776681278726614763403349440465904
2026-04-22T14:50:00.709105+00:00,2026-04-22T15:00:15.433849+00:00,momentum,"XRP Up or Down - April 22, 10:50AM-10:55AM ET",UP,Up,2.0,0.51,,WIN,YES,1.9215686274509802,Up,0xd9df5c8e901b7b1ad57bf3edd6ebc3dad3801fd1b30b7baeb27e2773b79eabee,68321568697183476222319237759644066802566230853010292809311840703990988718198
2026-04-22T14:50:02.830253+00:00,2026-04-22T15:00:15.660408+00:00,momentum,"Ethereum Up or Down - April 22, 10:50AM-10:55AM ET",UP,Up,2.0,0.52,,WIN,YES,1.8461538461538458,Up,0x061c292e52292166df40e7b40803ca698d97560d95e2a358221d22e77688191e,105993996363827112995150410087606550879715985987449796519409723867421848915797
2026-04-22T14:50:05.930596+00:00,2026-04-22T15:00:15.729649+00:00,momentum,"Solana Up or Down - April 22, 10:50AM-10:55AM ET",UP,Up,2.0,0.56,,LOSS,NO,-2.0,Down,0x801a8f30dc7480aae1860d2f0bbc0049059021d7d3001c170f4f0c113b62b655,20080470267105045801157813639371742242151190240580128822054461754047264903894
2026-04-22T14:50:09.029969+00:00,2026-04-22T15:00:15.890731+00:00,momentum,"Bitcoin Up or Down - April 22, 10:50AM-10:55AM ET",UP,Up,2.0,0.62,,WIN,YES,1.2258064516129035,Up,0x7b79d2044af820ccd0e252f92185459c34495e11e1f6bc14edce329366f7ddbe,30433539289080178901037079103443476520434308401726970797466112362501824858183
2026-04-22T14:55:04.292389+00:00,2026-04-22T15:05:18.431839+00:00,momentum,"Solana Up or Down - April 22, 10:55AM-11:00AM ET",DOWN,Down,4.0,0.54,,LOSS,NO,-4.0,Up,0x75472018a1ef5dd06226a6f0d92b5795f36f390136134df61e07fe5c958caa5f,51852251431496030020120651828033166286935917283017926653927299176250352200968
2026-04-22T14:55:01.049202+00:00,2026-04-22T15:06:19.037511+00:00,momentum,"XRP Up or Down - April 22, 10:55AM-11:00AM ET",DOWN,Down,4.0,0.55,,LOSS,NO,-4.0,Up,0x7560675b438560c25f08cd3cf9374083253c0ad794bc8dcc602681fe5d33d69d,46289208265343927123142278136237301593797283787372159013922788225919423299739
2026-04-22T14:55:01.091632+00:00,2026-04-22T15:06:19.135809+00:00,momentum,"Bitcoin Up or Down - April 22, 10:55AM-11:00AM ET",DOWN,Down,2.0,0.54,,LOSS,NO,-2.0,Up,0x02b4a45de9a511928404b0cc34bd81ce697c4f73faf8696feabc641e527945b9,93280702213342310570178683732583794052345023041949693848425849609915114854910
2026-04-22T14:55:04.247379+00:00,2026-04-22T15:06:19.185973+00:00,momentum,"Ethereum Up or Down - April 22, 10:55AM-11:00AM ET",DOWN,Down,4.0,0.52,,LOSS,NO,-4.0,Up,0xe32c83436c31c99b981d49f8c0dfa9b41c7cc05d6c7018fdc84ef09c8e71acda,25973936001167109671810005219833507997800851598618927272078728569389924312060
2026-04-22T15:00:00.283157+00:00,2026-04-22T15:08:19.626220+00:00,momentum,"XRP Up or Down - April 22, 11:00AM-11:05AM ET",UP,Up,8.0,0.51,,LOSS,NO,-8.0,Down,0x4dc9fc880fb8f4f402ab95414af4595b966fccaa71c98905dde0886c5b8cc93e,35086019744660207816777068822314098531712253354335914525162748989512614673213
2026-04-22T15:00:01.955143+00:00,2026-04-22T15:09:20.223330+00:00,momentum,"Ethereum Up or Down - April 22, 11:00AM-11:05AM ET",UP,Up,8.0,0.54,,LOSS,NO,-8.0,Down,0x4368f43f13a490c2b66b522613c96445462d3f6fc90f05e86c3411d47d307f0e,8819040187274792617691291776170245974988051663638250713982973925298263893184
2026-04-22T15:00:02.004869+00:00,2026-04-22T15:10:20.430640+00:00,momentum,"Solana Up or Down - April 22, 11:00AM-11:05AM ET",UP,Up,2.0,0.57,,LOSS,NO,-2.0,Down,0x770bc41c581b7db326b4f01838c13b57e8319804171440f32b7f53ed05b0b53d,29722370331755316107700359502450042787926980536925342731172959660082226824619
2026-04-22T15:00:05.237391+00:00,2026-04-22T15:10:20.484813+00:00,momentum,"Bitcoin Up or Down - April 22, 11:00AM-11:05AM ET",UP,Up,2.0,0.55,,LOSS,NO,-2.0,Down,0x53b45ffda0b8d85e55ac8ae5ab3ee422d1bbe8b7a86da857937285b36c0ebfef,15095510850794408882004496277669214155192820970571373671826367629604945181880
2026-04-22T15:05:00.827787+00:00,2026-04-22T15:14:22.014808+00:00,momentum,"XRP Up or Down - April 22, 11:05AM-11:10AM ET",UP,Up,16.0,0.51,,WIN,YES,15.372549019607842,Up,0x2a55311eac4cbfef191fd739a1a3245130654b76b4e7b29158240ae2db34ba55,45375188731612835969594169485848691064412447200778322066199685300832630200139
2026-04-22T15:05:03.195914+00:00,2026-04-22T15:14:22.521324+00:00,momentum,"Solana Up or Down - April 22, 11:05AM-11:10AM ET",UP,Up,4.0,0.56,,WIN,YES,3.1428571428571423,Up,0x859e5b5b63de9369c59ddf75a6384946e84deb66112ab3acbbe24eeccbda9a0e,80877273288922280309489487303183655696256653034120747088992503988814347364462
2026-04-22T15:05:03.125201+00:00,2026-04-22T15:15:22.605871+00:00,momentum,"Bitcoin Up or Down - April 22, 11:05AM-11:10AM ET",UP,Up,4.0,0.51,,WIN,YES,3.8431372549019605,Up,0x5ace5455ad271b03c898752406d2fd29332e684219c04b89a122cdf098bfe4a2,54222646553774897407847488130088732388648318294070490692222596762506563197579
2026-04-22T15:05:03.162447+00:00,2026-04-22T15:15:22.761845+00:00,momentum,"Ethereum Up or Down - April 22, 11:05AM-11:10AM ET",UP,Up,8.0,0.52,,WIN,YES,7.384615384615383,Up,0x6eb6c6339b2afe1b2cfb4e3b45d7891a41236f0e74b80f66d5e1209cf95ae281,41856840280018310272924592041517454804515723837536067919151098816275190885811
2026-04-22T15:10:00.123407+00:00,2026-04-22T15:21:25.691233+00:00,momentum,"Solana Up or Down - April 22, 11:10AM-11:15AM ET",UP,Up,2.0,0.525,,LOSS,NO,-2.0,Down,0xc68185e7929af5fd08090b713fe3e520a1aba6267405b55983190ffde71ce1ab,91336998579497998988718574893295137960868554793862377999682747879120409606953
2026-04-22T15:10:01.337974+00:00,2026-04-22T15:21:25.855133+00:00,momentum,"Bitcoin Up or Down - April 22, 11:10AM-11:15AM ET",DOWN,Down,2.0,0.52,,WIN,YES,1.8461538461538458,Down,0xd653f745e8b843aa33d1df4250d0790c6922ee0d7c24b2027aea45efe39cdfe8,67015971233238394666591852499541985530504227665657150656966507776125609816763
2026-04-22T15:10:01.427023+00:00,2026-04-22T15:21:26.029509+00:00,momentum,"XRP Up or Down - April 22, 11:10AM-11:15AM ET",UP,Up,2.0,0.54,,LOSS,NO,-2.0,Down,0x448d40d64018506117ebef8a5b87448626b4c7d8baa839e80c4577a2b24a83f7,106324349661396030022375675734848672947029490917444255935198859226273357720067
2026-04-22T15:10:01.391333+00:00,2026-04-22T15:22:26.031724+00:00,momentum,"Ethereum Up or Down - April 22, 11:10AM-11:15AM ET",UP,Up,2.0,0.52,,LOSS,NO,-2.0,Down,0xf5f20c36a7ef8dc9dd1a6ab853e7c8a903de0973c3a21eed420c2cec9c783c82,17062234655110194746971072869904014324884389088883399328781679341108804245758
2026-04-22T15:15:02.391617+00:00,2026-04-22T15:24:27.041386+00:00,momentum,"Ethereum Up or Down - April 22, 11:15AM-11:20AM ET",UP,Up,4.0,0.53,,LOSS,NO,-4.0,Down,0x3999014f6b177ec0c9fe3db3425731bf57aa1ee3d23350ee2122cd1dd8352c73,38252419568615360826569799956132463390757788548706509493398195325992715870867
2026-04-22T15:15:35.282515+00:00,2026-04-22T15:24:27.361092+00:00,momentum,"XRP Up or Down - April 22, 11:15AM-11:20AM ET",UP,Up,2.0,0.53,,WIN,YES,1.773584905660377,Up,0x22cea9470847f72c20fd4fc7bb4e27ffade8a109af2263610e82b2e58e3dff9e,70765614780276305507495140553054678543268238681992839907504257919765425356961
2026-04-22T15:15:00.197082+00:00,2026-04-22T15:25:27.927589+00:00,momentum,"Solana Up or Down - April 22, 11:15AM-11:20AM ET",UP,Up,4.0,0.51,,WIN,YES,3.8431372549019605,Up,0xbdbc3c1823ae310e4465910e07bf79a4360a63e9289bfea47c6e1cd2233ef89b,71748480642029793545275171427839298054485056429207924339151333541006145748835
2026-04-22T15:15:08.682976+00:00,2026-04-22T15:25:28.121893+00:00,momentum,"Bitcoin Up or Down - April 22, 11:15AM-11:20AM ET",UP,Up,2.0,0.52,,WIN,YES,1.8461538461538458,Up,0x79b5b283bfd7631611e7eca0bb9a8f498262fc67ab31e85770e886601194e4c4,85076153488264186824357883699835011534068608651414584929147638539297821084406
2026-04-22T15:20:02.575060+00:00,2026-04-22T15:29:29.533413+00:00,momentum,"Ethereum Up or Down - April 22, 11:20AM-11:25AM ET",UP,Up,2.0,0.52,,LOSS,NO,-2.0,Down,0xa2dad3d150385ac1ab2991564d343b093a6c8ad246cd14b97bd3768d9c766bb3,19138829323835234273110527852872640080344019380051275040176539358399463379596
2026-04-22T15:20:08.958607+00:00,2026-04-22T15:29:29.747832+00:00,momentum,"XRP Up or Down - April 22, 11:20AM-11:25AM ET",DOWN,Down,2.0,0.53,,LOSS,NO,-2.0,Up,0x14742658647b0b028dfacee724cba86a01ea17f6c8b5f481274ea03e64d384cf,108581859980606892423626259309790990596979947841699066022322159180774108711305
2026-04-22T15:20:00.402861+00:00,2026-04-22T15:31:30.367874+00:00,momentum,"Solana Up or Down - April 22, 11:20AM-11:25AM ET",UP,Up,2.0,0.51,,LOSS,NO,-2.0,Down,0xe721c800ca8ac17987311af6a0208dda67e9caf8772f3272ee1437f2d580f042,61695830140687319106552233756305097120110970678266978113518309044164561730244
2026-04-22T15:20:05.771339+00:00,2026-04-22T15:31:30.413220+00:00,momentum,"Bitcoin Up or Down - April 22, 11:20AM-11:25AM ET",DOWN,Down,2.0,0.51,,LOSS,NO,-2.0,Up,0x0fa5acd25fd038a8752e25542940e451f0a7052482b6982a029c171fca614391,47520721869744578144756419425434757483385857844143116368033414815016641196500
2026-04-22T15:25:00.423993+00:00,2026-04-22T15:35:31.641444+00:00,momentum,"Ethereum Up or Down - April 22, 11:25AM-11:30AM ET",UP,Up,4.0,0.51,,WIN,YES,3.8431372549019605,Up,0x2aa970c5f8c6edcb587d55b21cb3bffaeb2fa362a0718faadb71daed5a35d74a,95110786379435424213162224733453165065767002604790323650814521563746975502824
2026-04-22T15:25:03.570780+00:00,2026-04-22T15:35:31.922967+00:00,momentum,"XRP Up or Down - April 22, 11:25AM-11:30AM ET",UP,Up,4.0,0.56,,LOSS,NO,-4.0,Down,0xc6c3dcac38de2cb5ed60f037905d8a67ef9ffa7775e83a7a766a953dd5a026f9,17229655261249102634345521380954772338471858284633393668663681712843638923317
2026-04-22T15:25:00.468720+00:00,2026-04-22T15:36:31.593048+00:00,momentum,"Solana Up or Down - April 22, 11:25AM-11:30AM ET",UP,Up,2.0,0.51,,LOSS,NO,-2.0,Down,0x36615e4f87b871623215bfb671637689e88dd63d059e21ea6b73565e802cf9e9,22958356212677162503634500928233844250512843274856123907201996720729959384380
2026-04-22T15:25:12.935796+00:00,2026-04-22T15:37:31.804400+00:00,momentum,"Bitcoin Up or Down - April 22, 11:25AM-11:30AM ET",DOWN,Down,2.0,0.54,,LOSS,NO,-2.0,Up,0x003918315d7f88293bace93a162f224f0ab31fd51bfdc235013a36570462b0f1,97801656598444715340694821433763345041678500580466461687654252779528715993144
2026-04-22T15:30:02.179889+00:00,2026-04-22T15:39:32.671437+00:00,momentum,"Bitcoin Up or Down - April 22, 11:30AM-11:35AM ET",DOWN,Down,4.0,0.53,,LOSS,NO,-4.0,Up,0x63ae0796520a5a6752d435376dc016bedaf4d206de5d0ea9c40bf901967ea88c,16935205800333154042303591587191411063778237185682901274262732939716621043057
2026-04-22T15:30:02.218669+00:00,2026-04-22T15:39:32.844930+00:00,momentum,"Solana Up or Down - April 22, 11:30AM-11:35AM ET",UP,Up,4.0,0.52,,WIN,YES,3.6923076923076916,Up,0x8c2a9d91569f9fb3dc735b7746050d359774982ff9bc03ad5cfa2f614106f127,77765757671488361318332175746294393365284945017271628266572599781433565830476
2026-04-22T15:30:05.344726+00:00,2026-04-22T15:39:33.012529+00:00,momentum,"XRP Up or Down - April 22, 11:30AM-11:35AM ET",DOWN,Down,8.0,0.53,,WIN,YES,7.094339622641508,Down,0x4202f75e9b75afd5818c3c12136af829cc77e3d2062635aa016c0eceedc5a8bb,41589341695723348769928926879908783881225961954340565854479928700603324777580
2026-04-22T15:30:05.380017+00:00,2026-04-22T15:39:33.262044+00:00,momentum,"Ethereum Up or Down - April 22, 11:30AM-11:35AM ET",DOWN,Down,2.0,0.52,,WIN,YES,1.8461538461538458,Down,0x157c89560e669df0535c3990c0f5791e2119a77f20ce621af15ec9a8c098eb9c,35295479183757443835445973023858573597302404356249846045382662403464437203203
2026-04-22T15:35:00.958825+00:00,2026-04-22T15:45:34.628354+00:00,momentum,"Solana Up or Down - April 22, 11:35AM-11:40AM ET",UP,Up,2.0,0.52,,WIN,YES,1.8461538461538458,Up,0xd7732470b627e7ce892457c91f94580ff50ddc62a01422409324bfebfb0d5d28,68839306935673553053872113544325755826481336195611267848647236534709996406920
2026-04-22T15:35:04.182840+00:00,2026-04-22T15:45:34.674575+00:00,momentum,"Bitcoin Up or Down - April 22, 11:35AM-11:40AM ET",DOWN,Down,8.0,0.51,,LOSS,NO,-8.0,Up,0x81273953e8f56186e358767e39b1e35a00b061acf2f1a22b6b3cc33cd7af45e8,6889404359863091828020000505047590841221332309965482670702226117813136755147
2026-04-22T15:35:07.424247+00:00,2026-04-22T15:45:34.859629+00:00,momentum,"XRP Up or Down - April 22, 11:35AM-11:40AM ET",DOWN,Down,2.0,0.6,,LOSS,NO,-2.0,Up,0x03de540fdbff390456fac4423392a64a5c021f85e0d439091cb2465be0c20cf2,109822392660117173868429794790710462102639338106212901411023959387380683648174
2026-04-22T15:35:04.238650+00:00,2026-04-22T15:46:34.700103+00:00,momentum,"Ethereum Up or Down - April 22, 11:35AM-11:40AM ET",UP,Up,2.0,0.51,,WIN,YES,1.9215686274509802,Up,0xb42e392f907431307c8fe58807a4ca978846e9c0a9f912f8e105f2d61c0347cc,112765574525452970440565040839868182237371458866444914924330182834343551883141
2026-04-22T15:40:00.348208+00:00,2026-04-22T15:50:36.960836+00:00,momentum,"Ethereum Up or Down - April 22, 11:40AM-11:45AM ET",DOWN,Down,2.0,0.54,,LOSS,NO,-2.0,Up,0x21594dc23a0a9ec1ec354b6b16b45d56477ce8437c418f9aa8fa1828f5c91789,67323279123301349524607602275798623785512377687155012494100413286546664989016
2026-04-22T15:40:03.456018+00:00,2026-04-22T15:50:37.197636+00:00,momentum,"Solana Up or Down - April 22, 11:40AM-11:45AM ET",DOWN,Down,2.0,0.51,,WIN,YES,1.9215686274509802,Down,0xc07f7820871ec3f306211f3a22a22c92a53db774a89feef60a5c2dfc192c7948,17102719499495960393445285716109972824041651971252299279076717822544549776897
2026-04-22T15:40:00.306488+00:00,2026-04-22T15:51:37.378754+00:00,momentum,"Bitcoin Up or Down - April 22, 11:40AM-11:45AM ET",DOWN,Down,16.0,0.54,,LOSS,NO,-16.0,Up,0xe388a1f83bb4a021c1ced925b8e33592ffd013183a5dd71d4aa60f3a49b999ce,97128281458999622731966150336005651633984287229608598849632534845446620066474
2026-04-22T15:40:13.052723+00:00,2026-04-22T15:51:37.425730+00:00,momentum,"XRP Up or Down - April 22, 11:40AM-11:45AM ET",UP,Up,4.0,0.51,,LOSS,NO,-4.0,Down,0x588e1e3c30f0fd6956629f1710bd6739350908b66f128bbf865dee4d67e93dea,41899886077840410583590795511485026619462747015638672633478623463940107306820
2026-04-22T15:45:00.888199+00:00,2026-04-22T15:54:38.881647+00:00,momentum,"Ethereum Up or Down - April 22, 11:45AM-11:50AM ET",DOWN,Down,4.0,0.53,,WIN,YES,3.547169811320754,Down,0x133ec8cb3c62c7a636ebb1dbd7a9931ef1f28c75d5161c945396b909fb43751f,83608006504982533208062641656733318992819993407680942378616386517462350291196
2026-04-22T15:45:17.298393+00:00,2026-04-22T15:54:38.930775+00:00,momentum,"XRP Up or Down - April 22, 11:45AM-11:50AM ET",DOWN,Down,8.0,0.54,,LOSS,NO,-8.0,Up,0x36102580133f3c38bc354f4a18ffb3b4d490ebbf104714f85af1754504bf5d29,88512009151345342102283734865789775640706443064685651625772598910333832746523
2026-04-22T15:45:20.439042+00:00,2026-04-22T15:54:39.106130+00:00,momentum,"Solana Up or Down - April 22, 11:45AM-11:50AM ET",UP,Up,2.0,0.52,,WIN,YES,1.8461538461538458,Up,0x677c9a724a53bf72453a00660bf9cbdefc0bce62b5ccd823bf66fa073a6b2e58,81591967704183388183345036406386482197164332078350469154499420232931722333034
2026-04-22T15:45:00.855200+00:00,2026-04-22T15:55:39.631362+00:00,momentum,"Bitcoin Up or Down - April 22, 11:45AM-11:50AM ET",DOWN,Down,32.0,0.53,,WIN,YES,28.37735849056603,Down,0xaa8a3c128649221e039295c91db0018871b686c9868ead0d48e2ba906b6e7aac,54975219933258729126524778768109783216926751199081399758916665097492674402693
2026-04-22T15:50:00.959090+00:00,2026-04-22T15:59:41.569228+00:00,momentum,"Bitcoin Up or Down - April 22, 11:50AM-11:55AM ET",DOWN,Down,64.0,0.525,,LOSS,NO,-64.0,Up,0xfbad7fcfd923b342cddb111ac36addc7ecb58c680c4e44488b924007954f06e4,91758770575763429158626714291597476290941154512555524236001505388478135047636
2026-04-22T15:50:03.200335+00:00,2026-04-22T15:59:42.011993+00:00,momentum,"Solana Up or Down - April 22, 11:50AM-11:55AM ET",UP,Up,2.0,0.56,,WIN,YES,1.5714285714285712,Up,0x7c052f91eaa3a75f3d907bdfa42c54a1781b7537f605e5344a86b7139fb842bd,10269217267769369705357422900274109596415519058115668996199579161482742955084
2026-04-22T15:50:00.993908+00:00,2026-04-22T16:00:42.236259+00:00,momentum,"Ethereum Up or Down - April 22, 11:50AM-11:55AM ET",DOWN,Down,2.0,0.51,,LOSS,NO,-2.0,Up,0x2aa18ce27e9848d7e43772fdfb6556fcadf473fa1b64e26243245990a9e7e0f3,13126004902079682867566082333548446760554615540579237214589947159931556658796
2026-04-22T15:50:03.165432+00:00,2026-04-22T16:00:42.289840+00:00,momentum,"XRP Up or Down - April 22, 11:50AM-11:55AM ET",DOWN,Down,16.0,0.53,,LOSS,NO,-16.0,Up,0x7359efbe42438550a1232a68c4cebc027daa11a883782b8165bd23aa1589f45a,46260425628624563683841042094242627486210822318773078167944028816173377558176
2026-04-22T15:55:00.527878+00:00,2026-04-22T16:05:46.263079+00:00,momentum,"Ethereum Up or Down - April 22, 11:55AM-12:00PM ET",DOWN,Down,4.0,0.525,,WIN,YES,3.6190476190476186,Down,0x10bbb6c5e4b1757b734092d810260747f9c7c2a80e97d8fa2f09f264b61038e2,19792908760542953248258425683130801933166129802144995156237552542134465058023
2026-04-22T15:55:01.564574+00:00,2026-04-22T16:05:46.448057+00:00,momentum,"Bitcoin Up or Down - April 22, 11:55AM-12:00PM ET",DOWN,Down,64.0,0.56,,WIN,YES,50.28571428571428,Down,0x78b2da415ec12aa65ccba5fa8f4c7aa041456cbe424c00611cebdc06592d7bbd,20821075329692203161465313755007795076226843231450211325704970975042128108993
2026-04-22T15:55:01.607302+00:00,2026-04-22T16:06:47.073903+00:00,momentum,"Solana Up or Down - April 22, 11:55AM-12:00PM ET",DOWN,Down,2.0,0.51,,WIN,YES,1.9215686274509802,Down,0xf755fae263170050c013ab49a94dfe44e2814fb96d04a8fbf71d2dfe453b22d3,7447882671266660346758358872588284271619631890471528234382709382376348293000
2026-04-22T15:55:01.653453+00:00,2026-04-22T16:06:47.232592+00:00,momentum,"XRP Up or Down - April 22, 11:55AM-12:00PM ET",DOWN,Down,32.0,0.56,,WIN,YES,25.14285714285714,Down,0xfb0052c10ff4fc41a481e159b435b8941c15407a6b89ab428c40d463076da002,45892052588605979428300349404862475150256689714143059003816139564083233324650
2026-04-22T16:00:03.491960+00:00,2026-04-22T16:08:49.540822+00:00,momentum,"Bitcoin Up or Down - April 22, 12:00PM-12:05PM ET",UP,Up,2.0,0.59,,WIN,YES,1.3898305084745766,Up,0xf9f0eb0f506dd1ca1b265b40106bf1b2be0b71e6b42e9d49648e883342c95d13,98218774103156303243604889395180615684937350073118174554868397018175391516275
2026-04-22T16:00:03.536119+00:00,2026-04-22T16:08:49.741415+00:00,momentum,"XRP Up or Down - April 22, 12:00PM-12:05PM ET",UP,Up,2.0,0.54,,WIN,YES,1.7037037037037033,Up,0x0a2ad9e7e928acd65ced71117d726e00e5d29d92408ec4aa9d6668b5a8ccc651,83767834076222322878389292616726130544885657262091898379927989649355198805445
2026-04-22T16:00:00.261059+00:00,2026-04-22T16:09:49.929933+00:00,momentum,"Ethereum Up or Down - April 22, 12:00PM-12:05PM ET",UP,Up,2.0,0.55,,WIN,YES,1.6363636363636362,Up,0x8578a3393b8009b8351abc6567a1a82a0596343b0fac6df3571ef10d9f997583,10376117079535940434959691419085593812985730294119357912103331986082043251510
2026-04-22T16:00:03.585355+00:00,2026-04-22T16:09:50.115597+00:00,momentum,"Solana Up or Down - April 22, 12:00PM-12:05PM ET",UP,Up,2.0,0.6,,WIN,YES,1.3333333333333335,Up,0xed4e5f97fd9e501d4cb3f971dbb0acbc7d40fe2633c4460331cebf3b2e19d048,19637262757135527949861365136173176767653867487981371187697495596785837075084
2026-04-22T16:05:03.132078+00:00,2026-04-22T16:14:52.361547+00:00,momentum,"Ethereum Up or Down - April 22, 12:05PM-12:10PM ET",DOWN,Down,2.0,0.51,,WIN,YES,1.9215686274509802,Down,0x48b31c39f520840fbdcbe05ab955a2d1ec073e29fd17a795f063a518d7bfac0c,8807667570860851716799939111527394446395745374365430476063909957079670109225
2026-04-22T16:05:00.816811+00:00,2026-04-22T16:15:52.706140+00:00,momentum,"Bitcoin Up or Down - April 22, 12:05PM-12:10PM ET",DOWN,Down,2.0,0.515,,WIN,YES,1.883495145631068,Down,0xedc5317c20b66e059d8177ecb3549b47a02a06c99c94f4f74a6c54978d4bac49,40491775948137105950673795100490122530900106169418279759953020711098077792409
2026-04-22T16:05:15.535472+00:00,2026-04-22T16:15:52.910769+00:00,momentum,"XRP Up or Down - April 22, 12:05PM-12:10PM ET",UP,Up,2.0,0.6,,LOSS,NO,-2.0,Down,0x6353a01f178ab0d8345ea23eb7086db688bb53482ce10d74753e474218136657,25425699759409963610185974121596425577072916157275926100610463665187575257394
2026-04-22T16:05:06.291331+00:00,2026-04-22T16:16:53.654005+00:00,momentum,"Solana Up or Down - April 22, 12:05PM-12:10PM ET",UP,Up,2.0,0.52,,LOSS,NO,-2.0,Down,0x4439aa0b94e2b8a59bc39f75a03ca8cbe890590682fcd8226591f379435d7819,47213812318508388872040724052567109297358507878604551533006566853756282833721
2026-04-22T16:10:00.181467+00:00,2026-04-22T16:20:55.671112+00:00,momentum,"Bitcoin Up or Down - April 22, 12:10PM-12:15PM ET",DOWN,Down,2.0,0.515,,WIN,YES,1.883495145631068,Down,0xb90fdee8343aaed7d609cc8bdd743f45360f3313437841b900db7b15d4aef303,78659441586644189654036057759924123770732331540879821939247933361947016925571
2026-04-22T16:10:01.311513+00:00,2026-04-22T16:20:55.825687+00:00,momentum,"Ethereum Up or Down - April 22, 12:10PM-12:15PM ET",DOWN,Down,2.0,0.53,,WIN,YES,1.773584905660377,Down,0x211a8b09480ade057dacff7d8aa109f2b6bec02ba5f7473938456f3cde8e9812,37101054344152507915069785061963057457260059208335690170108887103990882414141
2026-04-22T16:10:01.434366+00:00,2026-04-22T16:20:56.014556+00:00,momentum,"Solana Up or Down - April 22, 12:10PM-12:15PM ET",UP,Up,2.0,0.51,,WIN,YES,1.9215686274509802,Up,0xccf569ff4e1b8b55e5e075cf0ce7e4b121d72c54b40f23ddecf6f67673e3f5a5,113322897597488059781081365901760750229550898067665423975136161943393822321651
2026-04-22T16:10:01.478883+00:00,2026-04-22T16:21:55.983781+00:00,momentum,"XRP Up or Down - April 22, 12:10PM-12:15PM ET",DOWN,Down,2.0,0.51,,WIN,YES,1.9215686274509802,Down,0x80980c6ab2531a19381046f479aa3c71595251c0cdd658ca4c43bc28c8785c8a,71546207292042822100200780270353238875526197436820364849059401647089121812026
2026-04-22T16:15:04.095805+00:00,2026-04-22T16:26:58.419578+00:00,momentum,"Solana Up or Down - April 22, 12:15PM-12:20PM ET",UP,Up,2.0,0.58,,LOSS,NO,-2.0,Down,0x25cf4dfed42107915579d7a33e36b05a647916f5cee7e6f004642e040f9811e2,80889637216258645648601701416110562913271121383141025862370523899317890263370
2026-04-22T16:15:04.132096+00:00,2026-04-22T16:26:58.480046+00:00,momentum,"Ethereum Up or Down - April 22, 12:15PM-12:20PM ET",UP,Up,2.0,0.52,,LOSS,NO,-2.0,Down,0x478ba4f4470cafdc2fe95f3ea57cd5174128b8c20ffd53b7708c8850cddee772,23774121561947406366341901117162399594298285294173455120357228187878364333215
2026-04-22T16:15:00.915686+00:00,2026-04-22T16:27:58.100727+00:00,momentum,"Bitcoin Up or Down - April 22, 12:15PM-12:20PM ET",UP,Up,2.0,0.51,,LOSS,NO,-2.0,Down,0x4ccf2d1ec6c8a6973a61aa2c25177dd136b454094aea15fbd23d26b815b50f2e,101846245340273308347641171547269178405926898416654765809979782660537432882199
2026-04-22T16:15:04.062535+00:00,2026-04-22T16:27:58.142696+00:00,momentum,"XRP Up or Down - April 22, 12:15PM-12:20PM ET",UP,Up,2.0,0.53,,LOSS,NO,-2.0,Down,0x26b41546f89e587a6bcbfd6d828f758b2b2a55ec5ddee621b472742a64fccef2,61951568503545907119085463536333048279844960547467482876021212674285111042362
2026-04-22T16:20:08.341704+00:00,2026-04-22T16:28:59.343154+00:00,momentum,"Solana Up or Down - April 22, 12:20PM-12:25PM ET",DOWN,Down,4.0,0.58,,WIN,YES,2.8965517241379315,Down,0x070256252fbe9284a62963c5ab4c58a15fabb39aa9d58eb7abc1a3395c25f849,11236014482429230084609574175807559288307697491313523500005800033426896522841
2026-04-22T16:20:00.890327+00:00,2026-04-22T16:31:00.867049+00:00,momentum,"XRP Up or Down - April 22, 12:20PM-12:25PM ET",UP,Up,4.0,0.515,,LOSS,NO,-4.0,Down,0x27a089e1c7460829c42da7996def4ac58881bb8653d65385974a6d165cb54c7d,79901411508188647786167866309049963137531396856021507271211576034673805245831
2026-04-22T16:20:02.001070+00:00,2026-04-22T16:31:00.915346+00:00,momentum,"Bitcoin Up or Down - April 22, 12:20PM-12:25PM ET",UP,Up,4.0,0.51,,LOSS,NO,-4.0,Down,0x10759147392d1986771fa8ca974c6f5cd1f5b89d85621ef307ea8ba2b39367a9,85505042559159705425483028822112669570688664061208522521414396841266972200882
2026-04-22T16:20:02.037452+00:00,2026-04-22T16:31:01.277249+00:00,momentum,"Ethereum Up or Down - April 22, 12:20PM-12:25PM ET",DOWN,Down,4.0,0.54,,WIN,YES,3.4074074074074066,Down,0x3b1fec82ef99e778e3a5c88e6849c926bcb46846e770470244e54c820576bfd8,104192346115974514884618767183219410138893292366880810436319404750560957544897
2026-04-22T16:25:02.521443+00:00,2026-04-22T16:36:04.269548+00:00,momentum,"Ethereum Up or Down - April 22, 12:25PM-12:30PM ET",UP,Up,2.0,0.53,,LOSS,NO,-2.0,Down,0x5abe3c80f9f4b1183f508ef166600ad2f84ac3106113ff526fdf91d1774fdf5a,98733856284808724016750370978877664438962587277668020092700514885309554534635
2026-04-22T16:25:02.575643+00:00,2026-04-22T16:36:04.383287+00:00,momentum,"Bitcoin Up or Down - April 22, 12:25PM-12:30PM ET",UP,Up,8.0,0.56,,LOSS,NO,-8.0,Down,0xff4b42ee2d9ca99baf94a9b278c72bcf0f20105ce7f09621183c8330eb2b6a2a,44768628757841280476059689456569594561070301444185703783135760239887711244343
2026-04-22T16:25:00.370744+00:00,2026-04-22T16:37:04.110464+00:00,momentum,"XRP Up or Down - April 22, 12:25PM-12:30PM ET",UP,Up,8.0,0.51,,LOSS,NO,-8.0,Down,0x6139d36bde3e2ce8d579f6d393f09be9287acbc09df166acdbb242fb43f385c2,47650002726811347960520395552816098747322867717395843386226292998691276318942
2026-04-22T16:25:02.628776+00:00,2026-04-22T16:37:04.301609+00:00,momentum,"Solana Up or Down - April 22, 12:25PM-12:30PM ET",UP,Up,2.0,0.52,,WIN,YES,1.8461538461538458,Up,0x8053b51af4df5365ec32c1d18671cb5c96326748cab932e6c3c736a286268265,78343672745148155463261245075324495228765925915268361567003381493029393012634
2026-04-22T16:30:02.115738+00:00,2026-04-22T16:39:04.971282+00:00,momentum,"Ethereum Up or Down - April 22, 12:30PM-12:35PM ET",UP,Up,2.0,0.53,,WIN,YES,1.773584905660377,Up,0x0b9ae4224fa31473a1e6ba32e813c6d6b480373ac4ebedf563457a2314087bf8,81108198754911983766310734363028085431119646486710995648951804889594308887864
2026-04-22T16:30:02.158730+00:00,2026-04-22T16:39:05.025199+00:00,momentum,"XRP Up or Down - April 22, 12:30PM-12:35PM ET",UP,Up,16.0,0.57,,LOSS,NO,-16.0,Down,0x43d66cf1e2c5e8a5998b9161619fd3257d5b7d78fd55e5ca47d2aa1f9fe02d68,51819065760524749451025994377476912380937435771928644260609307723947731213795
2026-04-22T16:30:03.246124+00:00,2026-04-22T16:39:05.349610+00:00,momentum,"Bitcoin Up or Down - April 22, 12:30PM-12:35PM ET",UP,Up,8.0,0.53,,WIN,YES,7.094339622641508,Up,0xc4123482f5732508549387bd572f222c5eedbe5251616ec5193dfff592e02a15,80254748517799548117165378560330766246871496429159866079472783888891301823328
2026-04-22T16:30:02.201988+00:00,2026-04-22T16:40:05.588170+00:00,momentum,"Solana Up or Down - April 22, 12:30PM-12:35PM ET",UP,Up,2.0,0.51,,WIN,YES,1.9215686274509802,Up,0xa6f94b0bb9a36667f0ceccfee6a58ccdf0d0ec09c8623a3a07f79ce23e2355e7,55591553918888676195903938734665225257371963773221713017037080274855680359524
2026-04-22T16:35:00.618924+00:00,2026-04-22T16:45:09.039765+00:00,momentum,"Solana Up or Down - April 22, 12:35PM-12:40PM ET",UP,Up,2.0,0.515,,LOSS,NO,-2.0,Down,0x66f89c16d92758a379301cf7bfd06560ecd767574ecf83a8449a3dfc9cf52904,48308238960792709034030533370007715584822027719266908391991492540759350860874
2026-04-22T16:35:00.565387+00:00,2026-04-22T16:46:09.663192+00:00,momentum,"XRP Up or Down - April 22, 12:35PM-12:40PM ET",UP,Up,2.0,0.51,,WIN,YES,1.9215686274509802,Up,0x3cb97380ce4f37485d8b3dd31fbd609923685f70a941e6b4b56a88128e85bdd4,67936372707221707496851594755395160215937049959250558012575806319234778405040
2026-04-22T16:35:02.196599+00:00,2026-04-22T16:46:09.714931+00:00,momentum,"Bitcoin Up or Down - April 22, 12:35PM-12:40PM ET",UP,Up,2.0,0.51,,LOSS,NO,-2.0,Down,0xc72c9900be9f7d3b106002846514c6f578bb97b4f22ea536448f75bfd39ac7a2,42497053307428190415700610050823636572875499279785846079863526138734791070091
2026-04-22T16:35:02.540732+00:00,2026-04-22T16:46:09.917625+00:00,momentum,"Ethereum Up or Down - April 22, 12:35PM-12:40PM ET",UP,Up,2.0,0.52,,WIN,YES,1.8461538461538458,Up,0x7777ff20a36d04b30fe371df5ea7dbe45d100723aa4b0a6966f10fe761d1f0cf,80107202260193557955652977894549121606075284938538706274303256301296484901412
2026-04-22T16:40:01.120855+00:00,2026-04-22T16:50:11.344380+00:00,momentum,"XRP Up or Down - April 22, 12:40PM-12:45PM ET",UP,Up,2.0,0.52,,LOSS,NO,-2.0,Down,0xacdb38927c9bee290a7da17c77eb803037f0a36e6229e73d319bc3bcc045aa30,49298306320921376232796921038685047396994485689539350023123376930532805531710
2026-04-22T16:40:01.081151+00:00,2026-04-22T16:51:11.676768+00:00,momentum,"Bitcoin Up or Down - April 22, 12:40PM-12:45PM ET",UP,Up,4.0,0.51,,LOSS,NO,-4.0,Down,0x31885870c46765f62063d4b87d2432b051610f04b8845172e6674d8d0af02210,16904167776090309672154799050669626577145079953164093144039724784649903608714
2026-04-22T16:40:04.367180+00:00,2026-04-22T16:51:12.121489+00:00,momentum,"Solana Up or Down - April 22, 12:40PM-12:45PM ET",UP,Up,4.0,0.51,,LOSS,NO,-4.0,Down,0x82b9d99253396e9969dd4b6e1d8a89fa27b726b010f83b6a93b4b060f2dd6eac,31139362123776911274364119046547074344430860779244121891966703369614971384106
2026-04-22T16:40:01.165635+00:00,2026-04-22T16:52:12.149145+00:00,momentum,"Ethereum Up or Down - April 22, 12:40PM-12:45PM ET",UP,Up,2.0,0.52,,LOSS,NO,-2.0,Down,0x1263add11fff33cc3fe9d4e4f09b1e7af755b23e20660bc22a58e46474697423,76970383489903223442871439694599615858868327973452111378692498900365680115985
2026-04-22T16:45:02.248772+00:00,2026-04-22T16:59:15.216193+00:00,momentum,"Ethereum Up or Down - April 22, 12:45PM-12:50PM ET",UP,Up,4.0,0.53,,WIN,YES,3.547169811320754,Up,0xa84b0f6d5c2f34b5f33d32281f4eb8c2e9e23d8d4c9b2e883d85d7bf765f871b,107374628790804760977868145126080616771024674636252410207107674505255281770329
2026-04-22T16:45:02.162353+00:00,2026-04-22T17:00:15.270954+00:00,momentum,"Solana Up or Down - April 22, 12:45PM-12:50PM ET",UP,Up,8.0,0.52,,WIN,YES,7.384615384615383,Up,0x0f102aa416289ead340f0435d0f79cf13272f168343ce26a67553f52ec9ec3f0,76956610543103198565458892664786484222699959066527449089556140754812515405659
2026-04-22T16:50:00.789874+00:00,2026-04-22T17:00:15.480281+00:00,momentum,"Bitcoin Up or Down - April 22, 12:50PM-12:55PM ET",UP,Up,2.0,0.515,,LOSS,NO,-2.0,Down,0xca3086344c488ff01511e0eda06addd8344738404bdb1818793092e0697f16d3,12816875825448102473920108244923557376733956710747805412772646752315690131007
2026-04-22T16:50:00.831639+00:00,2026-04-22T17:00:15.533765+00:00,momentum,"XRP Up or Down - April 22, 12:50PM-12:55PM ET",UP,Up,2.0,0.51,,LOSS,NO,-2.0,Down,0x1fbe23c3e621737a579a19fa660047115b00f6f172e951e0a407f3932b7d15c5,84222408733004437684611850089372148710801266115268363057792431181748352341331
2026-04-22T16:50:02.976588+00:00,2026-04-22T17:00:15.753583+00:00,momentum,"Solana Up or Down - April 22, 12:50PM-12:55PM ET",UP,Up,2.0,0.51,,LOSS,NO,-2.0,Down,0xbdd0c0ba4225d2e96c4348387c48ee25e4e49208077e67a888971895034fbaed,63699950815248519051921975669609300788832054001206573263229981268894055780463
2026-04-22T16:45:01.013611+00:00,2026-04-22T17:01:15.116013+00:00,momentum,"XRP Up or Down - April 22, 12:45PM-12:50PM ET",UP,Up,4.0,0.51,,WIN,YES,3.8431372549019605,Up,0xe313c51326fad7296d765c46600cb9ff16bf712a3eccb87e391557b9b46e73f9,8078112371216370329164251080589860840104275275234976326088117545447030541823
2026-04-22T16:45:02.205939+00:00,2026-04-22T17:01:15.298438+00:00,momentum,"Bitcoin Up or Down - April 22, 12:45PM-12:50PM ET",UP,Up,8.0,0.51,,WIN,YES,7.686274509803921,Up,0x8fbe0096272952d0363a63578bba5490c57230ad633eb411ef285c925c3016bb,90996599870156484679268168418153093683958209975863601128643743694974305606155
2026-04-22T16:50:02.940854+00:00,2026-04-22T17:01:15.346413+00:00,momentum,"Ethereum Up or Down - April 22, 12:50PM-12:55PM ET",UP,Up,2.0,0.51,,LOSS,NO,-2.0,Down,0x58295568263a6d1c1f8b7d84b67975deee222b57026b2f9c1e656d8b8f3ebcf9,104596765317014251000562814777473132031471227207712205889442716284194791059286
2026-04-22T16:55:01.792565+00:00,2026-04-22T17:05:17.061356+00:00,momentum,"Solana Up or Down - April 22, 12:55PM-1:00PM ET",UP,Up,2.0,0.52,,WIN,YES,1.8461538461538458,Up,0xbe3f8bf6f0b77eabd3f683572f004cdb32ae0d5d693afb51ab7382d160769c53,49046208210904956895764756065182254534902495276929477991593530007833346953955
2026-04-22T16:55:01.834304+00:00,2026-04-22T17:05:17.311180+00:00,momentum,"Ethereum Up or Down - April 22, 12:55PM-1:00PM ET",UP,Up,2.0,0.53,,WIN,YES,1.773584905660377,Up,0x381d9c394a98843ec4a2668a6eb9d913e48e5fa73bbdcfabe62dc26cc8cc5749,65414672799141077653388962514810766907017291501761124514839259881478725935149
2026-04-22T16:55:00.578543+00:00,2026-04-22T17:06:17.686074+00:00,momentum,"XRP Up or Down - April 22, 12:55PM-1:00PM ET",UP,Up,2.0,0.51,,WIN,YES,1.9215686274509802,Up,0x055dbf8c711d2bba04113868ca4308c478702e7d0b436caa64e10bc09cb2edfd,73255051728262781662680323985062370213502002107883992088100300064830574711788
2026-04-22T16:55:01.757670+00:00,2026-04-22T17:06:17.834912+00:00,momentum,"Bitcoin Up or Down - April 22, 12:55PM-1:00PM ET",UP,Up,2.0,0.53,,WIN,YES,1.773584905660377,Up,0xc54111179e26912868eea043b3647697c86f413e495599845e41310e0ba93a2d,82747740657636956405065504977149206269442190631727832972255081620956559169576
2026-04-22T17:00:00.860008+00:00,2026-04-22T17:08:18.549424+00:00,momentum,"Bitcoin Up or Down - April 22, 1:00PM-1:05PM ET",UP,Up,2.0,0.52,,WIN,YES,1.8461538461538458,Up,0xc50da56f27f9ac2d85146c5a18d8ae1a14764db304f018d38f5178a35dd8de5a,72187534536768453887381287646995215108705116837434116904565309997970039788939
2026-04-22T17:00:00.905029+00:00,2026-04-22T17:08:18.704091+00:00,momentum,"Solana Up or Down - April 22, 1:00PM-1:05PM ET",UP,Up,2.0,0.52,,WIN,YES,1.8461538461538458,Up,0xb6899680b7c58b1f60e20b6cce01e23afb80f871eb30068b614b5fff0256ffc0,33576243417797509800982395825939348933670582697162484079928769620173818287223
2026-04-22T17:00:04.116078+00:00,2026-04-22T17:08:18.868416+00:00,momentum,"XRP Up or Down - April 22, 1:00PM-1:05PM ET",UP,Up,2.0,0.52,,WIN,YES,1.8461538461538458,Up,0xa3a527477ec04ed6a5fa6840687d29f7abfebe2f7b7afaea2356733b6d1eae05,32433580922807775066455612116661394240453765173252508910015011910819668517419
2026-04-22T17:00:00.808233+00:00,2026-04-22T17:09:18.424979+00:00,momentum,"Ethereum Up or Down - April 22, 1:00PM-1:05PM ET",UP,Up,4.0,0.53,,WIN,YES,3.547169811320754,Up,0xb454e475de215477ccf9803239c911e3f8426ab7a89563e50c1a2d122f1277ae,94970746380533309528619611617524986049295159291033600908756814764241453005932
2026-04-22T17:05:00.545188+00:00,2026-04-22T17:14:19.580445+00:00,momentum,"Solana Up or Down - April 22, 1:05PM-1:10PM ET",UP,Up,2.0,0.515,,WIN,YES,1.883495145631068,Up,0xca61ebdc21775101834651284bd8d320cf19463054ed194ed3beaf9b568fa4f1,73028387214923532997964764874161395725986843602235069129963645940674855565283
2026-04-22T17:05:01.814319+00:00,2026-04-22T17:14:19.902945+00:00,momentum,"Bitcoin Up or Down - April 22, 1:05PM-1:10PM ET",UP,Up,2.0,0.51,,WIN,YES,1.9215686274509802,Up,0x7ce5f944a51a7ba9b1511a6db9bad890213c3b3703f865360725ae2f2f8c4834,70597082671824257186300505202679691155395930541763259776772357367687075365633
2026-04-22T17:05:00.593456+00:00,2026-04-22T17:15:19.781944+00:00,momentum,"Ethereum Up or Down - April 22, 1:05PM-1:10PM ET",UP,Up,2.0,0.515,,WIN,YES,1.883495145631068,Up,0x625cfc705bd06d155a154dee51513f886c32eeeccb55fcf90f9f2d0dfe13eae9,38601928749619782133080046438659314821377098638529412822659255366029568618101
2026-04-22T17:05:01.853170+00:00,2026-04-22T17:15:19.946281+00:00,momentum,"XRP Up or Down - April 22, 1:05PM-1:10PM ET",UP,Up,2.0,0.51,,WIN,YES,1.9215686274509802,Up,0x91aab64c7623976ba6bc23b62780be15f7c39d235545b45faa1da48e11a65d71,47281444018763132081973858454688575191131602763271015796627643928344205625824
2026-04-22T17:10:01.058691+00:00,2026-04-22T17:20:22.351829+00:00,momentum,"Ethereum Up or Down - April 22, 1:10PM-1:15PM ET",UP,Up,2.0,0.515,,LOSS,NO,-2.0,Down,0x6bb93c2a69cd8626bbecfde4bbb01a0304cce51a1d41184ea1cc61f52609010d,100074718678815068664148621412999894744645961248160738874246896537380499068012
2026-04-22T17:10:01.105930+00:00,2026-04-22T17:21:23.132863+00:00,momentum,"XRP Up or Down - April 22, 1:10PM-1:15PM ET",DOWN,Down,2.0,0.51,,LOSS,NO,-2.0,Up,0xb2577b0e70f912d0a498eb44be897ad4476c29785f6bec12e6c0f3e2b5ec974a,1419189670218807711828339499257705052696665396909146905000094333687128073802
2026-04-22T17:10:01.173203+00:00,2026-04-22T17:21:23.287628+00:00,momentum,"Solana Up or Down - April 22, 1:10PM-1:15PM ET",UP,Up,2.0,0.515,,WIN,YES,1.883495145631068,Up,0x741e044c44617498eb98db18aeb2d196e02e704d1c0b86849ba0b15a86716467,25652224365660202849523552005223910283752285414773736109962146983252186903970
2026-04-22T17:10:03.331773+00:00,2026-04-22T17:21:23.455992+00:00,momentum,"Bitcoin Up or Down - April 22, 1:10PM-1:15PM ET",UP,Up,2.0,0.55,,WIN,YES,1.6363636363636362,Up,0x61da9f1616fe34ffd72152918ec58df32d7759974f430fb681fa4b01d46baad0,15589990717114621119284868079416241665287930869155183893762966665948575654800
2026-04-22T17:15:00.335240+00:00,2026-04-22T17:24:26.307713+00:00,momentum,"Bitcoin Up or Down - April 22, 1:15PM-1:20PM ET",DOWN,Down,2.0,0.51,,WIN,YES,1.9215686274509802,Down,0x511eb985a8d96997b30cf6184013697300bc5f7cfe8264a60c1dda979734fa31,15338536547118558132694521495194772499245217868763113361576146770796425914174
2026-04-22T17:15:06.863071+00:00,2026-04-22T17:24:26.684107+00:00,momentum,"Solana Up or Down - April 22, 1:15PM-1:20PM ET",UP,Up,2.0,0.58,,WIN,YES,1.4482758620689657,Up,0x6baf8648b8dff44dd6ef5b8d1ea910f9548959d1a6e707f41257ac24d0b4017d,73387590933915241337277982604253034938224976070674639340039952358464106733103
2026-04-22T17:15:00.383337+00:00,2026-04-22T17:26:28.282375+00:00,momentum,"Ethereum Up or Down - April 22, 1:15PM-1:20PM ET",UP,Up,4.0,0.51,,LOSS,NO,-4.0,Down,0x7fcf214265d71aed7daba5f4304b12cda818e5a27a46a91c722a93f854ea0758,107359815659210260613981640441511431093218317912272363242739242636543055386900
2026-04-22T17:15:10.150685+00:00,2026-04-22T17:27:29.188073+00:00,momentum,"XRP Up or Down - April 22, 1:15PM-1:20PM ET",UP,Up,2.0,0.53,,LOSS,NO,-2.0,Down,0x4e9188f7c33440694443197fe34e9cd8d686548097e876d6a7ee321e708db2b1,14769720235632180725940270733505442808215457999530414704037212279563340941881
2026-04-22T17:20:00.589156+00:00,2026-04-22T17:30:30.294210+00:00,momentum,"Ethereum Up or Down - April 22, 1:20PM-1:25PM ET",UP,Up,8.0,0.515,,LOSS,NO,-8.0,Down,0xed232149a4769cc0e8fd1c2bc1e92e8265fc608c4206afa6cd2bff0dd7f7dad4,65442540629384351326724026952252755656576623271658357484233185913930385872330
2026-04-22T17:20:04.817450+00:00,2026-04-22T17:30:30.467547+00:00,momentum,"Solana Up or Down - April 22, 1:20PM-1:25PM ET",DOWN,Down,2.0,0.51,,WIN,YES,1.9215686274509802,Down,0x54f3827f78a082377de9a4bff1ba1f950e21b9297464ce31a7fb27fbf8cb1fa0,8609622566272066592436742562165233152448749251429551153228843169550355897468
2026-04-22T17:20:07.987968+00:00,2026-04-22T17:30:30.748530+00:00,momentum,"XRP Up or Down - April 22, 1:20PM-1:25PM ET",UP,Up,4.0,0.54,,LOSS,NO,-4.0,Down,0x92c154c2866977da187cecdf404e39b886016050bfdeadb7a7cc88bdba67ab9d,85603354521464260859856382360082988147491263737261635081948450174156354828976
2026-04-22T17:20:07.938982+00:00,2026-04-22T17:31:30.580818+00:00,momentum,"Bitcoin Up or Down - April 22, 1:20PM-1:25PM ET",DOWN,Down,2.0,0.54,,WIN,YES,1.7037037037037033,Down,0x0709bf1cfc5ed7ee6416b81aa4c49ab51680c21eda47cf2e887fc41c1741df20,69495137959708693626189179181987182358007012221940542953263425316841928832472
2026-04-22T17:25:02.133023+00:00,2026-04-22T17:35:32.230082+00:00,momentum,"Ethereum Up or Down - April 22, 1:25PM-1:30PM ET",UP,Up,16.0,0.52,,WIN,YES,14.769230769230766,Up,0xc1a2148d888ba93eb8c113c55c36d5b1cec2c7bc3d5f5a9bccf995e667059a1e,8776539087457390888302409260328937731884649024380561378304599540060673958083
2026-04-22T17:25:02.186741+00:00,2026-04-22T17:35:32.402794+00:00,momentum,"Bitcoin Up or Down - April 22, 1:25PM-1:30PM ET",UP,Up,2.0,0.51,,WIN,YES,1.9215686274509802,Up,0x2dd5dc8d8fc8f2d313db67d7d8a3a8dcfb2a0bb67162c6ba1b4fd5c73ba880d2,114073759789598885585954196213555884984843292487284593806414605139660257301564
2026-04-22T17:25:01.002716+00:00,2026-04-22T17:36:31.958158+00:00,momentum,"Solana Up or Down - April 22, 1:25PM-1:30PM ET",DOWN,Down,2.0,0.51,,LOSS,NO,-2.0,Up,0xc7f3fca8fded55b774b16afa629e29f42993cd5c5076201fbdae934a2cf0c178,71346140087054413087393173767681454552609719608156389794764058132484211374982
2026-04-22T17:25:14.522661+00:00,2026-04-22T17:37:32.808382+00:00,momentum,"XRP Up or Down - April 22, 1:25PM-1:30PM ET",DOWN,Down,8.0,0.61,,LOSS,NO,-8.0,Up,0x7a81c9519d2f2e5775c5b6313de9138a02cda4dbfecd27f97b263ed5e282d57f,67089911718883989205991257163695286982244310103489354203002534130177763631296
2026-04-22T17:30:00.278314+00:00,2026-04-22T17:39:33.079896+00:00,momentum,"Ethereum Up or Down - April 22, 1:30PM-1:35PM ET",DOWN,Down,2.0,0.51,,LOSS,NO,-2.0,Up,0x4024656e08abe17080ff25a1999e68c50062669b5c0a9e160ff5184bd150a9f3,20651329373420479016154037097770929602551778935030666821323791889964333585771
2026-04-22T17:30:00.348673+00:00,2026-04-22T17:39:33.126816+00:00,momentum,"XRP Up or Down - April 22, 1:30PM-1:35PM ET",UP,Up,16.0,0.51,,LOSS,NO,-16.0,Down,0x1b1b6aec636835af62f57796a4585ba9fc3256258a632227b9f12e712dcd8c00,234606597464437038370745216603279134878962569503702710916476669154935048538
2026-04-22T17:30:05.807538+00:00,2026-04-22T17:39:33.314172+00:00,momentum,"Solana Up or Down - April 22, 1:30PM-1:35PM ET",DOWN,Down,4.0,0.51,,WIN,YES,3.8431372549019605,Down,0x74a98d625b432eba1b418d5c82f48a9d959c01b52205ffaf6c242ea444c34695,282147030690402151302390530993857490236493334223339538056044732593022202860
2026-04-22T17:30:12.013254+00:00,2026-04-22T17:39:33.505378+00:00,momentum,"Bitcoin Up or Down - April 22, 1:30PM-1:35PM ET",DOWN,Down,2.0,0.54,,WIN,YES,1.7037037037037033,Down,0xdc077c2ad04c2577bdb2fe8dc584e48f88c6451a57ca8ae6897fbe1bf615ff27,30741867665766831897888762139799844438302847600582700241626701923178997186319
2026-04-22T17:35:02.688216+00:00,2026-04-22T17:45:35.335239+00:00,momentum,"Bitcoin Up or Down - April 22, 1:35PM-1:40PM ET",DOWN,Down,2.0,0.52,,LOSS,NO,-2.0,Up,0xd83a13fa51c3c5634325c1187d785794bc79a4dd073eccb5d34e9f2554c6719d,37489272380946896712727507903612830013969817620891996841637558035345995426234
2026-04-22T17:35:05.914736+00:00,2026-04-22T17:45:35.523769+00:00,momentum,"Solana Up or Down - April 22, 1:35PM-1:40PM ET",DOWN,Down,2.0,0.53,,LOSS,NO,-2.0,Up,0x9f3960ad6092aa8633b20ac13dff6e036a4a53eee1392ac19be706162b6e9c1f,36678050307524199703224676081819273683224436252808959342500551523276012720305
2026-04-22T17:35:09.293093+00:00,2026-04-22T17:45:35.750112+00:00,momentum,"XRP Up or Down - April 22, 1:35PM-1:40PM ET",UP,Up,32.0,0.51,,WIN,YES,30.745098039215684,Up,0x891afdc9303717ae8f14203bb56330b97f22ff010033704b8a6ee2e940568877,15590627275614083358448525974001630726129417815490656916367482719681492106700
2026-04-22T17:35:02.734142+00:00,2026-04-22T17:46:35.799949+00:00,momentum,"Ethereum Up or Down - April 22, 1:35PM-1:40PM ET",DOWN,Down,4.0,0.52,,LOSS,NO,-4.0,Up,0x9eb13f6e1062bc21c667e969ea209de96a43bfbac79ff89c9c92d5aa81d44f42,30494643964527881429719794353438099769547387896540129252523683275384443613154
2026-04-22T17:40:06.749211+00:00,2026-04-22T17:50:38.924464+00:00,momentum,"Bitcoin Up or Down - April 22, 1:40PM-1:45PM ET",UP,Up,2.0,0.53,,LOSS,NO,-2.0,Down,0x596d737130aa56c9bf7e2474bce0056ecc78bc7303d25cadfc3ec55d5983476c,11013412675027009926630437263627171250792049342947215507155003775571492819110
2026-04-22T17:40:00.408302+00:00,2026-04-22T17:51:38.792001+00:00,momentum,"Ethereum Up or Down - April 22, 1:40PM-1:45PM ET",DOWN,Down,8.0,0.52,,LOSS,NO,-8.0,Up,0xc680c2c52588a40cbd98b12e39cee62975f591333fb99a1ebb5fe0c870525fbf,78409787358580268992596528896255960068829922392409361826701210701512000985870
2026-04-22T17:40:06.671540+00:00,2026-04-22T17:51:38.835926+00:00,momentum,"Solana Up or Down - April 22, 1:40PM-1:45PM ET",UP,Up,4.0,0.54,,LOSS,NO,-4.0,Down,0x9e435d519b3af8c928b86cd0083f57e06fbab6d7e9f3ebbcccf678881bcb492f,100553441970452069182070140016310278829362505026486084315445135458164115002525
2026-04-22T17:40:06.709082+00:00,2026-04-22T17:51:38.882085+00:00,momentum,"XRP Up or Down - April 22, 1:40PM-1:45PM ET",UP,Up,2.0,0.57,,LOSS,NO,-2.0,Down,0x999681850e53928cf95fe235adca8d389ee4d70fb00a1575e7cc2dbfb6295be9,61081985827605237432350943975868670594594946447750855958845242229248106994303
2026-04-22T17:45:00.339616+00:00,2026-04-22T17:53:40.692486+00:00,momentum,"XRP Up or Down - April 22, 1:45PM-1:50PM ET",UP,Up,4.0,0.51,,WIN,YES,3.8431372549019605,Up,0x0c0c8de39e83f790e9b93964e91e3fe4bca14a5998f216ab062dd459c5c6f139,106498759629657993557504416118864942150107886730189453088350583467504987564416
2026-04-22T17:45:05.771650+00:00,2026-04-22T17:53:41.048989+00:00,momentum,"Solana Up or Down - April 22, 1:45PM-1:50PM ET",DOWN,Down,8.0,0.53,,WIN,YES,7.094339622641508,Down,0xc109870fb7e45fdf752f27e1a740b6274af4ee7a0716f5ce57b17dde7165403e,92539886874756044552491377951698871481371145958344640009894879700666288007412
2026-04-22T17:45:12.186879+00:00,2026-04-22T17:53:41.105232+00:00,momentum,"Bitcoin Up or Down - April 22, 1:45PM-1:50PM ET",DOWN,Down,4.0,0.51,,LOSS,NO,-4.0,Up,0x4fdb9d8f9d6a5eafa74ff1878a98f8bddea5b8138bc5fdc29759bf0e86269dd8,73459981887880659190542099207464212008556719717693725897818009874930036201876
2026-04-22T17:45:02.543485+00:00,2026-04-22T17:54:40.704366+00:00,momentum,"Ethereum Up or Down - April 22, 1:45PM-1:50PM ET",DOWN,Down,2.0,0.52,,LOSS,NO,-2.0,Up,0xaabf327560756099f333d99d42e623ca2d9658926814d4c3ad27f7fc65a502b7,90336911535126590594303981712774178095036220714720510032880970120781962924252
2026-04-22T17:50:19.751211+00:00,2026-04-22T17:59:43.765978+00:00,momentum,"Solana Up or Down - April 22, 1:50PM-1:55PM ET",DOWN,Down,2.0,0.53,,LOSS,NO,-2.0,Up,0x776aaa409307f19311304ba5b4b9bc68eaa76ee9e639a411788ae42baaa9455c,73528192027550420132396019650722792867124731253526179753227717180683695381057
2026-04-22T17:50:01.061908+00:00,2026-04-22T18:00:44.067973+00:00,momentum,"Ethereum Up or Down - April 22, 1:50PM-1:55PM ET",DOWN,Down,4.0,0.51,,LOSS,NO,-4.0,Up,0xa9654911d53e06759e07a33d2c0e690f3bfdd34490eb57956a9f62e5e708747a,50044384831883018916789648023467742525347591684114674204662526934341951819690
2026-04-22T17:50:07.257611+00:00,2026-04-22T18:00:44.259320+00:00,momentum,"XRP Up or Down - April 22, 1:50PM-1:55PM ET",UP,Up,2.0,0.51,,WIN,YES,1.9215686274509802,Up,0x3b8ae7c474d816bd86aaa6dbb9e0abe7b9e52e0fd79b41e34021452ecb114b1b,29755727589364134487045374149100289979483341093708801807920597290939983562179
2026-04-22T17:50:19.853318+00:00,2026-04-22T18:00:44.307923+00:00,momentum,"Bitcoin Up or Down - April 22, 1:50PM-1:55PM ET",DOWN,Down,8.0,0.53,,LOSS,NO,-8.0,Up,0x0b4393d4d56176ac8b0c8f7ab80fec0a56fa14128b9cd0a741842daf74019f7e,49301561852341271231304230334268015666710725308633233497123424021645617041138
2026-04-22T17:55:00.739662+00:00,2026-04-22T18:05:48.214314+00:00,momentum,"Bitcoin Up or Down - April 22, 1:55PM-2:00PM ET",DOWN,Down,16.0,0.51,,WIN,YES,15.372549019607842,Down,0x2371c2ec56a0575c42d383e104f17d81c0ab0807501a51cf7fb71802ccb1e405,59550436122062681571971177357147186661456743199594710471833350685324014794986
2026-04-22T17:55:00.821090+00:00,2026-04-22T18:05:48.546444+00:00,momentum,"XRP Up or Down - April 22, 1:55PM-2:00PM ET",DOWN,Down,2.0,0.51,,WIN,YES,1.9215686274509802,Down,0x060938fcf1da77f1c877e9239597e04269c074a1658aa55de2ebafb2989889e7,86870813039997691537219203219787276403049946012996813237308307173169003724158
2026-04-22T17:55:00.779771+00:00,2026-04-22T18:06:48.411901+00:00,momentum,"Ethereum Up or Down - April 22, 1:55PM-2:00PM ET",DOWN,Down,8.0,0.53,,WIN,YES,7.094339622641508,Down,0x1eba795bbb359b4e5037c0f5c51df0e111dbba6650c5fca8343ad37393d6d365,97505301604171890834816197194786416215930261769812123903991023039678522708795
2026-04-22T17:55:22.545376+00:00,2026-04-22T18:06:48.564998+00:00,momentum,"Solana Up or Down - April 22, 1:55PM-2:00PM ET",DOWN,Down,4.0,0.52,,WIN,YES,3.6923076923076916,Down,0x1032073b28d215eb9bacc13d7f7059e8c517d448b7e9af4f532f43d9c805f477,89848902424744646343606622457029194632236028670401327298131864574108654051336
2026-04-22T18:00:04.053541+00:00,2026-04-22T18:08:49.474130+00:00,momentum,"Bitcoin Up or Down - April 22, 2:00PM-2:05PM ET",UP,Up,2.0,0.59,,WIN,YES,1.3898305084745766,Up,0x6eb869890b3a89b4c0f0fe8df3550fec0e3e41377a7a940859e44e3136153f5e,98430854377180657942175259869152799044699484016243247434779497727825260044231
2026-04-22T18:00:07.269956+00:00,2026-04-22T18:08:49.825121+00:00,momentum,"XRP Up or Down - April 22, 2:00PM-2:05PM ET",UP,Up,2.0,0.65,,WIN,YES,1.0769230769230766,Up,0x9b80ccd6a5351f50ca09143c5d8544a220a360b3205333a97426ea3654ec9128,43434621943555404675727432636171436854969807756258121228106783921512560988001
2026-04-22T18:00:00.938799+00:00,2026-04-22T18:09:49.150322+00:00,momentum,"Ethereum Up or Down - April 22, 2:00PM-2:05PM ET",DOWN,Down,2.0,0.52,,LOSS,NO,-2.0,Up,0x7703eed5496faaa024df159b42b1f3574c3f325ca46d59c387c288c6d177db13,85416891206056576334513702888972609596542584710142511274523326232088568605393
2026-04-22T18:00:07.227389+00:00,2026-04-22T18:09:49.363317+00:00,momentum,"Solana Up or Down - April 22, 2:00PM-2:05PM ET",UP,Up,2.0,0.54,,WIN,YES,1.7037037037037033,Up,0xb4e8800af3120f825a6228638c16fd150f64e178f75c880cdb28e466b90cba5f,36769694936484735890763481972683265414886629356775827212411291698797005212927
2026-04-22T18:05:08.044420+00:00,2026-04-22T18:14:51.861891+00:00,momentum,"Solana Up or Down - April 22, 2:05PM-2:10PM ET",UP,Up,2.0,0.54,,WIN,YES,1.7037037037037033,Up,0x9029aa26af6ec762bf740028aed4bfae9d04e3b6cdd6cdc7106e9fcd66690f87,57564784107759536977758306235901870619152121954392618198270461234916954509865
2026-04-22T18:05:11.157580+00:00,2026-04-22T18:14:51.913089+00:00,momentum,"Bitcoin Up or Down - April 22, 2:05PM-2:10PM ET",DOWN,Down,2.0,0.54,,LOSS,NO,-2.0,Up,0x118a1c7d36c19eeff3a007dc9682fdcf0dda5f7295007acb328263a31c5b1ece,22928984265746802157781968072300318760989072052072739083114162416349586970267
2026-04-22T18:05:11.205455+00:00,2026-04-22T18:14:52.128422+00:00,momentum,"XRP Up or Down - April 22, 2:05PM-2:10PM ET",DOWN,Down,2.0,0.53,,WIN,YES,1.773584905660377,Down,0x4f6f232f00e494b8085db861c6ee29376a2f33969912632714ae1d835773ef4b,69017316907203344648119188927784407839630465818864606691590211584270754758009
2026-04-22T18:05:01.821478+00:00,2026-04-22T18:15:51.904730+00:00,momentum,"Ethereum Up or Down - April 22, 2:05PM-2:10PM ET",DOWN,Down,4.0,0.51,,WIN,YES,3.8431372549019605,Down,0xfce5e35e4dccc2eb16317b279e2f86bc48266b266456c204b6eeb6e1107db621,10431859166193833461417544973880992196629076802830791409434710609985429565540
2026-04-22T18:10:03.847193+00:00,2026-04-22T18:20:53.990838+00:00,momentum,"Solana Up or Down - April 22, 2:10PM-2:15PM ET",DOWN,Down,2.0,0.52,,LOSS,NO,-2.0,Up,0x84ce2edc0190500a86c3c277df384ac8353efc177a505fdb0d6474c2ca969eab,64097931293162509884800220575144128948830557731007825015405989501726855556638
2026-04-22T18:10:03.894586+00:00,2026-04-22T18:20:54.036675+00:00,momentum,"XRP Up or Down - April 22, 2:10PM-2:15PM ET",DOWN,Down,2.0,0.51,,LOSS,NO,-2.0,Up,0xb1543337dc47613395e2fa045c2e82419c4e53285def9e72997f7077c003a375,39744669096571908557043502110647578097727284755448164878699512430460203112925
2026-04-22T18:10:03.941007+00:00,2026-04-22T18:21:54.058906+00:00,momentum,"Ethereum Up or Down - April 22, 2:10PM-2:15PM ET",DOWN,Down,2.0,0.56,,LOSS,NO,-2.0,Up,0x89f256f1ae97cf8886728c08bf55acb91a7dd53c3c59c8ca2108cf78399c5dac,39963509643797752648261398647975410784439987397662095292303909987385945778630
2026-04-22T18:10:07.215331+00:00,2026-04-22T18:21:54.107887+00:00,momentum,"Bitcoin Up or Down - April 22, 2:10PM-2:15PM ET",DOWN,Down,2.0,0.54,,LOSS,NO,-2.0,Up,0x32eeab65fef09c3294683329b44e90b1bee028d72faa52dd3a38b65acb738493,98008605529886768861712951954281761940529228419752817066791284408890100750129
2026-04-22T18:15:01.436830+00:00,2026-04-22T18:22:55.574933+00:00,momentum,"Solana Up or Down - April 22, 2:15PM-2:20PM ET",DOWN,Down,4.0,0.52,,WIN,YES,3.6923076923076916,Down,0x9e3d98b66b7b83de29e34d368e5e578b262e0668d952503838de18b639d495cb,22403070506265000978001297848669601514319170354354340773362893145295767916651
2026-04-22T18:15:07.623912+00:00,2026-04-22T18:23:55.912861+00:00,momentum,"XRP Up or Down - April 22, 2:15PM-2:20PM ET",DOWN,Down,4.0,0.51,,WIN,YES,3.8431372549019605,Down,0xf3ebca6f39ddc4cb7cf9d6a03d10141c0f20966b476ef1b247eb079b794675fd,89872515907859816377185032200964463309516336482710793798178474952572033984792
2026-04-22T18:15:01.347591+00:00,2026-04-22T18:24:55.669470+00:00,momentum,"Bitcoin Up or Down - April 22, 2:15PM-2:20PM ET",UP,Up,4.0,0.51,,WIN,YES,3.8431372549019605,Up,0x3292bc6cd5dbce7e1984cc53ae4014c381b9a44207e1eefcc2260e2fb8fdfdc5,40956698740731878078925862912275829151763258062790423555078754821493324012349
2026-04-22T18:15:01.395222+00:00,2026-04-22T18:24:55.862647+00:00,momentum,"Ethereum Up or Down - April 22, 2:15PM-2:20PM ET",DOWN,Down,4.0,0.54,,WIN,YES,3.4074074074074066,Down,0xa2380d4cbe3400680dbfbac030534c46e9683bf547a39c6fad5e35f948585b2d,67790457934094207458838862687063523052489348841177337521700429696888420579186
2026-04-22T18:20:04.855443+00:00,2026-04-22T18:29:59.838105+00:00,momentum,"Ethereum Up or Down - April 22, 2:20PM-2:25PM ET",DOWN,Down,2.0,0.53,,LOSS,NO,-2.0,Up,0x39ab4e373a7309521564a473633f3dd0a4ced93253ca5ee31cd45243c9e0f5bd,1963391140820330202908844801543546401760474310673150557134183342289549108665
2026-04-22T18:20:01.621768+00:00,2026-04-22T18:30:59.938014+00:00,momentum,"Bitcoin Up or Down - April 22, 2:20PM-2:25PM ET",DOWN,Down,2.0,0.53,,LOSS,NO,-2.0,Up,0xd7c396db288a554bf72a2a511eb5b1db7685591284597690e84c97c4f176fc39,58812909892359417311310922218359433803338869940377724699529551114041607886521
2026-04-22T18:20:01.677769+00:00,2026-04-22T18:30:59.994848+00:00,momentum,"Solana Up or Down - April 22, 2:20PM-2:25PM ET",DOWN,Down,2.0,0.51,,LOSS,NO,-2.0,Up,0xd0febcb339b0bb7082e44171a21b9157e55b165780083967593ca1507b582295,75580492489525607928976505518778539382105193083521351473118059324210263117910
2026-04-22T18:20:01.730363+00:00,2026-04-22T18:31:00.214545+00:00,momentum,"XRP Up or Down - April 22, 2:20PM-2:25PM ET",DOWN,Down,2.0,0.57,,WIN,YES,1.5087719298245617,Down,0x9c0aacd9facc536b888cd7a7619da5966545336df51add8263b1a8b39c5bd983,58162121269669084354013692747868642916806737273094259942293163974600142265259
2026-04-22T18:25:00.802378+00:00,2026-04-22T18:35:03.110480+00:00,momentum,"Bitcoin Up or Down - April 22, 2:25PM-2:30PM ET",DOWN,Down,2.0,0.51,,WIN,YES,1.9215686274509802,Down,0x5a5ceb279f8419bf80eda0a3732705ea56325b98b045744f6a3e7a3bf6006022,14665037602849555899266056840457100289691961592849170260734340968472685583535
2026-04-22T18:25:03.937177+00:00,2026-04-22T18:36:03.326893+00:00,momentum,"Solana Up or Down - April 22, 2:25PM-2:30PM ET",DOWN,Down,4.0,0.51,,WIN,YES,3.8431372549019605,Down,0x0bd407fad72f57ee2ca2a285da2d4752f7fe6363866fb7b6cd6d52d79ff990f8,88402109307905998337662744239676119367074854474105601722087408620562153361745
2026-04-22T18:25:03.980157+00:00,2026-04-22T18:36:03.497370+00:00,momentum,"XRP Up or Down - April 22, 2:25PM-2:30PM ET",DOWN,Down,4.0,0.52,,WIN,YES,3.6923076923076916,Down,0xef9d484a294ed44925432a3e61fab4f65b786423b47c02bb57f31dfcb51f48ba,42768969464677414035626440500550208717860951957820482129275922500357063768032
2026-04-22T18:25:07.093708+00:00,2026-04-22T18:37:03.755164+00:00,momentum,"Ethereum Up or Down - April 22, 2:25PM-2:30PM ET",DOWN,Down,4.0,0.52,,WIN,YES,3.6923076923076916,Down,0x20f09ecafae83d32d4bdb4f78caabb067d714a6f10d05fd0f1f87e51db89ba53,38092634194162812284624394446418928056720716337702161540708864601853160309827
2026-04-22T18:30:01.710089+00:00,2026-04-22T18:38:05.196529+00:00,momentum,"Ethereum Up or Down - April 22, 2:30PM-2:35PM ET",DOWN,Down,2.0,0.62,,WIN,YES,1.2258064516129035,Down,0x10659423d2ceaadb1db55d3e09ce1ff0d277d082a39873c8a1da6557e5344521,9646843855924366493642305611395063701267014609990501488294650302753028770474
2026-04-22T18:30:01.799393+00:00,2026-04-22T18:39:05.474292+00:00,momentum,"Solana Up or Down - April 22, 2:30PM-2:35PM ET",DOWN,Down,2.0,0.53,,LOSS,NO,-2.0,Up,0x808fb35fffcdd104e2dacd8aecdb3f8c1065959061a2d962132d539d3ef85535,63046365885488189180168547535883272307063799323376605987888258803997419686780
2026-04-22T18:30:01.851660+00:00,2026-04-22T18:39:05.705470+00:00,momentum,"XRP Up or Down - April 22, 2:30PM-2:35PM ET",DOWN,Down,2.0,0.56,,WIN,YES,1.5714285714285712,Down,0x68d0f15b1dbf9003db94949594e536644fcee1a8667b5d173deaa0c34ce4e2d5,20498679704413937233542743179158340175792116422775991855656330277234317647963
2026-04-22T18:30:01.669448+00:00,2026-04-22T18:40:05.608838+00:00,momentum,"Bitcoin Up or Down - April 22, 2:30PM-2:35PM ET",DOWN,Down,2.0,0.55,,WIN,YES,1.6363636363636362,Down,0x064c23299c07e55d6c66ba2d0366f60453eea15b20b12405cac62d93289b9e6a,28288531164338964901872016967887317883306117089018004483207961700476796984565
2026-04-22T18:35:00.712061+00:00,2026-04-22T18:45:08.295572+00:00,momentum,"XRP Up or Down - April 22, 2:35PM-2:40PM ET",DOWN,Down,2.0,0.51,,WIN,YES,1.9215686274509802,Down,0x6d6823fd67145f04af8a90bdd5289ed88626630ab8aaab9bded67bd92a41bac0,31437468647227256524621557129610869732699971236132768957329193523745648446409
2026-04-22T18:35:05.383946+00:00,2026-04-22T18:45:08.474966+00:00,momentum,"Ethereum Up or Down - April 22, 2:35PM-2:40PM ET",UP,Up,2.0,0.54,,WIN,YES,1.7037037037037033,Up,0x7eaa5ccac568ff802a0dc25fdace58adf9d84c6c546a3c62c1a553695406227f,80423145946083508354127554511588226691160813611320844306419572052172642577725
2026-04-22T18:35:08.532819+00:00,2026-04-22T18:45:08.813131+00:00,momentum,"Bitcoin Up or Down - April 22, 2:35PM-2:40PM ET",UP,Up,2.0,0.58,,WIN,YES,1.4482758620689657,Up,0x5c2c14ea86989ed8354836672c487274f61cac4251a36f9ab233f9bd5662ad1d,49471956593210570329352308121967294874925600193093405301014237181958044525091
2026-04-22T18:35:05.423758+00:00,2026-04-22T18:46:08.359538+00:00,momentum,"Solana Up or Down - April 22, 2:35PM-2:40PM ET",DOWN,Down,4.0,0.51,,LOSS,NO,-4.0,Up,0x586fef95ab1316e4e868f0a5c0b8fda35e791229694b441cb606258ce7a36236,13935208597337267750152236503435758518816167454993361842478985671200505419403
2026-04-22T18:40:01.140387+00:00,2026-04-22T18:51:10.855772+00:00,momentum,"Solana Up or Down - April 22, 2:40PM-2:45PM ET",DOWN,Down,8.0,0.51,,WIN,YES,7.686274509803921,Down,0x7cb13af7bad810475659bd9d8eecdb545c3ad257aebec3e701b997b590792630,57509603394788531229059392280908487745255139208420003775545796724027286783182
2026-04-22T18:40:04.262223+00:00,2026-04-22T18:51:10.900618+00:00,momentum,"XRP Up or Down - April 22, 2:40PM-2:45PM ET",UP,Up,2.0,0.59,,LOSS,NO,-2.0,Down,0xabff408f2dfae1f167ddc0f2993648b457b29ebdaf765e5e74013aa5eaa6590e,5490693092508282504376005710953061746951292415835396918120028714560372020672
2026-04-22T18:40:01.082290+00:00,2026-04-22T18:52:11.359548+00:00,momentum,"Bitcoin Up or Down - April 22, 2:40PM-2:45PM ET",UP,Up,2.0,0.51,,WIN,YES,1.9215686274509802,Up,0x6b2b0918e4d8c49c0de6bd0edb0b643d27b309d9923680093213abcd2d630a65,7206306347432804524516902413752867542798779503570471244373508843155358313776
2026-04-22T18:40:07.942109+00:00,2026-04-22T18:52:11.523906+00:00,momentum,"Ethereum Up or Down - April 22, 2:40PM-2:45PM ET",UP,Up,2.0,0.54,,WIN,YES,1.7037037037037033,Up,0xb4a60747cf0f6b1bd66aa8f89cc0b71782fd7106a67cca22b7238078a1f7c94a,115152714931478175789083711932297496290897668149781133593727027267118069235114
2026-04-22T18:45:00.515022+00:00,2026-04-22T18:54:12.951543+00:00,momentum,"Ethereum Up or Down - April 22, 2:45PM-2:50PM ET",DOWN,Down,2.0,0.52,,LOSS,NO,-2.0,Up,0x09895d3d69a9addd803957a5748bf686cf45e91997843e0d9faaf5c771513376,106465388161200310770979771113748688264405344429274719472838326023618825659231
2026-04-22T18:45:00.559107+00:00,2026-04-22T18:54:13.149955+00:00,momentum,"Solana Up or Down - April 22, 2:45PM-2:50PM ET",UP,Up,2.0,0.99,,WIN,YES,0.020202020202020332,Up,0x28ce485f7c7dbca69c0bfbbf342fc3146765ca50309350b4cfd12caf19af27b4,20280438631539657038767689784577885295480524069663279079542650721572129465183
2026-04-22T18:45:00.607662+00:00,2026-04-22T18:54:13.331594+00:00,momentum,"XRP Up or Down - April 22, 2:45PM-2:50PM ET",UP,Up,2.0,0.99,,WIN,YES,0.020202020202020332,Up,0xf2b28a045831883618fed747f1c530f0c01774f040bb55d2ebe2636eff9851b7,31743353333258590338627337641471966029527263267266692881946345606711621714236
2026-04-22T18:45:00.463277+00:00,2026-04-22T18:55:13.464966+00:00,momentum,"Bitcoin Up or Down - April 22, 2:45PM-2:50PM ET",DOWN,Down,2.0,0.52,,LOSS,NO,-2.0,Up,0x55217115bec561d99a9c4df257d286124d62a853afb38936e72259a5a8c01cce,100322823876229615040339343113195252312870317736485486291187650939806767756499
2026-04-22T18:50:01.737578+00:00,2026-04-22T19:00:14.972686+00:00,momentum,"Ethereum Up or Down - April 22, 2:50PM-2:55PM ET",DOWN,Down,4.0,0.52,,WIN,YES,3.6923076923076916,Down,0xa44d027ae1d6f5a8527ec2aab6f410f45f24aaba23a15e4b0aca371756abdb33,45911318845952964712054973487324779050631833533206875541951834138195410360685
2026-04-22T18:50:01.828422+00:00,2026-04-22T19:00:15.157936+00:00,momentum,"Solana Up or Down - April 22, 2:50PM-2:55PM ET",UP,Up,2.0,0.52,,LOSS,NO,-2.0,Down,0xc02d48929c23e547348689848a93f8db41dac1fbfcef572684983f19f8e432b9,45155433883237494586102065296309137000228816957143339107628902502383143268458
2026-04-22T18:50:01.784456+00:00,2026-04-22T19:01:15.021133+00:00,momentum,"Bitcoin Up or Down - April 22, 2:50PM-2:55PM ET",DOWN,Down,4.0,0.54,,WIN,YES,3.4074074074074066,Down,0xbb18982b9e0f277af71de6c496216fed2d1944951c83dfdf986458b847f80480,88600042478470408918701946822025813242192469681980701525005575704814256097157
2026-04-22T18:50:13.134744+00:00,2026-04-22T19:01:15.218995+00:00,momentum,"XRP Up or Down - April 22, 2:50PM-2:55PM ET",DOWN,Down,2.0,0.6,,WIN,YES,1.3333333333333335,Down,0x50e36c88bcb0eab338df3dfd6eea3c759a33dc4b85b3149180a5dd9d8662615b,37870966691371877971897631048721310246562495262648667720234472116153547321853
2026-04-22T18:55:08.310283+00:00,2026-04-22T19:05:19.275130+00:00,momentum,"XRP Up or Down - April 22, 2:55PM-3:00PM ET",DOWN,Down,2.0,0.57,,WIN,YES,1.5087719298245617,Down,0xb4352b265d5f5a8ac8b750bd6ce2c3153b4229968aea33baa1941f47233676ac,52748301735534222545287891200311138748603327771837114357943795762720474484215
2026-04-22T18:55:02.041399+00:00,2026-04-22T19:06:19.067724+00:00,momentum,"Ethereum Up or Down - April 22, 2:55PM-3:00PM ET",DOWN,Down,2.0,0.52,,WIN,YES,1.8461538461538458,Down,0x02188ce7c0e2d22707403d836617a183cad9c089893186d42cd12bb832f4ed5a,68401699631512555010671303170849748869038632579874871274340378490642728057419
2026-04-22T18:55:02.085375+00:00,2026-04-22T19:06:19.260683+00:00,momentum,"Solana Up or Down - April 22, 2:55PM-3:00PM ET",DOWN,Down,4.0,0.51,,WIN,YES,3.8431372549019605,Down,0x8d6937472deca8a3c3fdb681e365368d35d686551c1c61093985c1d406c32536,684845238986804303241542526511972270923503963886074607775187031757000457898
2026-04-22T18:55:02.132266+00:00,2026-04-22T19:06:19.417609+00:00,momentum,"Bitcoin Up or Down - April 22, 2:55PM-3:00PM ET",DOWN,Down,2.0,0.53,,WIN,YES,1.773584905660377,Down,0x027c4a936c892e92e16c82ba7ef269e40660a4d3dce155ccc53b87b09cca879a,7718583972707938664475847925036622986980878039311332144215896403399525825340
2026-04-22T19:00:01.977851+00:00,2026-04-22T19:09:20.596784+00:00,momentum,"Bitcoin Up or Down - April 22, 3:00PM-3:05PM ET",UP,Up,2.0,0.59,,LOSS,NO,-2.0,Down,0xbbc1c13d5c99705a4a89a0e1d1226c10de8e22ab8b80910a5d441646660c1c2b,60315098330113934451865829800489589145931208242225162296129400228106606453921
2026-04-22T19:00:02.023435+00:00,2026-04-22T19:09:20.640832+00:00,momentum,"Ethereum Up or Down - April 22, 3:00PM-3:05PM ET",UP,Up,2.0,0.53,,LOSS,NO,-2.0,Down,0xcee24df9ef6513f323d0816d3b1ae9ab7ee489f581af46747ade35ebb7e79743,88392374502258309922701096108261487287726963486061973765908478812690945374054
2026-04-22T19:00:02.113612+00:00,2026-04-22T19:09:20.858033+00:00,momentum,"Solana Up or Down - April 22, 3:00PM-3:05PM ET",UP,Up,2.0,0.57,,LOSS,NO,-2.0,Down,0x42dcafe09595530ef820b8d001c938a66421a3db75ff56b1d43847044384ed0e,111718869943929676433490829773024098516601847832259105159437007927721063206995
2026-04-22T19:00:02.067790+00:00,2026-04-22T19:10:20.574420+00:00,momentum,"XRP Up or Down - April 22, 3:00PM-3:05PM ET",UP,Up,2.0,0.57,,LOSS,NO,-2.0,Down,0xf7a189a7d682f6abdff828aac00b0ac1f72b59241d91ca607106eefddb915324,50472193420381179221617347426099783242998240689001053409360436702082925511630
2026-04-22T19:05:02.802141+00:00,2026-04-22T19:14:24.543426+00:00,momentum,"Solana Up or Down - April 22, 3:05PM-3:10PM ET",UP,Up,4.0,0.52,,WIN,YES,3.6923076923076916,Up,0x4ccf71ca76b58a68008c06809de643f8fddf02254cf6f8e7cc18f44d2ca17342,38430507037812258786050866507602336481493096839276084777575990855335034984530
2026-04-22T19:05:02.692295+00:00,2026-04-22T19:15:24.656020+00:00,momentum,"Bitcoin Up or Down - April 22, 3:05PM-3:10PM ET",UP,Up,4.0,0.52,,LOSS,NO,-4.0,Down,0xba8aaa8f036cfec1af4cabf0657db573ae1f17629f2c48108ab2600ba053ac36,52135637160879348555324140809944162480818998370689124449489137074369381136299
2026-04-22T19:05:02.755691+00:00,2026-04-22T19:15:24.704955+00:00,momentum,"Ethereum Up or Down - April 22, 3:05PM-3:10PM ET",DOWN,Down,4.0,0.55,,LOSS,NO,-4.0,Up,0x905818d18150a7188b3bbd766759be94ad38e12bdeac3d1fa99beb82e0e37d1b,46696660535083861987335116599616754672352870993049356292306050520410021767089
2026-04-22T19:05:02.859184+00:00,2026-04-22T19:15:24.748824+00:00,momentum,"XRP Up or Down - April 22, 3:05PM-3:10PM ET",UP,Up,4.0,0.57,,LOSS,NO,-4.0,Down,0x26d7348ca7f5ba24dc373696fba109ebfc220c64071cf798141426fd810ca2b9,60945114505779268465385760516458418506017417448569419532692187576938718557319
2026-04-22T19:10:02.593654+00:00,2026-04-22T19:20:27.489311+00:00,momentum,"Solana Up or Down - April 22, 3:10PM-3:15PM ET",UP,Up,2.0,0.52,,LOSS,NO,-2.0,Down,0x52fda33994351e483f2ccb9c647b3bbe12b269a68bcdc96d775f9d301f8f6743,15469219101155114691903338414520318413160653362629921687561184844667150876292
2026-04-22T19:10:02.554917+00:00,2026-04-22T19:21:27.725566+00:00,momentum,"XRP Up or Down - April 22, 3:10PM-3:15PM ET",UP,Up,8.0,0.57,,WIN,YES,6.035087719298247,Up,0xf955e6059cc6ea5556fd68c4401723f2386b93e15b987127b28381430ed18ce4,431303708834304538926947220333527927087013332267807309919465906585276439727
2026-04-22T19:10:02.497721+00:00,2026-04-22T19:22:28.068170+00:00,momentum,"Ethereum Up or Down - April 22, 3:10PM-3:15PM ET",UP,Up,8.0,0.53,,WIN,YES,7.094339622641508,Up,0x2646fa477206800c194a07a33fae057de0746923dccdcbbf22baccd82cceb513,12631692653903583947380882577525942249951026491926195904384101277246831040594
2026-04-22T19:10:02.637621+00:00,2026-04-22T19:22:28.241120+00:00,momentum,"Bitcoin Up or Down - April 22, 3:10PM-3:15PM ET",UP,Up,8.0,0.53,,WIN,YES,7.094339622641508,Up,0x7bb979d76b53240e3d43a6e61cb524223e400aafe4466413a19cde2713cfc791,20995549163134933333009973609817690921436697073851306464827726126943111558444
2026-04-22T19:15:01.019638+00:00,2026-04-22T19:26:29.633804+00:00,momentum,"Solana Up or Down - April 22, 3:15PM-3:20PM ET",UP,Up,4.0,0.52,,WIN,YES,3.6923076923076916,Up,0xf578c02de9f8056d86b4038b292d0f81aacd0deaaedcebf8ed4d8bb42a6be180,63140494774838082001224759333298092666422454193901668634105411621652778650383
2026-04-22T19:15:01.064916+00:00,2026-04-22T19:27:30.518563+00:00,momentum,"XRP Up or Down - April 22, 3:15PM-3:20PM ET",UP,Up,2.0,0.52,,WIN,YES,1.8461538461538458,Up,0x10a87941579901322b7a836ac627fe227dd89636c649578ab364d128bf263671,105122151294021977681931074805571507606304105017370974257276160490836737805698
2026-04-22T19:15:04.241427+00:00,2026-04-22T19:27:30.691873+00:00,momentum,"Ethereum Up or Down - April 22, 3:15PM-3:20PM ET",UP,Up,2.0,0.54,,WIN,YES,1.7037037037037033,Up,0xe4d37b7d23da52c6aeb4feb566af009a2785422883d9239b94d58aea3e37c324,108258936700634911532831764792325480723728384017182771522683679497720415335288
2026-04-22T19:15:00.975796+00:00,2026-04-22T19:28:31.129627+00:00,momentum,"Bitcoin Up or Down - April 22, 3:15PM-3:20PM ET",UP,Up,2.0,0.53,,WIN,YES,1.773584905660377,Up,0x3b83df7a5a51657a459034b41b79e7ce006c21008666731d2739d065a26cae19,5750007795155545836476725801402316818262776267398453052535865199489929105217
2026-04-22T19:20:00.417403+00:00,2026-04-22T19:30:32.309713+00:00,momentum,"Bitcoin Up or Down - April 22, 3:20PM-3:25PM ET",UP,Up,2.0,0.515,,WIN,YES,1.883495145631068,Up,0xbe1702593ce665776d60cd386fb78fe01aa026b724a56c97865c699d4202f78e,15852153982438950308082922044635181374763794981913050876561343438089594783322
2026-04-22T19:20:02.531045+00:00,2026-04-22T19:30:32.356613+00:00,momentum,"XRP Up or Down - April 22, 3:20PM-3:25PM ET",DOWN,Down,2.0,0.51,,LOSS,NO,-2.0,Up,0x513ec51d235bdf810c561e5be3b2f2ed939147a157c6b5750625a93e265f2433,99100953728496504809590357054056019283291307362213993381333139964193164537530
2026-04-22T19:20:15.011870+00:00,2026-04-22T19:30:32.542627+00:00,momentum,"Solana Up or Down - April 22, 3:20PM-3:25PM ET",UP,Up,2.0,0.53,,WIN,YES,1.773584905660377,Up,0xfce146522cef4c541743f1697d48efa32a776fd7da36779a0fd61022de38e480,82994065446570597363910203484720812092181178754653688729229473536995072852634
2026-04-22T19:20:00.368126+00:00,2026-04-22T19:31:32.161869+00:00,momentum,"Ethereum Up or Down - April 22, 3:20PM-3:25PM ET",UP,Up,2.0,0.515,,WIN,YES,1.883495145631068,Up,0x65caeb1ed8f3eaa5cca217f37b2db49a467b1279af305575602002baea393f9a,63096738632596700276380060506855422131100338800655305538992389571740776667009
2026-04-22T19:25:02.565130+00:00,2026-04-22T19:36:35.469757+00:00,momentum,"Ethereum Up or Down - April 22, 3:25PM-3:30PM ET",DOWN,Down,2.0,0.52,,WIN,YES,1.8461538461538458,Down,0xa1da37618b7fff08715cb2541002f8910f1c8b7ebdc085defaf4764914ff9dbf,65662801437791142946473585974122282793501341015056600979027430984638206488387
2026-04-22T19:25:05.821866+00:00,2026-04-22T19:36:35.768265+00:00,momentum,"Solana Up or Down - April 22, 3:25PM-3:30PM ET",DOWN,Down,2.0,0.51,,WIN,YES,1.9215686274509802,Down,0xa55713a7ead7a3bc214c2033ffdd8623e0f265ffa2a27fb479e1063f6817a1b9,102620899518796774981515096942550750423405806148778444913964229863457010706610
2026-04-22T19:25:02.524516+00:00,2026-04-22T19:37:35.461427+00:00,momentum,"Bitcoin Up or Down - April 22, 3:25PM-3:30PM ET",UP,Up,2.0,0.52,,WIN,YES,1.8461538461538458,Up,0x3c3cce22482d25951683f0131992b291e62d108285d743af9c246dc20b67e619,70619034550504306606832750791634332997113632257786872871877129368805957330737
2026-04-22T19:25:02.608503+00:00,2026-04-22T19:37:35.512611+00:00,momentum,"XRP Up or Down - April 22, 3:25PM-3:30PM ET",UP,Up,4.0,0.55,,LOSS,NO,-4.0,Down,0x34b1d09f498fade6e0a4998a9792a1a0b23c9779b6c1edf79ee8accea760c93b,32578394700586077201130285417874726615439496428201692817645237828082104502990
2026-04-22T19:30:01.225900+00:00,2026-04-22T19:38:36.315616+00:00,momentum,"Bitcoin Up or Down - April 22, 3:30PM-3:35PM ET",DOWN,Down,2.0,0.51,,WIN,YES,1.9215686274509802,Down,0x81694f3bdde0ddc224ad96317ce1d081a255bd604d434d66a6c14da3fcf1e067,3053455672725438838082326247617013984568957717176268173599637952867018080006
2026-04-22T19:30:07.579800+00:00,2026-04-22T19:38:36.782102+00:00,momentum,"XRP Up or Down - April 22, 3:30PM-3:35PM ET",DOWN,Down,8.0,0.53,,WIN,YES,7.094339622641508,Down,0xeed8b3ceef85d01c11d9192503918c8453c37cfe1937e51dec2ec8989a5dd242,78778039033013178773847887702193273849897332704487812914846541187204030316779
2026-04-22T19:30:01.266857+00:00,2026-04-22T19:39:36.367938+00:00,momentum,"Ethereum Up or Down - April 22, 3:30PM-3:35PM ET",DOWN,Down,2.0,0.53,,WIN,YES,1.773584905660377,Down,0xd9041e5f0c5111960ac42aa701f45a687d84169265902d45762360ea07324de1,21573325216525861169757190295684397532663041813803600179206962322534401042171
2026-04-22T19:30:07.539723+00:00,2026-04-22T19:39:36.543286+00:00,momentum,"Solana Up or Down - April 22, 3:30PM-3:35PM ET",DOWN,Down,2.0,0.56,,WIN,YES,1.5714285714285712,Down,0xf45c1bb6e7397c236a552080f59280d49f95967bf391e6f9a5e9f9359cdb45c2,91711496902929899981035212109598863351679997653793002382413177822631007882842
2026-04-22T19:35:33.570708+00:00,2026-04-22T19:44:38.065613+00:00,momentum,"XRP Up or Down - April 22, 3:35PM-3:40PM ET",DOWN,Down,2.0,0.88,,WIN,YES,0.27272727272727293,Down,0xad924ed50ba7f1ce7ebf9c77199bf3fe9da0bb7c7bcc90b6da842f92df0fb00a,47080348780217361026907670256776850707180392938485860155836520175023557107970
2026-04-22T19:35:33.433335+00:00,2026-04-22T19:45:37.878613+00:00,momentum,"Bitcoin Up or Down - April 22, 3:35PM-3:40PM ET",DOWN,Down,2.0,0.79,,WIN,YES,0.5316455696202529,Down,0xa6542c0f4e6a525c4208680a73bd8a7f733058b86854bbc0085600606686cccb,105229609079114576489084637136576858821525853818862991710521264608439839130327
2026-04-22T19:35:33.477120+00:00,2026-04-22T19:45:38.054279+00:00,momentum,"Ethereum Up or Down - April 22, 3:35PM-3:40PM ET",DOWN,Down,2.0,0.78,,WIN,YES,0.5641025641025639,Down,0x689c57a1d4a37d69cdab91274099f2d6f4bf9dcbcd6c9d7d00f1316cd44ce560,87012560072565218850025527432123439839606769865044508096935242080467278608545
2026-04-22T19:35:33.526853+00:00,2026-04-22T19:45:38.109462+00:00,momentum,"Solana Up or Down - April 22, 3:35PM-3:40PM ET",DOWN,Down,2.0,0.62,,LOSS,NO,-2.0,Up,0x102f9ac333951c35dd75e28e72ab284b3089c133150bcbaa9c219527e7aa03a8,16189056732020356926478407877450304407725143575416390205604180322548379705709
2026-04-22T19:40:00.722129+00:00,2026-04-22T19:50:40.811779+00:00,momentum,"Solana Up or Down - April 22, 3:40PM-3:45PM ET",UP,Up,4.0,0.525,,WIN,YES,3.6190476190476186,Up,0x1d54bbeb48b74d1cef41ad38b26301ef1094dffe8cfb84737a15804067c56ec9,51029016108315206932238774516160568654679572829278864282945253620750667326977
2026-04-22T19:40:00.770622+00:00,2026-04-22T19:50:40.960188+00:00,momentum,"XRP Up or Down - April 22, 3:40PM-3:45PM ET",UP,Up,2.0,0.51,,WIN,YES,1.9215686274509802,Up,0xec4aa87fb9ee0a71e6b5202208ce538a087014a629e223a9c3555942be9d3f90,63829378745442668177251511279591401694797376290295603418186105846270172654320
2026-04-22T19:40:02.885652+00:00,2026-04-22T19:50:41.127177+00:00,momentum,"Bitcoin Up or Down - April 22, 3:40PM-3:45PM ET",DOWN,Down,2.0,0.61,,WIN,YES,1.278688524590164,Down,0x6dc9ab4295fa8d8cc8ad534d2149c9ba64645c9847d19f08faa615206a7173f8,12711271940698176664694531001901176367816510752119798714112467903228070644294
2026-04-22T19:40:02.931534+00:00,2026-04-22T19:51:41.103063+00:00,momentum,"Ethereum Up or Down - April 22, 3:40PM-3:45PM ET",DOWN,Down,2.0,0.58,,WIN,YES,1.4482758620689657,Down,0x2549cbde33786027fe046c1669b24cf247faf668766870224d7b7e3007179b06,19574082689498167290721667909596469280441143180244702902418645393997012651878
2026-04-22T19:45:00.679260+00:00,2026-04-22T19:54:42.723485+00:00,momentum,"Bitcoin Up or Down - April 22, 3:45PM-3:50PM ET",UP,Up,2.0,0.515,,WIN,YES,1.883495145631068,Up,0x88c627390c7b37d0bf320912a7ccb99fc8b60990e207fbf4ae6133f6ac00be8a,15791039366333601117010080528062550620582794838911781760511543047357737651034
2026-04-22T19:45:00.725366+00:00,2026-04-22T19:54:42.935000+00:00,momentum,"Solana Up or Down - April 22, 3:45PM-3:50PM ET",UP,Up,2.0,0.51,,WIN,YES,1.9215686274509802,Up,0xe2649ba35e68ca4fd2015ccaa6d95dc936e600fb81d28ebc4d126dc4d20a187e,30069595052846600928555611939446757812592665794630106589888388186824699959787
2026-04-22T19:45:00.776557+00:00,2026-04-22T19:54:43.119666+00:00,momentum,"XRP Up or Down - April 22, 3:45PM-3:50PM ET",UP,Up,2.0,0.51,,WIN,YES,1.9215686274509802,Up,0xecb9c9a6546401454fb1d82c4d44ddf17936a2563a8230c28084d4711a0d6385,76984036169452027357548378467204477868608637296880936570847939000800692313877
2026-04-22T19:45:02.896831+00:00,2026-04-22T19:54:43.323587+00:00,momentum,"Ethereum Up or Down - April 22, 3:45PM-3:50PM ET",UP,Up,2.0,0.52,,WIN,YES,1.8461538461538458,Up,0xab5ddc9062accee03381e5a968c203b9e0f86c6c158acf0a877c6c9347a904ab,99499965743768105373305101672337070016403972099122671158343541296562709899955
2026-04-22T19:50:00.142486+00:00,2026-04-22T19:59:43.948039+00:00,momentum,"XRP Up or Down - April 22, 3:50PM-3:55PM ET",UP,Up,2.0,0.515,,LOSS,NO,-2.0,Down,0xbb487174c2ae63f598ccad870a1f33f4b01ec4c90180210b679e72f7812a64ae,21409619631527589804221262418208376667690008076619525236657693074455948806002
2026-04-22T19:50:00.188410+00:00,2026-04-22T19:59:43.989766+00:00,momentum,"Solana Up or Down - April 22, 3:50PM-3:55PM ET",UP,Up,2.0,0.515,,LOSS,NO,-2.0,Down,0x16856114e4b26f46c5a14208bf86692c755e52c952e9722ca23399401783b0b0,105494577621470808091750275968701603732876719506960098889660006910255652000306
2026-04-22T19:50:01.392180+00:00,2026-04-22T20:00:44.837987+00:00,momentum,"Bitcoin Up or Down - April 22, 3:50PM-3:55PM ET",UP,Up,2.0,0.61,,WIN,YES,1.278688524590164,Up,0xb4cc1f2be455aeb7e53355155f37ddffbacf3d56587c8872866e214f27a57e1f,99247962454818572901687618113805523251910538283777018807753715421689222701912
2026-04-22T19:50:01.433690+00:00,2026-04-22T20:00:45.022575+00:00,momentum,"Ethereum Up or Down - April 22, 3:50PM-3:55PM ET",UP,Up,2.0,0.62,,WIN,YES,1.2258064516129035,Up,0xb61ac6846d6a1dd461665a2cf2032c75d335f88c467f9159f735bbf83554f2df,14498952458258367184513687733051446417429440539137928303039218033230900549098
2026-04-22T19:55:03.697696+00:00,2026-04-22T20:05:49.309451+00:00,momentum,"Ethereum Up or Down - April 22, 3:55PM-4:00PM ET",DOWN,Down,2.0,0.62,,WIN,YES,1.2258064516129035,Down,0xd30a4d14b190c6137a05350e92a4a8f8b95de297311e8d8deac7463a873800be,104688955684376318898808727579452430289438712141908442094583883989202223394850
2026-04-22T19:55:00.160556+00:00,2026-04-22T20:06:49.311061+00:00,momentum,"Bitcoin Up or Down - April 22, 3:55PM-4:00PM ET",UP,Up,2.0,0.52,,LOSS,NO,-2.0,Down,0x778bfd7792b6e215946333752c472786b9e8ba7924c473e5dc38432884f2a193,47758569613224978515097710973376332174661356653366514391979455344677953383309
2026-04-22T19:55:00.221871+00:00,2026-04-22T20:06:49.363121+00:00,momentum,"XRP Up or Down - April 22, 3:55PM-4:00PM ET",UP,Up,4.0,0.51,,LOSS,NO,-4.0,Down,0x3b1ee7b6cd2306ea490c2b1d2cffa154fd6bb607471b4b19645310194962946a,2897323820064062398582604175734301924800303669869512678234312349494620307554
2026-04-22T19:55:00.268834+00:00,2026-04-22T20:06:49.554995+00:00,momentum,"Solana Up or Down - April 22, 3:55PM-4:00PM ET",UP,Up,4.0,0.56,,WIN,YES,3.1428571428571423,Up,0x00bc0e503c0f3b2251f2f2d328194f0a032b6da4f37a554119184acac7d98e41,85535364530079495779731713811190572248419516765641058184422406424899181979061
2026-04-22T20:00:01.550545+00:00,2026-04-22T20:08:50.928865+00:00,momentum,"Ethereum Up or Down - April 22, 4:00PM-4:05PM ET",UP,Up,2.0,0.57,,WIN,YES,1.5087719298245617,Up,0x59186d204c41efc6963562def256d2d1c759a7445fb0444716862f8f461606ac,39272835609534558580834868891075890776881473507712276330318519654708922828573
2026-04-22T20:00:00.249957+00:00,2026-04-22T20:09:50.889704+00:00,momentum,"Bitcoin Up or Down - April 22, 4:00PM-4:05PM ET",UP,Up,4.0,0.515,,WIN,YES,3.766990291262136,Up,0x57813c96d077e722a63846abfec415a01fa68f2aa802595a070f0b3738e76ab5,45459365497608533495063672997586249984816410997425871967935690695842729931028
2026-04-22T20:00:00.304252+00:00,2026-04-22T20:09:51.069219+00:00,momentum,"Solana Up or Down - April 22, 4:00PM-4:05PM ET",UP,Up,2.0,0.51,,WIN,YES,1.9215686274509802,Up,0x96c75e026995048f1e4cd38efbd2c7025f5f3727b72ac9bfe763b794334b0c01,75226537186906685396043079652667603509122236267820843288866657453947212117950
2026-04-22T20:00:00.378161+00:00,2026-04-22T20:09:51.241848+00:00,momentum,"XRP Up or Down - April 22, 4:00PM-4:05PM ET",UP,Up,8.0,0.515,,WIN,YES,7.533980582524272,Up,0x9ceaf05ab98137c443a49141bee2c0e76e5f61a1e57f53dd75f045654cf608ed,43768999849762065541595319848587383491266830020355557048217033432233948286454
2026-04-22T20:05:00.286950+00:00,2026-04-22T20:14:54.558382+00:00,momentum,"Bitcoin Up or Down - April 22, 4:05PM-4:10PM ET",UP,Up,2.0,0.515,,LOSS,NO,-2.0,Down,0xad199725dc79d922be60c893748795a187ad877f2a1fe7768ce0790babb05b37,86597979703510783265329822715052399674634870610580197937138568225943604531797
2026-04-22T20:05:05.667253+00:00,2026-04-22T20:14:54.905862+00:00,momentum,"Solana Up or Down - April 22, 4:05PM-4:10PM ET",DOWN,Down,2.0,0.56,,WIN,YES,1.5714285714285712,Down,0x491e0788b834c1b6d6cfbadf9517bfe7bcda412a575bbec65aeba429b3222fcd,3966958925030969200419074040039702914253662843351163815875032773361401931093
2026-04-22T20:05:08.904684+00:00,2026-04-22T20:14:55.066120+00:00,momentum,"XRP Up or Down - April 22, 4:05PM-4:10PM ET",DOWN,Down,2.0,0.53,,WIN,YES,1.773584905660377,Down,0xf5a7d7825788f6f5d2d7c5e44de5085cdb191d5b46e1f06df499485b0f2204ac,12462087565100336027852545872046983505455487223373465086459894386311963379175
2026-04-22T20:05:02.546382+00:00,2026-04-22T20:15:54.994327+00:00,momentum,"Ethereum Up or Down - April 22, 4:05PM-4:10PM ET",UP,Up,2.0,0.51,,LOSS,NO,-2.0,Down,0x57208212fb9c2aca1159526d8e1cf61a37059070a4bfe28b463ccede04746483,44815708787612796964374336485624353193148578468815325068823231087258388592099
2026-04-22T20:10:03.373794+00:00,2026-04-22T20:20:58.660523+00:00,momentum,"XRP Up or Down - April 22, 4:10PM-4:15PM ET",UP,Up,2.0,0.52,,LOSS,NO,-2.0,Down,0xb3396e80b7e3c742a59e59ca72295e56596c8c6624a72a7fc45ef0f44985b352,84995744731435043201946493582245875910022126471680417162219979006683827301989
2026-04-22T20:10:06.516525+00:00,2026-04-22T20:20:58.836363+00:00,momentum,"Ethereum Up or Down - April 22, 4:10PM-4:15PM ET",UP,Up,4.0,0.51,,WIN,YES,3.8431372549019605,Up,0x5a866f28cf64183eb61b4815a8f4293ee01b99b71b027ec820bc4522321ef55d,103535928317435472138311441477138427068105998420408884357773865980241736073147
2026-04-22T20:10:00.251474+00:00,2026-04-22T20:21:59.079839+00:00,momentum,"Bitcoin Up or Down - April 22, 4:10PM-4:15PM ET",UP,Up,4.0,0.52,,LOSS,NO,-4.0,Down,0xfdcb9cdd13845084c935c7daf2ce84e8c53684b91e936c35682c1b83cc9341b9,98800292296791471517931537074437212988691741740125835523346040536229354816835
2026-04-22T20:10:06.567475+00:00,2026-04-22T20:21:59.255435+00:00,momentum,"Solana Up or Down - April 22, 4:10PM-4:15PM ET",UP,Up,2.0,0.51,,WIN,YES,1.9215686274509802,Up,0x1235955802cb190eee6a55653fa3f1efe7f343db4c6a61c6aca496d394ca5a5b,26477718951107989112458830891655469602812940861135505850897337161156201681817
2026-04-22T20:15:03.534533+00:00,2026-04-22T20:24:00.401929+00:00,momentum,"XRP Up or Down - April 22, 4:15PM-4:20PM ET",UP,Up,2.0,0.52,,LOSS,NO,-2.0,Down,0x1f018519bcb9c144b0b27b87bfd2d86c3537d6816db5f8480ffbe448c6586bae,52745030070905235338144453321809002382938792032275737919748335240616359336178
2026-04-22T20:15:03.490968+00:00,2026-04-22T20:25:01.397500+00:00,momentum,"Bitcoin Up or Down - April 22, 4:15PM-4:20PM ET",UP,Up,4.0,0.53,,LOSS,NO,-4.0,Down,0xe41bdb765cb4fea7f26e3ea644e85aee1beadfbbce7d82768b29e6014113586a,87259517358954708367309229689435988937013450309486523848099618083672236857505
2026-04-22T20:15:03.587003+00:00,2026-04-22T20:25:01.453274+00:00,momentum,"Solana Up or Down - April 22, 4:15PM-4:20PM ET",UP,Up,2.0,0.52,,LOSS,NO,-2.0,Down,0xa15173d1549195c0414869fe9662afb4081823f2d7cc89e6a6d1f3af4db3818a,50840915468179654290569854328174960460777571360677866617486804668570636283351
2026-04-22T20:15:03.631974+00:00,2026-04-22T20:25:01.506633+00:00,momentum,"Ethereum Up or Down - April 22, 4:15PM-4:20PM ET",UP,Up,2.0,0.51,,LOSS,NO,-2.0,Down,0x91c2d92a778f75d86d3089ec9daa0cca88b5a970b3f2b62b3af91761f4402ca2,32467206615956503124238181859020258927798382474615377645149164588708844933248
2026-04-22T20:20:03.241199+00:00,2026-04-22T20:30:03.175925+00:00,momentum,"Bitcoin Up or Down - April 22, 4:20PM-4:25PM ET",UP,Up,16.0,0.51,,LOSS,NO,-16.0,Down,0x47343ef13b9e006216a1c6a4aaed1e37727d2ff913a605d0833dff30d56bfdca,84468036306514715007780944466956648039534723985774348268268030214777362001278
2026-04-22T20:20:03.141920+00:00,2026-04-22T20:31:03.817058+00:00,momentum,"Ethereum Up or Down - April 22, 4:20PM-4:25PM ET",DOWN,Down,4.0,0.55,,WIN,YES,3.2727272727272725,Down,0x947d5ba7ccd12d86dd20222b9aef6474ba4b208c29d67c09c4532bc7b2a91322,57599144278830673867598342088719304967649746457828096635724209523442587183582
2026-04-22T20:20:03.192163+00:00,2026-04-22T20:31:03.972301+00:00,momentum,"XRP Up or Down - April 22, 4:20PM-4:25PM ET",UP,Up,8.0,0.52,,WIN,YES,7.384615384615383,Up,0xce4d090c971a644f14dc42281634357ec255381140493b3596639a027a9d1623,73543283139251608122084764597384309292048118738098617323453204807298867478071
2026-04-22T20:20:09.432226+00:00,2026-04-22T20:31:04.155256+00:00,momentum,"Solana Up or Down - April 22, 4:20PM-4:25PM ET",DOWN,Down,4.0,0.51,,WIN,YES,3.8431372549019605,Down,0x344357e9fcf13637c331a2087f0b266db3b55f7bddb03a33fd114d229223bb55,109819038442679682924833310692731342151580258389971573246245655058337616183417
2026-04-22T20:25:03.527802+00:00,2026-04-22T20:36:06.845561+00:00,momentum,"Ethereum Up or Down - April 22, 4:25PM-4:30PM ET",UP,Up,2.0,0.53,,WIN,YES,1.773584905660377,Up,0xd6f98be791e170c1539788bc55702a016db660efb1d004596607f3fb12c91934,112381787356381935928449135351433234247628564676558885390425135479156127565596
2026-04-22T20:25:00.902502+00:00,2026-04-22T20:37:06.916618+00:00,momentum,"XRP Up or Down - April 22, 4:25PM-4:30PM ET",UP,Up,2.0,0.515,,WIN,YES,1.883495145631068,Up,0x920322a96be9bf2319fbf056479acdef234f032862e4c6c41c00c27743a248d5,112532215735071461893716062093949605655590732182995280120911550009116689195611
2026-04-22T20:25:03.482735+00:00,2026-04-22T20:37:07.086750+00:00,momentum,"Bitcoin Up or Down - April 22, 4:25PM-4:30PM ET",UP,Up,32.0,0.62,,WIN,YES,19.612903225806456,Up,0x0de58002fd7aa99b831c26743319b3c5c32e78e7f5e46948acce8464c457180a,25732377661096134696241040402269958591516210218708613418565340026937313426367
2026-04-22T20:25:03.589783+00:00,2026-04-22T20:37:07.261903+00:00,momentum,"Solana Up or Down - April 22, 4:25PM-4:30PM ET",UP,Up,2.0,0.56,,WIN,YES,1.5714285714285712,Up,0x4dba3a8f02d177eab2604cb0d29372e836e48442298bec8a986d47ef9d8a01d1,1399757984327635953783190611511932101744315727072813247747870562735488893700
2026-04-22T20:30:00.586675+00:00,2026-04-22T20:39:07.737053+00:00,momentum,"Bitcoin Up or Down - April 22, 4:30PM-4:35PM ET",UP,Up,2.0,0.56,,LOSS,NO,-2.0,Down,0xed8ab231b78c91458588adbcd87fe2f6f72ef847efc89297e2a4c6ea692f1741,12298873129338072841882646315620552364846173249605792578803186195014076903048
2026-04-22T20:30:00.662554+00:00,2026-04-22T20:39:07.794604+00:00,momentum,"Solana Up or Down - April 22, 4:30PM-4:35PM ET",UP,Up,2.0,0.51,,LOSS,NO,-2.0,Down,0xd2de4400e1dac5714b575ffb5dc391f160e4c7bd2da996465ada129108caab92,87330311682323282926017590438889860229950655309938511537840727219233442161675
2026-04-22T20:30:40.826067+00:00,2026-04-22T20:39:08.115388+00:00,momentum,"XRP Up or Down - April 22, 4:30PM-4:35PM ET",DOWN,Down,2.0,0.51,,WIN,YES,1.9215686274509802,Down,0x49aca190407349fefd38f14c1b3ade61b9a1a94b55f2c4c7b281a81b32cb6e7b,49061536799731123430299134922434439103331171179507402997739827699440237561071
2026-04-22T20:30:05.611329+00:00,2026-04-22T20:40:08.419754+00:00,momentum,"Ethereum Up or Down - April 22, 4:30PM-4:35PM ET",UP,Up,2.0,0.53,,LOSS,NO,-2.0,Down,0x6348b78d2ada180c1e8f3c6160e9d6066af3bb656b4ae84025075aad411670ea,39104471503640915632546419833743042221642196157543741669765334120522033927096
2026-04-22T20:35:03.563645+00:00,2026-04-22T20:44:11.381419+00:00,momentum,"Solana Up or Down - April 22, 4:35PM-4:40PM ET",UP,Up,2.0,0.53,,WIN,YES,1.773584905660377,Up,0x7b859ed5e5b7e1d04cc51d407a0de07e69388358917c762989823d10325a6a81,15873059656435793712452663867020859590137436010516612777204325678073722901572
2026-04-22T20:35:01.381275+00:00,2026-04-22T20:45:11.336153+00:00,momentum,"XRP Up or Down - April 22, 4:35PM-4:40PM ET",UP,Up,2.0,0.515,,WIN,YES,1.883495145631068,Up,0x358913873e79d22f99de3a49cf6792c69a98158abc1b848661f4a54facb54b6e,57377433306099560641705094023971018511645395860611049642074114302527893051021
2026-04-22T20:35:01.298250+00:00,2026-04-22T20:46:11.318749+00:00,momentum,"Bitcoin Up or Down - April 22, 4:35PM-4:40PM ET",UP,Up,4.0,0.515,,LOSS,NO,-4.0,Down,0x8bfcded6fb100310a6421fab9bd3a0294198ea8c39b89bf11baaf32ed4fe5c85,64328020277810204568563751485152905424935419799265075135393572242588449477067
2026-04-22T20:35:08.481990+00:00,2026-04-22T20:46:11.528832+00:00,momentum,"Ethereum Up or Down - April 22, 4:35PM-4:40PM ET",DOWN,Down,4.0,0.53,,WIN,YES,3.547169811320754,Down,0xe70aef2054ba965099f5d1a0c750c2b951dad73f0a812861f63e95e5560a1583,107431642645332845272238686418745820077963076172294270659693047111430123521376
2026-04-22T20:40:00.332717+00:00,2026-04-22T20:50:12.340759+00:00,momentum,"Ethereum Up or Down - April 22, 4:40PM-4:45PM ET",UP,Up,2.0,0.53,,LOSS,NO,-2.0,Down,0xe3aa7881b15cc3dc4afbe6f382b866e53e0ccc755e61d5e652f68e2ae55c3d11,74453399709150638949828836882890840610052880003105981983380404380246787539834
2026-04-22T20:40:00.279505+00:00,2026-04-22T20:51:12.678518+00:00,momentum,"Bitcoin Up or Down - April 22, 4:40PM-4:45PM ET",UP,Up,8.0,0.55,,LOSS,NO,-8.0,Down,0xcf7c9a787fbf56ed1fae332aac8f47685f9eb16f59bf75913577209c4a4b82ce,94519334795660063530277643470280394313911289724178889433902720233704980952201
2026-04-22T20:40:00.404549+00:00,2026-04-22T20:51:12.779330+00:00,momentum,"XRP Up or Down - April 22, 4:40PM-4:45PM ET",UP,Up,2.0,0.51,,LOSS,NO,-2.0,Down,0x3e73c30336acf08699556512c5328811b050688dac8c9d1b52e381d2f9130d6c,63416582965138568958935386401323193852518517921670820051089278402445580403853
2026-04-22T20:40:03.739068+00:00,2026-04-22T20:51:12.861385+00:00,momentum,"Solana Up or Down - April 22, 4:40PM-4:45PM ET",UP,Up,2.0,0.53,,LOSS,NO,-2.0,Down,0xffbcb69cf8ac51c4a2b0f07fd7844eb638d15596cfc7b1c70f7d5a235f7a4d35,4911042939319272549467675938536972218115686489670738834532608529863796531168
2026-04-22T20:45:08.665092+00:00,2026-04-22T20:53:13.704095+00:00,momentum,"Solana Up or Down - April 22, 4:45PM-4:50PM ET",DOWN,Down,4.0,0.56,,WIN,YES,3.1428571428571423,Down,0x1a613c3e437a06e5a528aa95996ff5bee448c29a4bc1d97af3a6e652de6886c7,63272992442880829734704955046198256370554144491925433275616633738980034134838
2026-04-22T20:45:01.322776+00:00,2026-04-22T20:54:13.422603+00:00,momentum,"XRP Up or Down - April 22, 4:45PM-4:50PM ET",UP,Up,4.0,0.51,,LOSS,NO,-4.0,Down,0x4e21529298adf6b4433f65d22ecbdfd7547b011a9db982162f6e0d0f2da04539,57088263531962724366711312007210252089833501555663822407523356236802648645824
2026-04-22T20:45:01.166434+00:00,2026-04-22T20:55:13.225365+00:00,momentum,"Bitcoin Up or Down - April 22, 4:45PM-4:50PM ET",UP,Up,16.0,0.53,,LOSS,NO,-16.0,Down,0x6c95845ade414fe26b7a2ee3c26405df8e6c1eef476cf11d909b09fc5ddeea02,96511413638453502716185601149912285364798494736652487819341806353511237365202
2026-04-22T20:45:01.233074+00:00,2026-04-22T20:55:13.271413+00:00,momentum,"Ethereum Up or Down - April 22, 4:45PM-4:50PM ET",DOWN,Down,4.0,0.52,,LOSS,NO,-4.0,Up,0xac7921f81b8b588db7de0e437e223dc432104a615ef0afaceadfd021d76c5af8,63658468617659584523043331513834712882929814532156994178073970286002505003804
2026-04-22T20:50:02.707634+00:00,2026-04-22T20:59:15.001383+00:00,momentum,"Bitcoin Up or Down - April 22, 4:50PM-4:55PM ET",UP,Up,32.0,0.61,,LOSS,NO,-32.0,Down,0xd567f3370b79794303e5d65ea3647708d55c2508b880f78343a867ebbf829a01,76066160605924284388908437202967989775419830638451735224187759227133223298702
2026-04-22T20:50:02.656298+00:00,2026-04-22T21:00:15.630369+00:00,momentum,"Solana Up or Down - April 22, 4:50PM-4:55PM ET",UP,Up,2.0,0.53,,LOSS,NO,-2.0,Down,0xdab5d411e1fa77015406cc3495b993b49e95658a950a576f0eae468d8bb495f1,17265721801785871543199355603711479415841006771680648137871386280723755082424
2026-04-22T20:50:19.032538+00:00,2026-04-22T21:00:15.681589+00:00,momentum,"XRP Up or Down - April 22, 4:50PM-4:55PM ET",DOWN,Down,8.0,0.57,,LOSS,NO,-8.0,Up,0x764abe35ef4d08d7c60398476489ea44293df6f55bc81fb0c178d02134dea3d0,111802023921317677726744774281954688115342037991713492447958391733676553960655
2026-04-22T20:50:02.596166+00:00,2026-04-22T21:01:15.720466+00:00,momentum,"Ethereum Up or Down - April 22, 4:50PM-4:55PM ET",UP,Up,8.0,0.53,,LOSS,NO,-8.0,Down,0xa786bbffefa99bd21e84b90b272e1ba56e77b2ad9a29f579e25f01698afbf830,93786180865487339613839156517709465636705614439493932091540371818576661124130
2026-04-22T20:55:00.412021+00:00,2026-04-22T21:05:17.713389+00:00,momentum,"XRP Up or Down - April 22, 4:55PM-5:00PM ET",UP,Up,16.0,0.515,,LOSS,NO,-16.0,Down,0x18dc31302aebc7590d7e1e65bb1258be96751acbb89d675d97203d2311a02253,75503954267682159244729279979975369443652727730507659952752927763856549766215
2026-04-22T20:55:11.117877+00:00,2026-04-22T21:05:17.756736+00:00,momentum,"Ethereum Up or Down - April 22, 4:55PM-5:00PM ET",DOWN,Down,16.0,0.51,,LOSS,NO,-16.0,Up,0x17dd63eb64bd7ba919bc7245e51755f64f3395db988d945aba21a0e5180a5333,64945593731238481662538358471817293592462858148429472960401998630101970293962
2026-04-22T20:55:00.296039+00:00,2026-04-22T21:06:17.501359+00:00,momentum,"Bitcoin Up or Down - April 22, 4:55PM-5:00PM ET",UP,Up,64.0,0.525,,LOSS,NO,-64.0,Down,0x91e89c23736911f38c47cfa01e41e90d802d985800e59bfcd05d38369292b8e2,47957623363044217793998575393536241562529159807386631300715795552949858243357
2026-04-22T20:55:00.354019+00:00,2026-04-22T21:06:17.669035+00:00,momentum,"Solana Up or Down - April 22, 4:55PM-5:00PM ET",UP,Up,2.0,0.515,,WIN,YES,1.883495145631068,Up,0x118c4057a6d3098689fb572b40f8812785348229891c8863b2f6c40e5ec83f61,15927754624860140462943252158647495664252294900223719525923468711080124626750
2026-04-22T21:00:00.591848+00:00,2026-04-22T21:13:23.141384+00:00,momentum,"Bitcoin Up or Down - April 22, 5:00PM-5:05PM ET",UP,Up,128.0,0.57,,WIN,YES,96.56140350877195,Up,0xad18f6b575485293ecd0e58ba207dd59cdc31c09351386a1a4d815fecff169a2,81309577494796267575855034284741423386908729433660566328446563918731054169957
2026-04-22T21:00:00.643627+00:00,2026-04-22T21:13:23.330610+00:00,momentum,"Ethereum Up or Down - April 22, 5:00PM-5:05PM ET",UP,Up,32.0,0.53,,WIN,YES,28.37735849056603,Up,0xbabf13af01476fef4faac984c34d6ec91f2c330bbe4a004dfcbd02f149100d6a,31395895935943413381247417132801011323314886166934577011449470241266978022204
2026-04-22T21:00:00.697308+00:00,2026-04-22T21:13:23.515334+00:00,momentum,"Solana Up or Down - April 22, 5:00PM-5:05PM ET",UP,Up,2.0,0.55,,WIN,YES,1.6363636363636362,Up,0xebbc657b54b4d40dfb556e943526551091bb7a75c6dd5e3010a18b164651d07d,48417636223721561338785186519075952704988589864826722364787925986453901475152
2026-04-22T21:00:01.752392+00:00,2026-04-22T21:13:23.718230+00:00,momentum,"XRP Up or Down - April 22, 5:00PM-5:05PM ET",UP,Up,32.0,0.51,,WIN,YES,30.745098039215684,Up,0x15ded3121088cea6f5fa078dbe0f3e7649789ab75a7aa16c99c9a3f0ed0d3389,42823028514269208155358574211284484650683676454906025315436282624506622640545
2026-04-22T21:05:00.242753+00:00,2026-04-22T21:14:23.266396+00:00,momentum,"Solana Up or Down - April 22, 5:05PM-5:10PM ET",UP,Up,2.0,0.515,,WIN,YES,1.883495145631068,Up,0xb44cca4f6980242f92771023c321d293e327c253e6818b3c3af455ac336e715d,50665479313310285711729618557080766256225609308477767790803087400053227564388
2026-04-22T21:05:23.093392+00:00,2026-04-22T21:14:23.590677+00:00,momentum,"XRP Up or Down - April 22, 5:05PM-5:10PM ET",DOWN,Down,2.0,0.51,,LOSS,NO,-2.0,Up,0xf725dc3934c6c86c0a4c26f3c1be5dd025509d9660bb071224182cff3c3703d5,104780472135745653014026434047000240100145533273646904772863854448703042293731
2026-04-22T21:05:00.351026+00:00,2026-04-22T21:15:23.874886+00:00,momentum,"Bitcoin Up or Down - April 22, 5:05PM-5:10PM ET",UP,Up,2.0,0.515,,WIN,YES,1.883495145631068,Up,0x70b6cbe21cb3ec2ac638f3d6e981ee9178db5b4601eaab67855180778ce4dbbd,107311262388910780593400012747184434957717769598506913778300441771035663664052
2026-04-22T21:05:02.649239+00:00,2026-04-22T21:15:23.919994+00:00,momentum,"Ethereum Up or Down - April 22, 5:05PM-5:10PM ET",DOWN,Down,2.0,0.51,,LOSS,NO,-2.0,Up,0x3278d1a85bb7f75ee37734dc7903d31184489becb92e5ff94ed35b0097ff04a1,2555897209611727753385325763703339546402984046859099295413147029257452245008
2026-04-22T21:10:00.244650+00:00,2026-04-22T21:20:25.646749+00:00,momentum,"Ethereum Up or Down - April 22, 5:10PM-5:15PM ET",UP,Up,2.0,0.51,,LOSS,NO,-2.0,Down,0x7012b9677127c67c6d1506287f8ec3c174af5c95c30040f9142a58fbe7a35e2f,19246201794213485124060815013907521959924713332735471048736016724911744976963
2026-04-22T21:10:00.311740+00:00,2026-04-22T21:20:25.839111+00:00,momentum,"Bitcoin Up or Down - April 22, 5:10PM-5:15PM ET",UP,Up,2.0,0.52,,WIN,YES,1.8461538461538458,Up,0x3e0400eb7c66752538885afe871fd9d78a5c129893c12ae3b20bb4e639a7f0b1,54202856428418875979105699353565984702511571624955804419850571184212917670182
2026-04-22T21:10:12.888614+00:00,2026-04-22T21:20:26.025210+00:00,momentum,"XRP Up or Down - April 22, 5:10PM-5:15PM ET",DOWN,Down,4.0,0.51,,LOSS,NO,-4.0,Up,0x5b0c14efbc23e2dbcacafa4b063420a983ca90dcb5ecc8ed0a6bcb324c965f8a,17232672455370711111753603174094879552789244422771118086255403888557921947448
2026-04-22T21:10:03.442468+00:00,2026-04-22T21:21:25.965553+00:00,momentum,"Solana Up or Down - April 22, 5:10PM-5:15PM ET",UP,Up,2.0,0.53,,WIN,YES,1.773584905660377,Up,0x848126a73344879cd0988b2d278435ec5b84d4ae4565d37488740510d011ddb3,29129460578153711235538655170947520266363506339729897417226967972795399204505
2026-04-22T21:15:00.318887+00:00,2026-04-22T21:24:27.271398+00:00,momentum,"Bitcoin Up or Down - April 22, 5:15PM-5:20PM ET",UP,Up,2.0,0.51,,LOSS,NO,-2.0,Down,0x43b15b55284363398fd8bcbd39190ae03c826456afc4d55e64338b925e755e16,9781242037884533440663837517895615426109752190950842865047078486002457960419
2026-04-22T21:15:00.371389+00:00,2026-04-22T21:25:27.619357+00:00,momentum,"Ethereum Up or Down - April 22, 5:15PM-5:20PM ET",UP,Up,4.0,0.51,,WIN,YES,3.8431372549019605,Up,0xb42a124e78f1d4e6e5bc654bcab7f296832d99e5a51955b5088d8d81a8bfcc13,35219981294559843767264430068081728603462110200980888542546082301981767989109
2026-04-22T21:15:00.423209+00:00,2026-04-22T21:25:27.670266+00:00,momentum,"XRP Up or Down - April 22, 5:15PM-5:20PM ET",DOWN,Down,4.0,0.52,,LOSS,NO,-4.0,Up,0xfd1bfa36c32cc102ac181e8cc92a95419b65d37796e3b6d3738cf50ab8c001c7,6238214315359398573992644041942152867687295091473142682288483870940670533860
2026-04-22T21:15:10.041404+00:00,2026-04-22T21:25:27.833598+00:00,momentum,"Solana Up or Down - April 22, 5:15PM-5:20PM ET",DOWN,Down,2.0,0.53,,WIN,YES,1.773584905660377,Down,0xe3dffbc64af4e7b3ea4a8a1dd781b0f379fcc970f2eaad11cc8718a7f2db2498,14841902552719360241069484244153095173174176867927793745692067773453454649907
2026-04-22T21:20:01.210020+00:00,2026-04-22T21:30:29.312796+00:00,momentum,"XRP Up or Down - April 22, 5:20PM-5:25PM ET",DOWN,Down,8.0,0.54,,LOSS,NO,-8.0,Up,0xb5bfc4d9ed1f5787863487971ba03e6f0f6bffe64a0d8d6ddf1743445122602f,68009329920901292289378260413393622928419118247186927595938101234606189527384
2026-04-22T21:20:10.512042+00:00,2026-04-22T21:31:30.203747+00:00,momentum,"Ethereum Up or Down - April 22, 5:20PM-5:25PM ET",DOWN,Down,2.0,0.57,,LOSS,NO,-2.0,Up,0x26f1644f88216565125c5d8106a291fcb8ee69399b961be45b9d45cc9484c04a,44792251501555830941663729602426940705090111792599189082162627085534004111330
2026-04-22T21:20:10.622733+00:00,2026-04-22T21:31:30.391271+00:00,momentum,"Bitcoin Up or Down - April 22, 5:20PM-5:25PM ET",DOWN,Down,4.0,0.51,,WIN,YES,3.8431372549019605,Down,0x004c18820730603f267ff6e1c8781f906dedd6cad4fa1e6eb3f679185d001658,114767510451636567425691494168157288462113832646980560581252529684732980236091
2026-04-22T21:20:20.319289+00:00,2026-04-22T21:31:30.571177+00:00,momentum,"Solana Up or Down - April 22, 5:20PM-5:25PM ET",UP,Up,2.0,0.62,,WIN,YES,1.2258064516129035,Up,0x454c9210c3786f9b10558f322cdbad60c1bb0d0e07cb5f785f12a8be0e63a145,99519571477734940632542821787413090985502062421221798710029768600950059320399
2026-04-22T21:25:01.278726+00:00,2026-04-22T21:35:32.533001+00:00,momentum,"XRP Up or Down - April 22, 5:25PM-5:30PM ET",DOWN,Down,16.0,0.51,,WIN,YES,15.372549019607842,Down,0xeb91c59a91339f73c17309b72cc7ce1043221300a9342ece3782e5dc0d3f0b56,31627948788449552802431997030761407904578974251896953130309204393645330990004
2026-04-22T21:25:04.772484+00:00,2026-04-22T21:35:32.792729+00:00,momentum,"Ethereum Up or Down - April 22, 5:25PM-5:30PM ET",UP,Up,4.0,0.57,,LOSS,NO,-4.0,Down,0xcdaa8905ca7db3abe7ccf3e1e358b5079a778a5d9900bc92fa50d5be666e5491,36285014961605589823406892380593865260781418763209415154993884497563784716073
2026-04-22T21:25:04.672211+00:00,2026-04-22T21:36:33.074873+00:00,momentum,"Solana Up or Down - April 22, 5:25PM-5:30PM ET",UP,Up,2.0,0.53,,WIN,YES,1.773584905660377,Up,0x3af53ca648887eef3b92637e1b0029095dd5647e80e21ef0144981d5045e119a,26140527449067437451926286113714511789158821424368240807330074845583130212770
2026-04-22T21:25:01.148051+00:00,2026-04-22T21:37:33.390712+00:00,momentum,"Bitcoin Up or Down - April 22, 5:25PM-5:30PM ET",UP,Up,2.0,0.51,,WIN,YES,1.9215686274509802,Up,0x8a2565267eb0bf3be88926dad30471c5058a4f699a3ede497ca9122b014dd431,111372722671702817035912204003487667327026583291909164095405281816196452378953
2026-04-22T21:30:11.399965+00:00,2026-04-22T21:38:33.821885+00:00,momentum,"XRP Up or Down - April 22, 5:30PM-5:35PM ET",DOWN,Down,2.0,0.53,,LOSS,NO,-2.0,Up,0x1502db562eae71aac6c89df33f16ac815d3d593bb176c3101fc47058c6f1c33b,78223355572265757724873367720368711945396981244366783830348301606069235991840
2026-04-22T21:30:02.080013+00:00,2026-04-22T21:39:34.629397+00:00,momentum,"Ethereum Up or Down - April 22, 5:30PM-5:35PM ET",UP,Up,8.0,0.59,,WIN,YES,5.559322033898306,Up,0xeaf3167afbd61d922a094b062cb4b7805488313b0bbcd2f6e4e123d02f871dfb,20493077101273092832384848343547546216969738507583407204417838668300059607387
2026-04-22T21:30:02.129825+00:00,2026-04-22T21:39:34.807822+00:00,momentum,"Bitcoin Up or Down - April 22, 5:30PM-5:35PM ET",UP,Up,2.0,0.52,,WIN,YES,1.8461538461538458,Up,0x0db2b9cc2c00e92da9670870ef537bdb5131eef23c956ae2dded9f72c9363cdf,46003162337931914363148046315374341348561967047280937264271861225592614566595
2026-04-22T21:30:11.448385+00:00,2026-04-22T21:39:34.968140+00:00,momentum,"Solana Up or Down - April 22, 5:30PM-5:35PM ET",UP,Up,2.0,0.54,,WIN,YES,1.7037037037037033,Up,0x2035a5ee133caac8c27e0700b3ea6cb9405a5c1466ec1f096d4e1d22ced56727,54193835487269784713986616275045950867192641718609224231538113750765511281441
2026-04-22T21:35:01.769775+00:00,2026-04-22T21:44:38.386528+00:00,momentum,"XRP Up or Down - April 22, 5:35PM-5:40PM ET",DOWN,Down,4.0,0.52,,LOSS,NO,-4.0,Up,0x751f756b62fe5656eeef6b1506b729349e2698963b32f3d2ec23f3f5ddd3d7aa,46995210062168249786286935735694631465601793437587646375219783933656465452656
2026-04-22T21:35:08.200052+00:00,2026-04-22T21:44:38.578361+00:00,momentum,"Ethereum Up or Down - April 22, 5:35PM-5:40PM ET",DOWN,Down,2.0,0.51,,LOSS,NO,-2.0,Up,0x12732d3c46cc5bf8627ccd2b45650bcc191c5a813b4be9219b5a1bb61b267b19,48769578090155714264139866841316480107012089326904907697351984469073151285079
2026-04-22T21:35:01.702583+00:00,2026-04-22T21:45:38.394333+00:00,momentum,"Solana Up or Down - April 22, 5:35PM-5:40PM ET",DOWN,Down,2.0,0.54,,LOSS,NO,-2.0,Up,0xaffd7d7ab814e985c50078b0b66c7e3f3f30ea453cda0c828672a720517c0c32,25983630362575537316678521334332705983011659768223112295826794880202418842570
2026-04-22T21:35:08.145831+00:00,2026-04-22T21:45:38.442510+00:00,momentum,"Bitcoin Up or Down - April 22, 5:35PM-5:40PM ET",DOWN,Down,2.0,0.55,,LOSS,NO,-2.0,Up,0xdb5892c8ce47b72c3c6183541c13520ce6652227e96365cf91a797be61f84de2,1855514389078672125285178730299697405637887701118414667474736871764983057963
2026-04-22T21:40:02.611172+00:00,2026-04-22T21:50:41.560048+00:00,momentum,"Ethereum Up or Down - April 22, 5:40PM-5:45PM ET",DOWN,Down,4.0,0.53,,LOSS,NO,-4.0,Up,0xa6fdd6f8cf45533d791aa580e1cb0713ca3e1c287db932a567419cf45ae2c0ae,65481775800527150683723128371300506740283672448856157788363691181689471125314
2026-04-22T21:40:02.669746+00:00,2026-04-22T21:50:41.612422+00:00,momentum,"Solana Up or Down - April 22, 5:40PM-5:45PM ET",DOWN,Down,2.0,0.54,,LOSS,NO,-2.0,Up,0xd9b524d6187ee4761be9f947242d67fe4dd9faaf054460962796d2664b14d740,31944575903017484177708578442827452263536830720129232814448459116154117522596
2026-04-22T21:40:09.102438+00:00,2026-04-22T21:50:41.658128+00:00,momentum,"XRP Up or Down - April 22, 5:40PM-5:45PM ET",DOWN,Down,2.0,0.59,,LOSS,NO,-2.0,Up,0x8d371ece4dbc63d4dbe31bd8575c2c6b39225a290ed2dc127681cf9580ac3831,58594528825748588665879397811621346784712024478285996340580127332296397931358
2026-04-22T21:40:02.560329+00:00,2026-04-22T21:51:42.041260+00:00,momentum,"Bitcoin Up or Down - April 22, 5:40PM-5:45PM ET",DOWN,Down,4.0,0.51,,LOSS,NO,-4.0,Up,0x00de7af0965e6e53ee3dc7c200930581164ee9ea13147534928c03ebcaf33ddb,16583191059768055881744652740020620600908032223125755369025884409905785483307
2026-04-22T21:45:00.826978+00:00,2026-04-22T21:53:43.282248+00:00,momentum,"Ethereum Up or Down - April 22, 5:45PM-5:50PM ET",DOWN,Down,8.0,0.525,,WIN,YES,7.238095238095237,Down,0x60735963ba9487a975b76bcb4f69c61f104cb243db4633345b2f114cb8b876aa,87769211018171759776262764445674867735882853529800445474949875860232558842835
2026-04-22T21:45:02.953236+00:00,2026-04-22T21:53:43.330535+00:00,momentum,"Bitcoin Up or Down - April 22, 5:45PM-5:50PM ET",DOWN,Down,2.0,0.57,,LOSS,NO,-2.0,Up,0xb7ea113522fdb2665146e5358621072066ccfe667494466b299fbbf701a25ea4,15999695742785569096193567406347337270598206450429623114043862781679269837527
2026-04-22T21:45:03.010875+00:00,2026-04-22T21:54:43.549886+00:00,momentum,"Solana Up or Down - April 22, 5:45PM-5:50PM ET",DOWN,Down,4.0,0.52,,LOSS,NO,-4.0,Up,0x94f35bb32a60dc24576ba290ca500941fdfa0a97510f04d3811704e745f8b1e4,21245829001845352327975946758333238007312147330667912088845982880004462662699
2026-04-22T21:45:09.212803+00:00,2026-04-22T21:56:43.950968+00:00,momentum,"XRP Up or Down - April 22, 5:45PM-5:50PM ET",DOWN,Down,4.0,0.51,,WIN,YES,3.8431372549019605,Down,0x71b2e0a0ef0b38ce3e65de20675029b2c63a802e3c455012f852755918ae5360,68870167133999982228178446760774059721556947223892215563546362254781068138115
2026-04-22T21:50:02.778968+00:00,2026-04-22T21:59:46.753000+00:00,momentum,"Bitcoin Up or Down - April 22, 5:50PM-5:55PM ET",DOWN,Down,2.0,0.58,,WIN,YES,1.4482758620689657,Down,0x660979354e2be36fefaa53f183621781f69c4a91d9968342fec25b6609f2b285,36876745689862925432584995294865269257055626987751864373773581475797389709987
2026-04-22T21:50:02.727905+00:00,2026-04-22T22:00:46.982978+00:00,momentum,"XRP Up or Down - April 22, 5:50PM-5:55PM ET",DOWN,Down,2.0,0.56,,WIN,YES,1.5714285714285712,Down,0xf7d1f37ee114ea8c3c6622cafb94590ad408460ef920c92982db58368ec0fafa,89761914942315288445152186198371886978297844165517137890587072034478229265704
2026-04-22T21:50:02.827890+00:00,2026-04-22T22:00:47.144996+00:00,momentum,"Solana Up or Down - April 22, 5:50PM-5:55PM ET",DOWN,Down,4.0,0.54,,WIN,YES,3.4074074074074066,Down,0x692780f7e52470873693558bfffcf9075c1f56d696d3771705fe67001c7b11ff,64536309773812602827474239210692088874321925749896121451288740828728222618594
2026-04-22T21:50:02.883057+00:00,2026-04-22T22:00:47.306248+00:00,momentum,"Ethereum Up or Down - April 22, 5:50PM-5:55PM ET",DOWN,Down,2.0,0.55,,WIN,YES,1.6363636363636362,Down,0x9b07069ede289f9996a7c72509f56bff867968f626c55a38aedb47b5a67211e4,60862256922657479766232709587917108408935833312066692450535661249711773672112
2026-04-22T21:55:01.082128+00:00,2026-04-22T22:05:49.798688+00:00,momentum,"Bitcoin Up or Down - April 22, 5:55PM-6:00PM ET",DOWN,Down,2.0,0.525,,LOSS,NO,-2.0,Up,0x6691a9e899ccce40ce8ecac6223bce0cef9bca9c1e61fdf2d386d4f8674af761,107244834324600945165614985394446350811617503020939373120539242690032975286889
2026-04-22T21:55:02.226524+00:00,2026-04-22T22:05:49.839613+00:00,momentum,"XRP Up or Down - April 22, 5:55PM-6:00PM ET",DOWN,Down,2.0,0.52,,LOSS,NO,-2.0,Up,0xff8fa131f7818d267f5af61574800cb2c789bc9d73c2849e9e5b20ebe3e0dacd,81226226771112270347940963384860664636566429162582166887622745355843157134366
2026-04-22T21:55:02.280179+00:00,2026-04-22T22:05:49.880708+00:00,momentum,"Solana Up or Down - April 22, 5:55PM-6:00PM ET",DOWN,Down,2.0,0.54,,LOSS,NO,-2.0,Up,0x9fd85114f40ed73d5632345238907049f702a8e7beddf72fa5aa462d05931367,53385726989022272043982625629033870890853564626280588586115142822968255251670
2026-04-22T21:55:01.020220+00:00,2026-04-22T22:06:49.975691+00:00,momentum,"Ethereum Up or Down - April 22, 5:55PM-6:00PM ET",DOWN,Down,2.0,0.51,,LOSS,NO,-2.0,Up,0xce1bff1a56b6d198422dd683c5fc5e405d6d601d057df17b092ea1a94b2974a7,34766756041430210366405563938414532701898360482581802732912259066022353833512
2026-04-22T22:00:00.088155+00:00,2026-04-22T22:08:51.506171+00:00,momentum,"Ethereum Up or Down - April 22, 6:00PM-6:05PM ET",DOWN,Down,4.0,0.51,,WIN,YES,3.8431372549019605,Down,0xb41bdf1ad99318a33000fef6d317c4053e4e1e51da79a0adb5f9d394d80387c3,16027318183073629956832308305901616156721695248986592586623623631490781484886
2026-04-22T22:00:00.143126+00:00,2026-04-22T22:08:51.675964+00:00,momentum,"Solana Up or Down - April 22, 6:00PM-6:05PM ET",DOWN,Down,4.0,0.51,,WIN,YES,3.8431372549019605,Down,0x6068814e06693c3f74d7d49621da3cea963fc66ffeb4dd5fa1a3a36ef157b0f2,12581381253127305515690904213046159683160981786872169248021179488972865740688
2026-04-22T22:00:00.196961+00:00,2026-04-22T22:09:52.071940+00:00,momentum,"XRP Up or Down - April 22, 6:00PM-6:05PM ET",DOWN,Down,2.0,0.51,,WIN,YES,1.9215686274509802,Down,0xdf39a38781f72217b8edc53f756056b3039beb94fb49de7b14e89874fa95e690,109319662193114724740296482796223655266821775040933769942015581601984191832648
2026-04-22T22:00:01.256185+00:00,2026-04-22T22:09:52.243152+00:00,momentum,"Bitcoin Up or Down - April 22, 6:00PM-6:05PM ET",DOWN,Down,4.0,0.64,,WIN,YES,2.25,Down,0xea9cac05b786c40d96c0174973c9f5e864c1fbf16e602e09dacbd56ae1f95f74,178337793450192000272634238264000713132273602667429947091770120821545296367
2026-04-22T22:05:02.059298+00:00,2026-04-22T22:14:55.086286+00:00,momentum,"Bitcoin Up or Down - April 22, 6:05PM-6:10PM ET",UP,Up,2.0,0.58,,WIN,YES,1.4482758620689657,Up,0xf340316eee8a9dcf09c70f402b8363573f0ae532bb0836ded1c3570f27e266f6,67644076382187432445328996410257759212665466073667511087261307375191861790215
2026-04-22T22:05:08.464334+00:00,2026-04-22T22:14:55.719666+00:00,momentum,"Solana Up or Down - April 22, 6:05PM-6:10PM ET",UP,Up,2.0,0.51,,WIN,YES,1.9215686274509802,Up,0x593d37e72518212f6e2a899f58448fd1a8892b4be9f12e69089a4c10ab6b59f9,45458737661139919937267971046326445456711823041453898764976559520364797424306
2026-04-22T22:05:02.117309+00:00,2026-04-22T22:15:55.715774+00:00,momentum,"XRP Up or Down - April 22, 6:05PM-6:10PM ET",UP,Up,2.0,0.51,,WIN,YES,1.9215686274509802,Up,0x861e2240b8a5ad406d9b8d39cb87104a9308f629d026f1e43f3d976f872792b9,67384414045541024323513012269000246386903212188214855880719997763860407371622
2026-04-22T22:05:02.172748+00:00,2026-04-22T22:15:55.884648+00:00,momentum,"Ethereum Up or Down - April 22, 6:05PM-6:10PM ET",UP,Up,2.0,0.54,,WIN,YES,1.7037037037037033,Up,0x3c97d901670e6796baf812ae2a17a44b6d189446de2f6474bcbdf78efb29ed7e,35875847956466052965917190238150928328504829253359826132251721233456669863469
2026-04-22T22:10:00.701038+00:00,2026-04-22T22:20:58.395280+00:00,momentum,"XRP Up or Down - April 22, 6:10PM-6:15PM ET",UP,Up,2.0,0.99,,LOSS,NO,-2.0,Down,0xac6443e3b9334237435f0ca4482e669ea2ea90abd902a40d8b69aefa15b902a8,62684664939226793620377840877569448091133856611321246706361745445094703500507
2026-04-22T22:10:00.756179+00:00,2026-04-22T22:20:58.541028+00:00,momentum,"Bitcoin Up or Down - April 22, 6:10PM-6:15PM ET",DOWN,Down,2.0,0.52,,WIN,YES,1.8461538461538458,Down,0x76a3ebcd0bca98dd372b00ed13755b10deaa0d76094a9e596cdffca2ba585a9e,62025796367243784459668061564843935721705735842540909644847074012327410752245
2026-04-22T22:10:00.832590+00:00,2026-04-22T22:20:58.684116+00:00,momentum,"Solana Up or Down - April 22, 6:10PM-6:15PM ET",DOWN,Down,2.0,0.52,,WIN,YES,1.8461538461538458,Down,0xa0611339bc5e4c68c917f0158020bf460b7bab48fed6205a48e53ae5d4673da2,1835481726344262964863828807057623037009698775118127799335120478231609820151
2026-04-22T22:10:00.642864+00:00,2026-04-22T22:21:59.074872+00:00,momentum,"Ethereum Up or Down - April 22, 6:10PM-6:15PM ET",DOWN,Down,2.0,0.54,,WIN,YES,1.7037037037037033,Down,0x28a9a05c36111005a8e9aea9469f5f68929a7c69b9810d5e34c9c30d4142df70,936897389040308407990260810317421333033905083087387126008936013629777162760
2026-04-22T22:15:04.465067+00:00,2026-04-22T22:27:02.119139+00:00,momentum,"Bitcoin Up or Down - April 22, 6:15PM-6:20PM ET",DOWN,Down,2.0,0.51,,WIN,YES,1.9215686274509802,Down,0x61dfef5bfabde45ad2d5e4aa4e277f90fc1f92962656f9f9f416314dbd37aac3,34967600483341785077746078264883483589534885463924403547748435443362595643658
2026-04-22T22:15:04.565776+00:00,2026-04-22T22:27:02.445781+00:00,momentum,"XRP Up or Down - April 22, 6:15PM-6:20PM ET",DOWN,Down,4.0,0.51,,WIN,YES,3.8431372549019605,Down,0x0bbadcc309cc95bbd6db39d27c613511beea7a2e15853699414fc645ae1da880,97322982768736174041308433800245674235407511181277103579977533196475542784838
2026-04-22T22:15:01.297763+00:00,2026-04-22T22:28:02.403707+00:00,momentum,"Ethereum Up or Down - April 22, 6:15PM-6:20PM ET",DOWN,Down,2.0,0.52,,WIN,YES,1.8461538461538458,Down,0x5c6e0b4ee9ace9921425cf4bf1f48ac043af2c1f370ad13dc4cb1c7d72be044f,52281039757620578214337805014156347118240030619986186161232844772652346516531
2026-04-22T22:15:04.514347+00:00,2026-04-22T22:28:02.606300+00:00,momentum,"Solana Up or Down - April 22, 6:15PM-6:20PM ET",DOWN,Down,2.0,0.51,,WIN,YES,1.9215686274509802,Down,0xc62fa3c2c0657b3b64167559a7254359a3e4abd914a76685b7a17ebf52e0346c,106240714658103986331833504519945800951953700028361266048922511914929556362390
2026-04-22T22:20:52.458747+00:00,2026-04-22T22:30:03.833816+00:00,momentum,"Solana Up or Down - April 22, 6:20PM-6:25PM ET",DOWN,Down,2.0,0.59,,WIN,YES,1.3898305084745766,Down,0x89c4fba1987ce11fd05801a32513a817dba673d687d2b1a9793614147b74a8eb,41109929556196966200042702769293566909966260955936180695287669943324315204375
2026-04-22T22:20:02.636200+00:00,2026-04-22T22:31:03.589645+00:00,momentum,"Bitcoin Up or Down - April 22, 6:20PM-6:25PM ET",UP,Up,2.0,0.51,,LOSS,NO,-2.0,Down,0x8be2ebedf887c1bcc57c7e093a97fd7696a8e8f3e981b84e1f7d03e63fdfcedc,1893863283904209443856210872948273086163324796041425338653723611262574815434
2026-04-22T22:20:02.688175+00:00,2026-04-22T22:31:03.768850+00:00,momentum,"XRP Up or Down - April 22, 6:20PM-6:25PM ET",UP,Up,2.0,0.52,,WIN,YES,1.8461538461538458,Up,0x2ccc9b7980a43224f11974c61543d03e9d57e3c7abe625fc215fc439449a77a6,34437423639054701273142008591562622821700843520720071543037825801086455141124
2026-04-22T22:20:05.820096+00:00,2026-04-22T22:31:03.929589+00:00,momentum,"Ethereum Up or Down - April 22, 6:20PM-6:25PM ET",DOWN,Down,2.0,0.57,,WIN,YES,1.5087719298245617,Down,0x309d5115d5baec206ae9bea9ffa450c23f70bc093199331cf7c0b97777a71141,57881365245190338812131974391442930975625520207952149633454931422688249152715
2026-04-22T22:25:05.994674+00:00,2026-04-22T22:35:05.170609+00:00,momentum,"Ethereum Up or Down - April 22, 6:25PM-6:30PM ET",DOWN,Down,2.0,0.56,,WIN,YES,1.5714285714285712,Down,0xb0ffb877f43b209d6d2277d91656e2319f950c61415ab4e6aa663a4ba4548b41,33520413749281269997104987649613601433426203658412631575937497827479586384690
2026-04-22T22:25:02.761723+00:00,2026-04-22T22:36:05.298709+00:00,momentum,"Bitcoin Up or Down - April 22, 6:25PM-6:30PM ET",UP,Up,4.0,0.51,,LOSS,NO,-4.0,Down,0x987683d35b01aed551c8ccff5903c88cede9c9265a10708b99043484c4d8c914,58148265059238013675652915616743396044808226719546713872465254236188085706630
2026-04-22T22:25:02.813435+00:00,2026-04-22T22:37:05.691806+00:00,momentum,"XRP Up or Down - April 22, 6:25PM-6:30PM ET",UP,Up,2.0,0.51,,LOSS,NO,-2.0,Down,0x3edeb5496ecffd95aef3066f026f454bbaa8eee223d457cac2c0a1164193384a,48914656544463518193446238745341054276691058000930198960173286274107881928668
2026-04-22T22:25:09.230199+00:00,2026-04-22T22:37:05.860003+00:00,momentum,"Solana Up or Down - April 22, 6:25PM-6:30PM ET",DOWN,Down,2.0,0.54,,WIN,YES,1.7037037037037033,Down,0x751e7561f4a02994dfae480ab9d660a6fca020eb9b24c67fe69b093d2ee6824c,113573459612177365772653749629345351990460628368860929996333316368332773476116
2026-04-22T22:30:02.694205+00:00,2026-04-22T22:39:06.905633+00:00,momentum,"Bitcoin Up or Down - April 22, 6:30PM-6:35PM ET",UP,Up,8.0,0.54,,LOSS,NO,-8.0,Down,0x3c3ed56f33e4ccd7a73bb1e75859a4209a38e4eb089714cfa4ce43b0b8e3dd81,114813225964396659400108289946066556474823429973003153061667831758141680531562
2026-04-22T22:30:02.763245+00:00,2026-04-22T22:39:06.947630+00:00,momentum,"Ethereum Up or Down - April 22, 6:30PM-6:35PM ET",UP,Up,2.0,0.53,,LOSS,NO,-2.0,Down,0x97989e16f35ee369f0b0d979275c136c6a08781c12afd84d71bbb7535dde9add,93006848619923372489729463215129139771389741975316291950670704409284852257312
2026-04-22T22:30:02.831338+00:00,2026-04-22T22:39:07.113058+00:00,momentum,"Solana Up or Down - April 22, 6:30PM-6:35PM ET",UP,Up,2.0,0.52,,WIN,YES,1.8461538461538458,Up,0x2061a6c654b8a6dca39cdf47baa166f9590f2682c708bc950ed0cbf302f70176,56310703781246889346728203858703480637980215374022878125867390774853630861096
2026-04-22T22:30:09.136236+00:00,2026-04-22T22:40:07.618498+00:00,momentum,"XRP Up or Down - April 22, 6:30PM-6:35PM ET",DOWN,Down,4.0,0.58,,WIN,YES,2.8965517241379315,Down,0xcede48db253fb05c2b5082fd80bceeedc4ba2f286ae348327d22f15f6202c261,108347267442479600258526298252015287040491685728950047691407013801041572642702
2026-04-22T22:35:02.420337+00:00,2026-04-22T22:44:09.838662+00:00,momentum,"Bitcoin Up or Down - April 22, 6:35PM-6:40PM ET",UP,Up,2.0,0.53,,WIN,YES,1.773584905660377,Up,0x2bd797c310dd5dfdd8f088ddbaa5eee8eb8dbda17272d140c965339d1ba38163,55377643000664538390146769854356494352854449311602302106761480636574779706145
2026-04-22T22:35:00.845904+00:00,2026-04-22T22:45:09.966239+00:00,momentum,"Solana Up or Down - April 22, 6:35PM-6:40PM ET",UP,Up,2.0,0.51,,WIN,YES,1.9215686274509802,Up,0x2bea5339af18b47fbd9b0206f989cead2b95df4974eadc0cbf67610d806e47c4,4589481925865090287154183756199332938219168647571531566080295361142392858631
2026-04-22T22:35:02.498217+00:00,2026-04-22T22:45:10.174477+00:00,momentum,"Ethereum Up or Down - April 22, 6:35PM-6:40PM ET",DOWN,Down,4.0,0.55,,WIN,YES,3.2727272727272725,Down,0x122e622ca43603e6e5a581306734b8c3d973c054d31f805a7188095d70ae6d1b,40917741091811462541455795425483857074705249645143969429560169999885219894819
2026-04-22T22:35:07.466068+00:00,2026-04-22T22:45:10.391779+00:00,momentum,"XRP Up or Down - April 22, 6:35PM-6:40PM ET",UP,Up,2.0,0.53,,WIN,YES,1.773584905660377,Up,0x2f4d06ce6c40f3194089e0a4ad07d6e9ab3023a234d9c3320b7c36fd720d095f,835456732398634109909040855359329493937095454884546165822429119772529351971
2026-04-22T22:40:03.077698+00:00,2026-04-22T22:51:13.235920+00:00,momentum,"Ethereum Up or Down - April 22, 6:40PM-6:45PM ET",UP,Up,2.0,0.59,,WIN,YES,1.3898305084745766,Up,0x11d60eae5252859f77900422bde9f2b7152fb148bf93fd42ea558e014eff8cd3,1438328029641028243178909823761438750970038922001661526879777595715125011813
2026-04-22T22:40:03.142164+00:00,2026-04-22T22:51:13.287869+00:00,momentum,"Bitcoin Up or Down - April 22, 6:40PM-6:45PM ET",UP,Up,2.0,0.52,,LOSS,NO,-2.0,Down,0x0a88d1ea4b1d3cab7bd9091616e990916f64947ddb40593d7e9d9db0677fcceb,36852146733144984417755663326283008144118163263250154097809010276661330204535
2026-04-22T22:40:06.352049+00:00,2026-04-22T22:51:13.459480+00:00,momentum,"XRP Up or Down - April 22, 6:40PM-6:45PM ET",DOWN,Down,2.0,0.51,,WIN,YES,1.9215686274509802,Down,0x45c804e8a9ece74b99c609c54c900bdeb02c13839dced64eb983ab78d87d0332,114714089718580069291604663939014021286650332525497599100732106919250931570261
2026-04-22T22:40:19.642156+00:00,2026-04-22T22:51:13.650392+00:00,momentum,"Solana Up or Down - April 22, 6:40PM-6:45PM ET",DOWN,Down,2.0,0.54,,WIN,YES,1.7037037037037033,Down,0x7691917e9fd2932fef67a720b9a5221235f9a7e863008291f201bce30f00b8b3,77938837829791810447674118849996318491129407584676690067891404863104641245918
2026-04-22T22:45:07.425726+00:00,2026-04-22T22:53:15.506605+00:00,momentum,"Bitcoin Up or Down - April 22, 6:45PM-6:50PM ET",DOWN,Down,4.0,0.64,,WIN,YES,2.25,Down,0x2345fe6929a02fb196df23bcfcefa959be93664418ff36599a182d9ba1f01e28,87563650478712948774916203816559388319502554142362871725539366845686680588058
2026-04-22T22:45:00.992550+00:00,2026-04-22T22:54:16.026387+00:00,momentum,"Ethereum Up or Down - April 22, 6:45PM-6:50PM ET",DOWN,Down,2.0,0.56,,WIN,YES,1.5714285714285712,Down,0x0d8e81c4f8d7cb8a876d4b1e5385d24cde111dcfc083ffe558a90080f7d9ea74,7567196235473071363425827588663542349240535919233063953236145240863519966315
2026-04-22T22:45:01.050814+00:00,2026-04-22T22:54:16.071632+00:00,momentum,"XRP Up or Down - April 22, 6:45PM-6:50PM ET",UP,Up,2.0,0.51,,LOSS,NO,-2.0,Down,0x83ffa9a3015503a4b3fa8fc4d4dbafa1d712510f0464f9d3a6841f505466d02b,84179167107704538877644138947591995719087844324883432950333228139330003126243
2026-04-22T22:45:12.488089+00:00,2026-04-22T22:54:16.242700+00:00,momentum,"Solana Up or Down - April 22, 6:45PM-6:50PM ET",DOWN,Down,2.0,0.58,,WIN,YES,1.4482758620689657,Down,0xf31e81fe12c994dd9e06c0f783c4301d6cbcb5d21a85e10400a6f6520ca902f7,7900230264526567883207260168296982240889242323361884830184474280948923419180
2026-04-22T22:50:00.719102+00:00,2026-04-22T23:00:20.297726+00:00,momentum,"Bitcoin Up or Down - April 22, 6:50PM-6:55PM ET",UP,Up,2.0,0.54,,WIN,YES,1.7037037037037033,Up,0x16971dc353331130796d4edc4b75880594efe66057b7b04a95819247f8d16413,101446164888807164161862193458529039628609845750091107148125881527553905105378
2026-04-22T22:50:00.874920+00:00,2026-04-22T23:00:20.628352+00:00,momentum,"XRP Up or Down - April 22, 6:50PM-6:55PM ET",UP,Up,2.0,0.59,,WIN,YES,1.3898305084745766,Up,0x01ab431a76f8be91372fedaffb2e62fd4cf28d0f913d0643b7f56e19a95015bc,9458896257202583926322283864136295731431420456418034137628413038820913936038
2026-04-22T22:50:00.797625+00:00,2026-04-22T23:01:20.948620+00:00,momentum,"Solana Up or Down - April 22, 6:50PM-6:55PM ET",UP,Up,2.0,0.59,,WIN,YES,1.3898305084745766,Up,0xea0c0bf2694f8bbf62f789f2f4ef238d0c201321cce58470e26c16a4b56c7977,14587994553229911832595117065497027439598437027035738651811292791602256898795
2026-04-22T22:50:00.943715+00:00,2026-04-22T23:01:21.142140+00:00,momentum,"Ethereum Up or Down - April 22, 6:50PM-6:55PM ET",UP,Up,2.0,0.6,,WIN,YES,1.3333333333333335,Up,0xb7033555fc18679a8df16c69d57713b70cd622427d05bbd2b28ef09331d47339,57062630940205234096616241246267774276975743865052329925881104096355103112309
2026-04-22T22:55:04.043552+00:00,2026-04-22T23:05:23.540560+00:00,momentum,"Solana Up or Down - April 22, 6:55PM-7:00PM ET",UP,Up,2.0,0.57,,WIN,YES,1.5087719298245617,Up,0x260f07516551ecede43c1e1c9df262d9e83e59b2395eeb8ef3b111f5202cb014,71684157655189032068572282192760913730769617780907718937295756576678829454715
2026-04-22T22:55:00.681452+00:00,2026-04-22T23:06:23.922338+00:00,momentum,"Ethereum Up or Down - April 22, 6:55PM-7:00PM ET",UP,Up,2.0,0.55,,WIN,YES,1.6363636363636362,Up,0x22dd69671c776a4c47ac1dd1f0f48ccb79e6f0af91e284707061b228a4bfb2b3,59855842185494636715965990447739748493865529492771016751443104892931224308218
2026-04-22T22:55:00.737103+00:00,2026-04-22T23:06:24.086294+00:00,momentum,"XRP Up or Down - April 22, 6:55PM-7:00PM ET",UP,Up,2.0,0.51,,WIN,YES,1.9215686274509802,Up,0x7b57b47a680a2ac46a235647e6377cfe3a3ce0c550716704e93ff5be4d12c3b6,76372116570784843612673700843642649656262920945499917242005460910239598288566
2026-04-22T22:55:00.790377+00:00,2026-04-22T23:06:24.249957+00:00,momentum,"Bitcoin Up or Down - April 22, 6:55PM-7:00PM ET",UP,Up,2.0,0.53,,WIN,YES,1.773584905660377,Up,0xb3a86d9a2429f6ee5e48abc9524439d7292bdc251f6870f94219edcbc81560f4,70871967740615237008076248233592124332407573951356319486721893484407746315423
2026-04-22T23:00:01.892696+00:00,2026-04-22T23:08:25.898276+00:00,momentum,"Bitcoin Up or Down - April 22, 7:00PM-7:05PM ET",DOWN,Down,2.0,0.56,,WIN,YES,1.5714285714285712,Down,0xa244c2de656d204cf5cbc826a1b85a614bbe1fe0684c74904be1cc890e8a4a75,15725622203398160495280697825516511457624148446559281849608938728629253828327
2026-04-22T23:00:00.833663+00:00,2026-04-22T23:09:26.196113+00:00,momentum,"XRP Up or Down - April 22, 7:00PM-7:05PM ET",UP,Up,2.0,0.515,,LOSS,NO,-2.0,Down,0x85cc6e6c5be5111e25f4da0ea8fded8ec4edea84d466e9bf5f04840182b37e48,85573054081242064625575607534160365571824348510198659814250565787968004769870
2026-04-22T23:00:02.008035+00:00,2026-04-22T23:09:26.506687+00:00,momentum,"Solana Up or Down - April 22, 7:00PM-7:05PM ET",DOWN,Down,2.0,0.51,,WIN,YES,1.9215686274509802,Down,0x2e0e7baa16018bcc54b5980d1521db403b3b8965eef7a12d8dbc85e38f4c3936,64047481029167193720985766342270523275711341434288382425901093147547969830704
2026-04-22T23:00:01.953122+00:00,2026-04-22T23:10:27.089951+00:00,momentum,"Ethereum Up or Down - April 22, 7:00PM-7:05PM ET",DOWN,Down,2.0,0.6,,WIN,YES,1.3333333333333335,Down,0x6219a42a5e7d0625c653c37db76d3787d3d26ef2fb7a3d8029b68550c5727872,68611527102693659238189776133130747721399566352240607649021461094314739650905
2026-04-22T23:05:01.306326+00:00,2026-04-22T23:15:31.430564+00:00,momentum,"Ethereum Up or Down - April 22, 7:05PM-7:10PM ET",UP,Up,2.0,0.51,,WIN,YES,1.9215686274509802,Up,0x6e8fd545fd885b615e00b70952c49a46a89e6b8625d4af7ddd85c0ba5734f171,83462430154700707531442741624486392412767050505390938131430305541434588011780
2026-04-22T23:05:01.377795+00:00,2026-04-22T23:15:31.587068+00:00,momentum,"Solana Up or Down - April 22, 7:05PM-7:10PM ET",UP,Up,2.0,0.55,,WIN,YES,1.6363636363636362,Up,0x9865122bf8ba7838c258b0221e85a99fd460f6ad8f2460e07cb951ef24756903,22806568176570608188152263328131113547050300938468096168398822103497819973518
2026-04-22T23:05:01.454788+00:00,2026-04-22T23:15:31.745722+00:00,momentum,"Bitcoin Up or Down - April 22, 7:05PM-7:10PM ET",UP,Up,2.0,0.52,,WIN,YES,1.8461538461538458,Up,0xe718f96652b0123ed430993507ab3c4ee80c8abdd0c8ab1da400598c289d12cf,205091585090335046906362134601346455643674030564966040128345803491463052583
2026-04-22T23:05:01.512368+00:00,2026-04-22T23:15:31.901879+00:00,momentum,"XRP Up or Down - April 22, 7:05PM-7:10PM ET",UP,Up,4.0,0.52,,WIN,YES,3.6923076923076916,Up,0x31b62c4c92ac5116a2b584ed4546a68bc695cfd117c3f5864953d7d493a1fbfc,73805346087768428296386567064289230092189183524543863656811940186229739986170
2026-04-22T23:10:02.940442+00:00,2026-04-22T23:21:35.481077+00:00,momentum,"Bitcoin Up or Down - April 22, 7:10PM-7:15PM ET",UP,Up,2.0,0.51,,WIN,YES,1.9215686274509802,Up,0x9dee8df112a0905c82f2ce8c5f27c64c20fe1459f98171eeaf1955dd8126c6ee,74993693690369654565210995274597484778733891276608701640096708792536739651294
2026-04-22T23:10:02.991551+00:00,2026-04-22T23:21:35.628976+00:00,momentum,"Ethereum Up or Down - April 22, 7:10PM-7:15PM ET",UP,Up,2.0,0.53,,WIN,YES,1.773584905660377,Up,0xa0ead1e33649a6380a1b430929000bfcc2a585ab5863e5dbe4f7511b80397555,39605282240438372957427937995888295941390869860601864004493843268459582999961
2026-04-22T23:10:06.118297+00:00,2026-04-22T23:21:35.791784+00:00,momentum,"Solana Up or Down - April 22, 7:10PM-7:15PM ET",DOWN,Down,2.0,0.51,,WIN,YES,1.9215686274509802,Down,0x5ad24bdf9e5011c449433d12e88d588343d2619b0c78700cd93e75a91634d0c8,90247394995600121151609146676772006788619829077956926138103239824912155956832
2026-04-22T23:10:12.446775+00:00,2026-04-22T23:21:35.936373+00:00,momentum,"XRP Up or Down - April 22, 7:10PM-7:15PM ET",DOWN,Down,2.0,0.56,,WIN,YES,1.5714285714285712,Down,0xb18a6ae5cb2dec69162431982b31b82387b95afe13fcf6c8e65a942fe04cdb44,29369197193949347383217703534190839795890944946537788467785671358197778123803
2026-04-22T23:15:03.636405+00:00,2026-04-22T23:23:36.893460+00:00,momentum,"XRP Up or Down - April 22, 7:15PM-7:20PM ET",DOWN,Down,2.0,0.59,,WIN,YES,1.3898305084745766,Down,0xc8861e5fabb5abb444d761d80bbf93f8d1fb593c67af6b3ead006c9367ed139a,79943590613833838835788092521045640787856809313347941622329870126865067542130
2026-04-22T23:15:03.580919+00:00,2026-04-22T23:24:36.451855+00:00,momentum,"Bitcoin Up or Down - April 22, 7:15PM-7:20PM ET",UP,Up,2.0,0.51,,LOSS,NO,-2.0,Down,0xb170d2fabb65f4534da768410f8b09030a8a5c2155b316383e3b2aefd384ed01,14244132255580705669601292214001731152217145664417315488701966092527824213403
2026-04-22T23:15:19.402474+00:00,2026-04-22T23:24:36.604069+00:00,momentum,"Ethereum Up or Down - April 22, 7:15PM-7:20PM ET",DOWN,Down,2.0,0.53,,WIN,YES,1.773584905660377,Down,0x260cba36a0da1e6a2b1be60894444e04b57f5dc7691c4c99bc1920f56d78fa62,78154008976680042593349292111945426046511025373164887762561709825997944179714
2026-04-22T23:15:46.335999+00:00,2026-04-22T23:24:36.645834+00:00,momentum,"Solana Up or Down - April 22, 7:15PM-7:20PM ET",UP,Up,2.0,0.56,,LOSS,NO,-2.0,Down,0x546337533c0c8457fe1e289ac953b3618d1d7e16d1ad287a6b5efccca01d60f4,42455714525595829880981389813193268257414178593266922406909588117719820224219
2026-04-22T23:20:02.904978+00:00,2026-04-22T23:29:38.416992+00:00,momentum,"Ethereum Up or Down - April 22, 7:20PM-7:25PM ET",DOWN,Down,2.0,0.6,,WIN,YES,1.3333333333333335,Down,0xd870da49e3da40b97eaa9d9772da5be8b19aedfb24607e650f6938616de79314,103922319605132413734227515141606841658810570567028548631165671996031518681748
2026-04-22T23:20:06.117976+00:00,2026-04-22T23:29:38.579294+00:00,momentum,"XRP Up or Down - April 22, 7:20PM-7:25PM ET",DOWN,Down,2.0,0.56,,WIN,YES,1.5714285714285712,Down,0x8db95478f57179e050ff61320cef33520fde30c615af8f919e692854d8ea1967,42084700369609230742299875336854145144735075572051860527804100988990110391095
2026-04-22T23:20:09.318415+00:00,2026-04-22T23:29:38.732809+00:00,momentum,"Solana Up or Down - April 22, 7:20PM-7:25PM ET",DOWN,Down,4.0,0.64,,WIN,YES,2.25,Down,0x2e7cd70c55e50c2fae35580ceaa435340050ac89466c8c609678332de877ea56,60661478052318891013288677918202887102343667979589891448932699753512309297064
2026-04-22T23:20:02.843336+00:00,2026-04-22T23:30:39.413192+00:00,momentum,"Bitcoin Up or Down - April 22, 7:20PM-7:25PM ET",DOWN,Down,4.0,0.56,,WIN,YES,3.1428571428571423,Down,0xe4f1df98a1b3dd5667e5195954638382dffad985dbb1a265633b54b90057f3a9,23291595429153471127269732310152904848849736831193964169245990201622267083347
2026-04-22T23:25:02.639463+00:00,2026-04-22T23:35:41.888534+00:00,momentum,"XRP Up or Down - April 22, 7:25PM-7:30PM ET",DOWN,Down,2.0,0.59,,LOSS,NO,-2.0,Up,0x4d89f907e863304f6225a0742dd9538bcdf110bda6c68d93c30001cb99d51adb,4757575582391429224484020065627884012158457488277336366765307718259664793979
2026-04-22T23:25:05.860426+00:00,2026-04-22T23:35:42.043768+00:00,momentum,"Solana Up or Down - April 22, 7:25PM-7:30PM ET",UP,Up,2.0,0.6,,WIN,YES,1.3333333333333335,Up,0x36031a4985c5d3862b715ae890cbeb32c885bc01b097a2d7825b6b90f8fcbcef,30307595853611411572491479572739987324557970993768245070078335202353470102514
2026-04-22T23:25:02.460993+00:00,2026-04-22T23:36:42.760674+00:00,momentum,"Ethereum Up or Down - April 22, 7:25PM-7:30PM ET",UP,Up,2.0,0.53,,WIN,YES,1.773584905660377,Up,0xc5834a03c3d9820eef9592c8652320241ad72d24dfaeb2018545b8e8a96a9011,53594196526122698947497239755607795599164219488839418250206186397760975093473
2026-04-22T23:25:02.545727+00:00,2026-04-22T23:36:42.926022+00:00,momentum,"Bitcoin Up or Down - April 22, 7:25PM-7:30PM ET",UP,Up,2.0,0.52,,WIN,YES,1.8461538461538458,Up,0xe95dacd436e7bc271fa879b4e778ceb9cce8a26e110e21df59e1b39566d2797b,77949356496333619620748172102775665273644111635417143987267997068648239838983
2026-04-22T23:30:02.661970+00:00,2026-04-22T23:42:46.367471+00:00,momentum,"Ethereum Up or Down - April 22, 7:30PM-7:35PM ET",UP,Up,2.0,0.52,,LOSS,NO,-2.0,Down,0xd7d897ebdeae3eb5a99f50b0b4aef5a7e2d920a411d9e7c932b9307ade5ab63d,69583820772287629763379616950307098276688082637601434139106058901615440301653
2026-04-22T23:30:05.921178+00:00,2026-04-22T23:42:46.888702+00:00,momentum,"Bitcoin Up or Down - April 22, 7:30PM-7:35PM ET",DOWN,Down,2.0,0.67,,WIN,YES,0.9850746268656714,Down,0x20ac94f727cc0ae5ca446248b74553cf50451010ac81ab8c01e995fff0e80808,12375410924005523649678048308076704175573031127239607911233520095349646748393
2026-04-22T23:30:02.735767+00:00,2026-04-22T23:43:47.115213+00:00,momentum,"Solana Up or Down - April 22, 7:30PM-7:35PM ET",UP,Up,2.0,0.51,,LOSS,NO,-2.0,Down,0xb5f15c2c8de707a9193a17a991f94e1793f01ee66acce7127269914d825eb1ef,109566525033702791096859229865144260359335478815599747300558658904064835392574
2026-04-22T23:30:02.795338+00:00,2026-04-22T23:43:47.161034+00:00,momentum,"XRP Up or Down - April 22, 7:30PM-7:35PM ET",UP,Up,4.0,0.51,,LOSS,NO,-4.0,Down,0x0c82042eb18d4c5029d765cc18d1c819e085a97988de93538b61fc6f707db697,30482889288736456042821656709331549201075963464235697149340356059972806815170
2026-04-22T23:35:01.007406+00:00,2026-04-22T23:44:47.637423+00:00,momentum,"XRP Up or Down - April 22, 7:35PM-7:40PM ET",UP,Up,8.0,0.515,,WIN,YES,7.533980582524272,Up,0x903bd72146ea8603a893632978fc4ca935afb79c91f70ec08f4578aed571b8ed,20898741816919125178993449312237197516802119332548872098804655600777944469263
2026-04-22T23:35:01.146340+00:00,2026-04-22T23:44:47.835733+00:00,momentum,"Solana Up or Down - April 22, 7:35PM-7:40PM ET",UP,Up,4.0,0.515,,LOSS,NO,-4.0,Down,0xacdf2aeb4c46ae6bb3885ffd2b490899b9614e1586d6d27e2e983b28224131c4,62293839151271126691299951882692777745378548959405666009764472860880182567727
2026-04-22T23:35:08.448032+00:00,2026-04-22T23:44:47.983134+00:00,momentum,"Bitcoin Up or Down - April 22, 7:35PM-7:40PM ET",UP,Up,2.0,0.56,,WIN,YES,1.5714285714285712,Up,0xe2435f5e038e86f7c33939e543bcccdd1d05e4b7096e0267a4a128f942c61986,46956221225463914047154563884724995174234027119808520782893296165322513946819
2026-04-22T23:35:01.071935+00:00,2026-04-22T23:45:48.178323+00:00,momentum,"Ethereum Up or Down - April 22, 7:35PM-7:40PM ET",UP,Up,4.0,0.515,,WIN,YES,3.766990291262136,Up,0xf4cb84625f75da6129d449c85d6cca9243c999d1c700497e2f8f6a8b686dd162,35571150540453717374529365893386470265109256410170124132377923763717614862192
2026-04-22T23:40:00.523476+00:00,2026-04-22T23:50:50.701239+00:00,momentum,"Bitcoin Up or Down - April 22, 7:40PM-7:45PM ET",UP,Up,4.0,0.525,,LOSS,NO,-4.0,Down,0xf844b10ca853bf3bae47e239619c726b060d193cb4ad9535a960df0f238a4fd7,109938255571787844220187823840119231334769153828563717883308604753451152674712
2026-04-22T23:40:02.862339+00:00,2026-04-22T23:50:51.017688+00:00,momentum,"Ethereum Up or Down - April 22, 7:40PM-7:45PM ET",UP,Up,2.0,0.52,,LOSS,NO,-2.0,Down,0xace48249a6f542ae2c98b1c1f6c2792cf5fc6383294654cd6e7dcbd7e78d75ec,30425504472566468063347630826477088354164409146945815959459866534860091744618
2026-04-22T23:40:00.605970+00:00,2026-04-22T23:51:51.806114+00:00,momentum,"XRP Up or Down - April 22, 7:40PM-7:45PM ET",UP,Up,16.0,0.515,,LOSS,NO,-16.0,Down,0x04ae4070dd3746e1b0d0cd63f963e98366e1ebb4a544ca8e534f5eff1d67ddae,92909261333916000420136742219252230343993592216655478109937672130331281853787
2026-04-22T23:40:00.678766+00:00,2026-04-22T23:51:51.950627+00:00,momentum,"Solana Up or Down - April 22, 7:40PM-7:45PM ET",UP,Up,8.0,0.51,,WIN,YES,7.686274509803921,Up,0x98c4db1e947722c951958dd80649b6199022a8f529223bdb95b6c734a07d9a4b,85973429808727205485018257856987924773444027040669956153662776222137141629914
2026-04-22T23:45:00.690318+00:00,2026-04-22T23:53:53.376793+00:00,momentum,"Ethereum Up or Down - April 22, 7:45PM-7:50PM ET",UP,Up,4.0,0.515,,WIN,YES,3.766990291262136,Up,0x06701194873b784af953b8a0449bdebae2cb997e0337f17ac1fb5e48a2ece683,90359272789448699038079952118943108298209251035703619894323962139088991993207
2026-04-22T23:45:06.089168+00:00,2026-04-22T23:53:53.676296+00:00,momentum,"Solana Up or Down - April 22, 7:45PM-7:50PM ET",DOWN,Down,2.0,0.6,,WIN,YES,1.3333333333333335,Down,0x73bfb09c3d715d5f33b8e2dd2f8c3ba1641ada5ae3f7601f27a1b66345ebdf75,5232612121398883806021511111324330009267383375218615672329827685115960591027
2026-04-22T23:45:00.755527+00:00,2026-04-22T23:54:54.107717+00:00,momentum,"XRP Up or Down - April 22, 7:45PM-7:50PM ET",UP,Up,32.0,0.515,,WIN,YES,30.135922330097088,Up,0x20da22e85bc8b2221fb09ae9783093a757a15f5975168b3b8487b3ddc3413b39,79889077385451627705240213408559994798754081732263471810137706733316945191654
2026-04-22T23:45:09.283232+00:00,2026-04-22T23:54:54.151436+00:00,momentum,"Bitcoin Up or Down - April 22, 7:45PM-7:50PM ET",DOWN,Down,8.0,0.54,,LOSS,NO,-8.0,Up,0x282a593d0bee3211297382921660c8de45346a8c292fbb10d6add40a68919562,102984124017537737411208308304383637858801300505526430735818297940373724378890
2026-04-22T23:50:00.942941+00:00,2026-04-22T23:59:56.845803+00:00,momentum,"XRP Up or Down - April 22, 7:50PM-7:55PM ET",UP,Up,2.0,0.515,,LOSS,NO,-2.0,Down,0xd10e22b48bfd367d7f64cba30a559be4eab56a0da4ead17794fb4a3e113dd23a,68265374864428658327073743220512176748096604502515828195549591909515203773194
2026-04-22T23:50:03.114244+00:00,2026-04-22T23:59:56.888767+00:00,momentum,"Bitcoin Up or Down - April 22, 7:50PM-7:55PM ET",UP,Up,16.0,0.51,,LOSS,NO,-16.0,Down,0xd37bbf62bf813e68842429394534ed6463382084c477b433974d47c4ea2bf460,83363494873519979609871968866292215984510014571357237562607132728460077778403
2026-04-22T23:50:00.837991+00:00,2026-04-23T00:00:56.834231+00:00,momentum,"Ethereum Up or Down - April 22, 7:50PM-7:55PM ET",UP,Up,2.0,0.515,,LOSS,NO,-2.0,Down,0xf489908c4f4ff9ff081436bc97a15e25361243cd36c3b933316b192fb10ff3b1,57682901760159411106547760728380151523328885596849061762982613124253598403774
2026-04-22T23:50:00.891670+00:00,2026-04-23T00:00:56.882342+00:00,momentum,"Solana Up or Down - April 22, 7:50PM-7:55PM ET",UP,Up,2.0,0.515,,LOSS,NO,-2.0,Down,0xdecc551959a2f5a733428cf7ec7963ad1570f53e3c14ebf86ec88a3cef0dba11,41606679598109363999037402956079590671442250013212779621094131485571714378838
2026-04-22T23:55:01.022240+00:00,2026-04-23T00:04:58.287903+00:00,momentum,"XRP Up or Down - April 22, 7:55PM-8:00PM ET",UP,Up,4.0,0.51,,WIN,YES,3.8431372549019605,Up,0x0e89265a5f59f381ed55280aeff27bc530950b4cf8ba1c7fb1b1b10c409d6b67,6292911888260108711356605408596359710298016722418354614004840288324067649238
2026-04-22T23:55:10.435075+00:00,2026-04-23T00:04:58.588429+00:00,momentum,"Solana Up or Down - April 22, 7:55PM-8:00PM ET",DOWN,Down,4.0,0.56,,WIN,YES,3.1428571428571423,Down,0x3d69f9315ed97a8fe7c80f2a68515fda0e9fd785614c3a638b530d3cec519f0d,96292725619835252716980526253159574636652051677616169573322449476828916570050
2026-04-22T23:55:00.967584+00:00,2026-04-23T00:05:58.639724+00:00,momentum,"Ethereum Up or Down - April 22, 7:55PM-8:00PM ET",UP,Up,4.0,0.52,,LOSS,NO,-4.0,Down,0x93c130c6ff69a3283f93458361a5967f9be3f3830da51ab16a05ffef1a32ded2,23663556240626372995980094134039249552206470003298812860945998208329601545371
2026-04-22T23:55:04.181666+00:00,2026-04-23T00:05:58.815506+00:00,momentum,"Bitcoin Up or Down - April 22, 7:55PM-8:00PM ET",DOWN,Down,16.0,0.51,,WIN,YES,15.372549019607842,Down,0x81d2267bc4f6a9c8b480e8150db100ab8a61763f7ce48ffc9e2b6d00f14989b6,84717474165565515335190385027751504381830962612788388452054194652910872439277
2026-04-23T00:00:00.681937+00:00,2026-04-23T00:08:59.906243+00:00,momentum,"Solana Up or Down - April 22, 8:00PM-8:05PM ET",UP,Up,2.0,0.52,,WIN,YES,1.8461538461538458,Up,0x14a9a3224eec499c7a2e61b12a28d989c3fa142d2b9b3f073f50988d8d912da2,8282584333172630861376479263100559052769579158237614907356222189601325298203
2026-04-23T00:00:00.806761+00:00,2026-04-23T00:09:00.103058+00:00,momentum,"XRP Up or Down - April 22, 8:00PM-8:05PM ET",UP,Up,2.0,0.515,,LOSS,NO,-2.0,Down,0xbdb1cba447a412cb3fee9acf7b8d7de24c7e7c835d319e8cbff4acf5d5d945e3,35186533449744429582232264725081378401059441027119055485688355377673102161410
2026-04-23T00:00:02.057931+00:00,2026-04-23T00:09:00.294363+00:00,momentum,"Bitcoin Up or Down - April 22, 8:00PM-8:05PM ET",UP,Up,2.0,0.62,,WIN,YES,1.2258064516129035,Up,0x530b15c12123893cbff8fbbfead11485468a0aaa541e2ea1a4cc13ec16153305,1864803947989038648286474159002823957273890328960150954380183625834758191598
2026-04-23T00:00:00.747405+00:00,2026-04-23T00:10:00.989165+00:00,momentum,"Ethereum Up or Down - April 22, 8:00PM-8:05PM ET",UP,Up,4.0,0.515,,WIN,YES,3.766990291262136,Up,0xe04c37d46dde2532730dba31a3cb0a6da187fe2f221efdedfb76a02240de5add,107982981261933041839777196807088820221548517311588021621182910788619358664451
2026-04-23T00:05:00.216867+00:00,2026-04-23T00:15:02.486288+00:00,momentum,"Ethereum Up or Down - April 22, 8:05PM-8:10PM ET",UP,Up,2.0,0.51,,LOSS,NO,-2.0,Down,0x7a47904b240f6a570c66e25c639493e141d969754301e4cb2b6bae3ecd7eafa0,102727541531449501104637490530791814659718172103351674268177436598790836920611
2026-04-23T00:05:00.358076+00:00,2026-04-23T00:15:02.671048+00:00,momentum,"XRP Up or Down - April 22, 8:05PM-8:10PM ET",UP,Up,4.0,0.515,,LOSS,NO,-4.0,Down,0x0d91f3f350af96f5bb1bbc85018fcb5753d3f53bd96b1ca090fdd8297f926959,15557651699092619582427694053394119666707756397054150574225625032002974751315
2026-04-23T00:05:04.548663+00:00,2026-04-23T00:15:02.844404+00:00,momentum,"Bitcoin Up or Down - April 22, 8:05PM-8:10PM ET",DOWN,Down,2.0,0.61,,WIN,YES,1.278688524590164,Down,0xd16128e83c79add415bf76a8cb31622192b4268f1fe20a0013e37651a6133599,73341514107974250962772406974464132378701341640516839672191936966550576324617
2026-04-23T00:05:00.287677+00:00,2026-04-23T00:16:03.328093+00:00,momentum,"Solana Up or Down - April 22, 8:05PM-8:10PM ET",UP,Up,2.0,0.51,,LOSS,NO,-2.0,Down,0xa270222f9b7ac0fc3099cbab7629cf40bed789b6fde27cc7421fcec1fe7a170f,40581052112966216591111361148707762591394350926325676159149650986174227057059
2026-04-23T00:10:07.295668+00:00,2026-04-23T00:20:06.745197+00:00,momentum,"Bitcoin Up or Down - April 22, 8:10PM-8:15PM ET",DOWN,Down,2.0,0.54,,WIN,YES,1.7037037037037033,Down,0xe1b65b607cc0fad0f73237920c0226176708566eecb62b86a0ba09ef31623775,18412766467816030743969677303386500702975297567084803546529831169449029911040
2026-04-23T00:10:00.572551+00:00,2026-04-23T00:22:06.728448+00:00,momentum,"Ethereum Up or Down - April 22, 8:10PM-8:15PM ET",UP,Up,4.0,0.54,,LOSS,NO,-4.0,Down,0xd83842883df72422f615852d79e3251a2a28776c83f15e79b96afc25b1e82792,9563709326389722034866576233325079572769358899897498517441055551759429815288
2026-04-23T00:10:00.632157+00:00,2026-04-23T00:22:06.795942+00:00,momentum,"Solana Up or Down - April 22, 8:10PM-8:15PM ET",UP,Up,4.0,0.53,,LOSS,NO,-4.0,Down,0x68115a69ad59e02fdce00d3cee9a6c6b5541f292328313d931519cf23e82534e,94488441018450346585336280942351863278108522419586696866934224528506338741036
2026-04-23T00:10:00.700018+00:00,2026-04-23T00:22:06.840465+00:00,momentum,"XRP Up or Down - April 22, 8:10PM-8:15PM ET",UP,Up,8.0,0.55,,LOSS,NO,-8.0,Down,0xc5758f944589a60cae33853db22512470199b9a61dc71b456fcf515c0ccba480,36566685159178712495984872551734989909283876017267427919173937364982038045243
2026-04-23T00:15:07.999339+00:00,2026-04-23T00:23:07.337534+00:00,momentum,"Bitcoin Up or Down - April 22, 8:15PM-8:20PM ET",DOWN,Down,2.0,0.55,,LOSS,NO,-2.0,Up,0xb0f9cae346d767c0b5b75f2d3f707f71e39148b79223740b3a97dd769b14832d,42317452171818205581062424870544714979889630771212369723292440893500258014915
2026-04-23T00:15:00.974497+00:00,2026-04-23T00:24:07.274633+00:00,momentum,"Ethereum Up or Down - April 22, 8:15PM-8:20PM ET",UP,Up,8.0,0.515,,WIN,YES,7.533980582524272,Up,0xb722acae60ec8eaed4232812263d3ecbb0ff2b6dd1f5f3b6edde75cb80b84af8,54722786483182392021846710804088075655869794831524433942021547645165231764219
2026-04-23T00:15:01.065898+00:00,2026-04-23T00:25:07.816358+00:00,momentum,"XRP Up or Down - April 22, 8:15PM-8:20PM ET",UP,Up,16.0,0.515,,WIN,YES,15.067961165048544,Up,0x1720c47f66ad65a1ef7f901003a44af587127afccff64d0bc8741f526f7a9956,54813000395480405066764475123445582967032710093281940525161993368899433939486
2026-04-23T00:15:04.865270+00:00,2026-04-23T00:25:07.977136+00:00,momentum,"Solana Up or Down - April 22, 8:15PM-8:20PM ET",UP,Up,8.0,0.52,,WIN,YES,7.384615384615383,Up,0x77e2d334f2025d00bf1d23f3b70f8bbb1b449437b9743bed8c78cc5c5fedeb11,93636197517495767722459285418774599364258477112465008485250641516931976353583
2026-04-23T00:20:04.847716+00:00,2026-04-23T00:29:11.182194+00:00,momentum,"Ethereum Up or Down - April 22, 8:20PM-8:25PM ET",DOWN,Down,2.0,0.52,,WIN,YES,1.8461538461538458,Down,0x91f5e609bae1cf86715a75a4bd0839f179e0d446d28136b22be5a80e0a122f55,64300457600940981450781810012078529807481964787560471799386689769024066074929
2026-04-23T00:20:00.432468+00:00,2026-04-23T00:30:11.484479+00:00,momentum,"XRP Up or Down - April 22, 8:20PM-8:25PM ET",UP,Up,2.0,0.52,,LOSS,NO,-2.0,Down,0xa8f68246391f93b47f68a3182163b3a51f037ea219cd511261be097981a2c3f8,7252405297959971659139998109622532300902597492823142257914969154180131462892
2026-04-23T00:20:00.372728+00:00,2026-04-23T00:31:11.979058+00:00,momentum,"Solana Up or Down - April 22, 8:20PM-8:25PM ET",UP,Up,2.0,0.51,,LOSS,NO,-2.0,Down,0xb65fa52d04e8455b289bf0315d82ae276f5d7e12564f0c678b17d35a7e689caf,45167834204717881210088976423637051667120788216724031570252413534277157029959
2026-04-23T00:20:04.906700+00:00,2026-04-23T00:31:12.168853+00:00,momentum,"Bitcoin Up or Down - April 22, 8:20PM-8:25PM ET",DOWN,Down,4.0,0.52,,WIN,YES,3.6923076923076916,Down,0x6a85e94ff3f5dc8e2cae7c629100cfa37a7f1723ed69d23599ff08022463c067,97389337710939609393122776853613338699985346616620589453934456576463403405511
2026-04-23T00:25:00.812695+00:00,2026-04-23T00:35:14.661039+00:00,momentum,"Ethereum Up or Down - April 22, 8:25PM-8:30PM ET",UP,Up,2.0,0.515,,WIN,YES,1.883495145631068,Up,0xebdbe3d2ff53530afbf79106af8426afa738383685c66b4307e99c7f616f89ca,58490777768484033010436999072356684355905220904706506749565892341835748631957
2026-04-23T00:25:05.584820+00:00,2026-04-23T00:35:15.077347+00:00,momentum,"Bitcoin Up or Down - April 22, 8:25PM-8:30PM ET",DOWN,Down,2.0,0.6,,LOSS,NO,-2.0,Up,0xb8a6b86c600d178d68142e3562c4eb828e5b61c225a5ce121d1dcf6d46306e0f,77273695520999093603812429259957279745294405159583352932371519158806931412444
2026-04-23T00:25:00.882570+00:00,2026-04-23T00:36:15.198716+00:00,momentum,"XRP Up or Down - April 22, 8:25PM-8:30PM ET",UP,Up,4.0,0.51,,WIN,YES,3.8431372549019605,Up,0x6623ab836efa7483f97d58327d0f416b2161f90a306d10993ff4867ee4c17b60,77218103348550187743832318033153919592527436043595737591075138381625083837991
2026-04-23T00:25:02.258635+00:00,2026-04-23T00:36:15.490440+00:00,momentum,"Solana Up or Down - April 22, 8:25PM-8:30PM ET",UP,Up,4.0,0.51,,WIN,YES,3.8431372549019605,Up,0x78234df4babb99c33a7a853cc95d69a806a5fe8f4009c6fca3ea8ed273ccd3c8,8855992877036676813484083116193329823155889072707882990357213084482539915157
2026-04-23T00:30:03.630096+00:00,2026-04-23T00:39:15.798008+00:00,momentum,"Ethereum Up or Down - April 22, 8:30PM-8:35PM ET",DOWN,Down,2.0,0.57,,WIN,YES,1.5087719298245617,Down,0x0ad99a66e6cc8f0d04b179ccf8aa972d0e1b27993295403d0b1939d882d0a9cf,77606864617248641196195437340192611658694223065315807298951413477645751795396
2026-04-23T00:30:03.747915+00:00,2026-04-23T00:39:16.000137+00:00,momentum,"XRP Up or Down - April 22, 8:30PM-8:35PM ET",DOWN,Down,2.0,0.6,,LOSS,NO,-2.0,Up,0xb4b8132a8eb58c63fe185804acaa47e7a4b7c483257459a661d83d19c395ad4f,45848538922369018300766563381721268771282415175141402792391076258809728237940
2026-04-23T00:30:00.456783+00:00,2026-04-23T00:40:16.377106+00:00,momentum,"Bitcoin Up or Down - April 22, 8:30PM-8:35PM ET",DOWN,Down,4.0,0.51,,WIN,YES,3.8431372549019605,Down,0x8dedbaf0e41ee0d8060ecf711666b380300d43eb71ca46fa5da726b514ebc0c7,2140920878245191200920919987520090287952374583363116168137140104430550266327
2026-04-23T00:30:03.685470+00:00,2026-04-23T00:40:16.418549+00:00,momentum,"Solana Up or Down - April 22, 8:30PM-8:35PM ET",DOWN,Down,2.0,0.58,,LOSS,NO,-2.0,Up,0x5856fab3d9e9870af92267c08857c9e78336be097539dac1a005f1b2025ff7e0,18223271511308693358453487615129147063627851721575278781364653448613058255309
2026-04-23T00:35:09.019291+00:00,2026-04-23T00:44:19.156977+00:00,momentum,"Ethereum Up or Down - April 22, 8:35PM-8:40PM ET",DOWN,Down,2.0,0.52,,LOSS,NO,-2.0,Up,0xdb9d721470e202f7f7e2221e62a49152a0c19cd4d284aa26301c4549b9da43f7,26028162042709753053281713624511889497603769464039199221584070409204254051407
2026-04-23T00:35:02.614937+00:00,2026-04-23T00:45:19.234387+00:00,momentum,"Bitcoin Up or Down - April 22, 8:35PM-8:40PM ET",DOWN,Down,2.0,0.54,,LOSS,NO,-2.0,Up,0xb6cf890cdc187e1ff4e555e9fbb8f0a9fcb9a11b14de8490e5272b8bcbcb75af,82364037767891714519612678557403383915432703974897929028959381098207975738075
2026-04-23T00:35:05.809769+00:00,2026-04-23T00:45:19.439987+00:00,momentum,"XRP Up or Down - April 22, 8:35PM-8:40PM ET",UP,Up,2.0,0.52,,WIN,YES,1.8461538461538458,Up,0xdb985c043d6d21b85277992a8de4fd30f6d97209900cea7c430378808e2e2d19,95364244667618564996048003928742718151668089487047645297319591528682159425678
2026-04-23T00:35:17.271019+00:00,2026-04-23T00:45:19.487297+00:00,momentum,"Solana Up or Down - April 22, 8:35PM-8:40PM ET",DOWN,Down,4.0,0.56,,LOSS,NO,-4.0,Up,0xf7e1963baf2a51bf7c3bc5b1a88b0860e9794ba410a1e422cd0e6899c07253ec,25029177468165765689922699108408113013544342706954605096674470639717168712948
2026-04-23T00:40:03.289613+00:00,2026-04-23T00:51:22.959250+00:00,momentum,"Bitcoin Up or Down - April 22, 8:40PM-8:45PM ET",DOWN,Down,4.0,0.52,,WIN,YES,3.6923076923076916,Down,0x01751867d942ea4c481258847911e202f8993ee33eb1fafeee7bc731d8f4366d,21332204111643944334177006719764202596134535038487475774408022639360247503234
2026-04-23T00:40:03.354003+00:00,2026-04-23T00:52:23.899665+00:00,momentum,"Solana Up or Down - April 22, 8:40PM-8:45PM ET",DOWN,Down,8.0,0.54,,WIN,YES,6.814814814814813,Down,0xfc906db927fb25bbe1a30c409542f9ca28fe5d2ca66b7fade6bd0da67beb7590,55495862842254729973255462985766690674763673229489922287986851434182455873484
2026-04-23T00:40:06.635130+00:00,2026-04-23T00:52:24.060819+00:00,momentum,"Ethereum Up or Down - April 22, 8:40PM-8:45PM ET",DOWN,Down,4.0,0.53,,WIN,YES,3.547169811320754,Down,0x0e4dac4ad1eb0c70bf87d572cd581a00e99624105564bb1f2545d0837a788234,54191937532172567739674134142948629449979114085135755902452702354251332271779
2026-04-23T00:40:13.041117+00:00,2026-04-23T00:52:24.213837+00:00,momentum,"XRP Up or Down - April 22, 8:40PM-8:45PM ET",DOWN,Down,2.0,0.53,,WIN,YES,1.773584905660377,Down,0x0979ef3ffa5215da53a6ed7f3d478619b49b6a955d74b4d2a11657ccc60e1656,69998723828997195568813029432727168681613923934399106129550255355581794717948
