timestamp,closed_at,source,market,direction,outcome,amount,entry_price,sell_price,result,won,pnl,winning_outcome,condition_id,token_id
2026-04-27T06:15:30.741640+00:00,2026-04-27T06:23:35.953174+00:00,momentum,"Bitcoin Up or Down - April 27, 2:15AM-2:20AM ET",DOWN,Down,2.0,0.67,,LOSS,NO,-2.0,Up,0xb19c401823bfe9acf868a40637cd9df5b24ff064c7a08bf27c1c582df3e13ec9,2625202861357445897549770140779420553202492637544703116028047552822374658592
2026-04-27T06:15:30.752957+00:00,2026-04-27T06:23:36.004705+00:00,momentum,"Ethereum Up or Down - April 27, 2:15AM-2:20AM ET",DOWN,Down,2.0,0.67,,LOSS,NO,-2.0,Up,0x2992091cde41ce7eaf019d0dc2d11be2f0a8c23304d7829464d9da24413ef64b,92274462498923580127909281174796305511929197148867211730637300822300217626924
2026-04-27T06:15:30.786835+00:00,2026-04-27T06:23:36.052362+00:00,momentum,"Solana Up or Down - April 27, 2:15AM-2:20AM ET",DOWN,Down,2.0,0.62,,LOSS,NO,-2.0,Up,0x0f5e70d0226f89a332ee6bfe70955a24516b37bda97d3b667bd6a9323cf01451,80015237597873159538748509569957101175383863459309167396636162134103241072176
2026-04-27T06:15:30.815415+00:00,2026-04-27T06:24:36.161214+00:00,momentum,"XRP Up or Down - April 27, 2:15AM-2:20AM ET",DOWN,Down,2.0,0.57,,LOSS,NO,-2.0,Up,0x28b76ecd9e6e6fd0b59feae54c958984c64cfefca213fc0bbecfb1c1e320dd0c,58284636767872172109644309734550867362107413966149302052146402061923151495947
2026-04-27T06:20:00.356578+00:00,2026-04-27T06:29:38.726258+00:00,momentum,"Bitcoin Up or Down - April 27, 2:20AM-2:25AM ET",UP,Up,4.0,0.51,,LOSS,NO,-4.0,Down,0x3021c7a6a15c0ee4d53b9fc47fcd4b7249ec39bc98ceb6482d557df05c1ddebf,88258112340743969102162005849974294576960506759585197399514380730572620578593
2026-04-27T06:20:00.357132+00:00,2026-04-27T06:29:39.051984+00:00,momentum,"Solana Up or Down - April 27, 2:20AM-2:25AM ET",UP,Up,4.0,0.52,,WIN,YES,3.6923076923076916,Up,0xdcbe659007708e8885f54826edf3b1e90baa3cb73c14d9d2efbd3d659fb2597d,93166705546474769567846718046170985894958297228952797151629163922059979333638
2026-04-27T06:20:00.358222+00:00,2026-04-27T06:30:38.963153+00:00,momentum,"XRP Up or Down - April 27, 2:20AM-2:25AM ET",UP,Up,4.0,0.51,,LOSS,NO,-4.0,Down,0x8d04eaa52e6010c6020237e0c0a354dbbcc1c9beabf9befe19df03620b0cd25b,113333882724820026846815221975465886618750618614857866681047419813318559246061
2026-04-27T06:20:03.591538+00:00,2026-04-27T06:30:39.005684+00:00,momentum,"Ethereum Up or Down - April 27, 2:20AM-2:25AM ET",DOWN,Down,4.0,0.61,,LOSS,NO,-4.0,Up,0x3ea674043e1f241633131e6db964376e3d4ce0f82d1ccb34b2b1142b59be1e6b,101411707756898540951339738686961209783268555355590685295181196895695442801879
2026-04-27T06:25:00.815678+00:00,2026-04-27T06:35:41.055462+00:00,momentum,"Ethereum Up or Down - April 27, 2:25AM-2:30AM ET",UP,Up,8.0,0.515,,LOSS,NO,-8.0,Down,0x15a0f6ac9748c6337b4246f8c56ad33eab8d0361b254880767e8fea2219cad65,5567704953404092927037052273469267504913298362017367647785181197310478017916
2026-04-27T06:25:00.816422+00:00,2026-04-27T06:35:41.094494+00:00,momentum,"Solana Up or Down - April 27, 2:25AM-2:30AM ET",UP,Up,2.0,0.515,,LOSS,NO,-2.0,Down,0x293c797887e85cb15da1992f2aaa6c23c465354fb57fc4c6c6dee3c5193a2175,559564323702381845620758312419121918776180083458027546711625658013870808769
2026-04-27T06:25:00.817542+00:00,2026-04-27T06:35:41.136602+00:00,momentum,"XRP Up or Down - April 27, 2:25AM-2:30AM ET",UP,Up,8.0,0.515,,LOSS,NO,-8.0,Down,0xf92a9bba733b67b41d53327fc8d7e782f9c6cb5242e132a63ed325de1864f832,5381726334209038074667234578258812651669438808489718451045034956170601554624
2026-04-27T06:25:05.964926+00:00,2026-04-27T06:35:41.331739+00:00,momentum,"Bitcoin Up or Down - April 27, 2:25AM-2:30AM ET",DOWN,Down,8.0,0.6,,WIN,YES,5.333333333333334,Down,0x125d62aca90e96fe28fda01e7f9aa6cdafc44ea453f3ca9aee06ca782f2cef54,49620115697000196248883659816781857289499819251124321111791070184702679270046
2026-04-27T06:30:00.925090+00:00,2026-04-27T06:39:43.462984+00:00,momentum,"Ethereum Up or Down - April 27, 2:30AM-2:35AM ET",UP,Up,16.0,0.515,,LOSS,NO,-16.0,Down,0x84fab482633676e543448fd53302a9bb4387f657de9a375deeed1dc5a4fde426,103252436041462306138474611123164834555735596845150734886690662164534456618091
2026-04-27T06:30:00.926115+00:00,2026-04-27T06:39:43.505966+00:00,momentum,"Solana Up or Down - April 27, 2:30AM-2:35AM ET",UP,Up,4.0,0.515,,LOSS,NO,-4.0,Down,0x74d4a82ac0909165855609c9022c769c8470bb2b81bf851f043dfc4ccf69d594,45672056863495505786857866527515895795177342117436491180335882408828294954623
2026-04-27T06:30:02.058477+00:00,2026-04-27T06:39:43.569124+00:00,momentum,"Bitcoin Up or Down - April 27, 2:30AM-2:35AM ET",UP,Up,2.0,0.53,,LOSS,NO,-2.0,Down,0x34ac1cf1394367a86c8b2bdc7f924ad560b14521501abe5c553257107f994236,98852940657600761115673950863516136882077557797114875420427385597240785782627
2026-04-27T06:30:05.150138+00:00,2026-04-27T06:39:43.798255+00:00,momentum,"XRP Up or Down - April 27, 2:30AM-2:35AM ET",DOWN,Down,16.0,0.69,,WIN,YES,7.188405797101453,Down,0x17ab8030363f827131d3dacab336814727222e3564c3fae5aa575ebf2e7d666f,41599131796657372168629364822072776173974088713217669570320328295702317055123
2026-04-27T06:35:00.786664+00:00,2026-04-27T06:44:47.550155+00:00,momentum,"Solana Up or Down - April 27, 2:35AM-2:40AM ET",UP,Up,8.0,0.52,,WIN,YES,7.384615384615383,Up,0xc0c2862e4c5b6d70b8cab6165e07c5eae5c61a5bcbdb77cd9467ab4e62603b97,45556468316715580953206517936121204111220594657742027824359477384586260296761
2026-04-27T06:35:03.867198+00:00,2026-04-27T06:44:47.717711+00:00,momentum,"XRP Up or Down - April 27, 2:35AM-2:40AM ET",DOWN,Down,2.0,0.69,,WIN,YES,0.8985507246376816,Down,0x5849c0831cd08e005953906b0eb6e62ad0c4868dff6cff8054064cf5774019f6,102099519826817105306537665402226021242002281696819892840595584490043864063037
2026-04-27T06:35:00.784127+00:00,2026-04-27T06:45:48.094479+00:00,momentum,"Ethereum Up or Down - April 27, 2:35AM-2:40AM ET",UP,Up,32.0,0.52,,WIN,YES,29.538461538461533,Up,0x22e6e892bfab0d735139c59d34b79ff355f16a1e453212b8a58e54716c714cc7,66093717918532857813807768811248040714606928579474587828906297439639251844445
2026-04-27T06:35:00.785240+00:00,2026-04-27T06:45:48.260537+00:00,momentum,"Bitcoin Up or Down - April 27, 2:35AM-2:40AM ET",DOWN,Down,4.0,0.53,,WIN,YES,3.547169811320754,Down,0x9461fb42580c0de32ab60f89eef0d692f50c3beae8d3f4adfc85444226a6f2df,103966553473775639882422778869843662576952920452703174633155899862474807347959
2026-04-27T06:40:00.376435+00:00,2026-04-27T06:50:49.384773+00:00,momentum,"XRP Up or Down - April 27, 2:40AM-2:45AM ET",UP,Up,2.0,0.525,,WIN,YES,1.8095238095238093,Up,0xd0fe6bb893f16dd8c76c52dfaa0d3ac7ec374fe2f667a3fbf7bd270a53c870e6,13095411281045280458053774255105857460223236279340347694026795120935838127827
2026-04-27T06:40:00.381857+00:00,2026-04-27T06:50:49.696828+00:00,momentum,"Solana Up or Down - April 27, 2:40AM-2:45AM ET",UP,Up,2.0,0.52,,WIN,YES,1.8461538461538458,Up,0xe7942aec60962f23a37cc74681d00224677d5c0e6bdb37f60842ea635b77738b,5129506585283155589502854198444692432996282621917853387558488655994926986135
2026-04-27T06:40:00.378077+00:00,2026-04-27T06:51:49.880672+00:00,momentum,"Bitcoin Up or Down - April 27, 2:40AM-2:45AM ET",UP,Up,2.0,0.535,,WIN,YES,1.7383177570093458,Up,0x851712ae131d238a3520141d1b99375e0468f1ddca7ec4e8b8e53ccdae411d77,680321812166278341088214159327912622592554061912660748816784753084762279454
2026-04-27T06:40:00.385742+00:00,2026-04-27T06:51:50.106357+00:00,momentum,"Ethereum Up or Down - April 27, 2:40AM-2:45AM ET",UP,Up,2.0,0.525,,WIN,YES,1.8095238095238093,Up,0x371ad64dd511c68f10c588ff72da5593bf26d1457d5c05e3617999504c797c5d,92446103120212053453769693906588068503366959444213512829414297429449420568687
2026-04-27T06:45:00.672337+00:00,2026-04-27T06:53:51.710441+00:00,momentum,"XRP Up or Down - April 27, 2:45AM-2:50AM ET",UP,Up,2.0,0.515,,WIN,YES,1.883495145631068,Up,0x1ae20f3fafda075a93a374cdb5399c59b07e2906520efead68c833f9ec16cfa1,107030702762719613592556846006719411851415693433908076375117342821159037492900
2026-04-27T06:45:00.674150+00:00,2026-04-27T06:53:51.848463+00:00,momentum,"Bitcoin Up or Down - April 27, 2:45AM-2:50AM ET",UP,Up,2.0,0.525,,WIN,YES,1.8095238095238093,Up,0x63d3f96c98deab59feaed4a6d2074d806a689ae9455f12fdedf9b73914778f96,96202101267364181500985065554520589789214509534651413415731425618880524164338
2026-04-27T06:45:00.675777+00:00,2026-04-27T06:53:51.987751+00:00,momentum,"Solana Up or Down - April 27, 2:45AM-2:50AM ET",UP,Up,2.0,0.515,,WIN,YES,1.883495145631068,Up,0xdea5827e8acdb80173b4c940448161359eb63a38f1e61f227b0df4770c50dced,39275216007500680628859099231395133593562626584394204022769122712814278592828
2026-04-27T06:45:00.671004+00:00,2026-04-27T06:54:52.360070+00:00,momentum,"Ethereum Up or Down - April 27, 2:45AM-2:50AM ET",UP,Up,2.0,0.525,,WIN,YES,1.8095238095238093,Up,0xbe8271c70797f8c58567826d051393a683bc836fde7a9eed6a4a420f4b3dccee,69316846641573726553730659346278080937725530730028270788073715348583712472761
2026-04-27T06:50:01.049418+00:00,2026-04-27T06:59:55.472665+00:00,momentum,"Bitcoin Up or Down - April 27, 2:50AM-2:55AM ET",UP,Up,2.0,0.53,,WIN,YES,1.773584905660377,Up,0x6995e8e099bb32c0fbb6df1a9a4b4bba9fa90c04e61b31d73ce2848f7345fd58,32694623070795568444861400703533557324357466402216250564930032105711978261252
2026-04-27T06:50:01.052377+00:00,2026-04-27T06:59:55.754062+00:00,momentum,"Ethereum Up or Down - April 27, 2:50AM-2:55AM ET",UP,Up,2.0,0.51,,WIN,YES,1.9215686274509802,Up,0x915db2eb01131cda1ae4703d7bc30bc7e5980c27f2c7e5c2482f83910bb53a03,108379731970477788980892046379808550572155714779993938196231108264546251643536
2026-04-27T06:50:01.050807+00:00,2026-04-27T07:00:56.098878+00:00,momentum,"Solana Up or Down - April 27, 2:50AM-2:55AM ET",UP,Up,2.0,0.53,,WIN,YES,1.773584905660377,Up,0x4a03fb782296b56fe7fd7727f4483ede84eecf26a9bd9ccc0d1b030ea02ab7c4,31541982403497033874609219957777660815775764398499743635909941072472117247972
2026-04-27T06:50:01.054196+00:00,2026-04-27T07:00:56.267334+00:00,momentum,"XRP Up or Down - April 27, 2:50AM-2:55AM ET",UP,Up,2.0,0.51,,WIN,YES,1.9215686274509802,Up,0xff3f7934e02caebfd6cb3c1b2f0a4b33f41bd2e2c533f5bc689735ea5880fb12,62003169495008547803091655703282423910522105866660682945393045749365315523316
2026-04-27T06:55:00.156757+00:00,2026-04-27T07:05:59.739511+00:00,momentum,"XRP Up or Down - April 27, 2:55AM-3:00AM ET",UP,Up,2.0,0.515,,LOSS,NO,-2.0,Down,0xfc1eee42562db410dea87962ca5df4cd22522f2689a7eeefb4b13454ca682b83,50593455004667974178148156148778309586561585750206770174643741431873964371019
2026-04-27T06:55:08.530228+00:00,2026-04-27T07:05:59.782318+00:00,momentum,"Bitcoin Up or Down - April 27, 2:55AM-3:00AM ET",UP,Up,2.0,0.51,,LOSS,NO,-2.0,Down,0x04e2ef002221ab62d84c961a9fe5210fab444bc9c38ec0b1cdf22401415db670,110829072709614316691561112800956650669500847286311519288415098718277341517995
2026-04-27T06:55:00.152006+00:00,2026-04-27T07:06:59.714177+00:00,momentum,"Solana Up or Down - April 27, 2:55AM-3:00AM ET",UP,Up,2.0,0.515,,LOSS,NO,-2.0,Down,0xe8f68762f01e2de7eefecdb918d9480a921efaf753a9d86c74442491e78049f9,66588301030493576931230370180940133998379122631726876710939683772131639129670
2026-04-27T06:55:00.153645+00:00,2026-04-27T07:06:59.759096+00:00,momentum,"Ethereum Up or Down - April 27, 2:55AM-3:00AM ET",UP,Up,2.0,0.515,,LOSS,NO,-2.0,Down,0x7423f727f66197679a34582231ad84488eb7a1a8ab3128a228e626e526469037,49826878049289619936525830566268912411340216291752115374518718459311061482509
2026-04-27T07:00:00.532455+00:00,2026-04-27T07:09:01.157769+00:00,momentum,"Bitcoin Up or Down - April 27, 3:00AM-3:05AM ET",UP,Up,2.0,0.59,,LOSS,NO,-2.0,Down,0xd19c6089e819795523f8b4dc6137f9c63fd3b9455bd8bf1e71b03c9d6a3eff92,110643577731812371137573338524849757569468982288957160390281802071621016062012
2026-04-27T07:00:00.534166+00:00,2026-04-27T07:09:01.204728+00:00,momentum,"Solana Up or Down - April 27, 3:00AM-3:05AM ET",UP,Up,2.0,0.51,,LOSS,NO,-2.0,Down,0x3bfa5326c05323e4fec4fe86c57b1a05ea59d041ec0c7c8f49655ed4eaa5d7e2,38560757644305197909321899377118164601871935598998710265731814124012873325504
2026-04-27T07:00:09.740331+00:00,2026-04-27T07:09:01.537989+00:00,momentum,"XRP Up or Down - April 27, 3:00AM-3:05AM ET",DOWN,Down,2.0,0.55,,WIN,YES,1.6363636363636362,Down,0x299f3597350878f7597b2f82f92ad6011781348af75301c8b0fcea8eb4ffba51,87829737845141234885483314525243824333130342839337202297343572962763264593500
2026-04-27T07:00:00.536395+00:00,2026-04-27T07:10:01.558873+00:00,momentum,"Ethereum Up or Down - April 27, 3:00AM-3:05AM ET",UP,Up,2.0,0.52,,WIN,YES,1.8461538461538458,Up,0x4a5e53fc66436bbba9ae3bfbef2e6075a71cc1aedbe467dc483fc54325a1682d,1806468719036496019250467767648597936108759922745126295823474092443477727586
2026-04-27T07:05:00.485734+00:00,2026-04-27T07:15:05.111095+00:00,momentum,"Ethereum Up or Down - April 27, 3:05AM-3:10AM ET",UP,Up,2.0,0.515,,LOSS,NO,-2.0,Down,0x15875c76b3f67f9d75cdfb77448b799c86cda9f6f56d2a9bc3a49d0db2828712,14864509244894544127098382597365805351396430975146528685743011289454938542569
2026-04-27T07:05:01.557126+00:00,2026-04-27T07:15:05.149957+00:00,momentum,"XRP Up or Down - April 27, 3:05AM-3:10AM ET",UP,Up,2.0,0.53,,LOSS,NO,-2.0,Down,0xfe78173c650cfc6c54a30cddfd152da68d3f65f65276c0c0e899c9359badb428,34521442872419750287994432109256236691246416047815284686018706788129903989640
2026-04-27T07:05:13.833638+00:00,2026-04-27T07:15:05.363738+00:00,momentum,"Bitcoin Up or Down - April 27, 3:05AM-3:10AM ET",DOWN,Down,4.0,0.57,,WIN,YES,3.0175438596491233,Down,0xebaf7247c96dbac12098b24281eef58c476559801b0d92f7837e7f07676d88ad,42995716435255758254072918627568285362136362742533595816623251076189314032854
2026-04-27T07:05:00.483226+00:00,2026-04-27T07:16:05.052270+00:00,momentum,"Solana Up or Down - April 27, 3:05AM-3:10AM ET",UP,Up,4.0,0.515,,LOSS,NO,-4.0,Down,0x89e3850d91c77f18ad2ace6251bc354b61bfb2e202f886c9f90128d16ddb9050,84408026768756637942639168728652873940703417315782871330407468116714636097769
2026-04-27T07:10:00.361193+00:00,2026-04-27T07:21:08.486122+00:00,momentum,"Bitcoin Up or Down - April 27, 3:10AM-3:15AM ET",UP,Up,2.0,0.51,,WIN,YES,1.9215686274509802,Up,0xe6fdf85d07c214515986a38364511ff6adc574e0e07fb0a5ee60f9132cbe09af,100747332925340319582771129789868093419832523204371185996503935962394732848380
2026-04-27T07:10:00.363622+00:00,2026-04-27T07:21:08.529053+00:00,momentum,"Ethereum Up or Down - April 27, 3:10AM-3:15AM ET",UP,Up,4.0,0.52,,LOSS,NO,-4.0,Down,0x6f3be63d845dc9f9ccb06d6a3a5f899e896633df693dd711f153dcc2bdd9437a,66011874460220164501072087784479947887865928720207576373727698839022029915762
2026-04-27T07:10:03.460181+00:00,2026-04-27T07:21:08.895978+00:00,momentum,"Solana Up or Down - April 27, 3:10AM-3:15AM ET",DOWN,Down,8.0,0.53,,WIN,YES,7.094339622641508,Down,0x7b6957407f8ee3d5173b2d3a7f2d6ca4cce361794cdb19f59daeaa1f4b048090,6031065072919168573063896168328656721457621405036792105883734496402426078783
2026-04-27T07:10:03.457906+00:00,2026-04-27T07:22:08.413557+00:00,momentum,"XRP Up or Down - April 27, 3:10AM-3:15AM ET",DOWN,Down,4.0,0.53,,LOSS,NO,-4.0,Up,0x6d8389604402382ea77b229ec0ec756951a9703044d7ad3e092589d1aaf96cd1,54851128543670147173810018444426364306019773548596283399717610459066990648692
2026-04-27T07:15:00.622232+00:00,2026-04-27T07:23:09.795492+00:00,momentum,"Solana Up or Down - April 27, 3:15AM-3:20AM ET",UP,Up,2.0,0.51,,LOSS,NO,-2.0,Down,0x4916fd02eaa5a655e2ad35f0d8e030cc1c7969583cda9f3edbf861e7a5f4ad66,40120440308651973180729370783023370959768531145491413949206140847571082564793
2026-04-27T07:15:00.625076+00:00,2026-04-27T07:24:09.938419+00:00,momentum,"XRP Up or Down - April 27, 3:15AM-3:20AM ET",UP,Up,8.0,0.51,,LOSS,NO,-8.0,Down,0xd4950397b1a76cda7ae16780c0d298c0a57d0e4875bf362da21f7472a23c5999,112918300681646298284195566489265921811066285465896783818004648087863807349258
2026-04-27T07:15:00.616929+00:00,2026-04-27T07:25:10.238051+00:00,momentum,"Bitcoin Up or Down - April 27, 3:15AM-3:20AM ET",UP,Up,2.0,0.51,,WIN,YES,1.9215686274509802,Up,0x6fcffe3bb85f072360a28798c1273af33cbfda49aba83eb961500f256048c56d,92734938608848674489156523864304980642849827834373424679387689381288025154249
2026-04-27T07:15:00.619385+00:00,2026-04-27T07:25:10.371034+00:00,momentum,"Ethereum Up or Down - April 27, 3:15AM-3:20AM ET",UP,Up,8.0,0.56,,WIN,YES,6.285714285714285,Up,0xcab83d0a9d5a45fec6867dcfe5874cc156df0ec2b138efd408348c0e1529e5c4,39604830576797266520306432605556458221789141184652881236825598754003126961434
2026-04-27T07:20:00.386864+00:00,2026-04-27T07:30:13.270988+00:00,momentum,"Solana Up or Down - April 27, 3:20AM-3:25AM ET",UP,Up,4.0,0.515,,LOSS,NO,-4.0,Down,0xe62f57a523d7cf7c7a98315873b33f6562b8672ceff605b9885127403f727030,19099503067292414349867736352870128366266103494372505374069206372259750585324
2026-04-27T07:20:01.464530+00:00,2026-04-27T07:30:13.456325+00:00,momentum,"Bitcoin Up or Down - April 27, 3:20AM-3:25AM ET",UP,Up,2.0,0.51,,WIN,YES,1.9215686274509802,Up,0x91c0729fc650efefc9f30a22a3a8ccfd7fb9f443c6d355239010ae8ebb71c3f0,31250168677869721522281018195755928974442937419105221490444396620594148354378
2026-04-27T07:20:01.468298+00:00,2026-04-27T07:30:13.683553+00:00,momentum,"XRP Up or Down - April 27, 3:20AM-3:25AM ET",DOWN,Down,16.0,0.51,,WIN,YES,15.372549019607842,Down,0xb85f9818e50ca0ad5739bb78c5e704935471016c8737b66705d2d6f286c2628c,108817107432379313479310071515801760344591746923570855167976334588051837170024
2026-04-27T07:20:00.384230+00:00,2026-04-27T07:31:13.811123+00:00,momentum,"Ethereum Up or Down - April 27, 3:20AM-3:25AM ET",UP,Up,2.0,0.535,,WIN,YES,1.7383177570093458,Up,0x3913df1a55ab092f3283cdc7f3026b1f5229c137d8abdba7a07e66b7b023d988,107840259299553424144768020259136157571858593273244521923423555047347953833064
2026-04-27T07:25:00.662040+00:00,2026-04-27T07:36:16.149542+00:00,momentum,"XRP Up or Down - April 27, 3:25AM-3:30AM ET",UP,Up,2.0,0.515,,WIN,YES,1.883495145631068,Up,0xd98ca74e529421755172ea9ffa3a058a3c24b0f043202db454bf0d7606bffd99,29996024638505364074371991069541175914219306454034532792525962395334710756702
2026-04-27T07:25:00.656295+00:00,2026-04-27T07:37:15.812300+00:00,momentum,"Ethereum Up or Down - April 27, 3:25AM-3:30AM ET",UP,Up,2.0,0.525,,LOSS,NO,-2.0,Down,0xf4dfeb74f35547d5b7138620215c126755366725ccb4bf8041a37695150b7503,39369076986367329594891300165982015934285845084329440197793270191932386381342
2026-04-27T07:25:00.659119+00:00,2026-04-27T07:37:15.851000+00:00,momentum,"Bitcoin Up or Down - April 27, 3:25AM-3:30AM ET",UP,Up,2.0,0.515,,LOSS,NO,-2.0,Down,0x84a50156816ee62098a31637e62b8df4f0fe77396b57155c2cecf96fd7f9cca9,44393123594248112750718993306132752040463790228949048089560973832745742701671
2026-04-27T07:25:00.665054+00:00,2026-04-27T07:37:15.994580+00:00,momentum,"Solana Up or Down - April 27, 3:25AM-3:30AM ET",UP,Up,8.0,0.52,,WIN,YES,7.384615384615383,Up,0xf4b2564c78d1c519194e7495e8359f29835565e177bbf6cb4d99afded6332e1c,21633747010416880645573691397767123456688657223581817753624865402661955320776
2026-04-27T07:30:00.542817+00:00,2026-04-27T07:42:18.695498+00:00,momentum,"Ethereum Up or Down - April 27, 3:30AM-3:35AM ET",UP,Up,4.0,0.515,,LOSS,NO,-4.0,Down,0x288158b43b2c0932d182756a6c258e2a114c9e3ffdfc141061d3469e99ac0708,78326829924506845709068490200990712604115392656881626598518409682417262829202
2026-04-27T07:30:00.549011+00:00,2026-04-27T07:42:18.882653+00:00,momentum,"Solana Up or Down - April 27, 3:30AM-3:35AM ET",UP,Up,2.0,0.515,,LOSS,NO,-2.0,Down,0x3421c07bca76c8fa72aecfeb3aa283449bad5166b13b3ba136eb02e90ae90152,20058787008209966494060719051426941501403042179306553473286494215525051272544
2026-04-27T07:30:00.545421+00:00,2026-04-27T07:43:18.720315+00:00,momentum,"XRP Up or Down - April 27, 3:30AM-3:35AM ET",UP,Up,4.0,0.515,,LOSS,NO,-4.0,Down,0x7127ace61391dad89c26e3f71c109be59b37134156b7764a1c45a51603ec3353,29492250541656295507335141628727280935241563006147466530172195727766024031200
2026-04-27T07:30:02.696899+00:00,2026-04-27T07:43:18.878439+00:00,momentum,"Bitcoin Up or Down - April 27, 3:30AM-3:35AM ET",DOWN,Down,4.0,0.58,,WIN,YES,2.8965517241379315,Down,0xcfb501bf707aa35fc86e23673a2ae46825c61eeb8643dba4ad099b6a3341dbd9,77311545180418071359219224835790896167929754845444902876542203457727767283114
2026-04-27T07:35:00.713777+00:00,2026-04-27T07:45:20.828091+00:00,momentum,"Ethereum Up or Down - April 27, 3:35AM-3:40AM ET",UP,Up,8.0,0.515,,WIN,YES,7.533980582524272,Up,0x0268529f08c3f93d58cd381c37964daa4c77507067a321e2a07fde172f87859a,465962889927489957003185110451878306197101020847061841714525873380155834705
2026-04-27T07:35:00.716512+00:00,2026-04-27T07:45:20.993433+00:00,momentum,"XRP Up or Down - April 27, 3:35AM-3:40AM ET",UP,Up,8.0,0.515,,WIN,YES,7.533980582524272,Up,0x34948d818c9fb4f67fcd7f7a4253037006376c12ad5d118391b497a89bb879ff,498103016909164543321554738100025082732271162982201048539398245345310474375
2026-04-27T07:35:00.720538+00:00,2026-04-27T07:45:21.035478+00:00,momentum,"Solana Up or Down - April 27, 3:35AM-3:40AM ET",UP,Up,4.0,0.52,,LOSS,NO,-4.0,Down,0x8e7e24c639a4f954e02f81d8a6caf62d8a81c981e659e99abd42f37f37d2868f,115140138701225662269046442002431760727000444631934390294315384223038709887465
2026-04-27T07:35:02.788011+00:00,2026-04-27T07:45:21.202403+00:00,momentum,"Bitcoin Up or Down - April 27, 3:35AM-3:40AM ET",UP,Up,2.0,0.53,,WIN,YES,1.773584905660377,Up,0x8ca4393f85a22d70da78b77fc4ec3136744b6cb07d20e15812dd455ef7e3b39b,1376502198888454310984968005875483048804928876388037057756585514892039047284
2026-04-27T07:40:01.073022+00:00,2026-04-27T07:50:22.772130+00:00,momentum,"Ethereum Up or Down - April 27, 3:40AM-3:45AM ET",UP,Up,2.0,0.535,,WIN,YES,1.7383177570093458,Up,0x55eaa6a80619d07372b1b8cd4d31732125353e5410644f6a2bc24c3b1999639a,92638991940399114464670702532602769213449082689796744330521883767537590663776
2026-04-27T07:40:01.075982+00:00,2026-04-27T07:50:23.007915+00:00,momentum,"XRP Up or Down - April 27, 3:40AM-3:45AM ET",UP,Up,2.0,0.515,,WIN,YES,1.883495145631068,Up,0xce89cf99687524b5fcb90e0e68c09f49da9cb539b1b1396a69d6d0e8acbd7c42,56444311024559752538578119367022494244280131672388184524661824263088845187036
2026-04-27T07:40:01.079863+00:00,2026-04-27T07:50:23.177394+00:00,momentum,"Solana Up or Down - April 27, 3:40AM-3:45AM ET",UP,Up,4.0,0.515,,WIN,YES,3.766990291262136,Up,0x3832e8ffc88137aecb6a7f12a95fb8a8cd1769a3f3d51b5c6914a5b866cade34,91523871567197487755635327034895305150271618467901430086138793937174770749831
2026-04-27T07:40:02.083892+00:00,2026-04-27T07:51:23.749970+00:00,momentum,"Bitcoin Up or Down - April 27, 3:40AM-3:45AM ET",UP,Up,2.0,0.51,,WIN,YES,1.9215686274509802,Up,0xb7f48be94e0d5503b78a2d1362a9b6846c27ec88553076385bf6bbbbc5c625de,35991696377151155063196922502934894400795469718392858882167193033004222889779
2026-04-27T07:45:00.602535+00:00,2026-04-27T07:54:26.078583+00:00,momentum,"Solana Up or Down - April 27, 3:45AM-3:50AM ET",UP,Up,2.0,0.515,,WIN,YES,1.883495145631068,Up,0x2214d79272993e7a35bc7abd7f2a1edfdf05500200368c6af4a38b4bb62dcd51,109774179259021500210619954237089637596238269757682420654125621103448751015586
2026-04-27T07:45:00.606708+00:00,2026-04-27T07:54:26.265309+00:00,momentum,"XRP Up or Down - April 27, 3:45AM-3:50AM ET",UP,Up,2.0,0.515,,WIN,YES,1.883495145631068,Up,0x91df2597e1ed4c03cd6f85b3849ad7f9715fba609cfc11a6d66745335a05d23f,112692360743890295234781718420459133748328006918793933110382662104397907435117
2026-04-27T07:45:02.727494+00:00,2026-04-27T07:54:26.311500+00:00,momentum,"Bitcoin Up or Down - April 27, 3:45AM-3:50AM ET",DOWN,Down,2.0,0.52,,LOSS,NO,-2.0,Up,0x090b9579ca7e9b301322451fc0eb5dd5aaa81a7d9535cfc391f5035b033f3ded,42289675832038502354800578652475497429592511782297354992184304251067243367017
2026-04-27T07:45:00.599278+00:00,2026-04-27T07:55:25.986406+00:00,momentum,"Ethereum Up or Down - April 27, 3:45AM-3:50AM ET",UP,Up,2.0,0.515,,LOSS,NO,-2.0,Down,0x35851cd10ccc7121599129c8f387c1f6ba3332906d13e2458c11e9c328c93220,45824957055911071138755921048940132000184670168635997216483888734763064986898
2026-04-27T07:50:00.733678+00:00,2026-04-27T07:59:28.341206+00:00,momentum,"Ethereum Up or Down - April 27, 3:50AM-3:55AM ET",UP,Up,4.0,0.515,,LOSS,NO,-4.0,Down,0x79a36c4bc1cc97bb627d08badd792fe4a8a146c87f86aeb100ac2e37669b6acd,98813865772437121090891396309663619595306521670587665256838408734713404896245
2026-04-27T07:50:00.737013+00:00,2026-04-27T07:59:28.512533+00:00,momentum,"Solana Up or Down - April 27, 3:50AM-3:55AM ET",UP,Up,4.0,0.525,,WIN,YES,3.6190476190476186,Up,0x86df36079b9df9f74f7ce195a4c7d0ecfab3142ab1f9421eb365c4ffafb5917e,89728754330659753943850227977647688264518341464507319302160537098993862044940
2026-04-27T07:50:01.803488+00:00,2026-04-27T08:00:28.585449+00:00,momentum,"Bitcoin Up or Down - April 27, 3:50AM-3:55AM ET",DOWN,Down,2.0,0.53,,LOSS,NO,-2.0,Up,0xf88b6aa48997c0eb62724772a07789f08c17a589ddfaa22d27d832057a91dec6,89024789625391801039867113451269436480821704337251158004676673003165834681544
2026-04-27T07:50:14.267531+00:00,2026-04-27T08:00:28.633566+00:00,momentum,"XRP Up or Down - April 27, 3:50AM-3:55AM ET",DOWN,Down,4.0,0.52,,LOSS,NO,-4.0,Up,0xfe1cfe8b7e43eb32df798d55a0d4e8f30703d40e26fd915120e14285d3719dd5,24672814200492526567712386677648962126443769538356823551042667692704896459893
2026-04-27T07:55:01.009699+00:00,2026-04-27T08:05:31.324324+00:00,momentum,"Solana Up or Down - April 27, 3:55AM-4:00AM ET",UP,Up,8.0,0.515,,LOSS,NO,-8.0,Down,0xc225ebd144e86a6fb20cb4c812732a52711a24f70e5d66b7a5246bae62311945,50778440481755173317722892981406897340262736043260877577248431482549195704369
2026-04-27T07:55:02.080732+00:00,2026-04-27T08:05:31.367179+00:00,momentum,"Bitcoin Up or Down - April 27, 3:55AM-4:00AM ET",UP,Up,2.0,0.59,,LOSS,NO,-2.0,Down,0xefc86d84e954c910286bbc9c4aa21302c6de839736d763028ca8c6cf67a9b385,91339862613313056645163080286091010463431570585571578072928664335539441235129
2026-04-27T07:55:14.755848+00:00,2026-04-27T08:05:31.546645+00:00,momentum,"XRP Up or Down - April 27, 3:55AM-4:00AM ET",UP,Up,8.0,0.54,,LOSS,NO,-8.0,Down,0xc2723bd02c14cd1497f250520dec9c09394e5e26f2c51de404e5ac13f60b653e,14333458823506372926088258345709210261446551394316544460985552157382737514690
2026-04-27T07:55:02.084440+00:00,2026-04-27T08:06:32.502488+00:00,momentum,"Ethereum Up or Down - April 27, 3:55AM-4:00AM ET",DOWN,Down,8.0,0.53,,WIN,YES,7.094339622641508,Down,0xb31def2c7dc9f9d33fb71773436f19445757e2a01f78db7ab44873035ba6fe23,2234384194292885742474920616961849826421684579875472871417473944188711567273
2026-04-27T08:00:00.636669+00:00,2026-04-27T08:08:34.057173+00:00,momentum,"Ethereum Up or Down - April 27, 4:00AM-4:05AM ET",UP,Up,2.0,0.515,,WIN,YES,1.883495145631068,Up,0x101e27ac96411e91e90e6beaa11385a195b47deea9be2ecc41cc29880e6a6b19,27276404818363709337434772688880895504694361909764085873110905717386626958112
2026-04-27T08:00:04.919082+00:00,2026-04-27T08:08:34.227680+00:00,momentum,"XRP Up or Down - April 27, 4:00AM-4:05AM ET",DOWN,Down,8.0,0.6,,LOSS,NO,-8.0,Up,0xab90292802fcdebca697fc2b4cb01b9088f86892f57d6a03c2988414c51ba813,55376518740567346521692010452981290217917900224303581173122545438036222064838
2026-04-27T08:00:00.633183+00:00,2026-04-27T08:09:34.346412+00:00,momentum,"Solana Up or Down - April 27, 4:00AM-4:05AM ET",UP,Up,8.0,0.52,,WIN,YES,7.384615384615383,Up,0x43cba6fdf0cda6e4f7bed50e18436216619b8b8e37aafe8bab1679bbd6dcb5d1,62403183190554965019293422864103601706268772949594629828250652847347311697412
2026-04-27T08:00:04.915369+00:00,2026-04-27T08:10:35.387280+00:00,momentum,"Bitcoin Up or Down - April 27, 4:00AM-4:05AM ET",UP,Up,2.0,0.56,,WIN,YES,1.5714285714285712,Up,0x6af4b29d4a3bb734c1952a0178cb4dd8d4e27c7d9784e490e6b45698e1afa6ba,114212500707986634440143583458550995413765556165335884133971414381350511439525
2026-04-27T08:05:00.912777+00:00,2026-04-27T08:15:39.692547+00:00,momentum,"Bitcoin Up or Down - April 27, 4:05AM-4:10AM ET",UP,Up,2.0,0.53,,LOSS,NO,-2.0,Down,0x0cacf201406b53843f811310686086699d8a189ce5bd5a9122c001f55c1c4021,45376712496172144870218583228401746734054122472952586401675947933436180779476
2026-04-27T08:05:00.916523+00:00,2026-04-27T08:15:39.736743+00:00,momentum,"Ethereum Up or Down - April 27, 4:05AM-4:10AM ET",UP,Up,2.0,0.54,,LOSS,NO,-2.0,Down,0x8a5f56800c4d08e4c7039574d2fb7dfc33fd9c226e0f3d78ca4174cbce96a53f,47290513140342192554375843593819042618473391380352484298206602545407274268176
2026-04-27T08:05:00.921736+00:00,2026-04-27T08:15:39.780281+00:00,momentum,"XRP Up or Down - April 27, 4:05AM-4:10AM ET",UP,Up,16.0,0.99,,LOSS,NO,-16.0,Down,0x3f151a3c31e8f6c441cc4401428b8e53b9ba5487598c778dd790380cafde445b,39455931348485562015508044089549749622016143053186702007618327804033522742599
2026-04-27T08:05:00.926453+00:00,2026-04-27T08:15:39.829254+00:00,momentum,"Solana Up or Down - April 27, 4:05AM-4:10AM ET",UP,Up,2.0,0.54,,LOSS,NO,-2.0,Down,0x68aadf3ab9f5c0bbbbb5f4f4f7b087c0534a9c9d36d5157b1df382e45982790d,102683975125388046758493902281556949364854469447170008970806081129515495184561
2026-04-27T08:10:00.733999+00:00,2026-04-27T08:20:42.087043+00:00,momentum,"Bitcoin Up or Down - April 27, 4:10AM-4:15AM ET",UP,Up,4.0,0.56,,WIN,YES,3.1428571428571423,Up,0x4dc52e5f478cbae4addaf8ded2f70c1d8e5f66834b947eba6c278d99b7a3fcea,48658048075925843381731949628916418244927312913106814407564478699880086235352
2026-04-27T08:10:00.748486+00:00,2026-04-27T08:20:42.563323+00:00,momentum,"XRP Up or Down - April 27, 4:10AM-4:15AM ET",UP,Up,2.0,0.51,,WIN,YES,1.9215686274509802,Up,0x8b2512ffc0fd690ebec396fdb16ca1e33221781177898d21d0d9c6a16ed30dc2,20440378028708016619142773283336235342369129226056392842719729654846829473988
2026-04-27T08:10:00.738567+00:00,2026-04-27T08:21:43.018246+00:00,momentum,"Ethereum Up or Down - April 27, 4:10AM-4:15AM ET",UP,Up,4.0,0.54,,WIN,YES,3.4074074074074066,Up,0x23ac8ffd38158bc55a8a484631de3588aededc94596080d733292616f422d212,102185893205490355219423115805270944876198575664173272604695290368819193830463
2026-04-27T08:10:00.742877+00:00,2026-04-27T08:21:43.164317+00:00,momentum,"Solana Up or Down - April 27, 4:10AM-4:15AM ET",UP,Up,4.0,0.52,,WIN,YES,3.6923076923076916,Up,0x27cf6ae23ab3f72c3857e04770049a47a013e2a313f40ce7b5441c0092ac66cc,81308759429452294746246999205160274753568240779416881490944740958657588365279
2026-04-27T08:15:00.610956+00:00,2026-04-27T08:23:45.031025+00:00,momentum,"XRP Up or Down - April 27, 4:15AM-4:20AM ET",UP,Up,2.0,0.51,,WIN,YES,1.9215686274509802,Up,0x498354e7ad71b43f71946cd308871533d5324a9d9f92677a632f32d40d86659b,88215088098259533049152543141179552435346222357655781404914831990816922844485
2026-04-27T08:15:00.617007+00:00,2026-04-27T08:23:45.179435+00:00,momentum,"Solana Up or Down - April 27, 4:15AM-4:20AM ET",UP,Up,2.0,0.51,,WIN,YES,1.9215686274509802,Up,0xdd410a287e44a64607a138f58eb5d64598ffba06d1b9d6a994467282e0da80bf,95763805983053447118224200125600852984977416328616960290948446957168337319036
2026-04-27T08:15:00.606229+00:00,2026-04-27T08:24:45.373520+00:00,momentum,"Ethereum Up or Down - April 27, 4:15AM-4:20AM ET",UP,Up,2.0,0.51,,WIN,YES,1.9215686274509802,Up,0xfbef920afb994542107c50dbf0f79552b275f64700880e4d527377666122e5b5,112771044567604139970431336865764185872556427651454840926350544801782873738993
2026-04-27T08:15:10.231785+00:00,2026-04-27T08:25:45.672292+00:00,momentum,"Bitcoin Up or Down - April 27, 4:15AM-4:20AM ET",UP,Up,2.0,0.58,,WIN,YES,1.4482758620689657,Up,0x28cf8d53d4b646f6f008b1034dd5a8cac27bd51788170464a26d521393978945,65943325093061179739979128543528169009914255101609215876731912699742102940813
2026-04-27T08:20:00.723634+00:00,2026-04-27T08:29:46.753392+00:00,momentum,"Ethereum Up or Down - April 27, 4:20AM-4:25AM ET",UP,Up,2.0,0.525,,LOSS,NO,-2.0,Down,0xd8c6c752640b0034ff40ca9f9af3fca8ba1675798b45042f13e46903e79b83e6,103719411992407508959722697396126772113108184738440555259046913805569058405423
2026-04-27T08:20:02.834881+00:00,2026-04-27T08:29:46.933640+00:00,momentum,"Bitcoin Up or Down - April 27, 4:20AM-4:25AM ET",UP,Up,2.0,0.51,,LOSS,NO,-2.0,Down,0x30eced75e80e153cd87b75bc71e48783c60097a4acca078809f307d79eee01b8,110293120880064568031064414244525477126153982295278108556431775938583773085746
2026-04-27T08:20:40.907719+00:00,2026-04-27T08:30:47.493437+00:00,momentum,"XRP Up or Down - April 27, 4:20AM-4:25AM ET",UP,Up,2.0,0.53,,WIN,YES,1.773584905660377,Up,0x316259f7835678a708366a76b2399261536127ff1e7d1b29901f171089f84999,114921366984669048417366139746586781467877058729411053333244462078774642370018
2026-04-27T08:20:00.728750+00:00,2026-04-27T08:31:47.865311+00:00,momentum,"Solana Up or Down - April 27, 4:20AM-4:25AM ET",UP,Up,2.0,0.535,,LOSS,NO,-2.0,Down,0xc68966ff5edd9dc57342566288496bc02f5990d497580639ba25922ee135c013,107823704220702232280310259588213161349767273511238925374461463260704690161821
2026-04-27T08:25:00.733635+00:00,2026-04-27T08:35:49.686285+00:00,momentum,"Solana Up or Down - April 27, 4:25AM-4:30AM ET",UP,Up,2.0,0.52,,LOSS,NO,-2.0,Down,0x49f0a5b8b57bd4967860637bf80415ba526334186cf7529afc9eabcb6038e4c6,18826869690577422919462013172858673676462437175093378392397935233902287506827
2026-04-27T08:25:02.896757+00:00,2026-04-27T08:35:50.071142+00:00,momentum,"Ethereum Up or Down - April 27, 4:25AM-4:30AM ET",DOWN,Down,4.0,0.51,,WIN,YES,3.8431372549019605,Down,0x5acc28133ce0586a27f62f7b2c3c17f918c59cab1ec0f2dfcfdcdbaf2f287d22,3638117196854515387800494037302827719693265748886749496792527881836677927498
2026-04-27T08:25:05.965256+00:00,2026-04-27T08:36:50.479053+00:00,momentum,"XRP Up or Down - April 27, 4:25AM-4:30AM ET",DOWN,Down,4.0,0.55,,WIN,YES,3.2727272727272725,Down,0xfd74f4c41f122552b441f03f8145dd211c97fd75665c0c2e6ad483731e8bf463,349541381536586606806987799360862085027490159216960697258529244114234781003
2026-04-27T08:25:02.889103+00:00,2026-04-27T08:37:50.504021+00:00,momentum,"Bitcoin Up or Down - April 27, 4:25AM-4:30AM ET",DOWN,Down,4.0,0.53,,WIN,YES,3.547169811320754,Down,0x06e36724c2d27d0bcbf0486eb3eaa383790eb4a422305a695ab59cfc8451e306,11255309757657364302451333073056632922626099914780528075466041758200484326807
2026-04-27T08:30:00.511030+00:00,2026-04-27T08:38:50.826134+00:00,momentum,"Solana Up or Down - April 27, 4:30AM-4:35AM ET",UP,Up,2.0,0.52,,WIN,YES,1.8461538461538458,Up,0xa07d140223f87de1ea574ebcec3b4f47d50f2667005582f256be3f0e1a557b9b,22406381352659874337587392312979641414020661914821716697718911719700821859299
2026-04-27T08:30:01.669929+00:00,2026-04-27T08:38:51.032364+00:00,momentum,"Bitcoin Up or Down - April 27, 4:30AM-4:35AM ET",UP,Up,2.0,0.53,,WIN,YES,1.773584905660377,Up,0x85d393271caa1134a2acfd01d28d197fee412d7bfefba35dafba0afb76bafa0a,22031245686402629357568327295497624799658810029704488319322885454446088114836
2026-04-27T08:30:08.013158+00:00,2026-04-27T08:38:51.210213+00:00,momentum,"XRP Up or Down - April 27, 4:30AM-4:35AM ET",DOWN,Down,2.0,0.53,,LOSS,NO,-2.0,Up,0x8c0a68ca1804d9d37694148201955a658279b831adbd95f15f78b7f75ce6bc8f,35760583554977281610663440696217631171122511247516664138300582510749053821023
2026-04-27T08:30:01.675419+00:00,2026-04-27T08:39:51.472364+00:00,momentum,"Ethereum Up or Down - April 27, 4:30AM-4:35AM ET",UP,Up,2.0,0.53,,WIN,YES,1.773584905660377,Up,0x296183ab4e96d04c3cdbaee1311f5488bb7913292c07a60ad19b0d5e028c3c6d,47467983467113471256110742754212295482180862656714784969742134648945172764359
2026-04-27T08:35:00.955656+00:00,2026-04-27T08:44:55.911212+00:00,momentum,"Ethereum Up or Down - April 27, 4:35AM-4:40AM ET",UP,Up,2.0,0.515,,WIN,YES,1.883495145631068,Up,0xc741722c278210b2eeb5575ca8800ab62e5ba15503e91967814672b09e257616,42610116674652126972240595362860500878206571065165753811113310907368267504862
2026-04-27T08:35:00.964119+00:00,2026-04-27T08:44:55.963758+00:00,momentum,"Bitcoin Up or Down - April 27, 4:35AM-4:40AM ET",DOWN,Down,2.0,0.515,,LOSS,NO,-2.0,Up,0x05839c487306eb69617f4d181d0e74762246b96834f504ab80ba26627312f721,60573662948854792826734775824895701010041272019208456678223723736699848435043
2026-04-27T08:35:00.971389+00:00,2026-04-27T08:44:56.118066+00:00,momentum,"Solana Up or Down - April 27, 4:35AM-4:40AM ET",UP,Up,2.0,0.52,,WIN,YES,1.8461538461538458,Up,0x37d166200309a405b8762a7ce3fe883c77005103980634e31e9b3a42e80e2965,115555609444030113617429636140965503957623421979737128373476252595789662628395
2026-04-27T08:35:03.044085+00:00,2026-04-27T08:45:56.220230+00:00,momentum,"XRP Up or Down - April 27, 4:35AM-4:40AM ET",DOWN,Down,4.0,0.58,,LOSS,NO,-4.0,Up,0x6b93565cd9f0a84f61620491f92a292b359ce2306d58e35e7180cad9abff93a4,71818060587579419675726037551272909500874601359226643914014935998657845448319
2026-04-27T08:40:00.493233+00:00,2026-04-27T08:50:58.876913+00:00,momentum,"Ethereum Up or Down - April 27, 4:40AM-4:45AM ET",UP,Up,2.0,0.53,,LOSS,NO,-2.0,Down,0x83ea413da120c71e99f80f2777e64f3e4359b30d03553ec34c7f8ed4b825be76,55586063570169249897030511896146111371591239169369498622386324151658762712818
2026-04-27T08:40:00.619919+00:00,2026-04-27T08:50:59.057942+00:00,momentum,"Solana Up or Down - April 27, 4:40AM-4:45AM ET",UP,Up,2.0,0.52,,LOSS,NO,-2.0,Down,0xba8784df0ba1a3347a50af5bd9cc2cc5ea7f1d3bb096377ee32047d664a9a9c8,22960337761354662752942437102358380601039061110373886931468963188891138670930
2026-04-27T08:40:00.554100+00:00,2026-04-27T08:51:59.758441+00:00,momentum,"Bitcoin Up or Down - April 27, 4:40AM-4:45AM ET",UP,Up,4.0,0.51,,LOSS,NO,-4.0,Down,0x47ad3cb57048d50e173236718662c7f14cf603f5b4a2059104ca3e845affa372,76692212811237143454286025488058304300507519209423032473436022162729400858857
2026-04-27T08:40:10.062192+00:00,2026-04-27T08:51:59.895058+00:00,momentum,"XRP Up or Down - April 27, 4:40AM-4:45AM ET",DOWN,Down,2.0,0.53,,WIN,YES,1.773584905660377,Down,0x94b421d64726c8c9e00d42313d53fdce02181e741f23727c4401f322143ccce6,103348436436318852638942933746424542300802928407915286061945361982641544042581
2026-04-27T08:45:00.834126+00:00,2026-04-27T08:54:00.950049+00:00,momentum,"Solana Up or Down - April 27, 4:45AM-4:50AM ET",UP,Up,4.0,0.52,,WIN,YES,3.6923076923076916,Up,0x5d75c2c2a5b94a15f473412428019b6f8921e706c0541244108493c76739d637,13184207826398992870452077247438377160998308012874658897926716860284819219899
2026-04-27T08:45:00.840291+00:00,2026-04-27T08:54:01.104466+00:00,momentum,"Ethereum Up or Down - April 27, 4:45AM-4:50AM ET",UP,Up,4.0,0.515,,WIN,YES,3.766990291262136,Up,0xcd4efa9390f150a81f1c9725bb3beaa6e279af8744411cbe8c8069f6ee47e21d,89655686056755101366330100945900986942954741897110844868641635544392160176558
2026-04-27T08:45:01.916865+00:00,2026-04-27T08:54:01.279601+00:00,momentum,"Bitcoin Up or Down - April 27, 4:45AM-4:50AM ET",UP,Up,8.0,0.52,,WIN,YES,7.384615384615383,Up,0xaff88f712a4e357cd4c4ac530f6abd7a35edc93c73775ad5e9ba2e0f6fbb94bc,96435596143905424845380494821693069888384112815680600152783840715245480022704
2026-04-27T08:45:11.266989+00:00,2026-04-27T08:54:01.496740+00:00,momentum,"XRP Up or Down - April 27, 4:45AM-4:50AM ET",UP,Up,2.0,0.52,,WIN,YES,1.8461538461538458,Up,0x8a3662d9e30f0af8eb77aba385be76518afa472a2778fe3cc68e1537dea18de4,66133906021782787523725983829084626204832526462001634034044906266678361056229
2026-04-27T08:50:07.170434+00:00,2026-04-27T08:59:04.992980+00:00,momentum,"XRP Up or Down - April 27, 4:50AM-4:55AM ET",DOWN,Down,2.0,0.6,,LOSS,NO,-2.0,Up,0xca950f0fdeaf9a4e026490cfb0f294175019877f9c6890113008b2bf5f328548,38523163492119695496074217177274834124696781442349697178756315960854849395918
2026-04-27T08:50:01.027875+00:00,2026-04-27T09:00:05.580622+00:00,momentum,"Ethereum Up or Down - April 27, 4:50AM-4:55AM ET",UP,Up,2.0,0.51,,WIN,YES,1.9215686274509802,Up,0x800feb39114cc4d6da145e41987d3e028718ede166a98e7f92b29db10907a349,49822854541929748968590513513302836204509817890695763229447565028269982748524
2026-04-27T08:50:04.092159+00:00,2026-04-27T09:01:05.724117+00:00,momentum,"Bitcoin Up or Down - April 27, 4:50AM-4:55AM ET",DOWN,Down,2.0,0.56,,LOSS,NO,-2.0,Up,0x32708a0999a82e8d8f7b79f710688ea17604743729c1f8c8472eab1f440d56f6,77089573539601647717389799688734887124981463532818044778304772187873858346491
2026-04-27T08:50:04.098501+00:00,2026-04-27T09:01:05.764335+00:00,momentum,"Solana Up or Down - April 27, 4:50AM-4:55AM ET",DOWN,Down,2.0,0.56,,LOSS,NO,-2.0,Up,0xc852752711aed7e3797ad8fb2c364c2746855373669920d7c0f5cfea6ba9018b,19389399662876123809484882306402021715218331633958033543419963879876017070
2026-04-27T08:55:01.708346+00:00,2026-04-27T09:05:08.468039+00:00,momentum,"Ethereum Up or Down - April 27, 4:55AM-5:00AM ET",DOWN,Down,2.0,0.51,,LOSS,NO,-2.0,Up,0xa88f2ffedb2ba2ba42ce2135884c12ed12506c90d8a19dfe47873029dd00bd83,10879851525086326751809817866538899674981148123288757023223458286502699133892
2026-04-27T08:55:00.634379+00:00,2026-04-27T09:06:08.518660+00:00,momentum,"Solana Up or Down - April 27, 4:55AM-5:00AM ET",UP,Up,4.0,0.52,,WIN,YES,3.6923076923076916,Up,0x8f25497eb83f10d2fa755f9845038df510673360c9a92397d9b411726f22f417,89427332271379350614929306735432617849267464203776643235712181773655012328810
2026-04-27T08:55:01.715051+00:00,2026-04-27T09:06:08.559823+00:00,momentum,"Bitcoin Up or Down - April 27, 4:55AM-5:00AM ET",DOWN,Down,4.0,0.53,,LOSS,NO,-4.0,Up,0x86c9f3180e7e16b38625c83f740c18023ff903bfa10f859433a06a606c3005c9,61604032962703811780979056051488067439747996937411221427369237290257695821264
2026-04-27T08:55:14.196758+00:00,2026-04-27T09:07:08.950923+00:00,momentum,"XRP Up or Down - April 27, 4:55AM-5:00AM ET",UP,Up,2.0,0.51,,WIN,YES,1.9215686274509802,Up,0x1a39f65b26af4e4ff3b9c1ff72801c6ab0690ced32c091e7f877469fcf3eb39d,48492298309812559321045040978254400445684433142622792623031717673563775604141
2026-04-27T09:00:00.589067+00:00,2026-04-27T09:08:09.620055+00:00,momentum,"Solana Up or Down - April 27, 5:00AM-5:05AM ET",DOWN,Down,2.0,0.515,,LOSS,NO,-2.0,Up,0xcc9f6627fcb3da9b5d802021c005fc1212d1304eb851d88d5708b9018dd48ffb,5127769628857017243671357277664783405715258616307870633777338023893259721544
2026-04-27T09:00:00.596095+00:00,2026-04-27T09:09:09.664963+00:00,momentum,"XRP Up or Down - April 27, 5:00AM-5:05AM ET",DOWN,Down,2.0,0.515,,LOSS,NO,-2.0,Up,0x9ebfcf5964e90b986b813eb2f269bad78664c2fc7e00f6c54ba26cc526e6ebd6,20325658181683006550653876851182496028557762994538317572691472089132286222351
2026-04-27T09:00:01.708532+00:00,2026-04-27T09:09:09.712057+00:00,momentum,"Bitcoin Up or Down - April 27, 5:00AM-5:05AM ET",DOWN,Down,8.0,0.51,,LOSS,NO,-8.0,Up,0x9fa7f263caaf8dd74ea11847e871829cc7550ece015dd11a56e6bd9853d4536e,22707519666830272068504378600228880785522946034205512307908583020896535915638
2026-04-27T09:00:01.716391+00:00,2026-04-27T09:09:09.764887+00:00,momentum,"Ethereum Up or Down - April 27, 5:00AM-5:05AM ET",DOWN,Down,4.0,0.55,,LOSS,NO,-4.0,Up,0xf77a276b5c62fccea817811f4e970d09204595cd1ac8d4121fb0711b0add639b,32030855608496058419334766184901781531291706031965321410616521410893721763171
2026-04-27T09:05:01.089741+00:00,2026-04-27T09:15:12.236547+00:00,momentum,"Bitcoin Up or Down - April 27, 5:05AM-5:10AM ET",DOWN,Down,16.0,0.53,,WIN,YES,14.188679245283016,Down,0x6b89253f2e4a848376214aca4803a28a3729a65a466dae456fcd9d68d15c58be,97574255490391075630920329233340986698712281946064769502928528589004251367595
2026-04-27T09:05:01.099280+00:00,2026-04-27T09:15:12.394143+00:00,momentum,"Solana Up or Down - April 27, 5:05AM-5:10AM ET",DOWN,Down,4.0,0.51,,WIN,YES,3.8431372549019605,Down,0x095edb232ad43f9dca34c8c765c34e5b022b189fb1dce873b35634f1c79e2b1b,89162177013128588876063367827764269450046105515577378252910084964371841323062
2026-04-27T09:05:01.109057+00:00,2026-04-27T09:15:12.581832+00:00,momentum,"Ethereum Up or Down - April 27, 5:05AM-5:10AM ET",DOWN,Down,8.0,0.55,,WIN,YES,6.545454545454545,Down,0x8d686ce4add667d1b49780e5b452798a2c7436d6ca83a754940ee21e7a0672de,12404706398452344800716512814773447074728900329738577355124125407218566220324
2026-04-27T09:05:01.118011+00:00,2026-04-27T09:16:12.364252+00:00,momentum,"XRP Up or Down - April 27, 5:05AM-5:10AM ET",DOWN,Down,4.0,0.51,,WIN,YES,3.8431372549019605,Down,0x72aaf0beaaf48288c873df030d25a4d91f472e51d52a2883c69aa67533fc3804,101142514901034233044565957010963322366232957831621925722122105299436982357333
2026-04-27T09:10:00.795412+00:00,2026-04-27T09:21:15.834554+00:00,momentum,"Ethereum Up or Down - April 27, 5:10AM-5:15AM ET",DOWN,Down,2.0,0.515,,LOSS,NO,-2.0,Up,0xe8a1960de76c97423387df2f6a117363d821d20c8f961db9c85315135a76500d,110835135053408122046807326971127273708659593297849204262570052813411484507951
2026-04-27T09:10:02.887493+00:00,2026-04-27T09:21:16.095318+00:00,momentum,"Bitcoin Up or Down - April 27, 5:10AM-5:15AM ET",DOWN,Down,2.0,0.51,,LOSS,NO,-2.0,Up,0xe49d83601e51768ff11e09c78e87370b7e99aed367602528e02a82540e808ae6,83483322502841622118252824789836654282881892958814905624660717375295559668233
2026-04-27T09:10:02.897626+00:00,2026-04-27T09:21:16.146607+00:00,momentum,"XRP Up or Down - April 27, 5:10AM-5:15AM ET",DOWN,Down,2.0,0.52,,LOSS,NO,-2.0,Up,0xa1c602f9b9481e6d5a082b104913ea3769daa65f6c3619029ff2199f3e06784d,98737130053590993569228384076568603671856920359684563463499249074553056412398
2026-04-27T09:10:00.801568+00:00,2026-04-27T09:22:16.694065+00:00,momentum,"Solana Up or Down - April 27, 5:10AM-5:15AM ET",DOWN,Down,2.0,0.515,,LOSS,NO,-2.0,Up,0x774c29a7fc5266cc4ad085f75ed78a56766d0315978016ba085969fe3d142da5,53322942242348671953353663421781122766417390067891635511296839457980665463400
2026-04-27T09:15:00.697812+00:00,2026-04-27T09:23:17.439261+00:00,momentum,"Bitcoin Up or Down - April 27, 5:15AM-5:20AM ET",DOWN,Down,4.0,0.52,,WIN,YES,3.6923076923076916,Down,0xc5f3e7d9cb111feeb1886c01e17562430e652a99ce886195b27e0b8b2e0b4ebf,99792778960998749586016476899724743702184422636447660705850740293113551490649
2026-04-27T09:15:00.704655+00:00,2026-04-27T09:23:17.598604+00:00,momentum,"Ethereum Up or Down - April 27, 5:15AM-5:20AM ET",DOWN,Down,4.0,0.52,,WIN,YES,3.6923076923076916,Down,0xb93d616b8ec2092c257c6a9f150d9838fd24f360eed076f41ff75ab22be61fa4,26245740758801961313614096127134399140310164212906408692950929361412762792081
2026-04-27T09:15:37.052150+00:00,2026-04-27T09:23:17.906704+00:00,momentum,"XRP Up or Down - April 27, 5:15AM-5:20AM ET",DOWN,Down,4.0,0.53,,WIN,YES,3.547169811320754,Down,0xf8060768c1c95784f861cb16f134e3998a9cc7941b8355b8ba20e7e1ea55b581,45901224962171702664118678460056852037424240155400760891644856136808697110413
2026-04-27T09:15:00.712457+00:00,2026-04-27T09:24:17.827929+00:00,momentum,"Solana Up or Down - April 27, 5:15AM-5:20AM ET",DOWN,Down,4.0,0.51,,WIN,YES,3.8431372549019605,Down,0x149565c1e47fa5e29d986a8f83bcf7713109fe748b75bb3de7192bf083f577b2,87857797615056267106849187453494022427016383814569468633691095776932390297279
2026-04-27T09:20:00.556438+00:00,2026-04-27T09:29:21.352529+00:00,momentum,"XRP Up or Down - April 27, 5:20AM-5:25AM ET",UP,Up,2.0,0.99,,LOSS,NO,-2.0,Down,0x2f6059f67d57acc258c7374440d01a74af3baa5a699a631c8490c50270571a82,10616246581371563863328417489502624257862239039885861087626085875603435634563
2026-04-27T09:20:00.539806+00:00,2026-04-27T09:30:21.840679+00:00,momentum,"Bitcoin Up or Down - April 27, 5:20AM-5:25AM ET",DOWN,Down,2.0,0.54,,WIN,YES,1.7037037037037033,Down,0x3f0a9809c2cbcefb321a201df9b95734cd67294889ad4a3cd43b8c451e1466a7,64104331927633405934937817560432406813858076800888601669291565279591236316073
2026-04-27T09:20:00.548003+00:00,2026-04-27T09:30:22.180567+00:00,momentum,"Solana Up or Down - April 27, 5:20AM-5:25AM ET",DOWN,Down,2.0,0.63,,WIN,YES,1.1746031746031744,Down,0xcc91df2c9c0d85d5a9e2574d2715d693dbb1c01fe14f2015909c531a9f14dccf,78013400451258453167716759922962514214889135763252919011020324210958785489001
2026-04-27T09:20:00.563965+00:00,2026-04-27T09:30:22.238566+00:00,momentum,"Ethereum Up or Down - April 27, 5:20AM-5:25AM ET",UP,Up,2.0,0.99,,LOSS,NO,-2.0,Down,0xa30286b3c471faabb9d951e6faf990e5f3bd6e906a74f45298365b609960b242,101601767346322958558572571193685003746810322977318197677573224534202678440338
2026-04-27T09:25:03.102492+00:00,2026-04-27T09:36:24.982434+00:00,momentum,"Ethereum Up or Down - April 27, 5:25AM-5:30AM ET",UP,Up,4.0,0.53,,WIN,YES,3.547169811320754,Up,0x7eca595efc1648ce0095f5815a517f99438c6319567e0aed95dcc65eb4095970,91812535429592374081747625503362952263995038770899825225324033794935688103024
2026-04-27T09:25:03.109399+00:00,2026-04-27T09:36:25.026114+00:00,momentum,"Solana Up or Down - April 27, 5:25AM-5:30AM ET",DOWN,Down,2.0,0.52,,LOSS,NO,-2.0,Up,0xa4be86aa9da9dcd1896c5ab10cd7753ae5915917ff9b762447fe2c202b9538e0,107650502390574373685343589368338994789151113193878152363078919783324533327221
2026-04-27T09:25:06.182386+00:00,2026-04-27T09:37:25.274164+00:00,momentum,"Bitcoin Up or Down - April 27, 5:25AM-5:30AM ET",DOWN,Down,2.0,0.51,,LOSS,NO,-2.0,Up,0xa7658a7d0dd52feba175a0a6b9943c9776899fe1d321c98e8d89edf15e00ebec,90761800754513641252274476647700119818921641295295037798507701698188253457424
2026-04-27T09:25:06.189502+00:00,2026-04-27T09:37:25.315978+00:00,momentum,"XRP Up or Down - April 27, 5:25AM-5:30AM ET",DOWN,Down,4.0,0.52,,LOSS,NO,-4.0,Up,0xbf294db309d312beb207608e667c8858e1df142805ec07c1d41fcf336b3d3639,101188647490821825669998619711664660593364706007384728214649268159447773697352
2026-04-27T09:30:02.242387+00:00,2026-04-27T09:38:25.779998+00:00,momentum,"Ethereum Up or Down - April 27, 5:30AM-5:35AM ET",UP,Up,2.0,0.52,,WIN,YES,1.8461538461538458,Up,0x4ba17fcfaf080fff7db60ab7eddde6cb2517ff272d2fb63ad880c92fea43edaa,42745321810661113194850657809829247922247834303490128391430079614418745375472
2026-04-27T09:30:02.249684+00:00,2026-04-27T09:38:25.970506+00:00,momentum,"XRP Up or Down - April 27, 5:30AM-5:35AM ET",UP,Up,8.0,0.53,,WIN,YES,7.094339622641508,Up,0xe287073739c3961b1e311d3ee8579a9d2ee8afa9b360882917c090940e2ec9b2,16754834213184807319301227690759294889325348039191700182281888326146617104114
2026-04-27T09:30:01.186807+00:00,2026-04-27T09:39:25.850453+00:00,momentum,"Bitcoin Up or Down - April 27, 5:30AM-5:35AM ET",UP,Up,2.0,0.51,,WIN,YES,1.9215686274509802,Up,0x23a897c2bd1f6fe602288536546c1b04a7a550e60efbe0ca5cf6fa80bd655396,7177896296337233604807595027755633100891023324881399634529009304069710544015
2026-04-27T09:30:01.232946+00:00,2026-04-27T09:39:26.007702+00:00,momentum,"Solana Up or Down - April 27, 5:30AM-5:35AM ET",UP,Up,2.0,0.51,,WIN,YES,1.9215686274509802,Up,0xd54301ed447db993766812657b56c85d076bfa8f1681aa714be5858c85510693,3401029853762031806843605456639347980919878395226486456173558378078578571826
2026-04-27T09:35:00.217665+00:00,2026-04-27T09:44:28.433267+00:00,momentum,"Solana Up or Down - April 27, 5:35AM-5:40AM ET",UP,Up,2.0,0.51,,LOSS,NO,-2.0,Down,0x7912f0b2b4af5c05803de2ed2ca3c0293ee04f624f8593e53279408a46c481bd,30382371997393952816250940467972036638954473035243361764764486254831799830525
2026-04-27T09:35:00.232815+00:00,2026-04-27T09:44:28.740365+00:00,momentum,"Bitcoin Up or Down - April 27, 5:35AM-5:40AM ET",DOWN,Down,2.0,0.52,,WIN,YES,1.8461538461538458,Down,0xd11dd4c6937f2e603f4838b296a45618a9343852fea68dd38b1fdfbc74f4c2c9,67303879320853584076260958594264414773412244112931566749351671839806348112719
2026-04-27T09:35:09.590321+00:00,2026-04-27T09:45:28.863633+00:00,momentum,"XRP Up or Down - April 27, 5:35AM-5:40AM ET",DOWN,Down,2.0,0.64,,WIN,YES,1.125,Down,0x412ebd1a7f22d7407c98dc67c3469cf006dfca670816a764d9cb3d37e7975daa,95568324459075540531265892483888201741636689499043851092954353605846325103947
2026-04-27T09:35:00.224661+00:00,2026-04-27T09:46:29.707846+00:00,momentum,"Ethereum Up or Down - April 27, 5:35AM-5:40AM ET",DOWN,Down,2.0,0.53,,WIN,YES,1.773584905660377,Down,0xfab460680fc33970cb1b7e87c6e73c970d7d983f2ba0e9788b33f075ebe57a71,30551350646729502421416321007076209421286385651242120731822357948896012800701
2026-04-27T09:40:00.379032+00:00,2026-04-27T09:50:31.097716+00:00,momentum,"Ethereum Up or Down - April 27, 5:40AM-5:45AM ET",DOWN,Down,2.0,0.515,,LOSS,NO,-2.0,Up,0x37fde58e9713b57997cb10e3e4a82dda9ef552052485321ffa0d059f11125022,100559608892690097268697669621726773728946232938747271017149745569868232875379
2026-04-27T09:40:01.462390+00:00,2026-04-27T09:51:31.116986+00:00,momentum,"Bitcoin Up or Down - April 27, 5:40AM-5:45AM ET",DOWN,Down,2.0,0.52,,LOSS,NO,-2.0,Up,0x613c8d8b397080caabab147df2306b21e1049bf58975874f9f60577428e2865b,49451494050820525175490114586211668175803636141440907918243287230058398514378
2026-04-27T09:40:10.940296+00:00,2026-04-27T09:51:31.160273+00:00,momentum,"XRP Up or Down - April 27, 5:40AM-5:45AM ET",DOWN,Down,2.0,0.51,,LOSS,NO,-2.0,Up,0x50beb252b59f9a6384eb157c84232a21df339f735b1027b2604171c188b7e057,78019459185153151510919801553234115774551794485954809749437032080060804328143
2026-04-27T09:40:23.279073+00:00,2026-04-27T09:51:31.200634+00:00,momentum,"Solana Up or Down - April 27, 5:40AM-5:45AM ET",DOWN,Down,4.0,0.56,,LOSS,NO,-4.0,Up,0x29603a6524be0c1d41e46d3b36c07be7f62f97ce119ef1295718fa9c0527ff2c,53682447396268553040472085219881000907556789176862974401841400387727535631698
2026-04-27T09:45:00.974423+00:00,2026-04-27T09:53:32.125104+00:00,momentum,"Ethereum Up or Down - April 27, 5:45AM-5:50AM ET",DOWN,Down,4.0,0.515,,WIN,YES,3.766990291262136,Down,0xd3af6d297142dcfb622fafd338663853ecc2ae105726af1def7e7caef61fd6de,16574568748784874207732377428446557419964261623373195438866378688117381796317
2026-04-27T09:45:02.136994+00:00,2026-04-27T09:54:32.340121+00:00,momentum,"Bitcoin Up or Down - April 27, 5:45AM-5:50AM ET",DOWN,Down,2.0,0.52,,WIN,YES,1.8461538461538458,Down,0x22dde7fd4af2fdf940bd4daf4a9cfec95274a8cdd77b0921e5ddca44e601893f,72704111468391322700052000139573132839330395920272203553366424834060989606477
2026-04-27T09:45:05.287559+00:00,2026-04-27T09:54:32.477166+00:00,momentum,"XRP Up or Down - April 27, 5:45AM-5:50AM ET",DOWN,Down,4.0,0.51,,WIN,YES,3.8431372549019605,Down,0x57bdb99458a7fc8f7e1251ef34c72baa4dc97128a7405c0d1f3f577ffdae466a,67841141936286998757419725061898898280926623419487782718222700332824596200686
2026-04-27T09:45:09.433087+00:00,2026-04-27T09:54:32.623580+00:00,momentum,"Solana Up or Down - April 27, 5:45AM-5:50AM ET",UP,Up,2.0,0.51,,WIN,YES,1.9215686274509802,Up,0x552fa124de82602d8c35e3b692cb1247774d30b491e471150f176fd8451a206f,37417133581879564619191982317823269180825678216351248436842123086120800491266
2026-04-27T09:50:02.704108+00:00,2026-04-27T09:59:36.050342+00:00,momentum,"Bitcoin Up or Down - April 27, 5:50AM-5:55AM ET",DOWN,Down,2.0,0.52,,LOSS,NO,-2.0,Up,0x5f17ff81ebcf7583655d65a8fbb6b61cb48bc6eba9e27af155e13fac78811c99,13912547637724237799381126124121839004362725985552228595426686903896587832353
2026-04-27T09:50:24.253780+00:00,2026-04-27T09:59:36.238472+00:00,momentum,"XRP Up or Down - April 27, 5:50AM-5:55AM ET",DOWN,Down,2.0,0.51,,LOSS,NO,-2.0,Up,0x5dd398be4482e82b966722779da1874279cb49186f7914010453e7c001ee39ab,48966382055276198443900124659389750813937875574986900322134338491326591097162
2026-04-27T09:50:02.694859+00:00,2026-04-27T10:00:36.189911+00:00,momentum,"Ethereum Up or Down - April 27, 5:50AM-5:55AM ET",DOWN,Down,2.0,0.51,,LOSS,NO,-2.0,Up,0x6dc318cfe1bd11f480141215edeaea332ed947d8807bf0d4ea03fd4988f4cbc7,97907812534371288642121053170685563540644531328990023888060855790755694218786
2026-04-27T09:50:11.956704+00:00,2026-04-27T10:00:36.246429+00:00,momentum,"Solana Up or Down - April 27, 5:50AM-5:55AM ET",DOWN,Down,2.0,0.51,,LOSS,NO,-2.0,Up,0xb1ed59d3f7b4998979c6baf53cf1983884de7ef5031bc5fe293aa0d11621dc9b,43753368291775632480259659158149606234439666517468122567083269932308527037260
2026-04-27T09:55:01.666198+00:00,2026-04-27T10:05:39.059320+00:00,momentum,"Ethereum Up or Down - April 27, 5:55AM-6:00AM ET",DOWN,Down,4.0,0.52,,WIN,YES,3.6923076923076916,Down,0x38b5744c4e4ad91f5ee95854b6b7d770a2d7d6f45b1f95f9c599589e61440120,111110751375800748514406701416736445530015778846712951326847427368310714963192
2026-04-27T09:55:01.655084+00:00,2026-04-27T10:06:39.719900+00:00,momentum,"Bitcoin Up or Down - April 27, 5:55AM-6:00AM ET",DOWN,Down,2.0,0.56,,WIN,YES,1.5714285714285712,Down,0xf721e2c015364eedf1803b81ce693b5e701fb287a105bead5bec7f1736c6352e,29571869472230315019448318973416722684397010416062142043039498165102817801414
2026-04-27T09:55:10.888871+00:00,2026-04-27T10:06:39.918476+00:00,momentum,"XRP Up or Down - April 27, 5:55AM-6:00AM ET",UP,Up,4.0,0.53,,LOSS,NO,-4.0,Down,0x4db8b502539b7ada3eab78ecd109f9b999d0f0008b16a07165cac9a8cc244e0e,101422915135839687399293328729816753356651259490892812986787231323022834879727
2026-04-27T09:55:07.809467+00:00,2026-04-27T10:07:40.084475+00:00,momentum,"Solana Up or Down - April 27, 5:55AM-6:00AM ET",DOWN,Down,4.0,0.55,,WIN,YES,3.2727272727272725,Down,0x7292fe04b647be5974d9fd81dbe5bd760e6195e4ab386972674271a3153a0b6f,59238615117436896728851149480622780138715318550976891347616802310700799651816
2026-04-27T10:00:03.343104+00:00,2026-04-27T10:08:41.097343+00:00,momentum,"Bitcoin Up or Down - April 27, 6:00AM-6:05AM ET",DOWN,Down,2.0,0.53,,WIN,YES,1.773584905660377,Down,0x72651efbe9d79d959d3d13d1197f103bcdb7eb68d780b9815d900272b04d3e96,43815567274710444790225951134443610920707472170463570735269015469730324787166
2026-04-27T10:00:01.158366+00:00,2026-04-27T10:09:41.388201+00:00,momentum,"Solana Up or Down - April 27, 6:00AM-6:05AM ET",UP,Up,2.0,0.515,,LOSS,NO,-2.0,Down,0xbc076cc50f363e1bff513efbc89c4e49912ac126283b61339b679385da05c743,72167119320624212893094842370626696687447694273510204576273999897950548911994
2026-04-27T10:00:03.352371+00:00,2026-04-27T10:09:41.428879+00:00,momentum,"Ethereum Up or Down - April 27, 6:00AM-6:05AM ET",DOWN,Down,2.0,0.54,,LOSS,NO,-2.0,Up,0x55e873eef64ee63bb8965b0f875a01a1cf64c683b309994f9b8d6ce403c43209,72014499441902486034047765718523699441449929910062143074808113967616035804873
2026-04-27T10:00:06.523218+00:00,2026-04-27T10:09:41.586335+00:00,momentum,"XRP Up or Down - April 27, 6:00AM-6:05AM ET",DOWN,Down,4.0,0.59,,WIN,YES,2.779661016949153,Down,0xbd72bd5cd0597c802bbfceeb3ae84e771c9a6ea91ff93125c463637dbe9da82c,3143987664100377713984619958860178803763508910535903822988371541408941382031
2026-04-27T10:05:05.350915+00:00,2026-04-27T10:14:44.237009+00:00,momentum,"Solana Up or Down - April 27, 6:05AM-6:10AM ET",DOWN,Down,4.0,0.57,,LOSS,NO,-4.0,Up,0x8cbe8acea46814df57d357d67f6f1576452e6f2919e1f0d4123473189a1c27ca,87616365577345910736604296249166472332077982895722803029853711844663823610034
2026-04-27T10:05:11.492157+00:00,2026-04-27T10:14:44.383323+00:00,momentum,"Ethereum Up or Down - April 27, 6:05AM-6:10AM ET",DOWN,Down,2.0,0.55,,WIN,YES,1.6363636363636362,Down,0x93c918d6a7a2ae73b29b03af9dcdd9c6a86922e90e46fdc26e3617c205416062,95238677660149361120111764586182826050507837930458537240069109850639182353848
2026-04-27T10:05:02.265777+00:00,2026-04-27T10:15:44.799693+00:00,momentum,"Bitcoin Up or Down - April 27, 6:05AM-6:10AM ET",DOWN,Down,2.0,0.63,,WIN,YES,1.1746031746031744,Down,0x2154109953ebb2696d5d22dc487a2d31c20b2c68435539533f167af6d1b9e811,52706821151367225425660995189528415592274715245989248586183367371878652969259
2026-04-27T10:05:02.276549+00:00,2026-04-27T10:15:44.840014+00:00,momentum,"XRP Up or Down - April 27, 6:05AM-6:10AM ET",DOWN,Down,2.0,0.53,,LOSS,NO,-2.0,Up,0x2b37d24f426f93a9cd9210b21aecf149ca07f35e9e4518dd56776332118a07bc,50006660336878635682320445091230267961693846590213926290541927439025930827424
2026-04-27T10:10:10.755950+00:00,2026-04-27T10:20:48.059193+00:00,momentum,"Ethereum Up or Down - April 27, 6:10AM-6:15AM ET",UP,Up,2.0,0.57,,LOSS,NO,-2.0,Down,0x455487b39c73500bba4904408e0e0ec9b969d1dc0b408a5c163869d5e8c2dceb,2476738207698955735589679279585191636920071571891851947676905602890346418930
2026-04-27T10:10:10.775422+00:00,2026-04-27T10:20:48.227551+00:00,momentum,"Solana Up or Down - April 27, 6:10AM-6:15AM ET",UP,Up,8.0,0.57,,WIN,YES,6.035087719298247,Up,0x71ed0ab2213ed1b594dfffa873883212feb263ad6ef2f1632cfe1cfcb382d2d3,16581842351769996095957464796523591546976962251797420319054495418187894307122
2026-04-27T10:10:01.401336+00:00,2026-04-27T10:21:47.968835+00:00,momentum,"Bitcoin Up or Down - April 27, 6:10AM-6:15AM ET",UP,Up,2.0,0.56,,LOSS,NO,-2.0,Down,0xcfaecf295c7703d03e4dfab98902ca4e8db1186f08ab38c216958ae667339fae,95455069111012571372903811991572888632249828160348574502042399519020182602365
2026-04-27T10:10:10.785137+00:00,2026-04-27T10:21:48.019175+00:00,momentum,"XRP Up or Down - April 27, 6:10AM-6:15AM ET",UP,Up,2.0,0.51,,LOSS,NO,-2.0,Down,0x4ef88555493f117784431cdf1e3241da85db1898dab8a931d880887fddd15315,12956293158542431273408075979751612992267507993255547771337144207697378922356
2026-04-27T10:15:00.249115+00:00,2026-04-27T10:23:48.837794+00:00,momentum,"Bitcoin Up or Down - April 27, 6:15AM-6:20AM ET",UP,Up,4.0,0.52,,WIN,YES,3.6923076923076916,Up,0x3037878e9ffe444c7c05209d2f591536727d36c22ea339b740164eeecd896cf7,48360201682891946875867626364707038884666145618388032352977944716097639074912
2026-04-27T10:15:11.661939+00:00,2026-04-27T10:23:49.160248+00:00,momentum,"Ethereum Up or Down - April 27, 6:15AM-6:20AM ET",UP,Up,4.0,0.53,,WIN,YES,3.547169811320754,Up,0x61f2eb297e33a9dc12979b120897dc0cd4857818610c3b9ad91361e390775b8c,88114996576988663421104643289360865977866492379582582265203339945056202889513
2026-04-27T10:15:02.330899+00:00,2026-04-27T10:24:48.868118+00:00,momentum,"Solana Up or Down - April 27, 6:15AM-6:20AM ET",UP,Up,2.0,0.52,,LOSS,NO,-2.0,Down,0x0fc721d6e0332035e403e119c840f48e6168b52cb2b916ec4c05dcf08ea25acd,78029297023117634830232368199666510090761954995768615377535340273284156301758
2026-04-27T10:15:14.735609+00:00,2026-04-27T10:24:48.913279+00:00,momentum,"XRP Up or Down - April 27, 6:15AM-6:20AM ET",UP,Up,4.0,0.56,,LOSS,NO,-4.0,Down,0x576e549ffe9788950bba7d4353ad541871e38385b08d443921ee91b4f9323890,110593336090957956106099804092587764190701023549615307453288684298847838972010
2026-04-27T10:20:00.514798+00:00,2026-04-27T10:29:53.198607+00:00,momentum,"Bitcoin Up or Down - April 27, 6:20AM-6:25AM ET",UP,Up,2.0,0.535,,LOSS,NO,-2.0,Down,0x24cf36060bf76fe1e5a23caab1ee25292cffcd0d4ba0417c516614817fc7916c,93929776155565320084597115268921767551370568771708650404755108174579771768405
2026-04-27T10:20:05.670426+00:00,2026-04-27T10:29:53.564055+00:00,momentum,"Ethereum Up or Down - April 27, 6:20AM-6:25AM ET",DOWN,Down,2.0,0.52,,WIN,YES,1.8461538461538458,Down,0x869bd07d56d86e72891c7fe966862642566d1996a8202af386129ea47068db5e,50368599232514018278176702104188155940353170822024761861261230067996136502064
2026-04-27T10:20:27.553524+00:00,2026-04-27T10:29:53.709177+00:00,momentum,"Solana Up or Down - April 27, 6:20AM-6:25AM ET",DOWN,Down,4.0,0.53,,WIN,YES,3.547169811320754,Down,0x3e5996db7ff09946dfef9f4d38a639c8eeb2a0b3a9c2f9b6664dfc5bba76ea94,23024402510189672146947828477636938676302425291255690539037968783738290282425
2026-04-27T10:20:00.523235+00:00,2026-04-27T10:30:53.874099+00:00,momentum,"XRP Up or Down - April 27, 6:20AM-6:25AM ET",UP,Up,2.0,0.515,,LOSS,NO,-2.0,Down,0x60c757bef0dc74ac0f3ad3b56640ac99a2a351f087ff1f5200964852159e1eb8,64634300469393605606886725866515332378297080679946564104417141720124679436796
2026-04-27T10:25:02.667541+00:00,2026-04-27T10:35:58.392650+00:00,momentum,"Ethereum Up or Down - April 27, 6:25AM-6:30AM ET",UP,Up,2.0,0.53,,WIN,YES,1.773584905660377,Up,0x775532d9c4af0fcc11e7212edcb0a0750bbbf5067e2a03f0cf848ae392e99dce,28316109468261911026980475161680625961412041876465141789866761741382308148414
2026-04-27T10:25:02.628503+00:00,2026-04-27T10:36:58.770164+00:00,momentum,"Bitcoin Up or Down - April 27, 6:25AM-6:30AM ET",UP,Up,4.0,0.53,,WIN,YES,3.547169811320754,Up,0x5ad249ffba265f65e4d9244d95da17931ebad76c261993c4a98d011145b1b8d6,167050866092948493678948122928739920719017379095799792166764762023576514077
2026-04-27T10:25:02.640906+00:00,2026-04-27T10:36:58.886893+00:00,momentum,"Solana Up or Down - April 27, 6:25AM-6:30AM ET",UP,Up,2.0,0.56,,LOSS,NO,-2.0,Down,0x0970fd629bcda151ee219f926e0fc06142788961c8d91f5323e5a6af276440f5,22363956638862390241911425687763919378518494850431689183872384700681566702894
2026-04-27T10:25:02.654255+00:00,2026-04-27T10:36:59.150548+00:00,momentum,"XRP Up or Down - April 27, 6:25AM-6:30AM ET",UP,Up,4.0,0.53,,WIN,YES,3.547169811320754,Up,0xb1b14575295afaf0acdee4c9ece5533b0c92845480f8a29beebfe2efa798d8dd,16704325811020985919657264640230345916986284439185086917873077071893755116658
2026-04-27T10:30:01.470750+00:00,2026-04-27T10:39:00.368868+00:00,momentum,"Ethereum Up or Down - April 27, 6:30AM-6:35AM ET",UP,Up,2.0,0.52,,WIN,YES,1.8461538461538458,Up,0xd66b85e1aaaf4610c48f2ab4da9bd98242f0c7e61cdb206d8548cbbbb28b131f,56631798889092714440505014540540987610148199050887126597184604689418426935801
2026-04-27T10:30:01.481114+00:00,2026-04-27T10:39:00.545493+00:00,momentum,"XRP Up or Down - April 27, 6:30AM-6:35AM ET",UP,Up,2.0,0.51,,WIN,YES,1.9215686274509802,Up,0x94bec32a503b3223d158eccc3465bc1f5b7eeafecf277276ceb07b98104ffeb4,106050205259090196807078397639317285661379760173101923045413058501133752554850
2026-04-27T10:30:00.369376+00:00,2026-04-27T10:40:00.909028+00:00,momentum,"Solana Up or Down - April 27, 6:30AM-6:35AM ET",UP,Up,2.0,0.52,,LOSS,NO,-2.0,Down,0xad04afa1ccb0183eae6c2544c8248d1003a1498388239040ff4200861c8e8e77,41267732644799084396917805140517413642302506860890978619171568100016691320050
2026-04-27T10:30:01.459991+00:00,2026-04-27T10:40:01.054933+00:00,momentum,"Bitcoin Up or Down - April 27, 6:30AM-6:35AM ET",UP,Up,2.0,0.51,,WIN,YES,1.9215686274509802,Up,0xe4eb80511055c78191066746059106f6767bf5efe3be5023c25f416a7930ac0b,35208800789680138473161408217413326927588228033497281152387630492215273624094
2026-04-27T10:35:00.965060+00:00,2026-04-27T10:45:03.510499+00:00,momentum,"XRP Up or Down - April 27, 6:35AM-6:40AM ET",UP,Up,2.0,0.515,,WIN,YES,1.883495145631068,Up,0x092e2f8c47eae9496ecadd7997f3475f1c5a423bde361edb962394732ed1fe72,26281012363220949114212126161854697943975706035620774910692719535247543862610
2026-04-27T10:35:00.973969+00:00,2026-04-27T10:45:03.556672+00:00,momentum,"Solana Up or Down - April 27, 6:35AM-6:40AM ET",UP,Up,2.0,0.52,,LOSS,NO,-2.0,Down,0xf24b4b3645b75ea29f2805edf0399d6cf5d6a5bd479dc38d2376c6c07442a55c,48036814289875136007323889354255638742298306694046666275092098059842244774689
2026-04-27T10:35:06.302509+00:00,2026-04-27T10:45:03.786262+00:00,momentum,"Ethereum Up or Down - April 27, 6:35AM-6:40AM ET",DOWN,Down,2.0,0.51,,LOSS,NO,-2.0,Up,0xdf2270218d033a6318219c0c005c305c2d1109f1cb2f0ea9d7507b141a71f8a9,23483173324884662284631545617326860207153114449074863209821337008508618428197
2026-04-27T10:35:03.121170+00:00,2026-04-27T10:46:03.773877+00:00,momentum,"Bitcoin Up or Down - April 27, 6:35AM-6:40AM ET",UP,Up,2.0,0.51,,WIN,YES,1.9215686274509802,Up,0xf69bdd1bdd43932770cd24ce2d7b754396bf2e3ee0b2cfefb37852e8975bece3,56066310320959378898327642815775109679684383408714139256790136230732360132857
2026-04-27T10:40:00.839319+00:00,2026-04-27T10:50:07.119759+00:00,momentum,"XRP Up or Down - April 27, 6:40AM-6:45AM ET",UP,Up,2.0,0.51,,LOSS,NO,-2.0,Down,0x7f262ae9275e46ce2452ed1c87889e64c43c704d120ccaafa402b31d952db8b5,106648961097370471783127077323994934669355861472490214182115826587225342439345
2026-04-27T10:40:00.829794+00:00,2026-04-27T10:51:07.358689+00:00,momentum,"Bitcoin Up or Down - April 27, 6:40AM-6:45AM ET",UP,Up,2.0,0.51,,LOSS,NO,-2.0,Down,0x0257f8aa1275002efcfaa54d4fd5732a9f2957f4859e92cc8672bff4120a5e1b,85155147494791695714023667364499339249071905630093550689279428629887234397119
2026-04-27T10:40:00.849814+00:00,2026-04-27T10:51:07.515025+00:00,momentum,"Solana Up or Down - April 27, 6:40AM-6:45AM ET",UP,Up,4.0,0.51,,WIN,YES,3.8431372549019605,Up,0x344f5c3f9327b5e58c83530c389b60ae0f802f72b3edaedfd8597a64fda3bc3f,43342387927506444902013314510577520648255217223659403280820338803529063332946
2026-04-27T10:40:16.462190+00:00,2026-04-27T10:51:07.566777+00:00,momentum,"Ethereum Up or Down - April 27, 6:40AM-6:45AM ET",UP,Up,2.0,0.51,,LOSS,NO,-2.0,Down,0x3b933f0ff9b34d2f444909435ee0c9fc1a9fd6c8bd207ad2ee1c417f2b2fa4fa,72975295063336965462024864528821137933756122925106593446540393324694957863017
2026-04-27T10:45:03.329557+00:00,2026-04-27T10:54:08.567611+00:00,momentum,"Bitcoin Up or Down - April 27, 6:45AM-6:50AM ET",DOWN,Down,4.0,0.52,,WIN,YES,3.6923076923076916,Down,0x5cbab9513c292c966a24a2f7c4244520e5d09003783066243b2c1af28d9c0364,62129538499836299611087970842153298258971920876735214721747250791974500830440
2026-04-27T10:45:38.494239+00:00,2026-04-27T10:54:09.066708+00:00,momentum,"Ethereum Up or Down - April 27, 6:45AM-6:50AM ET",UP,Up,4.0,0.66,,WIN,YES,2.0606060606060606,Up,0x948bf08cb7b932425047ee6e18cd8a725111f0be41b854f2ce8c3b70dcdf8d7b,37088502520403536773706122838496278723225303981716152133205572938463589393203
2026-04-27T10:45:03.340864+00:00,2026-04-27T10:55:09.370347+00:00,momentum,"Solana Up or Down - April 27, 6:45AM-6:50AM ET",UP,Up,2.0,0.51,,WIN,YES,1.9215686274509802,Up,0x241f13ad26c8527a9a7fe39efb712b306f7fcc1199f6e80c3303f4d30eccc9f5,15475318875572966079407301820089038618778246291556953494589337172585261260478
2026-04-27T10:45:25.604388+00:00,2026-04-27T10:55:09.531834+00:00,momentum,"XRP Up or Down - April 27, 6:45AM-6:50AM ET",DOWN,Down,4.0,0.51,,WIN,YES,3.8431372549019605,Down,0x2d1fa68831617ade616465d66c121c002e533540209bb621749ef858e69a2117,105745662324254115826747488733116427259919402337797597790335897320813354903888
2026-04-27T10:50:13.543852+00:00,2026-04-27T10:59:12.270887+00:00,momentum,"Bitcoin Up or Down - April 27, 6:50AM-6:55AM ET",UP,Up,2.0,0.54,,WIN,YES,1.7037037037037033,Up,0x0af3c23d531bdc54cebacc67f263c030c22e1001306e265ec986f6c5bcbf3867,62323758063928474308834725095949343439784834929367882028191991194743238220751
2026-04-27T10:50:00.576446+00:00,2026-04-27T11:00:12.477311+00:00,momentum,"Solana Up or Down - April 27, 6:50AM-6:55AM ET",UP,Up,2.0,0.51,,LOSS,NO,-2.0,Down,0xe4e15616b694031c1743ed3bc5607d00cea2099509574c91e4dbc7f5a6c08359,61162463217978012356718219787100477158080381217849433757537333359625412738395
2026-04-27T10:50:03.845844+00:00,2026-04-27T11:00:12.725887+00:00,momentum,"XRP Up or Down - April 27, 6:50AM-6:55AM ET",DOWN,Down,2.0,0.51,,WIN,YES,1.9215686274509802,Down,0x764005045480c0b8d325d7159b3805bc581dedf6bbbad252d9ca0fd1ca9ee0f8,35633545427201958829412682937468286453344416854703203028225847058501836049154
2026-04-27T10:50:13.553890+00:00,2026-04-27T11:01:13.468631+00:00,momentum,"Ethereum Up or Down - April 27, 6:50AM-6:55AM ET",UP,Up,2.0,0.56,,WIN,YES,1.5714285714285712,Up,0xbe0d061037da5087327f12af37c6df5f7fae6e344da436adcd8d15c20ee7f8bc,49488265372586181475374207610080639908001387379327088900962131328121121470868
2026-04-27T10:55:03.036167+00:00,2026-04-27T11:05:16.295319+00:00,momentum,"Bitcoin Up or Down - April 27, 6:55AM-7:00AM ET",DOWN,Down,2.0,0.51,,WIN,YES,1.9215686274509802,Down,0x328008e7ab024a31ae38deff5df049de7aa28033d2aa86760a423babf32030fc,24720296193122889425784573053519214219352294941808609230588559202129528187244
2026-04-27T10:55:00.952908+00:00,2026-04-27T11:06:16.235626+00:00,momentum,"Solana Up or Down - April 27, 6:55AM-7:00AM ET",UP,Up,4.0,0.515,,LOSS,NO,-4.0,Down,0x9ee3625f0eea134c52f4151749dcf936c7b895d45a3b435b1a25f7495b41acf6,74906351578083772167768471616688811472263221437471371390871125773297738531150
2026-04-27T10:55:03.048365+00:00,2026-04-27T11:07:17.034474+00:00,momentum,"Ethereum Up or Down - April 27, 6:55AM-7:00AM ET",DOWN,Down,2.0,0.52,,WIN,YES,1.8461538461538458,Down,0x24f49368c5c5ab9a40cbf58817fcd306c852254c7c24f5a0517cf26b734bd118,7119923621287012502221305737560562666428168144237768726367675994799819290520
2026-04-27T10:55:12.746378+00:00,2026-04-27T11:07:17.192337+00:00,momentum,"XRP Up or Down - April 27, 6:55AM-7:00AM ET",DOWN,Down,2.0,0.52,,WIN,YES,1.8461538461538458,Down,0x6313a66d411e5c8eaa2221f203ba0a7376608d3ad3cbd34f57ea20f27812b3d9,110846654370812311027996379576829457133334268399582989970802519229392642500893
2026-04-27T11:00:00.575643+00:00,2026-04-27T11:09:17.739389+00:00,momentum,"Bitcoin Up or Down - April 27, 7:00AM-7:05AM ET",UP,Up,2.0,0.51,,LOSS,NO,-2.0,Down,0xa4150b17e0e9a13c9685ecc5c0d9b7b5e75249cd726c232aa4d718a24642bbb8,113545574798081980815436674013339411962900898062839083443557598436689604786409
2026-04-27T11:00:00.586688+00:00,2026-04-27T11:09:17.786423+00:00,momentum,"Solana Up or Down - April 27, 7:00AM-7:05AM ET",UP,Up,8.0,0.51,,LOSS,NO,-8.0,Down,0x48081aeace05686e6ee0c1f908255ea7c3878aef08ff8799b2fca1e10b554024,66521905004488895501718163927949680456101786722537568677295486981750217686804
2026-04-27T11:00:03.661295+00:00,2026-04-27T11:09:17.940661+00:00,momentum,"Ethereum Up or Down - April 27, 7:00AM-7:05AM ET",DOWN,Down,2.0,0.54,,WIN,YES,1.7037037037037033,Down,0x6ec81187cfe312d5d1f4e32ff1145044114ffd572e34631069a37b12aa3fecbf,95297775018721383880469995708014853471157210306331372577108013702666928980553
2026-04-27T11:00:03.672206+00:00,2026-04-27T11:09:18.092415+00:00,momentum,"XRP Up or Down - April 27, 7:00AM-7:05AM ET",DOWN,Down,2.0,0.59,,WIN,YES,1.3898305084745766,Down,0xf0007df211ba874497d9321c048bb93cf3417000a9eaa4fa544f5a565af47648,7527079471241617851022475205009444954940335806071889722997190844123209592916
2026-04-27T11:05:02.135435+00:00,2026-04-27T11:15:19.485679+00:00,momentum,"XRP Up or Down - April 27, 7:05AM-7:10AM ET",UP,Up,2.0,0.51,,WIN,YES,1.9215686274509802,Up,0xbc02281eed41a8e30714620f0dfe321e7578e9cf6ae492853eba4f08a24f6ee2,9458777474120701794137091725953496157184728784989792298326671249410556293610
2026-04-27T11:05:02.145302+00:00,2026-04-27T11:15:19.651282+00:00,momentum,"Bitcoin Up or Down - April 27, 7:05AM-7:10AM ET",DOWN,Down,2.0,0.56,,WIN,YES,1.5714285714285712,Down,0xb32cc0711da2b3f7c4afc3621ffda7adf2c374a108f505f99e1713e54ff8461a,34438209878310460917439507840945220474996061262828178824025054243334834295040
2026-04-27T11:05:02.155901+00:00,2026-04-27T11:15:19.795144+00:00,momentum,"Solana Up or Down - April 27, 7:05AM-7:10AM ET",UP,Up,8.0,0.56,,WIN,YES,6.285714285714285,Up,0xf3876e32dd89d58c23bba09fc3f912911200a64e17de0313b870c6f62cff5ed3,42180520348154010074840948236625246856705923954221314640720022361182349434291
2026-04-27T11:05:05.277662+00:00,2026-04-27T11:15:19.838430+00:00,momentum,"Ethereum Up or Down - April 27, 7:05AM-7:10AM ET",UP,Up,2.0,0.57,,LOSS,NO,-2.0,Down,0xe893762113db93c8784075d5948545986f6e0232036de6d99f72d0e431df7004,9720031381675172592703183782061765183375253516078374063170512077007605893408
2026-04-27T11:10:00.467216+00:00,2026-04-27T11:20:23.079085+00:00,momentum,"Solana Up or Down - April 27, 7:10AM-7:15AM ET",UP,Up,2.0,0.52,,WIN,YES,1.8461538461538458,Up,0x88a4dc9b6d5c812d8ec1911267d7c9e0646f69d07b78ace14c3d07e0ed301db4,95066881909894562186617454432508324664617191819471823086947344856105695769832
2026-04-27T11:10:00.442689+00:00,2026-04-27T11:21:22.755045+00:00,momentum,"Ethereum Up or Down - April 27, 7:10AM-7:15AM ET",UP,Up,4.0,0.54,,WIN,YES,3.4074074074074066,Up,0xa0c7b30678541845a52e40f018c2f6f4e7c7286c4c965c3910d186823b79aa9b,25525603277017654167285511213546784569176652589471975762545455911016234118914
2026-04-27T11:10:00.454083+00:00,2026-04-27T11:21:22.813384+00:00,momentum,"XRP Up or Down - April 27, 7:10AM-7:15AM ET",UP,Up,2.0,0.51,,LOSS,NO,-2.0,Down,0xa07376aa0295f444318f0ed011ea9d6e40e147ba0fb8f2636ebd40738acdd706,27742180676682518227872095722710298499664750298124634322045552323333572380922
2026-04-27T11:10:00.479062+00:00,2026-04-27T11:21:22.952147+00:00,momentum,"Bitcoin Up or Down - April 27, 7:10AM-7:15AM ET",UP,Up,2.0,0.53,,WIN,YES,1.773584905660377,Up,0xf6093e15f0acf6bd3d57f86667fec238ad1c8fcbf9e2ec2204a4c2f3a1b77632,44170150035444955764146604891523678403559105676717314871585873040696443454276
2026-04-27T11:15:01.859478+00:00,2026-04-27T11:23:24.138031+00:00,momentum,"Solana Up or Down - April 27, 7:15AM-7:20AM ET",UP,Up,2.0,0.51,,WIN,YES,1.9215686274509802,Up,0x434c4e6f8d98be669fd112845bdb972b205e94814b67e971c2e7168cd74ff094,99640073598948098262446737329927523265568097229389385302863900570882926627008
2026-04-27T11:15:01.869585+00:00,2026-04-27T11:23:24.309426+00:00,momentum,"XRP Up or Down - April 27, 7:15AM-7:20AM ET",DOWN,Down,2.0,0.59,,WIN,YES,1.3898305084745766,Down,0xe3cb46278c4eb072005fafa36f52c80702046851d857b0ae9a3ff42f7292ebe0,94348656445431817740481869208700798552137634920178615856073495001555828972274
2026-04-27T11:15:01.832015+00:00,2026-04-27T11:24:24.053860+00:00,momentum,"Bitcoin Up or Down - April 27, 7:15AM-7:20AM ET",UP,Up,2.0,0.52,,WIN,YES,1.8461538461538458,Up,0x998b25912c0bc4822654df145d6d7db435157a4c36856427a5229549b4843858,55087894676879828351898370775979947430833981281961243981115756476328311378775
2026-04-27T11:15:01.845293+00:00,2026-04-27T11:24:24.104550+00:00,momentum,"Ethereum Up or Down - April 27, 7:15AM-7:20AM ET",DOWN,Down,2.0,0.57,,LOSS,NO,-2.0,Up,0x773acd55b04ad9a34822d372bdf702b3af85b1e339f96b90253f322b1b716c74,93778376043177973565145422622817608407324157883328917586422703928979433159605
2026-04-27T11:20:28.564595+00:00,2026-04-27T11:29:27.942309+00:00,momentum,"Solana Up or Down - April 27, 7:20AM-7:25AM ET",UP,Up,2.0,0.54,,WIN,YES,1.7037037037037033,Up,0xefeda27a8e436135998ecfa17a87255485d9d6db8fb048c4af23a6512d080e87,52730287370559608857318147801076121330650520393638910917621511488571733622843
2026-04-27T11:20:00.707229+00:00,2026-04-27T11:30:27.434804+00:00,momentum,"Ethereum Up or Down - April 27, 7:20AM-7:25AM ET",UP,Up,4.0,0.515,,WIN,YES,3.766990291262136,Up,0x83a7b19af69a9f6962fd463080996d8290fac23689410930c6680fd487caaa26,59074133762764702838737336043276290136947065462602928410917035534453166686503
2026-04-27T11:20:01.837199+00:00,2026-04-27T11:30:27.760712+00:00,momentum,"Bitcoin Up or Down - April 27, 7:20AM-7:25AM ET",UP,Up,2.0,0.51,,WIN,YES,1.9215686274509802,Up,0x8fe2c23780a4a7ad179b474ec89e74ace27da35ca56f88fa180bbad417c2aec9,101890119952556417229534450241643767128697273239260295490983750173103922947444
2026-04-27T11:20:01.852629+00:00,2026-04-27T11:30:28.030816+00:00,momentum,"XRP Up or Down - April 27, 7:20AM-7:25AM ET",UP,Up,2.0,0.51,,WIN,YES,1.9215686274509802,Up,0xf9490822551df64a23d2624fe4dbf3fac7d8569068e4d955e46e5118a7028336,38004899365744738169771750741688889900048707236650514928977384253710936288523
2026-04-27T11:25:02.328181+00:00,2026-04-27T11:36:31.648900+00:00,momentum,"XRP Up or Down - April 27, 7:25AM-7:30AM ET",UP,Up,2.0,0.52,,LOSS,NO,-2.0,Down,0x851f089e06a3f25a6e19b855d5113d24f08e211f126f9312294de75aa67ac7f3,14559683821343651848411567479218963638048902274892784338338487684409705355516
2026-04-27T11:25:08.481379+00:00,2026-04-27T11:36:31.884355+00:00,momentum,"Bitcoin Up or Down - April 27, 7:25AM-7:30AM ET",DOWN,Down,2.0,0.54,,LOSS,NO,-2.0,Up,0xeb377116c4c760ea838275a218a9128e385ce7abbcbb0049de43aed16fcff6fc,94362965195721357090071818034619964285768143205569787368459833362570219444806
2026-04-27T11:25:02.316322+00:00,2026-04-27T11:37:31.980498+00:00,momentum,"Ethereum Up or Down - April 27, 7:25AM-7:30AM ET",DOWN,Down,2.0,0.52,,WIN,YES,1.8461538461538458,Down,0x8a27d21b88a7701418030328ad2c55a1fdc6d8657480a961768b9e02e8702b88,4534244671213988516000164005650981636227550341409113156741208159450333769775
2026-04-27T11:25:02.340703+00:00,2026-04-27T11:37:32.154049+00:00,momentum,"Solana Up or Down - April 27, 7:25AM-7:30AM ET",DOWN,Down,2.0,0.52,,WIN,YES,1.8461538461538458,Down,0xfa03401bee639efeadf83da2555b05fca09b247607ee9142a3e34cbff31f7b2f,28663804587749870276665602966490787786523157833185783232470841234839602639136
2026-04-27T11:30:19.556543+00:00,2026-04-27T11:38:32.916896+00:00,momentum,"Solana Up or Down - April 27, 7:30AM-7:35AM ET",UP,Up,2.0,0.52,,WIN,YES,1.8461538461538458,Up,0x48a2f3e93a2c38f09a16483ca8bdf574a14bbb31989e55bca20686604930b246,14339707696850556991847195887388272305168745398577019467073381737698618705488
2026-04-27T11:30:00.606479+00:00,2026-04-27T11:39:33.537841+00:00,momentum,"Ethereum Up or Down - April 27, 7:30AM-7:35AM ET",DOWN,Down,2.0,0.51,,WIN,YES,1.9215686274509802,Down,0x69ae5179a8afdca8c4130f2e3e6d22abf4e1f8573c2285688c0f696241c3a654,15130317533065094487677733895396083851823090789191965334144514990091301655486
2026-04-27T11:30:03.723824+00:00,2026-04-27T11:39:33.697263+00:00,momentum,"Bitcoin Up or Down - April 27, 7:30AM-7:35AM ET",UP,Up,4.0,0.59,,LOSS,NO,-4.0,Down,0x4fb9c853f2fa9b0a7cb3fa643a15da2ccbf79c25edc8928227d6f1e0696af932,2371122304347263189223984648017700125542662703295591868071117615837546353179
2026-04-27T11:30:06.839638+00:00,2026-04-27T11:39:33.744745+00:00,momentum,"XRP Up or Down - April 27, 7:30AM-7:35AM ET",UP,Up,4.0,0.51,,LOSS,NO,-4.0,Down,0x35557bc3a14ec8f398d1bcf4418c44fb9f960e07dc1ebd4de4c47d0b8b77fde0,23630708227700584037473124545242371336531046537251812963057286628284726443264
2026-04-27T11:35:02.875393+00:00,2026-04-27T11:44:36.463486+00:00,momentum,"Ethereum Up or Down - April 27, 7:35AM-7:40AM ET",UP,Up,2.0,0.53,,LOSS,NO,-2.0,Down,0xa6a6dbf0d5ecf26bb39f9ef7f6a4fafc64233ec55a2238a699c27caa1e533910,32552530991598251585209200480052262715983581705498874101502343314426370185132
2026-04-27T11:35:02.886976+00:00,2026-04-27T11:45:36.951537+00:00,momentum,"Solana Up or Down - April 27, 7:35AM-7:40AM ET",DOWN,Down,2.0,0.53,,WIN,YES,1.773584905660377,Down,0x1e6a2670f705edcec7c1abc14f924cc2d0aa94e3e28703a5f7128b3a43ad6ca2,84356323061953957503420443041385231918271919039737008132161377913870911683395
2026-04-27T11:35:21.630386+00:00,2026-04-27T11:45:37.104823+00:00,momentum,"XRP Up or Down - April 27, 7:35AM-7:40AM ET",UP,Up,8.0,0.56,,WIN,YES,6.285714285714285,Up,0x95a6a8901a064263e60a72ab6fa9e58bed6c6dab6bdb69ffcfd8b3789419cd26,25450686523880202084560451527939983187084041734533185064997933823598018987904
2026-04-27T11:35:02.864145+00:00,2026-04-27T11:46:36.929395+00:00,momentum,"Bitcoin Up or Down - April 27, 7:35AM-7:40AM ET",DOWN,Down,8.0,0.52,,WIN,YES,7.384615384615383,Down,0x8d25757b4cee9c40b51ec0f5c234575e522a8c63600593d7cc5b43cd42c40c47,44204241204109457740175406540607957375237578791344313016231022916861254277328
2026-04-27T11:40:00.687415+00:00,2026-04-27T11:50:40.273652+00:00,momentum,"Bitcoin Up or Down - April 27, 7:40AM-7:45AM ET",UP,Up,2.0,0.53,,WIN,YES,1.773584905660377,Up,0xb631f6ad3ad7f05098629d9681de0677bc08616036a2bb326a0c42eaef63bb2d,19638772214693039843941274149028539430695498168569987888339088403350414780244
2026-04-27T11:40:00.656863+00:00,2026-04-27T11:51:40.029950+00:00,momentum,"Ethereum Up or Down - April 27, 7:40AM-7:45AM ET",UP,Up,4.0,0.51,,WIN,YES,3.8431372549019605,Up,0x8723f81a368516dc1292ab79d82b595313cebc1c73df048bbdfa3f528c4e587b,83609058579864546993459703850797609348304993384738023177929453830432949977579
2026-04-27T11:40:00.672520+00:00,2026-04-27T11:51:40.080317+00:00,momentum,"Solana Up or Down - April 27, 7:40AM-7:45AM ET",DOWN,Down,2.0,0.63,,LOSS,NO,-2.0,Up,0xc6da2e3ed002617d65f215af2d06031ba78c3d643a733eb40365adc3b0e800a0,34267000253241708190326834679353993584335736368213429655187094654554583309939
2026-04-27T11:40:00.701809+00:00,2026-04-27T11:51:40.128045+00:00,momentum,"XRP Up or Down - April 27, 7:40AM-7:45AM ET",UP,Up,2.0,0.51,,LOSS,NO,-2.0,Down,0xdc96c7eca88fc9d56001a3d467c550e970bf1c25fdc005d50348bd1525e6e894,82583965256994097195872298169323426132768993980183409863981703253212487987925
2026-04-27T11:45:03.458105+00:00,2026-04-27T11:53:40.547531+00:00,momentum,"Ethereum Up or Down - April 27, 7:45AM-7:50AM ET",UP,Up,2.0,0.53,,LOSS,NO,-2.0,Down,0xad9dbf0e9d47b17cf9bb56a70698272dacc79f3499ad3ce4f0e1ef57db0c201e,111112256664430409922688183031164588946346772821390221204776033210369927141426
2026-04-27T11:45:06.697733+00:00,2026-04-27T11:53:40.722077+00:00,momentum,"Solana Up or Down - April 27, 7:45AM-7:50AM ET",UP,Up,4.0,0.51,,WIN,YES,3.8431372549019605,Up,0xb5754218605745d7c00ab350cdf68d1eea22e7b2527d03a7c0f6f762ed5c557b,94696149676946370107691112048734256803330615779553622795123811427341244884139
2026-04-27T11:45:16.037633+00:00,2026-04-27T11:53:40.767817+00:00,momentum,"Bitcoin Up or Down - April 27, 7:45AM-7:50AM ET",UP,Up,2.0,0.51,,LOSS,NO,-2.0,Down,0xd324838eb62fbc7218926995054d1abd371eb6a0a83d3825eb64f36604098eb1,52065266997661188089238053377248943041445293333096413235113026094460366286918
2026-04-27T11:45:19.485465+00:00,2026-04-27T11:54:40.671703+00:00,momentum,"XRP Up or Down - April 27, 7:45AM-7:50AM ET",UP,Up,4.0,0.6,,WIN,YES,2.666666666666667,Up,0x59dc66b04a25747352ef47292a4d0bf30136801e4124fa9a96ef281c96f0b843,111133035513914740083906429876323097225748310645879217729583172798122627356461
2026-04-27T11:50:00.703287+00:00,2026-04-27T12:00:43.802498+00:00,momentum,"Bitcoin Up or Down - April 27, 7:50AM-7:55AM ET",DOWN,Down,4.0,0.51,,LOSS,NO,-4.0,Up,0xe75f9b9aa19dd8a74cc7dd5e3ef23b17891319e98fa346013458a406faf18461,96540758965864078256181296315306764275674070147354238035683837717439817701721
2026-04-27T11:50:03.806234+00:00,2026-04-27T12:00:43.979889+00:00,momentum,"Ethereum Up or Down - April 27, 7:50AM-7:55AM ET",UP,Up,4.0,0.53,,WIN,YES,3.547169811320754,Up,0xccab4a98c802060dfe351c5abe3804f52039f03a3cf07e18aaa48888df4372cd,69501512120232166078878520227913514424103414275111541593263097790688939552269
2026-04-27T11:50:09.953237+00:00,2026-04-27T12:00:44.041933+00:00,momentum,"Solana Up or Down - April 27, 7:50AM-7:55AM ET",UP,Up,2.0,0.51,,LOSS,NO,-2.0,Down,0xaf041e30a16c7c8c339cea861ac7bb1c11d145653a1465b446a6e3beb1d4ff9f,94795421983578964275335741223198687329612050020901454770208967252840854885074
2026-04-27T11:50:16.138273+00:00,2026-04-27T12:00:44.213646+00:00,momentum,"XRP Up or Down - April 27, 7:50AM-7:55AM ET",DOWN,Down,2.0,0.51,,WIN,YES,1.9215686274509802,Down,0xb26b72c250c820ea7361248285501ffd65011cbc0e334db02ccfcdf86173cf06,20541470376780499136081027867996494300474288812678276980779721502606370989842
2026-04-27T11:55:00.388833+00:00,2026-04-27T12:05:47.085379+00:00,momentum,"Bitcoin Up or Down - April 27, 7:55AM-8:00AM ET",UP,Up,8.0,0.51,,WIN,YES,7.686274509803921,Up,0x1eaf6156001d26d2090dc8f926d1c0aa917c2d5f938253ed4ebcee22baf90904,2757083570920417986703303927719945539107815772149291485318951597848216070235
2026-04-27T11:55:03.494911+00:00,2026-04-27T12:05:47.285420+00:00,momentum,"XRP Up or Down - April 27, 7:55AM-8:00AM ET",DOWN,Down,2.0,0.52,,LOSS,NO,-2.0,Up,0x1cb827e866ab641e60e7ccf9209128cdf955e3ca30861fdeb5646dc6c7fa5ec0,84100547286329412108932588752117104580059495221262154495893330200020255280591
2026-04-27T11:55:34.429317+00:00,2026-04-27T12:05:47.456015+00:00,momentum,"Solana Up or Down - April 27, 7:55AM-8:00AM ET",UP,Up,4.0,0.57,,WIN,YES,3.0175438596491233,Up,0x56d360dfc4bebb236a55fd95d5ebed6bf14b9d9fa1fc3e5466de68b1373ca352,76370868159028724061050090229478249667570572987779671784567473356855585909157
2026-04-27T11:55:03.482516+00:00,2026-04-27T12:06:47.465712+00:00,momentum,"Ethereum Up or Down - April 27, 7:55AM-8:00AM ET",UP,Up,8.0,0.52,,WIN,YES,7.384615384615383,Up,0x1020a6c4376b54fa67fbbba09e56cd27473b8827487e817936fc2a7c11c77baa,16676602226091227831754081489452942922806465668146941755989854555790805825767
2026-04-27T12:00:00.541995+00:00,2026-04-27T12:09:49.332165+00:00,momentum,"XRP Up or Down - April 27, 8:00AM-8:05AM ET",UP,Up,2.0,0.515,,LOSS,NO,-2.0,Down,0x2b283956096744c0588b6e77b17710f182aaeb3e51aa49b408f54db1b8467272,3545028891661508738269700661742157167651797976358195430678950999441769223
2026-04-27T12:00:33.190743+00:00,2026-04-27T12:09:49.376291+00:00,momentum,"Bitcoin Up or Down - April 27, 8:00AM-8:05AM ET",UP,Up,2.0,0.51,,LOSS,NO,-2.0,Down,0x8a56d5c7b3874f3847fda06e2a32e8b0d47cc4b40cf1ffa5e06eae85b2f45ea6,75608854807100770676703846927234960344841479003938053050487991867801622534119
2026-04-27T12:00:33.202772+00:00,2026-04-27T12:09:49.565170+00:00,momentum,"Ethereum Up or Down - April 27, 8:00AM-8:05AM ET",DOWN,Down,2.0,0.53,,WIN,YES,1.773584905660377,Down,0xf82031270d1c3e38ed542ef1068f58588ef826bbe01af1b209ba71245d00a206,2828200154943230334960105022654514503795697431208932121009252947664494126928
2026-04-27T12:00:33.215871+00:00,2026-04-27T12:09:49.605377+00:00,momentum,"Solana Up or Down - April 27, 8:00AM-8:05AM ET",UP,Up,2.0,0.57,,LOSS,NO,-2.0,Down,0xe02f744995d85696ce4ee4ef99f5f93fcfcc9e05442604adcf6c5ae25caf8a97,3006016297050548652807190023165826977271292708113080412165053585176954913128
2026-04-27T12:05:01.869774+00:00,2026-04-27T12:14:51.506324+00:00,momentum,"Bitcoin Up or Down - April 27, 8:05AM-8:10AM ET",UP,Up,4.0,0.51,,WIN,YES,3.8431372549019605,Up,0xf5afc8d2b39df2d4a12cd4ef01b4019b11bff85d6e52359ae771c1cc537c21fe,47425034736554500838330950081485143406481566465409296284029329704838719515340
2026-04-27T12:05:05.156938+00:00,2026-04-27T12:15:51.803737+00:00,momentum,"Ethereum Up or Down - April 27, 8:05AM-8:10AM ET",DOWN,Down,2.0,0.51,,LOSS,NO,-2.0,Up,0x8fb16340282d4a677d05718addc16ee6527ac25c0d5c2a99d80a8e86256ad736,85784590728819864248428346617618624219045608059830276333825636703978469177586
2026-04-27T12:05:05.213392+00:00,2026-04-27T12:15:51.965838+00:00,momentum,"Solana Up or Down - April 27, 8:05AM-8:10AM ET",DOWN,Down,4.0,0.51,,WIN,YES,3.8431372549019605,Down,0x8ece09e2502ec07f6b4827d8b9e54bbf150e810cf6ffac6f4bafaaaf5089ed75,110114517591482683799565460872750052566283250904898109102666710503546810076990
2026-04-27T12:05:11.446785+00:00,2026-04-27T12:15:52.169593+00:00,momentum,"XRP Up or Down - April 27, 8:05AM-8:10AM ET",UP,Up,2.0,0.55,,WIN,YES,1.6363636363636362,Up,0x22b9b991a67e78ce2c6bc59d3f277fab547f91c11a9bb66c170682dd591aa349,15195405775351912384561803432565937875763557385194440634625327733234224072920
2026-04-27T12:10:06.979736+00:00,2026-04-27T12:20:55.386311+00:00,momentum,"Bitcoin Up or Down - April 27, 8:10AM-8:15AM ET",UP,Up,2.0,0.51,,WIN,YES,1.9215686274509802,Up,0x558f74ffb60297d83eb578c973bfddc0b3996eb3903981d1de1b89bb3756d915,102449451951654167398358824754786439231617712540061969053424676218009918018211
2026-04-27T12:10:00.481957+00:00,2026-04-27T12:21:55.429612+00:00,momentum,"Ethereum Up or Down - April 27, 8:10AM-8:15AM ET",UP,Up,4.0,0.53,,WIN,YES,3.547169811320754,Up,0x56df02b4524af19fc4c05b3836b3534901479c62ddeeee9ecf7d6d99c2f00bce,94186594915299901723998151163263017787683216338773360376366994036637055236022
2026-04-27T12:10:00.494926+00:00,2026-04-27T12:21:55.465906+00:00,momentum,"Solana Up or Down - April 27, 8:10AM-8:15AM ET",UP,Up,2.0,0.51,,LOSS,NO,-2.0,Down,0x83504774543e665a6f636e93556e76e86459067a7dc207d184c096360e787c8f,25779181709303984655471745550023795369516908826483227385912870901120395655803
2026-04-27T12:10:00.508332+00:00,2026-04-27T12:21:55.609024+00:00,momentum,"XRP Up or Down - April 27, 8:10AM-8:15AM ET",UP,Up,2.0,0.52,,WIN,YES,1.8461538461538458,Up,0x30c6bfcdb3f9de30bd64497855dc9f5ed4774f7065b27bac7d956a93e3a980a5,110612345192199265775363787337877102204908857866610723360914096977343111627633
2026-04-27T12:15:01.968202+00:00,2026-04-27T12:22:56.568545+00:00,momentum,"Bitcoin Up or Down - April 27, 8:15AM-8:20AM ET",UP,Up,2.0,0.52,,LOSS,NO,-2.0,Down,0x1943b96c2c8075307014d299c22c29758d36b7ee074615e1704e2702678181b8,37977700360043998366041199925722559577295196726250570670325616515196283697293
2026-04-27T12:15:01.982761+00:00,2026-04-27T12:23:56.886685+00:00,momentum,"Ethereum Up or Down - April 27, 8:15AM-8:20AM ET",DOWN,Down,2.0,0.51,,WIN,YES,1.9215686274509802,Down,0x685241a7887a4d2eae82fececde4f5cc26abca098b30b72fa9daa68d25bfd7cd,11842602040468992187743440524275488644884202983845620720012928196473316995106
2026-04-27T12:15:01.994949+00:00,2026-04-27T12:23:57.033185+00:00,momentum,"XRP Up or Down - April 27, 8:15AM-8:20AM ET",UP,Up,2.0,0.99,,WIN,YES,0.020202020202020332,Up,0x8410a7db352ddab25573a37ca4c498a653776a60cbdc294202f31f101c51e9b5,76670728292282141143935244544811079461973018651259634135298959580308009277140
2026-04-27T12:15:01.955224+00:00,2026-04-27T12:27:59.263542+00:00,momentum,"Solana Up or Down - April 27, 8:15AM-8:20AM ET",UP,Up,2.0,0.99,,WIN,YES,0.020202020202020332,Up,0x1036d6b1c692e0e56bd73e74a5eaf25e40829830e2ab2bb082e722b7142cb390,26691959167778066664560507306296834743550650133389715922375998553983682128675
2026-04-27T12:20:00.229783+00:00,2026-04-27T12:28:59.753158+00:00,momentum,"Bitcoin Up or Down - April 27, 8:20AM-8:25AM ET",DOWN,Down,4.0,0.53,,WIN,YES,3.547169811320754,Down,0x8489786e3c96480146d364b7f3c217651d7023d03b6a2959903e36a634f1dbed,64269324969561104772709293581499661201194554919476522822139231537835823802789
2026-04-27T12:20:06.473814+00:00,2026-04-27T12:30:00.454330+00:00,momentum,"Solana Up or Down - April 27, 8:20AM-8:25AM ET",DOWN,Down,2.0,0.53,,WIN,YES,1.773584905660377,Down,0x40752fee4845a378ee450d82e7c0eba2dddc0e1ae5f6acb92cce27f025bf612a,5840020265759138273068226932732273995518302541552140907894215668313750895151
2026-04-27T12:20:09.595347+00:00,2026-04-27T12:30:00.733092+00:00,momentum,"Ethereum Up or Down - April 27, 8:20AM-8:25AM ET",DOWN,Down,2.0,0.54,,WIN,YES,1.7037037037037033,Down,0xa0929504e9e78938ec8b9b5ecba8d8d02d229d4cc6afb75894d851faccf51eff,17476341540771418526092378634447256992877044120439908033470800555348435149879
2026-04-27T12:20:12.709948+00:00,2026-04-27T12:30:00.895235+00:00,momentum,"XRP Up or Down - April 27, 8:20AM-8:25AM ET",DOWN,Down,2.0,0.67,,WIN,YES,0.9850746268656714,Down,0x5c2f79177580cc38fc14382d68896234fcf88fcffba59ea61c3f1eb9a8e345ab,5288530721889257207624453343190408812522745701650199094465797344533942100382
2026-04-27T12:25:01.922062+00:00,2026-04-27T12:36:04.488521+00:00,momentum,"Solana Up or Down - April 27, 8:25AM-8:30AM ET",UP,Up,2.0,0.99,,LOSS,NO,-2.0,Down,0x434603cbb20ff24bdc354837d7ff88a6db58acc4fef141bebf8d22e7964460ab,73287105374773537573232040894641311425321202599579880123081379257411301197018
2026-04-27T12:25:01.936913+00:00,2026-04-27T12:36:04.705420+00:00,momentum,"XRP Up or Down - April 27, 8:25AM-8:30AM ET",UP,Up,2.0,0.51,,WIN,YES,1.9215686274509802,Up,0x4f55f406ab027c51c4f9a910414df92f47ff5513838b7180613ebb3bd612950e,83389086943480353026714751774694831098023208832161370373036586673482835823715
2026-04-27T12:25:01.909699+00:00,2026-04-27T12:37:05.119510+00:00,momentum,"Bitcoin Up or Down - April 27, 8:25AM-8:30AM ET",UP,Up,2.0,0.99,,LOSS,NO,-2.0,Down,0x719820c8997762ac4d8288d78d6b3d17bc4b8342ea273cab262592b01a0bb9cd,50415723924426731396423150792181648447143538829253561337720323113562962998869
2026-04-27T12:25:01.950574+00:00,2026-04-27T12:37:05.215450+00:00,momentum,"Ethereum Up or Down - April 27, 8:25AM-8:30AM ET",UP,Up,2.0,0.54,,LOSS,NO,-2.0,Down,0x30f1e67b3a3e2e43814a5f93870ed4afbbd545ef7d77172aa95b58197a01cdc2,78859961213625060574594024754222397357195554793794975449394430101788949291916
2026-04-27T12:30:00.105807+00:00,2026-04-27T12:42:08.867258+00:00,momentum,"Ethereum Up or Down - April 27, 8:30AM-8:35AM ET",UP,Up,4.0,0.525,,LOSS,NO,-4.0,Down,0x6b908a0cd7126261796a83b817477d8d8825ddbb2692525fb181ca17a2c86c1f,86242800844395332481318816848080283216067954301908030128278622535511224616527
2026-04-27T12:30:02.818944+00:00,2026-04-27T12:42:08.942974+00:00,momentum,"Bitcoin Up or Down - April 27, 8:30AM-8:35AM ET",UP,Up,4.0,0.56,,LOSS,NO,-4.0,Down,0xa6ef60c61674ba72f2d7725c369e81372dd5f30eb9d5432c7227164d676cc8b0,100588984385299111038664972900529887312310020170942898214244934613552609994370
2026-04-27T12:30:02.833134+00:00,2026-04-27T12:42:09.038029+00:00,momentum,"Solana Up or Down - April 27, 8:30AM-8:35AM ET",UP,Up,4.0,0.55,,LOSS,NO,-4.0,Down,0x6b624b7e0025f7b33c353f8c8b90ad3d69c85df403e11485eda663d782c32c44,23127480133564490457060251734508396558236306396421662613070783866889548380309
2026-04-27T12:30:05.937933+00:00,2026-04-27T12:43:09.199855+00:00,momentum,"XRP Up or Down - April 27, 8:30AM-8:35AM ET",UP,Up,2.0,0.52,,LOSS,NO,-2.0,Down,0x07a0f0e46b977d0bb68b1a69221ca357bc1fa9b34127967af5b21b34f6bf7c5e,87022759391500631004417658063001664635919388944525936666341193974664817718166
2026-04-27T12:35:01.024366+00:00,2026-04-27T12:44:09.308498+00:00,momentum,"Ethereum Up or Down - April 27, 8:35AM-8:40AM ET",UP,Up,8.0,0.525,,LOSS,NO,-8.0,Down,0x1aab42f54985e4ee870d42993f3614b73b33d542b80dee2e516442101f82b6c1,57291576265752645514140161398843348237626974316686625949929797472476253761069
2026-04-27T12:35:03.506496+00:00,2026-04-27T12:45:09.347647+00:00,momentum,"Bitcoin Up or Down - April 27, 8:35AM-8:40AM ET",UP,Up,8.0,0.57,,LOSS,NO,-8.0,Down,0x29b5c17190691a0a6a4305c7d4d0bb2dbabe10e2961962b7905a820cce41e399,82632565694279668007044140297923724657413301277121190999701479186710937697603
2026-04-27T12:35:03.598701+00:00,2026-04-27T12:45:09.391251+00:00,momentum,"Solana Up or Down - April 27, 8:35AM-8:40AM ET",UP,Up,8.0,0.51,,LOSS,NO,-8.0,Down,0x258b99892fedcaac53ab6c93e5fe124bc3d576ab1f92ba6050524cc98ff23fa0,67151339712502687615412982357235429959082896473029861112641774831871725572081
2026-04-27T12:35:09.822098+00:00,2026-04-27T12:46:09.886060+00:00,momentum,"XRP Up or Down - April 27, 8:35AM-8:40AM ET",DOWN,Down,4.0,0.54,,WIN,YES,3.4074074074074066,Down,0x223b3919e318d3a3b3127b51419cd0e815ae3ff8d545ca3d8c6de0b8601a949a,85397134870448260752157580524130939782824038606931099955921796483700388676095
2026-04-27T12:40:00.982795+00:00,2026-04-27T12:51:13.698815+00:00,momentum,"Ethereum Up or Down - April 27, 8:40AM-8:45AM ET",UP,Up,8.0,0.515,,WIN,YES,7.533980582524272,Up,0x4ebe0899f414c551ce82a55303d8fe1a2ba96bd300c7a13490943e11a6bb5f8a,23294651011065170028369731295707372011158262533912419880955855895918924432089
2026-04-27T12:40:00.998296+00:00,2026-04-27T12:51:13.848396+00:00,momentum,"Bitcoin Up or Down - April 27, 8:40AM-8:45AM ET",UP,Up,8.0,0.525,,WIN,YES,7.238095238095237,Up,0x51b384f88baf5133d26b818e5c5b24332656c9a683570c6ec9ab2127d0d929f9,58361043540342214316583397863621299840642969049492226378768268196236367770023
2026-04-27T12:40:02.085866+00:00,2026-04-27T12:51:14.007304+00:00,momentum,"XRP Up or Down - April 27, 8:40AM-8:45AM ET",UP,Up,2.0,0.58,,WIN,YES,1.4482758620689657,Up,0x44c384ff15d864f9739aaf5b52158030d3cb20597ac49108fb60566a52da4a79,13784770316593542548733555334155365352810559735610972822702208889853299191276
2026-04-27T12:40:02.103007+00:00,2026-04-27T12:51:14.189124+00:00,momentum,"Solana Up or Down - April 27, 8:40AM-8:45AM ET",UP,Up,8.0,0.54,,WIN,YES,6.814814814814813,Up,0x0976555afb01e81ea0211e248c8e67285962a9fbafe1d6b427e8174b1bcf420f,32104114757055103090308608407548060056765974439638288325590145665435559365829
2026-04-27T12:45:00.819037+00:00,2026-04-27T12:55:15.379748+00:00,momentum,"Solana Up or Down - April 27, 8:45AM-8:50AM ET",UP,Up,2.0,0.52,,WIN,YES,1.8461538461538458,Up,0xb557dce6c1096c669bcf4fdb5928201fdcacbebc30cdc90e542ad4a0dbde0a8c,113054056429013565344674457238437798191319444944461878182106062452970963330367
2026-04-27T12:45:00.834359+00:00,2026-04-27T12:55:15.522934+00:00,momentum,"XRP Up or Down - April 27, 8:45AM-8:50AM ET",UP,Up,2.0,0.57,,WIN,YES,1.5087719298245617,Up,0x039ccccd1c252fc87dc55221c5de1a086bc8b55f8ca2d1f2fdabf864de9f0c3b,39448438984315147654351000132716283370598750025528235513275376102269207602215
2026-04-27T12:45:00.790398+00:00,2026-04-27T12:57:16.528337+00:00,momentum,"Bitcoin Up or Down - April 27, 8:45AM-8:50AM ET",UP,Up,2.0,0.52,,WIN,YES,1.8461538461538458,Up,0x4f51dcb040b52abfba48b9d60b769a9db6a57db8bc03ada24a73cfe1bfc4cda3,74875512657063750593350766400914476728700304221687800366659796017800936134327
2026-04-27T12:45:00.803948+00:00,2026-04-27T12:57:16.687262+00:00,momentum,"Ethereum Up or Down - April 27, 8:45AM-8:50AM ET",UP,Up,2.0,0.55,,WIN,YES,1.6363636363636362,Up,0xb541a51aaea16001c1e915412249652f84d02300b2e9aa135897c30c90c8aedc,93207920114839784398736103467203930675154105225760990966979778015482757208733
2026-04-27T12:50:00.178523+00:00,2026-04-27T12:59:17.334882+00:00,momentum,"Ethereum Up or Down - April 27, 8:50AM-8:55AM ET",UP,Up,2.0,0.53,,LOSS,NO,-2.0,Down,0xa2ba0c23daf3e034c7be7fb447a1ac7b3227f85dfb58953f39f41f06f8950f9a,43912121612568299244676873823580345484659675471095325903888961868553827567778
2026-04-27T12:50:00.194583+00:00,2026-04-27T12:59:17.513890+00:00,momentum,"XRP Up or Down - April 27, 8:50AM-8:55AM ET",UP,Up,2.0,0.52,,WIN,YES,1.8461538461538458,Up,0x9c05137c0a6b1d369bdf0c6b1bb7a4ea26dc73dc8db458a35313c270d5988125,101620936060769591214061536452815833642217076767032690246503659691269301472417
2026-04-27T12:50:00.163796+00:00,2026-04-27T13:00:17.264842+00:00,momentum,"Bitcoin Up or Down - April 27, 8:50AM-8:55AM ET",UP,Up,2.0,0.52,,LOSS,NO,-2.0,Down,0xcca911761645aa1bdbc5a3a90c34be0fd339dc8664fbd4293e060525bd49b37d,40412837083317533169052043924082679816477897775095261266769197829872029614375
2026-04-27T12:50:00.210042+00:00,2026-04-27T13:01:17.917932+00:00,momentum,"Solana Up or Down - April 27, 8:50AM-8:55AM ET",UP,Up,2.0,0.52,,LOSS,NO,-2.0,Down,0x81af8c5a3d43c3e13e0387734825e19d570243b99415ef6bd2443aa35c470d34,21338611481794156378780518905181370006698917738517801170796205093408329667527
2026-04-27T12:55:01.250860+00:00,2026-04-27T13:05:21.083652+00:00,momentum,"Ethereum Up or Down - April 27, 8:55AM-9:00AM ET",UP,Up,2.0,0.99,,LOSS,NO,-2.0,Down,0xd8b83555aaf4c4b8201ec31628a95dc0197199a40266f61c53ffe027093ff782,47387402418105022397812429757215289758615759679029384200141855311291761697455
2026-04-27T12:55:00.206347+00:00,2026-04-27T13:06:21.755330+00:00,momentum,"Solana Up or Down - April 27, 8:55AM-9:00AM ET",UP,Up,2.0,0.51,,WIN,YES,1.9215686274509802,Up,0x19699ab3f8dd35e9ff8741e473fcd31328be726f9b2cb5969d164fd03654f6a3,56540853308851017297078988271795726491518543825432061242078057592688149546845
2026-04-27T12:55:00.220780+00:00,2026-04-27T13:06:21.796006+00:00,momentum,"XRP Up or Down - April 27, 8:55AM-9:00AM ET",UP,Up,4.0,0.515,,LOSS,NO,-4.0,Down,0xca860659bdddb51ec6cb1258cd6649489c142dae31d90b4280da0de44e823550,4047190617705440480664302584437345998312509456074336527755289968106619476874
2026-04-27T12:55:01.262305+00:00,2026-04-27T13:06:21.848139+00:00,momentum,"Bitcoin Up or Down - April 27, 8:55AM-9:00AM ET",UP,Up,2.0,0.99,,LOSS,NO,-2.0,Down,0x5633f6fa91ac12c45acdde4f5da5df83fe0e2a293ce338ed862571abcc4c966a,109661206208689492602312413419885460947429493532026275650506072597324663062126
2026-04-27T13:00:00.825132+00:00,2026-04-27T13:08:22.661076+00:00,momentum,"Bitcoin Up or Down - April 27, 9:00AM-9:05AM ET",UP,Up,4.0,0.53,,LOSS,NO,-4.0,Down,0x0a78570b294ade8b78c8ff484d2617c1e6f1dec133648d22d78d34d57b208c45,104516555077512013506232165802407483913854983709551480981900588110067629529502
2026-04-27T13:00:00.811401+00:00,2026-04-27T13:09:22.721866+00:00,momentum,"XRP Up or Down - April 27, 9:00AM-9:05AM ET",UP,Up,8.0,0.51,,LOSS,NO,-8.0,Down,0xfb931f66ed50c984d067e530b97c85cd0b28f4d4b85f232507b41a2ff527a880,65535962845805558114521462316441787411193982301402416617125308399703619895533
2026-04-27T13:00:04.452541+00:00,2026-04-27T13:09:22.772035+00:00,momentum,"Solana Up or Down - April 27, 9:00AM-9:05AM ET",DOWN,Down,2.0,0.57,,LOSS,NO,-2.0,Up,0x1c6e0b5ae9f0f877fed46b6cf26469d2da40d78da6605540c5fa2d252a4ad04e,26242344384506066538288723184626396659217776000846873962267950079479840109092
2026-04-27T13:00:00.797944+00:00,2026-04-27T13:10:22.808751+00:00,momentum,"Ethereum Up or Down - April 27, 9:00AM-9:05AM ET",UP,Up,4.0,0.52,,WIN,YES,3.6923076923076916,Up,0x1363777e8f1006d9f07c6ae37045060df29318d1572006d03846fae4cf492111,112508747418036466612855035273323438484460995384480432743424649141008410265958
2026-04-27T13:05:01.380913+00:00,2026-04-27T13:14:24.048297+00:00,momentum,"Bitcoin Up or Down - April 27, 9:05AM-9:10AM ET",UP,Up,8.0,0.56,,WIN,YES,6.285714285714285,Up,0x80ec75140fb31e059122d990955cf4856bccc815ff13044ba82b84f418d46f19,48599669041443164352730281679915752727979877010563512453179253179141858568134
2026-04-27T13:05:01.398217+00:00,2026-04-27T13:15:24.991642+00:00,momentum,"XRP Up or Down - April 27, 9:05AM-9:10AM ET",UP,Up,2.0,0.51,,WIN,YES,1.9215686274509802,Up,0x1c3fbab831186e077ed128e364a59f4cfa9802d49ba862902a5cb69a9f12736f,18375086020555063743393844995227238876167116356527868071336493579514028021619
2026-04-27T13:05:01.415357+00:00,2026-04-27T13:15:25.144280+00:00,momentum,"Ethereum Up or Down - April 27, 9:05AM-9:10AM ET",UP,Up,2.0,0.51,,WIN,YES,1.9215686274509802,Up,0x8e50e2487940072f88118580a8972689dafb413ddc358313729a1d56e53da263,103867128692422595193785663804617042217363366790719924722679341430612311149453
2026-04-27T13:05:10.718955+00:00,2026-04-27T13:16:25.629874+00:00,momentum,"Solana Up or Down - April 27, 9:05AM-9:10AM ET",DOWN,Down,4.0,0.53,,LOSS,NO,-4.0,Up,0x5d3e6718fd84db475593bf5123db672e8f756b3e5ef9e6bc642f0699a6a9310b,21117861690588024031896162451617885080971311456363904536202562884381116501524
2026-04-27T13:10:01.819387+00:00,2026-04-27T13:21:28.483973+00:00,momentum,"Ethereum Up or Down - April 27, 9:10AM-9:15AM ET",UP,Up,2.0,0.52,,LOSS,NO,-2.0,Down,0xd14ce353eccab33db8eb3eb405e6a38ba1c77b78aee416462d795c23d3df9854,115585264407041496892699471157888808987610201979818111710080809233384545399675
2026-04-27T13:10:01.833849+00:00,2026-04-27T13:21:28.523837+00:00,momentum,"Solana Up or Down - April 27, 9:10AM-9:15AM ET",UP,Up,8.0,0.51,,LOSS,NO,-8.0,Down,0x60bf6ec1024db68e1286748b2ceb8fe419f1a593c6b8d52733d396695ea502fa,106876486303737374387598108752218847864398153087933483184612516750031137509014
2026-04-27T13:10:01.850228+00:00,2026-04-27T13:21:28.565097+00:00,momentum,"Bitcoin Up or Down - April 27, 9:10AM-9:15AM ET",UP,Up,2.0,0.52,,LOSS,NO,-2.0,Down,0x7d7ae55526042d8ff4a1061cfbc7ac866550855152e130c0d181189275a995da,11518578835032287018585484996001115869032115564729991243176081720317069163420
2026-04-27T13:10:00.701540+00:00,2026-04-27T13:22:29.396561+00:00,momentum,"XRP Up or Down - April 27, 9:10AM-9:15AM ET",UP,Up,2.0,0.515,,LOSS,NO,-2.0,Down,0x0975e2d20be81f966f4dd611386d417cebfc76f5689e7232cc89ff3bb9c7b55f,22203921050645524861312753731766638729994122210378780909730742299467828180779
2026-04-27T13:15:00.671311+00:00,2026-04-27T13:23:30.017712+00:00,momentum,"Bitcoin Up or Down - April 27, 9:15AM-9:20AM ET",DOWN,Down,2.0,0.55,,LOSS,NO,-2.0,Up,0x397dfccb8d0dc1dee8f395cbe3a6d4dbbdf791a2f18b3e9947a53f57e9b93fa3,5196944795207461942442812859969307768850239014278416333305872399631079959680
2026-04-27T13:15:00.685068+00:00,2026-04-27T13:24:31.112162+00:00,momentum,"XRP Up or Down - April 27, 9:15AM-9:20AM ET",UP,Up,2.0,0.57,,WIN,YES,1.5087719298245617,Up,0xa7d8c1664b87899ba099441580d96a08b71623e690a5c45f56d2feb0463109c3,100885498169992933399615191293024122855240642162583475695785512241173273902785
2026-04-27T13:15:03.900526+00:00,2026-04-27T13:24:31.167771+00:00,momentum,"Solana Up or Down - April 27, 9:15AM-9:20AM ET",DOWN,Down,16.0,0.55,,LOSS,NO,-16.0,Up,0x407253bcc8f51a8de666d2487e6574da4468a5df3340d2f74f67378a9643e3fc,44673665587125765871829233874687982173862138981649738193179075039776447798136
2026-04-27T13:15:03.914237+00:00,2026-04-27T13:25:31.511405+00:00,momentum,"Ethereum Up or Down - April 27, 9:15AM-9:20AM ET",DOWN,Down,4.0,0.51,,LOSS,NO,-4.0,Up,0x262e5f632173e7307e0703b27c1145044a3abb2a59825f7bcb2c8c75c9ffd917,7771552745717119479448409915335383131355975860344643799662717862634876880858
2026-04-27T13:20:03.075107+00:00,2026-04-27T13:30:34.613964+00:00,momentum,"XRP Up or Down - April 27, 9:20AM-9:25AM ET",UP,Up,2.0,0.51,,WIN,YES,1.9215686274509802,Up,0xe0e3c87820f43e2f79d9b57efb0f326ed344a01fbbe5708330eca9fc359304cc,54850838790114350893807081973398374940230676781834883078305310618197441884671
2026-04-27T13:20:03.090996+00:00,2026-04-27T13:30:34.786982+00:00,momentum,"Bitcoin Up or Down - April 27, 9:20AM-9:25AM ET",UP,Up,4.0,0.53,,WIN,YES,3.547169811320754,Up,0xc86ce09d8f0528a3edd69f8132ddf96d0f18dccfd614f75644ad6ee10d015068,36768583940326032202008877419375125148167796392510096663768155379047813213971
2026-04-27T13:20:03.106534+00:00,2026-04-27T13:30:34.956915+00:00,momentum,"Ethereum Up or Down - April 27, 9:20AM-9:25AM ET",UP,Up,8.0,0.51,,WIN,YES,7.686274509803921,Up,0xefbb71cb847746fd007ed633ea137e90e08a333dc5d3746a171ebd6d7a46623f,108098777489012016430389022509111319556917808010358277764554661985753614741664
2026-04-27T13:20:03.120232+00:00,2026-04-27T13:30:35.009437+00:00,momentum,"Solana Up or Down - April 27, 9:20AM-9:25AM ET",DOWN,Down,32.0,0.51,,LOSS,NO,-32.0,Up,0x37d93dd5bc69ebe00786c8e276cf62f3b57656e63bcecc03802d0dd7f04d391b,54044999585092480393427944872856575611678214706433311988927987883234972992352
2026-04-27T13:25:01.202850+00:00,2026-04-27T13:35:38.969668+00:00,momentum,"Bitcoin Up or Down - April 27, 9:25AM-9:30AM ET",DOWN,Down,2.0,0.64,,WIN,YES,1.125,Down,0xf2d2300526971cf16991bd1f552378de080278478e8b29a2e091b017903a6c86,48201544941111172666641379520784378797596557806325390770107257996940764122087
2026-04-27T13:25:01.187828+00:00,2026-04-27T13:36:38.914350+00:00,momentum,"Solana Up or Down - April 27, 9:25AM-9:30AM ET",DOWN,Down,32.0,0.51,,WIN,YES,30.745098039215684,Down,0x477705e94f5e23c84cc6020388037577de4005fe7c40cdf39c08eee227fc626d,28175263261954521648925874390435129789333757053629354782989418892598283811095
2026-04-27T13:25:01.218524+00:00,2026-04-27T13:36:39.113408+00:00,momentum,"Ethereum Up or Down - April 27, 9:25AM-9:30AM ET",DOWN,Down,2.0,0.56,,WIN,YES,1.5714285714285712,Down,0x685fae657a2781fa2f2ba02d7bb924a3d2ef6b68b80d697fe888d282bd0f3987,63691133836301811935052197597700646176537363268858044807206519298926341522760
2026-04-27T13:25:02.233571+00:00,2026-04-27T13:37:39.913812+00:00,momentum,"XRP Up or Down - April 27, 9:25AM-9:30AM ET",DOWN,Down,2.0,0.64,,WIN,YES,1.125,Down,0x02a2fcfe792787e99436905e03f6472787bfe1f0fa25f0f9887968656be47069,24849358923397048097750699318196327130925965194378498200257226772831135461017
2026-04-27T13:30:00.908614+00:00,2026-04-27T13:38:40.676162+00:00,momentum,"Bitcoin Up or Down - April 27, 9:30AM-9:35AM ET",DOWN,Down,2.0,0.58,,LOSS,NO,-2.0,Up,0x6ca2c4ccdd71c0bddeaa0cc3d3248dc9c4f64572232070b257a22de56aeea08e,99089494177134587069707394823688839231241307750216953431612096802837635000385
2026-04-27T13:30:00.925437+00:00,2026-04-27T13:38:40.834698+00:00,momentum,"Solana Up or Down - April 27, 9:30AM-9:35AM ET",DOWN,Down,2.0,0.51,,WIN,YES,1.9215686274509802,Down,0x788b57b795e70c53fd7a108818f8fd75f105e2790365fd64d6be8b0e752a2aba,331828561290647612489025521471328913679497340355914772401543835255326751069
2026-04-27T13:30:00.943408+00:00,2026-04-27T13:38:41.015004+00:00,momentum,"Ethereum Up or Down - April 27, 9:30AM-9:35AM ET",DOWN,Down,2.0,0.59,,WIN,YES,1.3898305084745766,Down,0x820ce2d17f3a839a09d36c6f8125742bc5cc1e6284cc9c5418efda28375009b4,96628107997881680446157918785650788051350417205016755356787217777351014061792
2026-04-27T13:30:00.960079+00:00,2026-04-27T13:38:41.198213+00:00,momentum,"XRP Up or Down - April 27, 9:30AM-9:35AM ET",UP,Up,2.0,0.57,,WIN,YES,1.5087719298245617,Up,0xb1d3c9edca745567d31b516113459e33c0ed533df848f04d23500ed7d3c0ce7a,33000894348832551937819809928811269170456510861519838044442347216266746006142
2026-04-27T13:35:00.580942+00:00,2026-04-27T13:44:44.045000+00:00,momentum,"XRP Up or Down - April 27, 9:35AM-9:40AM ET",UP,Up,2.0,0.515,,WIN,YES,1.883495145631068,Up,0x5fb8fd53a4e581ec9bbb1f3e89fca4692471969bc5e8d1f49264d01962186f8f,13075623426159251135613109685928273298753402975274050430153078261867895387057
2026-04-27T13:35:02.965086+00:00,2026-04-27T13:45:44.276196+00:00,momentum,"Solana Up or Down - April 27, 9:35AM-9:40AM ET",UP,Up,2.0,0.56,,WIN,YES,1.5714285714285712,Up,0xd40bfdb26471a7a704e2fa461b9efebfb40e9afe0f2bd8fd236c960d558aba2e,77095079307286116595913440605037853010715142348316944489526623722838293309900
2026-04-27T13:35:03.017593+00:00,2026-04-27T13:45:44.325640+00:00,momentum,"Bitcoin Up or Down - April 27, 9:35AM-9:40AM ET",DOWN,Down,4.0,0.57,,LOSS,NO,-4.0,Up,0x36c4ec2eb1a411c3cac739d7cecaf12aa7dbaf39078c98a3e2aa1f36b2957ed1,107777902375270272135154652880398423862941636309433222917798697242261401269177
2026-04-27T13:35:02.883386+00:00,2026-04-27T13:46:44.821645+00:00,momentum,"Ethereum Up or Down - April 27, 9:35AM-9:40AM ET",DOWN,Down,2.0,0.54,,LOSS,NO,-2.0,Up,0x19c2b7521d12eaa1a47c1097f8dbceeee1d0b7f1c24ce10fc66cec3f0d3bd8c6,96056988023248955567235963580866258098595948303296353621684042439319694995764
2026-04-27T13:40:00.392992+00:00,2026-04-27T13:50:47.415718+00:00,momentum,"Bitcoin Up or Down - April 27, 9:40AM-9:45AM ET",DOWN,Down,2.0,0.52,,LOSS,NO,-2.0,Up,0xe040cad40c03253d6fc3ff225b0718b5f0f9b6177eb1bf7d6f1297b8a20aa6ec,84337647542476666874096986960460908368160792873174653170260980499417307035645
2026-04-27T13:40:00.409924+00:00,2026-04-27T13:50:47.460217+00:00,momentum,"Ethereum Up or Down - April 27, 9:40AM-9:45AM ET",UP,Up,4.0,0.51,,LOSS,NO,-4.0,Down,0xd6adc7fdb781eadfce114c4559c534f9263b225c6ed15c08af151f46c19cca18,45368187214002776521046821931396219051809284585681335632869003276280556416718
2026-04-27T13:40:00.449598+00:00,2026-04-27T13:50:47.643879+00:00,momentum,"XRP Up or Down - April 27, 9:40AM-9:45AM ET",UP,Up,2.0,0.52,,LOSS,NO,-2.0,Down,0x5646a1ba3caf606d67425c0572139627bb74692f9053bcf16a4c81b4561e0b81,28420446674845005986266594524213765106863104540980300784557181082091744267586
2026-04-27T13:40:00.430478+00:00,2026-04-27T13:51:48.350011+00:00,momentum,"Solana Up or Down - April 27, 9:40AM-9:45AM ET",DOWN,Down,2.0,0.51,,WIN,YES,1.9215686274509802,Down,0xa7d09f786aef69c4a0a51c8df4aaba5a85dc7f33063a765a9d7e09d52d1a7b39,103309891987806345829698712624049936481356330391048656336736108958214058256298
2026-04-27T13:45:00.624269+00:00,2026-04-27T13:53:49.871965+00:00,momentum,"XRP Up or Down - April 27, 9:45AM-9:50AM ET",UP,Up,4.0,0.515,,LOSS,NO,-4.0,Down,0x41e49f726d5f941c54199ae542ea0917f347a40588a2cd12d8b76496aea909e6,43993551029183555911405128099310886088955619958839194624429682566211313337149
2026-04-27T13:45:01.737678+00:00,2026-04-27T13:53:50.172381+00:00,momentum,"Bitcoin Up or Down - April 27, 9:45AM-9:50AM ET",DOWN,Down,4.0,0.54,,WIN,YES,3.4074074074074066,Down,0x12f6fd5729207189c2e5f384ec4da458839503a2efb01533be798ee8cf89c89d,97919645137410712462329539496096566530953487067963433642217155958746210492521
2026-04-27T13:45:14.293997+00:00,2026-04-27T13:53:50.320886+00:00,momentum,"Ethereum Up or Down - April 27, 9:45AM-9:50AM ET",DOWN,Down,8.0,0.56,,WIN,YES,6.285714285714285,Down,0xedf609a1b9afda86475ee95ff5c5d926ef1d739c1cd8070710df5006db621434,81964741490651855414030654971039637128545615921061572486454847574960611858571
2026-04-27T13:45:00.640534+00:00,2026-04-27T13:54:50.031844+00:00,momentum,"Solana Up or Down - April 27, 9:45AM-9:50AM ET",DOWN,Down,2.0,0.515,,WIN,YES,1.883495145631068,Down,0x1453150f4b0bf67902041838edee1cb83799c45f1e55b8ba65d8161382b5c818,84785010011444768884834667274605733746360520741137833777472410059766391569779
2026-04-27T13:50:05.700786+00:00,2026-04-27T13:59:54.057928+00:00,momentum,"Bitcoin Up or Down - April 27, 9:50AM-9:55AM ET",DOWN,Down,2.0,0.56,,LOSS,NO,-2.0,Up,0xf79255592be3fe46479b95ac3454209ffe89e9368f2dc0a36249b32bf0bda4c5,32792269009478477985290162260200653698539302406930056028700140318541018911552
2026-04-27T13:50:00.358602+00:00,2026-04-27T14:00:54.007989+00:00,momentum,"Solana Up or Down - April 27, 9:50AM-9:55AM ET",DOWN,Down,2.0,0.515,,LOSS,NO,-2.0,Up,0x6030de494267a41a2da30d8da451fa7deb95895ce32e05033fc0e54f93bfccf7,5612417393684943883369352206129128971621663423090599267770322172962777779217
2026-04-27T13:50:02.515240+00:00,2026-04-27T14:00:54.214013+00:00,momentum,"Ethereum Up or Down - April 27, 9:50AM-9:55AM ET",UP,Up,2.0,0.53,,WIN,YES,1.773584905660377,Up,0xf30a39c62ca6108245ec7364296fe19194d28e1a0386d5001a1267232217bfcc,93731421637085923575535805226326373917478311713738239539470374897040730848973
2026-04-27T13:50:02.531939+00:00,2026-04-27T14:00:54.361119+00:00,momentum,"XRP Up or Down - April 27, 9:50AM-9:55AM ET",UP,Up,4.0,0.53,,WIN,YES,3.547169811320754,Up,0x3976b03a9b41016814ca3666ee289fd39ca717c538c17588763301362e56395c,99366070849544510179682408951555081765664830512280822429126306296825415323232
2026-04-27T13:55:00.746285+00:00,2026-04-27T14:05:56.756468+00:00,momentum,"XRP Up or Down - April 27, 9:55AM-10:00AM ET",UP,Up,2.0,0.53,,LOSS,NO,-2.0,Down,0xd3a85dcd87f38fb090596169536180d24c0eb60430e66376c60891a011fff9e3,71807939670540405304227462200484759082093496740007117608609171905727964353261
2026-04-27T13:55:00.761107+00:00,2026-04-27T14:05:56.935337+00:00,momentum,"Solana Up or Down - April 27, 9:55AM-10:00AM ET",UP,Up,4.0,0.51,,WIN,YES,3.8431372549019605,Up,0x225431ea43e363329f2b8f7f3350ef2dd1259c844ea329a06231b98dae331c18,80929314925237746248006446104711988725563931303506628471944416785406670669853
2026-04-27T13:55:00.775151+00:00,2026-04-27T14:05:57.112148+00:00,momentum,"Bitcoin Up or Down - April 27, 9:55AM-10:00AM ET",UP,Up,4.0,0.52,,WIN,YES,3.6923076923076916,Up,0x301e4e3a0d327332edf6c0fd77ab28081333ebf52e1207223fe1df3194deff21,65082912305184574461505362676895432855590895165159597618543525344489918809641
2026-04-27T13:55:00.731725+00:00,2026-04-27T14:06:57.450232+00:00,momentum,"Ethereum Up or Down - April 27, 9:55AM-10:00AM ET",UP,Up,2.0,0.52,,WIN,YES,1.8461538461538458,Up,0x59eea7125d2c7056766d9067e7f96f7b953e47c3c9ded95de271950f0ea76ef2,56948607896615849825225084231819205938431628270720345099155723295732551212635
2026-04-27T14:00:00.771108+00:00,2026-04-27T14:08:58.448707+00:00,momentum,"Ethereum Up or Down - April 27, 10:00AM-10:05AM ET",UP,Up,2.0,0.515,,LOSS,NO,-2.0,Down,0xb6f18c33fc6b8e9930bc1a42686600fc84eb6d67ef60e6ba931f23838fd151ca,24109492531873589484298317622993577814623858928583118131308694466116795066511
2026-04-27T14:00:00.802190+00:00,2026-04-27T14:08:58.643761+00:00,momentum,"XRP Up or Down - April 27, 10:00AM-10:05AM ET",UP,Up,2.0,0.515,,LOSS,NO,-2.0,Down,0xc628e9d3e51be1658506c84ea934ed6de0750127d1e2af423916489032d04603,63935333298397405662700964659414123882884204037981814516408607565111302401917
2026-04-27T14:00:02.886005+00:00,2026-04-27T14:08:58.804735+00:00,momentum,"Bitcoin Up or Down - April 27, 10:00AM-10:05AM ET",DOWN,Down,2.0,0.53,,WIN,YES,1.773584905660377,Down,0x860143d1d0ea854b14f951408a7cb1b521ab84d3138f030dd5396840eafc6af2,48544711137564957096902946259640106818806671925687193558622826736362376176888
2026-04-27T14:00:00.785744+00:00,2026-04-27T14:09:58.964654+00:00,momentum,"Solana Up or Down - April 27, 10:00AM-10:05AM ET",UP,Up,2.0,0.52,,LOSS,NO,-2.0,Down,0xe2b7a747c63f1fe5930419c43f0673083d079ac90ac5276f0386e5bd73fed625,80455598366515013623150470601825065299432651120848959091799961102921775943232
2026-04-27T14:05:01.597389+00:00,2026-04-27T14:15:02.046497+00:00,momentum,"Bitcoin Up or Down - April 27, 10:05AM-10:10AM ET",UP,Up,2.0,0.99,,WIN,YES,0.020202020202020332,Up,0x69dadb295f59720683cebb59864ef67f04f638b1885820b46727ef3f0c773145,16580162233774842842750170948977572305667039660268148074240404752905669766786
2026-04-27T14:05:00.546795+00:00,2026-04-27T14:16:02.263601+00:00,momentum,"XRP Up or Down - April 27, 10:05AM-10:10AM ET",UP,Up,2.0,0.52,,WIN,YES,1.8461538461538458,Up,0xc478e06b934e7a1b0b861784effab3c923853d4b33562932889c5e0a8a792052,6907047628500086263866772036458414501715772298709090152723469376704875301827
2026-04-27T14:05:00.562661+00:00,2026-04-27T14:16:02.314108+00:00,momentum,"Solana Up or Down - April 27, 10:05AM-10:10AM ET",UP,Up,4.0,0.52,,LOSS,NO,-4.0,Down,0xc419818dc0d61cb26ddec4a0d1e477d3491ab5f67e91930992a925d7b7c9e274,37608049141305170060511725726577122633122557242953826863238456538459870658233
2026-04-27T14:05:01.612189+00:00,2026-04-27T14:16:02.508143+00:00,momentum,"Ethereum Up or Down - April 27, 10:05AM-10:10AM ET",UP,Up,4.0,0.99,,WIN,YES,0.040404040404040664,Up,0xf0405b3070034e1674064eab1e58605b23f50e86593c2d78ba50d0536bebdb72,42058647976875787700481399874953861370075075650209185658215491174591637530492
2026-04-27T14:10:04.760264+00:00,2026-04-27T14:20:05.720641+00:00,momentum,"Solana Up or Down - April 27, 10:10AM-10:15AM ET",DOWN,Down,8.0,0.52,,LOSS,NO,-8.0,Up,0xc14e2e436bdcc33598411e3eb29bbd938fdb2812eb53b5fc83d23ac5b6fc04d0,23178217247517763999956626414832394800505089797667169648124798422389720500686
2026-04-27T14:10:00.575388+00:00,2026-04-27T14:21:05.575204+00:00,momentum,"XRP Up or Down - April 27, 10:10AM-10:15AM ET",UP,Up,2.0,0.515,,WIN,YES,1.883495145631068,Up,0xf42dd24a2072c0e5b4aff733e2e7ce946177b1c32e751e1c64df434099bda38e,12141972609913611771078045668078179829373563904418163926101571277673717641075
2026-04-27T14:10:04.745112+00:00,2026-04-27T14:22:06.142247+00:00,momentum,"Bitcoin Up or Down - April 27, 10:10AM-10:15AM ET",DOWN,Down,2.0,0.54,,LOSS,NO,-2.0,Up,0x61f93d0125322023e57d9a5cb3f23c5bb0756b2c70cb928ea3624923d3d08147,51468132969151424507472472117544930271204081775313941526696617619757433589185
2026-04-27T14:10:07.843868+00:00,2026-04-27T14:22:06.190544+00:00,momentum,"Ethereum Up or Down - April 27, 10:10AM-10:15AM ET",DOWN,Down,2.0,0.59,,LOSS,NO,-2.0,Up,0xef09220450c35afd596422e3f30112868a9306ae6ee64aa4375b0d67a060527a,93793237126148313332638295152419363302046141488907235849097314181191279539608
2026-04-27T14:15:05.254150+00:00,2026-04-27T14:24:08.227003+00:00,momentum,"Solana Up or Down - April 27, 10:15AM-10:20AM ET",UP,Up,16.0,0.58,,WIN,YES,11.586206896551726,Up,0xf6f2ae9452966b4a54e4f8553d20a84c416ccab80efbbdcece974f80e3096c0c,110173786322947910655238391500031893998154191797967394886789901146274274618722
2026-04-27T14:15:05.272260+00:00,2026-04-27T14:24:08.269329+00:00,momentum,"Ethereum Up or Down - April 27, 10:15AM-10:20AM ET",UP,Up,4.0,0.59,,LOSS,NO,-4.0,Down,0x8d081ff2606cdb0c868532fce05902910744d38549154afb9477a5d349fe2fba,58029433555356632589146892307274231163163588202756216205578158078613272170643
2026-04-27T14:15:01.477807+00:00,2026-04-27T14:25:08.085370+00:00,momentum,"Bitcoin Up or Down - April 27, 10:15AM-10:20AM ET",DOWN,Down,4.0,0.51,,LOSS,NO,-4.0,Up,0x8eafcdd21a9969629c29e69ac4fb30def385328325b103c6fcb8ea7fec0fd6ae,110584216864960698411037225774815649794941817918050507140677963528385483380473
2026-04-27T14:15:00.247753+00:00,2026-04-27T14:28:08.919860+00:00,momentum,"XRP Up or Down - April 27, 10:15AM-10:20AM ET",UP,Up,2.0,0.515,,WIN,YES,1.883495145631068,Up,0x11b35a09de119c2eeba8a6a354f0c7510f17cc50a1ee18e3863df0a7cdff061e,83753579084956274486495441362510848336443914148689274640667333112617649738845
2026-04-27T14:20:01.223694+00:00,2026-04-27T14:30:10.743721+00:00,momentum,"Bitcoin Up or Down - April 27, 10:20AM-10:25AM ET",DOWN,Down,8.0,0.53,,LOSS,NO,-8.0,Up,0xc014d8f7e66c4b1f59a6aa798258383835cd6c35ec02bbfd24ad6d70b9679576,84229479672684058116098632720318477469267077082714990349047791720330197658399
2026-04-27T14:20:00.094536+00:00,2026-04-27T14:31:11.171625+00:00,momentum,"XRP Up or Down - April 27, 10:20AM-10:25AM ET",UP,Up,2.0,0.515,,LOSS,NO,-2.0,Down,0x1fde66d97109fab939cf1b4af886e8e1939266f48fc314d22728b1efa5c0ecd0,30967884536521730439419241195797607716655351926808424109513760282041135803988
2026-04-27T14:20:00.113810+00:00,2026-04-27T14:31:11.420741+00:00,momentum,"Solana Up or Down - April 27, 10:20AM-10:25AM ET",UP,Up,2.0,0.52,,WIN,YES,1.8461538461538458,Up,0x0a930edee6ef3ce4e9aced1e4eca94b4484fa39a05c3aa6199fe012d98f45a26,5094373583645215362846366914359283234855439839188409450279824281600440599233
2026-04-27T14:20:08.034226+00:00,2026-04-27T14:31:11.476358+00:00,momentum,"Ethereum Up or Down - April 27, 10:20AM-10:25AM ET",DOWN,Down,8.0,0.61,,LOSS,NO,-8.0,Up,0x2399ea7728d378f4b4f646a661e601367c10479b9510dc35e73a56f038907985,70537630515671118167609054194021759821914802778682091469573810811150954338444
2026-04-27T14:25:02.775188+00:00,2026-04-27T14:36:12.881902+00:00,momentum,"Bitcoin Up or Down - April 27, 10:25AM-10:30AM ET",DOWN,Down,16.0,0.52,,WIN,YES,14.769230769230766,Down,0x22ca75f15e8268f1ddbecce720c947e21523584b1b6fe9212ff995e859c8ce59,101027325355413848466529771323360489815490101637411654870410670984174173601208
2026-04-27T14:25:05.863934+00:00,2026-04-27T14:36:12.937046+00:00,momentum,"Ethereum Up or Down - April 27, 10:25AM-10:30AM ET",UP,Up,16.0,0.58,,LOSS,NO,-16.0,Down,0xbab1eb26b96518ddd436a2a29c929aa619abd7d0fd0b1ca5d6a0862888d38582,97630311497821325001644843994600040889610184731002474625803307198596169629556
2026-04-27T14:25:00.582215+00:00,2026-04-27T14:37:13.383508+00:00,momentum,"XRP Up or Down - April 27, 10:25AM-10:30AM ET",UP,Up,4.0,0.515,,LOSS,NO,-4.0,Down,0xb22752ae70d0366f7f895cd5dcffe88d9c4880cddc0a6ec4ee1b004d1ae24034,36523637950861618816049056963181020668786726771972312421946690633664078719667
2026-04-27T14:25:05.880254+00:00,2026-04-27T14:37:13.434799+00:00,momentum,"Solana Up or Down - April 27, 10:25AM-10:30AM ET",UP,Up,2.0,0.55,,LOSS,NO,-2.0,Down,0x00fe9f6d8ca0c9da05683e0180b966d165070e99ab6fa476eba2320360a35c92,47184790000385181175425805363509885966029670328872817594521804937423914556037
2026-04-27T14:30:00.666269+00:00,2026-04-27T14:39:13.856415+00:00,momentum,"Ethereum Up or Down - April 27, 10:30AM-10:35AM ET",UP,Up,16.0,0.515,,WIN,YES,15.067961165048544,Up,0x949216344f072ec9a38c2021fb4f32291be2317bc9bdf764cfdfaf1e532486bb,83203780999663037911810244474472719136101561605329677825802076970974537813621
2026-04-27T14:30:01.703551+00:00,2026-04-27T14:39:14.048176+00:00,momentum,"XRP Up or Down - April 27, 10:30AM-10:35AM ET",DOWN,Down,4.0,0.52,,LOSS,NO,-4.0,Up,0x542d70d8e20493619b2b6dd56fe628e24bd69b63494a9c8d77426c3f00ca2f46,85398987424688223170867051170960258863960156216001050530718606483096275691901
2026-04-27T14:30:01.726769+00:00,2026-04-27T14:39:14.092682+00:00,momentum,"Bitcoin Up or Down - April 27, 10:30AM-10:35AM ET",DOWN,Down,2.0,0.51,,LOSS,NO,-2.0,Up,0xcacfcb3436bfb04ecb50cbb64a41ee4444ec193906a5e21e95200d9c977a6bfd,70241931365090047612530109042577349373904888915077087822825283230486720919743
2026-04-27T14:30:00.684712+00:00,2026-04-27T14:40:14.583004+00:00,momentum,"Solana Up or Down - April 27, 10:30AM-10:35AM ET",DOWN,Down,2.0,0.515,,LOSS,NO,-2.0,Up,0xaa0f73dceda0b0b6eaf6c075d457aa88678c839057a38a847ab80d7d4222dfcf,56282546740774077016649710141109177286212873614552508820556423372381047306623
2026-04-27T14:35:00.705688+00:00,2026-04-27T14:45:17.904656+00:00,momentum,"Bitcoin Up or Down - April 27, 10:35AM-10:40AM ET",DOWN,Down,4.0,0.51,,LOSS,NO,-4.0,Up,0xf212fee83e4a46b02dd475bbc30558e8bfba92cc40a94c88bcd73a5ec0980d59,49367673143009164786392837515505211652596943606691242787436726531581818634020
2026-04-27T14:35:00.723167+00:00,2026-04-27T14:45:17.952658+00:00,momentum,"Ethereum Up or Down - April 27, 10:35AM-10:40AM ET",DOWN,Down,2.0,0.51,,LOSS,NO,-2.0,Up,0x5f114e9b524a0db75f5dd0425aa4f16ee869487783fece16f6bf32309755703b,2737642274686048814808602883166042690450268344763585400916352153412221460071
2026-04-27T14:35:00.742487+00:00,2026-04-27T14:45:18.004360+00:00,momentum,"Solana Up or Down - April 27, 10:35AM-10:40AM ET",DOWN,Down,4.0,0.51,,LOSS,NO,-4.0,Up,0xb7fe5696870bb2ee384490b69534b692c2ae4b26ac34b79b2e85b05918a315c6,7412012471287453829980607726822691879029947025148413330916797859465731545419
2026-04-27T14:35:21.791699+00:00,2026-04-27T14:45:18.163515+00:00,momentum,"XRP Up or Down - April 27, 10:35AM-10:40AM ET",UP,Up,2.0,0.53,,WIN,YES,1.773584905660377,Up,0x74a84af76622c7bbcb787b81e8d06fbba4fb7ce937a20b286c5c6802da2c491a,34874800729616882499081346662749421295663655312451056308088446703689478890488
2026-04-27T14:40:00.081884+00:00,2026-04-27T14:51:22.284007+00:00,momentum,"Bitcoin Up or Down - April 27, 10:40AM-10:45AM ET",DOWN,Down,8.0,0.525,,LOSS,NO,-8.0,Up,0x06460d7ae58138110b846a025e2b4be2f7df37f15da337829f274cf851426fb6,8808886551801533012849538965116343984879422575954095438392496095444676347976
2026-04-27T14:40:00.111294+00:00,2026-04-27T14:51:22.439437+00:00,momentum,"Solana Up or Down - April 27, 10:40AM-10:45AM ET",DOWN,Down,8.0,0.515,,WIN,YES,7.533980582524272,Down,0x596a0706f03ef8798c1bc951afabf2d396034dd54f785d93a7818f4889b70c6b,80073409628788223886038763923814247307392811779094504020556582078041728476634
2026-04-27T14:40:01.236730+00:00,2026-04-27T14:51:22.620263+00:00,momentum,"XRP Up or Down - April 27, 10:40AM-10:45AM ET",DOWN,Down,2.0,0.51,,LOSS,NO,-2.0,Up,0x2f797691975695428dcc53c650fa045c338d50225b242d2dcc72fb50d28e0425,57303688231216987637766128828902845257983509789390461346107276305297074874599
2026-04-27T14:40:01.212451+00:00,2026-04-27T14:52:22.872232+00:00,momentum,"Ethereum Up or Down - April 27, 10:40AM-10:45AM ET",DOWN,Down,4.0,0.55,,LOSS,NO,-4.0,Up,0x09a2c42207247339d6e8799e03de76231bdcd5dd2c87017a1154452f006cf8f5,114139228122056224437219538270345234383171682405427682197549304248354550551684
2026-04-27T14:45:00.974427+00:00,2026-04-27T14:53:23.790597+00:00,momentum,"Bitcoin Up or Down - April 27, 10:45AM-10:50AM ET",DOWN,Down,16.0,0.525,,LOSS,NO,-16.0,Up,0xe20c5297b6ad7981c29facc4f3c74561ee5ebaa685fff1a1a44ace5b0cb9441a,46147441776448934060582013564519862897412663215217224902882622556636406502771
2026-04-27T14:45:02.111083+00:00,2026-04-27T14:53:24.180083+00:00,momentum,"XRP Up or Down - April 27, 10:45AM-10:50AM ET",DOWN,Down,4.0,0.53,,LOSS,NO,-4.0,Up,0x45490f256a7af53dfdae211047aaa959fcf1751b59d96da5609a974656383e3a,6419197179064749152576229882855473525905110850914016855421180108893053159358
2026-04-27T14:45:00.992281+00:00,2026-04-27T14:55:24.499239+00:00,momentum,"Solana Up or Down - April 27, 10:45AM-10:50AM ET",DOWN,Down,2.0,0.515,,LOSS,NO,-2.0,Up,0x68106bdadcf7423e078f514e5cecc11f6aafc59adefc5e0823d3b9e043267c5c,22286699790399671354963413640108817630221508863859090774285708538392691657836
2026-04-27T14:45:02.082805+00:00,2026-04-27T14:55:24.541962+00:00,momentum,"Ethereum Up or Down - April 27, 10:45AM-10:50AM ET",DOWN,Down,8.0,0.53,,LOSS,NO,-8.0,Up,0x580b3231f720a075fb9e8154dc986d0e9d9ee532802c4c19cac769b8e00eec44,30003842023739372993220807998885345312706046030496782335260162969888664222805
2026-04-27T14:50:00.460882+00:00,2026-04-27T15:00:28.161595+00:00,momentum,"Solana Up or Down - April 27, 10:50AM-10:55AM ET",DOWN,Down,4.0,0.515,,WIN,YES,3.766990291262136,Down,0x7a8e3d33e5d86bddb7c9bf437b6180244568cb8801be93fded13c1bba1bf141c,68959738799602695714363141242213862429978089089845404787777494679436858675095
2026-04-27T14:50:01.605233+00:00,2026-04-27T15:00:28.328751+00:00,momentum,"Bitcoin Up or Down - April 27, 10:50AM-10:55AM ET",DOWN,Down,32.0,0.55,,WIN,YES,26.18181818181818,Down,0xdf8ee16ff6b22335d74943ba2abec8c9f95a11a2b81fd95f75e229d72410fd26,42850657247155518360634575554502209040141876536257011635654321979028464466834
2026-04-27T14:50:01.623614+00:00,2026-04-27T15:00:28.492782+00:00,momentum,"Ethereum Up or Down - April 27, 10:50AM-10:55AM ET",DOWN,Down,16.0,0.54,,WIN,YES,13.629629629629626,Down,0x8de1f74505e84baa429c521c6a79a8e9671f08f24a78779a855bd436d52b54f8,1164296108866728821503145522147168931637184988467754297502188671866323740657
2026-04-27T14:50:01.643337+00:00,2026-04-27T15:01:28.541107+00:00,momentum,"XRP Up or Down - April 27, 10:50AM-10:55AM ET",DOWN,Down,2.0,0.51,,WIN,YES,1.9215686274509802,Down,0x2b0a6d3b68bdfd35c6b263cd4e2d2a6db9227bf8dabf1f1b566101524cffbcda,99218057898095841197970899984483665560571499946011337936515991314000091494318
2026-04-27T14:55:00.440115+00:00,2026-04-27T15:05:31.074429+00:00,momentum,"Ethereum Up or Down - April 27, 10:55AM-11:00AM ET",DOWN,Down,2.0,0.525,,WIN,YES,1.8095238095238093,Down,0x4d71be7164d271abcf63c858d4b96a427cc8dee60724eeb6197465446e409f77,20697809609116431680187030200890562499496000049583367623352052988761994386727
2026-04-27T14:55:02.570264+00:00,2026-04-27T15:05:31.571530+00:00,momentum,"XRP Up or Down - April 27, 10:55AM-11:00AM ET",DOWN,Down,2.0,0.51,,WIN,YES,1.9215686274509802,Down,0x7ec934352378ebd556b694251efb50c7d21431d57c4be181a08b2f00d260838a,24910688446170019617635105940899831024200025412224056258703157256617854298001
2026-04-27T14:55:00.459236+00:00,2026-04-27T15:06:31.249338+00:00,momentum,"Bitcoin Up or Down - April 27, 10:55AM-11:00AM ET",DOWN,Down,2.0,0.515,,WIN,YES,1.883495145631068,Down,0x1bf8342d4fd6417043e4ca126e06343284eed417281f59ae937c655f41c444ae,86808249576605461441937302064338751967486062026011422729482336839958547690522
2026-04-27T14:55:00.483660+00:00,2026-04-27T15:06:31.386437+00:00,momentum,"Solana Up or Down - April 27, 10:55AM-11:00AM ET",DOWN,Down,2.0,0.515,,WIN,YES,1.883495145631068,Down,0x12e17591fcff6d2addd235e7a5b977cfbd6abdf496bdb52184520ba09f379dc1,9522714023207288794861890615224168890263606347085142557249613235764399208753
2026-04-27T15:00:00.800568+00:00,2026-04-27T15:11:34.233851+00:00,momentum,"Solana Up or Down - April 27, 11:00AM-11:05AM ET",DOWN,Down,2.0,0.515,,WIN,YES,1.883495145631068,Down,0x245a882aa410a9d9f76601da240fd65be028e8b4a970fe9e3bf1d9c6f60651a7,61763368144904442812999293423849422699310119509360104589724197237833253543431
2026-04-27T15:00:00.820408+00:00,2026-04-27T15:12:34.572242+00:00,momentum,"Ethereum Up or Down - April 27, 11:00AM-11:05AM ET",DOWN,Down,2.0,0.535,,WIN,YES,1.7383177570093458,Down,0xe6f46dc0bdbc1046b944722b97360bcb822392cd69cb63340e16de6c7f0d2779,69560184523876811066587049594924979942948795160725480400987051615478529085444
2026-04-27T15:00:02.906783+00:00,2026-04-27T15:12:34.628112+00:00,momentum,"Bitcoin Up or Down - April 27, 11:00AM-11:05AM ET",UP,Up,2.0,0.54,,LOSS,NO,-2.0,Down,0xc610cc33e3823aeacfcf9f696b0544ddcb1ec95c7d5562b42a7e75575d0db464,82647683133895760872879019042014079228297695655254422656296997895651774963960
2026-04-27T15:00:02.928217+00:00,2026-04-27T15:12:34.674648+00:00,momentum,"XRP Up or Down - April 27, 11:00AM-11:05AM ET",UP,Up,2.0,0.53,,LOSS,NO,-2.0,Down,0x5e40e8da0b8894f51f74293746037a38b6564c396499887d45fca92496ae7623,101026748321922800375670661624065902173728863971147848707284551866913521050518
2026-04-27T15:05:02.862938+00:00,2026-04-27T15:14:36.401263+00:00,momentum,"XRP Up or Down - April 27, 11:05AM-11:10AM ET",UP,Up,4.0,0.52,,WIN,YES,3.6923076923076916,Up,0x4c526b6c03c34a4668044696859eb80ceef0c92184626fcd3f1d6d429ac57e89,101333010099620322474508196116932397384218860463497093757889175028515121725623
2026-04-27T15:05:00.724374+00:00,2026-04-27T15:15:36.266686+00:00,momentum,"Bitcoin Up or Down - April 27, 11:05AM-11:10AM ET",DOWN,Down,4.0,0.55,,LOSS,NO,-4.0,Up,0x3cca51c47dab6fddbc5a54921df71705f744d9d928f80385d9a0423321ee2aaf,23333549216719776823459464155160493002093549189011313095405378699845160278912
2026-04-27T15:05:00.744249+00:00,2026-04-27T15:15:36.444129+00:00,momentum,"Ethereum Up or Down - April 27, 11:05AM-11:10AM ET",UP,Up,2.0,0.525,,WIN,YES,1.8095238095238093,Up,0xf43da2c4867c37aee69d157caf6bdf142123af365391a469badc31c6aab63962,93710585217877615407680010171426290760097107395405374130154849928744096395569
2026-04-27T15:05:00.766311+00:00,2026-04-27T15:15:36.625296+00:00,momentum,"Solana Up or Down - April 27, 11:05AM-11:10AM ET",UP,Up,2.0,0.52,,WIN,YES,1.8461538461538458,Up,0xaff4a2668ee2efc2770c7eae04c218b52181beb5d0fea9daa3e479f4e8a4b597,75008623906531499769442474270054999432560007975437907968997442007999799201788
2026-04-27T15:10:00.542170+00:00,2026-04-27T15:20:40.655655+00:00,momentum,"Solana Up or Down - April 27, 11:10AM-11:15AM ET",UP,Up,2.0,0.99,,LOSS,NO,-2.0,Down,0xce42a4daee0860fd88154e3fe037259724c4dbe6688fac4352ae77f55f2d36a4,115488342301663650817449034614571151844912844534592862815922164890757222573237
2026-04-27T15:10:00.477923+00:00,2026-04-27T15:21:40.439834+00:00,momentum,"XRP Up or Down - April 27, 11:10AM-11:15AM ET",UP,Up,2.0,0.99,,LOSS,NO,-2.0,Down,0x2a7fc7d82b38b9016b5c8ebba38754ba72990b940bc217eed45ba31d678ee316,106262138830175348007693025979742184079969738730695998434999467626826804378900
2026-04-27T15:10:00.498149+00:00,2026-04-27T15:21:40.498944+00:00,momentum,"Ethereum Up or Down - April 27, 11:10AM-11:15AM ET",UP,Up,2.0,0.99,,LOSS,NO,-2.0,Down,0x7d9f9166b54b7befd70f986d27ffb7f2fbf011b0f73b33a3e6ae9f3172b9e748,104217035748601671882325491838496587404865334126991341541085868775204163707387
2026-04-27T15:10:00.518997+00:00,2026-04-27T15:21:40.544492+00:00,momentum,"Bitcoin Up or Down - April 27, 11:10AM-11:15AM ET",UP,Up,4.0,0.53,,LOSS,NO,-4.0,Down,0x4a88a0efa7d99e483dde65d07175d3d392da91b61700589a5bd1ad10ae8dabec,63585138181013648846942017251397207307811007348005785871893952827909790944466
2026-04-27T15:15:00.892634+00:00,2026-04-27T15:23:42.066010+00:00,momentum,"XRP Up or Down - April 27, 11:15AM-11:20AM ET",UP,Up,4.0,0.515,,LOSS,NO,-4.0,Down,0x7498759df52608afef8382400f2d6a0d5d01a69dd16818053832e1564a3dfebf,34264370534634665879891414987605993806807364766622156955682743588735342258418
2026-04-27T15:15:03.037998+00:00,2026-04-27T15:23:42.114555+00:00,momentum,"Bitcoin Up or Down - April 27, 11:15AM-11:20AM ET",UP,Up,8.0,0.53,,LOSS,NO,-8.0,Down,0x0befd1b522766881d5adac15ea886f50fac21f27d86cf37a7ba7d14fbdb40eee,64375208249964707495460796703977298666003117850136117884319707602511017636915
2026-04-27T15:15:00.866039+00:00,2026-04-27T15:24:42.836266+00:00,momentum,"Solana Up or Down - April 27, 11:15AM-11:20AM ET",UP,Up,4.0,0.515,,LOSS,NO,-4.0,Down,0xda30213ad0d6055c6689ae14de77170f640d080ce950c1642f64dc3d4b296547,99545116152607998092330536907541679609933370859896616978561096537709394667354
2026-04-27T15:15:00.842232+00:00,2026-04-27T15:26:44.566984+00:00,momentum,"Ethereum Up or Down - April 27, 11:15AM-11:20AM ET",UP,Up,4.0,0.545,,LOSS,NO,-4.0,Down,0xfb9a1676ebf6bf40c75a62c9d5aee7fdf1c5bc33a2370a9b512f467c99ebd21b,89559605543222684599998838604392476645301588804446221776581646338066903304679
2026-04-27T15:20:00.442817+00:00,2026-04-27T15:29:46.264907+00:00,momentum,"XRP Up or Down - April 27, 11:20AM-11:25AM ET",UP,Up,4.0,0.515,,LOSS,NO,-4.0,Down,0x19c4569ca1ba8092bba8202aaff312a8df680e95d2c3e2f46f3e15b4ce2babe4,71161704590621703565567960670530456111036782500652071969778150622743863129712
2026-04-27T15:20:00.400301+00:00,2026-04-27T15:30:46.726193+00:00,momentum,"Ethereum Up or Down - April 27, 11:20AM-11:25AM ET",UP,Up,4.0,0.515,,LOSS,NO,-4.0,Down,0x8050ad91db8a788917b5b397a77cececf0ac55278fd3ec07cc394af3360dd9f5,93787215514629012604476487560997768840839446405838647209593119551291762589159
2026-04-27T15:20:00.419740+00:00,2026-04-27T15:30:46.767791+00:00,momentum,"Solana Up or Down - April 27, 11:20AM-11:25AM ET",UP,Up,4.0,0.515,,LOSS,NO,-4.0,Down,0xc510890def1311889550e4fa1fde6fd23d6eabb692d1e8043ac7e5cd5dc4b3b0,15441845958704181419569282125785586894675509751213526521118446504447268285164
2026-04-27T15:20:01.601352+00:00,2026-04-27T15:30:46.810554+00:00,momentum,"Bitcoin Up or Down - April 27, 11:20AM-11:25AM ET",UP,Up,8.0,0.6,,LOSS,NO,-8.0,Down,0x40d04bf526f0726c0cb1c04c6ccf0a34648e72bf89f96de9669b3e9a131151e8,111255731405083475803562026850837714214691913920028924382200475495813974613616
2026-04-27T15:25:00.763151+00:00,2026-04-27T15:35:48.651026+00:00,momentum,"Bitcoin Up or Down - April 27, 11:25AM-11:30AM ET",UP,Up,32.0,0.59,,WIN,YES,22.237288135593225,Up,0x2451bb40b54f45484149233d449b1243d819d29613c51e6cba553c38ef42f125,20520801528916061748013123632592674384181689670084527932785931829277404407702
2026-04-27T15:25:00.824825+00:00,2026-04-27T15:35:49.229814+00:00,momentum,"Ethereum Up or Down - April 27, 11:25AM-11:30AM ET",UP,Up,16.0,0.515,,WIN,YES,15.067961165048544,Up,0x3b8d85f3dab18ed7dc42fd76a3adfe490a71d3e6a59b7ea3f36b2235bc90e53b,21406745847117855807704783144366208978202949694924072359093432917674195951348
2026-04-27T15:25:00.783846+00:00,2026-04-27T15:36:48.807351+00:00,momentum,"Solana Up or Down - April 27, 11:25AM-11:30AM ET",UP,Up,16.0,0.515,,WIN,YES,15.067961165048544,Up,0x537a9b7ee0335cf9a08b45dbd430f3bac5313526b7fea434e690ec7aadab311e,94402217557353979899798291658191281572050564572344120415179147251895441030095
2026-04-27T15:30:01.064179+00:00,2026-04-27T15:38:49.764132+00:00,momentum,"Solana Up or Down - April 27, 11:30AM-11:35AM ET",UP,Up,2.0,0.52,,WIN,YES,1.8461538461538458,Up,0xe924010ad1f9edc08d09dbe8a6a81056d4de110b6208752ab9720a05efb97fe3,95271002531385272029416994616312404657427807352015402221906959964995249023366
2026-04-27T15:30:01.110775+00:00,2026-04-27T15:38:50.052391+00:00,momentum,"XRP Up or Down - April 27, 11:30AM-11:35AM ET",UP,Up,2.0,0.515,,WIN,YES,1.883495145631068,Up,0x02354a65d9d4c893f6ab62eb326e4c3fd9f06b8cd989f18d16f27975a35eb938,24334938731239892175377839058964091100132422476794019560525458339874442436170
2026-04-27T15:30:01.035326+00:00,2026-04-27T15:39:49.371599+00:00,momentum,"Bitcoin Up or Down - April 27, 11:30AM-11:35AM ET",UP,Up,2.0,0.515,,WIN,YES,1.883495145631068,Up,0x96fdb3d0838218bcbcaf31501d4606854866e1c578f6d39d42469c2aabb53099,34766581110037398196362935306086234556747776732281706249656507523570095533950
2026-04-27T15:30:01.088098+00:00,2026-04-27T15:39:49.582537+00:00,momentum,"Ethereum Up or Down - April 27, 11:30AM-11:35AM ET",UP,Up,2.0,0.515,,WIN,YES,1.883495145631068,Up,0xfffb866b1c75128589179321e518cc4343573868723636d45ac3733dfdc4bc59,32337843581331187658140263227610669770501280560852550954380874951574835042918
2026-04-27T15:35:00.943716+00:00,2026-04-27T15:44:52.140019+00:00,momentum,"Solana Up or Down - April 27, 11:35AM-11:40AM ET",UP,Up,2.0,0.52,,WIN,YES,1.8461538461538458,Up,0x5419c44ea19c2ad04817b174a7f268abd1c0320ff7e10bc1e3ba21b667251277,41613932494400914281004937628643820745552786533135410749239403586061447479411
2026-04-27T15:35:00.963871+00:00,2026-04-27T15:44:52.186920+00:00,momentum,"XRP Up or Down - April 27, 11:35AM-11:40AM ET",UP,Up,2.0,0.51,,LOSS,NO,-2.0,Down,0x1e0f2fde9ecf8166cd10d383a191d24f6f26411b133b06ce3d50cd95a0df45e1,30244972299090744323819612324159607180665376737028348566599162665122718900894
2026-04-27T15:35:04.105077+00:00,2026-04-27T15:44:52.433277+00:00,momentum,"Ethereum Up or Down - April 27, 11:35AM-11:40AM ET",UP,Up,2.0,0.51,,WIN,YES,1.9215686274509802,Up,0x4c348181d75d28e224c50b9a10da4faa215ce2740a8bc4acf5c93791e30e2108,27992775040979573104618938119739560909112237554595375997680817678375453682870
2026-04-27T15:35:00.925078+00:00,2026-04-27T15:45:52.587146+00:00,momentum,"Bitcoin Up or Down - April 27, 11:35AM-11:40AM ET",DOWN,Down,2.0,0.52,,WIN,YES,1.8461538461538458,Down,0x7cbaad35634d3199fd3fd774f14e093d46cfcabbc010c0b44702e578fbcd652f,11347311299154059351505195407630803736090516620437765644120860960889878189520
2026-04-27T15:25:00.804776+00:00,2026-04-27T15:47:53.340144+00:00,momentum,"XRP Up or Down - April 27, 11:25AM-11:30AM ET",UP,Up,16.0,0.515,,WIN,YES,15.067961165048544,Up,0xb68c9d33abfcfbb55cd973df5477c5cb7456f0e20237a07ed866196c772db44b,52623119338580731301394316631058271388305568392573880806328051730214659151504
2026-04-27T15:40:00.587632+00:00,2026-04-27T15:50:56.322692+00:00,momentum,"Ethereum Up or Down - April 27, 11:40AM-11:45AM ET",UP,Up,2.0,0.52,,WIN,YES,1.8461538461538458,Up,0x77e23c1d8e482980b3a80c5c6696d60f42a7b265f3e90181fcb7c986c0556a14,85618994383545662131257061368176332032935968710968359643943873471788790497123
2026-04-27T15:40:03.778815+00:00,2026-04-27T15:50:56.616046+00:00,momentum,"Bitcoin Up or Down - April 27, 11:40AM-11:45AM ET",UP,Up,4.0,0.57,,WIN,YES,3.0175438596491233,Up,0x3af312dca0cf6e81a96e2e147cd6bbb25984880a581a60e3c78b4ee827acb208,24372635278514240137714300590832026372170710914080491430819406754750506932172
2026-04-27T15:40:00.564920+00:00,2026-04-27T15:51:56.186756+00:00,momentum,"Solana Up or Down - April 27, 11:40AM-11:45AM ET",UP,Up,2.0,0.51,,LOSS,NO,-2.0,Down,0xa4bd4566269fb2dc00dd65e4a254a8dea1cd27be1b23ceb8e11035ddb45ddf8d,42313390098660967809523254986341649097503769470908279855408748001758166558819
2026-04-27T15:40:00.611362+00:00,2026-04-27T15:51:56.234507+00:00,momentum,"XRP Up or Down - April 27, 11:40AM-11:45AM ET",UP,Up,2.0,0.51,,LOSS,NO,-2.0,Down,0x13930836fd22db9c5b2b06cd57c0dce923bb40bf239dece2d436f5b12d6f5c25,60011219543442063386382585195311113332736073888078712284330761473644712621478
2026-04-27T15:45:01.042475+00:00,2026-04-27T15:53:56.861465+00:00,momentum,"Bitcoin Up or Down - April 27, 11:45AM-11:50AM ET",DOWN,Down,8.0,0.53,,WIN,YES,7.094339622641508,Down,0x075d83e0bdc5f36ef3e0c53a7cd2aa81f107e2d37713074aae0af779b4b46e55,88180085907039259907895514517535048966119916995858544595829670983800278706698
2026-04-27T15:45:01.065380+00:00,2026-04-27T15:53:56.907577+00:00,momentum,"Solana Up or Down - April 27, 11:45AM-11:50AM ET",UP,Up,4.0,0.52,,LOSS,NO,-4.0,Down,0x783e53f9099dd580f530e1852a44dcd842a8e7418c74b81a8355cc898c4aeb50,29792792187870252770414492493146888888592015397519090355363342481424656996687
2026-04-27T15:45:01.114270+00:00,2026-04-27T15:53:57.222376+00:00,momentum,"Ethereum Up or Down - April 27, 11:45AM-11:50AM ET",DOWN,Down,2.0,0.51,,WIN,YES,1.9215686274509802,Down,0xc744841be362721e3b4fb65d67b7a5d714db626cde9a81aa18ad962bcda95fd9,44137398748167779305679148105650235247688551888517767271081106479688920496087
2026-04-27T15:45:01.091251+00:00,2026-04-27T15:54:56.681224+00:00,momentum,"XRP Up or Down - April 27, 11:45AM-11:50AM ET",UP,Up,2.0,0.52,,LOSS,NO,-2.0,Down,0x8e9955633adc1b554c3a81dc3dbc1061e9239dd9f6d93b62184e9491231ef4f3,959154828545580134889335590239204031045096821616253531364815163604978735337
2026-04-27T15:50:00.287982+00:00,2026-04-27T16:01:00.317203+00:00,momentum,"XRP Up or Down - April 27, 11:50AM-11:55AM ET",UP,Up,4.0,0.515,,WIN,YES,3.766990291262136,Up,0xefc4c1a08ab0049996f035d72509c8aa063b234e75a49ca5c65d539954bd52de,53481697927522634506219445755198092762111034337618490859209855154704032014028
2026-04-27T15:50:00.311609+00:00,2026-04-27T16:01:00.520985+00:00,momentum,"Ethereum Up or Down - April 27, 11:50AM-11:55AM ET",UP,Up,2.0,0.515,,WIN,YES,1.883495145631068,Up,0x52eae4522de252c0daf48a7090ff64aecec1fd42f432fb2abc2068ffb35664f5,59761277659887401347770596094106339824713030342855028919041276501776918349661
2026-04-27T15:50:00.335093+00:00,2026-04-27T16:01:00.687962+00:00,momentum,"Solana Up or Down - April 27, 11:50AM-11:55AM ET",UP,Up,8.0,0.52,,WIN,YES,7.384615384615383,Up,0x668af0f38a64a0ae4cd225a3f50780a98bf61a52aea3ea0e30b346e6f7569b52,24636634058506861772854911823248901796269712680698641872125652845864973729971
2026-04-27T15:50:01.482651+00:00,2026-04-27T16:01:00.919538+00:00,momentum,"Bitcoin Up or Down - April 27, 11:50AM-11:55AM ET",UP,Up,2.0,0.58,,WIN,YES,1.4482758620689657,Up,0x38affa19ace930bd69858f32f0a5a7ccdb0749664645e7879b2d765b4aec2aee,90930069357107368856657930474707401467320813285248417679098303020577810524500
2026-04-27T15:55:00.336248+00:00,2026-04-27T16:05:02.778324+00:00,momentum,"Ethereum Up or Down - April 27, 11:55AM-12:00PM ET",UP,Up,2.0,0.515,,LOSS,NO,-2.0,Down,0xa8031db8af36db399a3747994ebafc7fc24d6193d464954f7cc03b47fd62a512,4792219314189077829304548796057174185184271204230297637928737240149677146930
2026-04-27T15:55:00.407253+00:00,2026-04-27T16:06:03.507831+00:00,momentum,"Solana Up or Down - April 27, 11:55AM-12:00PM ET",UP,Up,2.0,0.52,,WIN,YES,1.8461538461538458,Up,0xa75927864c4ce129186ede1c7b7553cf418a1d91f37963d7e288c591b064c5d0,81094763437227764953777790265379959577882099310544599990236053558093044502235
2026-04-27T15:55:00.358883+00:00,2026-04-27T16:07:03.664817+00:00,momentum,"Bitcoin Up or Down - April 27, 11:55AM-12:00PM ET",UP,Up,2.0,0.515,,LOSS,NO,-2.0,Down,0x5f2e8ed14f40883bd6cde5af7a14628c0a86dbbf3706535f77941edd129956f0,23857323656279289306264679789325599101931795821457104376719109529219523824735
2026-04-27T15:55:00.384625+00:00,2026-04-27T16:07:03.835562+00:00,momentum,"XRP Up or Down - April 27, 11:55AM-12:00PM ET",UP,Up,2.0,0.525,,WIN,YES,1.8095238095238093,Up,0xc6549b9f1ea1611a921ea8c4fcf94c7a981647986e54b1941ba77568300664de,56770364574773997564795467369296120085995551312373137879726233124278848172691
2026-04-27T16:00:02.238976+00:00,2026-04-27T16:10:04.675382+00:00,momentum,"Ethereum Up or Down - April 27, 12:00PM-12:05PM ET",DOWN,Down,4.0,0.6,,WIN,YES,2.666666666666667,Down,0xed7b7c18581a262638e40f76cacb2eb3f081c273a8f872c99ca5c79da84af2cf,21162624392618364243913834666858548687590981394933501187606541112280281603355
2026-04-27T16:00:04.526427+00:00,2026-04-27T16:10:05.040464+00:00,momentum,"Bitcoin Up or Down - April 27, 12:00PM-12:05PM ET",DOWN,Down,4.0,0.59,,WIN,YES,2.779661016949153,Down,0xd17c9aae3ef9ef7b5e06981e4590824ea69ca1adeb4cf3b6fb959cbb71b10013,48819485877809579879653742218923109061095786779252142902545803439987956701122
2026-04-27T16:00:02.215205+00:00,2026-04-27T16:12:05.773618+00:00,momentum,"XRP Up or Down - April 27, 12:00PM-12:05PM ET",UP,Up,2.0,0.52,,WIN,YES,1.8461538461538458,Up,0xbc5d95a20df82b7f709c6f7e2696d5644966362a71d2c37a57127c8d4cfe7589,93245819318269157464933091714710609241307834557599721180955762411300681434408
2026-04-27T16:00:02.260768+00:00,2026-04-27T16:12:05.824061+00:00,momentum,"Solana Up or Down - April 27, 12:00PM-12:05PM ET",UP,Up,2.0,0.51,,LOSS,NO,-2.0,Down,0x64fcb300a5e93d054aba511828df0189e46e3eadfbfa6d46d17f7af8d837b416,93143454433773384005891121432645108720027380477259729987896215806888898524816
2026-04-27T16:05:00.133133+00:00,2026-04-27T16:14:06.221188+00:00,momentum,"Ethereum Up or Down - April 27, 12:05PM-12:10PM ET",UP,Up,2.0,0.515,,WIN,YES,1.883495145631068,Up,0x86cb01cabad340051ec338b344cb9004028469f07905cedb14d51a03d5496140,52109758205204303484444675240678282982626634130155005304559803865008820056629
2026-04-27T16:05:00.156236+00:00,2026-04-27T16:16:07.068609+00:00,momentum,"Solana Up or Down - April 27, 12:05PM-12:10PM ET",DOWN,Down,4.0,0.515,,LOSS,NO,-4.0,Up,0x7654b51ea4561df8922113b2d76227fcdb702e1bda5ba47148a223b2393bfee0,18067453004835036155390988320031896822530948937873612963779505736572843790764
2026-04-27T16:05:02.699195+00:00,2026-04-27T16:16:07.109754+00:00,momentum,"Bitcoin Up or Down - April 27, 12:05PM-12:10PM ET",UP,Up,2.0,0.55,,LOSS,NO,-2.0,Down,0x1739b06610b638ec5b66a5f1feb610c978e3d1e1730fd07032e698fa307a4b5b,45308565671548115125748830341231098659665054590991966896947018554253947390514
2026-04-27T16:05:11.793193+00:00,2026-04-27T16:17:07.401268+00:00,momentum,"XRP Up or Down - April 27, 12:05PM-12:10PM ET",UP,Up,2.0,0.54,,WIN,YES,1.7037037037037033,Up,0xf99fde7325cef0c2369d68936c91cffcc9f992f5f815087aebd3dcf48c6aa461,57911618054707736794039143078480924333784044763770652647802139183327642559319
2026-04-27T16:10:00.111185+00:00,2026-04-27T16:21:10.308154+00:00,momentum,"Ethereum Up or Down - April 27, 12:10PM-12:15PM ET",UP,Up,2.0,0.515,,WIN,YES,1.883495145631068,Up,0x8ddf19f1cd3c7dcddf2024eae86bfd938e4f76551dd9529a4518a4fb2380d998,24789024402994219242348244328966311154589857694189142710823997481533304187586
2026-04-27T16:10:02.290156+00:00,2026-04-27T16:21:10.876926+00:00,momentum,"Solana Up or Down - April 27, 12:10PM-12:15PM ET",UP,Up,8.0,0.51,,WIN,YES,7.686274509803921,Up,0xf6d70ae8912b5161439d05fa32df5e29009b87a46fd1638e7f97d7eb6468fcd8,84744562832890402750112594545899611354985058846836362239414640768348617845271
2026-04-27T16:10:00.145693+00:00,2026-04-27T16:22:10.912723+00:00,momentum,"Bitcoin Up or Down - April 27, 12:10PM-12:15PM ET",UP,Up,4.0,0.525,,WIN,YES,3.6190476190476186,Up,0x9a7cf95cd14fc5d9baaf546465ea4149c1500b675c072b1b94ce956c9a7683a7,25425962277712596832983882674813586181200559625060804461922269279661488673340
2026-04-27T16:10:00.178543+00:00,2026-04-27T16:22:11.065682+00:00,momentum,"XRP Up or Down - April 27, 12:10PM-12:15PM ET",UP,Up,2.0,0.515,,WIN,YES,1.883495145631068,Up,0x9007521201f75ca915d55ead57f9c95b1774ab442f9117ac611096a127be1310,82347691274188366359335538108469036613684514854590598518551653463234897423007
2026-04-27T16:15:00.204883+00:00,2026-04-27T16:24:11.793092+00:00,momentum,"Ethereum Up or Down - April 27, 12:15PM-12:20PM ET",UP,Up,2.0,0.525,,WIN,YES,1.8095238095238093,Up,0xfcbfb41f3b500e0629021a8e97c7c702af4d1be65ec2b42cb2bd9c5b1e131408,830155533006031759464829947344253195008531081392608150795334722354221565750
2026-04-27T16:15:00.232748+00:00,2026-04-27T16:24:11.935211+00:00,momentum,"XRP Up or Down - April 27, 12:15PM-12:20PM ET",UP,Up,2.0,0.515,,WIN,YES,1.883495145631068,Up,0x638ea34b9c5170f06012227733ea60d95f7382f37f24a240247da743ec0d9d81,1794783063871440303933977192429954899017049647717165138766608235442363789502
2026-04-27T16:15:01.357185+00:00,2026-04-27T16:24:12.227752+00:00,momentum,"Solana Up or Down - April 27, 12:15PM-12:20PM ET",UP,Up,2.0,0.51,,WIN,YES,1.9215686274509802,Up,0xd109e3153aa7a28fdb6bae612c1c9fe244b6b1c87a250853e87362affcbef69a,30369908914892718143886067446589424350303693259658674911379976434121137061766
2026-04-27T16:15:01.333850+00:00,2026-04-27T16:25:11.644784+00:00,momentum,"Bitcoin Up or Down - April 27, 12:15PM-12:20PM ET",UP,Up,2.0,0.52,,WIN,YES,1.8461538461538458,Up,0x992523e21e906dd6d89494371e2fdfdfa63007b63a8b1ce7d7cc0fb3a357ae14,30879524189088554199633624596565990485469101001198700496580125589322745362396
2026-04-27T16:20:00.772434+00:00,2026-04-27T16:31:15.613771+00:00,momentum,"Bitcoin Up or Down - April 27, 12:20PM-12:25PM ET",UP,Up,2.0,0.51,,LOSS,NO,-2.0,Down,0x130b21f6d8d0fc813a3aab1bd26562d0ef0d7b56a5dba4dc309c4752b0333181,111323599099038630773820010378721303914836056697422129693422847733462742880336
2026-04-27T16:20:00.802647+00:00,2026-04-27T16:31:15.663355+00:00,momentum,"XRP Up or Down - April 27, 12:20PM-12:25PM ET",UP,Up,2.0,0.51,,LOSS,NO,-2.0,Down,0x9704ba7439dd8a6f6a81b127d68aa4a832a65cab8412bfb1c45d6d26b2af592e,106378287203867165964846813411514342796308389962916016975423083421176552410900
2026-04-27T16:20:00.833868+00:00,2026-04-27T16:31:15.827796+00:00,momentum,"Solana Up or Down - April 27, 12:20PM-12:25PM ET",DOWN,Down,2.0,0.51,,WIN,YES,1.9215686274509802,Down,0xc53c17d263eca3535be199c64b7f869d5d35ac25e99e07ca5fc9e289d0809aaf,88185614350565947374207452152965415049512443869363218816173157629852619728378
2026-04-27T16:20:00.862605+00:00,2026-04-27T16:31:15.872178+00:00,momentum,"Ethereum Up or Down - April 27, 12:20PM-12:25PM ET",UP,Up,2.0,0.51,,LOSS,NO,-2.0,Down,0x87285e0abe882ca1fa2a422ed5d9f2b63d56e07ab35c263f835e4b33b4abf373,66550895385165173910930030458598339404012102895190379149747540403974370234625
2026-04-27T16:25:01.075885+00:00,2026-04-27T16:36:18.768453+00:00,momentum,"Solana Up or Down - April 27, 12:25PM-12:30PM ET",DOWN,Down,2.0,0.515,,WIN,YES,1.883495145631068,Down,0x1226e746001dd2e496f8f65b76eedc077caf091c8132a6fe18118981b5475806,16612156831574173246370167398874761696363730172698808133024582249137467151160
2026-04-27T16:25:03.193182+00:00,2026-04-27T16:36:18.952900+00:00,momentum,"Bitcoin Up or Down - April 27, 12:25PM-12:30PM ET",UP,Up,4.0,0.51,,WIN,YES,3.8431372549019605,Up,0xafe3e03bafc4a58409a4c2e425103935061e5967e23b685ca5dcf0a396d26a44,115475806518829483113289814959158367226394607124284551813053928164223413572036
2026-04-27T16:25:03.225125+00:00,2026-04-27T16:36:19.000320+00:00,momentum,"Ethereum Up or Down - April 27, 12:25PM-12:30PM ET",UP,Up,4.0,0.53,,LOSS,NO,-4.0,Down,0x2348485c4fe8fca1fd459f6c7fc94ed534d16075d31b2e7f206f7e39cf2a8cc0,5496683102395480539102206512478535323516590952786247838358052726384347131287
2026-04-27T16:25:09.463479+00:00,2026-04-27T16:37:19.566777+00:00,momentum,"XRP Up or Down - April 27, 12:25PM-12:30PM ET",UP,Up,4.0,0.52,,LOSS,NO,-4.0,Down,0xf476665d44d5374b491c374236761b288ca3b7b9c8efef0dc4eded0665c3c135,101629907032561295763514402453397476598350223158570626290775732232388637179535
2026-04-27T16:30:00.541738+00:00,2026-04-27T16:38:20.318241+00:00,momentum,"Bitcoin Up or Down - April 27, 12:30PM-12:35PM ET",UP,Up,2.0,0.51,,WIN,YES,1.9215686274509802,Up,0xa753ada87b84f472ae9988e891d949f64d89aa13bb8643134cff67879a9c3041,27430972575166597717841329053896338982241358297450063775032164078005204359651
2026-04-27T16:30:00.580613+00:00,2026-04-27T16:39:20.668684+00:00,momentum,"Ethereum Up or Down - April 27, 12:30PM-12:35PM ET",UP,Up,2.0,0.53,,WIN,YES,1.773584905660377,Up,0xe2b3d9e1290ce3522f593e4577e8ca1ec6cf2ad6db85569d12f54363d9ccbbf4,91639044562763435827557112300209952692040442805897949660261945309612047843930
2026-04-27T16:30:00.599953+00:00,2026-04-27T16:39:20.840985+00:00,momentum,"Solana Up or Down - April 27, 12:30PM-12:35PM ET",DOWN,Down,2.0,0.51,,WIN,YES,1.9215686274509802,Down,0xe6de8b8119e2f2885fcb3850aaae2f05100ef7d29d75c915db5bedecfa19cb3b,76183467043642950377120213127023527564416322960366820892721196625911078846860
2026-04-27T16:30:00.560777+00:00,2026-04-27T16:40:21.055181+00:00,momentum,"XRP Up or Down - April 27, 12:30PM-12:35PM ET",UP,Up,2.0,0.51,,WIN,YES,1.9215686274509802,Up,0x99ac6ab31c64536152773f45db7c2c8d7d9f9f3d8d620c5f395675f975311c0a,4081453770632222996659790201798651317610286502367039724731695681108949535559
2026-04-27T16:35:07.105064+00:00,2026-04-27T16:44:23.522560+00:00,momentum,"Ethereum Up or Down - April 27, 12:35PM-12:40PM ET",DOWN,Down,2.0,0.54,,WIN,YES,1.7037037037037033,Down,0x1d9c6d31ed579dc912d480fa46ec4897fd69f94838c385074fc7d72e5287b7a0,26610986281300248226712691559281895789097528115251451950928537884439874444425
2026-04-27T16:35:00.908523+00:00,2026-04-27T16:45:23.805725+00:00,momentum,"Solana Up or Down - April 27, 12:35PM-12:40PM ET",DOWN,Down,4.0,0.51,,LOSS,NO,-4.0,Up,0xc2eb0baa1c208a7620fa4ee58ed54662fa78027942e4fa98b43231bceeef404f,52367316477334397449260372281681354386067520026442611282825349479398360968806
2026-04-27T16:35:00.950366+00:00,2026-04-27T16:45:24.110980+00:00,momentum,"Bitcoin Up or Down - April 27, 12:35PM-12:40PM ET",DOWN,Down,2.0,0.54,,WIN,YES,1.7037037037037033,Down,0x3359824820a34fb20418392b29610e7bbe0741e3c67a7c39d410205916397547,42579685330776022336129030255122963113716909424375583807950305720344860863191
2026-04-27T16:35:00.929324+00:00,2026-04-27T16:46:24.690997+00:00,momentum,"XRP Up or Down - April 27, 12:35PM-12:40PM ET",UP,Up,2.0,0.53,,WIN,YES,1.773584905660377,Up,0x95772bf2a1901654143abbef7f2543d0f972dd17bba12ce9457ec19620f497f8,31958303670468978709058688697999706285165305141404060625215717227918629346646
2026-04-27T16:40:01.920632+00:00,2026-04-27T16:50:27.717381+00:00,momentum,"Ethereum Up or Down - April 27, 12:40PM-12:45PM ET",DOWN,Down,2.0,0.52,,WIN,YES,1.8461538461538458,Down,0x3dbca0522088a4c4b2f013e6be0520ea7dec65bcdaebb4052e14b6e5596bf54b,99982045098686299034119874160903866162491394698283758161729501466364019815336
2026-04-27T16:40:01.861197+00:00,2026-04-27T16:51:28.159079+00:00,momentum,"Bitcoin Up or Down - April 27, 12:40PM-12:45PM ET",DOWN,Down,2.0,0.52,,WIN,YES,1.8461538461538458,Down,0x2157b3c6310c800bc3e507a7d527f2490d6d2e72ecf6cb97ec877cd0e84f5aaa,3872194859371964633408250448334133361260040158085262334987881776415687894667
2026-04-27T16:40:01.888867+00:00,2026-04-27T16:51:28.209463+00:00,momentum,"Solana Up or Down - April 27, 12:40PM-12:45PM ET",DOWN,Down,8.0,0.51,,LOSS,NO,-8.0,Up,0xc64a942b89fd5f33d116fd1b16f372e2520060f4aa74113f21b8674c6c632136,63795153978573013529048366755455294893300183411852561606820517600018444237002
2026-04-27T16:40:00.768599+00:00,2026-04-27T16:52:28.280227+00:00,momentum,"XRP Up or Down - April 27, 12:40PM-12:45PM ET",UP,Up,2.0,0.515,,LOSS,NO,-2.0,Down,0x4582db3223be91b0674a8bf3d461931dbdfdff1751cb341fb0c07a0691bbf0b8,24692738811654854805692596701440305963312875724636956022897414591094736184474
2026-04-27T16:45:00.324914+00:00,2026-04-27T16:53:28.989429+00:00,momentum,"Bitcoin Up or Down - April 27, 12:45PM-12:50PM ET",UP,Up,2.0,0.515,,WIN,YES,1.883495145631068,Up,0xcf0c13e2ba8dd513c4ba397cd3484f6e7e2e0a836369d2e1ff1352a681871dd9,7513290272592575639577614346467622153262164887606407388985687149102405858597
2026-04-27T16:45:00.398489+00:00,2026-04-27T16:53:29.448734+00:00,momentum,"XRP Up or Down - April 27, 12:45PM-12:50PM ET",UP,Up,2.0,0.515,,WIN,YES,1.883495145631068,Up,0x12be398345bcd0442a92738268739dab2b8bf46dfe5657ecd9647a32394e68fb,57404199247848789168578365284396529943616840651751325206568786347494779974833
2026-04-27T16:45:00.349376+00:00,2026-04-27T16:54:29.803760+00:00,momentum,"Ethereum Up or Down - April 27, 12:45PM-12:50PM ET",UP,Up,2.0,0.525,,WIN,YES,1.8095238095238093,Up,0x72ab9b31dd8544384d0b2e6cfffdaaae29d2418cd8755bcd83013593a2da4771,34360178132093766529201543565087487673810132781688006428283316587767446872139
2026-04-27T16:45:00.373706+00:00,2026-04-27T16:54:29.845088+00:00,momentum,"Solana Up or Down - April 27, 12:45PM-12:50PM ET",DOWN,Down,16.0,0.515,,LOSS,NO,-16.0,Up,0x6dd8bc0177c3e5b30a61dfc7909298c0cc02f4de76aafff06bcf1d8dfc27beaa,77400939977442475985826989178260055021532896517306251301667470628779854204498
2026-04-27T16:50:00.537720+00:00,2026-04-27T16:59:33.327459+00:00,momentum,"Bitcoin Up or Down - April 27, 12:50PM-12:55PM ET",UP,Up,2.0,0.52,,WIN,YES,1.8461538461538458,Up,0xc414d6020476078cc388097a0e5aeed569b931d183e79f45dd2c27b045dee39d,56953903308468597006679592715430612228081058168580245768684097540972554607092
2026-04-27T16:50:00.488681+00:00,2026-04-27T17:00:33.245913+00:00,momentum,"Solana Up or Down - April 27, 12:50PM-12:55PM ET",DOWN,Down,32.0,0.51,,WIN,YES,30.745098039215684,Down,0x62ae36ab43a31c237f4d9e79d1c0584b9bc840de1c814fdb592d6f6ee6717d9b,104590971935597874110055314647275617991804525349116954490714343414509713337010
2026-04-27T16:50:00.513834+00:00,2026-04-27T17:00:33.401119+00:00,momentum,"Ethereum Up or Down - April 27, 12:50PM-12:55PM ET",UP,Up,2.0,0.53,,WIN,YES,1.773584905660377,Up,0x4b7f545865be3474a85e4b15812a4a87849c7504d4b03239abf01b5a8ae881f2,2706767582226733727315459599762187923652414608388304953275822943142296591882
2026-04-27T16:50:00.561232+00:00,2026-04-27T17:00:33.589032+00:00,momentum,"XRP Up or Down - April 27, 12:50PM-12:55PM ET",UP,Up,2.0,0.51,,WIN,YES,1.9215686274509802,Up,0x29aa4bbf003a59963d19e0b54fc87f90d480626972389daf7d94a97c6f13cda5,61197988482664829600475204298271646019919209763339178984586388592023918608989
2026-04-27T16:55:00.270962+00:00,2026-04-27T17:05:35.053421+00:00,momentum,"XRP Up or Down - April 27, 12:55PM-1:00PM ET",UP,Up,2.0,0.515,,WIN,YES,1.883495145631068,Up,0xf1932ad522b7235a87ae918008569b9f7ef5f0266eec6d5dd5e22d222c501bce,100730170095643651728405526998297787188878945223949069578851644440217611259700
2026-04-27T16:55:02.447624+00:00,2026-04-27T17:05:35.486561+00:00,momentum,"Bitcoin Up or Down - April 27, 12:55PM-1:00PM ET",DOWN,Down,2.0,0.51,,WIN,YES,1.9215686274509802,Down,0x456a482a8d95cd528e531c9821ce22e632f2224ac646be21282dd426dcd0c103,23124474711865097516382721386523286241915741797778652609832032945359481790315
2026-04-27T16:55:00.291570+00:00,2026-04-27T17:06:35.202556+00:00,momentum,"Ethereum Up or Down - April 27, 12:55PM-1:00PM ET",UP,Up,2.0,0.515,,WIN,YES,1.883495145631068,Up,0x2d123461594fc150d6724c852b47885b07dab25aecd9bcad22482161df3c8a82,23328331558878703125618576007268555453670423090326742168242480093694053836237
2026-04-27T16:55:02.422617+00:00,2026-04-27T17:06:35.388443+00:00,momentum,"Solana Up or Down - April 27, 12:55PM-1:00PM ET",DOWN,Down,2.0,0.53,,WIN,YES,1.773584905660377,Down,0xced8af01f58741a936d053ee8aec6daa13d97532ea501fc58e5c1b7b65216814,7862246019671655064770239764038669704460102412070866717242857613966949010591
2026-04-27T17:00:00.891016+00:00,2026-04-27T17:08:36.924963+00:00,momentum,"Solana Up or Down - April 27, 1:00PM-1:05PM ET",DOWN,Down,2.0,0.515,,LOSS,NO,-2.0,Up,0xcd5ff775da83bc62e67cdbdb37d3ee422d499ccd36b78e2bfdb95b613d2cb8a7,43167115699855813970117205313908849949580405189562398841620012239156120343654
2026-04-27T17:00:03.047446+00:00,2026-04-27T17:08:37.076358+00:00,momentum,"Ethereum Up or Down - April 27, 1:00PM-1:05PM ET",UP,Up,4.0,0.57,,WIN,YES,3.0175438596491233,Up,0x9d4470e46ba8c405ec771d8fec13466f46604f15a08df27181787613d70f6e28,106088567978573117978890205665311707297602102677567341400420010957388125271082
2026-04-27T17:00:00.850579+00:00,2026-04-27T17:09:37.106596+00:00,momentum,"Bitcoin Up or Down - April 27, 1:00PM-1:05PM ET",UP,Up,2.0,0.525,,WIN,YES,1.8095238095238093,Up,0xc4f263457c2169ac7a379a96d85d36e45443af351456027ecbe9429519212cbb,104770001606502259024448255960672083464469520731068515568819362358442739036009
2026-04-27T17:00:00.870414+00:00,2026-04-27T17:09:37.263852+00:00,momentum,"XRP Up or Down - April 27, 1:00PM-1:05PM ET",UP,Up,2.0,0.515,,WIN,YES,1.883495145631068,Up,0x7e75547b688dc79bf4b77eb778ddc9d78f929624cb08ad6a2ad595d082d7ef2b,19063666783158403503392616694702889128538407474350641988512104378961857402470
2026-04-27T17:05:00.187374+00:00,2026-04-27T17:15:40.840990+00:00,momentum,"Solana Up or Down - April 27, 1:05PM-1:10PM ET",DOWN,Down,4.0,0.51,,WIN,YES,3.8431372549019605,Down,0xadd8114b5baa2dc5f6254e58cd1b6c80099e6618d8ec4fd7beb9ff7110c2fcc5,26920237689952307305745896405521470387926580714854864386474635070508734824107
2026-04-27T17:05:00.206570+00:00,2026-04-27T17:16:40.675652+00:00,momentum,"Ethereum Up or Down - April 27, 1:05PM-1:10PM ET",UP,Up,2.0,0.525,,LOSS,NO,-2.0,Down,0x063544287b9d0bc9995bb48c07add144862d8cbcb1cc203987386a5ff53e5d74,54275467783586404823518683150513561143362978058576809407244599018987053052570
2026-04-27T17:05:00.225430+00:00,2026-04-27T17:16:40.721884+00:00,momentum,"Bitcoin Up or Down - April 27, 1:05PM-1:10PM ET",UP,Up,2.0,0.515,,LOSS,NO,-2.0,Down,0xc9f840ca98a87832a5b331d028fc497e58336b1d26071161fbce6f428cd10f1e,106810844022277092560632424963827679288671005497963030375997888328066462211351
2026-04-27T17:05:01.363136+00:00,2026-04-27T17:16:40.904487+00:00,momentum,"XRP Up or Down - April 27, 1:05PM-1:10PM ET",DOWN,Down,2.0,0.52,,WIN,YES,1.8461538461538458,Down,0xb27331d4e024c099be6b011d3db2d24ec91c12c42d27d98b9eb4f380edd47ce7,82719074213122025675970633510426451026836871560718839482558237552846971944800
2026-04-27T17:10:00.281652+00:00,2026-04-27T17:20:42.599624+00:00,momentum,"XRP Up or Down - April 27, 1:10PM-1:15PM ET",DOWN,Down,2.0,0.51,,WIN,YES,1.9215686274509802,Down,0x351c5afbb88e4c60c0fae2aeea0d0dfbc4055c340576b0a61f49215437fbadb8,8680379981453898429967603362925775617669674759511955683055722104664336454719
2026-04-27T17:10:00.307268+00:00,2026-04-27T17:21:42.873865+00:00,momentum,"Ethereum Up or Down - April 27, 1:10PM-1:15PM ET",UP,Up,4.0,0.51,,WIN,YES,3.8431372549019605,Up,0x4f4327261f32902c6228b598821f592f88830dbda3daf1003d45a26721969385,20033115733081565771412098187026580957288199704361452808419300953434798183856
2026-04-27T17:10:03.423912+00:00,2026-04-27T17:21:43.067272+00:00,momentum,"Bitcoin Up or Down - April 27, 1:10PM-1:15PM ET",DOWN,Down,4.0,0.51,,LOSS,NO,-4.0,Up,0x50187a95a792b68fa3eb034fa0fbb78372cdca71a3528a9c4438342788398ee7,33436418461626847588323248588948137409734361816744193809978850431055408196516
2026-04-27T17:10:00.338400+00:00,2026-04-27T17:22:43.339152+00:00,momentum,"Solana Up or Down - April 27, 1:10PM-1:15PM ET",DOWN,Down,2.0,0.52,,LOSS,NO,-2.0,Up,0x8b3765443f4a46cc70eb30318607a9a5a54cc7cfbe82ed68b1c3a521e9b6a5aa,60978165795960038988650825708907964393369895866247257297312429687029920786450
2026-04-27T17:15:00.099717+00:00,2026-04-27T17:24:44.046890+00:00,momentum,"Solana Up or Down - April 27, 1:15PM-1:20PM ET",DOWN,Down,2.0,0.515,,WIN,YES,1.883495145631068,Down,0x23ba7d3001bfc0e33414a5760650b35d68ea2f43b9be318375ea600762db995d,44666035456700741385416470841000984462193253026345692833147494385143071791648
2026-04-27T17:15:00.161523+00:00,2026-04-27T17:24:44.206458+00:00,momentum,"Ethereum Up or Down - April 27, 1:15PM-1:20PM ET",DOWN,Down,2.0,0.515,,WIN,YES,1.883495145631068,Down,0x77e7bb7ee2fbd857a1d533030c1cfd54adbe28b34cff072f0f4f522f191c786e,99618080529183405462527099644395508285297534205911389018495351915860169421370
2026-04-27T17:15:00.297038+00:00,2026-04-27T17:24:44.252375+00:00,momentum,"XRP Up or Down - April 27, 1:15PM-1:20PM ET",UP,Up,2.0,0.51,,LOSS,NO,-2.0,Down,0xb0a6c665f9df163b2863ea8c7bba8e6de360babea3ab9b35ac6826a8d378fa2c,52625276102800824842937398824679859559291736718676634434208606835084755195000
2026-04-27T17:15:02.474939+00:00,2026-04-27T17:24:44.320268+00:00,momentum,"Bitcoin Up or Down - April 27, 1:15PM-1:20PM ET",UP,Up,2.0,0.57,,LOSS,NO,-2.0,Down,0xa7b59855d68ae51919dfa5dd84651622cefe0c7e1c955255d413dd940d85705c,42410473762489324953285160714685203897223039342425876613265156884647963049495
2026-04-27T17:20:00.812761+00:00,2026-04-27T17:29:46.159963+00:00,momentum,"XRP Up or Down - April 27, 1:20PM-1:25PM ET",DOWN,Down,4.0,0.51,,LOSS,NO,-4.0,Up,0x18444f253390c5fbfddd2c1079f31f78f59072b4662a48951be4a7fc1f723570,24955512732557537709082391887117933117491232819665311088592421958284096905819
2026-04-27T17:20:03.911785+00:00,2026-04-27T17:29:46.207228+00:00,momentum,"Ethereum Up or Down - April 27, 1:20PM-1:25PM ET",DOWN,Down,2.0,0.51,,LOSS,NO,-2.0,Up,0x8c8bd90434864dc69d49c16b59462b11cafdc87380064e1987ad9105d3abdc1c,5730518678894560843901220936649181420300745908005709091417159977684374418551
2026-04-27T17:20:00.762822+00:00,2026-04-27T17:30:46.769652+00:00,momentum,"Bitcoin Up or Down - April 27, 1:20PM-1:25PM ET",UP,Up,4.0,0.51,,WIN,YES,3.8431372549019605,Up,0xf694d6b1f3f7574f5bd63fe54884d5cb58fb589d45764fcd8ff4df225705da6b,36829458294353765218793669958334080178354476882402240695372215686832625390040
2026-04-27T17:20:00.786989+00:00,2026-04-27T17:30:46.821013+00:00,momentum,"Solana Up or Down - April 27, 1:20PM-1:25PM ET",DOWN,Down,2.0,0.51,,LOSS,NO,-2.0,Up,0x3bdb28a9397fa227878c256ee96580baee329c0e7ab3baeccaa85c4d79006398,81830542149358980310526572720258738375915655720187701630829657332889135146268
2026-04-27T17:25:01.130831+00:00,2026-04-27T17:35:50.026925+00:00,momentum,"Bitcoin Up or Down - April 27, 1:25PM-1:30PM ET",DOWN,Down,2.0,0.51,,LOSS,NO,-2.0,Up,0xd9dff642825bcb83f4c73097686ee0bea9d7f1d297e9523fcc0aca20f52605ab,14013442410197449419706937103711797613314922340134887886994466444596081460534
2026-04-27T17:25:01.162011+00:00,2026-04-27T17:35:50.210094+00:00,momentum,"Solana Up or Down - April 27, 1:25PM-1:30PM ET",UP,Up,4.0,0.51,,WIN,YES,3.8431372549019605,Up,0x73bf04bc76ae52c742e0c0a950ff30397230f43217dd8a5453d224af5626db7d,3265889623791072790275167206080255995264580133249197508342644561804276377092
2026-04-27T17:25:07.326902+00:00,2026-04-27T17:36:50.147822+00:00,momentum,"Ethereum Up or Down - April 27, 1:25PM-1:30PM ET",DOWN,Down,4.0,0.53,,LOSS,NO,-4.0,Up,0xc7f6b7c1e3741af5b38575f672c7e04edf1abf8a8ffd1350be3df9827c703b36,68293303935613514923743987119454031514017449637488835244008309095026077625289
2026-04-27T17:25:13.490560+00:00,2026-04-27T17:36:50.303760+00:00,momentum,"XRP Up or Down - April 27, 1:25PM-1:30PM ET",UP,Up,8.0,0.63,,WIN,YES,4.698412698412698,Up,0x36388d1ea198646dc459569ee600eb2990be8122f175fab9900d6d2f1e46bba3,51615938212836716882532540964462889134112661213239675135298123509435966355623
2026-04-27T17:30:00.330804+00:00,2026-04-27T17:38:50.907452+00:00,momentum,"Ethereum Up or Down - April 27, 1:30PM-1:35PM ET",DOWN,Down,4.0,0.52,,LOSS,NO,-4.0,Up,0x9c3245864ddc2b7c2be2c69d26306e40f664d48d6ddf3350f166da1fa80b78ae,37581850169554867006214975924957100562834740148899610671849572525907919372301
2026-04-27T17:30:00.360669+00:00,2026-04-27T17:38:50.947999+00:00,momentum,"XRP Up or Down - April 27, 1:30PM-1:35PM ET",DOWN,Down,2.0,0.51,,LOSS,NO,-2.0,Up,0xdb74512dd52fbf9962b02162ba11f9f22874ad780adc00d61eb159edfa5d8b8c,76727885433890776418167665086502325059826966881904086485708406974459909553354
2026-04-27T17:30:00.398197+00:00,2026-04-27T17:38:51.155387+00:00,momentum,"Solana Up or Down - April 27, 1:30PM-1:35PM ET",UP,Up,2.0,0.99,,WIN,YES,0.020202020202020332,Up,0xbcee81d6cd5533b786f53ae98ac5c5749f9738c41a198183ea67c0b50f6bcb38,84439414378356358628145249193985075643624958563433168712804546312521597181584
2026-04-27T17:30:00.307199+00:00,2026-04-27T17:39:50.906893+00:00,momentum,"Bitcoin Up or Down - April 27, 1:30PM-1:35PM ET",DOWN,Down,4.0,0.53,,LOSS,NO,-4.0,Up,0x7e7313c2cb7293fbf545f48878e018d6bb60983d1f3b5c525a0f8e04876aa11d,68897675261025546953742120578234061191777131561741390607116131248779218624966
2026-04-27T17:35:00.963321+00:00,2026-04-27T17:44:52.934713+00:00,momentum,"Ethereum Up or Down - April 27, 1:35PM-1:40PM ET",DOWN,Down,8.0,0.535,,WIN,YES,6.953271028037383,Down,0x4b5ca41614afe084bc119909a9353c0c5346e0d03e3568762a7025092ebb8b2b,36436424589470656400432313869280685544436785180925285773348190802800220414959
2026-04-27T17:35:02.132101+00:00,2026-04-27T17:44:53.262912+00:00,momentum,"Bitcoin Up or Down - April 27, 1:35PM-1:40PM ET",DOWN,Down,8.0,0.58,,WIN,YES,5.793103448275863,Down,0x5bda9d149f9d4f7408e3d7492ad839624453f991e90800543a7573e747db43f0,107606769745334575924336238331502657794210023464681069393221039781288164105641
2026-04-27T17:35:00.991976+00:00,2026-04-27T17:45:53.037160+00:00,momentum,"Solana Up or Down - April 27, 1:35PM-1:40PM ET",DOWN,Down,2.0,0.515,,WIN,YES,1.883495145631068,Down,0x2254365467f0a9c602daa7bc43e8c4ab3bc8bdf2bb5ab317250f894bc2ea8f50,27673972561698196074237436557474680747618088134290841136090722172990653631558
2026-04-27T17:35:02.155027+00:00,2026-04-27T17:45:53.219380+00:00,momentum,"XRP Up or Down - April 27, 1:35PM-1:40PM ET",DOWN,Down,4.0,0.51,,WIN,YES,3.8431372549019605,Down,0xfc6c291d56b61dae9c932315614fb883ba013694e25f5d5c1020d342f480f950,5259523905868528472959191788233811057988770760873937892771422755892783116144
2026-04-27T17:40:00.930779+00:00,2026-04-27T17:50:54.266302+00:00,momentum,"Bitcoin Up or Down - April 27, 1:40PM-1:45PM ET",DOWN,Down,2.0,0.52,,LOSS,NO,-2.0,Up,0x4a48645f41c650e65982a919cf6f5b3eae99d09ecf9fc8324f3079b5c715650c,72085019950686838507635148388641115009871527508100073263970691130606783149641
2026-04-27T17:40:01.020319+00:00,2026-04-27T17:50:54.612949+00:00,momentum,"Solana Up or Down - April 27, 1:40PM-1:45PM ET",DOWN,Down,2.0,0.53,,LOSS,NO,-2.0,Up,0x9d735edde61069ebb4a5914b70844f309d30f5588bd5bc376de3491b16aad32d,96766766428559257631557177874156124226755302997772298738178129307719137223082
2026-04-27T17:40:00.955606+00:00,2026-04-27T17:51:55.462210+00:00,momentum,"XRP Up or Down - April 27, 1:40PM-1:45PM ET",DOWN,Down,2.0,0.51,,LOSS,NO,-2.0,Up,0x629d427a15e40ac594f55d7df19ea2cf6d6d2539aa204b63b6d2a0f64c24fb89,62946647930402842859329502940366112855340872223169014614563738919534107244262
2026-04-27T17:40:00.989572+00:00,2026-04-27T17:51:55.619212+00:00,momentum,"Ethereum Up or Down - April 27, 1:40PM-1:45PM ET",DOWN,Down,2.0,0.54,,WIN,YES,1.7037037037037033,Down,0xce8d8d49571a95b1bff57135a3287de77bb9f9608d2b0ddb1150398a9a955105,91505272116633106711276259898672587933643493004447092524169295980180160965442
2026-04-27T17:45:02.929934+00:00,2026-04-27T17:53:57.036257+00:00,momentum,"Bitcoin Up or Down - April 27, 1:45PM-1:50PM ET",DOWN,Down,4.0,0.51,,WIN,YES,3.8431372549019605,Down,0x1c2e46a2de9b8ca2a118f8d2d74b14d54bc02cc07b78c1a2dce88f7d21fee136,47093431211616651136218947609430535757225687376877260070015840479845976854030
2026-04-27T17:45:00.454448+00:00,2026-04-27T17:54:57.394054+00:00,momentum,"Solana Up or Down - April 27, 1:45PM-1:50PM ET",DOWN,Down,4.0,0.515,,WIN,YES,3.766990291262136,Down,0xa6a815319753198a7f864d9f3a6c68f7ae904cf8222baf6cc4f6c6d8694afc6f,67268556872342801001917336481504731719495118043140851782016235263497652693845
2026-04-27T17:45:00.482023+00:00,2026-04-27T17:54:57.539021+00:00,momentum,"Ethereum Up or Down - April 27, 1:45PM-1:50PM ET",DOWN,Down,4.0,0.525,,WIN,YES,3.6190476190476186,Down,0x926b85cd23fdbc78f4e4b7c592be4c4ca46b30cdf3cbd72348c38283f8faf11c,9241586888859149090874983903111475117729531366238766960448087254443870263569
2026-04-27T17:45:02.778588+00:00,2026-04-27T17:54:57.681850+00:00,momentum,"XRP Up or Down - April 27, 1:45PM-1:50PM ET",DOWN,Down,4.0,0.51,,WIN,YES,3.8431372549019605,Down,0x64fb1d2cc85d1cc37b6080d12415d0c63c051f3dbecc242d10be4e05e0f9d695,28195001734169076309675128327992477447457057512494864949773947727561088328450
2026-04-27T17:50:00.404292+00:00,2026-04-27T18:00:00.757760+00:00,momentum,"Solana Up or Down - April 27, 1:50PM-1:55PM ET",DOWN,Down,2.0,0.515,,WIN,YES,1.883495145631068,Down,0x0701fb099cef7d60ad87ee7f51e545253e7d918c35dbcba21453a00a280da561,87059598487992006855674822634670137908576353385714704104520532361236645240654
2026-04-27T17:50:02.509408+00:00,2026-04-27T18:00:01.058269+00:00,momentum,"XRP Up or Down - April 27, 1:50PM-1:55PM ET",DOWN,Down,2.0,0.51,,WIN,YES,1.9215686274509802,Down,0xe8b5c219ae83c857c9c1a3d3be1e00c06f4cef972d6e4c8e1cee95be1d549947,87052986602174917149359612946064409341626205029644387695125036558962074177075
2026-04-27T17:50:00.337308+00:00,2026-04-27T18:01:00.557970+00:00,momentum,"Bitcoin Up or Down - April 27, 1:50PM-1:55PM ET",DOWN,Down,2.0,0.515,,WIN,YES,1.883495145631068,Down,0xcd930990b4e62bf061e7aa5ee09fe16c6f53f855633f1d0bb2836d36d2c389d0,76219678718191075867962309914051121922507193938239788097902917952089865849023
2026-04-27T17:50:00.370974+00:00,2026-04-27T18:01:00.754205+00:00,momentum,"Ethereum Up or Down - April 27, 1:50PM-1:55PM ET",DOWN,Down,2.0,0.525,,WIN,YES,1.8095238095238093,Down,0x0650c9e1d4a53df8bd157deb77eec2e184f1169faeab859226e28ecbfa1c1e2a,49975319446530555409995866187557801525198419376026380083457586027893977215970
2026-04-27T17:55:00.335548+00:00,2026-04-27T18:05:02.675338+00:00,momentum,"Ethereum Up or Down - April 27, 1:55PM-2:00PM ET",DOWN,Down,2.0,0.515,,WIN,YES,1.883495145631068,Down,0xcdbaf232fc736332f42ddeed67629cd937b21a82ffe85cb7b217f46f0eaa339f,30618764869650712884666351054631694378786557362163294345181978171757027824416
2026-04-27T17:55:02.506049+00:00,2026-04-27T18:05:03.155896+00:00,momentum,"XRP Up or Down - April 27, 1:55PM-2:00PM ET",DOWN,Down,2.0,0.51,,WIN,YES,1.9215686274509802,Down,0x6b93bfc0a94689cf52301fa8f0609d19bb474e46ad7bb776c390cb2952b43c77,17539936491930922881006667805429913779628170945706068043457042147088652392143
2026-04-27T17:55:02.472090+00:00,2026-04-27T18:06:03.166323+00:00,momentum,"Bitcoin Up or Down - April 27, 1:55PM-2:00PM ET",UP,Up,2.0,0.56,,LOSS,NO,-2.0,Down,0x6d2b24fee7bbb56497c79beb3a9fcd7ac5191b9ea4b7eabe14109e721616f356,38210184506830853508922823285487071988962851563335656860837440646164039851777
2026-04-27T17:55:00.363206+00:00,2026-04-27T18:07:03.258005+00:00,momentum,"Solana Up or Down - April 27, 1:55PM-2:00PM ET",DOWN,Down,2.0,0.515,,WIN,YES,1.883495145631068,Down,0x81006bb24ff54021e62725465523492f12e70736ea8eabb14b03dafac4774e00,2919303128810558168717272683084972700849815518634690544759013538638577261701
2026-04-27T18:00:00.204436+00:00,2026-04-27T18:08:03.179101+00:00,momentum,"Solana Up or Down - April 27, 2:00PM-2:05PM ET",DOWN,Down,2.0,0.51,,LOSS,NO,-2.0,Up,0xdb62fde8a02676322a4c2306f94bcc88f93611186f4c23bbcb2849c85484d6fc,27874999969281906155390822956527377779063288837978848659467273235710390525853
2026-04-27T18:00:00.172105+00:00,2026-04-27T18:09:03.253000+00:00,momentum,"XRP Up or Down - April 27, 2:00PM-2:05PM ET",DOWN,Down,4.0,0.51,,LOSS,NO,-4.0,Up,0x0ab0865dee1f3fb9d5cf8766e63c3c230585bcd38867d2246170eec3276fe221,69501708079417252614773712827217111598629932152598368423673612084576693775091
2026-04-27T18:00:03.469891+00:00,2026-04-27T18:09:03.444410+00:00,momentum,"Ethereum Up or Down - April 27, 2:00PM-2:05PM ET",DOWN,Down,2.0,0.62,,LOSS,NO,-2.0,Up,0x600c1ae131f885bc2190f17aabec3b92ab50fec343d623440f3492557e901869,61130530243774109431524998281077879630922793021973466874077696970296126588019
2026-04-27T18:00:00.240125+00:00,2026-04-27T18:10:03.468772+00:00,momentum,"Bitcoin Up or Down - April 27, 2:00PM-2:05PM ET",UP,Up,4.0,0.53,,WIN,YES,3.547169811320754,Up,0x874c41eea1f0be489a3085eecf99c2d44111130d201313bea9b4723105cff254,92040316102010961100998784965059809652087034058558799904047144229298154124933
2026-04-27T18:05:00.141239+00:00,2026-04-27T18:15:06.481670+00:00,momentum,"Bitcoin Up or Down - April 27, 2:05PM-2:10PM ET",UP,Up,2.0,0.525,,LOSS,NO,-2.0,Down,0xb65366e9ee6b5d625cf69fabaaec8a9e675bd29f7406892eb27b1b3fbb77beec,47645123733088607218980560951247384113227092117398622972628739346885042957170
2026-04-27T18:05:01.302440+00:00,2026-04-27T18:15:06.775802+00:00,momentum,"Solana Up or Down - April 27, 2:05PM-2:10PM ET",DOWN,Down,4.0,0.51,,WIN,YES,3.8431372549019605,Down,0x353d015080a7736b4deaee23eba14a9b825ac47d00a42a6f1c70dbec00685d04,55930956836972658348184260367831195732322754362380155199253126555559289515977
2026-04-27T18:05:05.420547+00:00,2026-04-27T18:15:07.103833+00:00,momentum,"Ethereum Up or Down - April 27, 2:05PM-2:10PM ET",DOWN,Down,2.0,0.61,,WIN,YES,1.278688524590164,Down,0xccea1faef9abde29df67a5b53d48827d24b56ebfc308e53279db16ba9f25530c,67207947313646626407981869636003300340117481795814949487627484909518913615284
2026-04-27T18:05:01.326272+00:00,2026-04-27T18:16:06.721414+00:00,momentum,"XRP Up or Down - April 27, 2:05PM-2:10PM ET",DOWN,Down,8.0,0.51,,LOSS,NO,-8.0,Up,0x95c284a8dd5b44b0f2fae64981863a7672a17929dc1c1679aae077d40f8224ba,20552377322120877757585931477873975685895476138283412193366915776708476223764
2026-04-27T18:10:01.049809+00:00,2026-04-27T18:21:09.954900+00:00,momentum,"Ethereum Up or Down - April 27, 2:10PM-2:15PM ET",DOWN,Down,2.0,0.515,,LOSS,NO,-2.0,Up,0x5687d330ed92b3a587a9067e46ebe9f27bb60258d4e289ef51f557d022a257c0,94899708337517019965252966420344020247819783056682366295480039893996815206056
2026-04-27T18:10:03.213672+00:00,2026-04-27T18:21:10.356479+00:00,momentum,"XRP Up or Down - April 27, 2:10PM-2:15PM ET",DOWN,Down,16.0,0.51,,LOSS,NO,-16.0,Up,0x3271f5a3a75c5a3cf4bbd1b7038067ebabc9188974a832e8a4656166dc7aab09,2125209944335262902562919235276673748015147603969625946585993889210576263067
2026-04-27T18:10:06.726685+00:00,2026-04-27T18:21:10.574667+00:00,momentum,"Solana Up or Down - April 27, 2:10PM-2:15PM ET",UP,Up,2.0,0.51,,WIN,YES,1.9215686274509802,Up,0xb444b98775d96928e80d5632d7845866da39ae5aa17f4424c9ad4efff75f8f15,82733433951906529999191531771046649153607649904665846892142754058588720241207
2026-04-27T18:10:03.166119+00:00,2026-04-27T18:22:09.997762+00:00,momentum,"Bitcoin Up or Down - April 27, 2:10PM-2:15PM ET",DOWN,Down,4.0,0.51,,LOSS,NO,-4.0,Up,0x66c607dc19f55711cc9d08a512d8af3f904bb1f8c965b1079f1a2bd34027bdbe,37158629735519004176320862454230344660994760169339787638271991497190823631202
2026-04-27T18:15:01.748354+00:00,2026-04-27T18:23:10.164044+00:00,momentum,"XRP Up or Down - April 27, 2:15PM-2:20PM ET",DOWN,Down,16.0,0.53,,LOSS,NO,-16.0,Up,0xbcd378a449273ae8ceb1cdb7900cb9e4a49153fe557b3521af9f97eaf4a633f7,11617059600528647289155189965860180149316130884303705558024000798951046689313
2026-04-27T18:15:01.780364+00:00,2026-04-27T18:23:10.343767+00:00,momentum,"Solana Up or Down - April 27, 2:15PM-2:20PM ET",UP,Up,2.0,0.51,,WIN,YES,1.9215686274509802,Up,0xdd5ce9b60e198805aeaf994c82d71a2f887a4e6343ed84c400cd23cd3e821ce9,62814328149057256749875477570493246109489251860297881800183219884758491848994
2026-04-27T18:15:05.372822+00:00,2026-04-27T18:23:10.501567+00:00,momentum,"Ethereum Up or Down - April 27, 2:15PM-2:20PM ET",UP,Up,2.0,0.55,,WIN,YES,1.6363636363636362,Up,0x1c5045eda3e382bd325cd468d0bffcadbaed71a7b5e3912b6d3141b5e28a96b7,66909668143667227373948139234698909694868741975018309255310945814923381692671
2026-04-27T18:15:00.584980+00:00,2026-04-27T18:24:10.366173+00:00,momentum,"Bitcoin Up or Down - April 27, 2:15PM-2:20PM ET",UP,Up,4.0,0.515,,WIN,YES,3.766990291262136,Up,0xf770c0154ae7731101fcdf96eb391934e9766f88404fb010c1e77e84c22c9b85,65479678764159322269365013398640944623854793013238473437040711425109816198797
2026-04-27T18:20:00.462007+00:00,2026-04-27T18:29:12.741987+00:00,momentum,"Ethereum Up or Down - April 27, 2:20PM-2:25PM ET",DOWN,Down,2.0,0.525,,LOSS,NO,-2.0,Up,0x41f283f7b1fbbd66392acd820dfd3ef0efb652dca4ef4d1ab6e9a665edbde11b,25933819538367256892841036473563624918262240349671375879507637314748352245476
2026-04-27T18:20:02.567195+00:00,2026-04-27T18:29:12.788943+00:00,momentum,"XRP Up or Down - April 27, 2:20PM-2:25PM ET",DOWN,Down,64.0,0.51,,LOSS,NO,-64.0,Up,0x4583e8ab8233162c2fd1fd921a08e7a789363a8fcbdc4f8602158104143ab470,44603485708930742086865364553172431023806722478181844112069981083631489599453
2026-04-27T18:20:05.658344+00:00,2026-04-27T18:29:12.948742+00:00,momentum,"Solana Up or Down - April 27, 2:20PM-2:25PM ET",UP,Up,2.0,0.52,,WIN,YES,1.8461538461538458,Up,0x5d6fbcc2a13133640c9376e684bfb2b2c4e42f9e19ad549b13c4c447572f580a,60127585590931666527120642959750632551062824484829432326639513565100160008903
2026-04-27T18:20:21.786113+00:00,2026-04-27T18:30:13.039298+00:00,momentum,"Bitcoin Up or Down - April 27, 2:20PM-2:25PM ET",DOWN,Down,2.0,0.52,,LOSS,NO,-2.0,Up,0x8f75db9f36b91bc438caf6349ce2dff9eb5583188df4fdffc3dd1e43245937f0,40486032825712098783146474823079433029171432914953295138437922859094727567954
2026-04-27T18:25:00.275721+00:00,2026-04-27T18:35:16.049691+00:00,momentum,"Bitcoin Up or Down - April 27, 2:25PM-2:30PM ET",DOWN,Down,4.0,0.515,,WIN,YES,3.766990291262136,Down,0xc6f446ed31952b5e023319aa953787c4d8ed8c7f5072ceca788c99454356790a,15800156243620439581711662919547485100677625181528755859349421223649971838601
2026-04-27T18:25:00.307079+00:00,2026-04-27T18:36:16.962601+00:00,momentum,"Ethereum Up or Down - April 27, 2:25PM-2:30PM ET",DOWN,Down,2.0,0.515,,WIN,YES,1.883495145631068,Down,0xd097c3dedc968d9054698997c235b14b58d40e5856bafcb6568a3de0ddf9d450,51087551842109291520372315047179650577905111858346127102499641408693244677409
2026-04-27T18:25:01.548558+00:00,2026-04-27T18:36:17.158039+00:00,momentum,"Solana Up or Down - April 27, 2:25PM-2:30PM ET",DOWN,Down,2.0,0.51,,WIN,YES,1.9215686274509802,Down,0xdb53af3f97e6bbd1b2768943af56bd4fcb5d53932eefc56f053b535097cd10b8,41760571639761744079806712723228288600685585277838472859522544515155445702962
2026-04-27T18:25:01.575270+00:00,2026-04-27T18:36:17.365763+00:00,momentum,"XRP Up or Down - April 27, 2:25PM-2:30PM ET",DOWN,Down,128.0,0.51,,WIN,YES,122.98039215686273,Down,0x2bc9703786ec9689a23dacc365a6ceaed8dd2c10362511e26912acb99a94205f,26896808212596276527054901252671195759638632077053772295980262556007133130660
2026-04-27T18:30:01.202691+00:00,2026-04-27T18:39:19.318060+00:00,momentum,"Solana Up or Down - April 27, 2:30PM-2:35PM ET",DOWN,Down,2.0,0.6,,LOSS,NO,-2.0,Up,0xba31ab54427a46255184cc14b8ad3cf517d6653d70b07e9477313160d7d917a0,75640144205469284739305964248901434905820430049987759248642793398830117493674
2026-04-27T18:30:01.231930+00:00,2026-04-27T18:39:19.371784+00:00,momentum,"Bitcoin Up or Down - April 27, 2:30PM-2:35PM ET",DOWN,Down,2.0,0.59,,LOSS,NO,-2.0,Up,0x560f4ea8b730b710a23882ea35fe6d1228605b2cb657567905a3c1dd3d9c9f2a,63629176361303952834937930355601785577661873337883758245379529425484981649376
2026-04-27T18:30:01.261897+00:00,2026-04-27T18:39:19.422145+00:00,momentum,"XRP Up or Down - April 27, 2:30PM-2:35PM ET",DOWN,Down,2.0,0.63,,LOSS,NO,-2.0,Up,0xaa993e860878b772f2418b78890625b17d6850e2a0322ad5abf4c0465144ef06,96742616397574911120887835601929403699398527258899008102059228799378370193310
2026-04-27T18:30:00.108475+00:00,2026-04-27T18:40:19.327212+00:00,momentum,"Ethereum Up or Down - April 27, 2:30PM-2:35PM ET",UP,Up,2.0,0.515,,WIN,YES,1.883495145631068,Up,0x6316b2e1fe1968e13739353e203b3c70e5a6b6848c4fb96584d271431e9ac58a,7590631567913218092277451041802365081605265636893733144635740852017688675044
2026-04-27T18:35:00.535202+00:00,2026-04-27T18:45:22.132666+00:00,momentum,"Bitcoin Up or Down - April 27, 2:35PM-2:40PM ET",UP,Up,4.0,0.515,,LOSS,NO,-4.0,Down,0x3eb65321cd152c526e4ad4fdfb42c4bbd144697fd855e0cf41c867a62e31e2b7,114638535397592809315793509935075862720356574642163843602181815752129191391806
2026-04-27T18:35:00.561718+00:00,2026-04-27T18:45:22.177642+00:00,momentum,"Solana Up or Down - April 27, 2:35PM-2:40PM ET",DOWN,Down,4.0,0.515,,LOSS,NO,-4.0,Up,0x8adc27411f26c70c581a7947d7eb779f1204f5169ac58364d49d5b6043bf6256,97853112067307835517558264755445435990689771574265442458809051490369777579348
2026-04-27T18:35:01.740994+00:00,2026-04-27T18:45:22.352790+00:00,momentum,"XRP Up or Down - April 27, 2:35PM-2:40PM ET",DOWN,Down,4.0,0.51,,LOSS,NO,-4.0,Up,0xd681a114cc50fbc2b43272b76fd7436992f84729112767df779a908e1b1b174f,71511853998327485386203799721893608955027397781404971698184425106586026311054
2026-04-27T18:35:01.715196+00:00,2026-04-27T18:46:22.444169+00:00,momentum,"Ethereum Up or Down - April 27, 2:35PM-2:40PM ET",UP,Up,2.0,0.53,,WIN,YES,1.773584905660377,Up,0xf421f92c8ac3028b6da8b1ae3ba15f258efde3ccae5a7125a7bb3a9f356bdb45,29624273156941547265559183227021425584389485726369136280488363941825329509536
2026-04-27T18:40:04.291041+00:00,2026-04-27T18:50:23.702502+00:00,momentum,"Solana Up or Down - April 27, 2:40PM-2:45PM ET",DOWN,Down,8.0,0.51,,LOSS,NO,-8.0,Up,0x58971457c29c85f2504d9aa92748d7b3da7026228c759884e337514aa7e319f2,80948232254529908492106795877737816628830357553346155932856180746768656984904
2026-04-27T18:40:07.681137+00:00,2026-04-27T18:50:23.749202+00:00,momentum,"Ethereum Up or Down - April 27, 2:40PM-2:45PM ET",DOWN,Down,2.0,0.51,,LOSS,NO,-2.0,Up,0x8856b5e63ff8b8461f9baea7038b27ad78e96e371af84a4be30a15b1d981f0ad,91767914014777710365241863192963081281357331884647175897935735757660021303886
2026-04-27T18:40:01.155853+00:00,2026-04-27T18:51:24.424075+00:00,momentum,"Bitcoin Up or Down - April 27, 2:40PM-2:45PM ET",UP,Up,2.0,0.51,,WIN,YES,1.9215686274509802,Up,0x1f487b816edf3e84b9a59e20945465e8b3b03f44374c521d33bc7df7a4631f4b,48151620261081431871297286261090645717546850766124638465270337363023434905129
2026-04-27T18:40:01.183423+00:00,2026-04-27T18:51:24.462581+00:00,momentum,"XRP Up or Down - April 27, 2:40PM-2:45PM ET",DOWN,Down,8.0,0.51,,LOSS,NO,-8.0,Up,0xe39fa20845fb47b449a9dfad659fb267f7d9c898ca031a072e0cfcf5c0617ec5,7831629529799453909818579447535176578888538921680336895233901939151675969484
2026-04-27T18:45:05.175437+00:00,2026-04-27T18:53:26.111723+00:00,momentum,"Solana Up or Down - April 27, 2:45PM-2:50PM ET",DOWN,Down,16.0,0.62,,LOSS,NO,-16.0,Up,0x123f2925ceed1535d9e491c56bbf08f70e21aef1a0c8d5da1ec0d0965a455089,80099958169066216156777199162266204592738517381823689997681386236487370056200
2026-04-27T18:45:01.992074+00:00,2026-04-27T18:54:26.148102+00:00,momentum,"Bitcoin Up or Down - April 27, 2:45PM-2:50PM ET",UP,Up,2.0,0.51,,WIN,YES,1.9215686274509802,Up,0x5f4c80f99ea33d3ebb1208cfc94a97515716326c0f818c56c757d2bfe79791f6,13890431247744385806111695667444193881571089876373526291666128093187270673678
2026-04-27T18:45:02.049071+00:00,2026-04-27T18:54:26.335360+00:00,momentum,"XRP Up or Down - April 27, 2:45PM-2:50PM ET",DOWN,Down,16.0,0.53,,LOSS,NO,-16.0,Up,0x9e9cc5a8020017bf4a86e91308b251340933be63846d4b055b7fd7d353250f81,36463436024295979751045396219895439997418988336619035673557390429094995607786
2026-04-27T18:45:02.022229+00:00,2026-04-27T18:55:26.355610+00:00,momentum,"Ethereum Up or Down - April 27, 2:45PM-2:50PM ET",DOWN,Down,2.0,0.53,,LOSS,NO,-2.0,Up,0x0b50c29ae8b4e0ef39aaa224e7f6840155da710f745fa548c449b5aa35cd0199,36412706718055039359531500136529790200785694234567543385169344098252530208782
2026-04-27T18:50:00.145424+00:00,2026-04-27T19:00:29.005286+00:00,momentum,"Ethereum Up or Down - April 27, 2:50PM-2:55PM ET",UP,Up,4.0,0.515,,WIN,YES,3.766990291262136,Up,0xc1f144415f600a1faeab2d1d2de8f06e2f0c42dc32626855b821f735993d68af,63317831382770879836924757972192904778269988495387044613696351059709294536957
2026-04-27T18:50:02.319115+00:00,2026-04-27T19:00:29.393972+00:00,momentum,"Bitcoin Up or Down - April 27, 2:50PM-2:55PM ET",DOWN,Down,2.0,0.52,,LOSS,NO,-2.0,Up,0xd7b76daec8cf894435d895875693ae6fadc1e664aa049194a9225c32be2bad61,12974849592970197344212416545521697336026451808824053762075613005222534098275
2026-04-27T18:50:02.352411+00:00,2026-04-27T19:00:29.514797+00:00,momentum,"XRP Up or Down - April 27, 2:50PM-2:55PM ET",DOWN,Down,32.0,0.51,,LOSS,NO,-32.0,Up,0x77d2eac0e81adb9b513e2b2a0e0058a35398ec0c60aa46e6125bf93036f95d66,98970728853263285279832297889345598136844774628517276020042775270722260442370
2026-04-27T18:50:00.175683+00:00,2026-04-27T19:01:29.012442+00:00,momentum,"Solana Up or Down - April 27, 2:50PM-2:55PM ET",DOWN,Down,32.0,0.515,,LOSS,NO,-32.0,Up,0x238b3025ec359f6843bf05228f0bd17288d1da6cbf7a61a49b34a5c8d6e7b7bb,47325326600154097940350398927277482923824244513073639126415186535347368464710
2026-04-27T18:55:01.097221+00:00,2026-04-27T19:05:31.066230+00:00,momentum,"Ethereum Up or Down - April 27, 2:55PM-3:00PM ET",DOWN,Down,2.0,0.56,,WIN,YES,1.5714285714285712,Down,0x3023997ebc34619bc7cba820d6298a54e1f1e3ab82f8c0e5d24aeb8f22d2f468,61077492115581720996582561038770132436021042028255628542502729324479636260467
2026-04-27T18:55:01.153583+00:00,2026-04-27T19:06:31.611259+00:00,momentum,"XRP Up or Down - April 27, 2:55PM-3:00PM ET",DOWN,Down,32.0,0.51,,WIN,YES,30.745098039215684,Down,0x0b76158bde383d83fdb3e0655498c2d4afa8b8ee421a55b443c7281e753afd03,70585824606915494647811239663603223055538353206730189753393788426998924230560
2026-04-27T18:55:01.182267+00:00,2026-04-27T19:06:31.793287+00:00,momentum,"Solana Up or Down - April 27, 2:55PM-3:00PM ET",DOWN,Down,64.0,0.51,,WIN,YES,61.49019607843137,Down,0x98a34e167a4663e908052b177e0c50508fba8d34bef06f461e87ff10a349a6c8,26423637689093087986177498346018604328398899532004300991441658185006504895336
2026-04-27T18:55:01.124284+00:00,2026-04-27T19:07:31.715519+00:00,momentum,"Bitcoin Up or Down - April 27, 2:55PM-3:00PM ET",DOWN,Down,4.0,0.54,,WIN,YES,3.4074074074074066,Down,0xaf07de563e6c8877327247aa7da99596a24567aa00001553b76b2a6e8f863714,69025392331765941873413330096444740862768849577027416438364558915159724879637
2026-04-27T19:00:01.644202+00:00,2026-04-27T19:11:32.978660+00:00,momentum,"Bitcoin Up or Down - April 27, 3:00PM-3:05PM ET",DOWN,Down,2.0,0.61,,WIN,YES,1.278688524590164,Down,0xce65d5c9516061ec4383ea2292443a851f4d790a0ba2af7f9a849f5a299c9b31,36983349205228014590991002414422383672039015659516283455941301540230532772296
2026-04-27T19:00:01.695129+00:00,2026-04-27T19:11:33.206794+00:00,momentum,"Ethereum Up or Down - April 27, 3:00PM-3:05PM ET",DOWN,Down,2.0,0.59,,WIN,YES,1.3898305084745766,Down,0x0461c6c422e68b7e9cb14f2de9c74cd24c41c4454d4831d5230572f7e788ad7d,25807019617133927373426527488348816443429551524640546841271612376600441094861
2026-04-27T19:00:01.778739+00:00,2026-04-27T19:11:33.547406+00:00,momentum,"XRP Up or Down - April 27, 3:00PM-3:05PM ET",DOWN,Down,2.0,0.54,,WIN,YES,1.7037037037037033,Down,0xec1bebaf19ddcd2c667a1be6a70786ed62c15d6c95d4cd33c996213a85e29aea,37983461327156621706801780485023128935071918163261518529777114146366185500229
2026-04-27T19:00:01.744170+00:00,2026-04-27T19:12:33.361380+00:00,momentum,"Solana Up or Down - April 27, 3:00PM-3:05PM ET",DOWN,Down,2.0,0.51,,WIN,YES,1.9215686274509802,Down,0x84d497b3162f83197710e70f7dfd515718994b4cdee3a9b7b0d2fcbe778eb43b,41938520928238432367130892861829277917472739416138157232277041492327385169587
2026-04-27T19:05:07.692063+00:00,2026-04-27T19:14:35.232802+00:00,momentum,"Ethereum Up or Down - April 27, 3:05PM-3:10PM ET",UP,Up,2.0,0.51,,WIN,YES,1.9215686274509802,Up,0x57fc3338448d98494fdae515d368270a6eea98101da366f5d9e3630d0551f6c6,59065786689216004188846271928489607055510495724691625368498501030927396136310
2026-04-27T19:05:01.130773+00:00,2026-04-27T19:15:35.234361+00:00,momentum,"Bitcoin Up or Down - April 27, 3:05PM-3:10PM ET",DOWN,Down,2.0,0.52,,WIN,YES,1.8461538461538458,Down,0x221d3a7dca66344f94a1263070239727f05429526eb2d432350b2d1735edb053,12380210535508760010198745981375952060598209305625146054376201364111995496904
2026-04-27T19:05:01.180264+00:00,2026-04-27T19:15:35.299407+00:00,momentum,"Solana Up or Down - April 27, 3:05PM-3:10PM ET",UP,Up,2.0,0.51,,LOSS,NO,-2.0,Down,0x42bbca9e3cac2244fa5e034637e552aa24de748d7e69646e93870fce8ec62d77,83926395616709442935346091204178683950699085672403242627304676097090916617201
2026-04-27T19:05:04.406283+00:00,2026-04-27T19:15:35.351788+00:00,momentum,"XRP Up or Down - April 27, 3:05PM-3:10PM ET",UP,Up,2.0,0.52,,LOSS,NO,-2.0,Down,0x206f51484716f6b5d2c8d4fd710a3b3873b123b4276fe7da107053a7759b330f,70269725384818229717774734563793072409424346086129682370129994498347129765722
2026-04-27T19:10:03.171140+00:00,2026-04-27T19:20:38.081658+00:00,momentum,"Ethereum Up or Down - April 27, 3:10PM-3:15PM ET",DOWN,Down,2.0,0.52,,LOSS,NO,-2.0,Up,0xb81a42db9b0cb967afcf8855a0db6fd10de8e30b47b99dd70e6c65261f3f2550,75659378491740385939597766399320825769676136920461901772308805280223818411438
2026-04-27T19:10:00.998024+00:00,2026-04-27T19:21:37.931696+00:00,momentum,"Solana Up or Down - April 27, 3:10PM-3:15PM ET",DOWN,Down,4.0,0.515,,LOSS,NO,-4.0,Up,0x9f636d8b57cd19421cb57c312251e52abe7bbcaf10bf9a89683f93322555e86f,71188972825845130653923576492695096458175968256536569528327736404362009270015
2026-04-27T19:10:06.361267+00:00,2026-04-27T19:21:37.997871+00:00,momentum,"Bitcoin Up or Down - April 27, 3:10PM-3:15PM ET",DOWN,Down,2.0,0.56,,LOSS,NO,-2.0,Up,0x542375c2ec6e25d564c454014f4cf4c58344f55790adb67b71516129ba29b547,82836387344389900237034701575265704810056068548083145482209638675132148632848
2026-04-27T19:10:11.302539+00:00,2026-04-27T19:21:38.185971+00:00,momentum,"XRP Up or Down - April 27, 3:10PM-3:15PM ET",UP,Up,4.0,0.51,,WIN,YES,3.8431372549019605,Up,0x76b90cb741eaa6bc35227e4815e859ad0feaa6b117c2cf601ee692bbe74f18b5,53868891959067684342041697963402641648917517598924142907526486919459481221286
2026-04-27T19:15:01.386136+00:00,2026-04-27T19:23:39.456868+00:00,momentum,"XRP Up or Down - April 27, 3:15PM-3:20PM ET",DOWN,Down,2.0,0.53,,WIN,YES,1.773584905660377,Down,0x50ea93c9acede4358980722d9e950f4b03e6c5dfb58f061bdb5c812a3ccf2e06,87551602589904533693900454868138955243800597821410636695320081328582775597440
2026-04-27T19:15:00.260585+00:00,2026-04-27T19:24:39.336014+00:00,momentum,"Ethereum Up or Down - April 27, 3:15PM-3:20PM ET",UP,Up,4.0,0.545,,LOSS,NO,-4.0,Down,0xde36e00583050507a6b67d0f65bc5e95c6e32f3aa40ff8cbd3c146727a60264f,19637839939892917751283826769419892343981890427327626376306217844607933435532
2026-04-27T19:15:01.435405+00:00,2026-04-27T19:24:39.379403+00:00,momentum,"Solana Up or Down - April 27, 3:15PM-3:20PM ET",UP,Up,8.0,0.51,,LOSS,NO,-8.0,Down,0x894e16ad4e67138dc8f066d3ab4d76df2b3872aabfae00028299ffec7030c8a2,84925116339166173372021961645586836934524124255784795154059618909703836375013
2026-04-27T19:15:01.474238+00:00,2026-04-27T19:24:39.423730+00:00,momentum,"Bitcoin Up or Down - April 27, 3:15PM-3:20PM ET",UP,Up,4.0,0.51,,LOSS,NO,-4.0,Down,0xe9a76d61256b0c550a03229f89150a0f4c65849783fc4d22a0f5a42b62ed69f9,99472765697971889329335168217824077513555336780700093637734216673829092165976
2026-04-27T19:20:01.328087+00:00,2026-04-27T19:29:42.091944+00:00,momentum,"Solana Up or Down - April 27, 3:20PM-3:25PM ET",DOWN,Down,8.0,0.51,,WIN,YES,7.686274509803921,Down,0x248975497c1c6c45f64412bdd2aeab8eabba3e08368f5d8fc17e1d04259ab500,35778911637276646707060153549361352179511596448936998925990224330045444265083
2026-04-27T19:20:01.298643+00:00,2026-04-27T19:30:42.426617+00:00,momentum,"Bitcoin Up or Down - April 27, 3:20PM-3:25PM ET",DOWN,Down,4.0,0.51,,WIN,YES,3.8431372549019605,Down,0xdab753de369b30b6b4ec3a5870ec1cf47425afe372522cf4c54f0f85b9ffa3e5,61734957982906975379648438806896917184655483503409893116107220877519566898523
2026-04-27T19:20:07.695507+00:00,2026-04-27T19:30:42.654625+00:00,momentum,"Ethereum Up or Down - April 27, 3:20PM-3:25PM ET",DOWN,Down,4.0,0.56,,WIN,YES,3.1428571428571423,Down,0x27e74014719b543cc9b6e14d8b96a717aa0f9e9de4b3d8aa12e5b8eac883322a,24883001545208403016567504607385187100331036405529976119588636149408216173023
2026-04-27T19:20:18.200964+00:00,2026-04-27T19:31:43.492007+00:00,momentum,"XRP Up or Down - April 27, 3:20PM-3:25PM ET",DOWN,Down,2.0,0.51,,WIN,YES,1.9215686274509802,Down,0xb753ff7c6365478aca320c30249ae87c316c0373989830a82cdd5b440e1dd81e,109984752291136851011603386713414344423824089520366036852465868284156912399084
2026-04-27T19:25:00.432160+00:00,2026-04-27T19:35:46.584575+00:00,momentum,"Solana Up or Down - April 27, 3:25PM-3:30PM ET",UP,Up,2.0,0.515,,LOSS,NO,-2.0,Down,0xc28553b5213f23fdfd467a15ddb88beb5940b0b48b1e82bc3116a8a188ea3336,75381819751317499063900724559682628836587260395303536674127956421461297293701
2026-04-27T19:25:06.165150+00:00,2026-04-27T19:35:47.023822+00:00,momentum,"Ethereum Up or Down - April 27, 3:25PM-3:30PM ET",DOWN,Down,2.0,0.52,,WIN,YES,1.8461538461538458,Down,0x624e758f6e6247f32fefe5b82df2a4a4f319000096ab72d194f0c71fb6c0c9d0,32093676112966222029952921612281041359041019428938193670052996451048623862189
2026-04-27T19:25:03.036477+00:00,2026-04-27T19:36:47.630477+00:00,momentum,"Bitcoin Up or Down - April 27, 3:25PM-3:30PM ET",DOWN,Down,2.0,0.51,,WIN,YES,1.9215686274509802,Down,0xaa4fd31f58da9eca73b05de76d2886b788a8ad0a4ac6a9e1198ba29cf891f94d,99551761232648906028135471508536860288867241990494283290383374329614017306695
2026-04-27T19:25:03.064362+00:00,2026-04-27T19:36:47.676801+00:00,momentum,"XRP Up or Down - April 27, 3:25PM-3:30PM ET",UP,Up,2.0,0.51,,LOSS,NO,-2.0,Down,0x5e207980eeb0f9b710e03e4bb8ecd07210d75ec9244ca71be6972f41116b9462,44758184286962406938701793867955311862996615478524817035606909500526459653745
2026-04-27T19:30:00.196724+00:00,2026-04-27T19:38:49.254243+00:00,momentum,"Solana Up or Down - April 27, 3:30PM-3:35PM ET",UP,Up,4.0,0.515,,WIN,YES,3.766990291262136,Up,0xf731fcbe7a263de9e3e083974928a8187d6d3ba4eada09c7458c7c06b2dd5f93,28712748054657544613091014100926174465523795219586408183206864401177836532746
2026-04-27T19:30:02.333450+00:00,2026-04-27T19:38:49.299466+00:00,momentum,"Bitcoin Up or Down - April 27, 3:30PM-3:35PM ET",UP,Up,2.0,0.56,,LOSS,NO,-2.0,Down,0xddc74c14b57a6b8efb64615e747eee068c7c4ac547f2ca3e84d19ef5b5d33a7f,106631199482766140310662427095001825472422272887048188509265883636333050633439
2026-04-27T19:30:00.136172+00:00,2026-04-27T19:39:48.835851+00:00,momentum,"XRP Up or Down - April 27, 3:30PM-3:35PM ET",UP,Up,4.0,0.515,,WIN,YES,3.766990291262136,Up,0x40b77dfbce3ee53b789ac4dc42984a2de050f23c2c8e557ae397ccffe0f1b257,38317842770231175789921654792416938243169765142508136094800020214557077364018
2026-04-27T19:30:00.167202+00:00,2026-04-27T19:39:49.064592+00:00,momentum,"Ethereum Up or Down - April 27, 3:30PM-3:35PM ET",UP,Up,2.0,0.515,,WIN,YES,1.883495145631068,Up,0x6d7dd25144919b905cb0a7eafda83ef5f9942822c54c5b3c8a4a692219ef970f,44128405443382046041400496878203114746428517423215274789812061017195909674703
2026-04-27T19:35:01.043275+00:00,2026-04-27T19:44:51.527215+00:00,momentum,"Bitcoin Up or Down - April 27, 3:35PM-3:40PM ET",UP,Up,4.0,0.55,,WIN,YES,3.2727272727272725,Up,0x2b9f848e27d530cf8b45ceeb05ccfa73de4330dae6194776b8562b97c7b7ff9e,75853113386040503480383312007448222865418247996652031350665599466499438315191
2026-04-27T19:35:01.127299+00:00,2026-04-27T19:44:51.755596+00:00,momentum,"Solana Up or Down - April 27, 3:35PM-3:40PM ET",UP,Up,2.0,0.51,,WIN,YES,1.9215686274509802,Up,0x9fa3eada218eb6c9b923c0f1f65608cb16f2c921e668ef82b6eac08b76f948b6,74113619274260961248118882667262785563812221000046676342759269180182899742182
2026-04-27T19:35:01.302396+00:00,2026-04-27T19:44:51.950165+00:00,momentum,"Ethereum Up or Down - April 27, 3:35PM-3:40PM ET",UP,Up,2.0,0.52,,WIN,YES,1.8461538461538458,Up,0x8434daff2c97db0758e00fda139359f3bcbb1c69a48720ffb17b232b2b94670a,82646343608258063103178038710210852452669268327197161880155113058101031133028
2026-04-27T19:35:01.399870+00:00,2026-04-27T19:45:52.395239+00:00,momentum,"XRP Up or Down - April 27, 3:35PM-3:40PM ET",UP,Up,2.0,0.52,,WIN,YES,1.8461538461538458,Up,0x1a918c6103ffbec9f4bc91ce3323797db95f890adfaf75389f92c27129b95118,21868097687532969739963342074881491663934581000306097105975464243372097361251
2026-04-27T19:40:01.040655+00:00,2026-04-27T19:50:55.640895+00:00,momentum,"Ethereum Up or Down - April 27, 3:40PM-3:45PM ET",UP,Up,2.0,0.515,,WIN,YES,1.883495145631068,Up,0xfcca540bd9bf63db7676857f56bf82c5b514e62c6fbbec7a286d09a194a5ba05,59325822319348772045887462249346632836696436344172232639706927818120875629900
2026-04-27T19:40:01.075085+00:00,2026-04-27T19:50:55.859346+00:00,momentum,"Solana Up or Down - April 27, 3:40PM-3:45PM ET",UP,Up,2.0,0.515,,WIN,YES,1.883495145631068,Up,0x752171ae02943dd9e47b65dd24ba32b151f49cc9f051b1293321656c9df1abe4,62469667906139077733236076544435215393582079876455415524944381757526841985049
2026-04-27T19:40:01.105875+00:00,2026-04-27T19:50:56.020825+00:00,momentum,"XRP Up or Down - April 27, 3:40PM-3:45PM ET",UP,Up,2.0,0.515,,WIN,YES,1.883495145631068,Up,0x2166e22b402ac6ca751ee8b67263e2b238aca0ba4c9d1dbcfcfe7a7bdf398252,28481983199494972537618574230261293362332906654614128699380098751194757599290
2026-04-27T19:40:01.002024+00:00,2026-04-27T19:51:56.296672+00:00,momentum,"Bitcoin Up or Down - April 27, 3:40PM-3:45PM ET",UP,Up,2.0,0.535,,WIN,YES,1.7383177570093458,Up,0x120dd3698d37e2c5fb06488e5a1dd4aab36793566a342ac005cf78c24459d3cb,98750001691269474083733062202780547598095413459083522408779227405437838538615
2026-04-27T19:45:13.040986+00:00,2026-04-27T19:53:57.875012+00:00,momentum,"Ethereum Up or Down - April 27, 3:45PM-3:50PM ET",DOWN,Down,2.0,0.51,,LOSS,NO,-2.0,Up,0x1490f8d07a9fbe1141766f70d30ee3d2a9beaad935895513f377fcdb7eeb86cf,75566904308592721274115342312719465942014372194652328005242883139806978788287
2026-04-27T19:45:00.263412+00:00,2026-04-27T19:54:57.867901+00:00,momentum,"XRP Up or Down - April 27, 3:45PM-3:50PM ET",UP,Up,2.0,0.51,,WIN,YES,1.9215686274509802,Up,0xd0a9315669dbad09280a09618cc57b3000cab15dc613ef51ec9e1debf29eeade,66591266133144012050645641134972764734081467289050123937907513098618896281040
2026-04-27T19:45:00.292859+00:00,2026-04-27T19:54:58.028708+00:00,momentum,"Solana Up or Down - April 27, 3:45PM-3:50PM ET",UP,Up,2.0,0.52,,WIN,YES,1.8461538461538458,Up,0xe50468ff4479d634e6606b5bf490eeb03687f38528a99c4ff4b211458e780c3d,7750141189652147062715146744868222157712075576346428791179819397356954951942
2026-04-27T19:45:00.233941+00:00,2026-04-27T19:57:58.221224+00:00,momentum,"Bitcoin Up or Down - April 27, 3:45PM-3:50PM ET",UP,Up,2.0,0.55,,WIN,YES,1.6363636363636362,Up,0x7b850e40d8c021f567a39e8ec92e7b28fb79fa8080ad4aafb7b440ac1d14f63d,100792285780891977387525062134448958666878036150726895251782206239326619650531
2026-04-27T19:50:00.872542+00:00,2026-04-27T19:59:59.107954+00:00,momentum,"Solana Up or Down - April 27, 3:50PM-3:55PM ET",UP,Up,2.0,0.515,,LOSS,NO,-2.0,Down,0xe11f12f0ebc60aecb7ef3b81a6153a1f6318420c76d0c8730f097f20abc2dcc9,66239327334348729287187336749041245899131868960531520947137885773971938987510
2026-04-27T19:50:00.902681+00:00,2026-04-27T19:59:59.260785+00:00,momentum,"XRP Up or Down - April 27, 3:50PM-3:55PM ET",UP,Up,2.0,0.515,,WIN,YES,1.883495145631068,Up,0x9f94f8967a8f2969706a90fc048208e5ddb667c528a9633641e4b99148087064,39143544754808472899971672627956474625061512528214454833868055171786713651759
2026-04-27T19:50:06.281669+00:00,2026-04-27T19:59:59.425151+00:00,momentum,"Bitcoin Up or Down - April 27, 3:50PM-3:55PM ET",UP,Up,2.0,0.51,,WIN,YES,1.9215686274509802,Up,0x664839d9d6ae225e21edbf8a734ccf5dc23c71a81b39a45c96ad0c97c26e6acb,43509543798389036460823566268390847416908476610620417560301839152033941075076
2026-04-27T19:50:06.310253+00:00,2026-04-27T20:00:59.193160+00:00,momentum,"Ethereum Up or Down - April 27, 3:50PM-3:55PM ET",UP,Up,4.0,0.52,,LOSS,NO,-4.0,Down,0x1363a2ee50cba1ebfe8af5233bad972ab6949451c6c80579f5d8685b5664b240,76105903138639862099260110568156571041891856280845027672515654673892809499447
2026-04-27T19:55:00.709785+00:00,2026-04-27T20:06:02.509668+00:00,momentum,"Solana Up or Down - April 27, 3:55PM-4:00PM ET",UP,Up,4.0,0.515,,LOSS,NO,-4.0,Down,0x28783d4eddb52a75252539cf7aa4dcd3101405ffe9295755aa6de32f8f330242,29398301132523332916039783769568063951851976543419164631673293431216717774675
2026-04-27T19:55:00.752145+00:00,2026-04-27T20:06:02.555214+00:00,momentum,"XRP Up or Down - April 27, 3:55PM-4:00PM ET",UP,Up,2.0,0.515,,LOSS,NO,-2.0,Down,0xc720e9ac7fece38b40abd1334cfc6ec1f70c27c0ef28d8f1c4412bdf80b1383e,58868577247717142137040214101384027960139968058574845454883311205138217607346
2026-04-27T19:55:00.674091+00:00,2026-04-27T20:07:02.408248+00:00,momentum,"Ethereum Up or Down - April 27, 3:55PM-4:00PM ET",DOWN,Down,8.0,0.515,,LOSS,NO,-8.0,Up,0xd5bc6417816991f9607c9f52fc3be5761b9ab6949194467c0da3d57f1c8fb6e2,78680095629544982052241943692819101902890316976417248995531523280463423357883
2026-04-27T19:55:03.281939+00:00,2026-04-27T20:07:02.448353+00:00,momentum,"Bitcoin Up or Down - April 27, 3:55PM-4:00PM ET",DOWN,Down,2.0,0.52,,LOSS,NO,-2.0,Up,0xef20458d8d95946304cdc777e623c32cf2d6eecbaa23fcfde159286328a945ab,54589246408865159584541913284519149624753103337316407772615722741027415479261
2026-04-27T20:00:01.330405+00:00,2026-04-27T20:09:03.695124+00:00,momentum,"Bitcoin Up or Down - April 27, 4:00PM-4:05PM ET",DOWN,Down,4.0,0.51,,LOSS,NO,-4.0,Up,0xe254e786d98823531382ade3197a91257b2923097411745533687f395ae4fd87,58637161433743537866263283740752624870530878131064854933380129767209503816786
2026-04-27T20:00:13.927685+00:00,2026-04-27T20:09:03.858236+00:00,momentum,"Solana Up or Down - April 27, 4:00PM-4:05PM ET",UP,Up,2.0,0.52,,WIN,YES,1.8461538461538458,Up,0xb2627fb95d4c5fe99056b1d49aa9b7ce236dfdba970995d312d134ad05cbc235,44048347626785598645983825838386211611766368969274897134177261232605839502053
2026-04-27T20:00:01.273266+00:00,2026-04-27T20:10:03.583574+00:00,momentum,"XRP Up or Down - April 27, 4:00PM-4:05PM ET",DOWN,Down,2.0,0.51,,LOSS,NO,-2.0,Up,0xa256003732982b48dbd8304e72150847cb800d76ca3eef70b91b87db45535e51,102181025860093295659323860277265356758623965760889224261718492376362585441712
2026-04-27T20:00:01.300523+00:00,2026-04-27T20:10:03.756053+00:00,momentum,"Ethereum Up or Down - April 27, 4:00PM-4:05PM ET",UP,Up,16.0,0.51,,WIN,YES,15.372549019607842,Up,0x21f1d18740c7def76c7136b3b433f23ab7cf4bb2948f65cd757d466623040a0b,63562690645844847764901499646691230631637615757347423452427232670628290796823
2026-04-27T20:05:00.278858+00:00,2026-04-27T20:15:06.006850+00:00,momentum,"Solana Up or Down - April 27, 4:05PM-4:10PM ET",UP,Up,2.0,0.51,,LOSS,NO,-2.0,Down,0xd6cd4a9d870615c17132c480517b7228b74590a5d0dca09adc55fa4be056391a,96563605938500822501965745172470181789705767273434055908693611899603768022920
2026-04-27T20:05:00.357703+00:00,2026-04-27T20:15:06.311950+00:00,momentum,"Bitcoin Up or Down - April 27, 4:05PM-4:10PM ET",DOWN,Down,4.0,0.57,,WIN,YES,3.0175438596491233,Down,0xd980d740cc74b51ff966b67b5e68ef994f267e5a674714d5e15aa8f9a07ef38a,16420080878543597295212957161478018967319271345341194287687598502973682735207
2026-04-27T20:05:00.317633+00:00,2026-04-27T20:16:06.968711+00:00,momentum,"Ethereum Up or Down - April 27, 4:05PM-4:10PM ET",DOWN,Down,2.0,0.55,,LOSS,NO,-2.0,Up,0x7c15bc41cc9b9303325579b739717ca952e93e03f3bd202b112a60a25aebc907,46579019768533959073672660516640059003263883272871658868591124528862748355692
2026-04-27T20:05:00.398619+00:00,2026-04-27T20:16:07.154411+00:00,momentum,"XRP Up or Down - April 27, 4:05PM-4:10PM ET",DOWN,Down,2.0,0.51,,WIN,YES,1.9215686274509802,Down,0x13ec4dca83ce791b4baa9298539da04979bcb78556cdd38091f078ba35e15e1c,107850796875295128839556696286612291458393956922274896117909351371137991730385
2026-04-27T20:10:00.319842+00:00,2026-04-27T20:20:09.261795+00:00,momentum,"Ethereum Up or Down - April 27, 4:10PM-4:15PM ET",DOWN,Down,2.0,0.535,,WIN,YES,1.7383177570093458,Down,0xb8becf2e096d447dfbc0ed1a410bf615c0bf655c42b7843742deb729ef5bd0fa,72915289831642081886805507540121253961036908145985133431654138191449960851139
2026-04-27T20:10:00.282738+00:00,2026-04-27T20:21:09.468130+00:00,momentum,"Solana Up or Down - April 27, 4:10PM-4:15PM ET",DOWN,Down,4.0,0.515,,WIN,YES,3.766990291262136,Down,0x698671404ed891e601be948fce69c3da550fdda750df5e210bd3812f83651e6d,3046077528626702806419875862299243314258163467233276684439216470977017218922
2026-04-27T20:10:01.502628+00:00,2026-04-27T20:21:09.774135+00:00,momentum,"XRP Up or Down - April 27, 4:10PM-4:15PM ET",DOWN,Down,2.0,0.51,,WIN,YES,1.9215686274509802,Down,0xeb7b7c82433f5521ccea9d96d363d10806649cae08b4666725f460145f9ce7de,103969483185789387041800695616460538836835571630138153928959282660239659808014
2026-04-27T20:10:01.469412+00:00,2026-04-27T20:22:10.033062+00:00,momentum,"Bitcoin Up or Down - April 27, 4:10PM-4:15PM ET",DOWN,Down,2.0,0.59,,WIN,YES,1.3898305084745766,Down,0xd5baf0a814db9ea45ee2c8f0f6702b95480708e605f1a59db701c75e4b0d941d,32619417325265172644955582800174670417612482006903687474487502075003009000334
2026-04-27T20:15:00.633207+00:00,2026-04-27T20:23:10.520309+00:00,momentum,"Solana Up or Down - April 27, 4:15PM-4:20PM ET",DOWN,Down,2.0,0.51,,LOSS,NO,-2.0,Up,0xfdb90a5fc43215294192f4d20ba3ad7cd899b5bfff6bb49eed26d442b417fae1,28508120021359522684108653327462336861611924907433618196766449094876812072979
2026-04-27T20:15:00.570996+00:00,2026-04-27T20:24:11.033330+00:00,momentum,"Bitcoin Up or Down - April 27, 4:15PM-4:20PM ET",DOWN,Down,2.0,0.53,,LOSS,NO,-2.0,Up,0xfa5e05f02e9100cf0e55cadae53e7839b3a22100f4e806d0c1d952ad63914039,6954703499710066309972979286297536026695130982355727196593996506740238465268
2026-04-27T20:15:00.602001+00:00,2026-04-27T20:24:11.098500+00:00,momentum,"Ethereum Up or Down - April 27, 4:15PM-4:20PM ET",DOWN,Down,2.0,0.52,,LOSS,NO,-2.0,Up,0xe3ad3d3fe4bb59eb13c819b5442b6e2c4b496a43ec60825b37d0c974d0c7d149,13319810052002919580916749358260340792315102295471683702502700534244330678080
2026-04-27T20:15:01.665094+00:00,2026-04-27T20:25:11.763303+00:00,momentum,"XRP Up or Down - April 27, 4:15PM-4:20PM ET",UP,Up,2.0,0.99,,WIN,YES,0.020202020202020332,Up,0x46c1c6920d784c515ae22a15d01e00aad3d703a61031d0dd0d777ffdc93cf73d,99268218346666736281542176005026039813325485582481214330531075127427496499642
2026-04-27T20:20:05.777146+00:00,2026-04-27T20:30:14.116978+00:00,momentum,"Bitcoin Up or Down - April 27, 4:20PM-4:25PM ET",DOWN,Down,4.0,0.51,,LOSS,NO,-4.0,Up,0x775e2c54b6c5362412b4d0c332f2990de5c41ee759652563d58f933723fdb569,86621954759337809728206213894480837501427527619253132827181687115083476907585
2026-04-27T20:20:12.542155+00:00,2026-04-27T20:30:14.364086+00:00,momentum,"XRP Up or Down - April 27, 4:20PM-4:25PM ET",UP,Up,2.0,0.51,,WIN,YES,1.9215686274509802,Up,0x3bda1a4d7bafd3b0a7b687dae5da62b7108406882d5d0a5994dca5ba94730045,57883828481325495034760052278471239728606775541894935515193841275489714376044
2026-04-27T20:20:12.569522+00:00,2026-04-27T20:30:14.543227+00:00,momentum,"Solana Up or Down - April 27, 4:20PM-4:25PM ET",UP,Up,4.0,0.51,,WIN,YES,3.8431372549019605,Up,0xa028095ffd68352193c159421e6d3f675b8c45f61709d15a118e30c4ae8d04ad,50219831372996509224026321402351004170909939277030082589040599813971231086617
2026-04-27T20:20:00.500959+00:00,2026-04-27T20:31:14.138244+00:00,momentum,"Ethereum Up or Down - April 27, 4:20PM-4:25PM ET",DOWN,Down,4.0,0.525,,LOSS,NO,-4.0,Up,0x76336378a05726d7cf2768f076b2fe2a8dca498ed7f6bdd41c92c15b256b507f,18624014388446626743858316256005739496995413354546138082104547762120673261739
2026-04-27T20:25:00.577398+00:00,2026-04-27T20:36:16.582303+00:00,momentum,"Bitcoin Up or Down - April 27, 4:25PM-4:30PM ET",DOWN,Down,8.0,0.525,,LOSS,NO,-8.0,Up,0x7221036f6c8e3ea10c92d2b6807a9e95c7385edcf8b668998c75c02afcfe8c22,69806287192358265568360726197690387524265479832489786986880781016033865254170
2026-04-27T20:25:00.605682+00:00,2026-04-27T20:36:16.628986+00:00,momentum,"Ethereum Up or Down - April 27, 4:25PM-4:30PM ET",DOWN,Down,8.0,0.515,,LOSS,NO,-8.0,Up,0x8ac10c4097821e25da5be674d9e8f84e6fe7b46acc7e4b01aeb70b2e1da170aa,62849270042629333439181479413061808082204088950443280531009259427088549285259
2026-04-27T20:25:02.997897+00:00,2026-04-27T20:36:16.672579+00:00,momentum,"XRP Up or Down - April 27, 4:25PM-4:30PM ET",DOWN,Down,2.0,0.51,,LOSS,NO,-2.0,Up,0x382ec739629f3cc2e8515cf976ea819bacabba9f87a5fbb79d475ec482a19dfa,37630980454656395568496908261997758355523597045358964785460694095010394730769
2026-04-27T20:25:14.060221+00:00,2026-04-27T20:36:16.859644+00:00,momentum,"Solana Up or Down - April 27, 4:25PM-4:30PM ET",UP,Up,2.0,0.53,,WIN,YES,1.773584905660377,Up,0xcb1fd73e13b40a618aa44ac98f36a23a1c8f6dde243a8096227cb89a0a0734e5,87359242293370270339267142622135265642875874690579612853321686796523701664568
2026-04-27T20:30:01.159439+00:00,2026-04-27T20:38:17.604386+00:00,momentum,"Ethereum Up or Down - April 27, 4:30PM-4:35PM ET",DOWN,Down,16.0,0.51,,LOSS,NO,-16.0,Up,0x2a3d4263456664e71452dda7da0b91e7a5a1e59617ebbe8879669b0f7d2f859f,46742718124706176892865001925669486887906209191363010795037122573852894786469
2026-04-27T20:30:01.039236+00:00,2026-04-27T20:39:17.683123+00:00,momentum,"Bitcoin Up or Down - April 27, 4:30PM-4:35PM ET",DOWN,Down,16.0,0.51,,LOSS,NO,-16.0,Up,0x675cabf9d38af90c692a86f3541a8f4d5f005b4ab74c2dc0d85e64557ab9faab,18518387763700569894358419762070095746186920076465682086422378626674807922591
2026-04-27T20:30:01.309039+00:00,2026-04-27T20:39:17.725232+00:00,momentum,"XRP Up or Down - April 27, 4:30PM-4:35PM ET",DOWN,Down,2.0,0.52,,LOSS,NO,-2.0,Up,0xf79175f0857a91b5cb21f86a24a13314a319133f8d977b98357ad72661623ac5,98097702111493619282628896848189797575895487403094120865363186347602095067254
2026-04-27T20:30:07.489416+00:00,2026-04-27T20:39:17.882481+00:00,momentum,"Solana Up or Down - April 27, 4:30PM-4:35PM ET",DOWN,Down,2.0,0.51,,WIN,YES,1.9215686274509802,Down,0x3f3df030d6190a2dc9124b6d51d65db19eef6b21682b5d16c88f2ece3b502748,72720734501271301914891499594318699627552786740088451760412124234655561852173
2026-04-27T20:35:00.370032+00:00,2026-04-27T20:44:20.517995+00:00,momentum,"Bitcoin Up or Down - April 27, 4:35PM-4:40PM ET",DOWN,Down,32.0,0.535,,WIN,YES,27.813084112149532,Down,0xf6b046f023b6233867c0ec9f80e859ebe5cc91c1a273ade2d0342588135618ff,25960360067352296463060951451320281717027673457665224226709021085649448078035
2026-04-27T20:35:00.411700+00:00,2026-04-27T20:45:20.592329+00:00,momentum,"Ethereum Up or Down - April 27, 4:35PM-4:40PM ET",DOWN,Down,32.0,0.515,,LOSS,NO,-32.0,Up,0x5608892488cab5387823e0eebbe2e27e13dbdb5504b8d34d738fe2653d739fb1,61475796234846578056836101672396624083717791018197300563015081026605821922996
2026-04-27T20:35:15.534688+00:00,2026-04-27T20:46:21.335438+00:00,momentum,"XRP Up or Down - April 27, 4:35PM-4:40PM ET",DOWN,Down,4.0,0.51,,LOSS,NO,-4.0,Up,0xf605d25d94279f259ea87bf5128f3c92d4e922fb65d1e656dc1828a91cd3fa25,92341399100775634537835469507487734898533839080113851524909805299899106086590
2026-04-27T20:35:34.996856+00:00,2026-04-27T20:46:21.475201+00:00,momentum,"Solana Up or Down - April 27, 4:35PM-4:40PM ET",UP,Up,2.0,0.51,,WIN,YES,1.9215686274509802,Up,0xcd523fe3eb9f2fee8d48fdaf3581d2bd0465921e2bfb21cd5af2b4e4aa1d58eb,109189461674830635593311501739762165160187823594490162315592779091279099840962
2026-04-27T20:40:00.884132+00:00,2026-04-27T20:50:24.174139+00:00,momentum,"Solana Up or Down - April 27, 4:40PM-4:45PM ET",UP,Up,2.0,0.51,,WIN,YES,1.9215686274509802,Up,0x89b742bb3f04c2a16e13ede7dd7daccf3ca356dd265f764b17dac3abf853fc6c,58652586796655010048886397882404584605603192223099266206484424110634049904972
2026-04-27T20:40:02.020482+00:00,2026-04-27T20:50:24.368965+00:00,momentum,"Bitcoin Up or Down - April 27, 4:40PM-4:45PM ET",DOWN,Down,2.0,0.53,,WIN,YES,1.773584905660377,Down,0x54767e4457ec058f31306bd8b85ec483a909e805005977497fb8876f1abc3b39,65351858371159825315112690027873141281221437155721893573986820907336915740638
2026-04-27T20:40:02.051356+00:00,2026-04-27T20:51:25.008016+00:00,momentum,"XRP Up or Down - April 27, 4:40PM-4:45PM ET",DOWN,Down,8.0,0.61,,WIN,YES,5.114754098360656,Down,0x0058e1de1cc30ede97bd12c0260a3fcfe03c139e0773faf32aec9f6109a961e4,68748788974750445172828264708363208551151198843088813797059230127971953636816
2026-04-27T20:40:02.086162+00:00,2026-04-27T20:51:25.185729+00:00,momentum,"Ethereum Up or Down - April 27, 4:40PM-4:45PM ET",DOWN,Down,64.0,0.52,,WIN,YES,59.076923076923066,Down,0xff21ee16b2d6caf4c4c0c716826735c073dfb67b7e923a5a32ac83a83bc64e71,99348748465265681840911460175806153146832791541068762136953097842833654924011
2026-04-27T20:45:02.575445+00:00,2026-04-27T20:53:26.798875+00:00,momentum,"XRP Up or Down - April 27, 4:45PM-4:50PM ET",DOWN,Down,2.0,0.51,,WIN,YES,1.9215686274509802,Down,0x9a1bfb529a6c738633e488c8b7a7b430e452f1589ad69a26ad6c4d1450a12ee2,7637702105195025784020648556017978895518018556898726380450624666042332317330
2026-04-27T20:45:08.882056+00:00,2026-04-27T20:53:26.851775+00:00,momentum,"Bitcoin Up or Down - April 27, 4:45PM-4:50PM ET",UP,Up,2.0,0.52,,LOSS,NO,-2.0,Down,0x8dba45314ff1efbc0109bdb367a4d76e924eeefc6759755ea674ada6ff7341c9,88260221698446213726565126981310284103806769270687993143780115339872685290088
2026-04-27T20:45:00.296560+00:00,2026-04-27T20:54:26.754319+00:00,momentum,"Ethereum Up or Down - April 27, 4:45PM-4:50PM ET",DOWN,Down,2.0,0.515,,WIN,YES,1.883495145631068,Down,0x9a11fadee74a45af3df6976a980ec19ad0a4ed71cd3f23974cae83d6f98c1b88,108200673775497185858791103865973424126048332365551938657830537800272550700472
2026-04-27T20:45:02.540838+00:00,2026-04-27T20:55:27.776912+00:00,momentum,"Solana Up or Down - April 27, 4:45PM-4:50PM ET",DOWN,Down,2.0,0.51,,WIN,YES,1.9215686274509802,Down,0xaa383af6e5add2dcb1c798dca801ad0217017ae81f522c8a087fd0b88bd1afa2,80027626179775891329588414522072481555921708700428125655415584864656720412943
2026-04-27T20:50:00.623279+00:00,2026-04-27T20:59:30.834840+00:00,momentum,"Solana Up or Down - April 27, 4:50PM-4:55PM ET",DOWN,Down,2.0,0.515,,WIN,YES,1.883495145631068,Down,0x7cbc26c7cf67ca42481a01bfdc4b85c25a59821fea5ed0db3ceb7efc0af87df4,91819720846507085605191420498611534230040493030862111627620490881964719466258
2026-04-27T20:50:00.664612+00:00,2026-04-27T21:00:31.652487+00:00,momentum,"XRP Up or Down - April 27, 4:50PM-4:55PM ET",UP,Up,2.0,0.51,,LOSS,NO,-2.0,Down,0x10e4d29e240dc2fa2134e4b0decad62c07389cf091b595ff98fb864dcefa8f3a,105656499775035347680509279010710772438012970757232672327698977566681882311971
2026-04-27T20:50:01.805656+00:00,2026-04-27T21:00:31.954230+00:00,momentum,"Bitcoin Up or Down - April 27, 4:50PM-4:55PM ET",DOWN,Down,4.0,0.52,,WIN,YES,3.6923076923076916,Down,0x5153222e96d815097a583c7224604b04b1e5e7237bb89b98106313bf2c61259a,44978040076363592800511413119036657577335597452367250945710266890724324396697
2026-04-27T20:50:01.772569+00:00,2026-04-27T21:01:32.468108+00:00,momentum,"Ethereum Up or Down - April 27, 4:50PM-4:55PM ET",DOWN,Down,2.0,0.51,,WIN,YES,1.9215686274509802,Down,0x74eda3012be2aba561ceed84a1b0758647fe753f572ab49e0a9160672bfca4fa,9750573023607393838639129018541553781130476130038372201034910583218780042473
2026-04-27T20:55:00.902480+00:00,2026-04-27T21:05:34.217030+00:00,momentum,"XRP Up or Down - April 27, 4:55PM-5:00PM ET",DOWN,Down,2.0,0.51,,LOSS,NO,-2.0,Up,0x03e43e78ad7ed37158f54b54857771b82453add58bb56bf3789e19ccf5e36394,105877042689149359462205385564444905911605492748318229778342684490626750213264
2026-04-27T20:55:00.931276+00:00,2026-04-27T21:05:34.264425+00:00,momentum,"Ethereum Up or Down - April 27, 4:55PM-5:00PM ET",UP,Up,2.0,0.51,,LOSS,NO,-2.0,Down,0x1c6717322216acb2a7a09862410677098455bb829de8fcd885db8bcc3d3476b3,90800684167134000879347364708735634447693981176909919125637417008427000609002
2026-04-27T20:55:04.740009+00:00,2026-04-27T21:05:34.681222+00:00,momentum,"Bitcoin Up or Down - April 27, 4:55PM-5:00PM ET",UP,Up,2.0,0.52,,WIN,YES,1.8461538461538458,Up,0x2cce0ad86b1bc430a4c4dac1bf3a2653391d986c6ada68cd15f240cfbe2c9f84,54018712431830740567446026439651449931583972416792362445992395825455187033281
2026-04-27T20:55:00.961296+00:00,2026-04-27T21:06:35.022095+00:00,momentum,"Solana Up or Down - April 27, 4:55PM-5:00PM ET",DOWN,Down,2.0,0.51,,LOSS,NO,-2.0,Up,0xb92f89cef60cd8e52ec009c747d4c7997509260835cf1dfff98542ba0c3a84f3,23042963935075850965500112071838692172554454493925565155060127556958999413557
2026-04-27T21:00:02.173102+00:00,2026-04-27T21:08:35.909671+00:00,momentum,"XRP Up or Down - April 27, 5:00PM-5:05PM ET",DOWN,Down,2.0,0.58,,WIN,YES,1.4482758620689657,Down,0xe3ddd3d3c1a29af9c2a955c65f8d1dec08ca1379c291e23a70dbde31676d14b2,45959167719139715748960679026952596259689660703400267537659942688556543325161
2026-04-27T21:00:02.091716+00:00,2026-04-27T21:09:36.106825+00:00,momentum,"Solana Up or Down - April 27, 5:00PM-5:05PM ET",DOWN,Down,2.0,0.55,,WIN,YES,1.6363636363636362,Down,0xf806071893b7981569fe335d5c7e0813235039c51100acea4b8b3fee8dfc12f5,114060309299368033023587893444603570690397766413064128410040996974090258591763
2026-04-27T21:00:02.133543+00:00,2026-04-27T21:09:36.277852+00:00,momentum,"Bitcoin Up or Down - April 27, 5:00PM-5:05PM ET",DOWN,Down,4.0,0.58,,WIN,YES,2.8965517241379315,Down,0x7c2bc92be7caa3b2d5ab708868b27a9c3bddf1be70ba84cff8a8cf3b59dd4442,19773862340134351767145204921899310205297081101562487961152807254785969597886
2026-04-27T21:00:02.060130+00:00,2026-04-27T21:10:36.678872+00:00,momentum,"Ethereum Up or Down - April 27, 5:00PM-5:05PM ET",DOWN,Down,4.0,0.63,,WIN,YES,2.349206349206349,Down,0x9558e2860e09141869c51cf6d51fb58435ba609175a3b5d0cd5faf16eb597913,62746454874167237661571036046754794862883855190996717625694130638664566480812
2026-04-27T21:05:01.108427+00:00,2026-04-27T21:15:39.033821+00:00,momentum,"Bitcoin Up or Down - April 27, 5:05PM-5:10PM ET",UP,Up,2.0,0.52,,WIN,YES,1.8461538461538458,Up,0x5cc3738c5bff7088c1318823c8bf96e4ebd467c87c8e24b0fe7eceb0abc4858b,59996829602506035503865878926911574458497244948614441454221976000383413317302
2026-04-27T21:05:01.152083+00:00,2026-04-27T21:15:39.203777+00:00,momentum,"Solana Up or Down - April 27, 5:05PM-5:10PM ET",UP,Up,2.0,0.51,,WIN,YES,1.9215686274509802,Up,0x6863b1917cdbb05127fa5634f14da3944b2c7fbf9042f95b88049a87e0181253,24995519973555852542848472278093494182397716776925265002594408948149656911049
2026-04-27T21:05:01.199541+00:00,2026-04-27T21:15:39.246249+00:00,momentum,"Ethereum Up or Down - April 27, 5:05PM-5:10PM ET",UP,Up,2.0,0.57,,LOSS,NO,-2.0,Down,0xd716dab23398bca3d690bddd5fdeb5d23c8d5e112054bbcfc0b77ab55f461a79,3265604058194955135952621641111668996596000724580047259933411963671020756034
2026-04-27T21:05:01.257177+00:00,2026-04-27T21:15:39.300905+00:00,momentum,"XRP Up or Down - April 27, 5:05PM-5:10PM ET",DOWN,Down,2.0,0.51,,LOSS,NO,-2.0,Up,0x38907cb3e1b3deea73037fce31e8659a1934da0a3a87334705891e07a71a983f,30886070724948968276920231375440989015110428929375607048679603043881867239297
2026-04-27T21:10:00.210477+00:00,2026-04-27T21:20:41.876056+00:00,momentum,"Solana Up or Down - April 27, 5:10PM-5:15PM ET",UP,Up,2.0,0.51,,WIN,YES,1.9215686274509802,Up,0x8c48f1813ffda3fecd5fbce076e32f252d35c5793db28c56ed588ba2505ac214,5549093616647914468949513458746276030149368577978539650945980053671806923827
2026-04-27T21:10:00.272353+00:00,2026-04-27T21:20:42.204329+00:00,momentum,"XRP Up or Down - April 27, 5:10PM-5:15PM ET",UP,Up,2.0,0.51,,WIN,YES,1.9215686274509802,Up,0x6e592c52b40c61e276027fc2542f595653d6cbba719297d2eb9f61b31dc160c6,83120537803953566179205159016535249151649608625343851905380168616345670390689
2026-04-27T21:10:00.180776+00:00,2026-04-27T21:21:41.981732+00:00,momentum,"Ethereum Up or Down - April 27, 5:10PM-5:15PM ET",UP,Up,2.0,0.6,,WIN,YES,1.3333333333333335,Up,0x8714aab62b0f00c2c9742f56d53973561dfe9444ab8e148a087baac064c249e2,113005605065053679836361949475903801213977038431906060600711320019265736409464
2026-04-27T21:10:00.241339+00:00,2026-04-27T21:21:42.029258+00:00,momentum,"Bitcoin Up or Down - April 27, 5:10PM-5:15PM ET",UP,Up,2.0,0.53,,LOSS,NO,-2.0,Down,0x138d000f23b407e4adecee785a29ed261490d672ecfdebc1c58a3fbc470455e4,61256230742901389871089899439400135955349822856287937659597378226160838921437
2026-04-27T21:15:00.227662+00:00,2026-04-27T21:23:43.226690+00:00,momentum,"XRP Up or Down - April 27, 5:15PM-5:20PM ET",UP,Up,2.0,0.515,,LOSS,NO,-2.0,Down,0x34614162372799d8f09da7c7509cb2728f62ebd9933c33ed5ad0a38cf4595f30,85509849210680640988046055172659358613386865843581660065713739746742029863841
2026-04-27T21:15:00.192761+00:00,2026-04-27T21:24:43.777682+00:00,momentum,"Bitcoin Up or Down - April 27, 5:15PM-5:20PM ET",UP,Up,2.0,0.535,,LOSS,NO,-2.0,Down,0x4122aa5c914fe599fee06e3e110b8cb02c4249bbb188f940f6da18cf8d902ef3,70404212781039213165559578126651807163626322070732053298233294664253262563120
2026-04-27T21:15:00.261939+00:00,2026-04-27T21:24:43.821764+00:00,momentum,"Solana Up or Down - April 27, 5:15PM-5:20PM ET",UP,Up,2.0,0.515,,LOSS,NO,-2.0,Down,0xbb40b31e95f191816826875a046374a38f4d950e60e13b474ee5206a0125f52a,3801576109400890448154711047696860583823964012878028611543097206818026904375
2026-04-27T21:15:02.413867+00:00,2026-04-27T21:24:43.975222+00:00,momentum,"Ethereum Up or Down - April 27, 5:15PM-5:20PM ET",DOWN,Down,2.0,0.56,,WIN,YES,1.5714285714285712,Down,0xad692afd609c2885442615b09f2abf067b4afe1e0faec7d1d70f3810689a7ec3,84852311551160476381491191403296915190192349936264430772920219468503932244557
2026-04-27T21:20:00.610769+00:00,2026-04-27T21:29:48.080843+00:00,momentum,"Solana Up or Down - April 27, 5:20PM-5:25PM ET",UP,Up,2.0,0.515,,WIN,YES,1.883495145631068,Up,0xd6cf36edc6956045f3fd1276429a472eb31a70df86dd59f7d98e7a5ef326eee3,95930429311873916958653300352245486593856753878782659578954710686714317450406
2026-04-27T21:20:00.574810+00:00,2026-04-27T21:30:48.575126+00:00,momentum,"Ethereum Up or Down - April 27, 5:20PM-5:25PM ET",UP,Up,4.0,0.525,,LOSS,NO,-4.0,Down,0xec073217618352a8faf2eb47134b6bab083954e330aedd01dfde0ebb4970ddcf,27376892573598624416073427458637545670123526756683872179007439559282320733313
2026-04-27T21:20:08.033115+00:00,2026-04-27T21:30:48.742926+00:00,momentum,"Bitcoin Up or Down - April 27, 5:20PM-5:25PM ET",DOWN,Down,4.0,0.56,,WIN,YES,3.1428571428571423,Down,0xf912e092311c40b68878920685922aef7d5e0ed2b2be97761d1a5f58526a23cb,31623191561596145666027722164411217010881451494219747327119979748794972667133
2026-04-27T21:20:22.104972+00:00,2026-04-27T21:30:48.790833+00:00,momentum,"XRP Up or Down - April 27, 5:20PM-5:25PM ET",UP,Up,4.0,0.52,,LOSS,NO,-4.0,Down,0x69692afdf67946abdc54061da9c991d979e3e829bcbad184363ebf75921b99e6,72080332363812909229165549284089105453535973494426451703971462416673959652374
2026-04-27T21:25:00.793361+00:00,2026-04-27T21:35:51.046743+00:00,momentum,"Ethereum Up or Down - April 27, 5:25PM-5:30PM ET",DOWN,Down,8.0,0.51,,LOSS,NO,-8.0,Up,0xd2777a29f3cd8d5c7e9a1b5ab3f9164e9e4bd9e5c173fe70552b696b2ce78d7b,67124767445541916536805433968333476693340795828221053177157278423328540648788
2026-04-27T21:25:00.824916+00:00,2026-04-27T21:35:51.238405+00:00,momentum,"XRP Up or Down - April 27, 5:25PM-5:30PM ET",UP,Up,2.0,0.515,,WIN,YES,1.883495145631068,Up,0x437e1bcaceb9f8dcd07362b3a5fe91ce71e20e509176d5514db2b8095be4fb1c,25308768330887581049060391593591549688125544783941259776683662064603852817345
2026-04-27T21:25:02.932614+00:00,2026-04-27T21:35:51.283022+00:00,momentum,"Bitcoin Up or Down - April 27, 5:25PM-5:30PM ET",DOWN,Down,2.0,0.56,,LOSS,NO,-2.0,Up,0x1be0756bfbfd7ded457829c7bf3e16dff05bc54fc73a6990be73fe896a4df816,2960877237752655684010675722530167161964595673657776751236507506672226893639
2026-04-27T21:25:09.403325+00:00,2026-04-27T21:35:51.328564+00:00,momentum,"Solana Up or Down - April 27, 5:25PM-5:30PM ET",DOWN,Down,2.0,0.51,,LOSS,NO,-2.0,Up,0xc8924605d535b4a8b23244d7b5364f499a7ae94de70ff2de11676dd1c82eb3fd,114816175897771134659553195189832025573423009330968738047780418414898548344121
2026-04-27T21:30:01.074162+00:00,2026-04-27T21:38:53.109955+00:00,momentum,"Bitcoin Up or Down - April 27, 5:30PM-5:35PM ET",DOWN,Down,4.0,0.525,,LOSS,NO,-4.0,Up,0xe95cb2a199f32ced6767866f4c4034980de516b600ae72c8b5991aca8075cc0e,94233947932378845929947676072061502024893851509507699993859164486202942023504
2026-04-27T21:30:01.140584+00:00,2026-04-27T21:38:53.428154+00:00,momentum,"XRP Up or Down - April 27, 5:30PM-5:35PM ET",UP,Up,2.0,0.51,,WIN,YES,1.9215686274509802,Up,0xddd022a7cc2bb6f384d569b5d9981335f1ec867a19762c96018c3c1992eecdf2,72960932644779466029575917219347432260178910622662877143138003485655829517434
2026-04-27T21:30:08.680257+00:00,2026-04-27T21:38:53.580710+00:00,momentum,"Solana Up or Down - April 27, 5:30PM-5:35PM ET",UP,Up,4.0,0.54,,WIN,YES,3.4074074074074066,Up,0x2cb250dc42198ccd0f80af73b0e913684700df6b79935fd7436b6268c960ba2b,32182093360974082281979125115248677390814152323073218181105581150590655001018
2026-04-27T21:30:01.105539+00:00,2026-04-27T21:39:54.070503+00:00,momentum,"Ethereum Up or Down - April 27, 5:30PM-5:35PM ET",UP,Up,16.0,0.515,,WIN,YES,15.067961165048544,Up,0xa9294a737bf452f7d5906ecbfd75f945ec3745e02c124835f84ad75f1ed5cd47,103022081199889077458534539645658572750742693212169467406668519772072037738235
2026-04-27T21:35:01.856285+00:00,2026-04-27T21:43:57.171013+00:00,momentum,"Bitcoin Up or Down - April 27, 5:35PM-5:40PM ET",DOWN,Down,4.0,0.57,,WIN,YES,3.0175438596491233,Down,0x9f03138525db3182c0d4d7b65692860790ca158f4d13be1fdb5e50d752b33200,90687528300414392458088800429719480638797188963562014349350076002017828257043
2026-04-27T21:35:00.752730+00:00,2026-04-27T21:44:57.742039+00:00,momentum,"Solana Up or Down - April 27, 5:35PM-5:40PM ET",DOWN,Down,2.0,0.515,,LOSS,NO,-2.0,Up,0x1646db2b0d26204ca57b569bb19d677135fb95886f2678ef82c0d19988ac74c8,42365149259440102128148962696423743888198524447553471346613477995679366332711
2026-04-27T21:35:00.784191+00:00,2026-04-27T21:44:57.788902+00:00,momentum,"XRP Up or Down - April 27, 5:35PM-5:40PM ET",UP,Up,2.0,0.51,,LOSS,NO,-2.0,Down,0x3667245d0e90a35f222e14ce5c17e7c6250b26de186514efdddc257836268048,110563191262996492305224927808873474751014861874169489835098163008949262430581
2026-04-27T21:35:01.817446+00:00,2026-04-27T21:44:57.961692+00:00,momentum,"Ethereum Up or Down - April 27, 5:35PM-5:40PM ET",DOWN,Down,2.0,0.55,,WIN,YES,1.6363636363636362,Down,0xcaf431e5b35a486f859c3c139c8f07ce3f5c10e6493e306e2190299fdd0bf440,79405152339448376948347561919900379495130102424368320344789358199799869348328
2026-04-27T21:40:00.901761+00:00,2026-04-27T21:49:59.286668+00:00,momentum,"Bitcoin Up or Down - April 27, 5:40PM-5:45PM ET",UP,Up,2.0,0.56,,LOSS,NO,-2.0,Down,0x9b39d0a5cb65a362cf3f5e60136ed7f5fcf12b55a7a95d6bfd57de7bbd464c3d,48359143963571418884853832638399189580060195339851749073266552477926287604977
2026-04-27T21:40:00.809180+00:00,2026-04-27T21:51:59.880206+00:00,momentum,"Ethereum Up or Down - April 27, 5:40PM-5:45PM ET",UP,Up,2.0,0.54,,LOSS,NO,-2.0,Down,0x0776fc8ee760d5b9a83743685975790e2109fe573cfed7fd991c42fdac99ba3b,86610784193992404896042349961118571555859720962513232495534965489835304809376
2026-04-27T21:40:00.852765+00:00,2026-04-27T21:51:59.923867+00:00,momentum,"Solana Up or Down - April 27, 5:40PM-5:45PM ET",DOWN,Down,4.0,0.52,,LOSS,NO,-4.0,Up,0xb24249cac32bf8bc6d844ede729ba02321265275e49d1908007efc75ab53aa58,112937064905903027838867243571832883144383993585438203730353642054325457495328
2026-04-27T21:40:07.070468+00:00,2026-04-27T21:51:59.968148+00:00,momentum,"XRP Up or Down - April 27, 5:40PM-5:45PM ET",UP,Up,4.0,0.67,,LOSS,NO,-4.0,Down,0x088c230ba0ebeb9bea0e42efc23b475858b972e43f098e5cde036bb5ac915438,24266307801295918407376615751611133805111309159914184509975349188873598108047
2026-04-27T21:45:07.061878+00:00,2026-04-27T21:54:00.649096+00:00,momentum,"XRP Up or Down - April 27, 5:45PM-5:50PM ET",DOWN,Down,2.0,0.52,,WIN,YES,1.8461538461538458,Down,0x11ee37038146c78beee80bef11612e78197c7e998c5f2293cc724d6627258723,15021083806470538908262414687647455235139870399873605983171279940991434445950
2026-04-27T21:45:07.094527+00:00,2026-04-27T21:54:00.863085+00:00,momentum,"Ethereum Up or Down - April 27, 5:45PM-5:50PM ET",DOWN,Down,4.0,0.52,,WIN,YES,3.6923076923076916,Down,0x32b12b8aca3e3454659c6a9729280ebb66b67a5156be72dd07a907b629f70463,59925158938470769053958530664747798938679723221476128478523213604842079169900
2026-04-27T21:45:00.856797+00:00,2026-04-27T21:55:01.327441+00:00,momentum,"Solana Up or Down - April 27, 5:45PM-5:50PM ET",DOWN,Down,2.0,0.53,,WIN,YES,1.773584905660377,Down,0x0e1fcb89b46e4ff7a6f9c127267878b853058edd9ab4773d07d80f469ea315f9,64841773239713181160935021979243326550635449882770613789389191742956853786586
2026-04-27T21:45:07.028997+00:00,2026-04-27T21:55:01.399483+00:00,momentum,"Bitcoin Up or Down - April 27, 5:45PM-5:50PM ET",DOWN,Down,4.0,0.57,,LOSS,NO,-4.0,Up,0xe4e768eac0403da5a213359e161c97991805bfa71d9152eddbffe5354c497de7,105237980979515954203056471498015105579487372886014486303308331144300156053332
2026-04-27T21:50:01.160869+00:00,2026-04-27T22:00:05.098141+00:00,momentum,"Ethereum Up or Down - April 27, 5:50PM-5:55PM ET",DOWN,Down,2.0,0.51,,WIN,YES,1.9215686274509802,Down,0x4be4edc4b4fd4f74cee8152384d07786d3c6e7f6ac291975ce59b7facc169215,90202625957109050346693264374080650450015297337689814930333507452936361901422
2026-04-27T21:50:01.213657+00:00,2026-04-27T22:00:05.352622+00:00,momentum,"Solana Up or Down - April 27, 5:50PM-5:55PM ET",DOWN,Down,2.0,0.51,,WIN,YES,1.9215686274509802,Down,0xf881d9c66227bddab1ffee64ad7d0c994c4eab31f201fb23e3279c693893d1a7,79296813333719396351803104728410828825782940117969753326456444297671114387230
2026-04-27T21:50:07.398813+00:00,2026-04-27T22:00:05.711324+00:00,momentum,"Bitcoin Up or Down - April 27, 5:50PM-5:55PM ET",DOWN,Down,8.0,0.54,,WIN,YES,6.814814814814813,Down,0xf69531c4aac0afa286f2fed3ade68e2a7ee1a9605f15584705354e59eafe3249,111943756379510805064758018090821836122259123900619639492347778898990949090976
2026-04-27T21:50:07.429172+00:00,2026-04-27T22:01:05.467497+00:00,momentum,"XRP Up or Down - April 27, 5:50PM-5:55PM ET",DOWN,Down,2.0,0.51,,WIN,YES,1.9215686274509802,Down,0x89e612ae3ff6deb1f03c3154db9a2418acfb17a3e5002759b4aa31854c104657,81252159553350996899373104219754372899182071664750587564490376263110844635221
2026-04-27T21:55:01.016175+00:00,2026-04-27T22:05:07.805869+00:00,momentum,"Ethereum Up or Down - April 27, 5:55PM-6:00PM ET",UP,Up,2.0,0.51,,LOSS,NO,-2.0,Down,0x769274bd84747261505821e00c7cfb0ca5fe2d08a143df274b2d80afe3fffbd2,65639495245376765780255440437386965800886985729697365898538489531219908977148
2026-04-27T21:55:14.002295+00:00,2026-04-27T22:05:07.987199+00:00,momentum,"Bitcoin Up or Down - April 27, 5:55PM-6:00PM ET",UP,Up,2.0,0.51,,LOSS,NO,-2.0,Down,0x6a98abf3cfa34d53d56b190a0a05314f032bf048647bfafb17667ccf979b7eba,33754260455418750994166378060627272753739300698541105647151829689915669369388
2026-04-27T21:55:01.055481+00:00,2026-04-27T22:06:08.847900+00:00,momentum,"Solana Up or Down - April 27, 5:55PM-6:00PM ET",DOWN,Down,2.0,0.51,,WIN,YES,1.9215686274509802,Down,0xb3c98c67232df19f8c28b24c81dab99d19b0eaae8f0703d08265dae02065b530,70828971500063873921810469938834038148110994953462117715982140260558731367736
2026-04-27T21:55:17.259748+00:00,2026-04-27T22:06:08.890504+00:00,momentum,"XRP Up or Down - April 27, 5:55PM-6:00PM ET",UP,Up,2.0,0.51,,LOSS,NO,-2.0,Down,0x834b4f968b877e9c3d447132e4fb2a812d39b9a390c069debde2136d79f8254f,105368900817572790218001638171295541919901681392389052135823003371043598541204
2026-04-27T22:00:00.692050+00:00,2026-04-27T22:12:11.082174+00:00,momentum,"Solana Up or Down - April 27, 6:00PM-6:05PM ET",DOWN,Down,2.0,0.515,,WIN,YES,1.883495145631068,Down,0xc89c91fac17fd41f03306e9fe8e40da568df8b9834b9ae30035f9c0561c6195b,20009523671658473168294761178217343152123038520769789116522001314392057889976
2026-04-27T22:00:00.729668+00:00,2026-04-27T22:12:11.132132+00:00,momentum,"Ethereum Up or Down - April 27, 6:00PM-6:05PM ET",UP,Up,2.0,0.535,,LOSS,NO,-2.0,Down,0x41f56e148a4d6a79de4ede0a498654717d88a82ebc044d1d4360cd48b7b96bda,36932277928404782303745170455102568216959641331896780049432969187702348903777
2026-04-27T22:00:03.224357+00:00,2026-04-27T22:12:11.419771+00:00,momentum,"Bitcoin Up or Down - April 27, 6:00PM-6:05PM ET",UP,Up,2.0,0.66,,WIN,YES,1.0303030303030303,Up,0x392ef019261c642d7092435d1c294ccae7670cfad7240e2b19b97fd587e9745d,72267105741084103011521889802068440276949688483719973164199068486868964061786
2026-04-27T22:00:00.778959+00:00,2026-04-27T22:13:11.287108+00:00,momentum,"XRP Up or Down - April 27, 6:00PM-6:05PM ET",UP,Up,2.0,0.515,,WIN,YES,1.883495145631068,Up,0x554794538fc35ca2a19bb997d63e60ae2d0bf86d00a0ef18adb81dc3d78175ce,42857349763465247948438449926544780898696593986533424514475757775400149119995
2026-04-27T22:05:00.481286+00:00,2026-04-27T22:15:12.701202+00:00,momentum,"Bitcoin Up or Down - April 27, 6:05PM-6:10PM ET",UP,Up,2.0,0.53,,WIN,YES,1.773584905660377,Up,0x854e0e6819dcaef4a48fdd0e71f4179477b59e8eedd87ce34312d9d67f349e84,8717823905886618805985583709719679779382389218723220410899203099462468831534
2026-04-27T22:05:00.513375+00:00,2026-04-27T22:15:12.908136+00:00,momentum,"Solana Up or Down - April 27, 6:05PM-6:10PM ET",UP,Up,2.0,0.51,,WIN,YES,1.9215686274509802,Up,0xdf11a73d640e278ede92b19d1ba380bce8ffed63b7316f9d5c1affc302118b7f,3627547107941787091191535447953038766181794745947669704495499574160269558936
2026-04-27T22:05:00.550052+00:00,2026-04-27T22:15:13.074902+00:00,momentum,"XRP Up or Down - April 27, 6:05PM-6:10PM ET",UP,Up,2.0,0.51,,WIN,YES,1.9215686274509802,Up,0xfd9e1f5a194bc3c77fa67f8c3054fc2046ffa166026e9900c105b044faaec488,41317319576689420645700667226080338176299187062149289316967055806438306684593
2026-04-27T22:05:00.582144+00:00,2026-04-27T22:16:13.268141+00:00,momentum,"Ethereum Up or Down - April 27, 6:05PM-6:10PM ET",UP,Up,2.0,0.54,,WIN,YES,1.7037037037037033,Up,0xc71676633095fdc4e379c80455577116ecbad171ff5d0326fd644c63a81c9945,90715940332063792767392964642091602501251920906665336812048842099792013955848
2026-04-27T22:10:01.523730+00:00,2026-04-27T22:20:15.120439+00:00,momentum,"XRP Up or Down - April 27, 6:10PM-6:15PM ET",UP,Up,2.0,0.51,,LOSS,NO,-2.0,Down,0xd439107a9a2c721d15f36e9c18aeda096d85d2bd0e3e13c5716190c610003319,106472950475788431641943354547100890008227199775967159811920859628668389423495
2026-04-27T22:10:01.473955+00:00,2026-04-27T22:21:15.874937+00:00,momentum,"Bitcoin Up or Down - April 27, 6:10PM-6:15PM ET",DOWN,Down,2.0,0.52,,WIN,YES,1.8461538461538458,Down,0xc815db9874d72a23fd1ed2c90ab9ec421ec39e9012a4defcbce76a8b2d257d16,74308101377231956299674482428988120838431668359352402770648829099105994222828
2026-04-27T22:10:00.316152+00:00,2026-04-27T22:22:16.033920+00:00,momentum,"Ethereum Up or Down - April 27, 6:10PM-6:15PM ET",UP,Up,2.0,0.515,,WIN,YES,1.883495145631068,Up,0x6e1c7fbb95539390293804056502f8e8565ccc889c1ab8ea22aa2acd809ff28f,37817596276666611327099524247419242021482453320719370414469888638784119626130
2026-04-27T22:10:00.360124+00:00,2026-04-27T22:22:16.212458+00:00,momentum,"Solana Up or Down - April 27, 6:10PM-6:15PM ET",UP,Up,2.0,0.515,,WIN,YES,1.883495145631068,Up,0x51363b00763ea776c6c205db8cf29dfd0399360c0533cf04f8e6c2fda668f7f2,18174655825675152239044939489823975298154799977853973355368381376937910740521
2026-04-27T22:15:00.678598+00:00,2026-04-27T22:23:16.932375+00:00,momentum,"XRP Up or Down - April 27, 6:15PM-6:20PM ET",UP,Up,4.0,0.51,,WIN,YES,3.8431372549019605,Up,0x31bd08299d779f061be387bc376e34b3096548774b5504698e3d8dbefb1670c6,38817788804350190314094003258698394309672617382264220420330770154486307470665
2026-04-27T22:15:00.646542+00:00,2026-04-27T22:24:17.731490+00:00,momentum,"Ethereum Up or Down - April 27, 6:15PM-6:20PM ET",UP,Up,2.0,0.53,,WIN,YES,1.773584905660377,Up,0x8f7f1ff0944d23b9e2874a90e768d421d49afd880261defd33e62f2da9a6b7ca,104087013064805816037528494520472428795462397415332247117742171177073545746433
2026-04-27T22:15:03.862713+00:00,2026-04-27T22:24:17.982575+00:00,momentum,"Bitcoin Up or Down - April 27, 6:15PM-6:20PM ET",UP,Up,2.0,0.62,,LOSS,NO,-2.0,Down,0x1ae8ddded16b1c8bf895ee36317e0fc31961a99c5cb3207da329a314901481ab,63408865499826410441394109813784466606901349976438349365888733825858899230
2026-04-27T22:15:00.715614+00:00,2026-04-27T22:27:19.915733+00:00,momentum,"Solana Up or Down - April 27, 6:15PM-6:20PM ET",UP,Up,2.0,0.53,,WIN,YES,1.773584905660377,Up,0xbfce50ed739200ed25173ceaf1bcf5740bd4305813b332eb3aa02c7e06486ec7,51508318787591951192509699457350814152421783964763408900649182431122333170829
2026-04-27T22:20:00.649030+00:00,2026-04-27T22:30:21.246311+00:00,momentum,"Bitcoin Up or Down - April 27, 6:20PM-6:25PM ET",UP,Up,2.0,0.52,,WIN,YES,1.8461538461538458,Up,0x7c3be0669f80cd1528ae875ec8d5dc90d989988291f097ea5145a09987757ca9,64515054465552860962519419478239801002465377116838917880721012408216290150268
2026-04-27T22:20:00.681449+00:00,2026-04-27T22:30:21.295416+00:00,momentum,"Solana Up or Down - April 27, 6:20PM-6:25PM ET",UP,Up,2.0,0.53,,LOSS,NO,-2.0,Down,0xedbf91803876df725f1ab4bd8706ad2ae727774094cf6aa1db3d33da5444f2b1,15210779415640782273810390763863136151692479718455996130891828159970818125813
2026-04-27T22:20:03.862666+00:00,2026-04-27T22:30:21.490190+00:00,momentum,"XRP Up or Down - April 27, 6:20PM-6:25PM ET",UP,Up,8.0,0.56,,WIN,YES,6.285714285714285,Up,0xe1c13366c8d1bee602df793d1d8b8d01279c5c31d4faa122305edc542119af2a,29346962037512952281748217947605382312788806457321330883708396381463045911884
2026-04-27T22:20:20.402780+00:00,2026-04-27T22:31:22.050800+00:00,momentum,"Ethereum Up or Down - April 27, 6:20PM-6:25PM ET",UP,Up,2.0,0.52,,LOSS,NO,-2.0,Down,0x19bf8e8674083a3f13b23508b0f0cdb811e7551fa9d9ccde85b7b242429fafb0,93509200071052468703644310592326244485544805167853715507217230780866935455898
2026-04-27T22:25:00.987691+00:00,2026-04-27T22:36:24.788117+00:00,momentum,"Solana Up or Down - April 27, 6:25PM-6:30PM ET",UP,Up,2.0,0.515,,WIN,YES,1.883495145631068,Up,0x29a9243e3e42554a6736035134882191c7a186ed5200b65095be6744ce84b7fd,86160654288318047953471536652265958595882306010847402737340890519210210673845
2026-04-27T22:25:03.105465+00:00,2026-04-27T22:36:24.830877+00:00,momentum,"Bitcoin Up or Down - April 27, 6:25PM-6:30PM ET",DOWN,Down,2.0,0.51,,LOSS,NO,-2.0,Up,0xa6ea2425477bb6a321b14c3bf2aca109531e3e2648c6f9e4502d8dd045877a7b,78368954648887481111031638124762966305905689291215843276203355292313670294435
2026-04-27T22:25:03.139910+00:00,2026-04-27T22:36:24.871902+00:00,momentum,"XRP Up or Down - April 27, 6:25PM-6:30PM ET",DOWN,Down,2.0,0.52,,LOSS,NO,-2.0,Up,0x35aadbe66969218bcfbe27f153e24638157384e337bcf68c17164660d8e5ed95,97717204580915987186885958883222766592572744171810631241154957791295152718564
2026-04-27T22:25:03.173345+00:00,2026-04-27T22:37:24.948647+00:00,momentum,"Ethereum Up or Down - April 27, 6:25PM-6:30PM ET",DOWN,Down,4.0,0.51,,LOSS,NO,-4.0,Up,0x55e5e78c47062e802736ed30e089f875d4c7e11d090e0a41098d0abcd849a780,113639947557087512931561652375043972263873429318394594375307226575157909002446
2026-04-27T22:30:06.844904+00:00,2026-04-27T22:38:25.978627+00:00,momentum,"Solana Up or Down - April 27, 6:30PM-6:35PM ET",UP,Up,2.0,0.51,,LOSS,NO,-2.0,Down,0xf2b5a7c965734acc8aaa01e98d9e1a25d004ea879fed6f985a8de119e41cf071,106027418224452171662044459574429036176948725575386230311259451674922455306919
2026-04-27T22:30:10.308996+00:00,2026-04-27T22:39:25.930235+00:00,momentum,"Ethereum Up or Down - April 27, 6:30PM-6:35PM ET",UP,Up,8.0,0.52,,LOSS,NO,-8.0,Down,0xb8b2d83dbbe1e981b797aa8da54abf4a67cad2cdc9ca0cf96b5eff664e5671e2,60103882979875506649301413646686735191210860365740136620177805889923052007324
2026-04-27T22:30:03.117938+00:00,2026-04-27T22:40:26.041130+00:00,momentum,"Bitcoin Up or Down - April 27, 6:30PM-6:35PM ET",DOWN,Down,4.0,0.51,,WIN,YES,3.8431372549019605,Down,0xb6f50d311e3dae1d9ec54c84b2f32f969445fb001dfec1e8d0501d589616fd99,9507723719173831325794159607824454002374527258873104015372233650439924836815
2026-04-27T22:30:03.192100+00:00,2026-04-27T22:40:26.082923+00:00,momentum,"XRP Up or Down - April 27, 6:30PM-6:35PM ET",DOWN,Down,4.0,0.51,,LOSS,NO,-4.0,Up,0x4e53393b4ce5965768dccbd14f271a2118eef75558135167b886cefd5813f1ef,7953600889277896660710144714080337936987936142846091978823095445374347523152
2026-04-27T22:35:00.420808+00:00,2026-04-27T22:44:27.986284+00:00,momentum,"Bitcoin Up or Down - April 27, 6:35PM-6:40PM ET",DOWN,Down,2.0,0.51,,LOSS,NO,-2.0,Up,0xfe74e62e1ae9e18b9af6db2c81751dcdc8f1f8f8001d57003d58bbb05c021b69,85292313369360159675855604923855224608554464455727312806909863950775387791998
2026-04-27T22:35:00.460846+00:00,2026-04-27T22:44:28.031609+00:00,momentum,"XRP Up or Down - April 27, 6:35PM-6:40PM ET",DOWN,Down,2.0,0.51,,LOSS,NO,-2.0,Up,0x11b6128f6e2627ee85618c886256986842dcdde7da1adb78c0f67aed2f10a416,13320380507611756604948297698583029665016545714807692652099405003095136178641
2026-04-27T22:35:00.544792+00:00,2026-04-27T22:44:28.203287+00:00,momentum,"Solana Up or Down - April 27, 6:35PM-6:40PM ET",DOWN,Down,4.0,0.55,,LOSS,NO,-4.0,Up,0x04eb285c7b64cc386e9f9ff67e17c07a58f31b9bb6e25b9690c11415cd83f313,14219849065449698300377012472780133347438259944214899531879919498719526146354
2026-04-27T22:35:00.501770+00:00,2026-04-27T22:45:28.551673+00:00,momentum,"Ethereum Up or Down - April 27, 6:35PM-6:40PM ET",DOWN,Down,16.0,0.54,,LOSS,NO,-16.0,Up,0x79651f0ed9702803802128f4f30f037ad85999688167f34db568f30fa5247d2e,17986832595757682165959734764715235652206242584703928053276034551928872456055
2026-04-27T22:40:00.761023+00:00,2026-04-27T22:50:31.034114+00:00,momentum,"XRP Up or Down - April 27, 6:40PM-6:45PM ET",UP,Up,4.0,0.51,,WIN,YES,3.8431372549019605,Up,0x6a3ae743bb65f8193f382d2deab910a0b16dc187aecb0f0bde4df90b2114473a,60614612991375638020388485830149729889651817169156822168552863352019295708083
2026-04-27T22:40:40.538777+00:00,2026-04-27T22:50:31.085564+00:00,momentum,"Ethereum Up or Down - April 27, 6:40PM-6:45PM ET",DOWN,Down,16.0,0.51,,LOSS,NO,-16.0,Up,0xe9f4f9dfa500ac598840765735460bf472d8f027063737cabffc2b30a4baaf40,1267551768498872417735798384078620450324607335119880151909019351776724115448
2026-04-27T22:40:00.687908+00:00,2026-04-27T22:51:31.059370+00:00,momentum,"Solana Up or Down - April 27, 6:40PM-6:45PM ET",DOWN,Down,8.0,0.515,,WIN,YES,7.533980582524272,Down,0xd620da79f45b76b8025f2f9f10a351390378e6cb447ea12d62acdc5757d3d302,93571210225875899829352309851669267510459787609593565147659968581375755825451
2026-04-27T22:40:00.724638+00:00,2026-04-27T22:51:31.105192+00:00,momentum,"Bitcoin Up or Down - April 27, 6:40PM-6:45PM ET",DOWN,Down,4.0,0.515,,LOSS,NO,-4.0,Up,0x3004c028bf25441dacad40fabe7e189a94f770b05e5d599382a887de24cde07f,84908982984145790179172953602729669693837506975261566589033829298916811461210
2026-04-27T22:45:00.925540+00:00,2026-04-27T22:53:32.363392+00:00,momentum,"Ethereum Up or Down - April 27, 6:45PM-6:50PM ET",DOWN,Down,32.0,0.515,,LOSS,NO,-32.0,Up,0xa3d30289e56b7ad7824aac4aac4cb9006828f1b92aa680e78e7b0811b1371401,58320288778022311974157705639635025663473962203055824042394614333109146377303
2026-04-27T22:45:00.888985+00:00,2026-04-27T22:54:33.103534+00:00,momentum,"Solana Up or Down - April 27, 6:45PM-6:50PM ET",DOWN,Down,2.0,0.515,,LOSS,NO,-2.0,Up,0xab39a8b2c661b28589f2b8dde911748dc4209d21e4e7fa16c162a7bf8ed49f00,6634161483522524958665910261709729149231278955243125716202246075953372784707
2026-04-27T22:45:03.070429+00:00,2026-04-27T22:54:33.147487+00:00,momentum,"Bitcoin Up or Down - April 27, 6:45PM-6:50PM ET",DOWN,Down,2.0,0.57,,LOSS,NO,-2.0,Up,0x147024cacbc28ec386b43acbb9b2e06d58ac34030bc7a56102980dd4a13bd412,65156281541091706944916565584190871194268667498708754404347545703294959827882
2026-04-27T22:45:19.186155+00:00,2026-04-27T22:55:33.863200+00:00,momentum,"XRP Up or Down - April 27, 6:45PM-6:50PM ET",UP,Up,2.0,0.55,,WIN,YES,1.6363636363636362,Up,0x266de9654acfc6bb7e4d8616f7d1d00704ac0ff65a0ca45e8b7a6587749d3859,3848689183157942112852086151762161631671274285745207590613109680718862148014
2026-04-27T22:50:03.214533+00:00,2026-04-27T22:59:35.796243+00:00,momentum,"Bitcoin Up or Down - April 27, 6:50PM-6:55PM ET",DOWN,Down,4.0,0.59,,LOSS,NO,-4.0,Up,0xd5ae8b54bcb61823eb85ac0bd0b0b5ee4daab4c59cc9d00b5dc3a419febf346b,64497307246905366151204898379316702791931666268568154775938096930124265445323
2026-04-27T22:50:03.257443+00:00,2026-04-27T22:59:35.979653+00:00,momentum,"Ethereum Up or Down - April 27, 6:50PM-6:55PM ET",DOWN,Down,64.0,0.62,,WIN,YES,39.22580645161291,Down,0x9029af9c291d10ddc7196457f6e6c085e65341e02baddf01a1b3dbd5c3fa13f6,586985234078853796629487749022083137650784556027519051643369293593441384753
2026-04-27T22:50:01.021574+00:00,2026-04-27T23:00:36.205048+00:00,momentum,"Solana Up or Down - April 27, 6:50PM-6:55PM ET",UP,Up,4.0,0.51,,LOSS,NO,-4.0,Down,0xb9cfd17706a168ca6d3227e6768dea828dff9236eed235c95b540195a7f869b4,24919328403850615956029094394021266441218105555774068735825324863401874948961
2026-04-27T22:50:01.084652+00:00,2026-04-27T23:00:36.250719+00:00,momentum,"XRP Up or Down - April 27, 6:50PM-6:55PM ET",DOWN,Down,2.0,0.515,,LOSS,NO,-2.0,Up,0xf841f77018e06fcdddd9ce81d51368173b90705c6b055bb574e6ba0c51787770,76108854818024271133802960724860497135891417798941453602952711475677692384098
2026-04-27T22:55:00.790113+00:00,2026-04-27T23:05:37.914448+00:00,momentum,"Bitcoin Up or Down - April 27, 6:55PM-7:00PM ET",DOWN,Down,8.0,0.535,,WIN,YES,6.953271028037383,Down,0x52a01ab3ad3356aa2c10f9f735ded5742eccf3e68d35a4f19afdad32a7fe7325,97467878837922652358359065803382112134269801544581497502782329385938690901193
2026-04-27T22:55:00.861882+00:00,2026-04-27T23:05:38.102585+00:00,momentum,"Solana Up or Down - April 27, 6:55PM-7:00PM ET",UP,Up,8.0,0.51,,LOSS,NO,-8.0,Down,0x36ff37c77cc99ed1e7be09e70459330932e355844375fe6abd1f62886ac5ce1c,110920751659223170461818093554442038029259177742721469607972393794328268524088
2026-04-27T22:55:03.068045+00:00,2026-04-27T23:05:38.276906+00:00,momentum,"Ethereum Up or Down - April 27, 6:55PM-7:00PM ET",DOWN,Down,2.0,0.53,,WIN,YES,1.773584905660377,Down,0x5190fd69760cf19eeeb252e393f0e942b63bfc1d45459908df0e6fbf57d3e185,55510415105429540670425835756153526979763314431835677671568529364300235419853
2026-04-27T22:55:00.825191+00:00,2026-04-27T23:06:38.120617+00:00,momentum,"XRP Up or Down - April 27, 6:55PM-7:00PM ET",UP,Up,4.0,0.51,,LOSS,NO,-4.0,Down,0x0f69fadd9f627ffe95e087f173a118f1c974d8474961f8149677a00bd715a04b,10743425529248531073334372990912821638949567173402840721365320015281839217885
2026-04-27T23:00:00.340374+00:00,2026-04-27T23:09:39.944494+00:00,momentum,"XRP Up or Down - April 27, 7:00PM-7:05PM ET",UP,Up,2.0,0.515,,WIN,YES,1.883495145631068,Up,0x86b3b9f7a47f3f255a43a4192a5f2c6fef0f597b43f0c84a21192c0ef95d5ee3,22964338320902388225843488414038298201474466295572811403132767018728180508821
2026-04-27T23:00:00.267192+00:00,2026-04-27T23:12:42.252347+00:00,momentum,"Solana Up or Down - April 27, 7:00PM-7:05PM ET",UP,Up,8.0,0.515,,LOSS,NO,-8.0,Down,0xbd35947cbbfa43d015e23a5919e39c3532ea630cc5333637297921d5196048a9,68701880095967324467753254885367730117735451199507627208448192158738788337082
2026-04-27T23:00:00.302431+00:00,2026-04-27T23:12:42.493394+00:00,momentum,"Ethereum Up or Down - April 27, 7:00PM-7:05PM ET",DOWN,Down,2.0,0.535,,WIN,YES,1.7383177570093458,Down,0x6c0bd9c98caef9db0264c41c7826f001d42d3f9189e1ed48bd4b252714b3d38b,58042387178935433430316819391915700072829356500365480697439075815418375246973
2026-04-27T23:00:02.501685+00:00,2026-04-27T23:12:42.637260+00:00,momentum,"Bitcoin Up or Down - April 27, 7:00PM-7:05PM ET",DOWN,Down,2.0,0.65,,WIN,YES,1.0769230769230766,Down,0x08a613cfa93a77c066a435f93105efbc093bee26579be1d801b10bb82b6e2bcc,50928810852084860192423622771896087021060070468830004575235572182172517055791
2026-04-27T23:05:00.862970+00:00,2026-04-27T23:14:44.007993+00:00,momentum,"XRP Up or Down - April 27, 7:05PM-7:10PM ET",DOWN,Down,2.0,0.51,,WIN,YES,1.9215686274509802,Down,0x3b20ca597dd92f541fdaa0ca72f5eebabde1f317c69b8119a03698315cff8dc0,95190494321619245938659183734395014843827951527736653574824683720395419898524
2026-04-27T23:05:00.900343+00:00,2026-04-27T23:14:44.258491+00:00,momentum,"Solana Up or Down - April 27, 7:05PM-7:10PM ET",DOWN,Down,2.0,0.51,,WIN,YES,1.9215686274509802,Down,0x72af94f620281a5bbdd51415ed10dfe197828a8f08cb09e6aae8f908c1b92d46,26751656909999278681787316364880099850276732652206859179664602497731279045240
2026-04-27T23:05:00.935813+00:00,2026-04-27T23:14:44.446911+00:00,momentum,"Ethereum Up or Down - April 27, 7:05PM-7:10PM ET",DOWN,Down,2.0,0.54,,WIN,YES,1.7037037037037033,Down,0xdadcd0e823b1f74a01a221f559439c1013b893ea73c292445524a77b048b0ebd,51584123143394209507164148139236891007155714299637341869306786427059065106640
2026-04-27T23:05:00.827039+00:00,2026-04-27T23:15:44.449174+00:00,momentum,"Bitcoin Up or Down - April 27, 7:05PM-7:10PM ET",DOWN,Down,2.0,0.52,,WIN,YES,1.8461538461538458,Down,0x1013883b322d83a1b84b08275071563b82fca683ab769d3ef2b34f600324fc04,16623002324339716915260850999488196117817176002964823648684345481686438751699
2026-04-27T23:10:00.629840+00:00,2026-04-27T23:20:47.814129+00:00,momentum,"XRP Up or Down - April 27, 7:10PM-7:15PM ET",DOWN,Down,2.0,0.53,,LOSS,NO,-2.0,Up,0x93c2df7ff3a62dc385d3f926f8c275ed0281c640eb91f18b8c36c89ebd5515ab,4524068521916980229309152832047824352326759405639713247263805390133066122267
2026-04-27T23:10:16.358985+00:00,2026-04-27T23:20:47.971345+00:00,momentum,"Solana Up or Down - April 27, 7:10PM-7:15PM ET",UP,Up,2.0,0.54,,WIN,YES,1.7037037037037033,Up,0x30223e2de92c54e9fe9119029cf4ead7b3215aece0c678d15476613568647476,78713804466679192485650247793959724261610240550842678027585862870544824066299
2026-04-27T23:10:00.555297+00:00,2026-04-27T23:21:48.313150+00:00,momentum,"Ethereum Up or Down - April 27, 7:10PM-7:15PM ET",UP,Up,2.0,0.51,,LOSS,NO,-2.0,Down,0x23a02b7f022446175486ce274193382623ae192538cf9fd5e53d753d81e7e416,91913161885070030059721111263295304256542248757423613206549542250710747312666
2026-04-27T23:10:00.594229+00:00,2026-04-27T23:21:48.362390+00:00,momentum,"Bitcoin Up or Down - April 27, 7:10PM-7:15PM ET",DOWN,Down,2.0,0.52,,LOSS,NO,-2.0,Up,0xd81ebed8f1c277f5a79d966ddcd64c67086544acd69a7f4895af4ab1f8110821,30450365103319160775004703674281769124224201653465578893152540035465794114478
2026-04-27T23:15:00.430465+00:00,2026-04-27T23:26:51.415195+00:00,momentum,"XRP Up or Down - April 27, 7:15PM-7:20PM ET",UP,Up,2.0,0.51,,WIN,YES,1.9215686274509802,Up,0x3cd180d22b2cc28092e3b0bd64eb609792db16aeb1401bbab246681aeef8909e,81993700155546221254794645736273584085150657555041524875139862396440474830296
2026-04-27T23:15:04.796400+00:00,2026-04-27T23:26:51.564275+00:00,momentum,"Ethereum Up or Down - April 27, 7:15PM-7:20PM ET",UP,Up,2.0,0.52,,WIN,YES,1.8461538461538458,Up,0xc3a0079a2c36cdb4ae3abe34a82fc0b8ce54a24e1397eaddcbedd0882962ea4b,16246242400164286647417701495060726619207551444655253487876038540347749959613
2026-04-27T23:15:00.386580+00:00,2026-04-27T23:27:52.300764+00:00,momentum,"Solana Up or Down - April 27, 7:15PM-7:20PM ET",UP,Up,2.0,0.51,,WIN,YES,1.9215686274509802,Up,0xad7e9ee00994b73510eb49a3d1aa99b12ff0db28c96b0e7104b00e51a7b742bd,11685353119930937425443371422856463766037477224719278715273153211256700207448
2026-04-27T23:15:07.936324+00:00,2026-04-27T23:27:52.445149+00:00,momentum,"Bitcoin Up or Down - April 27, 7:15PM-7:20PM ET",UP,Up,4.0,0.52,,WIN,YES,3.6923076923076916,Up,0xf74b5424d94bb942739ecb4adadc0bef336edc96e0fe4fc807689c0591b0c897,109361457012560229146527496645566295062005795933411981325970157750650396560702
2026-04-27T23:20:01.195731+00:00,2026-04-27T23:29:53.914034+00:00,momentum,"Ethereum Up or Down - April 27, 7:20PM-7:25PM ET",UP,Up,4.0,0.56,,LOSS,NO,-4.0,Down,0x4c7b66561a562298ae6c83e4952291c2cc2514182e92afe94fb13f1877913664,111919597360363131721406093486795705434027733707655434263491003635936329565074
2026-04-27T23:20:01.144615+00:00,2026-04-27T23:30:54.843884+00:00,momentum,"XRP Up or Down - April 27, 7:20PM-7:25PM ET",UP,Up,2.0,0.99,,WIN,YES,0.020202020202020332,Up,0xd3af7020bb1fcc1220533e75207914dd69a1aa5285d0ad84e9b10793a8029009,4768476333964056243644051176020427596693309722759814576249041504838004383962
2026-04-27T23:20:01.251218+00:00,2026-04-27T23:30:54.883875+00:00,momentum,"Solana Up or Down - April 27, 7:20PM-7:25PM ET",DOWN,Down,2.0,0.54,,LOSS,NO,-2.0,Up,0xe0f887f9208c464a9bd95c3f199f82ccc367529745d95f1f5c13e002e48ef711,115245926991818697834590666265526563525450535928789275658266685593902347235606
2026-04-27T23:20:01.301869+00:00,2026-04-27T23:30:54.935056+00:00,momentum,"Bitcoin Up or Down - April 27, 7:20PM-7:25PM ET",DOWN,Down,2.0,0.52,,LOSS,NO,-2.0,Up,0x76e3b450a68bcbe4263ab581e1e61a8cb46744cd49d39757a961c95fd73552d8,99748400325743598490580652693273860153538078800938503853635903662735305547509
2026-04-27T23:25:03.415695+00:00,2026-04-27T23:35:57.209222+00:00,momentum,"Solana Up or Down - April 27, 7:25PM-7:30PM ET",UP,Up,4.0,0.51,,WIN,YES,3.8431372549019605,Up,0x9b751df9e27936102e90e0292c9bc30c748e46a3c7d1c6e84e4dae13600e0006,100058047392146527684190739604992723653883662103475983095973055952925304703196
2026-04-27T23:25:00.221144+00:00,2026-04-27T23:36:57.337258+00:00,momentum,"Bitcoin Up or Down - April 27, 7:25PM-7:30PM ET",DOWN,Down,2.0,0.53,,WIN,YES,1.773584905660377,Down,0xaeb0e6e58749e33ff85b4c64a555b87baceca4e774c692e6a6825ca74978c802,88031883263966358917344782417955336586727803879546015816474207197265801265571
2026-04-27T23:25:00.265903+00:00,2026-04-27T23:36:57.382272+00:00,momentum,"XRP Up or Down - April 27, 7:25PM-7:30PM ET",DOWN,Down,2.0,0.51,,LOSS,NO,-2.0,Up,0xa50b826b165cb4083b93a2c59e5045dd465d2d2b27f91d3a81a7d640b6ec9392,109244584266151538472922227199133257790944727037697751558186612551421139847091
2026-04-27T23:25:06.688641+00:00,2026-04-27T23:36:57.432096+00:00,momentum,"Ethereum Up or Down - April 27, 7:25PM-7:30PM ET",UP,Up,8.0,0.54,,LOSS,NO,-8.0,Down,0xfb4449608f6071c962a765ce023ce7be8e08bbd460c84cb8c4c6af475ddd86b7,48117358636976438198879582134748311694331052060036976729436120727448101489481
2026-04-27T23:30:01.415687+00:00,2026-04-27T23:38:59.276964+00:00,momentum,"Solana Up or Down - April 27, 7:30PM-7:35PM ET",DOWN,Down,2.0,0.55,,LOSS,NO,-2.0,Up,0x909347a05390a325d687b8506c2350a18a767b795e6c2ebfd87eb1091dd5345f,106655633303542231380545574054226599764006834061384708844536577776423194463554
2026-04-27T23:30:00.287768+00:00,2026-04-27T23:39:59.044929+00:00,momentum,"Bitcoin Up or Down - April 27, 7:30PM-7:35PM ET",DOWN,Down,2.0,0.515,,LOSS,NO,-2.0,Up,0x6a26d037c69ad9fbbc9db3297cf56c0668c7345eaf43210563515624c9a53d5f,2797703016941240992409610522769036405465002328867128205998449128526553772533
2026-04-27T23:30:01.330335+00:00,2026-04-27T23:39:59.204080+00:00,momentum,"Ethereum Up or Down - April 27, 7:30PM-7:35PM ET",UP,Up,16.0,0.99,,WIN,YES,0.16161616161616266,Up,0xfcf9f9ffdbbbac227aaa55f35df2199c0d3b510479dade99b20ec501e258c800,18204182721885093260448746153597352262432228515877456681222131440980706947091
2026-04-27T23:30:01.484188+00:00,2026-04-27T23:39:59.250968+00:00,momentum,"XRP Up or Down - April 27, 7:30PM-7:35PM ET",DOWN,Down,4.0,0.56,,LOSS,NO,-4.0,Up,0x4dd4b979ddc6db5eb9bf977e6d59b3edf22e841a7c8b82746311d939fc15c486,59265881118583370408463017276148958657158409330694562976340289555725987979303
2026-04-27T23:35:00.774991+00:00,2026-04-27T23:45:01.047089+00:00,momentum,"Bitcoin Up or Down - April 27, 7:35PM-7:40PM ET",DOWN,Down,4.0,0.515,,WIN,YES,3.766990291262136,Down,0x255da457b9c2cbd8e8a09c2dec6ae2944e66c2f4892f9400943f51dceb046f8d,102305582999442492738755860628921755988415563990588495391077090354243434815404
2026-04-27T23:35:02.940740+00:00,2026-04-27T23:45:01.235915+00:00,momentum,"Ethereum Up or Down - April 27, 7:35PM-7:40PM ET",DOWN,Down,2.0,0.56,,WIN,YES,1.5714285714285712,Down,0xb31ff6c0bfdd195a2feafacd789ad0a267dd6aae7d302a55a8b66dbf997a4bfd,89850723266560009656045564448393372507341157453981742845325301658071030880854
2026-04-27T23:35:03.055261+00:00,2026-04-27T23:45:01.585378+00:00,momentum,"XRP Up or Down - April 27, 7:35PM-7:40PM ET",DOWN,Down,2.0,0.61,,WIN,YES,1.278688524590164,Down,0x8af6f1143fd1efbdfc4bb2f45a7bfcfa433eab32b7068a0f022b18d78d4a626c,52353681243385832007296144279366851598593311809793703447338453408375280256005
2026-04-27T23:35:02.999083+00:00,2026-04-27T23:46:01.633654+00:00,momentum,"Solana Up or Down - April 27, 7:35PM-7:40PM ET",DOWN,Down,2.0,0.6,,LOSS,NO,-2.0,Up,0x543dbce4e2935ff4bafb14582a24897a036dcc549c3657df07f19a0cd236188f,95000550958999377273572914448004200602429563158207327468339862886491032384605
2026-04-27T23:40:00.941625+00:00,2026-04-27T23:50:04.420297+00:00,momentum,"Ethereum Up or Down - April 27, 7:40PM-7:45PM ET",DOWN,Down,2.0,0.525,,LOSS,NO,-2.0,Up,0x2c0c31a2fb71cad31686594bc4368da728a4b269ed951efbfddd05c6611d29e6,2343335113385575225255816966452214788927930056294365733263564652503278670832
2026-04-27T23:40:02.101039+00:00,2026-04-27T23:50:04.591227+00:00,momentum,"Bitcoin Up or Down - April 27, 7:40PM-7:45PM ET",DOWN,Down,2.0,0.52,,LOSS,NO,-2.0,Up,0x155add1d1a7eda2e33940a3fbdec0ed0c596e9caeda393e63bdec956aa686be7,101519156383326996483777516970539847095065398487373059746993589169171785961224
2026-04-27T23:40:00.975677+00:00,2026-04-27T23:51:04.453355+00:00,momentum,"Solana Up or Down - April 27, 7:40PM-7:45PM ET",DOWN,Down,2.0,0.515,,LOSS,NO,-2.0,Up,0xbe4a1fe2ecefdebface03191a5da2a85e359225699cddbbbf2848c324e1bcf80,57334051590618061807825641391485461142462947229398862510126348379670089251547
2026-04-27T23:40:02.171324+00:00,2026-04-27T23:51:04.498990+00:00,momentum,"XRP Up or Down - April 27, 7:40PM-7:45PM ET",DOWN,Down,2.0,0.53,,LOSS,NO,-2.0,Up,0x156e7b0be9588833251ca2c9cc70ea5427eb82c486004ee0485e5da3a777634d,59509540214069682159956098949226364357520070067470210772495424521811238753341
2026-04-27T23:45:03.381137+00:00,2026-04-27T23:53:05.612995+00:00,momentum,"Bitcoin Up or Down - April 27, 7:45PM-7:50PM ET",DOWN,Down,4.0,0.57,,LOSS,NO,-4.0,Up,0xd2b24374e1376b6b476d56b6a8958cd552531279fac38694fb2580c28c8b8918,45384903303467611565221766775883307531361303846147290734586265228385072448027
2026-04-27T23:45:00.737350+00:00,2026-04-27T23:54:06.411790+00:00,momentum,"Solana Up or Down - April 27, 7:45PM-7:50PM ET",DOWN,Down,2.0,0.515,,WIN,YES,1.883495145631068,Down,0xbf77b0c9183d04ffcf39d63cfc6876c790f8d63881db2793cbb098d4378eafb2,105277418729170812257390349083862081159241732820115808145799951609810455955812
2026-04-27T23:45:03.343587+00:00,2026-04-27T23:54:06.455519+00:00,momentum,"Ethereum Up or Down - April 27, 7:45PM-7:50PM ET",DOWN,Down,2.0,0.55,,LOSS,NO,-2.0,Up,0x5e06c0356e8683ec4be8bb11d97ed2c7d5171e28f44d18c35a04d8edd9d3bb2c,110542210453162927122504300075253500890893790646126400087129568071415976004104
2026-04-27T23:45:03.424911+00:00,2026-04-27T23:55:06.822891+00:00,momentum,"XRP Up or Down - April 27, 7:45PM-7:50PM ET",DOWN,Down,4.0,0.64,,LOSS,NO,-4.0,Up,0xae308039d00ef3945a04cbfbb5c06bdee7b604b5830696f9723c5620729de256,11670544610543945508725328163345106677795779093921654929777544725355047779827
2026-04-27T23:50:00.100366+00:00,2026-04-28T00:00:10.252263+00:00,momentum,"Bitcoin Up or Down - April 27, 7:50PM-7:55PM ET",DOWN,Down,8.0,0.515,,LOSS,NO,-8.0,Up,0xe261032a80bcf728ae3fc69de818ef538014a2ac2972e0cc797a248bacf4e933,113244748163669759815513509136998492474621289209984654575155777409760253162963
2026-04-27T23:50:00.185688+00:00,2026-04-28T00:00:10.633680+00:00,momentum,"XRP Up or Down - April 27, 7:50PM-7:55PM ET",UP,Up,2.0,0.515,,WIN,YES,1.883495145631068,Up,0x921519b66c5ba924219f5af68a74391298ed403d18e409a7be59843deae20867,1217842915331319675973007866147205534600907270803938338863811769121558687359
2026-04-27T23:50:00.138582+00:00,2026-04-28T00:01:11.139885+00:00,momentum,"Ethereum Up or Down - April 27, 7:50PM-7:55PM ET",DOWN,Down,2.0,0.525,,LOSS,NO,-2.0,Up,0x0e6beb5a5a6958fbbeb2b7236cc189d660b35e0aac5292e5b5a1f936fbc77b60,13734385142224595220209568594180615699104478768367251929198470550867652579841
2026-04-27T23:50:00.220487+00:00,2026-04-28T00:01:11.179986+00:00,momentum,"Solana Up or Down - April 27, 7:50PM-7:55PM ET",DOWN,Down,2.0,0.515,,LOSS,NO,-2.0,Up,0x016c7b97ec53a2354ba0b086d41d0c0820c09fba93c65a0fa671aa7eacd3505f,92707252338061609676631391590603966103677480976171597922606708543927713468008
2026-04-27T23:55:00.166360+00:00,2026-04-28T00:06:15.324155+00:00,momentum,"Bitcoin Up or Down - April 27, 7:55PM-8:00PM ET",DOWN,Down,16.0,0.535,,WIN,YES,13.906542056074766,Down,0x20894e8197b4c8cae242bf94e6fbe41588c00edc70dcd653d485565d44f462f2,35531780019751871576712881045203010191326759806295977079941787562536827835625
2026-04-27T23:55:00.204832+00:00,2026-04-28T00:06:15.508358+00:00,momentum,"Ethereum Up or Down - April 27, 7:55PM-8:00PM ET",DOWN,Down,2.0,0.535,,WIN,YES,1.7383177570093458,Down,0x91b13684299672dcd5d322d643a0d2c6f8277745c3bcadbebfe8724ff950de23,93525150175267640858892970732763020236991818397062486195850034846111663773220
2026-04-27T23:55:00.242226+00:00,2026-04-28T00:06:15.672059+00:00,momentum,"Solana Up or Down - April 27, 7:55PM-8:00PM ET",DOWN,Down,2.0,0.515,,WIN,YES,1.883495145631068,Down,0x8c77ab945836a82eb81741717c292ea1769fb3b56e6f32f51d299ef8102a9cda,1404033027768141709452796980667507640393454267973505068796698515504290451733
2026-04-27T23:55:01.427049+00:00,2026-04-28T00:06:15.839162+00:00,momentum,"XRP Up or Down - April 27, 7:55PM-8:00PM ET",DOWN,Down,2.0,0.51,,WIN,YES,1.9215686274509802,Down,0xc6cebdd7653f790d472454c2763b66b3350e006d932f870a05aec025a3f13c3d,4000244184792564602928428968647661405015376676087033520768507232382785993288
2026-04-28T00:00:01.098489+00:00,2026-04-28T00:08:16.785223+00:00,momentum,"XRP Up or Down - April 27, 8:00PM-8:05PM ET",DOWN,Down,2.0,0.53,,WIN,YES,1.773584905660377,Down,0xa42aa5693061e8dbf1d6ef4bf85715843e90810968091a8f5aa4768a6aa1c863,14826189964920949452995923877234598153965792398080739630554075078210862116079
2026-04-28T00:00:01.256742+00:00,2026-04-28T00:08:16.953691+00:00,momentum,"Solana Up or Down - April 27, 8:00PM-8:05PM ET",DOWN,Down,2.0,0.52,,WIN,YES,1.8461538461538458,Down,0x87bdfe6ea9a4ae76ab588edd52044f40df84379e23ab6486b4af631836d0371d,44953817418644867915074873448961640942801868973164847869575981236107948873473
2026-04-28T00:00:04.515780+00:00,2026-04-28T00:09:16.477243+00:00,momentum,"Ethereum Up or Down - April 27, 8:00PM-8:05PM ET",UP,Up,2.0,0.61,,LOSS,NO,-2.0,Down,0x71d1da471728ff39c667c31953b855918dd3450aab1ddd6908c219744cb630b0,111447033507059879898343515373322919357413362579199789615698112960551087478437
2026-04-28T00:00:04.560092+00:00,2026-04-28T00:09:16.565138+00:00,momentum,"Bitcoin Up or Down - April 27, 8:00PM-8:05PM ET",UP,Up,2.0,0.53,,LOSS,NO,-2.0,Down,0xe6f157bc96aed64585cc1f4f47ef6154d96a8d070c6b7c3a3f6ccb6713b955e6,66174525064790322574842240220596305251873268240907630612921207470625147201713
2026-04-28T00:05:00.886552+00:00,2026-04-28T00:14:18.948490+00:00,momentum,"Ethereum Up or Down - April 27, 8:05PM-8:10PM ET",DOWN,Down,2.0,0.515,,LOSS,NO,-2.0,Up,0xe91e4307cf8af03c584485611011b3c13ea752c2b370e7d2d9f6b9732f9026b2,71982950013887625443130121414306502749386226286099475761535245993227835882089
2026-04-28T00:05:00.924356+00:00,2026-04-28T00:15:19.378358+00:00,momentum,"Bitcoin Up or Down - April 27, 8:05PM-8:10PM ET",DOWN,Down,2.0,0.52,,LOSS,NO,-2.0,Up,0x3a0e21e1545aa7bffdc5f061d95a1c31d7ebe22e0840801d7a50a72e0e4c0fa8,60756745400014282142576859025351008148121239568991988070351288840923088752952
2026-04-28T00:05:00.965331+00:00,2026-04-28T00:15:19.483199+00:00,momentum,"Solana Up or Down - April 27, 8:05PM-8:10PM ET",DOWN,Down,2.0,0.515,,LOSS,NO,-2.0,Up,0xa9c4e1cbb17e94ff000e18824ba43c3507e0c4928210f9a8ad896dbca2f74b42,60195779792891148481749859249699960566776285319837561028051814661676306328789
2026-04-28T00:05:02.007822+00:00,2026-04-28T00:16:19.788724+00:00,momentum,"XRP Up or Down - April 27, 8:05PM-8:10PM ET",DOWN,Down,2.0,0.56,,LOSS,NO,-2.0,Up,0xf9070fe7a4762fa5560634bdf8e5aec103154b5b1efa792f21eb0d8e35dc7f63,74331612959801552499386956962475313423387084812155175314817918956011937643421
2026-04-28T00:10:02.113579+00:00,2026-04-28T00:21:23.338467+00:00,momentum,"Bitcoin Up or Down - April 27, 8:10PM-8:15PM ET",UP,Up,4.0,0.56,,LOSS,NO,-4.0,Down,0x356bfdf4e49dec7688428204b3e183144eabb781e98ce5fe8b0cb236504109db,36359190840299221211753679735090233327246913185363891060988450140138922169561
2026-04-28T00:10:02.158260+00:00,2026-04-28T00:21:23.383831+00:00,momentum,"Ethereum Up or Down - April 27, 8:10PM-8:15PM ET",UP,Up,4.0,0.54,,LOSS,NO,-4.0,Down,0x6774435a26a7e048da657f82a7be8b4a3905121a63ab8ce97761cce65040dc75,32112809050941028472271640080305605673724297423500582178140613621252387822722
2026-04-28T00:10:08.351678+00:00,2026-04-28T00:21:23.535646+00:00,momentum,"Solana Up or Down - April 27, 8:10PM-8:15PM ET",DOWN,Down,4.0,0.66,,WIN,YES,2.0606060606060606,Down,0x1454b984fbf0175de2d90d48720c8d931995d92a8db1502b5cee4996e2077b59,71972321328480092628832400227271325207596604273014789489837254599780918755796
2026-04-28T00:10:11.451444+00:00,2026-04-28T00:21:23.681202+00:00,momentum,"XRP Up or Down - April 27, 8:10PM-8:15PM ET",DOWN,Down,4.0,0.65,,WIN,YES,2.1538461538461533,Down,0xabebce59d91d58b958907c88c5b62240c43003745c3e342db55d571582dea869,4400618620054200643990813576200490495627097393425090689914787576919476815660
2026-04-28T00:15:00.541984+00:00,2026-04-28T00:23:24.683089+00:00,momentum,"Bitcoin Up or Down - April 27, 8:15PM-8:20PM ET",DOWN,Down,2.0,0.525,,WIN,YES,1.8095238095238093,Down,0x9a679650581a7097a94c39d5bfc136efda487a584730e8eeceb25b3250fd1cfc,87389901032464672139978491660281287392308149772435194867339123681468434456436
2026-04-28T00:15:00.583399+00:00,2026-04-28T00:23:24.725195+00:00,momentum,"Solana Up or Down - April 27, 8:15PM-8:20PM ET",UP,Up,2.0,0.515,,LOSS,NO,-2.0,Down,0x76eb7ec7a1e594c24887d18e119b49b6d58025fdbe256a3c379bbb34f036519b,91321448955682000204631939666891848869856851855570752642287953787721297644238
2026-04-28T00:15:00.660967+00:00,2026-04-28T00:23:25.092012+00:00,momentum,"Ethereum Up or Down - April 27, 8:15PM-8:20PM ET",DOWN,Down,8.0,0.535,,WIN,YES,6.953271028037383,Down,0xf3fa7fd1ba8de0d7822b1ca7862120210e70c0abaaec4c05ce0604a863555c52,86674879616979861420122851234764459395098570088541683571929972516868927691084
2026-04-28T00:15:00.623416+00:00,2026-04-28T00:24:24.659630+00:00,momentum,"XRP Up or Down - April 27, 8:15PM-8:20PM ET",UP,Up,2.0,0.515,,LOSS,NO,-2.0,Down,0x0af8fa0e9e4cca920fd2af6326256ab5a8a9eadefc3e5d6dfb682794272c96c5,94108348144638738491872453921230507225292882892798078229794968828771242319834
2026-04-28T00:20:00.153039+00:00,2026-04-28T00:29:27.284846+00:00,momentum,"Solana Up or Down - April 27, 8:20PM-8:25PM ET",UP,Up,2.0,0.515,,LOSS,NO,-2.0,Down,0x6035d3265ff970f414659be92f3c5e47e5e8bc341ba8d23c7e3f725b225e195c,54897823132300954425918067058511564824451844690966839847096798398819587999171
2026-04-28T00:20:00.197167+00:00,2026-04-28T00:29:27.466971+00:00,momentum,"Ethereum Up or Down - April 27, 8:20PM-8:25PM ET",DOWN,Down,2.0,0.525,,WIN,YES,1.8095238095238093,Down,0xb011e27657549c680e8da4de1ea85f52b303cf2a69b017e7dcc807a128a4036a,82895532033748380077051371834573402975218667872123630770580443386683944997490
2026-04-28T00:20:00.249670+00:00,2026-04-28T00:29:27.511246+00:00,momentum,"XRP Up or Down - April 27, 8:20PM-8:25PM ET",UP,Up,4.0,0.515,,LOSS,NO,-4.0,Down,0xfeb943db10b865cb459993c85bee86d062343fbce00f0f87fc693d7955ef8107,69831161082289982817396059571721454463222318688943639879160899274605696777672
2026-04-28T00:20:01.359532+00:00,2026-04-28T00:31:29.392095+00:00,momentum,"Bitcoin Up or Down - April 27, 8:20PM-8:25PM ET",DOWN,Down,2.0,0.51,,WIN,YES,1.9215686274509802,Down,0x9dd5f53c5215847f5d63b2a2217dce3449154e49e215eae81501eb754013b872,26425414117149194982900784487885244665679482643572073656872969575093932864611
2026-04-28T00:25:00.599740+00:00,2026-04-28T00:35:31.834114+00:00,momentum,"Ethereum Up or Down - April 27, 8:25PM-8:30PM ET",DOWN,Down,2.0,0.515,,LOSS,NO,-2.0,Up,0xcbd4353d33d1a056352519f17514ebdf86037ec77d6a67d19299f1186a9b81c5,103192874011930789057848636389619078019075156900498807147572355945120385421775
2026-04-28T00:25:00.673742+00:00,2026-04-28T00:35:31.880010+00:00,momentum,"XRP Up or Down - April 27, 8:25PM-8:30PM ET",UP,Up,8.0,0.515,,LOSS,NO,-8.0,Down,0x128389ffd29a3c6a2c7a7ba5b07f0260003567b4e67b9da23138cdb21c729cbe,110038776621404612354630549143906387589763428706418579451607570437882422459980
2026-04-28T00:25:01.951478+00:00,2026-04-28T00:35:31.924951+00:00,momentum,"Bitcoin Up or Down - April 27, 8:25PM-8:30PM ET",UP,Up,2.0,0.53,,LOSS,NO,-2.0,Down,0x2a3b3be3289bcba358d18c3b147c452628babe4200f4300ff29337259ad01497,30308138971385065027202259502583819412689541257206731276115047084866323859718
2026-04-28T00:25:05.116915+00:00,2026-04-28T00:36:32.822693+00:00,momentum,"Solana Up or Down - April 27, 8:25PM-8:30PM ET",UP,Up,2.0,0.63,,WIN,YES,1.1746031746031744,Up,0xa01fa25629f58224c423ebdf60ae136ba3292d6f56c83c0a04d98d5f2ae8a8c5,7365231742281970327636604194056119193570818015993597058300166922147933994454
2026-04-28T00:30:00.675122+00:00,2026-04-28T00:41:35.713991+00:00,momentum,"Ethereum Up or Down - April 27, 8:30PM-8:35PM ET",DOWN,Down,2.0,0.515,,WIN,YES,1.883495145631068,Down,0xdaeb7144cdb4e11c8a93556102903f887da69c8fb29e28cc5de13d1d4a7d0585,38071410780329270832414851666546143868748316128291226750046554095952034181115
2026-04-28T00:30:00.628917+00:00,2026-04-28T00:42:35.460871+00:00,momentum,"Solana Up or Down - April 27, 8:30PM-8:35PM ET",UP,Up,2.0,0.515,,LOSS,NO,-2.0,Down,0x201199f0f686a43b3d711f1ccddccd91718edadd3e00355108ee02ad69731652,14826997246758168148532408877307166458249760522283639319189017885926969683874
2026-04-28T00:30:00.716472+00:00,2026-04-28T00:42:35.499082+00:00,momentum,"XRP Up or Down - April 27, 8:30PM-8:35PM ET",UP,Up,16.0,0.515,,LOSS,NO,-16.0,Down,0x84de17e0d757489fa9ebee74e9c0f8209d316101ba91f6dae63816de1b0e3648,47133670885729716896633757957289113936431605754648589861492946925045350122588
2026-04-28T00:30:02.833956+00:00,2026-04-28T00:42:35.543434+00:00,momentum,"Bitcoin Up or Down - April 27, 8:30PM-8:35PM ET",UP,Up,4.0,0.58,,LOSS,NO,-4.0,Down,0xb2fbc03bd613cd7dfcb1a5e629f94e2eacd75d8cb640d15cc3aff3e880151d2c,10465995455353352546490359841062469969670686140811588347974210351388511542844
2026-04-28T00:35:01.387793+00:00,2026-04-28T00:44:36.628239+00:00,momentum,"Ethereum Up or Down - April 27, 8:35PM-8:40PM ET",UP,Up,2.0,0.55,,WIN,YES,1.6363636363636362,Up,0xc49cba94de97f1ccd1390871fa965591fbe280660182a7e19237623c1d2cb8e9,61959152068804986434476477933192847974737422613004098456943495049132364379870
2026-04-28T00:35:00.257023+00:00,2026-04-28T00:46:37.770326+00:00,momentum,"XRP Up or Down - April 27, 8:35PM-8:40PM ET",UP,Up,32.0,0.515,,WIN,YES,30.135922330097088,Up,0xff65a182558ec41217141c0ddadcf915faff5675d7d9959e9a2ecba4edb55b89,85399655867077132275594019763514399321817527025939453191475012943401314133598
2026-04-28T00:35:00.296205+00:00,2026-04-28T00:46:37.913847+00:00,momentum,"Solana Up or Down - April 27, 8:35PM-8:40PM ET",UP,Up,2.0,0.515,,WIN,YES,1.883495145631068,Up,0xdb39fa210b74c066947e9ff69502eba4e86d98775f670e483f5cdf516835ab28,46448823413832464036997866111969829062732381098731212880676626796493453617673
2026-04-28T00:35:01.336393+00:00,2026-04-28T00:46:38.074865+00:00,momentum,"Bitcoin Up or Down - April 27, 8:35PM-8:40PM ET",UP,Up,8.0,0.54,,WIN,YES,6.814814814814813,Up,0x04220500328dc547747f72c0a766fd34b1c877798524b1869a8ca2822e360026,19385838126140829183913927541179773261312384970023991293122064231327292787869
2026-04-28T00:40:00.121934+00:00,2026-04-28T00:50:40.172303+00:00,momentum,"XRP Up or Down - April 27, 8:40PM-8:45PM ET",UP,Up,2.0,0.515,,WIN,YES,1.883495145631068,Up,0xc4cc468dcc939db618913d3d0192f701bf03e8554a11f468c267b9cc83ed5ee8,3172031794609697473175803980639369487504935111731598072716646122720277462479
2026-04-28T00:40:00.165762+00:00,2026-04-28T00:50:40.323047+00:00,momentum,"Solana Up or Down - April 27, 8:40PM-8:45PM ET",UP,Up,2.0,0.515,,WIN,YES,1.883495145631068,Up,0x967c82f79f7938906f4559a8bc759127ea6206b505371628e11473fc0c74c7ea,49531039587554779297788139546450520934416599399453550467483586221871818571119
2026-04-28T00:40:01.318781+00:00,2026-04-28T00:50:40.386859+00:00,momentum,"Ethereum Up or Down - April 27, 8:40PM-8:45PM ET",DOWN,Down,2.0,0.52,,LOSS,NO,-2.0,Up,0xb23c22a12d1e1281e6dff2f3cc82a405998918c3bbecadeafb6af3bb9521deb2,39651775814388658239855153539781080787383040684675447979706224434293395838808
2026-04-28T00:40:00.082778+00:00,2026-04-28T00:51:40.562501+00:00,momentum,"Bitcoin Up or Down - April 27, 8:40PM-8:45PM ET",UP,Up,2.0,0.525,,WIN,YES,1.8095238095238093,Up,0x0fd52c757fa98c197f5b5f0495bf9c246d3e170732a49a0cc29f696cf0b9e7f7,54971747555254051537195277842138326573907957673737160065352474054984539301901
2026-04-28T00:45:00.389439+00:00,2026-04-28T00:53:41.666785+00:00,momentum,"Bitcoin Up or Down - April 27, 8:45PM-8:50PM ET",DOWN,Down,2.0,0.54,,LOSS,NO,-2.0,Up,0x675f372d006b46563233e64fcb1c09aadbbaa7f4dea99c8901664dd2d8ae9368,40792647219243989782389239822037310780594973599013316764796974925392488389997
2026-04-28T00:45:00.426802+00:00,2026-04-28T00:53:41.710183+00:00,momentum,"Ethereum Up or Down - April 27, 8:45PM-8:50PM ET",DOWN,Down,2.0,0.54,,LOSS,NO,-2.0,Up,0xc2400fc293dd61c801d10edd490c02099751ae398f469155e410e8db93b39e4c,4361323917696011868046769011446755649661819471882502315679983968067127682174
2026-04-28T00:45:00.467630+00:00,2026-04-28T00:53:41.813150+00:00,momentum,"Solana Up or Down - April 27, 8:45PM-8:50PM ET",DOWN,Down,2.0,0.52,,LOSS,NO,-2.0,Up,0x92d66a12a7bcb29fdf8d7c9e3226b2e53bbbcdd32b2f6bd68b5fd8527f8d9da4,99913725476259794096192312696398920847976428260090332718609715914357204601296
2026-04-28T00:45:00.505526+00:00,2026-04-28T00:54:42.410180+00:00,momentum,"XRP Up or Down - April 27, 8:45PM-8:50PM ET",UP,Up,2.0,0.51,,LOSS,NO,-2.0,Down,0x9a5a6f9decbdbe69a422fce0aa94acb42cf34a0a381e844ca1ba4dcc07e2302c,35976247556174727445154429690096696523162730117012323101408887212124900964144
2026-04-28T00:50:00.464486+00:00,2026-04-28T00:59:46.162915+00:00,momentum,"Solana Up or Down - April 27, 8:50PM-8:55PM ET",DOWN,Down,4.0,0.515,,WIN,YES,3.766990291262136,Down,0x08368d650294e1adfa34cde470ac30d31364a9baf5f2e564e980289d4237fde2,7029784068576070631100532690510229085491085561004342563421778142232557321146
2026-04-28T00:50:02.634302+00:00,2026-04-28T00:59:46.427115+00:00,momentum,"XRP Up or Down - April 27, 8:50PM-8:55PM ET",DOWN,Down,2.0,0.51,,WIN,YES,1.9215686274509802,Down,0x1c1dca5733fc7d723d580ed8220b4b32ea172b270a9eb0bc0ab6540f0b6e6d5f,7499130124727508861795916244407370684958696504529228820470071761255465238235
2026-04-28T00:50:02.583086+00:00,2026-04-28T01:00:46.928868+00:00,momentum,"Bitcoin Up or Down - April 27, 8:50PM-8:55PM ET",DOWN,Down,4.0,0.57,,WIN,YES,3.0175438596491233,Down,0x3064f96ab3e3f77c220c5a71008bcf7f29d4cbf2701518e28281a033667e7c14,26399130583327427924921173388882926844558084024018702864130068432038598841685
2026-04-28T00:50:00.413457+00:00,2026-04-28T01:01:46.988625+00:00,momentum,"Ethereum Up or Down - April 27, 8:50PM-8:55PM ET",DOWN,Down,4.0,0.525,,WIN,YES,3.6190476190476186,Down,0x223761aaeb7a55a2ae3341646bda71e36695233580db6265a8e69cb8874fb164,75009266516596344252237705194902717210292282287950803443821406227394533098728
2026-04-28T00:55:00.128346+00:00,2026-04-28T01:06:49.473363+00:00,momentum,"Ethereum Up or Down - April 27, 8:55PM-9:00PM ET",DOWN,Down,2.0,0.535,,WIN,YES,1.7383177570093458,Down,0xe67f5766d1c5c2b082ef2c1d4ca25d06dcb2346df35c0e96c5b4595917842bb4,50742645282888762870470901622059719013143690893735097269964484401579307176809
2026-04-28T00:55:00.181413+00:00,2026-04-28T01:06:49.645060+00:00,momentum,"Solana Up or Down - April 27, 8:55PM-9:00PM ET",DOWN,Down,2.0,0.515,,WIN,YES,1.883495145631068,Down,0xe8dd8b63674b40e5b7da663e123f29a2ce87e99bf461912faa358e5f837e63ec,109482983996939620295239305562603618909328090262441785817240688333052564358846
2026-04-28T00:55:02.372957+00:00,2026-04-28T01:06:49.698921+00:00,momentum,"Bitcoin Up or Down - April 27, 8:55PM-9:00PM ET",UP,Up,2.0,0.51,,LOSS,NO,-2.0,Down,0x876c3f4baf3c960b05256067907eb5cf7d0fad94e2b06f3f3fd43c13c416655f,599118128462305541478269398510888137809309196524989495575227839649519156467
2026-04-28T00:55:02.518582+00:00,2026-04-28T01:06:49.854177+00:00,momentum,"XRP Up or Down - April 27, 8:55PM-9:00PM ET",DOWN,Down,2.0,0.51,,WIN,YES,1.9215686274509802,Down,0x50ba02d88631d4d1bba32d18d2cc264abed3967aec36e9679720bdff1609eb03,65734893199481536024513696855561583165145881721502078103698867086533660797986
2026-04-28T01:00:04.837823+00:00,2026-04-28T01:11:53.339329+00:00,momentum,"XRP Up or Down - April 27, 9:00PM-9:05PM ET",UP,Up,2.0,0.53,,WIN,YES,1.773584905660377,Up,0x0f91c940e45b3d247e2c297f04b36b7f06fa1c54bb4cbed2adaa597f21c949bb,21142060036132165254243910073896449688696705436950330372435465467120267466670
2026-04-28T01:00:00.405779+00:00,2026-04-28T01:12:53.666350+00:00,momentum,"Solana Up or Down - April 27, 9:00PM-9:05PM ET",DOWN,Down,2.0,0.515,,WIN,YES,1.883495145631068,Down,0xb1f2d7776c71f69282aa645704f5c26326bacc40bd075f82070afb5f0c94edac,29199090103323396478670697842046621347471703594729918917408517120706877722272
2026-04-28T01:00:01.578549+00:00,2026-04-28T01:12:53.840129+00:00,momentum,"Bitcoin Up or Down - April 27, 9:00PM-9:05PM ET",DOWN,Down,4.0,0.62,,WIN,YES,2.451612903225807,Down,0x15f6a798f09b1b0f6bd3036276f7eab3b319fecf1bd7c093289f16476bc10471,68218306903717082318339861169401308046848404094562699454650674538996301012319
2026-04-28T01:00:01.621253+00:00,2026-04-28T01:12:53.888208+00:00,momentum,"Ethereum Up or Down - April 27, 9:00PM-9:05PM ET",DOWN,Down,2.0,0.61,,LOSS,NO,-2.0,Up,0x7c0a9c215c72ec60af2dbf64b019beaadfac33c9dba1f0092368915268461609,99407040262181698411961920331394801262107390991965354158997459325138932392049
2026-04-28T01:05:02.371971+00:00,2026-04-28T01:14:54.330821+00:00,momentum,"Ethereum Up or Down - April 27, 9:05PM-9:10PM ET",UP,Up,2.0,0.52,,WIN,YES,1.8461538461538458,Up,0x92bafe8b3bbfc6315c3cb234dc37d9b2ce1c91ea90b467573102c89af15d3b2a,57641653034930146033903841507754400937306190332970379759537119583924465202403
2026-04-28T01:05:02.429123+00:00,2026-04-28T01:14:54.513599+00:00,momentum,"XRP Up or Down - April 27, 9:05PM-9:10PM ET",UP,Up,2.0,0.54,,WIN,YES,1.7037037037037033,Up,0xee99d6bf3e1faf3fab66bc546f00d9f533e70f2672c6424806361213e8169a09,30267999964612279020786018969869341056538922620271714227658318435762528006567
2026-04-28T01:05:00.186465+00:00,2026-04-28T01:15:54.709754+00:00,momentum,"Solana Up or Down - April 27, 9:05PM-9:10PM ET",DOWN,Down,2.0,0.515,,WIN,YES,1.883495145631068,Down,0x26a7b0e784459187534f9a5ae31d2b8e031f493db3794666de3d66b72d189974,12034665181428506307070708117475239419354523849297159246356208299671321617449
2026-04-28T01:05:02.307799+00:00,2026-04-28T01:15:54.868052+00:00,momentum,"Bitcoin Up or Down - April 27, 9:05PM-9:10PM ET",DOWN,Down,2.0,0.51,,WIN,YES,1.9215686274509802,Down,0x9c77893602b1dd64a16c8f3928b0357e79de81bcb2716321fccbe67b572ce135,64012783962980612908170469753326662583181063941541069870254905710428514479707
2026-04-28T01:10:03.120407+00:00,2026-04-28T01:20:56.842059+00:00,momentum,"Bitcoin Up or Down - April 27, 9:10PM-9:15PM ET",UP,Up,2.0,0.51,,LOSS,NO,-2.0,Down,0x74ad7a53ac405a5c27cf3c29c20bfcc5a0223f93871c7fa267516c289bb23d6b,61135647833011867917280588515717205262081482389685200730459290980675883716338
2026-04-28T01:10:06.275299+00:00,2026-04-28T01:20:56.882558+00:00,momentum,"Ethereum Up or Down - April 27, 9:10PM-9:15PM ET",UP,Up,2.0,0.55,,LOSS,NO,-2.0,Down,0x690d5e0865f41628c70c1513e509208ed94df745f11bddb8cc198b2d4c701b7e,108534321919312795613878541605534640013683848120098836448274879413404242992393
2026-04-28T01:10:00.752951+00:00,2026-04-28T01:21:56.494418+00:00,momentum,"Solana Up or Down - April 27, 9:10PM-9:15PM ET",DOWN,Down,2.0,0.515,,LOSS,NO,-2.0,Up,0xe9d4129320ac30267d15d670ab84310b739c357f2c5be9e7446777c62fad6f95,109915228333295577344516880826227389383011324876864089199000932913288657895768
2026-04-28T01:10:03.080492+00:00,2026-04-28T01:21:56.537669+00:00,momentum,"XRP Up or Down - April 27, 9:10PM-9:15PM ET",DOWN,Down,4.0,0.51,,LOSS,NO,-4.0,Up,0xa7765af1cfec2486995a8bb17d7d934a555bc8b1d18057a3e4f027f5bccfd1e1,26873113665769338640835673258806949784469527630599548127977732698033234554759
2026-04-28T01:15:00.311152+00:00,2026-04-28T01:23:58.149430+00:00,momentum,"XRP Up or Down - April 27, 9:15PM-9:20PM ET",UP,Up,2.0,0.51,,LOSS,NO,-2.0,Down,0x8f427439add311dd6a39dccc250b237ad50bd7debf61ce052e14bf2adc201c83,112518512518494461578799514429555214594380841614925566349778641251940843318653
2026-04-28T01:15:00.402645+00:00,2026-04-28T01:23:58.336313+00:00,momentum,"Solana Up or Down - April 27, 9:15PM-9:20PM ET",UP,Up,4.0,0.52,,LOSS,NO,-4.0,Down,0x1757df3265f6dbaab90e2bbd9d6205ab5c688e668a74cc79a3a5585de2932ed1,45324150334533472769427237520460268901725307059176333703169993360616078604146
2026-04-28T01:15:00.443883+00:00,2026-04-28T01:23:58.497435+00:00,momentum,"Ethereum Up or Down - April 27, 9:15PM-9:20PM ET",DOWN,Down,2.0,0.515,,WIN,YES,1.883495145631068,Down,0x91c263a3e440c42f4f7d81874576e9148771400951ac18ebbee75a6cba75c24d,111240048049930588351129669786137357778776677245217074961515611806047568289054
2026-04-28T01:15:00.353598+00:00,2026-04-28T01:24:58.438628+00:00,momentum,"Bitcoin Up or Down - April 27, 9:15PM-9:20PM ET",UP,Up,4.0,0.535,,LOSS,NO,-4.0,Down,0x36d62c6b419fdfbd14e87198097dd1ec3932e97bf92042f556ce1814976f1c12,45467181135812562745847163624270123500770513639333326518176900568524863992325
2026-04-28T01:20:01.863532+00:00,2026-04-28T01:29:01.551758+00:00,momentum,"Solana Up or Down - April 27, 9:20PM-9:25PM ET",DOWN,Down,8.0,0.51,,WIN,YES,7.686274509803921,Down,0x8bc62c08ddb481b250cd2f03915966c7dd53d89b5412f284eacf274052e82cc3,42218848894837903416078755587784875923045458554441300807967050936551343564728
2026-04-28T01:20:01.823790+00:00,2026-04-28T01:30:01.849154+00:00,momentum,"Bitcoin Up or Down - April 27, 9:20PM-9:25PM ET",UP,Up,8.0,0.59,,LOSS,NO,-8.0,Down,0x8f2bf7412a77f8b63d5ec28ce5faefc31cce3b3818168249842dc734a392255c,70484273614540705612824158924176689875097376285230424172692025716445933251084
2026-04-28T01:20:01.904125+00:00,2026-04-28T01:30:01.891087+00:00,momentum,"XRP Up or Down - April 27, 9:20PM-9:25PM ET",DOWN,Down,2.0,0.51,,LOSS,NO,-2.0,Up,0x8f1a26801fee9a285fd8580c0b8ca681a602b5135528c4b619d53ce9c81a42d3,47264147257200170223955216743852652225996278734947385849072156175209915926662
2026-04-28T01:20:01.944071+00:00,2026-04-28T01:30:02.073100+00:00,momentum,"Ethereum Up or Down - April 27, 9:20PM-9:25PM ET",UP,Up,2.0,0.52,,WIN,YES,1.8461538461538458,Up,0xeb14b249899b98739c4794e8c381ba584c59fcc153afe377ed1a9e1122acf878,56596445482831230782829528449607172312790693887080826864261574666867785046150
2026-04-28T01:25:02.260905+00:00,2026-04-28T01:36:04.962020+00:00,momentum,"Solana Up or Down - April 27, 9:25PM-9:30PM ET",UP,Up,2.0,0.56,,LOSS,NO,-2.0,Down,0xfc958f9fb450c116c41b691c698e0cc823b030a561f1c1c04ffb9997f345b934,88422638477676770464180410569810775281615454306889056757735867192979529101061
2026-04-28T01:25:00.060742+00:00,2026-04-28T01:37:05.641295+00:00,momentum,"Ethereum Up or Down - April 27, 9:25PM-9:30PM ET",DOWN,Down,2.0,0.515,,WIN,YES,1.883495145631068,Down,0xde9acc6be793062bb491e28802f2e756ee83dbcff2df19a278440c322ed318b0,11160479511710227469126240527291543680745041673614852657866976157057593428736
2026-04-28T01:25:02.197576+00:00,2026-04-28T01:37:05.815818+00:00,momentum,"Bitcoin Up or Down - April 27, 9:25PM-9:30PM ET",UP,Up,2.0,0.64,,WIN,YES,1.125,Up,0xe36d7508105ffa399c79d8ba851066b3b2569c7cbe8eb4437ee99e30e5b4a9b8,12477288140353757880719614776095264906769681802534228750539060266844412533318
2026-04-28T01:25:11.518533+00:00,2026-04-28T01:37:05.960101+00:00,momentum,"XRP Up or Down - April 27, 9:25PM-9:30PM ET",UP,Up,2.0,0.55,,WIN,YES,1.6363636363636362,Up,0x1a75b3d439ff1268b89d5539e2e4d7e0acb5499617c12685ad093f88bd0459f0,92512153751109628911089503691790088933834821486983909537372107561915240492813
2026-04-28T01:30:00.629991+00:00,2026-04-28T01:40:06.935469+00:00,momentum,"Bitcoin Up or Down - April 27, 9:30PM-9:35PM ET",UP,Up,2.0,0.53,,LOSS,NO,-2.0,Down,0x1b3c23195057c92c8094d71d39425e1ccf7c93e5eb3920addd481c4d039589db,8282071922206904598048924948175538659566207679808795999103078345425988722624
2026-04-28T01:30:00.670874+00:00,2026-04-28T01:40:06.988387+00:00,momentum,"Ethereum Up or Down - April 27, 9:30PM-9:35PM ET",UP,Up,2.0,0.52,,LOSS,NO,-2.0,Down,0x20943b29d2569fbb693028a70a13250462fa2ed6bae1f284782111a6a6e8028f,114284389632583591093133436554039298425054562393415505158547819708432947814504
2026-04-28T01:30:00.756789+00:00,2026-04-28T01:40:07.175939+00:00,momentum,"Solana Up or Down - April 27, 9:30PM-9:35PM ET",UP,Up,2.0,0.52,,LOSS,NO,-2.0,Down,0x9d1c49d7099bfd4730bd1fbf6ed653a871945d1665d2fc11b26785a99a21b4f3,69167997456174035190366608379644730795656934041193380717999441848146560553751
2026-04-28T01:30:00.714221+00:00,2026-04-28T01:41:07.246659+00:00,momentum,"XRP Up or Down - April 27, 9:30PM-9:35PM ET",DOWN,Down,2.0,0.51,,WIN,YES,1.9215686274509802,Down,0x6954cf844d8fc5dd487501c0d8b4c160ae119cee39cad1149152542bfbe88ff2,30967175152067354939896312828463285755938906768557577445993234203782250563315
2026-04-28T01:35:01.786421+00:00,2026-04-28T01:45:09.989563+00:00,momentum,"Bitcoin Up or Down - April 27, 9:35PM-9:40PM ET",UP,Up,2.0,0.52,,WIN,YES,1.8461538461538458,Up,0x2981bbd76157280d6161a7cded2a141af40d8d2f94a2014c4561488079bd89bb,85612635244646347265208933815991747551122064386068179565554647222358877800034
2026-04-28T01:35:06.747478+00:00,2026-04-28T01:45:10.294824+00:00,momentum,"XRP Up or Down - April 27, 9:35PM-9:40PM ET",UP,Up,2.0,0.54,,WIN,YES,1.7037037037037033,Up,0x1931efa64af892a699391c1dcb4231295d1b753901246d0ce92c976b0e742e8c,11677402294578384914660783599551722468559520491809375031034897829587965474765
2026-04-28T01:35:00.621789+00:00,2026-04-28T01:46:09.915964+00:00,momentum,"Solana Up or Down - April 27, 9:35PM-9:40PM ET",UP,Up,4.0,0.525,,WIN,YES,3.6190476190476186,Up,0x5d33b53e075beedd63a470a262c65556f0a49d73e1b2252b7edb0d582c0583c6,46374498531781900214590720992724082763424204017532801420952977353578910398778
2026-04-28T01:35:01.841089+00:00,2026-04-28T01:46:10.056724+00:00,momentum,"Ethereum Up or Down - April 27, 9:35PM-9:40PM ET",UP,Up,4.0,0.57,,WIN,YES,3.0175438596491233,Up,0x6d304e4d04a2f2392bf31aa0037085161a85d24b5038c26f842d0d3d383b2421,107531535219153369109310027782171757070003243661804049395506304750127698438241
2026-04-28T01:40:00.433040+00:00,2026-04-28T01:50:11.463823+00:00,momentum,"Ethereum Up or Down - April 27, 9:40PM-9:45PM ET",UP,Up,2.0,0.52,,LOSS,NO,-2.0,Down,0xadd1239a842e6e3189d8795fe2357d832ff32f3a3bc6f2c982454f15019d3ab4,73404421541384636429114699581318113544795356529455756001716125962151275586898
2026-04-28T01:40:00.516555+00:00,2026-04-28T01:50:11.640167+00:00,momentum,"XRP Up or Down - April 27, 9:40PM-9:45PM ET",UP,Up,2.0,0.515,,LOSS,NO,-2.0,Down,0x3a7639c2ddc86f6f32e5c1442e27d828d3d27ee4880fc553f25ead3e1c6b1393,26964776052575548655603545099949552371622697236730311109991925806024949424182
2026-04-28T01:40:00.474024+00:00,2026-04-28T01:51:12.374511+00:00,momentum,"Solana Up or Down - April 27, 9:40PM-9:45PM ET",UP,Up,2.0,0.52,,LOSS,NO,-2.0,Down,0xfc6173effa25d0bdd4b75c4bf05ea600fb379f990175733f23b2af79d50169cc,66856073776244898068105294377720587267304171462421835658518163235385879311111
2026-04-28T01:40:00.558507+00:00,2026-04-28T01:51:12.421559+00:00,momentum,"Bitcoin Up or Down - April 27, 9:40PM-9:45PM ET",UP,Up,2.0,0.515,,LOSS,NO,-2.0,Down,0x010cafda56845309210eb591e30f3ea5ffbbb51f551c6882813009c1dc2470cf,69292794663896751989263294756509421386706441769610436263188296935195299377757
2026-04-28T01:45:01.905009+00:00,2026-04-28T01:53:13.214374+00:00,momentum,"Bitcoin Up or Down - April 27, 9:45PM-9:50PM ET",UP,Up,4.0,0.54,,WIN,YES,3.4074074074074066,Up,0x802f0def6475bff41a79bd99abe4a0bf66112b6d5f1d63b9759bac6f4ab51cf8,59390266389392984074933417539504135561524991219454234448546375607549646455207
2026-04-28T01:45:00.742149+00:00,2026-04-28T01:54:13.715043+00:00,momentum,"Solana Up or Down - April 27, 9:45PM-9:50PM ET",UP,Up,4.0,0.52,,LOSS,NO,-4.0,Down,0x50b6a9bc46a20c0754a39060d40a8a10dfd983f3b148dc4a171d368119cd3cca,88895139725743004159469015815663126341379457401194757765982132026749215977134
2026-04-28T01:45:01.947968+00:00,2026-04-28T01:54:13.876649+00:00,momentum,"Ethereum Up or Down - April 27, 9:45PM-9:50PM ET",UP,Up,4.0,0.55,,WIN,YES,3.2727272727272725,Up,0x7eabd961c0ebec02909149a0f7841e67c3cdfbf147ce8e7bba682cdbb947ada5,40306079596514942547739121464306073889662863182932849319325101716629278103192
2026-04-28T01:45:00.699213+00:00,2026-04-28T01:58:15.830205+00:00,momentum,"XRP Up or Down - April 27, 9:45PM-9:50PM ET",UP,Up,4.0,0.515,,WIN,YES,3.766990291262136,Up,0x10494c4ef6683060384b36396fd8d8d5d865a71a9b6cca74733ccd7f8a08040e,70340041945347225973044813467008510497896792710614638212608015927452731868702
2026-04-28T01:50:00.790160+00:00,2026-04-28T02:00:16.132875+00:00,momentum,"Ethereum Up or Down - April 27, 9:50PM-9:55PM ET",UP,Up,2.0,0.535,,LOSS,NO,-2.0,Down,0x4363b3efcba92e95de8ba2110e2f403bcbbbf204ed8b7d681a011162dd3ece94,17198468111267853607315334780482623866972426366814584669140042960670503030175
2026-04-28T01:50:00.868768+00:00,2026-04-28T02:00:16.312074+00:00,momentum,"Solana Up or Down - April 27, 9:50PM-9:55PM ET",UP,Up,8.0,0.52,,WIN,YES,7.384615384615383,Up,0x5830ac4af3faa2e46b1fef3bef49bcf73ab1f1895060feef8feb144d7e40950b,66546983441312279381295761803814675731555730805089625823884997673496755562757
2026-04-28T01:50:01.035355+00:00,2026-04-28T02:00:16.468128+00:00,momentum,"XRP Up or Down - April 27, 9:50PM-9:55PM ET",UP,Up,2.0,0.515,,WIN,YES,1.883495145631068,Up,0x5683588108aa581a98585b6d0ca2e0e2032b012832a807aae018c6f61b5317ac,50781296516872839899512837290807465419439124117861137267878596704424232507862
2026-04-28T01:50:02.201623+00:00,2026-04-28T02:00:16.629144+00:00,momentum,"Bitcoin Up or Down - April 27, 9:50PM-9:55PM ET",UP,Up,2.0,0.52,,WIN,YES,1.8461538461538458,Up,0x903ce3d3946f96d5dcb636a47bfae04386c2c5740abc626c0b3ad865f645fe41,86706988657780729444803255055124396413947176801889814737129329187945520809415
2026-04-28T01:55:00.479177+00:00,2026-04-28T02:05:19.221864+00:00,momentum,"XRP Up or Down - April 27, 9:55PM-10:00PM ET",UP,Up,2.0,0.515,,LOSS,NO,-2.0,Down,0x3de53bc50c878105846d582c3d9b7b8c0d218d334d99f843b1c6a031c5604026,84048152751045832973717756567112868571036312966345327466626787391386314531862
2026-04-28T01:55:00.432397+00:00,2026-04-28T02:06:19.452648+00:00,momentum,"Solana Up or Down - April 27, 9:55PM-10:00PM ET",UP,Up,2.0,0.525,,LOSS,NO,-2.0,Down,0x653a093f8fecf622c2986964cd6073d1aa46132d143b1620a267852dbe4acdf2,13871341558180919085918291462936915130510378391420819143832601206374169556477
2026-04-28T01:55:00.527054+00:00,2026-04-28T02:06:19.496881+00:00,momentum,"Ethereum Up or Down - April 27, 9:55PM-10:00PM ET",UP,Up,2.0,0.535,,LOSS,NO,-2.0,Down,0xba745480d288c51b88fd65005f60fc9b28b072550662840b3d46957c213588f1,84787478424336355905206692301960649566666230015210493832356404009621707620119
2026-04-28T01:55:00.389100+00:00,2026-04-28T02:07:19.224754+00:00,momentum,"Bitcoin Up or Down - April 27, 9:55PM-10:00PM ET",UP,Up,2.0,0.515,,LOSS,NO,-2.0,Down,0xbed6e93be76f264ca3755e1001e6e145b4f3b67494902376bfb6c07e9dae8556,35920121823705884313857729335239322192739855393566199904418794200938826425325
2026-04-28T02:00:00.471228+00:00,2026-04-28T02:12:22.511820+00:00,momentum,"Solana Up or Down - April 27, 10:00PM-10:05PM ET",UP,Up,2.0,0.52,,WIN,YES,1.8461538461538458,Up,0x55c3d20049950157379106f17d5bc5deb74f5680cfd38a0ad924f822d4a05aca,114931661527909987159314128898674738378185055979534750079643905411582668654405
2026-04-28T02:00:01.693894+00:00,2026-04-28T02:12:22.685682+00:00,momentum,"XRP Up or Down - April 27, 10:00PM-10:05PM ET",DOWN,Down,4.0,0.54,,LOSS,NO,-4.0,Up,0x954c0ca99d72a395ba4bf28fac16c79a82a858f117f90ad282eb576236c90329,91066100938155368295869196385868383127583809785219287046900591315704961687582
2026-04-28T02:00:00.427354+00:00,2026-04-28T02:13:22.980267+00:00,momentum,"Ethereum Up or Down - April 27, 10:00PM-10:05PM ET",UP,Up,2.0,0.52,,WIN,YES,1.8461538461538458,Up,0xe4d06c617e5bca1c0771002dfde6d67be6fd5e09e11dc82d246d854b07fb4060,68897410775449662718048376604917751446184720866883305182845116899293780087770
2026-04-28T02:00:01.638634+00:00,2026-04-28T02:13:23.148577+00:00,momentum,"Bitcoin Up or Down - April 27, 10:00PM-10:05PM ET",UP,Up,4.0,0.99,,WIN,YES,0.040404040404040664,Up,0x7407e37ee420210791646f63f6f1502376b25a725ebea0ddd22aa8120bb60119,59055033733307245424132830104857756094662122195740667402319651962090922922742
2026-04-28T02:05:01.953645+00:00,2026-04-28T02:14:24.231078+00:00,momentum,"XRP Up or Down - April 27, 10:05PM-10:10PM ET",DOWN,Down,2.0,0.51,,WIN,YES,1.9215686274509802,Down,0x8b6f5272c35924a3c7317f979520a82d097a3caccd365ddcc8fed5e14da28e24,89976937498018237742081157921684470651060319082396055207170035798872197393944
2026-04-28T02:05:00.711759+00:00,2026-04-28T02:15:24.232172+00:00,momentum,"Ethereum Up or Down - April 27, 10:05PM-10:10PM ET",UP,Up,2.0,0.52,,LOSS,NO,-2.0,Down,0x82ffae1db19bdc5e6f753bdd8ab2a0c949a725e73c8237e0dc7284a6c5e082a8,93494823273785632899104229549263454641847668491151959514984658915533805149943
2026-04-28T02:05:00.754124+00:00,2026-04-28T02:15:24.274206+00:00,momentum,"Solana Up or Down - April 27, 10:05PM-10:10PM ET",UP,Up,2.0,0.52,,LOSS,NO,-2.0,Down,0x45b0653949e09c9f8725e3e69b7b8151eb64e45dbcaee9bb68e4e1380535ca77,94903405075616293863865706605120317173812285143050025212845636257387728411732
2026-04-28T02:05:01.908140+00:00,2026-04-28T02:15:24.318405+00:00,momentum,"Bitcoin Up or Down - April 27, 10:05PM-10:10PM ET",UP,Up,2.0,0.56,,LOSS,NO,-2.0,Down,0xf7d435a3ca98196772dcb2bd4563c206d66ceeb78e08b1eded15ef614dbb91b2,8719576090185937477342635851741449523084576951444438819870504798052571137676
2026-04-28T02:10:07.195096+00:00,2026-04-28T02:20:27.170420+00:00,momentum,"XRP Up or Down - April 27, 10:10PM-10:15PM ET",DOWN,Down,2.0,0.53,,LOSS,NO,-2.0,Up,0xa8a7694600eebd2027d9de3df7d795b6b6252b63e4a5dc55624df32f313407f5,5173258034202289433123868072758604778445148705260866471128691349098794134137
2026-04-28T02:10:00.768236+00:00,2026-04-28T02:21:27.393214+00:00,momentum,"Bitcoin Up or Down - April 27, 10:10PM-10:15PM ET",UP,Up,4.0,0.73,,WIN,YES,1.4794520547945202,Up,0x2dcd1a32328e99a9ca2a39d849bd5255157f227d0b850a5193169848f6c7ef6d,33338274494418236816757210339291433540300314587563312674902325311965165238924
2026-04-28T02:10:00.808773+00:00,2026-04-28T02:21:27.562490+00:00,momentum,"Solana Up or Down - April 27, 10:10PM-10:15PM ET",UP,Up,4.0,0.52,,WIN,YES,3.6923076923076916,Up,0x2fef41422fe44f411f27db6d91691074cb56015fc8b48e4591abc299d6fb39c7,9817239908079507489973648581715199348561547529279481069085188840734004316309
2026-04-28T02:10:07.152858+00:00,2026-04-28T02:21:27.607861+00:00,momentum,"Ethereum Up or Down - April 27, 10:10PM-10:15PM ET",UP,Up,4.0,0.54,,LOSS,NO,-4.0,Down,0x89a86b997682ac222b53fd9f690def1d65d4bb8affeed0805a5c8d702f967b6c,17430354648456121559584754019853504633385954393363347417104345448944996426488
2026-04-28T02:15:00.711677+00:00,2026-04-28T02:26:28.627799+00:00,momentum,"Ethereum Up or Down - April 27, 10:15PM-10:20PM ET",UP,Up,2.0,0.55,,WIN,YES,1.6363636363636362,Up,0xf86232315d42290eb0dc1261c20a1a01bd2960245d918c38e7a96ed895b2f1e3,49578415981815370623096973560366396029149773268288222561518876941349200738676
2026-04-28T02:15:03.882510+00:00,2026-04-28T02:27:29.445205+00:00,momentum,"Bitcoin Up or Down - April 27, 10:15PM-10:20PM ET",UP,Up,2.0,0.55,,WIN,YES,1.6363636363636362,Up,0x75c73716f37b2977f65e0c1c031fdfb8479115d563d29a99d9f19ae046563a0c,14837532583820499431919874331594897417433443889642723526561174332188938565609
2026-04-28T02:15:07.246351+00:00,2026-04-28T02:27:29.491481+00:00,momentum,"Solana Up or Down - April 27, 10:15PM-10:20PM ET",DOWN,Down,2.0,0.55,,LOSS,NO,-2.0,Up,0x3ccc74dcf60f8affe3fb1d60d8f5d8e812af25ce7e2df6fbda3c6417de23f149,19590476978562819964502541994030895730946990775946787374683817344205765905592
2026-04-28T02:15:00.767231+00:00,2026-04-28T02:28:29.074102+00:00,momentum,"XRP Up or Down - April 27, 10:15PM-10:20PM ET",DOWN,Down,2.0,0.51,,LOSS,NO,-2.0,Up,0xc28c10ee27575e1ea2cf8cce4834141264e009ac6769840054f6075bed5ed81b,106100427228005153463959328362034746042352677759863485984495800606539040544618
2026-04-28T02:20:00.589795+00:00,2026-04-28T02:29:30.071693+00:00,momentum,"Bitcoin Up or Down - April 27, 10:20PM-10:25PM ET",DOWN,Down,2.0,0.6,,WIN,YES,1.3333333333333335,Down,0xb8673bcfd49a6436f09a7ea93a57156e6255f2a2bf9da9a901040be061d48517,91688554134322967905903640093365412372212672839308955755423979302952022305902
2026-04-28T02:20:00.456181+00:00,2026-04-28T02:30:29.784145+00:00,momentum,"Ethereum Up or Down - April 27, 10:20PM-10:25PM ET",UP,Up,2.0,0.55,,LOSS,NO,-2.0,Down,0x4130cd0d3b94713ef830f36603d8fae17f003bb01bb5abd1cf25cc39295088dc,64624396726315402347092524479960181790040377788735151944803351367902123956813
2026-04-28T02:20:00.639378+00:00,2026-04-28T02:30:29.972436+00:00,momentum,"Solana Up or Down - April 27, 10:20PM-10:25PM ET",UP,Up,2.0,0.51,,LOSS,NO,-2.0,Down,0x5e34a25d4ec5b2e499a3e9939f42e37611ea29a97a035e2e9b103d5d92e38eab,28076991587945221205769421131098418719365998320759286557715703034727798283865
2026-04-28T02:20:00.523828+00:00,2026-04-28T02:31:30.922745+00:00,momentum,"XRP Up or Down - April 27, 10:20PM-10:25PM ET",DOWN,Down,2.0,0.63,,WIN,YES,1.1746031746031744,Down,0x624c3b2c7cbf2f106c2fbf38df1c74e541fb4f3517c4fb37c76e84528ba031f4,74001591605279018497660144951841355744497753327232176860876420465509339721274
2026-04-28T02:25:07.496135+00:00,2026-04-28T02:35:32.863662+00:00,momentum,"Ethereum Up or Down - April 27, 10:25PM-10:30PM ET",DOWN,Down,4.0,0.51,,WIN,YES,3.8431372549019605,Down,0x3d06528b3c86ca205a24a6a02dc65413287b2ec90ff40800140881c0cc605993,108438707185075998941541859613899365567014828866661899526006715524269413146119
2026-04-28T02:25:01.079165+00:00,2026-04-28T02:36:32.850024+00:00,momentum,"Bitcoin Up or Down - April 27, 10:25PM-10:30PM ET",UP,Up,2.0,0.52,,LOSS,NO,-2.0,Down,0xec23fa05013735a038cccc17351dfb8858713bac9585125b20cb2a65222fada8,51816138152099558467897835250267704111870537137994895679338186502403248423785
2026-04-28T02:25:01.187000+00:00,2026-04-28T02:36:33.127614+00:00,momentum,"XRP Up or Down - April 27, 10:25PM-10:30PM ET",DOWN,Down,2.0,0.51,,WIN,YES,1.9215686274509802,Down,0x3a7723956ffe5d5ca127e77c289b27b93f2151cbcbeb6ffd5f7ea613f22c7494,78474517709283864863669123022411694602712666881931161323034307350678114614088
2026-04-28T02:25:01.131559+00:00,2026-04-28T02:37:33.679525+00:00,momentum,"Solana Up or Down - April 27, 10:25PM-10:30PM ET",DOWN,Down,2.0,0.51,,WIN,YES,1.9215686274509802,Down,0x57746d33fbf29eb8c5c470bbfc7c4a878d77e18a9613b8155f24f300752675fc,109475766259574248101875587644086751324198587398675536214107044921345407863408
2026-04-28T02:30:01.149863+00:00,2026-04-28T02:41:36.383009+00:00,momentum,"Solana Up or Down - April 27, 10:30PM-10:35PM ET",DOWN,Down,2.0,0.51,,WIN,YES,1.9215686274509802,Down,0x91eeb9cbc802a767f2630f842dac7921566315ddf2cc772c2fe01b7e446c76f4,26213017841758409454583583728988125961523915888436608032636426647623362897147
2026-04-28T02:30:01.190886+00:00,2026-04-28T02:42:36.890959+00:00,momentum,"Ethereum Up or Down - April 27, 10:30PM-10:35PM ET",UP,Up,2.0,0.55,,LOSS,NO,-2.0,Down,0x2038483bd049b5e44edc76741483a3d1985f5ffe8094106822207eb4e27f6415,77008070949978867557009861541973627084534926462678904630542394820689301294016
2026-04-28T02:30:02.231618+00:00,2026-04-28T02:42:37.044468+00:00,momentum,"XRP Up or Down - April 27, 10:30PM-10:35PM ET",DOWN,Down,2.0,0.72,,WIN,YES,0.7777777777777777,Down,0x9f61112c8ad5c1efbc07b69957a64f0632a52129cf82055459624736d21c9591,59686785910914264329562988759986294932473512276549661524910776587321864100849
2026-04-28T02:30:01.109644+00:00,2026-04-28T02:43:37.328371+00:00,momentum,"Bitcoin Up or Down - April 27, 10:30PM-10:35PM ET",UP,Up,2.0,0.68,,LOSS,NO,-2.0,Down,0x37528e552edfb2c9d6c95adc61335eedba6bea2d74e8150080881c57ac219e0e,47730472495296380969352563711282170024158121008764130326434871120753194470352
2026-04-28T02:35:01.643760+00:00,2026-04-28T02:44:38.502188+00:00,momentum,"Bitcoin Up or Down - April 27, 10:35PM-10:40PM ET",UP,Up,2.0,0.52,,LOSS,NO,-2.0,Down,0x28b5141ae10fd7529ea840e4ddd46b214b1a85be3651ed469ed79ff45ec5533f,31443128992752190322798725598099956943593499618469614501568020135208164197768
2026-04-28T02:35:00.446154+00:00,2026-04-28T02:45:38.735146+00:00,momentum,"Solana Up or Down - April 27, 10:35PM-10:40PM ET",DOWN,Down,2.0,0.515,,WIN,YES,1.883495145631068,Down,0x6eaee035e899b0a1059fee356aa2ee80ab3d9c4d1486b2c2c221b23ceeafafe7,81081147333243955194398176186722147601039654333016583638176460650510931621854
2026-04-28T02:35:00.491340+00:00,2026-04-28T02:45:38.776037+00:00,momentum,"Ethereum Up or Down - April 27, 10:35PM-10:40PM ET",UP,Up,2.0,0.525,,LOSS,NO,-2.0,Down,0x4ebb282442abd7156b653bf08e873e05fba857592ef5ee5457f6ecf943b4e334,14443718865537231557194178162800290033687756157263173740219216861204658040050
2026-04-28T02:35:04.801383+00:00,2026-04-28T02:45:38.816632+00:00,momentum,"XRP Up or Down - April 27, 10:35PM-10:40PM ET",UP,Up,2.0,0.54,,LOSS,NO,-2.0,Down,0xec571f93d08bbe87f9b49ee217eacdf9447e9fc116be5287c30ee45fde495068,50694310840832181124848355937068011879315818054324031797917134714181135404664
2026-04-28T02:40:00.224334+00:00,2026-04-28T02:50:40.258071+00:00,momentum,"XRP Up or Down - April 27, 10:40PM-10:45PM ET",UP,Up,4.0,0.515,,LOSS,NO,-4.0,Down,0x6849af6602352b1c857e70b915448e3b4b38d6abe09cd288675cbd01d2f80f01,83209662444636018325102598290128593688394974213113033503261449563961751331847
2026-04-28T02:40:00.265967+00:00,2026-04-28T02:50:40.304587+00:00,momentum,"Solana Up or Down - April 27, 10:40PM-10:45PM ET",UP,Up,2.0,0.52,,LOSS,NO,-2.0,Down,0x409a724b3cb29736b732fa19ec4e94e61bd6ad8a00525d29889dd6986cab708e,1163612845445719629059884538268328365272685718401135116430098527429389232708
2026-04-28T02:40:00.180262+00:00,2026-04-28T02:51:40.313914+00:00,momentum,"Ethereum Up or Down - April 27, 10:40PM-10:45PM ET",UP,Up,4.0,0.545,,LOSS,NO,-4.0,Down,0x0d7ed96847697a4065b6c724f6908729507094b6ba99b02d4e663df2214bd6f4,99313229274045906866022769126968671668405083481342685863571655916220545311268
2026-04-28T02:40:01.378089+00:00,2026-04-28T02:51:40.353345+00:00,momentum,"Bitcoin Up or Down - April 27, 10:40PM-10:45PM ET",UP,Up,4.0,0.56,,LOSS,NO,-4.0,Down,0x04c5b5067652d6a77bb8ec06941c9c5088e418e6227ed2d891a2103538648a03,14792891855607244763969149828539513603359683239779113825647128004494214476333
2026-04-28T02:45:00.723913+00:00,2026-04-28T02:53:41.895931+00:00,momentum,"Solana Up or Down - April 27, 10:45PM-10:50PM ET",UP,Up,4.0,0.525,,WIN,YES,3.6190476190476186,Up,0x50bbdb9f500d55a0241971a5e3e16c34b1553b773ee3977779c43af827bf0b38,20938821311331905721963026671675471949297625671455293798921072340963834996507
2026-04-28T02:45:01.918514+00:00,2026-04-28T02:53:42.180932+00:00,momentum,"Ethereum Up or Down - April 27, 10:45PM-10:50PM ET",UP,Up,8.0,0.59,,WIN,YES,5.559322033898306,Up,0x42ddba7645b93e83ffd2dbe29c80105236785571e899865fb80be1f199d5cce8,52447415746573701307666823199122207602519870913054775717236050438870316963398
2026-04-28T02:45:00.682132+00:00,2026-04-28T02:54:41.736504+00:00,momentum,"Bitcoin Up or Down - April 27, 10:45PM-10:50PM ET",UP,Up,8.0,0.545,,LOSS,NO,-8.0,Down,0x4c49b5a7cc99e7d0844b5e688db2dc3ab0dab6f5c36b785f3f722ab2f1d6ec13,86388896878587811439596165538570326586496432018310971290254713359714620350950
2026-04-28T02:45:00.767126+00:00,2026-04-28T02:54:41.912536+00:00,momentum,"XRP Up or Down - April 27, 10:45PM-10:50PM ET",UP,Up,2.0,0.525,,WIN,YES,1.8095238095238093,Up,0xa30d02ab7220df14645cdc3462003fa6af15b5f5407d97ca4e12d9cf2b91ff7d,42006668345747968684927389515778104719860924018986753920198351517489367050103
2026-04-28T02:50:00.871043+00:00,2026-04-28T02:59:44.491156+00:00,momentum,"Ethereum Up or Down - April 27, 10:50PM-10:55PM ET",UP,Up,2.0,0.53,,WIN,YES,1.773584905660377,Up,0x1218103edbe7d213dffdab3beefb52c7e160f199e58f9a105d8ca70d9ccede2e,14243428030378510004301021147886831233370627730913420668624384485676023518620
2026-04-28T02:50:00.915193+00:00,2026-04-28T03:00:44.955485+00:00,momentum,"XRP Up or Down - April 27, 10:50PM-10:55PM ET",UP,Up,2.0,0.51,,WIN,YES,1.9215686274509802,Up,0xbc3161f8db691865831039c02075b1c83184d43148fa57455786428062c015db,75523740199081855182113873190069180137887182616865727364160619427243238646394
2026-04-28T02:50:01.001165+00:00,2026-04-28T03:00:45.339977+00:00,momentum,"Solana Up or Down - April 27, 10:50PM-10:55PM ET",UP,Up,2.0,0.52,,WIN,YES,1.8461538461538458,Up,0x52018e9c85eb70876621d7801a6198fef8fd35c1612725fe8feddd26bd9e141b,56031868898708938923461519268458513129154275485255714351462254867913319417046
2026-04-28T02:50:00.957274+00:00,2026-04-28T03:01:45.073575+00:00,momentum,"Bitcoin Up or Down - April 27, 10:50PM-10:55PM ET",UP,Up,16.0,0.58,,WIN,YES,11.586206896551726,Up,0x6dcdc05987c58a8be07babe31b5c9a0fbfa6a7c90ea5120040a34fd0c6d9bba2,114909366318925853075418670238402231318310239574336396628629659197917515310082
2026-04-28T02:55:00.152872+00:00,2026-04-28T03:05:47.595095+00:00,momentum,"Solana Up or Down - April 27, 10:55PM-11:00PM ET",UP,Up,2.0,0.515,,WIN,YES,1.883495145631068,Up,0xc3bb8d668ee631def339508a1b6171eb7588edc9d4ce1614d35499c050b520bf,78518067098167027635987423330049400844498100489717507369527680262476417107470
2026-04-28T02:55:00.237233+00:00,2026-04-28T03:05:47.910670+00:00,momentum,"XRP Up or Down - April 27, 10:55PM-11:00PM ET",UP,Up,2.0,0.515,,WIN,YES,1.883495145631068,Up,0xc9ef6d15e93cdec26a5aad8e4c0e3cae77d319ced527e7416d2d394113641f94,75886388735966062167307794899131395879636542203367705529905466750979834758167
2026-04-28T02:55:00.111356+00:00,2026-04-28T03:06:47.526296+00:00,momentum,"Bitcoin Up or Down - April 27, 10:55PM-11:00PM ET",DOWN,Down,2.0,0.565,,LOSS,NO,-2.0,Up,0x749a2f654ed6940508180c7a2495ae0a8a524583707e7c21df548b7c4b457e38,83155215009534843913376407556557355255406563187180124770994578853369225460554
2026-04-28T02:55:00.195765+00:00,2026-04-28T03:06:47.678780+00:00,momentum,"Ethereum Up or Down - April 27, 10:55PM-11:00PM ET",UP,Up,2.0,0.515,,WIN,YES,1.883495145631068,Up,0xf8acc4ff1f3f9d5f9c01c8545fa9a5b301a38a2cb5e7f52ea0a21bc22dd3f7b9,1454751209179287091567950185793511210530859901165215442653210951722346025252
2026-04-28T03:00:00.253637+00:00,2026-04-28T03:08:48.517075+00:00,momentum,"Ethereum Up or Down - April 27, 11:00PM-11:05PM ET",UP,Up,2.0,0.51,,LOSS,NO,-2.0,Down,0x61af245b8a5af581c6ba1da79053d0a77efd15c26c247349fbc0cd35abc89aea,83563038339557983044217895370081929818486916477071234635097276008710718984207
2026-04-28T03:00:00.299089+00:00,2026-04-28T03:08:48.556608+00:00,momentum,"Bitcoin Up or Down - April 27, 11:00PM-11:05PM ET",UP,Up,4.0,0.52,,LOSS,NO,-4.0,Down,0xc8c4013294b64bd3a4d9fc52d84ea5999fbc871843ee787ef62520894a3d3aa6,56770522715248047002233895550275483263211213429564359096560923730471394206316
2026-04-28T03:00:00.349654+00:00,2026-04-28T03:08:48.600383+00:00,momentum,"Solana Up or Down - April 27, 11:00PM-11:05PM ET",UP,Up,2.0,0.51,,LOSS,NO,-2.0,Down,0x01aafa79e6b092ed67bfc8a827941f3dec90742bb441f2f160d82641e65cf7ce,3847075447156722101840719185241606884358054415835049493037775785397575603655
2026-04-28T03:01:01.171278+00:00,2026-04-28T03:12:49.590162+00:00,momentum,"XRP Up or Down - April 27, 11:00PM-11:05PM ET",UP,Up,2.0,0.53,,LOSS,NO,-2.0,Down,0x0c46ea602c6a558d222a1d6c322637049647657e27f59ebfbc166b948be997af,75361099976482374836077494686831953355466691277098745533489154013162537271427
2026-04-28T03:05:00.680324+00:00,2026-04-28T03:15:51.567201+00:00,momentum,"Ethereum Up or Down - April 27, 11:05PM-11:10PM ET",UP,Up,4.0,0.53,,LOSS,NO,-4.0,Down,0xa515058860bd133bd8acdad407b5db5c5680f480b5b7135f49b40755a03a1857,47922520084389374718130300022048741749410200821099892966560515715234542310631
2026-04-28T03:05:06.858736+00:00,2026-04-28T03:15:51.611380+00:00,momentum,"Bitcoin Up or Down - April 27, 11:05PM-11:10PM ET",UP,Up,8.0,0.55,,LOSS,NO,-8.0,Down,0x0625cde35f435d1e614d4b38700b35b58c21d51b6260171ad1bb7579765275a2,112204393273397111683364591423232511836380040556259203205315883876799879954885
2026-04-28T03:05:13.041326+00:00,2026-04-28T03:15:51.767968+00:00,momentum,"Solana Up or Down - April 27, 11:05PM-11:10PM ET",UP,Up,2.0,0.63,,WIN,YES,1.1746031746031744,Up,0x437d8e90d50711d3ab3f74f3ebb3839e2e966fd177af6d2e1fd39f0dd5a1a1f6,23908786154688732891426773371668531975213828645630111846067255409179871519096
2026-04-28T03:05:13.094787+00:00,2026-04-28T03:15:51.812742+00:00,momentum,"XRP Up or Down - April 27, 11:05PM-11:10PM ET",UP,Up,2.0,0.54,,LOSS,NO,-2.0,Down,0x4d04834a268da35da64d084c17426a2656aa5976679a1ea075da34b002027d6d,29148179985761537630849167800813168011129316780534556279204352983019256009361
2026-04-28T03:10:04.777974+00:00,2026-04-28T03:20:54.718422+00:00,momentum,"Solana Up or Down - April 27, 11:10PM-11:15PM ET",UP,Up,2.0,0.52,,WIN,YES,1.8461538461538458,Up,0x2ac524fc5043bf1897ab2374a86d6bbefc874f1b8bc5a759a9153ad5306ad065,107202104099365164597471043130272797386958160163133622173979598826677997168753
2026-04-28T03:10:00.263264+00:00,2026-04-28T03:21:54.130863+00:00,momentum,"Bitcoin Up or Down - April 27, 11:10PM-11:15PM ET",UP,Up,16.0,0.515,,LOSS,NO,-16.0,Down,0x4a6d002aaf2833972500dabf6c9840ca7f0c70ffe307b0c9bfb9ce718cd5f082,51307974139278579869217941336621808074260370109913945663566080556348073676511
2026-04-28T03:10:01.394777+00:00,2026-04-28T03:21:54.287376+00:00,momentum,"Ethereum Up or Down - April 27, 11:10PM-11:15PM ET",UP,Up,8.0,0.55,,WIN,YES,6.545454545454545,Up,0x50a92eab6464d928e447bd1d2ab2f5bb00929ccf25e0cdf71aca64e88dc41530,74658219734379301758638520590950348938131572378027424860547131454937671211251
2026-04-28T03:10:01.458380+00:00,2026-04-28T03:21:54.436803+00:00,momentum,"XRP Up or Down - April 27, 11:10PM-11:15PM ET",UP,Up,4.0,0.51,,WIN,YES,3.8431372549019605,Up,0x2e018903f18a3671525a03f3b7d419766c16a30544b63c7a03fa9a089078f4fc,109276288049942592149783852995357019992068894265789224220877739915036261915631
2026-04-28T03:15:00.571916+00:00,2026-04-28T03:26:58.008038+00:00,momentum,"Bitcoin Up or Down - April 27, 11:15PM-11:20PM ET",UP,Up,32.0,0.51,,LOSS,NO,-32.0,Down,0x1d12ba12d99b0694d44376fe6cdafa085f462b7c0e23d04d5e09c2ba06bd9ba1,39388558935145461599634084296852234325712992734781555054136349700604467057113
2026-04-28T03:15:00.619614+00:00,2026-04-28T03:26:58.057419+00:00,momentum,"Ethereum Up or Down - April 27, 11:15PM-11:20PM ET",UP,Up,2.0,0.54,,LOSS,NO,-2.0,Down,0x15d85c8df787423e15e27a2f6c75aade86ff4cb7e0f9b024db0ee0a6bfc84ff7,45292408396746646671109516123564885819752239533200083127560575324541272282175
2026-04-28T03:15:00.667142+00:00,2026-04-28T03:26:58.104390+00:00,momentum,"XRP Up or Down - April 27, 11:15PM-11:20PM ET",UP,Up,2.0,0.51,,LOSS,NO,-2.0,Down,0xaf0735b8679e78911a93b186103a9ced9f71168df8d27cccbacd753b73eefb2a,12974704768318843770866583715207721801043490598068246892739531771805860565175
2026-04-28T03:15:00.711097+00:00,2026-04-28T03:27:58.837859+00:00,momentum,"Solana Up or Down - April 27, 11:15PM-11:20PM ET",UP,Up,2.0,0.51,,LOSS,NO,-2.0,Down,0xfcbd68c6f0dfd9bd2ba9fbbefde296769d9c4b81169e99b94494fb52579e22ff,39892503948966099417411375784120809735716755946219043911461876219143571350070
2026-04-28T03:20:00.220788+00:00,2026-04-28T03:29:59.555037+00:00,momentum,"Ethereum Up or Down - April 27, 11:20PM-11:25PM ET",UP,Up,4.0,0.53,,LOSS,NO,-4.0,Down,0x90292ab96d140bacd905f4a524a1ccc054329a0cedba2b5a1e79b46e95ebf982,59534000602074559934183328316497471888317242581508219774461815578590738296559
2026-04-28T03:20:06.413263+00:00,2026-04-28T03:29:59.599462+00:00,momentum,"XRP Up or Down - April 27, 11:20PM-11:25PM ET",UP,Up,2.0,0.57,,LOSS,NO,-2.0,Down,0xa91af606d25be8b33496a7f2a0abf797648b25053f04dc499960dd5a20c825a3,45654578151304041690265147610057135006280646272663463374252022929309762495442
2026-04-28T03:20:12.593677+00:00,2026-04-28T03:29:59.642421+00:00,momentum,"Solana Up or Down - April 27, 11:20PM-11:25PM ET",UP,Up,2.0,0.56,,LOSS,NO,-2.0,Down,0x3e8ce4eae18628e89d8e04885cbfa0645cba8064e0d2f2f43b0fde2dcbff9fe2,18498229258849997478747539824685653174588815411537406528580211574411472806130
2026-04-28T03:20:00.178084+00:00,2026-04-28T03:30:59.809925+00:00,momentum,"Bitcoin Up or Down - April 27, 11:20PM-11:25PM ET",UP,Up,64.0,0.54,,LOSS,NO,-64.0,Down,0x13f1ab73de80f9c83ce78fe51b2801b78afaf032b18ac07fe87d211228427c0e,23684051075513610364253709995334071594622154536481850508276266538516255094267
2026-04-28T03:25:00.275951+00:00,2026-04-28T03:36:03.111984+00:00,momentum,"Bitcoin Up or Down - April 27, 11:25PM-11:30PM ET",UP,Up,128.0,0.58,,WIN,YES,92.68965517241381,Up,0x5df15cbe620bf57c6ef6de49559de789754addb01152b9d12763de9db27d6bdd,104878384220784221930649777668874741351703922020364175918747190195545202955306
2026-04-28T03:25:00.356883+00:00,2026-04-28T03:36:03.276972+00:00,momentum,"Solana Up or Down - April 27, 11:25PM-11:30PM ET",DOWN,Down,2.0,0.51,,LOSS,NO,-2.0,Up,0x59951167a6e5f76674d7ddd722ef76a21869b624eb2f93cb50c763a5aa8c8d14,22611457424397358380837130111577350542193287788625101210634968346376728693951
2026-04-28T03:25:00.400156+00:00,2026-04-28T03:36:03.437291+00:00,momentum,"XRP Up or Down - April 27, 11:25PM-11:30PM ET",UP,Up,2.0,0.51,,WIN,YES,1.9215686274509802,Up,0xd222cfaa1973736a6061033474c5d57833a0f06ec935295d44e2f19233926cd0,109679675175470890966015387823422676852077230695032512224234931243551549235347
2026-04-28T03:25:00.316111+00:00,2026-04-28T03:37:03.469465+00:00,momentum,"Ethereum Up or Down - April 27, 11:25PM-11:30PM ET",UP,Up,8.0,0.56,,WIN,YES,6.285714285714285,Up,0x7a2f815ba9a563503145c2cd35fe58845c5f7d3267be9f814b3d3076899f417a,45976692807810307491408574865110225568570419830858911191831679821052707219763
2026-04-28T03:30:01.247307+00:00,2026-04-28T03:39:04.708979+00:00,momentum,"Ethereum Up or Down - April 27, 11:30PM-11:35PM ET",UP,Up,2.0,0.515,,WIN,YES,1.883495145631068,Up,0x966587a2e3804ff4d20a951202431e908f62b6780a9028625ec69f7bebb67d34,35821867035130390125331758211707987513619609094832045961847608590660707732917
2026-04-28T03:30:03.405775+00:00,2026-04-28T03:39:04.861227+00:00,momentum,"Bitcoin Up or Down - April 27, 11:30PM-11:35PM ET",UP,Up,2.0,0.6,,WIN,YES,1.3333333333333335,Up,0x0d55efe4c84d54af56cfcb0c890e122931f1745f6f455227fae3bca1e080186d,4448165567671419180049744995575938875520333292369691677700038711951964877503
2026-04-28T03:30:06.511721+00:00,2026-04-28T03:39:04.906521+00:00,momentum,"Solana Up or Down - April 27, 11:30PM-11:35PM ET",DOWN,Down,4.0,0.56,,LOSS,NO,-4.0,Up,0x3e736d37d24828123ceedc42a31959d44b659db845b7bdff1ce5c856724e6802,17114931610229022838230785104502807085517811602352415848134526107300637211275
2026-04-28T03:30:18.943772+00:00,2026-04-28T03:39:04.946680+00:00,momentum,"XRP Up or Down - April 27, 11:30PM-11:35PM ET",DOWN,Down,2.0,0.53,,LOSS,NO,-2.0,Up,0x3105fce89d47e7f318d8c3ad4b3611afaa53fd38fa5143de52d6fb1ea042dab0,70438211468591707975367616787940930349911396839371262766102809155456906952571
2026-04-28T03:35:01.073883+00:00,2026-04-28T03:45:08.066910+00:00,momentum,"Ethereum Up or Down - April 27, 11:35PM-11:40PM ET",UP,Up,2.0,0.515,,LOSS,NO,-2.0,Down,0x3f89be0826828b205d1d30d4134967e5acbb86a3b6d63587fd2e9fd455ddfe18,53940893726163340148149813302648916051773483862030160657769143667782678926150
2026-04-28T03:35:01.111930+00:00,2026-04-28T03:45:08.109311+00:00,momentum,"XRP Up or Down - April 27, 11:35PM-11:40PM ET",UP,Up,2.0,0.515,,LOSS,NO,-2.0,Down,0x9b7022e75f92fbae1105cc8b44845163b262c459e47e18636c6d1e8d56fca556,39427939667975574871462848738111196558243764632370925457384340485949712715877
2026-04-28T03:35:01.036406+00:00,2026-04-28T03:46:08.875160+00:00,momentum,"Bitcoin Up or Down - April 27, 11:35PM-11:40PM ET",DOWN,Down,2.0,0.51,,WIN,YES,1.9215686274509802,Down,0x53b143ce1be22d605b67b8bdc14264024f1c5ce5adb229779496f71b2871570b,69933599248901601142370640620877240642694467397496887641863230876157634951883
2026-04-28T03:35:12.057874+00:00,2026-04-28T03:46:08.921368+00:00,momentum,"Solana Up or Down - April 27, 11:35PM-11:40PM ET",UP,Up,8.0,0.52,,LOSS,NO,-8.0,Down,0x5fbd451cdf033d513119826e01458577f0d56e41106be948a019ee9aeaf42df5,77847871556362173326197031372916797598386105420605860337585796173837792878051
2026-04-28T03:40:00.650447+00:00,2026-04-28T03:51:10.579673+00:00,momentum,"Ethereum Up or Down - April 27, 11:40PM-11:45PM ET",DOWN,Down,4.0,0.515,,WIN,YES,3.766990291262136,Down,0xcf0bd5bfda76992d0f9d366ea45bf2de143af38b4ca233980ef1d4def852f4ee,10847700849083152898092482047373390104634167028585361256001945847555735956855
2026-04-28T03:40:01.750589+00:00,2026-04-28T03:52:11.154420+00:00,momentum,"XRP Up or Down - April 27, 11:40PM-11:45PM ET",UP,Up,8.0,0.51,,LOSS,NO,-8.0,Down,0xe51389ce4486ae03fef20395478a3106564e72a2fe7f8354220194ab3b5c0e53,105542537005691667290745026548296074018280623385828700995837098991213233145089
2026-04-28T03:40:04.865116+00:00,2026-04-28T03:52:11.353518+00:00,momentum,"Bitcoin Up or Down - April 27, 11:40PM-11:45PM ET",DOWN,Down,2.0,0.55,,WIN,YES,1.6363636363636362,Down,0xb8746a4b5b12b9d065c6d104de5d05a32cc0fb933451c7f7db3545110620f796,33408021750775755467493627445244782847914475862587324311193479614950568520581
2026-04-28T03:40:04.904044+00:00,2026-04-28T03:52:11.535316+00:00,momentum,"Solana Up or Down - April 27, 11:40PM-11:45PM ET",DOWN,Down,16.0,0.54,,WIN,YES,13.629629629629626,Down,0x3343147f832ce3cde038ea8f036b76591b5b715e98092cb560f6b4cee4d4ebaa,68099978832394093093579080753907177437442352640913305868155642041008236896464
2026-04-28T03:45:02.551549+00:00,2026-04-28T03:53:12.457969+00:00,momentum,"XRP Up or Down - April 27, 11:45PM-11:50PM ET",DOWN,Down,16.0,0.51,,LOSS,NO,-16.0,Up,0x8191a4959a589042e2b4ba582451cbc8c46aaa36e56852ca0ceee16aaa179ea3,83897866858809426770165878145057783019345728406633929580438075918349180084124
2026-04-28T03:45:02.466201+00:00,2026-04-28T03:54:13.248771+00:00,momentum,"Bitcoin Up or Down - April 27, 11:45PM-11:50PM ET",DOWN,Down,2.0,0.51,,LOSS,NO,-2.0,Up,0x5fcd212941c5bc22eb201f194f8961e06ab4068390afb19c776e79d9e1ead4e3,106786714776431213224851637616536923896688330282673503113348915911217236308758
2026-04-28T03:45:02.510072+00:00,2026-04-28T03:54:13.427441+00:00,momentum,"Ethereum Up or Down - April 27, 11:45PM-11:50PM ET",UP,Up,2.0,0.51,,WIN,YES,1.9215686274509802,Up,0xb816f919646b59bbc5850da6abca1288523681862bc2ad4a46adb56bfe114bb2,31366807985668452092770246472756423752390808840188787179781819129518591430651
2026-04-28T03:45:05.649706+00:00,2026-04-28T03:54:13.589550+00:00,momentum,"Solana Up or Down - April 27, 11:45PM-11:50PM ET",UP,Up,2.0,0.54,,WIN,YES,1.7037037037037033,Up,0x7ad9ae70e7ada47c5c133d29808ab9130cda9866c7ac54b5548c3d73dcdd9faf,70674054471799948976340586576304890624958264480262849667096857279454648815839
2026-04-28T03:50:01.030839+00:00,2026-04-28T04:00:16.442345+00:00,momentum,"Bitcoin Up or Down - April 27, 11:50PM-11:55PM ET",UP,Up,4.0,0.525,,LOSS,NO,-4.0,Down,0xc5e0136763f13b8a73fefe2c308acba75d26969dc05569264068b7a210c88bc2,115495880036825177001268320971685361311802964718799268276193987971791877552133
2026-04-28T03:50:03.192300+00:00,2026-04-28T04:00:16.750265+00:00,momentum,"Solana Up or Down - April 27, 11:50PM-11:55PM ET",UP,Up,2.0,0.51,,WIN,YES,1.9215686274509802,Up,0x20cf27a9da4e1e5d13f838c927a1edb24cc26d490b0f264e8f81fd7b4c0c7a9e,7204823440653640747115464709712227388499867721656856253677877488549079303104
2026-04-28T03:50:06.672830+00:00,2026-04-28T04:00:16.891963+00:00,momentum,"XRP Up or Down - April 27, 11:50PM-11:55PM ET",UP,Up,32.0,0.67,,WIN,YES,15.761194029850742,Up,0x1a6448d3beaa0cae39b3d2e1d2a8046f2568ca80ceb54ea721a657202b6ae6bd,107499014070635803347540046469284067719123738616602759478469111480879320029477
2026-04-28T03:50:03.151911+00:00,2026-04-28T04:01:17.463837+00:00,momentum,"Ethereum Up or Down - April 27, 11:50PM-11:55PM ET",UP,Up,2.0,0.52,,WIN,YES,1.8461538461538458,Up,0xe46c0774161147bba8f453689a5a11b577b3dc94e496ecbfb07b9301b82518e0,86317639536034857901003428668797008654261843434444537008139421616009562423195
2026-04-28T03:55:19.494272+00:00,2026-04-28T04:05:20.182778+00:00,momentum,"Solana Up or Down - April 27, 11:55PM-12:00AM ET",UP,Up,2.0,0.53,,WIN,YES,1.773584905660377,Up,0x12f82651a890750c3a76c0a5d536208c7804b925c522946f48e70ce4d7655d68,2537735631161171380811508578693682944707636518884155054226537162671505532837
2026-04-28T03:55:00.927428+00:00,2026-04-28T04:06:19.695376+00:00,momentum,"Ethereum Up or Down - April 27, 11:55PM-12:00AM ET",DOWN,Down,2.0,0.51,,LOSS,NO,-2.0,Up,0x3b26d6b852428652d4c5bb4a4b10efabb05e320ada78cafe78df19a8492c3aed,107355018687983709875004009774558988519583109476489155155720411975291281591428
2026-04-28T03:55:00.998405+00:00,2026-04-28T04:06:19.850490+00:00,momentum,"Bitcoin Up or Down - April 27, 11:55PM-12:00AM ET",UP,Up,8.0,0.54,,WIN,YES,6.814814814814813,Up,0x75b4148c82c574826fd1cebed66037010bfb5c89c32d62ceb3b7a1af02be45b1,108757996390559259934448332219953462436070240107888773228686602911387232050685
2026-04-28T03:55:01.060573+00:00,2026-04-28T04:06:20.000565+00:00,momentum,"XRP Up or Down - April 27, 11:55PM-12:00AM ET",UP,Up,2.0,0.51,,WIN,YES,1.9215686274509802,Up,0x94505360b38176f8beecd5858530af022e6ea3420f73fdcd309f10a5ec45c5c5,98473397609529295724644787224900288499693027141601438434963819570976956245825
2026-04-28T04:00:03.166044+00:00,2026-04-28T04:08:21.019096+00:00,momentum,"Bitcoin Up or Down - April 28, 12:00AM-12:05AM ET",DOWN,Down,2.0,0.51,,WIN,YES,1.9215686274509802,Down,0x6dbb2521adf3395c3718577bc24571903b53b672cc99c537e9364016cf2f46c4,47594113334880051963763610342298881393786320577621049064238462782371559170399
2026-04-28T04:00:01.008826+00:00,2026-04-28T04:09:20.941971+00:00,momentum,"Ethereum Up or Down - April 28, 12:00AM-12:05AM ET",DOWN,Down,2.0,0.515,,WIN,YES,1.883495145631068,Down,0xd2eb7c0eed6d575ca278173122ce3f172537e9c67e0f311a693a4853d9ac3440,61764764575215567048517153990877065579993439623772112844578644906307958394946
2026-04-28T04:00:03.211215+00:00,2026-04-28T04:09:21.094690+00:00,momentum,"XRP Up or Down - April 28, 12:00AM-12:05AM ET",DOWN,Down,2.0,0.51,,WIN,YES,1.9215686274509802,Down,0xba655dc5d23ac4d48b0b9672fbb703da0528fd71d739148887729564d45958b9,18459583048361705084000656025268960495104855440966980327004819812939141145831
2026-04-28T04:00:06.398954+00:00,2026-04-28T04:09:21.137316+00:00,momentum,"Solana Up or Down - April 28, 12:00AM-12:05AM ET",UP,Up,2.0,0.53,,LOSS,NO,-2.0,Down,0x2ec42b9e65808c12997a2c6be8460d33cbc52c782925833f620a14e47272156b,5901546578928986661185994213511299243487361250042511133805653900726234520034
2026-04-28T04:05:00.852522+00:00,2026-04-28T04:14:23.832981+00:00,momentum,"Solana Up or Down - April 28, 12:05AM-12:10AM ET",DOWN,Down,2.0,0.52,,WIN,YES,1.8461538461538458,Down,0xa46e185ea6d03d0236922d51032afacdfe9fc7eaf78d1075c331aeb4a98e1e4f,63851139796449294056740988719340076872010723900578587830743551615944310923903
2026-04-28T04:05:12.263276+00:00,2026-04-28T04:14:24.124403+00:00,momentum,"XRP Up or Down - April 28, 12:05AM-12:10AM ET",DOWN,Down,2.0,0.53,,LOSS,NO,-2.0,Up,0x59c410b7c7011f2bfce303a3ad6baf39f0ec5bfd19ffe76adfb8cf3cb1e466cb,47263468719842182798237331610382102753405809177300444269372535688690219631618
2026-04-28T04:05:06.063897+00:00,2026-04-28T04:15:24.667364+00:00,momentum,"Bitcoin Up or Down - April 28, 12:05AM-12:10AM ET",DOWN,Down,2.0,0.52,,LOSS,NO,-2.0,Up,0x4c74335802753d331e265bc5180275cdd00d828688ea6fc75ec66bca72493f87,42050217337749865893994360935717213486822323670884677176399080987579390906566
2026-04-28T04:05:06.100469+00:00,2026-04-28T04:16:25.409039+00:00,momentum,"Ethereum Up or Down - April 28, 12:05AM-12:10AM ET",DOWN,Down,2.0,0.52,,LOSS,NO,-2.0,Up,0xf5a50ddb0dea27234be62fb1f501cb4464acaee75d8d3a872f8c3f49f7ed9b1d,79479133154057234563927500120507819895842158146026186724886358231711737989753
2026-04-28T04:10:01.948129+00:00,2026-04-28T04:20:27.264265+00:00,momentum,"Bitcoin Up or Down - April 28, 12:10AM-12:15AM ET",UP,Up,4.0,0.52,,WIN,YES,3.6923076923076916,Up,0x2d53361a3dd31a1aa6e8e2ad8ba2846a08568610869147fc31edc660fd26f849,61130732912106164879030095948158464996940891957370328054611312560319491046393
2026-04-28T04:10:01.993945+00:00,2026-04-28T04:20:27.307348+00:00,momentum,"Solana Up or Down - April 28, 12:10AM-12:15AM ET",DOWN,Down,2.0,0.52,,LOSS,NO,-2.0,Up,0x9c0803f803e932541e924fd9677969327e1b070dc28498022dc4197e95b8a1d9,40816876201874910064136882087259239371107799054518526428973463473397633482763
2026-04-28T04:10:05.257213+00:00,2026-04-28T04:20:27.428787+00:00,momentum,"Ethereum Up or Down - April 28, 12:10AM-12:15AM ET",DOWN,Down,4.0,0.54,,LOSS,NO,-4.0,Up,0xefff56a1f39901e93493a6b93a289917dddb99611acdb28d64a2a81da01296dc,50466412677540361847565626756181769631085164100536303658655928099617894927459
2026-04-28T04:10:33.171713+00:00,2026-04-28T04:21:27.278831+00:00,momentum,"XRP Up or Down - April 28, 12:10AM-12:15AM ET",UP,Up,4.0,0.67,,WIN,YES,1.9701492537313428,Up,0xe595524f23489dabaa17578a7b98f9336f7d7035db34efb2c21eb4132b3f2455,37319721797969400710079515598414735726781750713052137768720639668866535096478
2026-04-28T04:15:01.337597+00:00,2026-04-28T04:23:29.077762+00:00,momentum,"XRP Up or Down - April 28, 12:15AM-12:20AM ET",UP,Up,2.0,0.51,,LOSS,NO,-2.0,Down,0x32c6423d5437408f81ae6927bc06a6121fc892ac53c61fd762366e3d7e1ccc29,66800574907286374277245907941789044125502870459076968375286368468637424915409
2026-04-28T04:15:00.204829+00:00,2026-04-28T04:24:29.132925+00:00,momentum,"Ethereum Up or Down - April 28, 12:15AM-12:20AM ET",DOWN,Down,4.0,0.55,,WIN,YES,3.2727272727272725,Down,0x8f3c9793312c718967ecbd362c47601780f1a5f1b48f080ffe239891bd4ec5df,97830510800229132991307181749509070970649376339921973117844871239224366391245
2026-04-28T04:15:00.246552+00:00,2026-04-28T04:24:29.284271+00:00,momentum,"Solana Up or Down - April 28, 12:15AM-12:20AM ET",DOWN,Down,2.0,0.51,,WIN,YES,1.9215686274509802,Down,0x08cd9ded7155c3495cf3fcc5ec8ab88f76b0e868ad4b9eebbe3b7a28488bff90,105633021653852864565831484491029783115795052264474273959796056463042765228982
2026-04-28T04:15:00.293098+00:00,2026-04-28T04:24:29.431222+00:00,momentum,"Bitcoin Up or Down - April 28, 12:15AM-12:20AM ET",DOWN,Down,2.0,0.51,,WIN,YES,1.9215686274509802,Down,0xd8acb708f9ecf19a3cb1f6b09c05fac444e6dcd00042099f5d944240618269a1,104641502036490111084382511658301673601993992940753672651179223218511434311429
2026-04-28T04:20:00.439555+00:00,2026-04-28T04:29:32.139071+00:00,momentum,"Bitcoin Up or Down - April 28, 12:20AM-12:25AM ET",UP,Up,2.0,0.51,,LOSS,NO,-2.0,Down,0x742175bb505e1777989d4c0dc1318344e9868ee4e68cf939528d46f5d7de4b18,106804847855957942473062415552278599316460038917946459297465467171499206472498
2026-04-28T04:20:00.494160+00:00,2026-04-28T04:29:32.356887+00:00,momentum,"Ethereum Up or Down - April 28, 12:20AM-12:25AM ET",DOWN,Down,2.0,0.53,,WIN,YES,1.773584905660377,Down,0x2ac6aff4e2c41f1e466cbd758b6d620920340d57639d39b64b8fe6d7df94c77f,73759753370236901974092492649460324813055738488026605056049912994339869841162
2026-04-28T04:20:00.544092+00:00,2026-04-28T04:29:32.514691+00:00,momentum,"Solana Up or Down - April 28, 12:20AM-12:25AM ET",DOWN,Down,2.0,0.52,,WIN,YES,1.8461538461538458,Down,0x659f1cde7f75e1e4b880179a7d3e89f35c697106a5eca7f3c98d0c8b0325a9fe,88561821742776485377267645428842152632087631678479869751633295971608163717968
2026-04-28T04:20:06.893954+00:00,2026-04-28T04:30:32.857739+00:00,momentum,"XRP Up or Down - April 28, 12:20AM-12:25AM ET",DOWN,Down,4.0,0.69,,WIN,YES,1.7971014492753632,Down,0xe1710810d5ab6371653a875f0cd2288f7e8ef85076ea0da5c56a30dcfa0e0178,75746334734859612018247056185748456593741928995167575960760964787036163500790
2026-04-28T04:25:00.279347+00:00,2026-04-28T04:36:34.887330+00:00,momentum,"Ethereum Up or Down - April 28, 12:25AM-12:30AM ET",DOWN,Down,2.0,0.52,,LOSS,NO,-2.0,Up,0xb9e18725ab5a7bf1312dc4ab6f2042e026c693ae0e0a386bd87100f7d045626e,52664209106450178644523303578842219774531409514340825643405574117210156339269
2026-04-28T04:25:01.395804+00:00,2026-04-28T04:36:35.043324+00:00,momentum,"Bitcoin Up or Down - April 28, 12:25AM-12:30AM ET",UP,Up,4.0,0.52,,WIN,YES,3.6923076923076916,Up,0x852d2d24bf142012a218f34c107121359dc5c276a435f2a85549c028bffc5706,76665817154710692341325682934082622253634755925587676773657389633665834027252
2026-04-28T04:25:01.453059+00:00,2026-04-28T04:36:35.084681+00:00,momentum,"Solana Up or Down - April 28, 12:25AM-12:30AM ET",UP,Up,2.0,0.51,,LOSS,NO,-2.0,Down,0x18cca607918d4fee6cc83ce09803cad2b20721dd034e24ca5699873b219401a7,33895478282553340798285636850445375880373136679010721118662560646374475318136
2026-04-28T04:25:13.772367+00:00,2026-04-28T04:36:35.241306+00:00,momentum,"XRP Up or Down - April 28, 12:25AM-12:30AM ET",DOWN,Down,2.0,0.51,,WIN,YES,1.9215686274509802,Down,0x27d671d2af51f94a82284d824c27b13a2059bc3d4345dd4acb641e54185886e4,60159991539913262284929750056090907934832508245849773889017934998368990625547
2026-04-28T04:30:00.766596+00:00,2026-04-28T04:41:36.637194+00:00,momentum,"Solana Up or Down - April 28, 12:30AM-12:35AM ET",UP,Up,2.0,0.515,,WIN,YES,1.883495145631068,Up,0xf689cb5a6da3c8f51d01a1a2c369e7a6f9821262167453b934eb4deee86902e6,90693900409517507708898621093553565712650084754584635805748971370093803977844
2026-04-28T04:30:00.717051+00:00,2026-04-28T04:42:36.909707+00:00,momentum,"Ethereum Up or Down - April 28, 12:30AM-12:35AM ET",DOWN,Down,4.0,0.515,,LOSS,NO,-4.0,Up,0x43c2a38a08d0ed0b560c82b80a35446787dcb227f0a9fb046c8411fa71c58ac3,58247313130103169645002471450036562361621953069707623686569403074353370117993
2026-04-28T04:30:00.816795+00:00,2026-04-28T04:43:37.606632+00:00,momentum,"Bitcoin Up or Down - April 28, 12:30AM-12:35AM ET",UP,Up,2.0,0.535,,WIN,YES,1.7383177570093458,Up,0xa304cfb7e22e3c8cffccf84d1fbd793a3e697591b76b304832d627a45ecbd539,9386232301612070213771584644223735602257896451141403316362318995377572633007
2026-04-28T04:30:12.276589+00:00,2026-04-28T04:43:37.768248+00:00,momentum,"XRP Up or Down - April 28, 12:30AM-12:35AM ET",UP,Up,2.0,0.51,,WIN,YES,1.9215686274509802,Up,0x74c7a6f3cc2157f3037bc6c70619724e791aff39487c465eba414845b69e3c6c,113456707205947952658873029297859353153049332291285475425531503652379980039540
2026-04-28T04:35:00.845387+00:00,2026-04-28T04:44:37.579587+00:00,momentum,"Solana Up or Down - April 28, 12:35AM-12:40AM ET",DOWN,Down,2.0,0.51,,LOSS,NO,-2.0,Up,0xee06e44f3c76850461c33af2ee184c32998b6a05a44647221a44f0c2a043e4ec,68944012955768490553616018469265249235578355534181258985242611016656588564525
2026-04-28T04:35:02.148169+00:00,2026-04-28T04:45:38.797290+00:00,momentum,"Bitcoin Up or Down - April 28, 12:35AM-12:40AM ET",DOWN,Down,2.0,0.62,,WIN,YES,1.2258064516129035,Down,0x654a5f6988479690bc9c7c1984fa2c69a80a1d55f296246c308d5d80fee2670d,86080511046183559224736678149455273839410352592561689534113367808316781638980
2026-04-28T04:35:02.249212+00:00,2026-04-28T04:45:38.961186+00:00,momentum,"Ethereum Up or Down - April 28, 12:35AM-12:40AM ET",DOWN,Down,2.0,0.54,,WIN,YES,1.7037037037037033,Down,0x45b27f0ecdf263cf99c797ecdb97fec4b0c342a8e13f6d8e29553e29affa619e,73275346458816347047222908239845235071462456618011815057904572064729377060746
2026-04-28T04:35:11.546558+00:00,2026-04-28T04:45:39.124073+00:00,momentum,"XRP Up or Down - April 28, 12:35AM-12:40AM ET",DOWN,Down,2.0,0.64,,WIN,YES,1.125,Down,0xcd62c281631e9857a71589f0a3d99bcea6f1b1af0a892b3f7041e4c468a7d3ed,19926378200353520320722181374144523851223870400526095030314323595509274060971
2026-04-28T04:40:02.150653+00:00,2026-04-28T04:50:41.393998+00:00,momentum,"Bitcoin Up or Down - April 28, 12:40AM-12:45AM ET",UP,Up,2.0,0.52,,WIN,YES,1.8461538461538458,Up,0xe15df7f205f1f6d93c6c14afe77aab093b7af56b4c9b9df1665cdd9b96a3dcb7,29584571543110500173667395347806340129632008066272812788079331628157558616372
2026-04-28T04:40:02.204454+00:00,2026-04-28T04:50:41.548758+00:00,momentum,"Ethereum Up or Down - April 28, 12:40AM-12:45AM ET",UP,Up,2.0,0.52,,WIN,YES,1.8461538461538458,Up,0x2e5d8e974a4b8c47cc39a97071351cc39ba064beb8b26e1be0b3a71468b661d3,48080449140867892157527783858147848078741739476970505918903689370416909590809
2026-04-28T04:40:02.263553+00:00,2026-04-28T04:51:42.304733+00:00,momentum,"Solana Up or Down - April 28, 12:40AM-12:45AM ET",UP,Up,2.0,0.54,,WIN,YES,1.7037037037037033,Up,0x6c1a5d2725b8ab7a87b8fb70a46cec2d21910c2b80ce93bad8cb80da956444e5,60309367567167726085084080424023446885648079898577087438250188129796271410853
2026-04-28T04:40:46.028805+00:00,2026-04-28T04:51:42.452438+00:00,momentum,"XRP Up or Down - April 28, 12:40AM-12:45AM ET",UP,Up,2.0,0.52,,WIN,YES,1.8461538461538458,Up,0x7362fb70544ea161d51e448b422ff0c882b7fe00802ffcc6a6bc195067d014a5,58103636625673298003586523890929845448913330034814385250148666698270025912086
2026-04-28T04:45:00.282730+00:00,2026-04-28T04:53:43.606259+00:00,momentum,"Ethereum Up or Down - April 28, 12:45AM-12:50AM ET",UP,Up,2.0,0.525,,WIN,YES,1.8095238095238093,Up,0x9e05cc9b94eb6c51095a992594cca413eabe7eaf112eaae9ad6c280263c9e8c8,73773673615863786554583757794469794434674985819458497800834507120632865603117
2026-04-28T04:45:17.497237+00:00,2026-04-28T04:53:44.024655+00:00,momentum,"XRP Up or Down - April 28, 12:45AM-12:50AM ET",UP,Up,2.0,0.64,,WIN,YES,1.125,Up,0x86965a7f0cc241af4e8ce8651072310a2a170e53de3f57c5763d88662ada9d73,36781734294502655190482763009371988176105414509758846839408821718577696176649
2026-04-28T04:45:01.458553+00:00,2026-04-28T04:54:43.779060+00:00,momentum,"Bitcoin Up or Down - April 28, 12:45AM-12:50AM ET",UP,Up,2.0,0.52,,WIN,YES,1.8461538461538458,Up,0xb240b29c7ee65b36a58cd544b132157883612d4e2a527ce08ea79d8d701f6865,43232638440432202825946629203534460217089307264964210554071740268730692075239
2026-04-28T04:45:01.523799+00:00,2026-04-28T04:55:44.623077+00:00,momentum,"Solana Up or Down - April 28, 12:45AM-12:50AM ET",UP,Up,2.0,0.53,,WIN,YES,1.773584905660377,Up,0x38f2d473e87e89ec0cbd8bd155be5fab4bfe8c80018f0487b1048b64b157638a,50873848406079755600873239691863107760765938921476168071563183992285362323182
2026-04-28T04:50:09.865775+00:00,2026-04-28T04:59:46.525832+00:00,momentum,"XRP Up or Down - April 28, 12:50AM-12:55AM ET",DOWN,Down,2.0,0.54,,WIN,YES,1.7037037037037033,Down,0x6b9f8cdde325bcdfd2adbd5cce98de74a36cf31f2c14df725a3bf413a959f925,30061465282567127034648597406505849653524835252080703775322124752022715537084
2026-04-28T04:50:00.504608+00:00,2026-04-28T05:00:46.177600+00:00,momentum,"Bitcoin Up or Down - April 28, 12:50AM-12:55AM ET",DOWN,Down,2.0,0.52,,WIN,YES,1.8461538461538458,Down,0xca89b2ee4cc5a948990bd0dbb8e5b69252c2b266925e3db8651f847e184812ed,29911956157311534438678396049648594302790147365295772782263733104204569051855
2026-04-28T04:50:00.606402+00:00,2026-04-28T05:00:46.477018+00:00,momentum,"Ethereum Up or Down - April 28, 12:50AM-12:55AM ET",DOWN,Down,2.0,0.52,,WIN,YES,1.8461538461538458,Down,0x134bb6361ab0f29540bcf486de3a790ce6f30a74aa963f59ce5c9b18329fb11e,59699880910025362339901727716530637556494551142485826497313109483157960858334
2026-04-28T04:50:00.550336+00:00,2026-04-28T05:01:46.604086+00:00,momentum,"Solana Up or Down - April 28, 12:50AM-12:55AM ET",UP,Up,2.0,0.51,,WIN,YES,1.9215686274509802,Up,0x5ffe77c4f7a8edc27ff417f46df38140f568ee6e7cbc7a94d6863f8f781328fc,34213998633758154028630087625386421547876588116877846545639720718874000913615
2026-04-28T04:55:00.878989+00:00,2026-04-28T05:05:49.429165+00:00,momentum,"Bitcoin Up or Down - April 28, 12:55AM-1:00AM ET",DOWN,Down,2.0,0.52,,WIN,YES,1.8461538461538458,Down,0xf0bba7433a6bcdbb17807ea2ab9b0aa98e278d1992827722706a22c96c0b2d8d,8543186489075297139797583225817861556696690640048062004322026429402755023658
2026-04-28T04:55:00.991897+00:00,2026-04-28T05:05:49.694719+00:00,momentum,"Solana Up or Down - April 28, 12:55AM-1:00AM ET",UP,Up,2.0,0.51,,LOSS,NO,-2.0,Down,0x3760818912f9a3ffe4ba4148f0699ed4d42634b2add9d48665a3d1ad7f2dcef5,73519844892067058966501026585166903481328553082929622871903402866867512915346
2026-04-28T04:55:00.936713+00:00,2026-04-28T05:06:49.935747+00:00,momentum,"Ethereum Up or Down - April 28, 12:55AM-1:00AM ET",DOWN,Down,2.0,0.51,,WIN,YES,1.9215686274509802,Down,0x5bd2b4825f6cff576a2215d2c1faa53573ad449ddca1f4a32eb16b2bfb8c439b,26828470264620178804869814555857582251755336088655005539778972396151209040003
2026-04-28T04:55:16.462162+00:00,2026-04-28T05:06:50.173191+00:00,momentum,"XRP Up or Down - April 28, 12:55AM-1:00AM ET",DOWN,Down,2.0,0.51,,WIN,YES,1.9215686274509802,Down,0xd786d26ad4649f6750faa26953ac44659864d4846508f0d8de6149bed610d39b,18086802068924630600715835229268609472937939004739396171936437170709970945986
2026-04-28T05:00:01.411611+00:00,2026-04-28T05:11:52.133241+00:00,momentum,"Solana Up or Down - April 28, 1:00AM-1:05AM ET",DOWN,Down,2.0,0.51,,LOSS,NO,-2.0,Up,0x7e40e3297f754cd3a4d915554e5aae344ffd81b83a85a815e07fb7456909e789,103040942630645633707195300517059567130651911193628801035446640074036536360469
2026-04-28T05:00:01.537623+00:00,2026-04-28T05:11:52.294167+00:00,momentum,"Bitcoin Up or Down - April 28, 1:00AM-1:05AM ET",UP,Up,2.0,0.54,,WIN,YES,1.7037037037037033,Up,0x4330f0e183ec2315e88ecc52ed4a1f36deba8cc84e4fefc74e9ab3aa003534b6,71784936253374233555902277838444848217074529514195968836422120795973136875282
2026-04-28T05:00:01.128490+00:00,2026-04-28T05:12:52.293398+00:00,momentum,"Ethereum Up or Down - April 28, 1:00AM-1:05AM ET",UP,Up,2.0,0.58,,WIN,YES,1.4482758620689657,Up,0xe984a880132c3df732e29e96a3f9d6276dd30c899fcfebd4fa9754dcd2ef640e,34159281013550037045337308376189080571657751506775635341041226839087545902891
2026-04-28T05:00:01.638277+00:00,2026-04-28T05:12:52.366568+00:00,momentum,"XRP Up or Down - April 28, 1:00AM-1:05AM ET",DOWN,Down,2.0,0.51,,LOSS,NO,-2.0,Up,0xfd03056a9d830272fda544f0f97f7df01be9f260f4a5caf62941cdd57bdfa131,12940126942762292547083394447287074036731044696832414218159535981823750132621
2026-04-28T05:05:00.296552+00:00,2026-04-28T05:14:54.191053+00:00,momentum,"Ethereum Up or Down - April 28, 1:05AM-1:10AM ET",DOWN,Down,2.0,0.53,,WIN,YES,1.773584905660377,Down,0xade1c8f72eec552637a20eec7649f81494c449901a98b7c5173f839cc14dfc6a,82932078626555130928106715781484276190361385405444106375808130522848224543538
2026-04-28T05:05:00.350334+00:00,2026-04-28T05:14:54.233681+00:00,momentum,"Bitcoin Up or Down - April 28, 1:05AM-1:10AM ET",DOWN,Down,2.0,0.51,,LOSS,NO,-2.0,Up,0x58660cc17742036d1991614765569ead5aaa4fb6ea96bdeb338f7253d04507f8,426624716326751071554567700656670570869077806321210455255380308702345372525
2026-04-28T05:05:00.404478+00:00,2026-04-28T05:15:55.146351+00:00,momentum,"Solana Up or Down - April 28, 1:05AM-1:10AM ET",DOWN,Down,8.0,0.51,,LOSS,NO,-8.0,Up,0xc6fe3b6ee7db3c0154848e875f0a91306931440eeea2f03b93f1547df6921241,84276413511701135265163085655503254703212677131545983980530052143858183086137
2026-04-28T05:05:12.775119+00:00,2026-04-28T05:15:55.190231+00:00,momentum,"XRP Up or Down - April 28, 1:05AM-1:10AM ET",UP,Up,4.0,0.6,,LOSS,NO,-4.0,Down,0x6265db1f66ab954774fc9e66fc63f95f979c4fa4c5cae307a0714eb8a727f8cb,108152358512323766189384810837487110487297867162636760831001041569266601181080
2026-04-28T05:10:00.980308+00:00,2026-04-28T05:20:57.202217+00:00,momentum,"Ethereum Up or Down - April 28, 1:10AM-1:15AM ET",DOWN,Down,2.0,0.515,,WIN,YES,1.883495145631068,Down,0x95f57e253f724abcc6f78bd09d741cc96a1cabc61467172346bc55766a4a99f0,24192500015560395290271704333774989412156432459001726708354931468310463618785
2026-04-28T05:10:03.238507+00:00,2026-04-28T05:20:57.620138+00:00,momentum,"XRP Up or Down - April 28, 1:10AM-1:15AM ET",DOWN,Down,8.0,0.52,,WIN,YES,7.384615384615383,Down,0xae78a7aff2b37f286a2946092afbb0d6473f25c2b629099aec58a09dbc0d3da7,104764855775792732708366608234598714326044582227814022266531871171153909947082
2026-04-28T05:10:01.034451+00:00,2026-04-28T05:21:57.983597+00:00,momentum,"Solana Up or Down - April 28, 1:10AM-1:15AM ET",DOWN,Down,16.0,0.515,,LOSS,NO,-16.0,Up,0x5d95651143fe684250de3c4b65f1f4e4b076d1d9a6eb469a19d52afbdaa23fce,68648929775035336230754510593491670051651816639737760965138687393835874167348
2026-04-28T05:10:03.191699+00:00,2026-04-28T05:21:58.177833+00:00,momentum,"Bitcoin Up or Down - April 28, 1:10AM-1:15AM ET",DOWN,Down,4.0,0.53,,WIN,YES,3.547169811320754,Down,0x4f01ade3d7d5583026db9bbdc2bdf2bf078bdea7b9bbe3169af6673444d4cb23,67727696293828116513809655164929934169617669904042523673821578333189383623860
2026-04-28T05:15:00.354572+00:00,2026-04-28T05:23:58.165131+00:00,momentum,"Bitcoin Up or Down - April 28, 1:15AM-1:20AM ET",DOWN,Down,2.0,0.51,,LOSS,NO,-2.0,Up,0xe2db3d70322dd5d67e52eeba5cf45acb719107497f59855690c29a05d8c3c0b4,59018235800108691676983816574097144318844381968077391505997066231400772649992
2026-04-28T05:15:00.413541+00:00,2026-04-28T05:23:58.219153+00:00,momentum,"Solana Up or Down - April 28, 1:15AM-1:20AM ET",DOWN,Down,32.0,0.52,,LOSS,NO,-32.0,Up,0x68dcc565d281f2a01d833a073878c0c6ac3779f13ed33a3c58392ffb3e9184cc,21182857318991479446230040048837495848810158185097045345926505319689191420534
2026-04-28T05:15:03.617686+00:00,2026-04-28T05:24:58.492949+00:00,momentum,"XRP Up or Down - April 28, 1:15AM-1:20AM ET",DOWN,Down,2.0,0.52,,LOSS,NO,-2.0,Up,0x4c50dfe99fdea3983564b2c929b0c729ea6964717335f5e66d0751379bddf000,15809506523197790823910230955698040927610234831242297337170084993242055976464
2026-04-28T05:15:06.773064+00:00,2026-04-28T05:24:58.655624+00:00,momentum,"Ethereum Up or Down - April 28, 1:15AM-1:20AM ET",DOWN,Down,2.0,0.51,,WIN,YES,1.9215686274509802,Down,0x043921398b597048f73ed971fec693a38a667c2d62d6882a17b40e3fb3952105,21613655165541294739355105196132970206160162080500745456562250139679678400884
2026-04-28T05:20:01.436627+00:00,2026-04-28T05:29:02.019384+00:00,momentum,"Bitcoin Up or Down - April 28, 1:20AM-1:25AM ET",DOWN,Down,4.0,0.52,,LOSS,NO,-4.0,Up,0xd0f08a797845771990393928d1c8542089f2ac571de1892ca26a453bb5149afe,28697668762587681824765321769030431599359818375358435890994404454250256502093
2026-04-28T05:20:00.339561+00:00,2026-04-28T05:30:02.517301+00:00,momentum,"Solana Up or Down - April 28, 1:20AM-1:25AM ET",DOWN,Down,2.0,0.52,,LOSS,NO,-2.0,Up,0xe282730d0211d5bc597217cca28514c780dd6d4aaa8a3a09e509bc1822bfdef4,65290617218122970503860069832735614124448173308185465774715874859317923746924
2026-04-28T05:20:00.290967+00:00,2026-04-28T05:31:03.218958+00:00,momentum,"XRP Up or Down - April 28, 1:20AM-1:25AM ET",DOWN,Down,4.0,0.515,,LOSS,NO,-4.0,Up,0x8000acb3491ef0c62d16abad7ed933753f002ca9897854f6afe9a39b26e337c1,111245719383746097305144713252603982933473526705311477436526693797778472798963
2026-04-28T05:20:00.388291+00:00,2026-04-28T05:31:03.268347+00:00,momentum,"Ethereum Up or Down - April 28, 1:20AM-1:25AM ET",DOWN,Down,2.0,0.515,,LOSS,NO,-2.0,Up,0xfbee001d4b9d4dde784b922b0c5cbc787e9e095fd13b636123128ba614d5a603,111361007377564135657726037966551321450027306997950663384221783486936660093473
2026-04-28T05:25:03.709843+00:00,2026-04-28T05:36:07.247842+00:00,momentum,"XRP Up or Down - April 28, 1:25AM-1:30AM ET",UP,Up,2.0,0.52,,WIN,YES,1.8461538461538458,Up,0x77bfdfb1831b2fd3b3056baf1dd196916d6fea4798d586e78fd05e4810db963f,97725394530479371046810443980529433009281734495104256171588009494775549402455
2026-04-28T05:25:00.488195+00:00,2026-04-28T05:37:06.913778+00:00,momentum,"Bitcoin Up or Down - April 28, 1:25AM-1:30AM ET",DOWN,Down,8.0,0.62,,LOSS,NO,-8.0,Up,0x0d31b92865ddaea80e56af06cc773590670e0405bf27ee0f60668fceda0ab28a,92177515215562028365649469154729485949441840135733236503824696463192356513044
2026-04-28T05:25:00.544306+00:00,2026-04-28T05:37:06.959121+00:00,momentum,"Solana Up or Down - April 28, 1:25AM-1:30AM ET",DOWN,Down,2.0,0.51,,LOSS,NO,-2.0,Up,0x72b6f3bed80261a7d483b560df6c191c3c1be79b278df2e8a12d5660e0300e12,81099718635883542957099798193414018026203270794169945720047887183132354563223
2026-04-28T05:25:03.660885+00:00,2026-04-28T05:37:07.127692+00:00,momentum,"Ethereum Up or Down - April 28, 1:25AM-1:30AM ET",UP,Up,2.0,0.53,,WIN,YES,1.773584905660377,Up,0x2de3d8577d5fde1e09ff9af756d5247eb324a763881c561fa0b66a9fa3f5c5d3,57247753689728296106663771339968495362166144512870121396776268041347260905528
2026-04-28T05:30:02.139217+00:00,2026-04-28T05:38:07.252936+00:00,momentum,"Bitcoin Up or Down - April 28, 1:30AM-1:35AM ET",DOWN,Down,16.0,0.53,,WIN,YES,14.188679245283016,Down,0xfbf0af69aa98b4662b95ff5ffb6dde560ec2e3da723a1980a6ef3f919cbeddea,35022311604099538056285495074102883758350837711756124440661636351266974730060
2026-04-28T05:30:01.016602+00:00,2026-04-28T05:40:08.373712+00:00,momentum,"Solana Up or Down - April 28, 1:30AM-1:35AM ET",DOWN,Down,4.0,0.53,,LOSS,NO,-4.0,Up,0x9db899af5e169cdb131380825f62088708505da3dfc7fb5c97fa195b8c12cc64,19539952570880495169278179378050622074888054041437171004821911883565940915957
2026-04-28T05:30:02.193088+00:00,2026-04-28T05:40:08.562948+00:00,momentum,"Ethereum Up or Down - April 28, 1:30AM-1:35AM ET",DOWN,Down,2.0,0.51,,WIN,YES,1.9215686274509802,Down,0xb2c6c3a8baed158f77d274f8876d1b65cb0ed8c5423661f1ede4675350155625,39813667010010356024126013446599112709415989873885756533611640499655551428762
2026-04-28T05:30:02.243209+00:00,2026-04-28T05:40:08.829927+00:00,momentum,"XRP Up or Down - April 28, 1:30AM-1:35AM ET",DOWN,Down,2.0,0.52,,WIN,YES,1.8461538461538458,Down,0xc7cd2d12b7c9dd1adf57e2a17fc9788ecfaa67a2e966f2a5fce3c722cfe811ea,115259187558796860946282371194526483092441231411446746264414799176783567968910
2026-04-28T05:35:00.916744+00:00,2026-04-28T05:45:10.669872+00:00,momentum,"Bitcoin Up or Down - April 28, 1:35AM-1:40AM ET",DOWN,Down,2.0,0.515,,WIN,YES,1.883495145631068,Down,0x1d217e13bd13a8d574e11e5fdbf99bb4adbe4dc2946479bf0e4a36e65780a4ac,54042431525654265061698101785898546581701385610479941622008272031154572082997
2026-04-28T05:35:00.963318+00:00,2026-04-28T05:45:10.839049+00:00,momentum,"Solana Up or Down - April 28, 1:35AM-1:40AM ET",DOWN,Down,2.0,0.515,,WIN,YES,1.883495145631068,Down,0x9c739401304f046b61784167e9c7f04de86b8d943a78c971063754987ce2a0f1,46235786963292595180966481970043324851457029523893902488060523156848600437532
2026-04-28T05:35:08.215829+00:00,2026-04-28T05:45:11.181737+00:00,momentum,"XRP Up or Down - April 28, 1:35AM-1:40AM ET",DOWN,Down,2.0,0.51,,WIN,YES,1.9215686274509802,Down,0x21b05b92f4c41b2f57910d65e64ccc3de6c235f4afd3e0cf8aa3bf455b5cf706,42378283258672583247936916441457236569012809205928326417442993145771073116483
2026-04-28T05:35:03.134046+00:00,2026-04-28T05:46:11.414559+00:00,momentum,"Ethereum Up or Down - April 28, 1:35AM-1:40AM ET",DOWN,Down,2.0,0.51,,WIN,YES,1.9215686274509802,Down,0x379045dfe3c33bd9aaad8711cfc000bf20580ac432978fe2d7a353c5e6725b59,84962263536324629716907015261299563672641786887790238715100004272774986340185
2026-04-28T05:40:00.767835+00:00,2026-04-28T05:50:14.075516+00:00,momentum,"Bitcoin Up or Down - April 28, 1:40AM-1:45AM ET",UP,Up,2.0,0.52,,LOSS,NO,-2.0,Down,0x1b06123bdf7459d0410432c770f23bf53417dde112e2df1cdd35bb3460f7f504,112370425029557347734062151731005089925974994808937803817442357092846533445663
2026-04-28T05:40:00.669056+00:00,2026-04-28T05:51:14.586589+00:00,momentum,"Solana Up or Down - April 28, 1:40AM-1:45AM ET",DOWN,Down,2.0,0.53,,WIN,YES,1.773584905660377,Down,0xdf78a60c5facf56e0e9b958c8d701b6266812bb975755f25ccac79ba7ad971b0,11405774454941766180865184944436918158704678181059606563180023725800952296328
2026-04-28T05:40:00.717999+00:00,2026-04-28T05:51:14.628306+00:00,momentum,"Ethereum Up or Down - April 28, 1:40AM-1:45AM ET",UP,Up,2.0,0.51,,LOSS,NO,-2.0,Down,0xf11ef4e8f9ae21988c426da1a2af39866fd42a17e8311cd927e2c335a1006f21,48423568309796276446708207056256824275151843283664611757122721347037741745777
2026-04-28T05:40:01.820774+00:00,2026-04-28T05:51:14.676386+00:00,momentum,"XRP Up or Down - April 28, 1:40AM-1:45AM ET",UP,Up,2.0,0.99,,LOSS,NO,-2.0,Down,0x6a8497080278589dd2a938d39bf47f9941280cdc804796850e08796c9a4c9394,20171916970097373225063033886348830704709322267804548235945467734019029100433
2026-04-28T05:45:02.978203+00:00,2026-04-28T05:53:15.519682+00:00,momentum,"Ethereum Up or Down - April 28, 1:45AM-1:50AM ET",UP,Up,4.0,0.54,,WIN,YES,3.4074074074074066,Up,0x98067096e02c6abfadea825a74383d9867c71934e994323789991e484c37d0da,12269245346671494574356363552539105945285899972426613585800505359706187136580
2026-04-28T05:45:03.030196+00:00,2026-04-28T05:54:15.543079+00:00,momentum,"XRP Up or Down - April 28, 1:45AM-1:50AM ET",UP,Up,4.0,0.52,,WIN,YES,3.6923076923076916,Up,0x16bb1c6fdb7162ad8fac3e3a7b9cb8fb171a90c703a0d688ca2228f7aa5404d8,29982431508567491823961442399760073484944760327520408896867122761516456645989
2026-04-28T05:45:03.081247+00:00,2026-04-28T05:54:15.706999+00:00,momentum,"Bitcoin Up or Down - April 28, 1:45AM-1:50AM ET",UP,Up,4.0,0.54,,WIN,YES,3.4074074074074066,Up,0x3328683a85c3a3c0622fa8d482083405fdecb50cdd9366f0451a3c878d68877d,11076342332954049049992600288492702902483584256608212497205083011445646072481
2026-04-28T05:45:06.247504+00:00,2026-04-28T05:55:16.567687+00:00,momentum,"Solana Up or Down - April 28, 1:45AM-1:50AM ET",UP,Up,2.0,0.53,,WIN,YES,1.773584905660377,Up,0x383a444afcc58cf0fc3a261ebafea4448248a82b3e7b69855892d5df5d6e1920,111572988452429320039853424531982354729734934932418622933447239460048063853087
2026-04-28T05:50:00.806932+00:00,2026-04-28T05:59:17.673088+00:00,momentum,"Ethereum Up or Down - April 28, 1:50AM-1:55AM ET",UP,Up,2.0,0.515,,LOSS,NO,-2.0,Down,0x1e4fafd9122ae61f6be801d4a47d907c01e0cb87d6ccc777f8e9da728527dbc9,95893611093395386645296979808790083413638499060046814794752944939408366077176
2026-04-28T05:50:02.009116+00:00,2026-04-28T05:59:17.870245+00:00,momentum,"Bitcoin Up or Down - April 28, 1:50AM-1:55AM ET",UP,Up,2.0,0.51,,WIN,YES,1.9215686274509802,Up,0x600d1a5b0e17d59c0c921c039ed6fbf00087f6640e4cb50387611c0f14862e87,30494470140037595421905516105701724732896300592207119439506294489984152998985
2026-04-28T05:50:11.705406+00:00,2026-04-28T05:59:18.061217+00:00,momentum,"Solana Up or Down - April 28, 1:50AM-1:55AM ET",UP,Up,2.0,0.52,,LOSS,NO,-2.0,Down,0x774d94b1b7b8ee38a0d69d6ae520652fc79d8b574bb94865191c9f26a0b84d8b,21727990638331052801276205394727093580643253937531626993690607185794800487011
2026-04-28T05:50:02.055912+00:00,2026-04-28T06:00:18.066569+00:00,momentum,"XRP Up or Down - April 28, 1:50AM-1:55AM ET",DOWN,Down,2.0,0.52,,LOSS,NO,-2.0,Up,0x6f4355d260d7c3c78c498e64d813605d1a9f00bcaa16c767ea60505056937562,91867676999753404637635829200793787244992892555002653021656350636841781780417
2026-04-28T05:55:00.680183+00:00,2026-04-28T06:05:20.476777+00:00,momentum,"Ethereum Up or Down - April 28, 1:55AM-2:00AM ET",UP,Up,2.0,0.52,,LOSS,NO,-2.0,Down,0x2a2bdffd4a8f9ecc71789eaeecde89fc5ccd9c8bd2a686786dadc50da751c5e3,92811437925801777555495421988914284787959372776061456803179992120447315535605
2026-04-28T05:55:00.791578+00:00,2026-04-28T06:05:20.809187+00:00,momentum,"Solana Up or Down - April 28, 1:55AM-2:00AM ET",UP,Up,4.0,0.54,,WIN,YES,3.4074074074074066,Up,0x985f0b5fb8f45917a079c3fdd86f585eb84b38483f177cb53990d6a3b064da27,87868192881080741910281848807860709625006879290237730848351356283847608623882
2026-04-28T05:55:00.737165+00:00,2026-04-28T06:07:22.074758+00:00,momentum,"Bitcoin Up or Down - April 28, 1:55AM-2:00AM ET",UP,Up,2.0,0.52,,LOSS,NO,-2.0,Down,0xf41107c8c9a351307b01c92fc7e91eafbdb594ed8848dbf1b8c9d3383be3117a,108582324250405563457266419187868198123320963649423256415896644350044648154129
2026-04-28T05:55:03.911545+00:00,2026-04-28T06:07:22.233161+00:00,momentum,"XRP Up or Down - April 28, 1:55AM-2:00AM ET",DOWN,Down,4.0,0.51,,WIN,YES,3.8431372549019605,Down,0x0b49a4ec94d2629f21261cedd1c71e0d76ea4b3b0daa89a2018a913df134c781,101765397332925101775737939948858536675971081423856599637737689758843342590427
2026-04-28T06:00:03.204431+00:00,2026-04-28T06:09:24.091353+00:00,momentum,"XRP Up or Down - April 28, 2:00AM-2:05AM ET",UP,Up,2.0,0.67,,WIN,YES,0.9850746268656714,Up,0xfbb5b8065701f38d9941a743ce81293b2136cd3cf30f0c8d0d3beb9994c66584,28242291510387148352957260468092932142922625710681287050822235354185660960652
2026-04-28T06:00:03.106397+00:00,2026-04-28T06:10:24.476334+00:00,momentum,"Bitcoin Up or Down - April 28, 2:00AM-2:05AM ET",UP,Up,4.0,0.68,,WIN,YES,1.8823529411764701,Up,0x4928f482b8e71723369867d543c358ddf8941ae5a2cfdf2528ba788b8246f44b,93932484670459947462437140739746297753968245698226990084615427358881473873776
2026-04-28T06:00:03.155295+00:00,2026-04-28T06:10:24.636143+00:00,momentum,"Ethereum Up or Down - April 28, 2:00AM-2:05AM ET",UP,Up,4.0,0.58,,WIN,YES,2.8965517241379315,Up,0xf8a1670437949f59eded7ebab8f6efc3448ee170b28b3b1baac4a1351db0f2a9,105515477182564078759166833856554364664777078373032115295332353161693828949729
2026-04-28T06:00:03.252055+00:00,2026-04-28T06:10:24.779881+00:00,momentum,"Solana Up or Down - April 28, 2:00AM-2:05AM ET",UP,Up,2.0,0.59,,WIN,YES,1.3898305084745766,Up,0xd43fa7e1c5f2b27a605aac624cabec46f2d61599ad01e410217061cf8aaf45f0,112446712443116974536832999859574872662323352619296207118539448233317552167578
2026-04-28T06:05:00.121010+00:00,2026-04-28T06:15:26.143915+00:00,momentum,"Solana Up or Down - April 28, 2:05AM-2:10AM ET",UP,Up,2.0,0.51,,WIN,YES,1.9215686274509802,Up,0x57483fcf8d0cf3f7a064f16f3d72f7ce3a4fc6f20e7bdc30da8afc14483dc4f8,8063571281871577090106128272418601132005466875303816518647603954965472506398
2026-04-28T06:05:02.304924+00:00,2026-04-28T06:15:26.304574+00:00,momentum,"Bitcoin Up or Down - April 28, 2:05AM-2:10AM ET",UP,Up,2.0,0.51,,WIN,YES,1.9215686274509802,Up,0x7622b70eed8a22beb8224497af41ccdb60317fdea455c8c6e0e60f27d67feabb,72722317002678909615788635118116260797253736234245232940265446561804594047272
2026-04-28T06:05:02.369324+00:00,2026-04-28T06:15:26.349265+00:00,momentum,"Ethereum Up or Down - April 28, 2:05AM-2:10AM ET",DOWN,Down,2.0,0.52,,LOSS,NO,-2.0,Up,0x0f87b779b749a116d2835829120d4b0d20a2e88abf64e0f0171d1ab53b925c85,32381015304016231895719862746852048882549465600922049986742384703657010160193
2026-04-28T06:05:08.680896+00:00,2026-04-28T06:15:26.515818+00:00,momentum,"XRP Up or Down - April 28, 2:05AM-2:10AM ET",UP,Up,2.0,0.55,,WIN,YES,1.6363636363636362,Up,0x636007ea45c6464101faf2428ee61109fc611db584d4c4a2c3e418d9830074e9,96046482273071238071919315292216644340314539260276782909050221998191059812881
2026-04-28T06:10:00.211408+00:00,2026-04-28T06:21:31.121133+00:00,momentum,"Solana Up or Down - April 28, 2:10AM-2:15AM ET",UP,Up,2.0,0.515,,LOSS,NO,-2.0,Down,0x70455e1b3ba5468bcb31b162507ac567c1d60301ae7ed60a8b22457ae9b67573,96612686939439194763547456252524917269265836540681655573781946378474155289898
2026-04-28T06:10:02.326927+00:00,2026-04-28T06:21:31.293832+00:00,momentum,"XRP Up or Down - April 28, 2:10AM-2:15AM ET",DOWN,Down,2.0,0.52,,WIN,YES,1.8461538461538458,Down,0x2cb9bf14ad8bec25990116147e09797c1dfd2030ec045be26e32c85b6fc6ffc2,36969144288973644066581034538297235617367417292565759610427702700785649449808
2026-04-28T06:10:05.444633+00:00,2026-04-28T06:21:31.336376+00:00,momentum,"Bitcoin Up or Down - April 28, 2:10AM-2:15AM ET",UP,Up,2.0,0.54,,LOSS,NO,-2.0,Down,0x8b98d17c52f819024f182a43f3ff4d791fd63df24ae25f8fedd7e9d6282c0b04,45322752938400545379795847920205186652843637355178149641640547919285760601122
2026-04-28T06:10:05.494413+00:00,2026-04-28T06:21:31.381825+00:00,momentum,"Ethereum Up or Down - April 28, 2:10AM-2:15AM ET",UP,Up,4.0,0.54,,LOSS,NO,-4.0,Down,0x4fbd24f203a65a2acc677b2bffe8f44a701bb774b14a64d1ba8ce861664ecb9a,101942720974626932120262240970065435852004741770163191655061836737001227665372
