timestamp,closed_at,source,market,direction,outcome,amount,entry_price,sell_price,result,won,pnl,winning_outcome,condition_id,token_id
2026-04-23T00:57:28.348288+00:00,2026-04-23T01:06:33.904602+00:00,momentum,"Ethereum Up or Down - April 22, 8:55PM-9:00PM ET",UP,Up,2.0,0.71,,WIN,YES,0.8169014084507045,Up,0xebfa7cd0f68853bf653be3a9aa174ab8f3f469c640ebaea1cb0bf274ffd04353,87212967764037539681754312793290477872083716363889223642816707847792065338263
2026-04-23T00:57:28.429068+00:00,2026-04-23T01:06:34.200970+00:00,momentum,"Bitcoin Up or Down - April 22, 8:55PM-9:00PM ET",UP,Up,2.0,0.66,,WIN,YES,1.0303030303030303,Up,0xc75935dc39e8c952baada40609ac695fb3eaeeb01ec7119aa0173b8c68fc649a,18936033962402839639035950612296349141719804226825561617778273354986044629227
2026-04-23T00:57:28.397719+00:00,2026-04-23T01:07:34.404338+00:00,momentum,"Solana Up or Down - April 22, 8:55PM-9:00PM ET",UP,Up,2.0,0.74,,WIN,YES,0.7027027027027026,Up,0xb12d39b80203d3f0c1c2bd6a9b3b3de39ca23880bd34b0d249eba649ac591159,90977885761251524485002488543920954833551943801261518834983543903885700914322
2026-04-23T00:57:28.439582+00:00,2026-04-23T01:07:34.587421+00:00,momentum,"XRP Up or Down - April 22, 8:55PM-9:00PM ET",UP,Up,2.0,0.66,,WIN,YES,1.0303030303030303,Up,0xced3c8d051643aa86cf6ffd6c87115a5bb2e56e5f82ef38aa5aef60ba6800855,97543421029318170944771728126837110865380302337879234061123923343016395374100
2026-04-23T01:00:03.374333+00:00,2026-04-23T01:09:35.124547+00:00,momentum,"Solana Up or Down - April 22, 9:00PM-9:05PM ET",UP,Up,2.0,0.51,,LOSS,NO,-2.0,Down,0x09993cb400f338079b434d7bef08509afa595b90e8d8eed2cbb48c816f6dca8b,38003930036920538085249539094633235538931188751660829866941531200993882091727
2026-04-23T01:00:03.375272+00:00,2026-04-23T01:09:35.169155+00:00,momentum,"XRP Up or Down - April 22, 9:00PM-9:05PM ET",UP,Up,2.0,0.53,,LOSS,NO,-2.0,Down,0x8769f22e3329247d4080a70012b39fe6aa67c63e5eeb958705482c989b310709,95928871497162278222956352346796097192534129405400285936702511935091257003381
2026-04-23T01:00:34.247192+00:00,2026-04-23T01:09:35.370954+00:00,momentum,"Bitcoin Up or Down - April 22, 9:00PM-9:05PM ET",DOWN,Down,2.0,0.63,,WIN,YES,1.1746031746031744,Down,0xc460033be0e1b0d81d973933dcac95b8a786be280a9f4252ff144baac1b097bd,80738062002513069555872330016768244148804395192062124398903265245897039106475
2026-04-23T01:00:34.307408+00:00,2026-04-23T01:09:35.556559+00:00,momentum,"Ethereum Up or Down - April 22, 9:00PM-9:05PM ET",DOWN,Down,2.0,0.65,,WIN,YES,1.0769230769230766,Down,0xa9523c9cb99bd1ac624118f5d9af5da8fddab334a9e9f656bc75adcf7a18b8bf,47858151339098450303187462865642139768930167781019662425163899000472432802806
2026-04-23T01:05:02.976375+00:00,2026-04-23T01:14:36.814872+00:00,momentum,"Bitcoin Up or Down - April 22, 9:05PM-9:10PM ET",DOWN,Down,2.0,0.53,,LOSS,NO,-2.0,Up,0xa80b130f643e8f3de2fbaebad3bf80f2340bda7f79a3cf740b555282c528607e,66448914555311724586354190464714756889953229687324961551243527793929033818730
2026-04-23T01:05:06.154380+00:00,2026-04-23T01:15:37.969130+00:00,momentum,"Solana Up or Down - April 22, 9:05PM-9:10PM ET",UP,Up,2.0,0.53,,LOSS,NO,-2.0,Down,0xd26703edf926cc86545fd58eefd3c9743c5f459841bd089b82712d6a524e0403,28197458989565271946296466358951154148881073367122998366399618630699151308076
2026-04-23T01:05:09.173567+00:00,2026-04-23T01:15:38.151697+00:00,momentum,"Ethereum Up or Down - April 22, 9:05PM-9:10PM ET",UP,Up,2.0,0.51,,WIN,YES,1.9215686274509802,Up,0x1c8005e744acf5eb320a0a6ac4ca92d49a6ef39d83eec27746443c603163f23e,86955100119675879400228915880089451992174355185331226975274609681230661491594
2026-04-23T01:05:09.174202+00:00,2026-04-23T01:15:38.317540+00:00,momentum,"XRP Up or Down - April 22, 9:05PM-9:10PM ET",UP,Up,2.0,0.59,,WIN,YES,1.3898305084745766,Up,0xf249cb541a758854e222ef2fcd3c71f89e195471a8e44e137ed03a2bae4681d0,82374714362970069707319338507179100535432683224690448256844737595844425928246
2026-04-23T01:10:02.170728+00:00,2026-04-23T01:20:40.077929+00:00,momentum,"Bitcoin Up or Down - April 22, 9:10PM-9:15PM ET",UP,Up,4.0,0.51,,LOSS,NO,-4.0,Down,0xd9ef6aa9319d8c200c9ffb49ef3af179b41ef6fa3f42cfab0d27a8003c460b0b,65473275758767058583357558706359067907870369605384293911238410932621580936138
2026-04-23T01:10:02.173193+00:00,2026-04-23T01:20:40.243628+00:00,momentum,"XRP Up or Down - April 22, 9:10PM-9:15PM ET",UP,Up,2.0,0.55,,LOSS,NO,-2.0,Down,0xa9d9ebe4596fe491a6edb9132dc51f230d2d461fe82686876b2099524eb7c37a,70893841739038582777224350509249697578586829690914127942326419756202902696700
2026-04-23T01:10:02.172118+00:00,2026-04-23T01:21:40.340844+00:00,momentum,"Ethereum Up or Down - April 22, 9:10PM-9:15PM ET",UP,Up,2.0,0.52,,LOSS,NO,-2.0,Down,0x19e79f8f2468f6cf571861cff4d50c169f43f85bb31bb498baea25499244b947,106114751607497151941308564868086400108796054382286227922960159483370212234431
2026-04-23T01:10:05.232812+00:00,2026-04-23T01:21:40.379787+00:00,momentum,"Solana Up or Down - April 22, 9:10PM-9:15PM ET",UP,Up,4.0,0.51,,LOSS,NO,-4.0,Down,0x6c93c3368c81c0dfbd7386c743234bf223e6e3ff93bdfe9f711591b4b44f6ab4,68349908882856744530208359307692428077598184660965418080409851759005183885406
2026-04-23T01:15:01.850934+00:00,2026-04-23T01:23:41.359701+00:00,momentum,"Ethereum Up or Down - April 22, 9:15PM-9:20PM ET",UP,Up,4.0,0.51,,LOSS,NO,-4.0,Down,0x0713babee6c996b581a0a395f15f6eaad7803043786c3127069148e828596fff,34659563384695126668734050966659328036710868134882586766562139910400759710704
2026-04-23T01:15:01.852302+00:00,2026-04-23T01:24:42.186261+00:00,momentum,"Bitcoin Up or Down - April 22, 9:15PM-9:20PM ET",UP,Up,8.0,0.51,,LOSS,NO,-8.0,Down,0x807c6c4c4d8a52a7fabf9e71652377f8f4d7d75516d8dfaffc2ad6dcabf3f6c5,17873552974335290350672836437794795120295227596431680089291269002126311244464
2026-04-23T01:15:01.853670+00:00,2026-04-23T01:24:42.216870+00:00,momentum,"Solana Up or Down - April 22, 9:15PM-9:20PM ET",UP,Up,8.0,0.53,,LOSS,NO,-8.0,Down,0x9bf760d03cd37651140207e0adea5bcacc1c1251c5b3deffc22512d4db92165d,9898148723383244921883894200124022969710499727949046589861338722014921642446
2026-04-23T01:15:01.855199+00:00,2026-04-23T01:24:42.251828+00:00,momentum,"XRP Up or Down - April 22, 9:15PM-9:20PM ET",UP,Up,4.0,0.54,,LOSS,NO,-4.0,Down,0x323e9265b1009d29c3fa9a4443b8be7885bb33b08828be8d882e148b4519b1f0,38392375088104864218700329371145815440677050127123644847916744260545253653106
2026-04-23T01:20:01.022743+00:00,2026-04-23T01:29:44.103507+00:00,momentum,"Bitcoin Up or Down - April 22, 9:20PM-9:25PM ET",UP,Up,16.0,0.54,,LOSS,NO,-16.0,Down,0xa6fb96ef838620eed83e7a195706161f83c3560254fb485183310ad70d979f12,35515749977350838872861674452067704095902183015853992779719827392067239338364
2026-04-23T01:20:01.029655+00:00,2026-04-23T01:30:44.284626+00:00,momentum,"Solana Up or Down - April 22, 9:20PM-9:25PM ET",UP,Up,16.0,0.52,,LOSS,NO,-16.0,Down,0x0ede006e310f885b75e1ad1bc98a075e534d36c71bc7ef45dd9d30c176800cdb,60830340878929507269809777238130799778364902216375143576316661113454963155061
2026-04-23T01:20:04.094786+00:00,2026-04-23T01:30:44.317949+00:00,momentum,"XRP Up or Down - April 22, 9:20PM-9:25PM ET",UP,Up,8.0,0.51,,LOSS,NO,-8.0,Down,0xd59b275edcc7c2aad6c8a4e174746069b754c6837b9b85548ef80c2856db62d3,20812119214681849146497424775416768476032216733174411846895827004500157481953
2026-04-23T01:20:01.026622+00:00,2026-04-23T01:31:44.577750+00:00,momentum,"Ethereum Up or Down - April 22, 9:20PM-9:25PM ET",UP,Up,8.0,0.53,,LOSS,NO,-8.0,Down,0x6e2074c1e830f834743ffd8dcd6ca9bc735ba8c92820acc3289175fae6f7254e,36917110793079572586568486969329086924168636474402795393075426267020705695147
2026-04-23T01:25:00.796872+00:00,2026-04-23T01:35:47.144616+00:00,momentum,"XRP Up or Down - April 22, 9:25PM-9:30PM ET",UP,Up,16.0,0.56,,LOSS,NO,-16.0,Down,0x386c0dc61bbf26b9ad1cdb24153a9404955f8cb3c64e130b2ff43498c56388b0,104967413193399011846091515536538592944653984648077940558031810434940633255208
2026-04-23T01:25:00.793347+00:00,2026-04-23T01:36:47.738794+00:00,momentum,"Ethereum Up or Down - April 22, 9:25PM-9:30PM ET",UP,Up,16.0,0.54,,WIN,YES,13.629629629629626,Up,0x2deef706feb80eca486172adaef211595d5f5f0960fc34216e531f5063d601e8,42083894222086944940172677398515620116275879231505602403379458425800430087463
2026-04-23T01:25:00.795203+00:00,2026-04-23T01:36:47.893130+00:00,momentum,"Solana Up or Down - April 22, 9:25PM-9:30PM ET",UP,Up,32.0,0.56,,WIN,YES,25.14285714285714,Up,0x5758aa9f88d2b071d18fbefd583eb6e5b0e236fb18083624f1c73d70e02741e4,111766298640246506509864208458886346318308011697962800222555666239790139805041
2026-04-23T01:25:06.910903+00:00,2026-04-23T01:36:48.036778+00:00,momentum,"Bitcoin Up or Down - April 22, 9:25PM-9:30PM ET",UP,Up,32.0,0.51,,WIN,YES,30.745098039215684,Up,0x13b7285e20d7c2d132e5e2872d352ca983eaee3a3312466d5d1b3fe3112a3495,2402787219467740967858753690485308316889251315587672168293758294703655455952
2026-04-23T01:30:01.019711+00:00,2026-04-23T01:38:49.654604+00:00,momentum,"Ethereum Up or Down - April 22, 9:30PM-9:35PM ET",UP,Up,2.0,0.52,,LOSS,NO,-2.0,Down,0x0f2452b1166217aff9eda50f2cf7517182353807da47911acf3cb23a8def8ffa,7650067226479048511273456473690373701802705387339154681642080557934436136825
2026-04-23T01:30:01.026288+00:00,2026-04-23T01:38:49.940681+00:00,momentum,"Bitcoin Up or Down - April 22, 9:30PM-9:35PM ET",UP,Up,2.0,0.6,,WIN,YES,1.3333333333333335,Up,0xa800cfa20a8f991bc4d78b57aff7d01444442651d810771cfb240eb609b58fda,52172775363503635801246314489581912187791249812111795971315588137501593303303
2026-04-23T01:30:01.023032+00:00,2026-04-23T01:39:50.053681+00:00,momentum,"XRP Up or Down - April 22, 9:30PM-9:35PM ET",UP,Up,32.0,0.56,,WIN,YES,25.14285714285714,Up,0x727891c0ef276d646732450dea2a85daf12b1df70dbea3fa9d288ae59b9a03e4,73300336790403245570786125671902709778001916830429628814309115960835798891874
2026-04-23T01:30:07.209090+00:00,2026-04-23T01:39:50.224998+00:00,momentum,"Solana Up or Down - April 22, 9:30PM-9:35PM ET",DOWN,Down,2.0,0.51,,WIN,YES,1.9215686274509802,Down,0x5c446332b8b8706a9668a0ab5c78cde1f638edf1d09d4da2784fd6a0b426856a,850111235927793409154225450037838874609833984872907681483373952497645188450
2026-04-23T01:35:00.405125+00:00,2026-04-23T01:44:51.396899+00:00,momentum,"Bitcoin Up or Down - April 22, 9:35PM-9:40PM ET",UP,Up,2.0,0.515,,WIN,YES,1.883495145631068,Up,0x096fa596430f8cd1f539c16ddfab84808d911ac16a0bb20dd2ce342384ebac76,103958423262744327625023516338412706421396465772500608951446705077469817848524
2026-04-23T01:35:00.407188+00:00,2026-04-23T01:45:51.580282+00:00,momentum,"XRP Up or Down - April 22, 9:35PM-9:40PM ET",UP,Up,2.0,0.52,,WIN,YES,1.8461538461538458,Up,0x1640e3d2743f466d0674c59851981e8a699dcb017eef5fcd673075344f0ccd45,32604195439175657347917873879898565711698071140637557314020581328328008418746
2026-04-23T01:35:00.414671+00:00,2026-04-23T01:45:51.734708+00:00,momentum,"Solana Up or Down - April 22, 9:35PM-9:40PM ET",UP,Up,2.0,0.515,,WIN,YES,1.883495145631068,Up,0x5ab2fe1762a44affd85bf05151f41a3b2ffb23c342f8af7ea0668f41f9ceb766,51522800629970787355703629614022346698878417410496260939478810811734957086640
2026-04-23T01:35:00.417006+00:00,2026-04-23T01:45:51.897409+00:00,momentum,"Ethereum Up or Down - April 22, 9:35PM-9:40PM ET",UP,Up,4.0,0.515,,WIN,YES,3.766990291262136,Up,0x3189a753f80ca1257d39d42c77a8da0a0e1f9948aede60e48ade9c9320e55dbf,18234855897177492119040342049848686669541152741792832799343098427218753773417
2026-04-23T01:40:00.888793+00:00,2026-04-23T01:50:54.246251+00:00,momentum,"Bitcoin Up or Down - April 22, 9:40PM-9:45PM ET",DOWN,Down,2.0,0.52,,LOSS,NO,-2.0,Up,0x7598b7ee38734e8cac777170fda17fc39342ba55c86acafb85feeeb4d1b3374d,59725837949461771914545784882852968368536501490051168337944574277214423700548
2026-04-23T01:40:00.893261+00:00,2026-04-23T01:50:54.597124+00:00,momentum,"Solana Up or Down - April 22, 9:40PM-9:45PM ET",UP,Up,2.0,0.53,,WIN,YES,1.773584905660377,Up,0x7d1bf2f32265154a80f2089614bfa03d1c48ba56b1c36a170c8bb33ef1e344be,15600987846132902174307487595225249453350098243880974305773355545203662485344
2026-04-23T01:40:03.958553+00:00,2026-04-23T01:50:55.231492+00:00,momentum,"XRP Up or Down - April 22, 9:40PM-9:45PM ET",UP,Up,2.0,0.53,,WIN,YES,1.773584905660377,Up,0x3694d8773dcf337f674a1794af39899346bea6ae6b17c4025e39e0c0b3d27fd1,34604785396500376034060406678706565209172746700115934898716673644329201728944
2026-04-23T01:40:00.898861+00:00,2026-04-23T01:51:55.098054+00:00,momentum,"Ethereum Up or Down - April 22, 9:40PM-9:45PM ET",UP,Up,2.0,0.53,,WIN,YES,1.773584905660377,Up,0x7ec1f223ea6f7595a6cfc8bd03cfb427d8b1d79fac4dcb566b6ca0377d0de36c,64784875132951289801316675385215688213316808884823212750057977378370262997850
2026-04-23T01:45:00.402552+00:00,2026-04-23T01:53:55.292870+00:00,momentum,"Bitcoin Up or Down - April 22, 9:45PM-9:50PM ET",DOWN,Down,4.0,0.53,,LOSS,NO,-4.0,Up,0xb1218d00f0d762eae6299ec6165f0a029b321c0c78e0c959837c3ab3a8120e00,86027783798044038761812020216389437317732869863113999139795905732652447097005
2026-04-23T01:45:03.490577+00:00,2026-04-23T01:53:55.363997+00:00,momentum,"XRP Up or Down - April 22, 9:45PM-9:50PM ET",DOWN,Down,2.0,0.54,,LOSS,NO,-2.0,Up,0x97cf2d20f26881ab516484fe918d5af2546caaf832c8a5a3c5a4c041d8f31c8d,108973233883230019297844087425970255283521342157211481366711799700796734724450
2026-04-23T01:45:03.495393+00:00,2026-04-23T01:53:55.409119+00:00,momentum,"Ethereum Up or Down - April 22, 9:45PM-9:50PM ET",DOWN,Down,2.0,0.63,,LOSS,NO,-2.0,Up,0x56f571d646ecb741c6cccb815437b432e6514dbdf44c47e85e8e441ce3887934,58929179385887573192101630518024315988545832264140399345855518267649341651859
2026-04-23T01:45:12.748228+00:00,2026-04-23T01:53:55.445520+00:00,momentum,"Solana Up or Down - April 22, 9:45PM-9:50PM ET",DOWN,Down,2.0,0.51,,LOSS,NO,-2.0,Up,0xfac2de0d6c993634ede22fc08f986fd45b9d1b686901cc1284f4d07dc79841ce,105766392364490877064170282183072795381187488193346394295170461852842016869547
2026-04-23T01:50:02.292879+00:00,2026-04-23T01:59:57.755242+00:00,momentum,"Bitcoin Up or Down - April 22, 9:50PM-9:55PM ET",DOWN,Down,8.0,0.6,,WIN,YES,5.333333333333334,Down,0x519dc37f5f22d26abc479322ad6e5f5609e49225eabbee40b0421072a4e0cbc6,15004209138835535118520076889795881460942403653342623611691650911347293198809
2026-04-23T01:50:02.299445+00:00,2026-04-23T01:59:58.032153+00:00,momentum,"Solana Up or Down - April 22, 9:50PM-9:55PM ET",DOWN,Down,4.0,0.6,,WIN,YES,2.666666666666667,Down,0x7f48884e87bc985d41e60e7d07ad5739a0c58dafb225c3ae575ff01eb921619d,84111248912396210819110947153089545833722551392885138968584421148067924142687
2026-04-23T01:50:02.301967+00:00,2026-04-23T01:59:58.181702+00:00,momentum,"XRP Up or Down - April 22, 9:50PM-9:55PM ET",DOWN,Down,4.0,0.52,,WIN,YES,3.6923076923076916,Down,0x44494b20d0e4a496ab4922ab0ad4568472d44528b206fe2097ceb4c7886fc5a4,77917695561859488274406207553605651672585948297903679073812161167125497243611
2026-04-23T01:50:02.296838+00:00,2026-04-23T02:00:58.159356+00:00,momentum,"Ethereum Up or Down - April 22, 9:50PM-9:55PM ET",DOWN,Down,4.0,0.59,,WIN,YES,2.779661016949153,Down,0x2a7bd989f7ec01813cdca6c3799376719426a27211c56ab7f9d297d8c4968413,109568836317489893775976266636340213745422705208122592498104907124771362468569
2026-04-23T01:55:02.478323+00:00,2026-04-23T02:06:00.874887+00:00,momentum,"XRP Up or Down - April 22, 9:55PM-10:00PM ET",UP,Up,2.0,0.53,,WIN,YES,1.773584905660377,Up,0x7398421efa358a001cac39bd59fd5621453d5db6c12fe7d4845575b614594b81,4793787269414290843657010062583124608362859829350493462764645455484967099419
2026-04-23T01:55:02.480686+00:00,2026-04-23T02:06:01.055873+00:00,momentum,"Bitcoin Up or Down - April 22, 9:55PM-10:00PM ET",UP,Up,2.0,0.51,,WIN,YES,1.9215686274509802,Up,0xeb05008daff1b84330aaac7bc5d5a3f8e6938e3e8b159d5dbaf2a25c683ef3a8,44871745658659060781167411102275648739365989185240375878352395865714806780039
2026-04-23T01:55:03.483621+00:00,2026-04-23T02:07:01.140643+00:00,momentum,"Ethereum Up or Down - April 22, 9:55PM-10:00PM ET",UP,Up,2.0,0.57,,WIN,YES,1.5087719298245617,Up,0x0d800d21240b1aa4847934c4688ef25ebcc1c46350b318f163e2b22595902475,105821753168094465590597869998120024089011229702026579578741217493306397790696
2026-04-23T01:55:03.487153+00:00,2026-04-23T02:07:01.305166+00:00,momentum,"Solana Up or Down - April 22, 9:55PM-10:00PM ET",UP,Up,2.0,0.52,,WIN,YES,1.8461538461538458,Up,0xd9724afb16e04d306c285ede061bd1c1c12d965e94b171192222dd5767bd34b4,6329974296950403131774250677669834893288226419698779981742929601855301023404
2026-04-23T02:00:00.748196+00:00,2026-04-23T02:09:02.389852+00:00,momentum,"Bitcoin Up or Down - April 22, 10:00PM-10:05PM ET",DOWN,Down,2.0,0.51,,WIN,YES,1.9215686274509802,Down,0x7632de342d71a9eec0e98ab5370e880c4095ca63376fd0163c92d3cdd7450fcf,56622204935836370188995630426390632479589717716552006570504403327221687718259
2026-04-23T02:00:03.841114+00:00,2026-04-23T02:09:02.680544+00:00,momentum,"XRP Up or Down - April 22, 10:00PM-10:05PM ET",DOWN,Down,2.0,0.59,,WIN,YES,1.3898305084745766,Down,0xc043eefaf02c972db1ba178f3c7b1d8ffc21266a6ad1476de75530fdbf89e386,94766420239873064922406259325515684902158623785317937060471012453281666693770
2026-04-23T02:00:09.972372+00:00,2026-04-23T02:09:02.882653+00:00,momentum,"Solana Up or Down - April 22, 10:00PM-10:05PM ET",DOWN,Down,2.0,0.51,,WIN,YES,1.9215686274509802,Down,0x80061fe5a5be487f4048bbc895467192fb8bec68ef627f8b70972b2972fc528e,63824848451203139712439010323101964545711297986482762746036276350485571950469
2026-04-23T02:00:03.837702+00:00,2026-04-23T02:10:02.715938+00:00,momentum,"Ethereum Up or Down - April 22, 10:00PM-10:05PM ET",DOWN,Down,2.0,0.54,,WIN,YES,1.7037037037037033,Down,0xb22a12f9094d41eb8f2cbb9612a1b7deb3dc9ea4b5ffcd222056aef9d611b56a,28774009140457554597318543563265272799553231821187271930712244409481291219811
2026-04-23T02:05:02.718794+00:00,2026-04-23T02:15:06.082016+00:00,momentum,"Bitcoin Up or Down - April 22, 10:05PM-10:10PM ET",DOWN,Down,2.0,0.51,,LOSS,NO,-2.0,Up,0x6b2da4a9707e8c604f4bacb03ef5791346cbfeb587da937236557eadecebe287,87333908942484054100953007565005028717099235913393416263863832141506462784447
2026-04-23T02:05:02.722528+00:00,2026-04-23T02:15:06.251916+00:00,momentum,"Solana Up or Down - April 22, 10:05PM-10:10PM ET",UP,Up,2.0,0.59,,WIN,YES,1.3898305084745766,Up,0x65d441d655b92725267fe56271818bdfb2f1e69d217f98447de5c79e46310897,53398201952752119852264517731715107310132561871729981841190987610288759117909
2026-04-23T02:05:02.714373+00:00,2026-04-23T02:16:06.702456+00:00,momentum,"XRP Up or Down - April 22, 10:05PM-10:10PM ET",UP,Up,2.0,0.6,,WIN,YES,1.3333333333333335,Up,0x91a8fe04f83cb1b0df83e91ec21ac4012ef8775b7d4179b19a0bdeab067706f8,29924850461220205433759053639700413802170680748792829536106432148607664347532
2026-04-23T02:05:02.726389+00:00,2026-04-23T02:16:06.857248+00:00,momentum,"Ethereum Up or Down - April 22, 10:05PM-10:10PM ET",UP,Up,2.0,0.58,,WIN,YES,1.4482758620689657,Up,0x550354be0493cf3834640b29f8756384fec79a0b8725cdfbee479d71132e4237,33236053612804625451767169824403220952040834249802597346095523440925298484328
2026-04-23T02:10:00.484614+00:00,2026-04-23T02:20:08.006953+00:00,momentum,"Ethereum Up or Down - April 22, 10:10PM-10:15PM ET",UP,Up,2.0,0.52,,LOSS,NO,-2.0,Down,0x8ff2dc4fd0b7d61db07d1379fc3de0b6def965542564df9d0e2f7af189ed17c3,55040275982860188686802420790613832443049272249253093264350889256026439678513
2026-04-23T02:10:04.590217+00:00,2026-04-23T02:21:08.700481+00:00,momentum,"Bitcoin Up or Down - April 22, 10:10PM-10:15PM ET",UP,Up,4.0,0.57,,LOSS,NO,-4.0,Down,0x52f5cf9397d949992b5846bb2cea0fc8ee495e55abe916a9a5070b09970c27ae,61551336159922574035851748220108078904626807999669635585596733119516503195935
2026-04-23T02:10:00.479385+00:00,2026-04-23T02:22:09.502257+00:00,momentum,"Solana Up or Down - April 22, 10:10PM-10:15PM ET",UP,Up,2.0,0.51,,LOSS,NO,-2.0,Down,0x8c419634374507f2826185707b86fe8bd3ae09045cca5834baaa107a3aab5551,15968641669527984968088761400318472414133073804348616458126980874179456004787
2026-04-23T02:10:04.594469+00:00,2026-04-23T02:22:09.537103+00:00,momentum,"XRP Up or Down - April 22, 10:10PM-10:15PM ET",UP,Up,2.0,0.61,,LOSS,NO,-2.0,Down,0x7e00912dc1aece23992f1e9a9e36a23f4ee9e23d6a278f0d6196f334bb94fed9,13789670301987584372058421058934633579999915076617864929491499421546184074891
2026-04-23T02:15:00.277829+00:00,2026-04-23T02:23:10.123441+00:00,momentum,"Ethereum Up or Down - April 22, 10:15PM-10:20PM ET",UP,Up,2.0,0.54,,LOSS,NO,-2.0,Down,0xd9a33067d6df70a0cab58eaff025767bcc336720a882dd55c4e15fb96b38c5ed,30406722568023938345656564960670146752209732119828222581883676997117723767908
2026-04-23T02:15:03.414401+00:00,2026-04-23T02:24:10.897950+00:00,momentum,"Solana Up or Down - April 22, 10:15PM-10:20PM ET",DOWN,Down,2.0,0.68,,WIN,YES,0.9411764705882351,Down,0x688f2d230a2619d264b2a030d06739f9ed8523ec831af2377163ef9305c6c798,14036134331368861893901325646596895498323253880163176996834059130907522581224
2026-04-23T02:15:03.418757+00:00,2026-04-23T02:24:11.111321+00:00,momentum,"XRP Up or Down - April 22, 10:15PM-10:20PM ET",DOWN,Down,2.0,0.67,,WIN,YES,0.9850746268656714,Down,0xb5753f66bf006ebd4e5282b1a400603e397d7c7a9b5af4bda6c6e22acdccee6e,102484964611521385289378707185923764851129790112203347014136476014313581687565
2026-04-23T02:15:00.282595+00:00,2026-04-23T02:25:11.032285+00:00,momentum,"Bitcoin Up or Down - April 22, 10:15PM-10:20PM ET",UP,Up,4.0,0.51,,LOSS,NO,-4.0,Down,0xf71219a63c2d7907de8562a10d4d2a39a9fb1d0824d9af88d9c1b628aad8574d,33676893662604394438969843828120130535185964574710955802358210357147339812572
2026-04-23T02:20:01.331170+00:00,2026-04-23T02:29:13.333711+00:00,momentum,"Solana Up or Down - April 22, 10:20PM-10:25PM ET",UP,Up,4.0,0.51,,LOSS,NO,-4.0,Down,0xf6cf009acab104f96b8da871bec3a990e7ecb01b69cbbd2b959d54c2f9febc86,3068215585879284389529710512588008839089908611571773314745196448505816114965
2026-04-23T02:20:00.262486+00:00,2026-04-23T02:30:13.311650+00:00,momentum,"Ethereum Up or Down - April 22, 10:20PM-10:25PM ET",UP,Up,2.0,0.525,,LOSS,NO,-2.0,Down,0x1a537e1764f9b6045b9aee5f19a4a73196cdf0766d2f017bdd6c28efb94f165e,24756851624828025193835684520064080677302958765114330006900157019414055697979
2026-04-23T02:20:07.848469+00:00,2026-04-23T02:30:13.486179+00:00,momentum,"XRP Up or Down - April 22, 10:20PM-10:25PM ET",UP,Up,4.0,0.65,,LOSS,NO,-4.0,Down,0x96a0b83738bf1d00702a925c08e7d30f7df177cae40d6c15e9baed4a7ee186db,65768604278823253671979593697198635480558309465102204389013303067534931906911
2026-04-23T02:20:01.327157+00:00,2026-04-23T02:31:13.877555+00:00,momentum,"Bitcoin Up or Down - April 22, 10:20PM-10:25PM ET",UP,Up,2.0,0.53,,LOSS,NO,-2.0,Down,0x55f0934bbff2fe223816bc509779688bc95b9f38aa23ce1e73548db073800bdf,65824119432218658466124740199700334747774970046045441904821387461242010921310
2026-04-23T02:25:00.730580+00:00,2026-04-23T02:36:15.950210+00:00,momentum,"XRP Up or Down - April 22, 10:25PM-10:30PM ET",UP,Up,8.0,0.51,,LOSS,NO,-8.0,Down,0x4094e9a955bcfe50a33f8303bd3e0a491e3b63111ab2f78d0e21685ea1da99b1,66106582547581497957394366361156712578171509853352856192461970669877505178772
2026-04-23T02:25:01.806896+00:00,2026-04-23T02:37:16.470862+00:00,momentum,"Ethereum Up or Down - April 22, 10:25PM-10:30PM ET",UP,Up,4.0,0.59,,LOSS,NO,-4.0,Down,0x6978e59271bde6a34ac2b8d7bebbbd31e92447799dd95f44eda07db24f43df4b,41522294565674207961369824190903631687320211812888912823469553319719516565378
2026-04-23T02:25:01.812718+00:00,2026-04-23T02:37:16.519865+00:00,momentum,"Bitcoin Up or Down - April 22, 10:25PM-10:30PM ET",UP,Up,2.0,0.59,,LOSS,NO,-2.0,Down,0x5ea38562d07dca101b2c925a1edd65f3c49af6e135cb006390395a3e193f0203,110000787983540121387829960819995910539408336292164789118238521753015288681914
2026-04-23T02:25:07.932800+00:00,2026-04-23T02:37:16.666646+00:00,momentum,"Solana Up or Down - April 22, 10:25PM-10:30PM ET",DOWN,Down,8.0,0.6,,WIN,YES,5.333333333333334,Down,0x5e69345990ad0abc452c1cecdf9c49fa6a42fe051e9607d8231b114a849f75e7,99958946394303327421101579502473405324419425850580799920158836847273357035368
2026-04-23T02:30:01.336236+00:00,2026-04-23T02:39:17.100096+00:00,momentum,"Bitcoin Up or Down - April 22, 10:30PM-10:35PM ET",UP,Up,4.0,0.55,,LOSS,NO,-4.0,Down,0x029a5e9aa0890aef85d41647dc458bc6aaaac447b9839c0906574475a11f48fe,40054488267992206926686270204909472152991252828432178634967681358844394904774
2026-04-23T02:30:01.344427+00:00,2026-04-23T02:39:17.138520+00:00,momentum,"Solana Up or Down - April 22, 10:30PM-10:35PM ET",UP,Up,2.0,0.55,,LOSS,NO,-2.0,Down,0x9c0dc3ef0d964f9b2035197fa3fec0e7f6489a98f78def406bd7fdd247a88646,16879111021732185881063750988852819825348560934726381197705309223264783419082
2026-04-23T02:30:01.352760+00:00,2026-04-23T02:39:17.175539+00:00,momentum,"Ethereum Up or Down - April 22, 10:30PM-10:35PM ET",UP,Up,8.0,0.54,,LOSS,NO,-8.0,Down,0xaaf2374e6ead8a16402d7eb93d14def3a21f92ef8b21815933f71ed1f498f621,49757133942305746652242580543722148785441849446627749428498156707270092186431
2026-04-23T02:30:01.362784+00:00,2026-04-23T02:39:17.213329+00:00,momentum,"XRP Up or Down - April 22, 10:30PM-10:35PM ET",UP,Up,16.0,0.51,,LOSS,NO,-16.0,Down,0xa9dc16f62c2722b3998e90e070eb944e65627af6194d890557d805a1e1aab073,76753789601345562499978786716215895111583040104859830165331338606991593823038
2026-04-23T02:35:00.275907+00:00,2026-04-23T02:45:19.443121+00:00,momentum,"Ethereum Up or Down - April 22, 10:35PM-10:40PM ET",UP,Up,16.0,0.54,,LOSS,NO,-16.0,Down,0x824f4b8acb6b4c3854adfb5d28e4cdb8465d673dcf9d32d3355f4c8a6672b6fb,19924120651861083759492248370706050553159285160594693942660861710499879021748
2026-04-23T02:35:00.280950+00:00,2026-04-23T02:45:19.487312+00:00,momentum,"Solana Up or Down - April 22, 10:35PM-10:40PM ET",UP,Up,4.0,0.52,,LOSS,NO,-4.0,Down,0x7e85092f837d6e1e9c1d3b827b2b9b505c4d4bea8cb9552f86cd58f0bb2145e5,102296945245198703097844696106399424056525481344461781196529923614244825168246
2026-04-23T02:35:00.271440+00:00,2026-04-23T02:46:19.818136+00:00,momentum,"Bitcoin Up or Down - April 22, 10:35PM-10:40PM ET",UP,Up,8.0,0.55,,LOSS,NO,-8.0,Down,0xac734785462676d86c968f12dc10124ed3de77ec39827c0929b550d1fa527d56,68266386587170000219661879435075276147697820081874375522651015357807663247979
2026-04-23T02:35:00.285391+00:00,2026-04-23T02:46:19.850539+00:00,momentum,"XRP Up or Down - April 22, 10:35PM-10:40PM ET",UP,Up,16.0,0.57,,LOSS,NO,-16.0,Down,0x9ae5e0dad1a19c154b04165f85efe61729025d466f2a4f5f67b84491c901bfd5,87212425350406462674965786400290101257475602733573284961406956806594590932321
2026-04-23T02:40:00.263816+00:00,2026-04-23T02:50:21.445316+00:00,momentum,"XRP Up or Down - April 22, 10:40PM-10:45PM ET",UP,Up,2.0,0.55,,WIN,YES,1.6363636363636362,Up,0xe4078fd8cd3046df0a042d63457ef436e8702c5d565bc4a75bd58479ee5af31c,37776980007354434007334299351612148601717231864054072205005286132632468307992
2026-04-23T02:40:00.275107+00:00,2026-04-23T02:50:21.579886+00:00,momentum,"Ethereum Up or Down - April 22, 10:40PM-10:45PM ET",UP,Up,32.0,0.55,,LOSS,NO,-32.0,Down,0xaf83d1193a074e465765e1de5ceb2606188cab5c133ccd8a60b0286efa968e15,22874217279392750919420396639565887706647113543416442183981265586408675762858
2026-04-23T02:40:00.270052+00:00,2026-04-23T02:51:21.491224+00:00,momentum,"Solana Up or Down - April 22, 10:40PM-10:45PM ET",UP,Up,2.0,0.55,,WIN,YES,1.6363636363636362,Up,0x6b3f06100dfcf14ab09361902753f1ae7e190233f2523f9fdd4dc24eb54e7ab0,6318081454339346624385539748839670455105838696874575601673929859367190029203
2026-04-23T02:40:00.282428+00:00,2026-04-23T02:51:21.529173+00:00,momentum,"Bitcoin Up or Down - April 22, 10:40PM-10:45PM ET",UP,Up,16.0,0.54,,LOSS,NO,-16.0,Down,0x76427727d73ffa3474206623938d53b98a544e9d641267153d4956057df0bf18,97152914825033693150957253079079495036728502538653279218023281356844723273522
2026-04-23T02:45:00.539846+00:00,2026-04-23T02:53:22.401641+00:00,momentum,"Solana Up or Down - April 22, 10:45PM-10:50PM ET",UP,Up,2.0,0.51,,WIN,YES,1.9215686274509802,Up,0x628baad1c165b15649a0e5c043972e26430951f57a7f2de2d5446fd6bbfb4571,45205618442442149848978840641772541602336108408300185158240408502280087030162
2026-04-23T02:45:00.546353+00:00,2026-04-23T02:53:22.571365+00:00,momentum,"XRP Up or Down - April 22, 10:45PM-10:50PM ET",UP,Up,2.0,0.515,,WIN,YES,1.883495145631068,Up,0x3d302d51cf7fc955d6af91b23734c0ec0994aa1e59e83ae6b71eaa34193f6b39,5985206015386700413811221726167142088332253604146760334131355098424836707248
2026-04-23T02:45:00.534020+00:00,2026-04-23T02:54:22.370665+00:00,momentum,"Ethereum Up or Down - April 22, 10:45PM-10:50PM ET",UP,Up,64.0,0.515,,WIN,YES,60.271844660194176,Up,0x0535cea8e5ddd6ef7e77e02a4da412a0e35741a0085d04e49d4c910bd45deea8,5668135898323419427165368066723623150383406826535782992311469087546828140521
2026-04-23T02:45:01.551939+00:00,2026-04-23T02:54:22.407529+00:00,momentum,"Bitcoin Up or Down - April 22, 10:45PM-10:50PM ET",UP,Up,2.0,0.56,,LOSS,NO,-2.0,Down,0x1e001250554dad4b9c607f6dda424641c30e64b4bb98807738a38d0987ff5c31,40517129587738939160257317949130880894353092680768814164321206828854146625068
2026-04-23T02:50:00.686072+00:00,2026-04-23T03:00:25.836915+00:00,momentum,"Ethereum Up or Down - April 22, 10:50PM-10:55PM ET",UP,Up,2.0,0.53,,WIN,YES,1.773584905660377,Up,0x60695e6fe9206895ac2e94e0064c745564c647412f0c4739ee4b9c93977e6ee8,75271391509494188959579515643002375574196771454229282075097007627900269670731
2026-04-23T02:50:00.690854+00:00,2026-04-23T03:00:26.003461+00:00,momentum,"Solana Up or Down - April 22, 10:50PM-10:55PM ET",UP,Up,2.0,0.51,,WIN,YES,1.9215686274509802,Up,0xe411dc234fd5196d78d6a006bd40982bb20dcaf53fe9fd37c2e11af195245898,9929315573394820601254632714310013790891893773528174140842434628991722405681
2026-04-23T02:50:00.696546+00:00,2026-04-23T03:00:26.250914+00:00,momentum,"Bitcoin Up or Down - April 22, 10:50PM-10:55PM ET",UP,Up,4.0,0.53,,WIN,YES,3.547169811320754,Up,0xa5218978a498dc6d146de374a74c6052db1bf362e6920dbaf490b922dd5c9a72,101728321984580552777312165204329145425783814467889086103822004681798801055568
2026-04-23T02:50:00.702026+00:00,2026-04-23T03:00:26.467616+00:00,momentum,"XRP Up or Down - April 22, 10:50PM-10:55PM ET",UP,Up,2.0,0.52,,WIN,YES,1.8461538461538458,Up,0x55874fdd67039a46411f8bcf3fa57b095da2bd459668d77a75a428c35edb4ae5,70757737733019436508884110262117928089851773378151781489645954059352222649685
2026-04-23T02:55:00.356264+00:00,2026-04-23T03:05:27.607119+00:00,momentum,"Ethereum Up or Down - April 22, 10:55PM-11:00PM ET",UP,Up,2.0,0.52,,LOSS,NO,-2.0,Down,0x42a7bf4736ff62a52247b671a325b0faf38cbcb921dc5b280470de93dd4cc553,24916381789326638114066310456956180656803661918087543069240548113636520011919
2026-04-23T02:55:00.364108+00:00,2026-04-23T03:05:27.826960+00:00,momentum,"Bitcoin Up or Down - April 22, 10:55PM-11:00PM ET",DOWN,Down,2.0,0.51,,WIN,YES,1.9215686274509802,Down,0xa504383b84025b673da2be4b2133542c68d9051229d65f602e1a40eeab516f0f,95556285487996566256229770266711864089884679224339111537349207250113897200860
2026-04-23T02:55:09.562984+00:00,2026-04-23T03:05:28.110138+00:00,momentum,"XRP Up or Down - April 22, 10:55PM-11:00PM ET",DOWN,Down,2.0,0.58,,WIN,YES,1.4482758620689657,Down,0xa4356657d16da447f03a14b845c4baaab7f74b2621854b600b192a9306054e92,95332859597421046788354718792434892453623196064670286220933127283646058880517
2026-04-23T02:55:00.374737+00:00,2026-04-23T03:06:28.969585+00:00,momentum,"Solana Up or Down - April 22, 10:55PM-11:00PM ET",UP,Up,2.0,0.51,,LOSS,NO,-2.0,Down,0xf4a6e4183694a2b213d3e0cc1c2ea6d5d60f27c37b5a7301d4bd1cfac19050ec,82829669208488020851635361432466104972149074966718038060827474431606133468642
2026-04-23T03:00:00.375874+00:00,2026-04-23T03:08:30.207685+00:00,momentum,"Bitcoin Up or Down - April 22, 11:00PM-11:05PM ET",DOWN,Down,2.0,0.51,,LOSS,NO,-2.0,Up,0xa2f6345b907ddddda3b0b6552dad18d772918dcf68ddee25aa3773bf61af2407,48332730439960286865396232811213632427755675702442869284654245366190721189753
2026-04-23T03:00:00.382414+00:00,2026-04-23T03:08:30.380484+00:00,momentum,"Solana Up or Down - April 22, 11:00PM-11:05PM ET",UP,Up,4.0,0.52,,WIN,YES,3.6923076923076916,Up,0xdf615d9ee075eaace8d63f186f99c65ab8c2bebd9a36d686db9faf280f714ad8,43478829194424582831536573647902785884181412233043616645584905082291796366269
2026-04-23T03:00:13.179882+00:00,2026-04-23T03:08:30.533229+00:00,momentum,"XRP Up or Down - April 22, 11:00PM-11:05PM ET",DOWN,Down,2.0,0.52,,LOSS,NO,-2.0,Up,0xee21ba75637c37e6ce5a08b0b031182cffff90ba262393d58b7017e3ebe5b72c,36947324728039251593298809360972351934130102661205801209645421173624554150642
2026-04-23T03:00:00.388922+00:00,2026-04-23T03:09:30.544073+00:00,momentum,"Ethereum Up or Down - April 22, 11:00PM-11:05PM ET",UP,Up,4.0,0.52,,LOSS,NO,-4.0,Down,0xb5312cf8a187fc392c81fe4fe49375afa37a6f190324616f652dd1b3bb88c4dc,12796424448789716762699072842726801993934083518936569712420561236057915953440
2026-04-23T03:05:00.211474+00:00,2026-04-23T03:14:32.624724+00:00,momentum,"Solana Up or Down - April 22, 11:05PM-11:10PM ET",UP,Up,2.0,0.515,,LOSS,NO,-2.0,Down,0x374623caa59e2eba1ab699fe213ffad82808e7c418e0b88bebbdde21a859fe7d,46380674518444531337396149499504913793015133223534988650567458922489127007076
2026-04-23T03:05:00.219605+00:00,2026-04-23T03:14:32.657548+00:00,momentum,"Ethereum Up or Down - April 22, 11:05PM-11:10PM ET",UP,Up,8.0,0.515,,LOSS,NO,-8.0,Down,0x533bb8749cfabeb9db6570fea51464c5768fefe844b1cbb2c7759ebb827a2c89,10025966459654992356580224232264983113263644631395515826894806022057197911346
2026-04-23T03:05:01.358499+00:00,2026-04-23T03:14:32.820658+00:00,momentum,"XRP Up or Down - April 22, 11:05PM-11:10PM ET",DOWN,Down,2.0,0.52,,WIN,YES,1.8461538461538458,Down,0x3159150b77c79488d6a82756f2aa332d7c00f524ddc3cc90f466c5cd15fd25ad,33436901230088898934415418029073194080296219746925074426037086456747802099530
2026-04-23T03:05:07.614894+00:00,2026-04-23T03:14:32.960581+00:00,momentum,"Bitcoin Up or Down - April 22, 11:05PM-11:10PM ET",DOWN,Down,4.0,0.56,,WIN,YES,3.1428571428571423,Down,0x44918b93d77c71710ebb3be8ad92290a56ae2fbebbe0be18e9bf0cf7ddc4fc18,22004507336408863354621238639864568623751874654256476294274394804653619327058
2026-04-23T03:10:00.786811+00:00,2026-04-23T03:20:35.579122+00:00,momentum,"Ethereum Up or Down - April 22, 11:10PM-11:15PM ET",UP,Up,16.0,0.56,,LOSS,NO,-16.0,Down,0xa39b6cbe78f766790516028967209ef99720e929bec5e5d53ae7137a60d39c34,108524810235059206624093692398684417170656631125884604531871771978366390956131
2026-04-23T03:10:03.855983+00:00,2026-04-23T03:20:35.718101+00:00,momentum,"Solana Up or Down - April 22, 11:10PM-11:15PM ET",UP,Up,4.0,0.59,,LOSS,NO,-4.0,Down,0xffe26e4e85042629f0d2250b046caf58768dd46dcd066d1c00bcd9edbbbf4119,744651518870912162730791520172029262299860269520858590072878554951631283933
2026-04-23T03:10:07.047591+00:00,2026-04-23T03:20:36.107337+00:00,momentum,"Bitcoin Up or Down - April 22, 11:10PM-11:15PM ET",UP,Up,2.0,0.54,,LOSS,NO,-2.0,Down,0x6381ce57578dfaed47367b7d7a3b568632af85b5d3c8573606dd7b827e099525,104378372229973230323044731389106071101039753405277352516085263527507185012674
2026-04-23T03:10:03.862664+00:00,2026-04-23T03:21:36.386586+00:00,momentum,"XRP Up or Down - April 22, 11:10PM-11:15PM ET",UP,Up,2.0,0.56,,LOSS,NO,-2.0,Down,0xd8732704cc0342847977fca8bc7f2cc58f32634d695a317534a89fad8448f1d4,670131166182340685100031964713720637368292926281372098090708697072243283771
2026-04-23T03:15:01.389308+00:00,2026-04-23T03:23:38.402814+00:00,momentum,"Solana Up or Down - April 22, 11:15PM-11:20PM ET",UP,Up,8.0,0.99,,LOSS,NO,-8.0,Down,0x30d178a66234b46f0f4cb7825634b4f5c0356b6126ae5e4255a2f9d6bf299228,91833087621140851762258621019895914528945530480501878802832352476674168188856
2026-04-23T03:15:01.372888+00:00,2026-04-23T03:24:37.868185+00:00,momentum,"XRP Up or Down - April 22, 11:15PM-11:20PM ET",UP,Up,2.0,0.57,,LOSS,NO,-2.0,Down,0x2827b9e77ea11cedba78038bfcd62d7be3de590742fcc818d12aba07acd04e75,42734600766151239079285159441676700543601819841086239686813979984348200281214
2026-04-23T03:15:01.361429+00:00,2026-04-23T03:25:37.856981+00:00,momentum,"Ethereum Up or Down - April 22, 11:15PM-11:20PM ET",UP,Up,16.0,0.99,,LOSS,NO,-16.0,Down,0xa28f0af0888135ef235cb24f9313405dcb262823ad8681b86ead60a999386ae7,33623693868008450881086508391362110474748528592394342991256270634930442039399
2026-04-23T03:15:01.382596+00:00,2026-04-23T03:25:37.900194+00:00,momentum,"Bitcoin Up or Down - April 22, 11:15PM-11:20PM ET",UP,Up,2.0,0.51,,LOSS,NO,-2.0,Down,0xa58373401590a9699e1e704d700bbb9c92fc7c52777fc29454d4de43d26d4aa8,45596149338212631705796302048987255825869129653901033654304084578329649346796
2026-04-23T03:20:00.604361+00:00,2026-04-23T03:29:38.254690+00:00,momentum,"Ethereum Up or Down - April 22, 11:20PM-11:25PM ET",UP,Up,32.0,0.55,,LOSS,NO,-32.0,Down,0xdb5cea54e6e584176ab4ed6e1aa9720aeaf0354b602efe1f5e154406e692ae11,18937140145978357117501782958647332840497277482380873250811494952515646132773
2026-04-23T03:20:16.118780+00:00,2026-04-23T03:29:38.572283+00:00,momentum,"Solana Up or Down - April 22, 11:20PM-11:25PM ET",UP,Up,16.0,0.51,,WIN,YES,15.372549019607842,Up,0x1d55f09fcc8885f6d67850dd80dcd6c4a4c5aaf531d1dd0aee8136e47dc4be3a,51813934170199525598524144021970814893888647520847648239746442734914928500445
2026-04-23T03:20:22.327256+00:00,2026-04-23T03:29:38.602465+00:00,momentum,"XRP Up or Down - April 22, 11:20PM-11:25PM ET",DOWN,Down,4.0,0.58,,LOSS,NO,-4.0,Up,0xfe5737b2c34060e44ccea80bfbfceb4acd4472554fdbbaa309c5ae97b4c4e991,14755290812412493946602462661545595650837558034914762959859234653504504802053
2026-04-23T03:20:00.614933+00:00,2026-04-23T03:30:39.325069+00:00,momentum,"Bitcoin Up or Down - April 22, 11:20PM-11:25PM ET",UP,Up,4.0,0.53,,WIN,YES,3.547169811320754,Up,0xee60a1405851483ba7a1bc1d9c03178a32a27a3e8cb11e80b8d1b1c1341b1474,112047643119359116270887305866559122545492964819318880216381831560621541886957
2026-04-23T03:25:04.575675+00:00,2026-04-23T03:35:42.174512+00:00,momentum,"Solana Up or Down - April 22, 11:25PM-11:30PM ET",UP,Up,2.0,0.51,,WIN,YES,1.9215686274509802,Up,0x424188753d2ef5d846996fae0da7bca00b3dc5dbd4c96c9ec3c521d0c989dee4,35748240548091807425453048748150248366683540504623865961685804171412560757877
2026-04-23T03:25:00.294542+00:00,2026-04-23T03:36:42.122222+00:00,momentum,"Ethereum Up or Down - April 22, 11:25PM-11:30PM ET",UP,Up,64.0,0.515,,WIN,YES,60.271844660194176,Up,0xa3730113ec7a21e126c875ace79c39834015e8ba8996319e3b3df14006fefb32,33528530493979388849943979462539348818168868539672525345042126325824207120210
2026-04-23T03:25:01.432254+00:00,2026-04-23T03:36:42.166374+00:00,momentum,"Bitcoin Up or Down - April 22, 11:25PM-11:30PM ET",UP,Up,2.0,0.52,,LOSS,NO,-2.0,Down,0xdb27101af4111f9bfd8c0ab6c5cdc8823eaa97fb3f896b5806f0ba143a624451,74661421588645130337704339034205865485133848877684867144583018781309525881690
2026-04-23T03:25:01.440655+00:00,2026-04-23T03:36:42.339080+00:00,momentum,"XRP Up or Down - April 22, 11:25PM-11:30PM ET",DOWN,Down,8.0,0.52,,WIN,YES,7.384615384615383,Down,0x646ea26db074a33c75dc9a0733a6bfa784f0c5aa2e4b2b9f8c2acde9d7a72885,26009438122867941221343884369093767025247341793176206304812262988794040704607
2026-04-23T03:30:00.216064+00:00,2026-04-23T03:38:43.616611+00:00,momentum,"XRP Up or Down - April 22, 11:30PM-11:35PM ET",UP,Up,2.0,0.515,,LOSS,NO,-2.0,Down,0x793bb9afebf3bf64e02030123a7bc685e66866f274c11c94d986f1932d7e8c7f,36957538509811368223339359591353554311504784928437358947782994166289338804238
2026-04-23T03:30:00.234701+00:00,2026-04-23T03:38:43.653912+00:00,momentum,"Solana Up or Down - April 22, 11:30PM-11:35PM ET",UP,Up,2.0,0.515,,LOSS,NO,-2.0,Down,0x8033e8a13290cc1b50b29817325d71790a128ab172bcbca86347fc7a34f98ccb,79914140458995771804521637798749674435351095386300738537676812262615093105966
2026-04-23T03:30:02.878085+00:00,2026-04-23T03:38:43.792092+00:00,momentum,"Bitcoin Up or Down - April 22, 11:30PM-11:35PM ET",DOWN,Down,4.0,0.51,,WIN,YES,3.8431372549019605,Down,0x9fc42ace8ebaf3b1c8434f1bfb87e5e7cae871a6d63af5a127955893874ba3ba,39385387687607953370963452165766744774424613827121744848670346535828743913799
2026-04-23T03:30:00.202539+00:00,2026-04-23T03:40:44.101530+00:00,momentum,"Ethereum Up or Down - April 22, 11:30PM-11:35PM ET",UP,Up,2.0,0.515,,LOSS,NO,-2.0,Down,0x09acb8f5ed5bcb00610c063305a0d4e430604f456801a4c1cde8c71f61cab9d7,86282766133489896224348105829512342784312546327289922942981860937923334046288
2026-04-23T03:35:00.332085+00:00,2026-04-23T03:44:46.393291+00:00,momentum,"Ethereum Up or Down - April 22, 11:35PM-11:40PM ET",UP,Up,4.0,0.515,,WIN,YES,3.766990291262136,Up,0x5cf71d31ef9fddb7d07562a442100480aa5067b08b9042d5b81ae3c377f7377e,91686225083701042571043236901428037559818385687040879348813115365047831319242
2026-04-23T03:35:00.341161+00:00,2026-04-23T03:44:46.427849+00:00,momentum,"Solana Up or Down - April 22, 11:35PM-11:40PM ET",UP,Up,4.0,0.515,,LOSS,NO,-4.0,Down,0x7ba1513a9db5fccf7a73128e99f5dc7a04f3feca1f6c91f96ccfb17f4a066fdb,77871396588231696568764888958404308065615011678695102320046347378512059686005
2026-04-23T03:35:00.350863+00:00,2026-04-23T03:45:46.994787+00:00,momentum,"XRP Up or Down - April 22, 11:35PM-11:40PM ET",UP,Up,4.0,0.515,,WIN,YES,3.766990291262136,Up,0x8e8c79ac8ad9941134b183fc5f7de0735ebedb3637e8edbf257871e2b1b7c911,69745317160919564864439492188988483234532509559108181949788636389194185809553
2026-04-23T03:35:02.488699+00:00,2026-04-23T03:45:47.154395+00:00,momentum,"Bitcoin Up or Down - April 22, 11:35PM-11:40PM ET",UP,Up,2.0,0.52,,WIN,YES,1.8461538461538458,Up,0x53e75206ab0cbb90144c204ef7b748493641d2615b9b8ae07625733e429788d0,93560620320143740688103293499875504360196576092638437084359242762631243353153
2026-04-23T03:40:00.568484+00:00,2026-04-23T03:50:49.437230+00:00,momentum,"XRP Up or Down - April 22, 11:40PM-11:45PM ET",UP,Up,8.0,0.51,,WIN,YES,7.686274509803921,Up,0xdfd2d8b0c001fbbc1da4ef24dbc0637baa639305f42d60a2ab9960487f88f15c,83038645863722120850087619057458179859867796316677432547288769329057452407145
2026-04-23T03:40:00.549034+00:00,2026-04-23T03:51:49.952377+00:00,momentum,"Bitcoin Up or Down - April 22, 11:40PM-11:45PM ET",UP,Up,2.0,0.52,,WIN,YES,1.8461538461538458,Up,0x890c8feda11e3c97ce29d8e22cb064f66f6d41420507e8c920817277b37bf3d6,60184353021509783719380374577836550394950996423304818821387033203291503028408
2026-04-23T03:40:00.559314+00:00,2026-04-23T03:51:50.087332+00:00,momentum,"Ethereum Up or Down - April 22, 11:40PM-11:45PM ET",UP,Up,2.0,0.52,,WIN,YES,1.8461538461538458,Up,0xd73d0f4c921a3085cab0689399a55a85a7eae198bd1c2617dee6e52b5369c443,56683826179864827408683114626082414370544471463321114327682720025947774185244
2026-04-23T03:40:00.581182+00:00,2026-04-23T03:51:50.242937+00:00,momentum,"Solana Up or Down - April 22, 11:40PM-11:45PM ET",UP,Up,8.0,0.51,,WIN,YES,7.686274509803921,Up,0x0991660126f9f36d89f3e2022c856ffa25d262eb124214ecc9af4e9fa66d0561,68968105072713542149539205524058223857328137187063169468131287133990990601399
2026-04-23T03:45:00.407234+00:00,2026-04-23T03:53:51.538584+00:00,momentum,"Solana Up or Down - April 22, 11:45PM-11:50PM ET",UP,Up,2.0,0.51,,LOSS,NO,-2.0,Down,0x9af02ebd6ce058540bbd95eebfca92078ab7d5e7063c8a6fa0a46d2328286ee3,113259939663398867205253070239874063485663529256440749885058741854610368821329
2026-04-23T03:45:00.437331+00:00,2026-04-23T03:53:51.579608+00:00,momentum,"XRP Up or Down - April 22, 11:45PM-11:50PM ET",UP,Up,2.0,0.515,,LOSS,NO,-2.0,Down,0x78e54229e55fb653599de6f20eb1624f746a85c06aeb0926d591894d79fb2d6d,12559057930471453594818372499276932863455178722677387090885419450887788042918
2026-04-23T03:45:02.556223+00:00,2026-04-23T03:53:51.623844+00:00,momentum,"Bitcoin Up or Down - April 22, 11:45PM-11:50PM ET",UP,Up,4.0,0.59,,LOSS,NO,-4.0,Down,0x064f43cdae00bdc2c2a1ef02b162cfcfcddfb0ec7636e67e22e46b7c02c7e26e,78337327294961071405602862718646887626167847919829501503986626442124543511349
2026-04-23T03:45:00.379529+00:00,2026-04-23T03:54:51.475531+00:00,momentum,"Ethereum Up or Down - April 22, 11:45PM-11:50PM ET",UP,Up,2.0,0.515,,LOSS,NO,-2.0,Down,0x8fdd3c85ce3cfcd85cc798307bd4fb5621289660e076840cbd4e93362e0f8fac,89968931214251949789822012781111456904431616857984341535812707960705796123268
2026-04-23T03:50:00.534635+00:00,2026-04-23T03:59:53.283641+00:00,momentum,"Bitcoin Up or Down - April 22, 11:50PM-11:55PM ET",UP,Up,2.0,0.51,,WIN,YES,1.9215686274509802,Up,0xf741da526be208a18ff0605a16ca675e675299b1bc7737867e5b15bfa1940550,68579432129430620181371469182256271838032924607444311420856874412049258631451
2026-04-23T03:50:00.543116+00:00,2026-04-23T03:59:53.444006+00:00,momentum,"Ethereum Up or Down - April 22, 11:50PM-11:55PM ET",UP,Up,4.0,0.53,,WIN,YES,3.547169811320754,Up,0x8caa745743c74730ce8564aadf6fcde30e63813a7c5e72c13136419f04a4c404,49187877491716281780631095122943019912055320631343888860446644973084475166322
2026-04-23T03:50:00.550578+00:00,2026-04-23T03:59:53.594663+00:00,momentum,"XRP Up or Down - April 22, 11:50PM-11:55PM ET",UP,Up,4.0,0.54,,WIN,YES,3.4074074074074066,Up,0x27e3e324a2cfd225729ce9f7f110d1824559b85145de1c125005283246f32f97,30960375282053008671490606433852631514505011661710969678363788713381568656265
2026-04-23T03:50:00.560832+00:00,2026-04-23T03:59:53.730259+00:00,momentum,"Solana Up or Down - April 22, 11:50PM-11:55PM ET",UP,Up,4.0,0.52,,WIN,YES,3.6923076923076916,Up,0x9a154133d33cd249751a9e001f6a386d71c18b17cb085f86aadd23f38f7e601c,109106672663247434828682949733135923561508466504975238245108910461513422570350
2026-04-23T03:55:01.013518+00:00,2026-04-23T04:05:56.073336+00:00,momentum,"Ethereum Up or Down - April 22, 11:55PM-12:00AM ET",UP,Up,2.0,0.51,,WIN,YES,1.9215686274509802,Up,0x38e45894c6686e15d38368d47ae2778e543f5439e678747cf7c8e0d84b6abd98,62634618320075822301457786250520279155898767463925810775896974078095593844871
2026-04-23T03:55:03.110479+00:00,2026-04-23T04:05:56.239065+00:00,momentum,"Bitcoin Up or Down - April 22, 11:55PM-12:00AM ET",UP,Up,2.0,0.51,,WIN,YES,1.9215686274509802,Up,0xa574a3fe3ea1e92abea00898431d43386516f8131bfc5f63bab811ffa6f68307,78703897717704133805224026552125097613001353266085780292775376072165885696468
2026-04-23T03:55:01.000695+00:00,2026-04-23T04:06:56.041551+00:00,momentum,"Solana Up or Down - April 22, 11:55PM-12:00AM ET",UP,Up,2.0,0.51,,WIN,YES,1.9215686274509802,Up,0xb4e23450b8eda6624c56ae2d4d6cac7dc36cc5b591ad2173d0fc742b81ac737b,68664179004032294064194550603634313788448046694951445440965359364149950923845
2026-04-23T03:55:09.233686+00:00,2026-04-23T04:06:56.076151+00:00,momentum,"XRP Up or Down - April 22, 11:55PM-12:00AM ET",DOWN,Down,2.0,0.56,,LOSS,NO,-2.0,Up,0xbb30912c6463835f185c3be4e2dac863b3258573c6bbfab196e0c464e5369edb,91668960123111073698315078218708249111602367938459941099980325936978271377690
2026-04-23T04:00:00.450262+00:00,2026-04-23T04:07:56.531167+00:00,momentum,"Ethereum Up or Down - April 23, 12:00AM-12:05AM ET",UP,Up,4.0,0.51,,LOSS,NO,-4.0,Down,0xa437afefca2b12c3ee32358ba05eb80b929cf7d2121367513ae45d9271ed3cdf,5542522010567107098784525926220576363509814247435058791098470904724910215360
2026-04-23T04:00:00.459845+00:00,2026-04-23T04:08:57.280585+00:00,momentum,"XRP Up or Down - April 23, 12:00AM-12:05AM ET",UP,Up,4.0,0.515,,WIN,YES,3.766990291262136,Up,0x6f943b0da50eb8475044030ba8400ee2243e8bef94e3c677031fd8f2bb812745,10274007494571397165271597592505855378258070149569247987908402187903286941084
2026-04-23T04:00:00.473151+00:00,2026-04-23T04:09:57.017738+00:00,momentum,"Solana Up or Down - April 23, 12:00AM-12:05AM ET",UP,Up,2.0,0.51,,LOSS,NO,-2.0,Down,0x6c9c99260b2dd75b6914147c8000fff69f15852bac5a66a5f9007a74bca4c211,106922341345039766599251066859539022825606979366662748289729492165972341196827
2026-04-23T04:00:01.780060+00:00,2026-04-23T04:09:57.135563+00:00,momentum,"Bitcoin Up or Down - April 23, 12:00AM-12:05AM ET",DOWN,Down,4.0,0.52,,LOSS,NO,-4.0,Up,0x0cad11ba5f6526480bf9f506a625f927ac2217e8b45fbcadb57fb392fe19ab94,80456898726132507351013813444512090676699158635120960747525634398670101465923
2026-04-23T04:05:00.938780+00:00,2026-04-23T04:14:59.707031+00:00,momentum,"Bitcoin Up or Down - April 23, 12:05AM-12:10AM ET",DOWN,Down,2.0,0.55,,LOSS,NO,-2.0,Up,0x2fc5cb959fffb4691e99b7811d6cacad1d6b11064c73685fdb6e2ecedaec380b,83479103367326448624594440005591442167967233004377101092476582051455530011671
2026-04-23T04:05:00.977992+00:00,2026-04-23T04:14:59.972391+00:00,momentum,"Solana Up or Down - April 23, 12:05AM-12:10AM ET",UP,Up,4.0,0.51,,WIN,YES,3.8431372549019605,Up,0xf53e7e931e7cf7eb381923e864aa124ce0bfd68469718f9994b1849e5610ead6,102257964983417228960594094649422790679278513518562375597435417469987891131085
2026-04-23T04:05:07.142137+00:00,2026-04-23T04:15:00.009409+00:00,momentum,"XRP Up or Down - April 23, 12:05AM-12:10AM ET",DOWN,Down,2.0,0.54,,LOSS,NO,-2.0,Up,0x7e289b8c7595d90cda139ae6ab8703000a3498155bcc9c258515e1f5b55901db,107325415434651889760602047752297099708404992238304267526051771721348432444915
2026-04-23T04:05:00.947890+00:00,2026-04-23T04:16:00.226064+00:00,momentum,"Ethereum Up or Down - April 23, 12:05AM-12:10AM ET",DOWN,Down,8.0,0.52,,LOSS,NO,-8.0,Up,0xf05bb8a221fb843fdfae055765394b383054e8a2c46b01f72df046b41794cafd,104825184609897204514145770476254858115058913907461007783790941508180543727626
2026-04-23T04:10:02.343861+00:00,2026-04-23T04:21:03.286417+00:00,momentum,"Bitcoin Up or Down - April 23, 12:10AM-12:15AM ET",DOWN,Down,4.0,0.51,,LOSS,NO,-4.0,Up,0xae4af2a2e18bba9a674a80f2f2aa99ccf95e11633456b611d545793d031c30bc,29965931160060923661170239817275421362042822311774043920311613425734999267267
2026-04-23T04:10:02.356087+00:00,2026-04-23T04:21:03.435694+00:00,momentum,"Ethereum Up or Down - April 23, 12:10AM-12:15AM ET",UP,Up,16.0,0.52,,WIN,YES,14.769230769230766,Up,0x1263b77f3f8cba3ca29888f58a204ce0aae575fd362c3e5a4c455f37f48f074f,15220569272373980977657235653979195750837020880783815722916554535250712739017
2026-04-23T04:10:08.619844+00:00,2026-04-23T04:21:03.566615+00:00,momentum,"Solana Up or Down - April 23, 12:10AM-12:15AM ET",UP,Up,2.0,0.54,,WIN,YES,1.7037037037037033,Up,0xd969516eaef8b246ee2dd6558f67ea2dd80b03815d0791bc1723ae9cccc76a63,19288944045307000224423210492732377832113524784533834409137948868128679874708
2026-04-23T04:10:20.859304+00:00,2026-04-23T04:21:03.705868+00:00,momentum,"XRP Up or Down - April 23, 12:10AM-12:15AM ET",UP,Up,4.0,0.69,,WIN,YES,1.7971014492753632,Up,0x88e0f5f5abd7e1c0c8deb744f84fec783c4d69204e47da6221b774da7b841d68,60269642110573837680535064020981587386435192037981390242580440760529566392594
2026-04-23T04:15:13.494440+00:00,2026-04-23T04:23:05.211060+00:00,momentum,"XRP Up or Down - April 23, 12:15AM-12:20AM ET",DOWN,Down,2.0,0.51,,WIN,YES,1.9215686274509802,Down,0x07dfced62f4400ab75e62217707aba2a7f7cef508d8e01e3dffbf95baad16a72,27041018670713087565688747546457659295602705759774677299432582890138286640983
2026-04-23T04:15:07.257634+00:00,2026-04-23T04:24:04.925633+00:00,momentum,"Solana Up or Down - April 23, 12:15AM-12:20AM ET",DOWN,Down,2.0,0.52,,WIN,YES,1.8461538461538458,Down,0xf2b912a0eb629a6e49d999e5fc93eb90b576785175f4171308975b4a6fe36e21,4534340334845832397373688356724650142475732163289913432721993803411248771475
2026-04-23T04:15:03.987231+00:00,2026-04-23T04:25:05.182164+00:00,momentum,"Bitcoin Up or Down - April 23, 12:15AM-12:20AM ET",DOWN,Down,8.0,0.56,,WIN,YES,6.285714285714285,Down,0x07599ee87fac6f65d0dd118f1c4cda8750752754df26030d1f385730463ca59a,25107394674715847073546042485175704574621440420154329536106835896514719435425
2026-04-23T04:15:04.053303+00:00,2026-04-23T04:25:05.356068+00:00,momentum,"Ethereum Up or Down - April 23, 12:15AM-12:20AM ET",DOWN,Down,2.0,0.55,,WIN,YES,1.6363636363636362,Down,0x31863060b4b0807c70c11ce78fa3a05558735964030bfe00747b843d43fed6f6,63992656213076844619243533691504880509107296978736372030720984168991429411883
2026-04-23T04:20:00.762564+00:00,2026-04-23T04:30:08.605045+00:00,momentum,"Bitcoin Up or Down - April 23, 12:20AM-12:25AM ET",DOWN,Down,2.0,0.515,,WIN,YES,1.883495145631068,Down,0x766af5cf38fe098ff7a152f8ed1a97c9d6d2d7133b86c4c9e4b18908757085ee,100811785922069610140643080212944110578171455290921551792850506939667232406138
2026-04-23T04:20:00.770944+00:00,2026-04-23T04:30:08.767802+00:00,momentum,"XRP Up or Down - April 23, 12:20AM-12:25AM ET",DOWN,Down,2.0,0.51,,WIN,YES,1.9215686274509802,Down,0x07473f5893a091411ed0e534929c3205130e075578db5779b94d6f323a52aade,115659485200934568803360276155356337085832521992574674792425573658550079087116
2026-04-23T04:20:11.392087+00:00,2026-04-23T04:31:09.224281+00:00,momentum,"Ethereum Up or Down - April 23, 12:20AM-12:25AM ET",UP,Up,2.0,0.53,,WIN,YES,1.773584905660377,Up,0xa99cc349484f8f90037af7cb11c98c5bb54a8adb8f30bd741f98213156878442,29136982469641209837398074382843192744866273388252213276733172538282159380186
2026-04-23T04:20:17.522772+00:00,2026-04-23T04:31:09.424921+00:00,momentum,"Solana Up or Down - April 23, 12:20AM-12:25AM ET",UP,Up,2.0,0.64,,WIN,YES,1.125,Up,0x79469df38e93ea5814ed879c8fe9f708eca83e542d2510e7d34601119314ad41,93839609851205800948472704977308172460596475590182214154558587746340360247630
2026-04-23T04:25:08.381931+00:00,2026-04-23T04:35:11.576856+00:00,momentum,"Solana Up or Down - April 23, 12:25AM-12:30AM ET",DOWN,Down,4.0,0.56,,LOSS,NO,-4.0,Up,0x72319ddc5b17245749424465468ac0b8ce5a41138b000551fa2d49b987f4f157,24602335604132956283737029079922014688309748634215890519198412008668405054749
2026-04-23T04:25:01.927918+00:00,2026-04-23T04:36:12.099071+00:00,momentum,"Ethereum Up or Down - April 23, 12:25AM-12:30AM ET",DOWN,Down,4.0,0.51,,LOSS,NO,-4.0,Up,0x4d9a7899de9c61844c7fdbf2ee0b033e593f5321e29083215df0ef0a6473113a,18192214967510229572112695018458057075862979569411276409715702644446994244579
2026-04-23T04:25:08.391460+00:00,2026-04-23T04:36:12.140219+00:00,momentum,"XRP Up or Down - April 23, 12:25AM-12:30AM ET",DOWN,Down,2.0,0.51,,LOSS,NO,-2.0,Up,0x26df029cbda3139c0fea600dd892c4d72d332483fd1bf99b91e2d3260fdbb902,115377945935267484608777118020675599599614153546104510104913553880548100729702
2026-04-23T04:25:01.917991+00:00,2026-04-23T04:37:12.607713+00:00,momentum,"Bitcoin Up or Down - April 23, 12:25AM-12:30AM ET",DOWN,Down,2.0,0.51,,LOSS,NO,-2.0,Up,0xcd6bd51cb6e7295471ff614a78d74566d913eeff82230ab3dd26776ac7112833,6091583839367932706120713615473946705185001351781126473266795613760851875993
2026-04-23T04:30:10.776073+00:00,2026-04-23T04:39:14.242443+00:00,momentum,"Solana Up or Down - April 23, 12:30AM-12:35AM ET",UP,Up,8.0,0.62,,WIN,YES,4.903225806451614,Up,0xac99e71618c6b055d546f90abcdcc8eda06980358dba00b5f122f585153111cd,70147767400297276674022582306268194564872815659112572975277861626012388446708
2026-04-23T04:30:13.860537+00:00,2026-04-23T04:39:14.397444+00:00,momentum,"XRP Up or Down - April 23, 12:30AM-12:35AM ET",UP,Up,4.0,0.57,,WIN,YES,3.0175438596491233,Up,0xc3310cf30317fc0e4a9d0d221d433c0852125b18640655b73b9fc379fd3f1c45,24559000326019242952562905340320490464638264396380203869512138088434180894163
2026-04-23T04:30:03.230450+00:00,2026-04-23T04:40:14.402441+00:00,momentum,"Bitcoin Up or Down - April 23, 12:30AM-12:35AM ET",DOWN,Down,4.0,0.51,,LOSS,NO,-4.0,Up,0xd5d6dc274e6d86e576e4fdc54d0114e65294c13c50f15dba496c784762ab7a18,48502477936385837218871521662384826037113887260497573356000572204888464246887
2026-04-23T04:30:03.242800+00:00,2026-04-23T04:40:14.442235+00:00,momentum,"Ethereum Up or Down - April 23, 12:30AM-12:35AM ET",DOWN,Down,8.0,0.55,,LOSS,NO,-8.0,Up,0x39d61faa49877fa38f3eaf4d0fcaacf12f3dadb7b7ac47e50924a63769609f19,4346407958808357335108853135596622006033166025083135410755961325338394242677
2026-04-23T04:35:01.596896+00:00,2026-04-23T04:44:16.746166+00:00,momentum,"Bitcoin Up or Down - April 23, 12:35AM-12:40AM ET",DOWN,Down,4.0,0.56,,WIN,YES,3.1428571428571423,Down,0x99c289a1c35d0a8e13d58cde2e04702609952b0c5842f0e82c1f890841d8718a,7847497173847797209209890955345599347209001611178687707950701811833064498247
2026-04-23T04:35:01.607645+00:00,2026-04-23T04:44:16.787174+00:00,momentum,"Solana Up or Down - April 23, 12:35AM-12:40AM ET",DOWN,Down,2.0,0.54,,LOSS,NO,-2.0,Up,0x1b777c735b8c26d2c5de9e729529ae896b753699dc6635c179939c125b164502,17271610053366129858959115707220353516433758342068893405816202408738795944158
2026-04-23T04:35:01.576871+00:00,2026-04-23T04:45:16.597653+00:00,momentum,"Ethereum Up or Down - April 23, 12:35AM-12:40AM ET",DOWN,Down,8.0,0.55,,WIN,YES,6.545454545454545,Down,0xc6a6a668f804ee8b63ba0537fe9209e15435f6f16021f40b0bdf0c9eb2862f4c,8153402057222114934061955450078344002661380543178210565612630489450008555776
2026-04-23T04:35:01.586708+00:00,2026-04-23T04:45:16.787194+00:00,momentum,"XRP Up or Down - April 23, 12:35AM-12:40AM ET",DOWN,Down,2.0,0.54,,WIN,YES,1.7037037037037033,Down,0x220bcd53b2a92be8ff7df018a287f561095e9e51829a2008ba3d2164ae1e442c,111064909304117847960423479972034437603422506480069116645324608241195395337471
2026-04-23T04:40:00.904141+00:00,2026-04-23T04:50:19.548085+00:00,momentum,"Solana Up or Down - April 23, 12:40AM-12:45AM ET",DOWN,Down,4.0,0.515,,WIN,YES,3.766990291262136,Down,0x70807cdc40772329cca39dbefd5da684e0f632866937da9f2371b989b430347c,74474823024423989029226002290408751724736614426215323038318243593831413155746
2026-04-23T04:40:33.554431+00:00,2026-04-23T04:51:20.376523+00:00,momentum,"Bitcoin Up or Down - April 23, 12:40AM-12:45AM ET",DOWN,Down,2.0,0.51,,WIN,YES,1.9215686274509802,Down,0x00f508f182afc6d86f6a7b8e8468a3b6efc32688e95790e70a3bb334f23eb995,106817526142281133981114599356372903897850369522111406556075842808403857642940
2026-04-23T04:40:39.680064+00:00,2026-04-23T04:51:20.522546+00:00,momentum,"Ethereum Up or Down - April 23, 12:40AM-12:45AM ET",DOWN,Down,2.0,0.51,,WIN,YES,1.9215686274509802,Down,0xe9d080fb42350281244bba5f211f85a82cc18e8e954404f9d668946fe5e7ff56,18458688704044270753638360792780875356776238982796835955088389660895915003231
2026-04-23T04:40:21.142160+00:00,2026-04-23T04:52:20.887857+00:00,momentum,"XRP Up or Down - April 23, 12:40AM-12:45AM ET",DOWN,Down,2.0,0.53,,WIN,YES,1.773584905660377,Down,0xa1703722cc8406548bc6fa98070790d71debb3d78727a890bd26d362ef485e92,110628300610480849105368791884788101256653363587859193514820751308622785454598
2026-04-23T04:45:05.382930+00:00,2026-04-23T04:53:21.728960+00:00,momentum,"Ethereum Up or Down - April 23, 12:45AM-12:50AM ET",UP,Up,4.0,0.58,,LOSS,NO,-4.0,Down,0x359087eaecd7852a585235dfd43c108808e30f738880a23461a777ed3964d74a,77535091427174116213755293768833222974199885045478631148497928350916538531386
2026-04-23T04:45:05.431827+00:00,2026-04-23T04:54:22.013470+00:00,momentum,"XRP Up or Down - April 23, 12:45AM-12:50AM ET",UP,Up,2.0,0.55,,WIN,YES,1.6363636363636362,Up,0x622a8e900025ab6f7e6db9ee95937e9a2c832ae7b03f63ba9766c7ddd4809442,88471310907707600519400744949322785161924328800779606196795949981458816441001
2026-04-23T04:45:01.938207+00:00,2026-04-23T04:55:22.024488+00:00,momentum,"Bitcoin Up or Down - April 23, 12:45AM-12:50AM ET",UP,Up,4.0,0.52,,WIN,YES,3.6923076923076916,Up,0x68e85fb85d46b2f2d16cba10654991f8462fc32d8bdeab1efadc93d98f6c6a9a,13072072818747421964329087103721954641654433583664975288890876840094613325914
2026-04-23T04:45:05.496186+00:00,2026-04-23T04:55:22.184022+00:00,momentum,"Solana Up or Down - April 23, 12:45AM-12:50AM ET",UP,Up,2.0,0.6,,WIN,YES,1.3333333333333335,Up,0x713ef38ec82afaf438ad321340869e41974cdb416de4cce3b27e290eb0893405,107418721611472929171844497976018697423973342585998587509406764931852768133133
2026-04-23T04:50:00.751698+00:00,2026-04-23T05:00:24.173665+00:00,momentum,"Ethereum Up or Down - April 23, 12:50AM-12:55AM ET",DOWN,Down,8.0,0.51,,LOSS,NO,-8.0,Up,0xba934884fee4446fd11d80d37cb887a67444c0e573f2ccf0fed424e7cae22b02,12338072016066838581510472124055405044258426398052262351952173064389335999185
2026-04-23T04:50:01.819906+00:00,2026-04-23T05:00:24.220710+00:00,momentum,"Bitcoin Up or Down - April 23, 12:50AM-12:55AM ET",DOWN,Down,8.0,0.66,,LOSS,NO,-8.0,Up,0x1c643ada9b1b26fa92c985266eeab061cc6314d7c5a957667f0ea202b6607cd4,53579242042461719587788881108006261146469425375747162866174677314661732295031
2026-04-23T04:50:01.831423+00:00,2026-04-23T05:00:24.257440+00:00,momentum,"Solana Up or Down - April 23, 12:50AM-12:55AM ET",DOWN,Down,2.0,0.51,,LOSS,NO,-2.0,Up,0xbe2ef24cba2bcdabb513482819e69821a3ee2adf7f2540d25af5edf5339a67fd,40580826101066604556642166667348729187861570691890583791765415501286610262762
2026-04-23T04:50:04.897204+00:00,2026-04-23T05:00:24.393586+00:00,momentum,"XRP Up or Down - April 23, 12:50AM-12:55AM ET",DOWN,Down,4.0,0.56,,WIN,YES,3.1428571428571423,Down,0x7557ebe6c73f11d8db02541bc0ba4f22a419eed962cba080d0e96f2806a23310,25861513899559429168748154511144658422045086090265310906254767149476140840616
2026-04-23T04:55:00.727952+00:00,2026-04-23T05:05:27.060318+00:00,momentum,"XRP Up or Down - April 23, 12:55AM-1:00AM ET",UP,Up,2.0,0.99,,WIN,YES,0.020202020202020332,Up,0x6a2d15dcfbed54bcf0bd391f93005ba0fa6866779b9fbc21e588b09cb23d9230,13062027003898252623942020985781456365057698213266729575755710848647899525820
2026-04-23T04:55:00.745003+00:00,2026-04-23T05:05:27.099309+00:00,momentum,"Solana Up or Down - April 23, 12:55AM-1:00AM ET",DOWN,Down,4.0,0.53,,LOSS,NO,-4.0,Up,0x165958831c648bb63bc8be7e6669616799e707fa73892b3138c4f5aad52b508d,57412521836939688819631083021529036407712819056819784227757914719192926058936
2026-04-23T04:55:00.773633+00:00,2026-04-23T05:06:27.927524+00:00,momentum,"Bitcoin Up or Down - April 23, 12:55AM-1:00AM ET",DOWN,Down,16.0,0.51,,WIN,YES,15.372549019607842,Down,0x70fab007f7298765307d8a5a435360081f5653f497a3417f28ce62c060b451dc,4241884214594246221638571150553687974362151670018708568191424695967719097218
2026-04-23T04:55:00.759067+00:00,2026-04-23T05:07:28.195863+00:00,momentum,"Ethereum Up or Down - April 23, 12:55AM-1:00AM ET",DOWN,Down,8.0,0.52,,LOSS,NO,-8.0,Up,0xe1ceccf541fbedbf26516ac1c3c17cd1f5f164c0ae6b0b43fdf2bdb97c7a2a02,3406952071507217356417646385575881748291370999478738356207410087376219118731
2026-04-23T05:00:02.903145+00:00,2026-04-23T05:08:29.054050+00:00,momentum,"Ethereum Up or Down - April 23, 1:00AM-1:05AM ET",UP,Up,16.0,0.57,,WIN,YES,12.070175438596493,Up,0xfaa99ead7f1a5e6888adc678df1cf838fc705bd31eb596a30f0b678cc30d827a,79993905621628092474790864659308660654184278926766788908857239543373439177247
2026-04-23T05:00:02.931666+00:00,2026-04-23T05:08:29.305422+00:00,momentum,"Bitcoin Up or Down - April 23, 1:00AM-1:05AM ET",UP,Up,2.0,0.58,,WIN,YES,1.4482758620689657,Up,0x2cd83101b3b4100e6842ca1776460dbb174819604319fa0fe4705b5a6a9e5a9d,51193962342996543996540282436800603433802677502534569625303438779501518706718
2026-04-23T05:00:06.343147+00:00,2026-04-23T05:08:29.465226+00:00,momentum,"XRP Up or Down - April 23, 1:00AM-1:05AM ET",UP,Up,2.0,0.51,,WIN,YES,1.9215686274509802,Up,0xe0a52e1f2b77fdab64a31ca86a1d5eca57f57a15ea3c1b94d3fcc72049aeb080,10712945326062474878182836798256430628820113480655721565441236186635344962243
2026-04-23T05:00:02.918919+00:00,2026-04-23T05:10:31.169907+00:00,momentum,"Solana Up or Down - April 23, 1:00AM-1:05AM ET",DOWN,Down,8.0,0.52,,LOSS,NO,-8.0,Up,0xcd0a9caa6973ca2fe28d494abaf3d75ace1390161b36d134f0f76e26193d917c,78202147127435937844684625644453376172097875812667471319058231650034664276786
2026-04-23T05:05:01.896107+00:00,2026-04-23T05:14:33.958891+00:00,momentum,"Ethereum Up or Down - April 23, 1:05AM-1:10AM ET",DOWN,Down,2.0,0.53,,WIN,YES,1.773584905660377,Down,0xe69db259163913b800288eab97867698158351a1b5a7572b553fd5fa15c7e0df,79920270570498591941696312141831185294369058524397888481864147824659942860614
2026-04-23T05:05:11.122867+00:00,2026-04-23T05:14:34.265182+00:00,momentum,"Solana Up or Down - April 23, 1:05AM-1:10AM ET",UP,Up,16.0,0.52,,LOSS,NO,-16.0,Down,0x0d204fe1ff94ad21c1e08b7738f50e9598ddd567beb622e484f425cb009fb969,79436026381842597263027418089416886292175284029943500074391676614314570933723
2026-04-23T05:05:01.912858+00:00,2026-04-23T05:15:34.321285+00:00,momentum,"XRP Up or Down - April 23, 1:05AM-1:10AM ET",DOWN,Down,2.0,0.52,,WIN,YES,1.8461538461538458,Down,0xcbf8520f215b9f871fd7fec323600efda98b943c9afc9aedb7dca8413e4cd7b1,44975761825979055021181269103431081742909817516890089601410805503310224474353
2026-04-23T05:05:01.930105+00:00,2026-04-23T05:16:35.175394+00:00,momentum,"Bitcoin Up or Down - April 23, 1:05AM-1:10AM ET",DOWN,Down,2.0,0.52,,WIN,YES,1.8461538461538458,Down,0x4aecd1afb36de657e6e19fbfbc3301abc0bf36ffc3ecfb4763fc631226170fbf,56904578787356724330172429863977214355815585699822314421306625544789437025168
2026-04-23T05:10:01.214453+00:00,2026-04-23T05:20:37.227177+00:00,momentum,"Solana Up or Down - April 23, 1:10AM-1:15AM ET",DOWN,Down,16.0,0.515,,LOSS,NO,-16.0,Up,0x88881e32d8e09eba82e9651e1820f485607219424000bda270dc4f9d82e44df5,16036075053069387317649593997212214465561858072171094713065463929411185817966
2026-04-23T05:10:03.341727+00:00,2026-04-23T05:21:38.113611+00:00,momentum,"XRP Up or Down - April 23, 1:10AM-1:15AM ET",UP,Up,2.0,0.63,,WIN,YES,1.1746031746031744,Up,0xbdd802ddf7a7dc837aef9872bdebaed6ffcb98cb3c60420e914098fe9ca4c14f,13293656327110067119703570520951484663248446379211580974155638630550765595775
2026-04-23T05:10:03.362847+00:00,2026-04-23T05:21:38.374423+00:00,momentum,"Bitcoin Up or Down - April 23, 1:10AM-1:15AM ET",UP,Up,2.0,0.52,,WIN,YES,1.8461538461538458,Up,0xf8dd8d8821959bec2875bad0424af583616dc550b7010635974ddb2f85c8cf65,99374701306495445071499468333941205319395691464584467205203288199923218287081
2026-04-23T05:10:03.351321+00:00,2026-04-23T05:22:38.476107+00:00,momentum,"Ethereum Up or Down - April 23, 1:10AM-1:15AM ET",DOWN,Down,2.0,0.51,,LOSS,NO,-2.0,Up,0xd8ff26b9fdb6f36e14ce4fb2e3cae212b9457f975e7ab71947bad5c6af647f88,108859348123257147124781573799191390085854171298046601511808945597313129384486
2026-04-23T05:15:13.103940+00:00,2026-04-23T05:23:39.713929+00:00,momentum,"Solana Up or Down - April 23, 1:15AM-1:20AM ET",UP,Up,32.0,0.51,,WIN,YES,30.745098039215684,Up,0x024cbdce1417ed08e3259649d99e5c2d21c5f26bd88b4edfb81a5838e6897f81,14353348289895610283331945905175632506094211477744011057571667746507975643043
2026-04-23T05:15:00.256268+00:00,2026-04-23T05:24:39.521627+00:00,momentum,"Bitcoin Up or Down - April 23, 1:15AM-1:20AM ET",DOWN,Down,2.0,0.51,,LOSS,NO,-2.0,Up,0x026043cd8ecc77b4fbfad22290a444503c4f7f0b773febccf46e221727d37cd1,74195143988054777249698287688030500836069718051415221843197776223700737962193
2026-04-23T05:15:13.093939+00:00,2026-04-23T05:24:39.559513+00:00,momentum,"Ethereum Up or Down - April 23, 1:15AM-1:20AM ET",UP,Up,4.0,0.54,,LOSS,NO,-4.0,Down,0x6c88a70242b88a724bc694a8a99a58dc103e42eae8f223d642589c9ad06de74e,23935291506764298300128689019851401518657689781146669554776105273289768208053
2026-04-23T05:16:01.496663+00:00,2026-04-23T05:24:39.697050+00:00,momentum,"XRP Up or Down - April 23, 1:15AM-1:20AM ET",DOWN,Down,2.0,0.58,,WIN,YES,1.4482758620689657,Down,0x1edd518a8cfb2b497e63947e9ae5aa8be757fc2acd9d42e56e0bde61a5bcc29a,40422986742453820296098417098638195517125444419934514453004419207477886141944
2026-04-23T05:20:02.790642+00:00,2026-04-23T05:30:43.755873+00:00,momentum,"Ethereum Up or Down - April 23, 1:20AM-1:25AM ET",UP,Up,8.0,0.52,,LOSS,NO,-8.0,Down,0xeb0416b025ccaadde2cba981edbe88128178afd671d7b4ef4f19b897d5bad0f9,94770292964203267634434964821307948306190300459814318017502889415170460757538
2026-04-23T05:20:02.801974+00:00,2026-04-23T05:30:43.897883+00:00,momentum,"XRP Up or Down - April 23, 1:20AM-1:25AM ET",UP,Up,2.0,0.53,,WIN,YES,1.773584905660377,Up,0x4da1bde01e06286b714ec00d85ba5b6a76805d02133d51033562e3c8d3f954cb,105598469555195434694111497249509040759685521593107578209218945667011889610744
2026-04-23T05:20:05.875740+00:00,2026-04-23T05:30:43.937339+00:00,momentum,"Solana Up or Down - April 23, 1:20AM-1:25AM ET",UP,Up,2.0,0.6,,LOSS,NO,-2.0,Down,0x375b2896202fe02e4e529c9bdcecf4e239c90465d8510c47dcc087080e497b56,77519593204320019521894406085527467673560691558903703582709279679642164182367
2026-04-23T05:20:02.779508+00:00,2026-04-23T05:31:44.528219+00:00,momentum,"Bitcoin Up or Down - April 23, 1:20AM-1:25AM ET",UP,Up,2.0,0.53,,LOSS,NO,-2.0,Down,0x6a9c494c11fbb2ba0d831b6fa91b028345707c7df265673d5c6ef8c2e437546b,90877419864674853271435273084269437376438149548881989590107039292862351142754
2026-04-23T05:25:02.408168+00:00,2026-04-23T05:35:46.336983+00:00,momentum,"Bitcoin Up or Down - April 23, 1:25AM-1:30AM ET",DOWN,Down,4.0,0.62,,WIN,YES,2.451612903225807,Down,0xb81f5af9e94370c5c44146b7454750f3967f1169bd673c53e09e72725f2c161d,42929222045704824283805714340058935510895921010661517412912731166313534127752
2026-04-23T05:25:02.396990+00:00,2026-04-23T05:36:47.109863+00:00,momentum,"Ethereum Up or Down - April 23, 1:25AM-1:30AM ET",UP,Up,16.0,0.51,,LOSS,NO,-16.0,Down,0xe514e87b6c30d723c766a58f662c75e64c5772c54497ae33491cf174ff7cd404,106830490202175031318439059195038935328684875040524473590937368333253276272622
2026-04-23T05:25:21.397054+00:00,2026-04-23T05:36:47.262758+00:00,momentum,"Solana Up or Down - April 23, 1:25AM-1:30AM ET",DOWN,Down,4.0,0.54,,WIN,YES,3.4074074074074066,Down,0x12511462c4e731110003cdf23388a4cacbe22bdd1aa6f3acb3461c729e047db3,115681607914833995898127878575529756143888342576623957244261939471730710115299
2026-04-23T05:25:24.664222+00:00,2026-04-23T05:36:47.425015+00:00,momentum,"XRP Up or Down - April 23, 1:25AM-1:30AM ET",DOWN,Down,2.0,0.7,,WIN,YES,0.8571428571428572,Down,0x17216d6ad78cc19fecde3946b7ead4924c136307ccf5074ec90c0b0e68a977ea,45783819238115563562360466881564475505364695903719485258769986136751120126349
2026-04-23T05:30:00.523639+00:00,2026-04-23T05:38:48.985987+00:00,momentum,"Bitcoin Up or Down - April 23, 1:30AM-1:35AM ET",DOWN,Down,2.0,0.515,,WIN,YES,1.883495145631068,Down,0x23253e67171c41e216a040df16b28253b9ff3336093f6d7761f1851feffa2790,112837439003928253233590369554008022453262700276812357830156763549865341216320
2026-04-23T05:30:01.616446+00:00,2026-04-23T05:38:49.046868+00:00,momentum,"Ethereum Up or Down - April 23, 1:30AM-1:35AM ET",UP,Up,32.0,0.54,,LOSS,NO,-32.0,Down,0x7937144501ff35772b2cdd17f562e3d4aee64a25b49e423d541d494e16125a17,92631147684793455401836713992780319582221080028802421574275704439776685012495
2026-04-23T05:30:01.642072+00:00,2026-04-23T05:38:49.246816+00:00,momentum,"XRP Up or Down - April 23, 1:30AM-1:35AM ET",UP,Up,2.0,0.52,,LOSS,NO,-2.0,Down,0x0f3310c5eb90df922fa1b836e15a7e8c3626d8b35b0d4bbd5a662acc667bac25,112520144808149629785377051180244818573233774335094111645351504937045124182372
2026-04-23T05:30:01.628497+00:00,2026-04-23T05:39:49.353384+00:00,momentum,"Solana Up or Down - April 23, 1:30AM-1:35AM ET",UP,Up,2.0,0.53,,LOSS,NO,-2.0,Down,0xcc0a69b956dc6c39ba4f4c70b577fbe2191127f4def6ca1218cb4317404e8a55,30068593399072082246518190065725649015173028215356897736583582377016671753671
2026-04-23T05:35:00.458658+00:00,2026-04-23T05:44:51.424615+00:00,momentum,"XRP Up or Down - April 23, 1:35AM-1:40AM ET",UP,Up,4.0,0.52,,LOSS,NO,-4.0,Down,0x1d41920f3c758e4c07f7945911a8a3560f67bf25a9f5e06f51c0fb0b5609d635,96163962163114200745248216111571939029916390181597771934151669890572169392495
2026-04-23T05:35:00.443066+00:00,2026-04-23T05:45:51.698949+00:00,momentum,"Solana Up or Down - April 23, 1:35AM-1:40AM ET",UP,Up,4.0,0.52,,LOSS,NO,-4.0,Down,0xd88fec43dfddc9baf7230cfc00a1572cfdb6bc45103ca554225e0c03c1b1b556,90254947428105308167193907122823142753191744911931710709973641081096417416800
2026-04-23T05:35:00.476292+00:00,2026-04-23T05:45:51.737613+00:00,momentum,"Ethereum Up or Down - April 23, 1:35AM-1:40AM ET",UP,Up,64.0,0.53,,LOSS,NO,-64.0,Down,0x1d27a05d734ff2e3a5dee5714eb07b8a52897bb500f576106ebb9071bd65ddb5,6149836471517040420627455071290179636363206090026999763576112957514400823379
2026-04-23T05:35:03.678553+00:00,2026-04-23T05:45:51.896431+00:00,momentum,"Bitcoin Up or Down - April 23, 1:35AM-1:40AM ET",DOWN,Down,2.0,0.51,,WIN,YES,1.9215686274509802,Down,0xf23cd036bea45a44f226d4337fb3befe2dd53708dfe4badeac986c2d27516292,113637102904112288025265681790540568117383229148765683706954016500375680034016
2026-04-23T05:40:03.268256+00:00,2026-04-23T05:49:53.652624+00:00,momentum,"Ethereum Up or Down - April 23, 1:40AM-1:45AM ET",UP,Up,128.0,0.51,,WIN,YES,122.98039215686273,Up,0x06fb03918fb0aa628678a2ff2aa4f56111b3f115ec0d866deb7c808663c66f6a,14059880689625216046629593855169360373555760475195810175744845429052208489195
2026-04-23T05:40:00.932771+00:00,2026-04-23T05:50:54.233609+00:00,momentum,"Solana Up or Down - April 23, 1:40AM-1:45AM ET",UP,Up,8.0,0.515,,WIN,YES,7.533980582524272,Up,0x07dbabf73bdebf807821d405571a54a19d6ee6be286850fd4d3d341d317c4dbe,113292860427145661158099250828063893502318353631468700658640347502942255749884
2026-04-23T05:40:03.250488+00:00,2026-04-23T05:50:54.384443+00:00,momentum,"Bitcoin Up or Down - April 23, 1:40AM-1:45AM ET",UP,Up,2.0,0.51,,WIN,YES,1.9215686274509802,Up,0x9cee1a78f843120697d4ff8f54ba4753b671a42c386a9106e9b5f36c45c7ca4a,94003305051292355824966856706333930576647917634692490951931980036137404530586
2026-04-23T05:40:00.915019+00:00,2026-04-23T05:51:54.325180+00:00,momentum,"XRP Up or Down - April 23, 1:40AM-1:45AM ET",UP,Up,8.0,0.515,,WIN,YES,7.533980582524272,Up,0x247134c978758f76ffdc738775663eb798806bde386ddcdd265575befc4077a5,65497914102431975048412901321631834748262629438868265848302542756061976928217
2026-04-23T05:45:00.433720+00:00,2026-04-23T05:53:56.078760+00:00,momentum,"Bitcoin Up or Down - April 23, 1:45AM-1:50AM ET",UP,Up,2.0,0.525,,WIN,YES,1.8095238095238093,Up,0xd071667e066acbff8a0f7545c376717aece027c0d5686327873d2f4437e2a968,2006534817689293592327170030317456289382760889182967173522634341395726600862
2026-04-23T05:45:00.451310+00:00,2026-04-23T05:53:56.222063+00:00,momentum,"XRP Up or Down - April 23, 1:45AM-1:50AM ET",UP,Up,2.0,0.51,,WIN,YES,1.9215686274509802,Up,0x5d8d703ad7f825c4edb035ad51f00b6b9dba698d3d76632de56fcea77e3dc9ba,20489753953849847926272624844102241561631274497617345471193831314394787246327
2026-04-23T05:45:00.397759+00:00,2026-04-23T05:54:56.514766+00:00,momentum,"Ethereum Up or Down - April 23, 1:45AM-1:50AM ET",UP,Up,2.0,0.525,,WIN,YES,1.8095238095238093,Up,0x1e4a298c5751f9325ad421498e3f990ba6443996a313372d7ebfddacc6f85d91,87743004892401359007490868361335277531888234464598331804388087890489346171776
2026-04-23T05:45:00.416409+00:00,2026-04-23T05:54:56.644873+00:00,momentum,"Solana Up or Down - April 23, 1:45AM-1:50AM ET",UP,Up,2.0,0.52,,WIN,YES,1.8461538461538458,Up,0x4e7658df82f5613158692d32d89fedb7be8f38b34656ed64fe7b1b06ae478c3b,97424754698719154975046179126347906083082850522624954927290766994556028726367
2026-04-23T05:50:00.319249+00:00,2026-04-23T05:59:59.433810+00:00,momentum,"Bitcoin Up or Down - April 23, 1:50AM-1:55AM ET",UP,Up,2.0,0.535,,WIN,YES,1.7383177570093458,Up,0xd135e4ce5cad5f071089a1029cb7d6b61331dd77dd0354ed05e6a04c822e0501,113150214922957698754291408259933742712767592616010369135234664240901647788545
2026-04-23T05:50:00.345369+00:00,2026-04-23T05:59:59.703306+00:00,momentum,"Solana Up or Down - April 23, 1:50AM-1:55AM ET",UP,Up,2.0,0.51,,WIN,YES,1.9215686274509802,Up,0x65c4254b6928f9864994ff6b91d6f87acc325d87668893d96c0013c84d155c49,63113581107827632850822275503288244940115443542962650510662490949810733011192
2026-04-23T05:50:00.332521+00:00,2026-04-23T06:00:59.803562+00:00,momentum,"Ethereum Up or Down - April 23, 1:50AM-1:55AM ET",UP,Up,2.0,0.51,,WIN,YES,1.9215686274509802,Up,0x84b8132474f10c353cb793f0f29ab729f1f4a85d9de0eee3c738a1d579aa2f06,21695963770935057207283470386740938731122512499828991560199496896507246010652
2026-04-23T05:50:16.979882+00:00,2026-04-23T06:00:59.970835+00:00,momentum,"XRP Up or Down - April 23, 1:50AM-1:55AM ET",UP,Up,2.0,0.51,,WIN,YES,1.9215686274509802,Up,0xc5b5b505b700889334719b41769868dbd789a6919cc67e694cdd2b81275ea614,23905247012711057060063368815152736860856391890088195556497769424515968172751
2026-04-23T05:55:08.489472+00:00,2026-04-23T06:05:02.562376+00:00,momentum,"Bitcoin Up or Down - April 23, 1:55AM-2:00AM ET",UP,Up,2.0,0.59,,WIN,YES,1.3898305084745766,Up,0x37100c82e888997f982acb7bb3fadf2a77a268ed18e26d3c8b5d983912d01bbd,12740474131303713836852511155747499406808896764509833768530905173963407915060
2026-04-23T05:55:00.259509+00:00,2026-04-23T06:06:02.473767+00:00,momentum,"Solana Up or Down - April 23, 1:55AM-2:00AM ET",UP,Up,2.0,0.51,,WIN,YES,1.9215686274509802,Up,0x441d981efdcb5ecf58e5f889f24962a39807d4d096fe48dd90ed713682818698,43621149705662018747536068702996021311197380721213360253794293133670406070456
2026-04-23T05:55:02.342165+00:00,2026-04-23T06:06:02.526561+00:00,momentum,"Ethereum Up or Down - April 23, 1:55AM-2:00AM ET",UP,Up,2.0,0.53,,LOSS,NO,-2.0,Down,0x4533dde20a6114e121867dc53b9c7799d4cd15ba5ddad479633f5088516f46e0,93752300694993118994689482679409139433326084061486800241011209840642082261115
2026-04-23T05:55:08.504126+00:00,2026-04-23T06:06:02.900395+00:00,momentum,"XRP Up or Down - April 23, 1:55AM-2:00AM ET",DOWN,Down,2.0,0.56,,WIN,YES,1.5714285714285712,Down,0x56d6561e0e9ad69a58be34f131109167613bd15062803b8554866554d1ed31d4,23021665210367003084546340775726394200636439096772004078605972749458734117545
2026-04-23T06:00:06.018008+00:00,2026-04-23T06:08:03.384318+00:00,momentum,"XRP Up or Down - April 23, 2:00AM-2:05AM ET",UP,Up,4.0,0.69,,WIN,YES,1.7971014492753632,Up,0xc025f8a862a1ac9cc50f0bbc7efa19835df66e1411d471fb9e51aceabea80371,110091536874126884597136803957257590446118907165362123181546462644260309255804
2026-04-23T06:00:02.900818+00:00,2026-04-23T06:09:03.458423+00:00,momentum,"Solana Up or Down - April 23, 2:00AM-2:05AM ET",UP,Up,4.0,0.58,,WIN,YES,2.8965517241379315,Up,0x706886a3b6f4136662f77016128ab1bfbc3723b34f8b898f2396b67b4013d0f2,72032716847225007872397120384347347028561795003536171463685927388880829165128
2026-04-23T06:00:05.990871+00:00,2026-04-23T06:09:03.604639+00:00,momentum,"Bitcoin Up or Down - April 23, 2:00AM-2:05AM ET",UP,Up,2.0,0.63,,WIN,YES,1.1746031746031744,Up,0xfe5bf5bd6c95a42887cccd32321798ea4d2da3fdd152c1454216ab8d6e43df09,2477767219825775700222412602114558475427050793338040698547861055185061896277
2026-04-23T06:00:02.881170+00:00,2026-04-23T06:10:03.856613+00:00,momentum,"Ethereum Up or Down - April 23, 2:00AM-2:05AM ET",UP,Up,4.0,0.54,,WIN,YES,3.4074074074074066,Up,0x8642bcfe4dc328e1ccb651cebf838776afe724d8e5c87d6dad75ab1d8f15eeae,69521627160309406740950594490773429749082534849469382018683048922244003747258
2026-04-23T06:05:04.512078+00:00,2026-04-23T06:14:06.325442+00:00,momentum,"XRP Up or Down - April 23, 2:05AM-2:10AM ET",DOWN,Down,2.0,0.53,,LOSS,NO,-2.0,Up,0xd8538bc36b7dd4e79aaa7cb3cfc975a2b77fee7a040ac552c34ef80440ddf865,99358417347161528809654879574836205536667408042400891565821498215958242777833
2026-04-23T06:05:00.506363+00:00,2026-04-23T06:15:06.904453+00:00,momentum,"Ethereum Up or Down - April 23, 2:05AM-2:10AM ET",UP,Up,2.0,0.51,,WIN,YES,1.9215686274509802,Up,0x4ad73d32ee59b4e93f67fa19af55c86cf16b25bcc495801ae286408f26aa24cf,51575584380504044867670171107455825496677108005243350576842958261683408863309
2026-04-23T06:05:04.487373+00:00,2026-04-23T06:15:06.945689+00:00,momentum,"Bitcoin Up or Down - April 23, 2:05AM-2:10AM ET",DOWN,Down,2.0,0.52,,LOSS,NO,-2.0,Up,0x580d5cb8a3a8ab7dc290ba24b43938875f9ec5aa01695a956ba06708a1a0d0dd,100695016374593701906048025113565506774671324358380806517268552766961884404990
2026-04-23T06:05:04.500360+00:00,2026-04-23T06:15:06.982282+00:00,momentum,"Solana Up or Down - April 23, 2:05AM-2:10AM ET",DOWN,Down,2.0,0.54,,LOSS,NO,-2.0,Up,0xa3dfc09f265faa463285355cd596af174bd7ce027657ab76a835c659a43ca36d,43861648577312335735126271207237806734978844474782362419806443478192387234768
2026-04-23T06:10:01.480105+00:00,2026-04-23T06:21:10.201274+00:00,momentum,"Ethereum Up or Down - April 23, 2:10AM-2:15AM ET",DOWN,Down,2.0,0.52,,WIN,YES,1.8461538461538458,Down,0xf3679696299bca32a2dfd3cb6743ed87957e036389b7bec356f00611215c1bee,53962935368737008996858204326272851622714263687250637457727283265432191654162
2026-04-23T06:10:01.496109+00:00,2026-04-23T06:21:10.351041+00:00,momentum,"Solana Up or Down - April 23, 2:10AM-2:15AM ET",DOWN,Down,4.0,0.51,,WIN,YES,3.8431372549019605,Down,0x2f924df800b74db302c3930642b3309b00430ff693ebcdff298fba6afb13df53,86647315899237403476659433941258051158509976471155946664920950467957364296390
2026-04-23T06:10:01.512826+00:00,2026-04-23T06:21:10.484581+00:00,momentum,"Bitcoin Up or Down - April 23, 2:10AM-2:15AM ET",DOWN,Down,4.0,0.57,,WIN,YES,3.0175438596491233,Down,0xd9498b72a459ba401e1c4f0b383be357a94e1de1331db21debe48e7a3388fa0f,1209927273248776393900448798160140938945414485635742682085855356192698651794
2026-04-23T06:10:01.526738+00:00,2026-04-23T06:21:10.637353+00:00,momentum,"XRP Up or Down - April 23, 2:10AM-2:15AM ET",DOWN,Down,4.0,0.51,,WIN,YES,3.8431372549019605,Down,0xe931111a1bccac6f50541027f6393d986e18a703eac6fd85e3b82eaa7e08987d,45304096899768776806032203005836954202902641400672634637963578349765988922519
2026-04-23T06:15:03.217918+00:00,2026-04-23T06:27:14.136662+00:00,momentum,"Bitcoin Up or Down - April 23, 2:15AM-2:20AM ET",DOWN,Down,2.0,0.53,,WIN,YES,1.773584905660377,Down,0x8889b5eca995872f8b91ba9fc50b38a12e3a214b70504464b1c08ca68ff0c23e,32943472915897743224537028205118639679909900178992791689575209230486700713990
2026-04-23T06:15:03.244880+00:00,2026-04-23T06:27:14.301449+00:00,momentum,"XRP Up or Down - April 23, 2:15AM-2:20AM ET",DOWN,Down,2.0,0.52,,WIN,YES,1.8461538461538458,Down,0x54ae56d94d7c4b449e929fe571858667990b885b0a3b15ad16a0626cf16728f9,19672416811639721753330052259891656313276089913312671874641790971593126692895
2026-04-23T06:15:06.698767+00:00,2026-04-23T06:28:14.242337+00:00,momentum,"Ethereum Up or Down - April 23, 2:15AM-2:20AM ET",DOWN,Down,2.0,0.55,,LOSS,NO,-2.0,Up,0xef1f28ff07fe58da8a62500e02256ecc9b34a16538215665512f72e4b5e0d09d,5256917024086101192960081455489297695920082504854996451808034928435159639912
2026-04-23T06:15:19.565109+00:00,2026-04-23T06:28:14.279646+00:00,momentum,"Solana Up or Down - April 23, 2:15AM-2:20AM ET",DOWN,Down,2.0,0.51,,LOSS,NO,-2.0,Up,0xf3d485e6c73afdf1a3eee559cbd361b610cce8efe5b91191030182b10e1d8d12,111704333102996349774450248613865576705917850008900351201034497539955711524113
2026-04-23T06:20:00.521407+00:00,2026-04-23T06:29:14.966753+00:00,momentum,"Solana Up or Down - April 23, 2:20AM-2:25AM ET",DOWN,Down,4.0,0.51,,LOSS,NO,-4.0,Up,0xfce4461f0945766dace2faf0258a806a625fd5c7b16093c61ba6ca01b010683e,84370119998286298409484068814219375193584388697983778798119563477379236786605
2026-04-23T06:20:00.541512+00:00,2026-04-23T06:30:15.331088+00:00,momentum,"XRP Up or Down - April 23, 2:20AM-2:25AM ET",DOWN,Down,4.0,0.52,,LOSS,NO,-4.0,Up,0x2d76b0e1be4fc588c1d72373184ca8c48bdfd1569b3ff06cf58fc5f2c3de4203,108069809082635731715744555040271894670637756120700156215557928081273036393445
2026-04-23T06:20:00.559582+00:00,2026-04-23T06:30:15.497488+00:00,momentum,"Bitcoin Up or Down - April 23, 2:20AM-2:25AM ET",UP,Up,2.0,0.56,,WIN,YES,1.5714285714285712,Up,0x8aa2e6eeb2978c7f5e04b0c0899ac7a8d0918d565250a84c818606b5692d455c,111341704543967346094131172024758294255055587076712501225045249555960418924047
2026-04-23T06:20:03.642213+00:00,2026-04-23T06:30:15.540733+00:00,momentum,"Ethereum Up or Down - April 23, 2:20AM-2:25AM ET",DOWN,Down,4.0,0.51,,LOSS,NO,-4.0,Up,0x76888c3d28f0a25a7a442377f380cdda67be6c268aae5eea609dca9a663715a9,55215231371220062025834063138137058951754843763859912728987915648267426550813
2026-04-23T06:25:00.271791+00:00,2026-04-23T06:36:18.410067+00:00,momentum,"Ethereum Up or Down - April 23, 2:25AM-2:30AM ET",DOWN,Down,8.0,0.53,,LOSS,NO,-8.0,Up,0x43651243ed7ff2fc9db6025f1a94cf964107658e71ef3136b37b6930a857a927,48243482006427698835439830933588790554974848477248423857029543051469133714050
2026-04-23T06:25:00.285718+00:00,2026-04-23T06:36:18.577997+00:00,momentum,"Bitcoin Up or Down - April 23, 2:25AM-2:30AM ET",DOWN,Down,2.0,0.53,,WIN,YES,1.773584905660377,Down,0x0cbe02ed5247ac4d1660c25bbe6c388c5e481c2f1f71e4fcd5340f04ad7eb297,38106263541641299411319245409605476264608092694077886461421963512648292079905
2026-04-23T06:25:34.970380+00:00,2026-04-23T06:36:18.762045+00:00,momentum,"XRP Up or Down - April 23, 2:25AM-2:30AM ET",DOWN,Down,8.0,0.51,,LOSS,NO,-8.0,Up,0xab352031adbae39e86e62f20391250de908113aaed5522192080c2bf77543751,45113402666396045179719428442685245677119354678251233559142559661593284955154
2026-04-23T06:25:06.518640+00:00,2026-04-23T06:37:18.991175+00:00,momentum,"Solana Up or Down - April 23, 2:25AM-2:30AM ET",UP,Up,8.0,0.51,,WIN,YES,7.686274509803921,Up,0xac539051597a5cf08bdc0886bbfd3355601fecc7a67328dcf91ba49de1a99674,115466003772634024298494468617408776819648968980324526449272019588179275015297
2026-04-23T06:30:51.884766+00:00,2026-04-23T06:38:20.079833+00:00,momentum,"Solana Up or Down - April 23, 2:30AM-2:35AM ET",DOWN,Down,2.0,0.51,,LOSS,NO,-2.0,Up,0xee9cdda1fb4cb042464aa4ecb47b2c05e899d08f182f38a673170cf6204bf644,66082598276958263742961361002653608908827880816820493199317987848115479809051
2026-04-23T06:30:00.440713+00:00,2026-04-23T06:39:20.877886+00:00,momentum,"Bitcoin Up or Down - April 23, 2:30AM-2:35AM ET",DOWN,Down,2.0,0.6,,WIN,YES,1.3333333333333335,Down,0x6c900ce899889202c54c108f6560ebd18de3d569f520d85dea26ce87ea125c8c,48295777017526821091560294771836535855315450314008043580701636611407449477740
2026-04-23T06:30:00.477744+00:00,2026-04-23T06:39:21.047549+00:00,momentum,"XRP Up or Down - April 23, 2:30AM-2:35AM ET",DOWN,Down,16.0,0.52,,LOSS,NO,-16.0,Up,0x2713f77e42f9e75a4878fec150b94b7b36f1d14233c4c8e7402ec3781d22e5c6,34617339150220674290252533075478130045644239044058186709763283998516806158202
2026-04-23T06:30:00.459977+00:00,2026-04-23T06:40:21.575008+00:00,momentum,"Ethereum Up or Down - April 23, 2:30AM-2:35AM ET",DOWN,Down,16.0,0.53,,WIN,YES,14.188679245283016,Down,0xde0f3b55a9b8190d31bfbba9fc949760304e41fd1ea48c29e1b8c1a337d629e0,20717983467427560535884716501395820688048729592714405935123087863829762915942
2026-04-23T06:35:00.953291+00:00,2026-04-23T06:44:24.784071+00:00,momentum,"XRP Up or Down - April 23, 2:35AM-2:40AM ET",DOWN,Down,32.0,0.56,,WIN,YES,25.14285714285714,Down,0xfdf3024cbcb3710e3f2de505f95bb78bc140351e9c074527e92348689110b207,50085719827408690493637972952972185724927276740046708267562027622500148101620
2026-04-23T06:35:00.929721+00:00,2026-04-23T06:45:25.540102+00:00,momentum,"Solana Up or Down - April 23, 2:35AM-2:40AM ET",DOWN,Down,4.0,0.53,,WIN,YES,3.547169811320754,Down,0xf13c6cfc29ef92d8378fd5d40ad6af18fbade2e191c7c5826545ec675e650a6c,47244652134167090696926273178939164119857173073837209521970434349767757093299
2026-04-23T06:35:00.903396+00:00,2026-04-23T06:46:25.726403+00:00,momentum,"Bitcoin Up or Down - April 23, 2:35AM-2:40AM ET",DOWN,Down,2.0,0.52,,WIN,YES,1.8461538461538458,Down,0x4f58df379ba952d4bd68f580152f2c1ac03cab1371a659c41ec1e97679819abc,107070856709243846799402104092208754173498012311883982467054167717253640879084
2026-04-23T06:35:00.977011+00:00,2026-04-23T06:46:25.883341+00:00,momentum,"Ethereum Up or Down - April 23, 2:35AM-2:40AM ET",DOWN,Down,2.0,0.52,,WIN,YES,1.8461538461538458,Down,0x8bbafa0204f805d829f614107274f07cf9fe5c146a104cad85116bc7b15a4624,16126313680674339394862622628761725234475266945407635943778410881512121307780
2026-04-23T06:40:00.671689+00:00,2026-04-23T06:50:27.480700+00:00,momentum,"XRP Up or Down - April 23, 2:40AM-2:45AM ET",DOWN,Down,2.0,0.51,,WIN,YES,1.9215686274509802,Down,0xf1acbec7f5ad92f37454b9225c255ca5d8b0a2e72ab2fb34fa46ffaa1b42b146,100605386206916755926986719263241405943270943042906599729994474312211234335549
2026-04-23T06:40:04.822331+00:00,2026-04-23T06:50:27.737439+00:00,momentum,"Ethereum Up or Down - April 23, 2:40AM-2:45AM ET",DOWN,Down,2.0,0.56,,WIN,YES,1.5714285714285712,Down,0xca50e1eda993b2ac7e493b0c1ba6edec717b6e6563c8e0cd0b758f48f24c2892,25896173106875406283288139928907034918538837262715540238462471442708425718037
2026-04-23T06:40:08.067502+00:00,2026-04-23T06:50:27.778993+00:00,momentum,"Solana Up or Down - April 23, 2:40AM-2:45AM ET",UP,Up,2.0,0.56,,LOSS,NO,-2.0,Down,0xfc1afb8ca5d310e915703736dfb87701686a89f5d9e2a97e1db4be7141bc78fe,66537096403394838575504694459229420900543274497289402655746855761476681682199
2026-04-23T06:40:04.805568+00:00,2026-04-23T06:51:28.439281+00:00,momentum,"Bitcoin Up or Down - April 23, 2:40AM-2:45AM ET",DOWN,Down,2.0,0.52,,WIN,YES,1.8461538461538458,Down,0x5fecbede3affd45f5f1a1b4b2390dd16bca85b3d7912cfd0dfd8a96341c72eaf,107723523210974808067733953868811401754473361332092830322740261271592239873228
2026-04-23T06:45:00.778784+00:00,2026-04-23T06:53:28.677863+00:00,momentum,"Ethereum Up or Down - April 23, 2:45AM-2:50AM ET",DOWN,Down,2.0,0.515,,WIN,YES,1.883495145631068,Down,0x5c3771d04b7d40620738cfcd56503e2d15d3037efc72020b3968ed7921b33682,21672556001662117213427738178116634986418331054839126579149568228532624039299
2026-04-23T06:45:15.660261+00:00,2026-04-23T06:54:29.579359+00:00,momentum,"Bitcoin Up or Down - April 23, 2:45AM-2:50AM ET",DOWN,Down,2.0,0.59,,WIN,YES,1.3898305084745766,Down,0x922249d77022948be09e209610d4376756935d5b0f4d7377496e91cce912488a,76919867823998560531359625322284914694312900281931677891897551950889610653197
2026-04-23T06:45:00.755558+00:00,2026-04-23T06:55:29.824007+00:00,momentum,"XRP Up or Down - April 23, 2:45AM-2:50AM ET",DOWN,Down,2.0,0.51,,WIN,YES,1.9215686274509802,Down,0x9faa762127b88aefaba13b7c9105bd4c5740d3e4ec727976845a4462f12c8470,55711500062829696809636766045168079802453441545108765727732828286726826628310
2026-04-23T06:45:09.138261+00:00,2026-04-23T06:55:29.961108+00:00,momentum,"Solana Up or Down - April 23, 2:45AM-2:50AM ET",UP,Up,4.0,0.52,,WIN,YES,3.6923076923076916,Up,0xb244eaed48a74308661e9bd0935b84a9670c640f939d80984f6b7fc2e3b7745f,1508639585157128771271093669966329520719321582533950496542408208334908553307
2026-04-23T06:50:02.715239+00:00,2026-04-23T06:59:33.331004+00:00,momentum,"Ethereum Up or Down - April 23, 2:50AM-2:55AM ET",UP,Up,2.0,0.52,,WIN,YES,1.8461538461538458,Up,0x548f27ecf7ed8bc5561fd10f86ff1dc322346b3a94b2be52031008d9d06d1de2,28273127195641479533353359782966537168761619758506211368896245828856316214480
2026-04-23T06:50:02.730449+00:00,2026-04-23T07:00:34.717812+00:00,momentum,"XRP Up or Down - April 23, 2:50AM-2:55AM ET",UP,Up,2.0,0.56,,WIN,YES,1.5714285714285712,Up,0xeb1cff477cc13be0f3e27781060c0275d06defd39249d0bfbae77c5bbfed27dc,89731733127551664104763575472998434423207682991165864726934558633542383302536
2026-04-23T06:50:09.018933+00:00,2026-04-23T07:00:35.115377+00:00,momentum,"Solana Up or Down - April 23, 2:50AM-2:55AM ET",UP,Up,2.0,0.61,,WIN,YES,1.278688524590164,Up,0x459f21527ad095503d926fb0c46ec1f1cad516cc3b9d28a0c31cca48d50faef6,33949636670599906651268304871279271135984585089294248873561635658740081021194
2026-04-23T06:50:02.701999+00:00,2026-04-23T07:01:35.109500+00:00,momentum,"Bitcoin Up or Down - April 23, 2:50AM-2:55AM ET",UP,Up,2.0,0.54,,WIN,YES,1.7037037037037033,Up,0x998d626fadbb45285ff3a67d6c2f167e2d80f5e875c3187d5ca954be1a7d470a,91986698428424903000650494059338985723581079811089982373555803918220149686297
2026-04-23T06:55:01.110613+00:00,2026-04-23T07:05:37.111112+00:00,momentum,"Bitcoin Up or Down - April 23, 2:55AM-3:00AM ET",DOWN,Down,2.0,0.57,,LOSS,NO,-2.0,Up,0x27e850892ea4df405f40613f77d3842cd04d56ef9b021f5e474b750c1266d212,77623276701358363565220732114850694367622646695261815029356903480646767285651
2026-04-23T06:55:01.128841+00:00,2026-04-23T07:05:37.311853+00:00,momentum,"Ethereum Up or Down - April 23, 2:55AM-3:00AM ET",DOWN,Down,2.0,0.51,,WIN,YES,1.9215686274509802,Down,0x23a371cbd3f0059896773b7f8b3d1425ce394f76a71322a868df998b9f777f58,72145517077258794414949815486756802757753676999619962870663875857315582438932
2026-04-23T06:55:01.151519+00:00,2026-04-23T07:05:37.471964+00:00,momentum,"Solana Up or Down - April 23, 2:55AM-3:00AM ET",DOWN,Down,2.0,0.56,,WIN,YES,1.5714285714285712,Down,0xe6169a623b7d2da76831e8c23514291f5994e37e1bbfe668e79f7c8fff287656,32802910932781163053802067968370506994074463215237460124130444854428192307527
2026-04-23T06:55:10.566795+00:00,2026-04-23T07:06:38.245997+00:00,momentum,"XRP Up or Down - April 23, 2:55AM-3:00AM ET",DOWN,Down,2.0,0.61,,LOSS,NO,-2.0,Up,0x1d948b374b5f302d90a1b2c6bc6432dd7d0548b07d786b1087cebe55b239659e,81311971079807567430795594703259105125735566318427676774912089872085897538965
2026-04-23T07:00:03.538255+00:00,2026-04-23T07:09:40.416831+00:00,momentum,"Bitcoin Up or Down - April 23, 3:00AM-3:05AM ET",UP,Up,4.0,0.61,,LOSS,NO,-4.0,Down,0x2546c631edc9186111903f9acb0493bd8de3b99fb2d3656c379d2ac65da1810e,22475798969465746815010814155589870459737909512665262899894805261535248819279
2026-04-23T07:00:03.691008+00:00,2026-04-23T07:09:40.472761+00:00,momentum,"Solana Up or Down - April 23, 3:00AM-3:05AM ET",UP,Up,4.0,0.52,,LOSS,NO,-4.0,Down,0x0ac6ff7c51380a16a69b1f52b8b0fa04d55f09e2d163f19ea6c0ad8789bef299,80749800367905581628342190660943850612877411906646150325618868132512971938145
2026-04-23T07:00:03.945655+00:00,2026-04-23T07:09:40.514346+00:00,momentum,"XRP Up or Down - April 23, 3:00AM-3:05AM ET",UP,Up,2.0,0.57,,LOSS,NO,-2.0,Down,0xefb049ad8ded43987f6550cc75b3097691ee6628267fc2a1f164f3c6ad578ad4,9391143261022414085054303747583516598525572868592660553019433925468521795089
2026-04-23T07:00:04.241352+00:00,2026-04-23T07:09:40.670918+00:00,momentum,"Ethereum Up or Down - April 23, 3:00AM-3:05AM ET",UP,Up,2.0,0.6,,WIN,YES,1.3333333333333335,Up,0x7c0d03b641926e0485294b34a74b1e18de5de709a2dda394eaae05173166e5b0,76547052268226490750497319804906218519571059321268221404593178786555172844330
2026-04-23T07:05:05.657266+00:00,2026-04-23T07:14:43.527804+00:00,momentum,"Solana Up or Down - April 23, 3:05AM-3:10AM ET",DOWN,Down,8.0,0.51,,WIN,YES,7.686274509803921,Down,0x33196cd95c983680461752aa3f8326b64d746eca22a9e9c8372fd9cd71a5a5f2,15323162536180358752960926045386016266028281519815994006109165169071541186266
2026-04-23T07:05:33.877220+00:00,2026-04-23T07:14:43.567064+00:00,momentum,"Bitcoin Up or Down - April 23, 3:05AM-3:10AM ET",UP,Up,8.0,0.54,,LOSS,NO,-8.0,Down,0x8ffddfb24a1548bf0999a476e78c455b3f8d359228aa6f6f25b50b608ed04b97,10763467989891645387388706799256725218811092326125419815922965075762971783819
2026-04-23T07:05:02.558713+00:00,2026-04-23T07:15:43.575407+00:00,momentum,"Ethereum Up or Down - April 23, 3:05AM-3:10AM ET",DOWN,Down,2.0,0.51,,WIN,YES,1.9215686274509802,Down,0x3a839213ae623f689c2102ebcb1c532a74641946b24713197d11546f895dd945,94700233306842935987156757697531372876600791672463435987280141353066704053244
2026-04-23T07:05:40.717424+00:00,2026-04-23T07:15:43.797043+00:00,momentum,"XRP Up or Down - April 23, 3:05AM-3:10AM ET",UP,Up,4.0,0.61,,WIN,YES,2.557377049180328,Up,0x9eed42dce82221a1db31332d61fdf876cc67c9ff5a70c733371ef7b2d5099780,82764140076050241281635473951326852964143411686986781323742404446018627542425
2026-04-23T07:10:01.480610+00:00,2026-04-23T07:20:47.097646+00:00,momentum,"XRP Up or Down - April 23, 3:10AM-3:15AM ET",DOWN,Down,2.0,0.53,,WIN,YES,1.773584905660377,Down,0x1b783d99efa37599de4c167ccf448aa18a045fc04202a378f46eb402811506f0,60100447674881046526820816377378343845604404518286198356856335767886654015106
2026-04-23T07:10:01.459130+00:00,2026-04-23T07:21:47.460814+00:00,momentum,"Bitcoin Up or Down - April 23, 3:10AM-3:15AM ET",DOWN,Down,16.0,0.52,,WIN,YES,14.769230769230766,Down,0x06124b15deeb1f4a13fd34e158003c2477eb564f476d5d86ca0c0f34b0e6de5f,71591211256153681672013292097924063164072950507913476893700971785245960725003
2026-04-23T07:10:04.555621+00:00,2026-04-23T07:21:47.602560+00:00,momentum,"Solana Up or Down - April 23, 3:10AM-3:15AM ET",UP,Up,2.0,0.6,,WIN,YES,1.3333333333333335,Up,0xdd782a7349471d2f4a33547f33b6984fa6fad90db68dddf32abc86e28d08ef0b,48489815777705929967715886425802804351127092351481197250028410381410683845824
2026-04-23T07:10:04.569313+00:00,2026-04-23T07:21:47.634497+00:00,momentum,"Ethereum Up or Down - April 23, 3:10AM-3:15AM ET",UP,Up,4.0,0.57,,LOSS,NO,-4.0,Down,0x815a0eb10a91122eddf398dc7bcc06ed9b09fcf79da65a53e1927c52c04e0039,105197406456640773662869622927305800299079685436692191425008493910852161248272
2026-04-23T07:15:01.420558+00:00,2026-04-23T07:23:49.098051+00:00,momentum,"Ethereum Up or Down - April 23, 3:15AM-3:20AM ET",UP,Up,8.0,0.56,,LOSS,NO,-8.0,Down,0xd4e0e83ff7430b0832ad40ddc6e8ea48866e50fa4519c439200f140f53768205,5409958716265842431311280652894356879780972440359830521543312095435579202706
2026-04-23T07:15:01.487774+00:00,2026-04-23T07:23:49.557501+00:00,momentum,"XRP Up or Down - April 23, 3:15AM-3:20AM ET",UP,Up,2.0,0.51,,WIN,YES,1.9215686274509802,Up,0xdf82c5607e6ecd276967a265f02d4135d675b371513278734a4269d7094fa7b8,84892176272170487539524836075396736195427780394738500815370256553624203874603
2026-04-23T07:15:01.440453+00:00,2026-04-23T07:24:49.293276+00:00,momentum,"Bitcoin Up or Down - April 23, 3:15AM-3:20AM ET",UP,Up,2.0,0.59,,WIN,YES,1.3898305084745766,Up,0xe07a8373736b880f73c33dbca1299851e2978ad4f8ee86afa3c04dc4f2a490f7,33198704548255400817849385730757950825434141643401935414027508725611698724524
2026-04-23T07:15:01.463778+00:00,2026-04-23T07:24:49.326965+00:00,momentum,"Solana Up or Down - April 23, 3:15AM-3:20AM ET",UP,Up,2.0,0.56,,LOSS,NO,-2.0,Down,0x80095eb5642598914e6f261f51e3954b098536d5af53b3b2d86102b708beaa2d,33062129620473624699436738444969882815228744546760245786261303231236456447136
2026-04-23T07:20:02.953362+00:00,2026-04-23T07:29:52.272558+00:00,momentum,"Ethereum Up or Down - April 23, 3:20AM-3:25AM ET",DOWN,Down,8.0,0.51,,LOSS,NO,-8.0,Up,0x66c749cd8b351f9f65ec5fe0d7528699cababf209c6b25c0c3e8dc1fc8836dc5,48557427283634436237132429459037541222267611768099858150231424683521403534608
2026-04-23T07:20:02.980565+00:00,2026-04-23T07:29:52.462832+00:00,momentum,"Solana Up or Down - April 23, 3:20AM-3:25AM ET",UP,Up,2.0,0.51,,WIN,YES,1.9215686274509802,Up,0xa64a4b86de2114cb3bc19faa201ad51101ac5348e40867ea7bde6ff39351bd6b,35754027021896643550273260452274542993780081691893376816653374856846579077244
2026-04-23T07:20:12.636036+00:00,2026-04-23T07:29:52.626128+00:00,momentum,"XRP Up or Down - April 23, 3:20AM-3:25AM ET",DOWN,Down,2.0,0.56,,LOSS,NO,-2.0,Up,0x70f808d111798d25413cd3fad67f0297a66adb71bdce09c14904c178f694c3a1,52640280265734719862537953359324151350378869751840980259709649085411024472536
2026-04-23T07:20:06.352722+00:00,2026-04-23T07:30:52.708067+00:00,momentum,"Bitcoin Up or Down - April 23, 3:20AM-3:25AM ET",DOWN,Down,4.0,0.52,,LOSS,NO,-4.0,Up,0x5f1873947c6b9cb2893768df618a2a6979a75adb9fea58b454a098205d6f8963,68264333395295560781323968157105371223089741491739783128823199124093110085288
2026-04-23T07:25:02.309213+00:00,2026-04-23T07:35:54.024726+00:00,momentum,"Ethereum Up or Down - April 23, 3:25AM-3:30AM ET",DOWN,Down,2.0,0.52,,LOSS,NO,-2.0,Up,0xabc512ff00f4f6baa98054bec2f05b8181c12fd28036b900510ae07420665f65,95719131518112906401012168437595413662181701466889706744789566574421744591867
2026-04-23T07:25:02.335542+00:00,2026-04-23T07:36:54.410159+00:00,momentum,"XRP Up or Down - April 23, 3:25AM-3:30AM ET",DOWN,Down,4.0,0.51,,WIN,YES,3.8431372549019605,Down,0xcbad65f1ab0ec572fae9e383160e82f3effdcd85260b041264ff0919468f92f5,30458829512526858227874623827202509308324456615993906740432444187073804322468
2026-04-23T07:25:08.488314+00:00,2026-04-23T07:36:54.449113+00:00,momentum,"Solana Up or Down - April 23, 3:25AM-3:30AM ET",DOWN,Down,2.0,0.54,,LOSS,NO,-2.0,Up,0x86af7633da6ae501e3ae44b190a2fe6d2aaa2598d509da22ba95daceabdee461,42612573837719780015900837457219688182848489478138795149220628778026137542675
2026-04-23T07:25:02.283323+00:00,2026-04-23T07:37:54.942794+00:00,momentum,"Bitcoin Up or Down - April 23, 3:25AM-3:30AM ET",DOWN,Down,8.0,0.58,,WIN,YES,5.793103448275863,Down,0x7f5ddc634a01066d319567b9776a635f98836578652ed58e950025c95ba61cea,104010231447139561859672193761789624708150020491025325182617518752286941233164
2026-04-23T07:30:01.289304+00:00,2026-04-23T07:38:55.905175+00:00,momentum,"Ethereum Up or Down - April 23, 3:30AM-3:35AM ET",DOWN,Down,2.0,0.55,,LOSS,NO,-2.0,Up,0xd46eb3c768b3f87cc8b94585dd8e6f7a46c044dd7fabe40ca2e516e4654d28b8,25956754619394203652952189601827133927579839882905412814469227808827648086291
2026-04-23T07:30:07.760292+00:00,2026-04-23T07:38:56.048072+00:00,momentum,"XRP Up or Down - April 23, 3:30AM-3:35AM ET",DOWN,Down,2.0,0.62,,LOSS,NO,-2.0,Up,0xcab422ae9d714578b647c0ffb2765475abfe1e0eb10d592640231ef1d5593fa0,37184571634339044145744140645015827222864066007215028649483323368783034714394
2026-04-23T07:30:01.270800+00:00,2026-04-23T07:39:56.867252+00:00,momentum,"Solana Up or Down - April 23, 3:30AM-3:35AM ET",UP,Up,4.0,0.51,,WIN,YES,3.8431372549019605,Up,0x9b19d5d0369060967e8a42bc725cb86e6b7ae192427711f9af5fcd36470a32a8,12788142828911392306552610441837368867354236082242308508619263939076077451999
2026-04-23T07:30:01.308057+00:00,2026-04-23T07:39:56.906625+00:00,momentum,"Bitcoin Up or Down - April 23, 3:30AM-3:35AM ET",DOWN,Down,2.0,0.51,,LOSS,NO,-2.0,Up,0x5dbe081299f1bc58e992209fd5ec470c5f71208f23c973e2c955b83bdf8ac30c,35816030534560159662407868562998659802849160868181712778223438659564130407162
2026-04-23T07:35:00.784840+00:00,2026-04-23T07:45:00.018175+00:00,momentum,"Solana Up or Down - April 23, 3:35AM-3:40AM ET",UP,Up,2.0,0.51,,LOSS,NO,-2.0,Down,0xdb109c96904d9af1e51c1a7ec7621f2953604ad298348ee79c55955bb2b66451,71528858608907059088439737516515948255182105398985796613012765233493973025049
2026-04-23T07:35:08.241450+00:00,2026-04-23T07:45:00.431737+00:00,momentum,"XRP Up or Down - April 23, 3:35AM-3:40AM ET",UP,Up,2.0,0.56,,LOSS,NO,-2.0,Down,0x03a86dcd7f0e94e1e906d319db8f7f9319bbfdfb878ecb0f46ac4d056b97e569,72864332710965173829243086207670566130496982709680182246980468627797164158566
2026-04-23T07:35:01.950312+00:00,2026-04-23T07:46:00.145084+00:00,momentum,"Bitcoin Up or Down - April 23, 3:35AM-3:40AM ET",UP,Up,4.0,0.51,,LOSS,NO,-4.0,Down,0x5a675909a9e3f92de16b2eab4469eaf2a3875d09ffb88b13dbf29b3599beb2ef,111479991633474594671946468116058001882039106377102742107379675020036677728321
2026-04-23T07:35:01.967228+00:00,2026-04-23T07:46:00.301522+00:00,momentum,"Ethereum Up or Down - April 23, 3:35AM-3:40AM ET",DOWN,Down,2.0,0.53,,WIN,YES,1.773584905660377,Down,0x2ec379f467a2d3ecb5508ca2df9bf437e8d7735fef7aafde94b0512695a457ed,83079910508504890514082344929162905967939003025062412314708734480939742216818
2026-04-23T07:40:45.088077+00:00,2026-04-23T07:50:02.881827+00:00,momentum,"XRP Up or Down - April 23, 3:40AM-3:45AM ET",DOWN,Down,4.0,0.52,,LOSS,NO,-4.0,Up,0x998eada136ed44e77ad12d0b7ced0db7e470ede1c3b28f908b582d7c97e5a01e,110090016171098891149783645632544569121819405102178744536569838928898439980204
2026-04-23T07:40:01.607808+00:00,2026-04-23T07:51:03.452355+00:00,momentum,"Ethereum Up or Down - April 23, 3:40AM-3:45AM ET",UP,Up,2.0,0.51,,WIN,YES,1.9215686274509802,Up,0x32c135b250277f0b207bce51d9c3b96b849488a3aeabf45b2ad9e39213724e64,62752740554362654242523441069838080334815169017405176758934132488924380206932
2026-04-23T07:40:14.035705+00:00,2026-04-23T07:51:03.490844+00:00,momentum,"Solana Up or Down - April 23, 3:40AM-3:45AM ET",UP,Up,4.0,0.52,,LOSS,NO,-4.0,Down,0x954fcb471406e4c98579dd5ba71dd76155d2ff7b661b6ec539b06c3c265812ad,22865561329852873052342641820926992008449597436264093088669243696165809473838
2026-04-23T07:40:00.518364+00:00,2026-04-23T07:52:03.690691+00:00,momentum,"Bitcoin Up or Down - April 23, 3:40AM-3:45AM ET",UP,Up,8.0,0.515,,LOSS,NO,-8.0,Down,0x4c18040e9bc2df26e42cacfb1b4805430f5a46a237e0a19ddff17e25faa7015d,96086269428350249460909231144976223730538281136974344994619610396394322490561
2026-04-23T07:45:02.136111+00:00,2026-04-23T07:53:04.392571+00:00,momentum,"Ethereum Up or Down - April 23, 3:45AM-3:50AM ET",UP,Up,2.0,0.55,,WIN,YES,1.6363636363636362,Up,0x605f4eba016d14ca6c73f3b1ce019494170d30a1e902a7ed5d79e2c770d91cce,7157227677742573386465679344013466245287226810329670961481262412446121021574
2026-04-23T07:45:05.311800+00:00,2026-04-23T07:54:04.968124+00:00,momentum,"XRP Up or Down - April 23, 3:45AM-3:50AM ET",UP,Up,8.0,0.52,,LOSS,NO,-8.0,Down,0x2030a48cd394758c4b1c9e84b526e72f3585b5e07d82fbbc04e7c1158771165c,69584180552398297033539654707161066172295126091646874244969578847199792629808
2026-04-23T07:45:02.156452+00:00,2026-04-23T07:57:06.204435+00:00,momentum,"Solana Up or Down - April 23, 3:45AM-3:50AM ET",UP,Up,8.0,0.54,,WIN,YES,6.814814814814813,Up,0x8da474c134e8deb8d54f89f5af24bdfc0b8ac770eb1a9111bd1073d4e7617d30,103805742022035969847255166816777324392082056253633982311593152151855600334994
2026-04-23T07:45:05.294380+00:00,2026-04-23T07:57:06.349980+00:00,momentum,"Bitcoin Up or Down - April 23, 3:45AM-3:50AM ET",UP,Up,16.0,0.55,,WIN,YES,13.09090909090909,Up,0xb72ad5be937029e92acf1353dd0585db47b2bb648a88ebc24a2473955f537e88,84479084923870139997020786283485327672690044198469033114676395937158355542051
2026-04-23T07:50:04.679076+00:00,2026-04-23T08:00:07.338635+00:00,momentum,"Solana Up or Down - April 23, 3:50AM-3:55AM ET",UP,Up,16.0,0.57,,LOSS,NO,-16.0,Down,0xb27d788258927ef09be9cb09e6575c922ecc9a45e73c66cccbf11a407af646b7,96144077783565959603062507202260124753849779818907647642870646566007783101818
2026-04-23T07:50:04.698129+00:00,2026-04-23T08:00:07.497268+00:00,momentum,"Ethereum Up or Down - April 23, 3:50AM-3:55AM ET",UP,Up,4.0,0.55,,LOSS,NO,-4.0,Down,0x823313eb2ae00671faf6cf291cf397999051bc8b9af5abee42fbad81cf39f88e,41463597768878571459753078218342845921814551913016726496862951624196485703404
2026-04-23T07:50:01.442621+00:00,2026-04-23T08:01:07.235535+00:00,momentum,"Bitcoin Up or Down - April 23, 3:50AM-3:55AM ET",UP,Up,2.0,0.52,,LOSS,NO,-2.0,Down,0x60459190c04b73fee1a9595a827ba1826b340e5956aaafda1a090244005e1d63,65161712286724077730437885056773393649484293612570494713989750266594216204840
2026-04-23T07:50:04.718800+00:00,2026-04-23T08:01:07.276412+00:00,momentum,"XRP Up or Down - April 23, 3:50AM-3:55AM ET",UP,Up,16.0,0.51,,LOSS,NO,-16.0,Down,0x2acc4df7ecfa45bc3a21c2f62008c0e3469c5b4efbd4c321350dd197ddc30d6d,88278749419010936160283370627073474781111078174421527355439017856571814687736
2026-04-23T07:55:01.182642+00:00,2026-04-23T08:06:10.951091+00:00,momentum,"Bitcoin Up or Down - April 23, 3:55AM-4:00AM ET",UP,Up,4.0,0.52,,WIN,YES,3.6923076923076916,Up,0x4f0038acb2d3599db72c5b6c11035db86153d3fb53149637278d01266b39c187,45604152810725401122257550995216359411341518556001429683509291236620007920447
2026-04-23T07:55:01.291456+00:00,2026-04-23T08:06:11.102534+00:00,momentum,"Solana Up or Down - April 23, 3:55AM-4:00AM ET",UP,Up,16.0,0.54,,WIN,YES,13.629629629629626,Up,0x9dcbc0a762a2875aca8b2453b656e09eafc6153addd79e2313087d5bd1607e67,76575378741158011777410284648827825739010920958655998739807191057640588333853
2026-04-23T07:55:03.429305+00:00,2026-04-23T08:06:11.290101+00:00,momentum,"XRP Up or Down - April 23, 3:55AM-4:00AM ET",UP,Up,32.0,0.53,,WIN,YES,28.37735849056603,Up,0x67b5bce619ec7acf5c2f2f8009bab5bd747424f34fa4c193f289aa80a6a50ede,8306281179536330189978094257145702595538562455624888034447984571832417973268
2026-04-23T07:55:00.950138+00:00,2026-04-23T08:07:10.983597+00:00,momentum,"Ethereum Up or Down - April 23, 3:55AM-4:00AM ET",UP,Up,8.0,0.53,,WIN,YES,7.094339622641508,Up,0x472e385a29af6cc81d9e7cd84dd3fd1cd883a9854c30678ae172fe04bf1aec4d,39917353227440367607798129171071037469438516409617799611109389833737655436435
2026-04-23T08:00:02.100990+00:00,2026-04-23T08:09:12.614298+00:00,momentum,"Bitcoin Up or Down - April 23, 4:00AM-4:05AM ET",DOWN,Down,2.0,0.59,,WIN,YES,1.3898305084745766,Down,0x93057d928041d862307602f08f45ecf782168eb023264e1c4219180a72eef4f2,103771433245716487616595936018803701324106452223859703410909023872760355621097
2026-04-23T08:00:02.122477+00:00,2026-04-23T08:09:12.648240+00:00,momentum,"Ethereum Up or Down - April 23, 4:00AM-4:05AM ET",UP,Up,2.0,0.51,,LOSS,NO,-2.0,Down,0x31a292171ff0f36043cfde6b4ba5440e4fbd1f3d2f3d27dc3be87cbd16a39d08,112741472882039712932571002894542517895631560252656413441116250625873789286215
2026-04-23T08:00:02.140386+00:00,2026-04-23T08:09:12.688300+00:00,momentum,"Solana Up or Down - April 23, 4:00AM-4:05AM ET",UP,Up,2.0,0.53,,LOSS,NO,-2.0,Down,0x99196bea22a347d0e38d711c67c7f3ebb92acd0c710495c79f655811e44d519d,83538827253653772486941524848391134485242585618163078471828264283965552543969
2026-04-23T08:00:05.908958+00:00,2026-04-23T08:10:12.777617+00:00,momentum,"XRP Up or Down - April 23, 4:00AM-4:05AM ET",UP,Up,2.0,0.56,,LOSS,NO,-2.0,Down,0xcf1111fa233fc50bbfb403520dff982e8885939544b829b995fe702f760ccfe6,98973637237962789662860553044708013904512176326987943050040979899439711542185
2026-04-23T08:05:05.414566+00:00,2026-04-23T08:14:15.422838+00:00,momentum,"Solana Up or Down - April 23, 4:05AM-4:10AM ET",UP,Up,4.0,0.55,,WIN,YES,3.2727272727272725,Up,0x180078fd02a001322dcd5df951fd8e974818b7920f7669ed9887ca596b57b8e1,89533017613846074682387219700516885140488953796600020887749029926498653909737
2026-04-23T08:05:15.743350+00:00,2026-04-23T08:14:15.462243+00:00,momentum,"XRP Up or Down - April 23, 4:05AM-4:10AM ET",UP,Up,4.0,0.56,,LOSS,NO,-4.0,Down,0x6a27cfc3c641f853f125281dfc2c6896c7563003794690923cd619283548b590,42685745772207350830802158470452561019021582930260763998859406095773920245518
2026-04-23T08:05:00.226831+00:00,2026-04-23T08:15:15.927126+00:00,momentum,"Ethereum Up or Down - April 23, 4:05AM-4:10AM ET",UP,Up,4.0,0.515,,WIN,YES,3.766990291262136,Up,0x3a474e9a3c29c4bacd5ed6c055a34d77c83ef0ef8b8f3279ada6e091b5b90244,50178083312889237022637711812829864842332059209047399528644617830824535008950
2026-04-23T08:05:02.317554+00:00,2026-04-23T08:16:16.766957+00:00,momentum,"Bitcoin Up or Down - April 23, 4:05AM-4:10AM ET",UP,Up,2.0,0.53,,WIN,YES,1.773584905660377,Up,0x010d03b03aadabc402f0eedbfc141541a463bfaddddb1e73fb2535d6eb9f1add,54377931708422576198082281012701883347908584681298335053193795705620197304759
2026-04-23T08:10:00.170028+00:00,2026-04-23T08:20:18.380051+00:00,momentum,"Bitcoin Up or Down - April 23, 4:10AM-4:15AM ET",UP,Up,2.0,0.525,,WIN,YES,1.8095238095238093,Up,0x546373897af2eba688f421ef0e3ff25a82c08ab3327e3f0d696eadd26ebaadf1,40226384509248818570534289180012650917767908000991743663185868586891157415269
2026-04-23T08:10:00.201593+00:00,2026-04-23T08:21:19.285095+00:00,momentum,"Ethereum Up or Down - April 23, 4:10AM-4:15AM ET",UP,Up,2.0,0.525,,WIN,YES,1.8095238095238093,Up,0xfd6db39f0fbd3a2f9c2ab3d1e49f92dbdfac25432b6705859cb8321b7f07401c,112501555623166852868139374457860504233741744395909929495046861607101649048950
2026-04-23T08:10:00.228741+00:00,2026-04-23T08:21:19.422358+00:00,momentum,"Solana Up or Down - April 23, 4:10AM-4:15AM ET",UP,Up,2.0,0.515,,WIN,YES,1.883495145631068,Up,0x25c8861984a5b08f58f3176d9c8d9b9acc1d9ab2a586051c9e0985a321cd2a87,592527054010752540742108862523672784215436795832949503305271909322335828087
2026-04-23T08:10:00.250238+00:00,2026-04-23T08:21:19.568803+00:00,momentum,"XRP Up or Down - April 23, 4:10AM-4:15AM ET",UP,Up,8.0,0.51,,WIN,YES,7.686274509803921,Up,0xb6fab2b0c5c82bb99c190c70768fe97df08f7291b7f03426fe7c6ff9dd227824,66727309290240342503152508446604006136053782348351494292212298502291665284980
2026-04-23T08:15:01.030850+00:00,2026-04-23T08:25:22.349814+00:00,momentum,"XRP Up or Down - April 23, 4:15AM-4:20AM ET",UP,Up,2.0,0.99,,LOSS,NO,-2.0,Down,0x50eb2288f2761b25a6e1104ee0d66a8000232a2d2a1a7efa50650ec9a2dfc30a,108528918186267034656674344556073172878551391926892572710821206620759109830028
2026-04-23T08:15:01.053328+00:00,2026-04-23T08:27:23.354887+00:00,momentum,"Bitcoin Up or Down - April 23, 4:15AM-4:20AM ET",UP,Up,2.0,0.99,,LOSS,NO,-2.0,Down,0x02f10fa4a3c0d7af3f2f812cf2888ebb73e2ad29db1bd03ddcfbcd299c8fe8f5,81541659591579130351757166021595014001116248986737630432040959858533311239696
2026-04-23T08:15:01.082866+00:00,2026-04-23T08:27:23.511622+00:00,momentum,"Solana Up or Down - April 23, 4:15AM-4:20AM ET",UP,Up,2.0,0.99,,WIN,YES,0.020202020202020332,Up,0x4eba17288816ae6563e03b0c9fadde16393f7a2f475ce2d11b3ec9e2f1f30e5b,53029877322014518469936860077933170905215373485542129095145692674142877296511
2026-04-23T08:15:01.005507+00:00,2026-04-23T08:28:24.098641+00:00,momentum,"Ethereum Up or Down - April 23, 4:15AM-4:20AM ET",UP,Up,2.0,0.99,,WIN,YES,0.020202020202020332,Up,0x8c63c0a54d5810e172857c7d50902411e54e6a5b796fed95d0d36e1e4ba0eb1b,50379755728592535240865854818495509355201733540673900170205215895105870081720
2026-04-23T08:20:00.937707+00:00,2026-04-23T08:30:24.703414+00:00,momentum,"XRP Up or Down - April 23, 4:20AM-4:25AM ET",UP,Up,4.0,0.51,,LOSS,NO,-4.0,Down,0x2d0231bf9c2bf5552d7e08a02eaeee04fc0d799aace8355884395f4077911b4f,96559718845454029161722676715405303128065365625486648081393158654467403898945
2026-04-23T08:20:03.083966+00:00,2026-04-23T08:30:24.737566+00:00,momentum,"Solana Up or Down - April 23, 4:20AM-4:25AM ET",UP,Up,2.0,0.55,,LOSS,NO,-2.0,Down,0xc8f87a336233bbb99decad748cece0bac05d779d4bee871a4fb2b8911ab6ad2b,102854101211626658486716600968326166838790943812534274180289929393136964829579
2026-04-23T08:20:03.107980+00:00,2026-04-23T08:30:24.776976+00:00,momentum,"Bitcoin Up or Down - April 23, 4:20AM-4:25AM ET",UP,Up,4.0,0.55,,LOSS,NO,-4.0,Down,0x8623c569aef59e3c14b4e43f787467fbb1a03a8abdecbbca5c41ac9a41ed94cd,77084135775617682834006198877272429325364155334605189863091840309058125870902
2026-04-23T08:20:03.135895+00:00,2026-04-23T08:30:24.814561+00:00,momentum,"Ethereum Up or Down - April 23, 4:20AM-4:25AM ET",UP,Up,2.0,0.58,,LOSS,NO,-2.0,Down,0x6f197bf6186f2086e35e8cf8b38a4d847624c289af5c7b791c72c69e06f841c5,81472742528503224607270251805555219761690857358175868421412643293815033283175
2026-04-23T08:25:00.540337+00:00,2026-04-23T08:35:26.633594+00:00,momentum,"Ethereum Up or Down - April 23, 4:25AM-4:30AM ET",UP,Up,4.0,0.53,,LOSS,NO,-4.0,Down,0x87c1709817be3de189fbc74e181f3b6d55a7cc4c5e4c7202b64e277b1be7fe7b,36637107865220434153695909620958246904475137096408177130671265347673880078854
2026-04-23T08:25:00.512591+00:00,2026-04-23T08:36:27.121184+00:00,momentum,"Solana Up or Down - April 23, 4:25AM-4:30AM ET",UP,Up,4.0,0.51,,WIN,YES,3.8431372549019605,Up,0x93a4609b5935f1fd376e97991fb7bfa0b6d2cd779e04c0cbb9db17993aa62050,91823581433625144895529857289746533654411394115313921476986731233683972747066
2026-04-23T08:25:19.124520+00:00,2026-04-23T08:36:27.279854+00:00,momentum,"XRP Up or Down - April 23, 4:25AM-4:30AM ET",DOWN,Down,8.0,0.62,,WIN,YES,4.903225806451614,Down,0xa8988fa4a660bc9d6eee8f5536049b4b56c9b8a1b98b0d34c878d409709cb21d,37005434388293726146603289705249410484696724991734494596644676101100878209416
2026-04-23T08:25:00.490882+00:00,2026-04-23T08:37:27.391587+00:00,momentum,"Bitcoin Up or Down - April 23, 4:25AM-4:30AM ET",UP,Up,8.0,0.52,,WIN,YES,7.384615384615383,Up,0x17e21e25eba99fdfc51a378285555080c6e759f7e1c07fbf5427b602a289311e,111190643918423435802420939156529940031574735098002699563919343799343052577013
2026-04-23T08:30:00.924269+00:00,2026-04-23T08:38:28.020045+00:00,momentum,"Bitcoin Up or Down - April 23, 4:30AM-4:35AM ET",UP,Up,2.0,0.52,,LOSS,NO,-2.0,Down,0x88e80b94712413bbcf885eed4babb9eb70309a5c5df56b3e69f985adad0deb64,1843374619588205577911154941388020001221405168843074895571860718544264832398
2026-04-23T08:30:00.968556+00:00,2026-04-23T08:38:28.185951+00:00,momentum,"Solana Up or Down - April 23, 4:30AM-4:35AM ET",UP,Up,2.0,0.52,,LOSS,NO,-2.0,Down,0xfd8e8c2d1dfdda6c87fc485fc5afacd4d4ee19d856cb7af04120461d211a96ef,42153139075411056376902502248200454186630047544893713224763707543416676389135
2026-04-23T08:30:00.945165+00:00,2026-04-23T08:39:28.826215+00:00,momentum,"Ethereum Up or Down - April 23, 4:30AM-4:35AM ET",UP,Up,8.0,0.53,,LOSS,NO,-8.0,Down,0x7b0853d2e5ec7ee568028cae65d7d83f7edf9f291e9a1910e6a1e87f70b60dc3,110285812710641536087324480498630258765886485720574473332615759845417196518785
2026-04-23T08:30:04.166536+00:00,2026-04-23T08:39:28.973829+00:00,momentum,"XRP Up or Down - April 23, 4:30AM-4:35AM ET",DOWN,Down,2.0,0.56,,WIN,YES,1.5714285714285712,Down,0x38e7dbe6b2f8a1394b7bf42d26baa859651a53027980d5a2c956f73d2d9a221b,44400313055824757376958960383228854988678228666300863418287661890126730604643
2026-04-23T08:35:00.524862+00:00,2026-04-23T08:45:32.232209+00:00,momentum,"Bitcoin Up or Down - April 23, 4:35AM-4:40AM ET",DOWN,Down,2.0,0.515,,WIN,YES,1.883495145631068,Down,0xfb4d1876b9c454b433f2ebbd3553829574a00437e88e8026d16c4be8829c9dea,68912620024099567789592674160765090055617324049074865269334758884837011321583
2026-04-23T08:35:02.686334+00:00,2026-04-23T08:45:32.279844+00:00,momentum,"Solana Up or Down - April 23, 4:35AM-4:40AM ET",UP,Up,2.0,0.58,,LOSS,NO,-2.0,Down,0x6fb4ac324821f20c4ccbb0b12dfcc5654b67528dea4c6dbf2490c49225b0aa9a,68458447521206713563040431150658514012830383806770049003044188625130123855038
2026-04-23T08:35:02.705447+00:00,2026-04-23T08:45:32.321469+00:00,momentum,"Ethereum Up or Down - April 23, 4:35AM-4:40AM ET",UP,Up,16.0,0.56,,LOSS,NO,-16.0,Down,0x3c77a50f58052f58ad7e601fda3768b97dedef22f7f7b69631e7702258a433e4,97094769481246184159252776566739546154218171837751531763056664368269732311877
2026-04-23T08:35:05.897029+00:00,2026-04-23T08:45:32.363827+00:00,momentum,"XRP Up or Down - April 23, 4:35AM-4:40AM ET",UP,Up,2.0,0.55,,LOSS,NO,-2.0,Down,0x187441eaccb88b1210bb43346102edcc93080d1d1bc1fd8add67595d13efb012,82702962837485561563601997803339129595504305180870903537039994712193784171195
2026-04-23T08:40:00.839281+00:00,2026-04-23T08:50:33.210581+00:00,momentum,"XRP Up or Down - April 23, 4:40AM-4:45AM ET",UP,Up,4.0,0.515,,LOSS,NO,-4.0,Down,0x869f807aa4b547dd38da94aa32938804733167a6de3b9cc684f70a6049ce2ce4,6734115719768438196657295901389592953154363361726463379589810691804177043104
2026-04-23T08:40:00.858673+00:00,2026-04-23T08:50:33.257832+00:00,momentum,"Solana Up or Down - April 23, 4:40AM-4:45AM ET",UP,Up,4.0,0.515,,LOSS,NO,-4.0,Down,0xf32bd0ca6129b74856f69612a3ce88a379703cc1bced75b76096cd38c3799c28,42454875489320430590415362885417781958606789978310057453965396816894235055384
2026-04-23T08:40:02.961244+00:00,2026-04-23T08:51:33.827749+00:00,momentum,"Bitcoin Up or Down - April 23, 4:40AM-4:45AM ET",UP,Up,2.0,0.52,,LOSS,NO,-2.0,Down,0x13aa2d184dc705e963cfe736c2ce8f1bfe4da2063abd691d123f2c9ae5b6babb,108698749809087251480876290618041322795867578628398563852739161599037979368576
2026-04-23T08:40:00.877552+00:00,2026-04-23T08:52:33.814663+00:00,momentum,"Ethereum Up or Down - April 23, 4:40AM-4:45AM ET",UP,Up,32.0,0.525,,LOSS,NO,-32.0,Down,0x4b697cc60cbba32d962eb57cfba368d26950f5b6d31beb0c5700df6e103f6d5c,20201017177998719225737906221926815314359549438824079477888067826400122814681
2026-04-23T08:45:02.374782+00:00,2026-04-23T08:53:34.955152+00:00,momentum,"Ethereum Up or Down - April 23, 4:45AM-4:50AM ET",UP,Up,64.0,0.53,,WIN,YES,56.75471698113206,Up,0x9d58b26a7321c8182ef8e5e8b0c914647ac249fa130a354663a4987f1a86636a,61148386884634633997728212486843474917353240237520188922424595066689173504427
2026-04-23T08:45:00.215642+00:00,2026-04-23T08:54:35.025999+00:00,momentum,"Bitcoin Up or Down - April 23, 4:45AM-4:50AM ET",UP,Up,2.0,0.525,,WIN,YES,1.8095238095238093,Up,0xeb3ddc62d408c7f3f1956e9a51ad9aeb829de7be1741cdc581e3d02a8ee44faa,50608328202707300219000529211938208808094981069529374421810811070409261842247
2026-04-23T08:45:00.242477+00:00,2026-04-23T08:54:35.158633+00:00,momentum,"XRP Up or Down - April 23, 4:45AM-4:50AM ET",UP,Up,4.0,0.515,,WIN,YES,3.766990291262136,Up,0x8a2c17c3972a00f7b5430adffa0845e78804658e724125b950176ed92f40f1a8,43330915379126490167192018742378277124381833944154308483119418014389244655836
2026-04-23T08:45:02.393204+00:00,2026-04-23T08:54:35.320718+00:00,momentum,"Solana Up or Down - April 23, 4:45AM-4:50AM ET",UP,Up,4.0,0.53,,WIN,YES,3.547169811320754,Up,0xdc0f327db384e576bab140c2f686b31dec1986939c1c6bf0ec2565ec451bfd04,104282707113326611173074428438580909399204667277057031276306431918861279880365
2026-04-23T08:50:00.554133+00:00,2026-04-23T08:59:37.526051+00:00,momentum,"Bitcoin Up or Down - April 23, 4:50AM-4:55AM ET",UP,Up,2.0,0.52,,WIN,YES,1.8461538461538458,Up,0x4d103b29199fbd0457271ed55bc416b00104b0a79c63898fd420e3fc91ec5660,9782406345111381156152862623134974588589503301006584453244676298288221263134
2026-04-23T08:50:00.582725+00:00,2026-04-23T08:59:37.719673+00:00,momentum,"XRP Up or Down - April 23, 4:50AM-4:55AM ET",UP,Up,2.0,0.515,,WIN,YES,1.883495145631068,Up,0xa6ab7d0a67d59877b2385f0bbb6bcf104e8d29c6185f4e3340a17fc8a2adfc75,109717902991688203349482931620325650501581359968707197211561340158932014610404
2026-04-23T08:50:00.524817+00:00,2026-04-23T09:00:37.540288+00:00,momentum,"Ethereum Up or Down - April 23, 4:50AM-4:55AM ET",UP,Up,2.0,0.51,,WIN,YES,1.9215686274509802,Up,0x63f030cf45e7a9c9c342cebf6dfa28accf6e4192fb93e3e85e95a9b4961b315e,107551374599043168644284065659750876693452490341916573413542930199373655653042
2026-04-23T08:50:00.607975+00:00,2026-04-23T09:00:37.947524+00:00,momentum,"Solana Up or Down - April 23, 4:50AM-4:55AM ET",UP,Up,2.0,0.515,,WIN,YES,1.883495145631068,Up,0x4570f68cb70964e05297cc8ec97574d3c2af9a35c4657e4e09ac386583ab106b,17778833422084554834034014379485087113853169420061130894358336438842749351347
2026-04-23T08:55:00.154686+00:00,2026-04-23T09:05:38.994314+00:00,momentum,"XRP Up or Down - April 23, 4:55AM-5:00AM ET",UP,Up,2.0,0.515,,WIN,YES,1.883495145631068,Up,0x670f820e653f923cc065fcd11344fda56922e392ec4343e249aed29680a4b824,62049469058765260503153092852036962457200164606131187528471779300901633825818
2026-04-23T08:55:01.781976+00:00,2026-04-23T09:05:39.025721+00:00,momentum,"Solana Up or Down - April 23, 4:55AM-5:00AM ET",UP,Up,2.0,0.51,,LOSS,NO,-2.0,Down,0x86780a365f9922303b71799694ecb4cb011bab85ae2152be94949ba8a6a0d3c9,1325795953230623695715049991303946621646431319025455526294328536568151084083
2026-04-23T08:55:00.115509+00:00,2026-04-23T09:06:39.279216+00:00,momentum,"Ethereum Up or Down - April 23, 4:55AM-5:00AM ET",UP,Up,2.0,0.515,,WIN,YES,1.883495145631068,Up,0xac9057c6600f43bc92188e45175de40a4285fdbba8b1752001ca8c7b77d328cf,1475977928959471624406307921496030834075036572455160158685044589176513890737
2026-04-23T08:55:01.882003+00:00,2026-04-23T09:06:39.430784+00:00,momentum,"Bitcoin Up or Down - April 23, 4:55AM-5:00AM ET",DOWN,Down,2.0,0.51,,WIN,YES,1.9215686274509802,Down,0xf28fa24e6650629aa79f520c321de07853af717d49d43161c93159ea44fef35a,90374207689285784770910493177539509710768560737554853574089555659313904772285
2026-04-23T09:00:01.255557+00:00,2026-04-23T09:08:40.860636+00:00,momentum,"Bitcoin Up or Down - April 23, 5:00AM-5:05AM ET",UP,Up,2.0,0.51,,LOSS,NO,-2.0,Down,0xa7fe4d2eaf6fbfc68789c4069e5c491dabc8e609a51fa49707623a21e54c1e3e,63224876704542017910503105011225878854047201857261454360416156356215517914779
2026-04-23T09:00:01.294479+00:00,2026-04-23T09:08:40.899670+00:00,momentum,"XRP Up or Down - April 23, 5:00AM-5:05AM ET",UP,Up,2.0,0.59,,LOSS,NO,-2.0,Down,0x74a92299591dfb6645ff7e5013df2b464ec16b351926074d9b87863bfdc437b4,100134734825935905075571144973073061153797668356350089469096576660809667720555
2026-04-23T09:00:01.328586+00:00,2026-04-23T09:08:40.940563+00:00,momentum,"Solana Up or Down - April 23, 5:00AM-5:05AM ET",UP,Up,2.0,0.58,,LOSS,NO,-2.0,Down,0xcfa5ea7a6053f307cd5d9a05806fe2818916082842ce81ea0aa6444051e3e574,104436838084398470594179872845060406040366541088692983887203431429297080078891
2026-04-23T09:00:01.367895+00:00,2026-04-23T09:08:41.085474+00:00,momentum,"Ethereum Up or Down - April 23, 5:00AM-5:05AM ET",DOWN,Down,2.0,0.6,,WIN,YES,1.3333333333333335,Down,0xa0e557ede599f9b55933e07b5abe9f58b8243b6e25eabb158798140c2df556bc,16561729558758996992697503638840690116750648320032597362604758673418591499498
2026-04-23T09:05:02.067606+00:00,2026-04-23T09:14:43.258223+00:00,momentum,"Bitcoin Up or Down - April 23, 5:05AM-5:10AM ET",UP,Up,4.0,0.53,,LOSS,NO,-4.0,Down,0x730d1dc8a05a34d2ec271990422a483f064864d4f367384653f7f62c5e6fd1ea,58720624954135740281770427032980844354867792296628452605335586278037267709872
2026-04-23T09:05:02.095054+00:00,2026-04-23T09:14:43.316947+00:00,momentum,"Solana Up or Down - April 23, 5:05AM-5:10AM ET",UP,Up,4.0,0.52,,LOSS,NO,-4.0,Down,0xfa71d8d6d3d4c29cda550e88f298a00ce683dc661d38ff2205593a4b8b7b44ac,50916227907724374218593359630300272674746597216400563998021853303014687632707
2026-04-23T09:05:02.122106+00:00,2026-04-23T09:14:43.357622+00:00,momentum,"Ethereum Up or Down - April 23, 5:05AM-5:10AM ET",UP,Up,2.0,0.52,,LOSS,NO,-2.0,Down,0x7bcca0a74b2773416fd429df9061fea6ecc16ad27b415581aa9862ccc68ac35c,107127639518572518259488820046654396048238315015130762814791133756290259603635
2026-04-23T09:05:05.266607+00:00,2026-04-23T09:14:43.528939+00:00,momentum,"XRP Up or Down - April 23, 5:05AM-5:10AM ET",DOWN,Down,4.0,0.52,,WIN,YES,3.6923076923076916,Down,0x2502956d445ba67d27308e70a2a072aeede7ff4dee9d16ca382e188c51ffad9b,82452521046927980225906328790912047710406882285458055331028655757576566784054
2026-04-23T09:10:00.513196+00:00,2026-04-23T09:20:46.501515+00:00,momentum,"Bitcoin Up or Down - April 23, 5:10AM-5:15AM ET",UP,Up,8.0,0.54,,WIN,YES,6.814814814814813,Up,0xfc84742e29ba11cfc1c7184dd683bbbd23f49bf61e874249a3953a8a0f6fbcae,84999744465410398544442635303050908167374022610511361840114034509365585366805
2026-04-23T09:10:00.540106+00:00,2026-04-23T09:20:46.662295+00:00,momentum,"Ethereum Up or Down - April 23, 5:10AM-5:15AM ET",UP,Up,4.0,0.54,,WIN,YES,3.4074074074074066,Up,0xd8575f896e718e488da188a13febca429147d543053a4abcf72b9818aaac63bd,34058732510573318193660109492415463059466727386278197239629785098952506981281
2026-04-23T09:10:00.565734+00:00,2026-04-23T09:20:46.701068+00:00,momentum,"Solana Up or Down - April 23, 5:10AM-5:15AM ET",UP,Up,8.0,0.55,,LOSS,NO,-8.0,Down,0xf3f79831dafd385327c548a86b0ab61cc92dd20b65a8455cbc512b1148e0f577,4902478499939686660062649934029878775421309849014899049562026092041225903954
2026-04-23T09:10:03.814814+00:00,2026-04-23T09:20:46.871620+00:00,momentum,"XRP Up or Down - April 23, 5:10AM-5:15AM ET",DOWN,Down,2.0,0.55,,WIN,YES,1.6363636363636362,Down,0xaf17082fba398779f28238d082d63395e4f084eb0d327a7914cf49b9cfd1b413,86331009564300549155267242254635554015430985658009344590717688539591433449028
2026-04-23T09:15:01.089508+00:00,2026-04-23T09:24:48.215012+00:00,momentum,"Bitcoin Up or Down - April 23, 5:15AM-5:20AM ET",UP,Up,2.0,0.55,,WIN,YES,1.6363636363636362,Up,0x253d3a188810c9fcdc8ac545c60f21df1e1df0a66d446e7df2f84be26e46102e,96792536544899679668966995669724106852795411624528216980375624931120691689571
2026-04-23T09:15:01.114753+00:00,2026-04-23T09:24:48.409240+00:00,momentum,"Ethereum Up or Down - April 23, 5:15AM-5:20AM ET",UP,Up,2.0,0.53,,WIN,YES,1.773584905660377,Up,0xcbfe4e28c3cc857bc501a7df513f95444b96e4c69b09f4f8aaff555fe2714ada,20854209911116458130199549752748553623985872842689873719943296704974266153991
2026-04-23T09:15:01.155174+00:00,2026-04-23T09:24:48.707285+00:00,momentum,"XRP Up or Down - April 23, 5:15AM-5:20AM ET",UP,Up,2.0,0.53,,WIN,YES,1.773584905660377,Up,0x8600d0b5d4bac86cf67c65ca70abb353019d32c41b6bc9d335634f5875ec9be3,96357374399003335465728636663597557178616350471837596927200592451703317860810
2026-04-23T09:15:01.134539+00:00,2026-04-23T09:25:48.840265+00:00,momentum,"Solana Up or Down - April 23, 5:15AM-5:20AM ET",UP,Up,2.0,0.52,,WIN,YES,1.8461538461538458,Up,0x5e50a906d0c73b945f4a0d11fa0d0102c792d473ca39584fa3389fb6939f0750,2909655449600519466842122199517798192054703857798185711452042951010732429160
2026-04-23T09:20:00.596508+00:00,2026-04-23T09:29:50.300657+00:00,momentum,"XRP Up or Down - April 23, 5:20AM-5:25AM ET",UP,Up,2.0,0.515,,LOSS,NO,-2.0,Down,0x96b591894a7170d81af384e7cd72bc1f73216bacea7c0367873d1b38db98976a,20144352105802218645147728369858040812185866841695434614273508056914000514811
2026-04-23T09:20:00.627611+00:00,2026-04-23T09:29:50.403339+00:00,momentum,"Ethereum Up or Down - April 23, 5:20AM-5:25AM ET",UP,Up,2.0,0.525,,LOSS,NO,-2.0,Down,0x8dc40fb0e751042504506e2c14d7b3a2e051f6d0fa2c3c76f6e4cf515a871cc2,39621673442257597628375351691628575564558587889886864532457794258127399428830
2026-04-23T09:20:00.659285+00:00,2026-04-23T09:29:50.443891+00:00,momentum,"Solana Up or Down - April 23, 5:20AM-5:25AM ET",UP,Up,2.0,0.515,,LOSS,NO,-2.0,Down,0x9d8007c46d8a29e55094d6acef415c7aaf19e946053a9c53215d124e6c47e240,45365139667082005793837284057049681174596012652104933843155140075274085661032
2026-04-23T09:20:00.565261+00:00,2026-04-23T09:30:51.305949+00:00,momentum,"Bitcoin Up or Down - April 23, 5:20AM-5:25AM ET",UP,Up,2.0,0.525,,LOSS,NO,-2.0,Down,0x113b401dbf2cfc53712a1264efcaa5ac6429d0836c369dd4c67128ba3063446d,37654326898590350972535278879902335040937430577404040507920273727401299737625
2026-04-23T09:25:22.431381+00:00,2026-04-23T09:35:55.329416+00:00,momentum,"XRP Up or Down - April 23, 5:25AM-5:30AM ET",DOWN,Down,4.0,0.52,,LOSS,NO,-4.0,Up,0xacba9e10a89a4918a556d522d51d40da8faff1fc93d13a612ac14e3855938698,23234259046255233339655220315884487820397457326167568988746258393549431075548
2026-04-23T09:25:00.630686+00:00,2026-04-23T09:36:55.515405+00:00,momentum,"Ethereum Up or Down - April 23, 5:25AM-5:30AM ET",UP,Up,4.0,0.53,,WIN,YES,3.547169811320754,Up,0x1bbcc4a01287fb50db668d24ef90cab64654db52318937ea8c6a6ce55594e3d7,74093485100078542089235896939643011832180473546803915130169575216810984352735
2026-04-23T09:25:00.659867+00:00,2026-04-23T09:36:55.722875+00:00,momentum,"Solana Up or Down - April 23, 5:25AM-5:30AM ET",UP,Up,4.0,0.54,,WIN,YES,3.4074074074074066,Up,0xa3f46c619b8ec1ab4f15e11fad24b74dc33c457bcde2ebad0af1887b29bd7dd6,103969086495150256249787775187665336124761714597936579300835463402248693441321
2026-04-23T09:25:03.898218+00:00,2026-04-23T09:36:55.891510+00:00,momentum,"Bitcoin Up or Down - April 23, 5:25AM-5:30AM ET",UP,Up,4.0,0.61,,WIN,YES,2.557377049180328,Up,0xb2b5165ff5d72da473bf71d03648f4dbfdcbcb013ff5652fc43318305e35d08b,33566226325334586770205738349760954379173851011495523693838848378748639150202
2026-04-23T09:30:00.296385+00:00,2026-04-23T09:38:56.980213+00:00,momentum,"Bitcoin Up or Down - April 23, 5:30AM-5:35AM ET",UP,Up,2.0,0.51,,WIN,YES,1.9215686274509802,Up,0x322888b4605d88fc8c1ee1ee132973e54732a73c3741b62b4643729909346abe,83796098285126582168303020555774139356399058843830560171612917106106874772678
2026-04-23T09:30:00.334393+00:00,2026-04-23T09:38:57.169329+00:00,momentum,"Ethereum Up or Down - April 23, 5:30AM-5:35AM ET",UP,Up,2.0,0.52,,WIN,YES,1.8461538461538458,Up,0x452224925dcc7529c45481509a8ef7894bf8183e855f3e76bda3736135a7ef7a,40827176945947546084146921236762185488451758032991874257021091613473786410196
2026-04-23T09:30:06.572727+00:00,2026-04-23T09:38:57.376274+00:00,momentum,"XRP Up or Down - April 23, 5:30AM-5:35AM ET",UP,Up,8.0,0.6,,LOSS,NO,-8.0,Down,0x14457d2bae2a836e0032b0e4a61f46664a75b0338a81df9f933ed2b7054653d3,32471689147893301695298896675674960700769075688950745287866075535160225622944
2026-04-23T09:30:06.552273+00:00,2026-04-23T09:39:56.864288+00:00,momentum,"Solana Up or Down - April 23, 5:30AM-5:35AM ET",UP,Up,2.0,0.57,,WIN,YES,1.5087719298245617,Up,0x5f7e51b00feb462a8aac004a1b6bfdbb8d78696cc05d99fd5cd9da8eae3655c5,35567259226790427006483100734399361335478785301282010763062091754068978903112
2026-04-23T09:35:00.607759+00:00,2026-04-23T09:44:58.648117+00:00,momentum,"Ethereum Up or Down - April 23, 5:35AM-5:40AM ET",UP,Up,2.0,0.515,,WIN,YES,1.883495145631068,Up,0x10dc1b69d3a83211aa2b0da19671333fc8c35cf5645282a6a593472ddc37bbe3,49326811358414255678868899577520194990034941481302662189566569087719010211570
2026-04-23T09:35:21.226298+00:00,2026-04-23T09:44:58.955435+00:00,momentum,"XRP Up or Down - April 23, 5:35AM-5:40AM ET",UP,Up,16.0,0.51,,WIN,YES,15.372549019607842,Up,0xa167a8cdc6e52c95b925677725eb7b7e92804dc4c47518ff5e08b8941dc72ed4,64531831411034893240876535025909360931965245144119173303372569030847669455308
2026-04-23T09:35:24.307994+00:00,2026-04-23T09:44:59.117473+00:00,momentum,"Solana Up or Down - April 23, 5:35AM-5:40AM ET",DOWN,Down,2.0,0.57,,WIN,YES,1.5087719298245617,Down,0xadff2b2a2324a684f17c4f4a277a125c5e5549326cbb630cfdcb0b9ebab46041,13092322599959350548691394312892960334624827569495617669179302834098321542978
2026-04-23T09:35:02.695169+00:00,2026-04-23T09:45:58.921088+00:00,momentum,"Bitcoin Up or Down - April 23, 5:35AM-5:40AM ET",DOWN,Down,2.0,0.52,,LOSS,NO,-2.0,Up,0x0d9b1a584d162fa8ba2669d2a1b35ef88fef7e1e8e5ee23e3002a53c2f80a605,7880222568441381028943752607904696190954803845321176971424115079293402510509
2026-04-23T09:40:04.051682+00:00,2026-04-23T09:51:02.280315+00:00,momentum,"Bitcoin Up or Down - April 23, 5:40AM-5:45AM ET",UP,Up,2.0,0.51,,WIN,YES,1.9215686274509802,Up,0xc07700f55b8d639683eeea3f2ba309f19a0a3973fab7e201aca5cbe375598144,98666674585540992300019071516332323578948250976780887702649261841025423826070
2026-04-23T09:40:07.204950+00:00,2026-04-23T09:51:02.499883+00:00,momentum,"XRP Up or Down - April 23, 5:40AM-5:45AM ET",UP,Up,32.0,0.51,,WIN,YES,30.745098039215684,Up,0x70b4335c05ec89dbff77a852f8405ef67e60e14ce5998fd4209be0191c842a31,18199300558372835680349972366067475669068367018854138661378620387191825708965
2026-04-23T09:40:56.747114+00:00,2026-04-23T09:51:02.536047+00:00,momentum,"Solana Up or Down - April 23, 5:40AM-5:45AM ET",UP,Up,2.0,0.55,,LOSS,NO,-2.0,Down,0xdc3d4add4671b8523c0edaad29fc613adbf192b94f3d1880696c7fc6ee2b21af,109097413551241392657421628402784565613949384886527546788954565232852491795846
2026-04-23T09:40:00.753514+00:00,2026-04-23T09:52:02.508124+00:00,momentum,"Ethereum Up or Down - April 23, 5:40AM-5:45AM ET",UP,Up,2.0,0.51,,WIN,YES,1.9215686274509802,Up,0xa11b47b9b3e780f7b1999c5b8a47220d282775711971c99c54a3e36231809f58,25653439446499407104572310686271259358147036370153176573635896192587573726788
2026-04-23T09:45:00.894404+00:00,2026-04-23T09:53:03.276755+00:00,momentum,"Solana Up or Down - April 23, 5:45AM-5:50AM ET",DOWN,Down,4.0,0.52,,WIN,YES,3.6923076923076916,Down,0x04e3331b15fb8d6664c865ec87eba5bb993f273bae8a97c28eeb6022db406ee1,36063443171990103720090575881399796251412271750942604953121870016386514837635
2026-04-23T09:45:00.867101+00:00,2026-04-23T09:54:03.442510+00:00,momentum,"Bitcoin Up or Down - April 23, 5:45AM-5:50AM ET",DOWN,Down,2.0,0.53,,WIN,YES,1.773584905660377,Down,0xa8918dc370ce5dad9476090b5e8bb414a6847c211e81c80a51d076b20453fbb0,107253943109132430683176840602951694512592858303944542892863520910218882802548
2026-04-23T09:45:04.398719+00:00,2026-04-23T09:54:03.481814+00:00,momentum,"Ethereum Up or Down - April 23, 5:45AM-5:50AM ET",UP,Up,2.0,0.51,,LOSS,NO,-2.0,Down,0xe6609c07754ab4196fec9f4f64c39462e6444d910b4ec07a1c8d43285e42f58e,29925928484436774825016782625592338416036530457078001505693676278229978388293
2026-04-23T09:45:04.427010+00:00,2026-04-23T09:55:04.052556+00:00,momentum,"XRP Up or Down - April 23, 5:45AM-5:50AM ET",DOWN,Down,2.0,0.54,,WIN,YES,1.7037037037037033,Down,0x8a7073ac0c6bb44f7415494691a5dbff6e03a4738eb1581ee96a350cb5c6cbb9,25927651567726249911694928959680217170212936409665409354785447545945469538488
2026-04-23T09:50:00.583240+00:00,2026-04-23T10:00:06.170398+00:00,momentum,"Ethereum Up or Down - April 23, 5:50AM-5:55AM ET",UP,Up,4.0,0.53,,LOSS,NO,-4.0,Down,0x314ef2d0cee69a5109a5a614f1b7c1ebd090b876e92d752ef596d4f1c70ae1ad,77418699023865674867158179896584603656283767776304284413491210669037534926672
2026-04-23T09:50:07.385188+00:00,2026-04-23T10:00:06.215877+00:00,momentum,"Bitcoin Up or Down - April 23, 5:50AM-5:55AM ET",DOWN,Down,2.0,0.54,,LOSS,NO,-2.0,Up,0xf9ae61c7f944e4b0cb9a81dcff59dae66aa80b11f8c5dd2eba1bccf549d24b1e,51845687235225953493117786122265189607580754670979445075793517246283605703593
2026-04-23T09:50:16.608427+00:00,2026-04-23T10:00:06.385496+00:00,momentum,"Solana Up or Down - April 23, 5:50AM-5:55AM ET",DOWN,Down,2.0,0.52,,LOSS,NO,-2.0,Up,0x46b6134e92db56c69f3eb5ff314df681680dc26a20d2c7542c3dff3621b20571,68206747365730318241710299584832321581620928923033370818402476724701338573531
2026-04-23T09:50:10.469671+00:00,2026-04-23T10:01:07.157300+00:00,momentum,"XRP Up or Down - April 23, 5:50AM-5:55AM ET",UP,Up,2.0,0.52,,WIN,YES,1.8461538461538458,Up,0x57a40a676c37aa5a87ed4c8de8e6ec7e5f8b092ac15fec18bad562bf71713608,57343573710963741545730303917040757414757456121545333279238685073264754063262
2026-04-23T09:55:01.603573+00:00,2026-04-23T10:06:09.112508+00:00,momentum,"Solana Up or Down - April 23, 5:55AM-6:00AM ET",UP,Up,2.0,0.51,,WIN,YES,1.9215686274509802,Up,0x82d38ba39cb0ab64cb66cd9a796492a26cfac93fcbe40b18097c15df1a94d7da,83974689017128393051463149928490421625398013695764146327291252415365517563287
2026-04-23T09:55:15.172835+00:00,2026-04-23T10:06:09.282430+00:00,momentum,"Bitcoin Up or Down - April 23, 5:55AM-6:00AM ET",UP,Up,4.0,0.66,,WIN,YES,2.0606060606060606,Up,0x92fac454009298a7d4557bb870a4a664048fbec52a5da8d72725d87461ab9b1f,51093169648596513451626963010185222635211069979032417430927054911008662085908
2026-04-23T09:55:01.577162+00:00,2026-04-23T10:07:09.746026+00:00,momentum,"Ethereum Up or Down - April 23, 5:55AM-6:00AM ET",UP,Up,8.0,0.54,,WIN,YES,6.814814814814813,Up,0x6ea373e598d7eb6ddce9b8a778fc1013cd09fb4b6944c5603b9e01d490a355c9,88305043248072902676663217091252947572479018406427415054417908356116662824213
2026-04-23T09:55:15.193745+00:00,2026-04-23T10:07:09.908275+00:00,momentum,"XRP Up or Down - April 23, 5:55AM-6:00AM ET",UP,Up,2.0,0.72,,WIN,YES,0.7777777777777777,Up,0x7dc1a7b131f97db9a9708ed0311e7b22b5cb5eb3ba1b368978007cbafb5b9eca,11000157292703634942537875433581065055582850697313730649415745109377283919056
2026-04-23T10:00:00.624261+00:00,2026-04-23T10:12:12.113458+00:00,momentum,"Ethereum Up or Down - April 23, 6:00AM-6:05AM ET",UP,Up,2.0,0.51,,WIN,YES,1.9215686274509802,Up,0xfc27757042a9b8c37ce6f8a173b5b8c9cc802d42f4f78f29109ded4bfc112ea1,84953887460095048206531369997966137605186189953328069579165097830150750939423
2026-04-23T10:00:01.768744+00:00,2026-04-23T10:12:12.298096+00:00,momentum,"Bitcoin Up or Down - April 23, 6:00AM-6:05AM ET",DOWN,Down,2.0,0.62,,WIN,YES,1.2258064516129035,Down,0x24b0178ec074a26848b8224c41e93280f8475915183ddf2c93e490c581236cd8,79820474044760525522531756996228756636139836600644416973138405618929081783970
2026-04-23T10:00:04.881298+00:00,2026-04-23T10:12:12.512822+00:00,momentum,"XRP Up or Down - April 23, 6:00AM-6:05AM ET",DOWN,Down,2.0,0.57,,WIN,YES,1.5087719298245617,Down,0xf506f2605d20399c1079e10196bf613708b5952b2f230a2a0a03c6166cc6d3d3,81777809460023097306098982035461754014696836629255102947492188263830061670455
2026-04-23T10:00:08.674477+00:00,2026-04-23T10:13:12.920095+00:00,momentum,"Solana Up or Down - April 23, 6:00AM-6:05AM ET",DOWN,Down,2.0,0.66,,LOSS,NO,-2.0,Up,0xd333de3b5ce4199fc17d6fa09c779382eb86285be83b2c7331f1f5d4fdeaea22,52989963399834985491974882549860016371312562490757719155427205626124960772032
2026-04-23T10:05:02.757844+00:00,2026-04-23T10:14:14.162133+00:00,momentum,"Ethereum Up or Down - April 23, 6:05AM-6:10AM ET",UP,Up,2.0,0.52,,LOSS,NO,-2.0,Down,0x92e03c6b2fcc7388e2abd3ae5eeca48e06a05707ee20b804e7c21787d1382179,64138482196261489159800546058920713525826065997628196303730445491124836107755
2026-04-23T10:05:02.789362+00:00,2026-04-23T10:15:14.701172+00:00,momentum,"Solana Up or Down - April 23, 6:05AM-6:10AM ET",UP,Up,4.0,0.51,,LOSS,NO,-4.0,Down,0x3e12b952aa87a51272ac3db44e59afa8ff0962e94c624dd62280145fb358261b,67409136504959296240710780312394583427904299630253091260407059893579085464832
2026-04-23T10:05:02.816135+00:00,2026-04-23T10:15:14.743840+00:00,momentum,"Bitcoin Up or Down - April 23, 6:05AM-6:10AM ET",UP,Up,2.0,0.51,,LOSS,NO,-2.0,Down,0xe8c1bb096dab27a4e951d540712effd2c97af3eaab87cc63ce0fcb7ed6af6c16,92017832508231599206592325714219466691838203483441200185822589954025587865143
2026-04-23T10:05:10.772883+00:00,2026-04-23T10:15:14.914071+00:00,momentum,"XRP Up or Down - April 23, 6:05AM-6:10AM ET",DOWN,Down,4.0,0.58,,WIN,YES,2.8965517241379315,Down,0xc51254cad32fd8ed5e85d5ffff5872c91865512e0cdb8a18a2ca5850ccc9ce59,104385490655422402538971657783974577117209618566327816882353385398245387560194
2026-04-23T10:10:02.383578+00:00,2026-04-23T10:20:16.551829+00:00,momentum,"XRP Up or Down - April 23, 6:10AM-6:15AM ET",UP,Up,2.0,0.52,,LOSS,NO,-2.0,Down,0xe817cd5616ccc525f782fe02f294399142cadc63ccde8fb79b583908a0f229c6,12660035504131074703502518800555600536616896854763040493997474611774976338654
2026-04-23T10:10:01.126691+00:00,2026-04-23T10:21:17.148190+00:00,momentum,"Ethereum Up or Down - April 23, 6:10AM-6:15AM ET",UP,Up,2.0,0.525,,LOSS,NO,-2.0,Down,0x336c79c77afd496ca4823581ed386e6953f7a7f840b9489e64cebaf430c52ad4,23319221059559637719925373912514302164358857070444687810164402516584814238656
2026-04-23T10:10:01.105079+00:00,2026-04-23T10:22:17.632692+00:00,momentum,"Bitcoin Up or Down - April 23, 6:10AM-6:15AM ET",UP,Up,2.0,0.525,,LOSS,NO,-2.0,Down,0x27efafe7af97d804da92865dba82908f1e74cc70f27bf9830f397f0a2e31e9e0,67067117555851192254809823149633367038585501617214391908048891928690511276422
2026-04-23T10:10:02.433819+00:00,2026-04-23T10:22:17.670073+00:00,momentum,"Solana Up or Down - April 23, 6:10AM-6:15AM ET",UP,Up,4.0,0.51,,LOSS,NO,-4.0,Down,0xfbe299f20e6a7f95117ff94c260acae490be1b9c97c4f1205ec9eec6b3c16280,67021615944295926422754715719063238987853078436052896644126395541523348040116
2026-04-23T10:15:00.201082+00:00,2026-04-23T10:24:18.155996+00:00,momentum,"Bitcoin Up or Down - April 23, 6:15AM-6:20AM ET",UP,Up,4.0,0.525,,WIN,YES,3.6190476190476186,Up,0xb159fa76ac913338621c87e47d20188737937e184429a7fcd8a08fed6e8a8ed7,88735814096966818786547023387848995911389451076847964591577687752869591473674
2026-04-23T10:15:00.236951+00:00,2026-04-23T10:24:18.331543+00:00,momentum,"Ethereum Up or Down - April 23, 6:15AM-6:20AM ET",UP,Up,4.0,0.525,,WIN,YES,3.6190476190476186,Up,0x86c56bf1a9cbedfdd72b2dbf6d2142f99ba474f587648920cf484fc067ac143f,114943797492767201450108842068982221286409862279000955279472973303475855118576
2026-04-23T10:15:00.268696+00:00,2026-04-23T10:24:18.561408+00:00,momentum,"Solana Up or Down - April 23, 6:15AM-6:20AM ET",UP,Up,8.0,0.515,,WIN,YES,7.533980582524272,Up,0x4779207f2bed121c55e0f9b926193cca84bc9b119b124f9d24c4118f59cf1c67,112919994808872648416434158615769026362521773300723995438335045465816346125894
2026-04-23T10:15:01.431005+00:00,2026-04-23T10:24:18.762559+00:00,momentum,"XRP Up or Down - April 23, 6:15AM-6:20AM ET",UP,Up,4.0,0.52,,WIN,YES,3.6923076923076916,Up,0xa77279bf104321a73234075f900417388852d171cbdfc4bbb075126f7980ee86,4517605920744371920435622460443931687301097612124532310444162734349999007063
2026-04-23T10:20:00.516544+00:00,2026-04-23T10:29:22.154708+00:00,momentum,"Bitcoin Up or Down - April 23, 6:20AM-6:25AM ET",UP,Up,2.0,0.525,,WIN,YES,1.8095238095238093,Up,0x2c171fd045aa1fd8f7d798546b34321b32575078ef1e929323dfcc549b0bb9c4,79065806057205089946789169502923080472789710244075195062682596078491147345167
2026-04-23T10:20:00.539195+00:00,2026-04-23T10:29:22.193695+00:00,momentum,"XRP Up or Down - April 23, 6:20AM-6:25AM ET",UP,Up,2.0,0.515,,LOSS,NO,-2.0,Down,0x713df28fde277526cd80da37606d0be46b6c346784b3c2c0b0483f130b44092f,41345967825405267819286530362181051800091600662904875831561516942445843626083
2026-04-23T10:20:01.651484+00:00,2026-04-23T10:29:22.453824+00:00,momentum,"Solana Up or Down - April 23, 6:20AM-6:25AM ET",UP,Up,2.0,0.58,,WIN,YES,1.4482758620689657,Up,0x4a06dd8dfc8a0fd30dbd01bf1e961fcc114351c925fa7e0a13504ef4109e0053,83972627400837926730736680262081218275848782725575639931624057663961479028273
2026-04-23T10:20:00.565267+00:00,2026-04-23T10:30:22.947708+00:00,momentum,"Ethereum Up or Down - April 23, 6:20AM-6:25AM ET",UP,Up,2.0,0.52,,WIN,YES,1.8461538461538458,Up,0x31f078032542eab726b7045ed66188a9ec6517bb40292c731a8b83a32aafc6a7,74706755406039505914423101061022470285998251362467459823298711878010619280293
2026-04-23T10:25:00.506666+00:00,2026-04-23T10:35:26.756678+00:00,momentum,"Ethereum Up or Down - April 23, 6:25AM-6:30AM ET",UP,Up,4.0,0.52,,WIN,YES,3.6923076923076916,Up,0x1996234a7897b26902576a7f73e50bface376e4a74dbd2f4a70bea2170860d06,107101494181053856141933137596069144025318723503714124576309971124031997861653
2026-04-23T10:25:00.428918+00:00,2026-04-23T10:36:26.434501+00:00,momentum,"XRP Up or Down - April 23, 6:25AM-6:30AM ET",UP,Up,2.0,0.51,,WIN,YES,1.9215686274509802,Up,0xca622d853d92fe209a482b00fca282a0598ebe132efa5f69cea420d8412e2a3c,73354714306916943218807042960707362820439270048733279539621792148485443085447
2026-04-23T10:25:00.470485+00:00,2026-04-23T10:36:26.596816+00:00,momentum,"Solana Up or Down - April 23, 6:25AM-6:30AM ET",UP,Up,2.0,0.54,,WIN,YES,1.7037037037037033,Up,0x5c37f9edfc07c7925c2a03c8162765e16fe3e752a471e977c061ad67a79161cc,105719816868693730853376665079393715462275310948561507839686291529996589821330
2026-04-23T10:25:00.395047+00:00,2026-04-23T10:37:26.298001+00:00,momentum,"Bitcoin Up or Down - April 23, 6:25AM-6:30AM ET",UP,Up,4.0,0.53,,WIN,YES,3.547169811320754,Up,0x41812ebd6b4563d8fb3eeede80d6e71f7b364852fa3234f9fd6bb7221511a842,101111795259019045477526614360479440167507184579619044067001978987816014398353
2026-04-23T10:30:00.407233+00:00,2026-04-23T10:38:26.466283+00:00,momentum,"Ethereum Up or Down - April 23, 6:30AM-6:35AM ET",UP,Up,2.0,0.51,,WIN,YES,1.9215686274509802,Up,0x7f23a67b1c62ce791cec87d033112af5558f3a5685049b3c573af021a7a390bb,17746660095253375105059826279649732125604117990658965320845766435355022922091
2026-04-23T10:30:00.446223+00:00,2026-04-23T10:39:26.735348+00:00,momentum,"Solana Up or Down - April 23, 6:30AM-6:35AM ET",UP,Up,2.0,0.51,,WIN,YES,1.9215686274509802,Up,0x44c2c6895203447b4362e49a0aad12033d42bbbdd459f8559380cea39cf34e90,38871338778481336222132870891095744893923383195256055523335676758004782187558
2026-04-23T10:30:01.598227+00:00,2026-04-23T10:39:27.003006+00:00,momentum,"XRP Up or Down - April 23, 6:30AM-6:35AM ET",UP,Up,2.0,0.52,,WIN,YES,1.8461538461538458,Up,0x4e103fe1b53674c6db60aa63353d64b5bc09417728d4b8a4b0e330ad244fc142,565355370295076949595142402567546975973341719642533311764627474215994508653
2026-04-23T10:30:01.571930+00:00,2026-04-23T10:40:27.067818+00:00,momentum,"Bitcoin Up or Down - April 23, 6:30AM-6:35AM ET",UP,Up,2.0,0.51,,WIN,YES,1.9215686274509802,Up,0x4e40242b128337537e6dab3a2fbc8b6b0b696c2975b541789e0fb6fa4654c7d2,112427713394193992273742085136492780074592640667540766638478195310406758227422
2026-04-23T10:35:04.784703+00:00,2026-04-23T10:44:30.714197+00:00,momentum,"Solana Up or Down - April 23, 6:35AM-6:40AM ET",DOWN,Down,2.0,0.55,,LOSS,NO,-2.0,Up,0x6dd2b5d9537abcf6df282b67fd2ddb6ae29dcbbf468119b25225f278105305ca,106084480733887880432902972208391581159614919700958909926424474483268743328343
2026-04-23T10:35:00.393279+00:00,2026-04-23T10:45:31.119052+00:00,momentum,"XRP Up or Down - April 23, 6:35AM-6:40AM ET",UP,Up,2.0,0.51,,LOSS,NO,-2.0,Down,0x05a3cfb43f9ac7f772d5eeba06e85c1cf88a528ac78baf1f51e7831e69fce7b8,70940909862787634315143826792807768498375943637805490704581428586673802936124
2026-04-23T10:35:04.758023+00:00,2026-04-23T10:45:31.167884+00:00,momentum,"Bitcoin Up or Down - April 23, 6:35AM-6:40AM ET",DOWN,Down,2.0,0.52,,LOSS,NO,-2.0,Up,0x2f74b1bb394139a73d4e6b4597164f9781e8db8af7b5d017605267862b42d104,54436900213167928622874544105416895209137515577399925263690676761592541529882
2026-04-23T10:35:00.345319+00:00,2026-04-23T10:46:31.104540+00:00,momentum,"Ethereum Up or Down - April 23, 6:35AM-6:40AM ET",UP,Up,2.0,0.51,,LOSS,NO,-2.0,Down,0x93fc0c051c9a53aa410c8747f8d1fa745e440eabb4181ce628209a81d8722355,5336261232048278248203014822660091847577338214647335725159249647652286363462
2026-04-23T10:40:03.140263+00:00,2026-04-23T10:50:32.968606+00:00,momentum,"Bitcoin Up or Down - April 23, 6:40AM-6:45AM ET",DOWN,Down,2.0,0.53,,WIN,YES,1.773584905660377,Down,0x1d0bb2b81181e48733cc5dad3b63e12ba934d9e2c3063d1a33d40548aa75f60b,17600335319714628166587122583955891532079457850068675454615184914471419117959
2026-04-23T10:40:06.240524+00:00,2026-04-23T10:50:33.149140+00:00,momentum,"Ethereum Up or Down - April 23, 6:40AM-6:45AM ET",DOWN,Down,4.0,0.53,,WIN,YES,3.547169811320754,Down,0x71706644b73de2f7ac8f223c16e4625233beccd2d3d8ef121c2702e638bd45c1,105565043587967449006052306619256424996585307778047958394412223637595335000716
2026-04-23T10:40:00.846973+00:00,2026-04-23T10:51:33.346459+00:00,momentum,"XRP Up or Down - April 23, 6:40AM-6:45AM ET",UP,Up,4.0,0.51,,LOSS,NO,-4.0,Down,0x83cc16f4f5de452bdd603ae3e7d25d9164c31514a911e2d91bda71d1e9714d7e,52903659666816113841999102699691107797744973727305043178201591875778568970826
2026-04-23T10:40:00.875546+00:00,2026-04-23T10:51:33.396533+00:00,momentum,"Solana Up or Down - April 23, 6:40AM-6:45AM ET",UP,Up,2.0,0.51,,LOSS,NO,-2.0,Down,0x8226a2eeab260189cb2ccfddc82966540abfe05d517e84623f034d8e4f22bfaa,78245057889738476332739995573999343733108184066802159967992562945480375686343
2026-04-23T10:45:33.118795+00:00,2026-04-23T10:56:35.190644+00:00,momentum,"Bitcoin Up or Down - April 23, 6:45AM-6:50AM ET",UP,Up,2.0,0.74,,LOSS,NO,-2.0,Down,0x422d5376f8337b1689a99053340bd3574d4690ef56221f351893ece42756a20d,65663016092468180488486079314784088791438780612694204393845021243897001453907
2026-04-23T10:45:00.340061+00:00,2026-04-23T10:57:34.900796+00:00,momentum,"Solana Up or Down - April 23, 6:45AM-6:50AM ET",UP,Up,4.0,0.51,,LOSS,NO,-4.0,Down,0xf5da1d8060161cc8bc9b2af0b47daa5edb38e025e9ec6deefa16f61fb758f462,31739655486498075929382466194036087835881285971619915430953851639234962563316
2026-04-23T10:45:33.154808+00:00,2026-04-23T10:57:35.060963+00:00,momentum,"Ethereum Up or Down - April 23, 6:45AM-6:50AM ET",UP,Up,2.0,0.77,,WIN,YES,0.5974025974025974,Up,0xf32779e3cf9177a8fe27b007822179377ae8b59b3bf29cb9769474235a3b6ff5,79105185867896692908580219475925375788839196155233080500218726442218655817588
2026-04-23T10:45:33.178181+00:00,2026-04-23T10:58:34.976164+00:00,momentum,"XRP Up or Down - April 23, 6:45AM-6:50AM ET",UP,Up,8.0,0.66,,LOSS,NO,-8.0,Down,0xab294e768f2cd17cd7299a34884c9bdce0e39db38bcc9c9550828b787b8f7c0e,71345852714503304824964174431637237459771894292054596944513605529803778745863
2026-04-23T10:50:00.158044+00:00,2026-04-23T10:59:35.521450+00:00,momentum,"XRP Up or Down - April 23, 6:50AM-6:55AM ET",UP,Up,16.0,0.51,,LOSS,NO,-16.0,Down,0x8a283bc59f470a39e8d6a60baea544c39bb263ed76a572b78f30c92d03a6f3ac,108426315400093797282828008471540598639953358071963234055338032262252708109039
2026-04-23T10:50:01.250967+00:00,2026-04-23T10:59:35.747618+00:00,momentum,"Solana Up or Down - April 23, 6:50AM-6:55AM ET",UP,Up,8.0,0.54,,LOSS,NO,-8.0,Down,0x9c53fe0b111a940dff9125df51123088fa2592dae2f086a2c60131b66021f564,36346575580085549045057843414409413120192376388186363195773334194375103368513
2026-04-23T10:50:01.197235+00:00,2026-04-23T11:00:36.023078+00:00,momentum,"Bitcoin Up or Down - April 23, 6:50AM-6:55AM ET",UP,Up,4.0,0.51,,LOSS,NO,-4.0,Down,0x8a5afcafe242c21471da764e48c09076ce21bee3aab1ee08d605f164c23f21b5,95092161885878161581952042535862361824548566516831706206707248647969801395831
2026-04-23T10:50:00.106866+00:00,2026-04-23T11:01:35.814548+00:00,momentum,"Ethereum Up or Down - April 23, 6:50AM-6:55AM ET",UP,Up,4.0,0.515,,LOSS,NO,-4.0,Down,0x8857bc74d0078b01d4dac6d483fa0defab468fc48d9cfb8653d5ab649fca7335,96531982477804403588505492630923528274030956566776194132463577803735174513207
2026-04-23T10:55:11.749528+00:00,2026-04-23T11:05:38.191571+00:00,momentum,"XRP Up or Down - April 23, 6:55AM-7:00AM ET",DOWN,Down,2.0,0.52,,LOSS,NO,-2.0,Up,0xfcfd2b2d449aea5602b77462799dac4492fd353de358cc28738e0947713ad42a,20105984312503224910952570071063738489275005788286860845294699220046220175825
2026-04-23T10:55:00.119266+00:00,2026-04-23T11:06:38.110447+00:00,momentum,"Ethereum Up or Down - April 23, 6:55AM-7:00AM ET",UP,Up,8.0,0.515,,WIN,YES,7.533980582524272,Up,0x8af573b6aea40b58b92e9d19347c03a7488d2ba274f1e07b1dc7689bff814148,48603088905489591519629164314780337142733696717964810396142078564716186897489
2026-04-23T10:55:02.292270+00:00,2026-04-23T11:06:38.267985+00:00,momentum,"Bitcoin Up or Down - April 23, 6:55AM-7:00AM ET",UP,Up,8.0,0.53,,WIN,YES,7.094339622641508,Up,0x1d915c78efbcc3a2ec27f8220fc97d421e62ead220f7b4bc241730e383cb32a2,85155408026397407651418766050801355861860545166984468753770616433659887724115
2026-04-23T10:55:14.918528+00:00,2026-04-23T11:06:38.305669+00:00,momentum,"Solana Up or Down - April 23, 6:55AM-7:00AM ET",DOWN,Down,2.0,0.65,,LOSS,NO,-2.0,Up,0x91bc7b3bfcafee61553eb11eb5c7c2be50e55db967f62d494a47a7864c6ba003,32603815266496310689700464027361784061781596378127082528369351607980698274635
2026-04-23T11:00:00.863944+00:00,2026-04-23T11:08:39.171814+00:00,momentum,"Bitcoin Up or Down - April 23, 7:00AM-7:05AM ET",UP,Up,2.0,0.515,,WIN,YES,1.883495145631068,Up,0x23d2cd55b3e7a9696f810bd07ed330716c55b8c8b0d661c1d76c01e5ea398305,41447207943116402029752414192613729350435920349173617577952731993279880227765
2026-04-23T11:00:00.893039+00:00,2026-04-23T11:08:39.363979+00:00,momentum,"XRP Up or Down - April 23, 7:00AM-7:05AM ET",UP,Up,4.0,0.525,,WIN,YES,3.6190476190476186,Up,0x166d4913dd33f4f3855be52d8a2203c4815ab7f9d98481b0613270cf236b1cf0,30842985967178703215503916525560929164760329224636271987901007567160716215974
2026-04-23T11:00:02.078667+00:00,2026-04-23T11:08:39.520103+00:00,momentum,"Ethereum Up or Down - April 23, 7:00AM-7:05AM ET",UP,Up,2.0,0.59,,WIN,YES,1.3898305084745766,Up,0x3ef31f9275526d603cc8f9d31c4bcdae40947298fbec65102155705bc13ddb4c,22513704614241701940963028487357813362024162019817441873833107473417503071974
2026-04-23T11:00:02.166553+00:00,2026-04-23T11:09:39.706858+00:00,momentum,"Solana Up or Down - April 23, 7:00AM-7:05AM ET",UP,Up,4.0,0.58,,WIN,YES,2.8965517241379315,Up,0xb910042732a1b57d01f80c42527e05bb10a9c0fcbb843ed9d5a5da995b26d7a2,57083417496953489950519794878917389882795033354206073284269182783294907443342
2026-04-23T11:05:17.309097+00:00,2026-04-23T11:14:42.090242+00:00,momentum,"Solana Up or Down - April 23, 7:05AM-7:10AM ET",UP,Up,2.0,0.53,,LOSS,NO,-2.0,Down,0x051f352a260d2d8a9a92c6c2d74c334c6fd43d90c2f4b53e41303700a021315d,90220199968667594401617173642199625386996747732515409486825989486040925913833
2026-04-23T11:05:00.817862+00:00,2026-04-23T11:15:41.930840+00:00,momentum,"XRP Up or Down - April 23, 7:05AM-7:10AM ET",UP,Up,2.0,0.51,,WIN,YES,1.9215686274509802,Up,0x6a65f2e039b944b70e78d4290638d8631f1cc551cb9ff4f0b4e848777ac9bbc8,19529559915199813917659985357772469676481740574021285732253006304745410783404
2026-04-23T11:05:04.968157+00:00,2026-04-23T11:15:41.970132+00:00,momentum,"Ethereum Up or Down - April 23, 7:05AM-7:10AM ET",UP,Up,2.0,0.54,,LOSS,NO,-2.0,Down,0xa2fcca20923bf3ef4aad03739fbc27b91da32ba4d16943ebd0bd7aa8b3f73181,27752537381755336013204437179061073085277735989706203251514565966285384429782
2026-04-23T11:05:05.000064+00:00,2026-04-23T11:15:42.145891+00:00,momentum,"Bitcoin Up or Down - April 23, 7:05AM-7:10AM ET",DOWN,Down,2.0,0.51,,WIN,YES,1.9215686274509802,Down,0xa0527a34ce5ce6dfa6265702d320a9f1afe4296922e7c2136d3d0c43f5d7eca0,60064043094098001357320500862910879256770101823831721659360011507184752739152
2026-04-23T11:10:01.607021+00:00,2026-04-23T11:20:44.107798+00:00,momentum,"XRP Up or Down - April 23, 7:10AM-7:15AM ET",DOWN,Down,2.0,0.52,,WIN,YES,1.8461538461538458,Down,0x96ad3db704a33fd3664e60ff1e8bd469f26bdf3ced2edbbca974a0255cb7d746,54206594748305840286574149996497283883305450207557713010976892474408389142748
2026-04-23T11:10:20.098937+00:00,2026-04-23T11:20:44.542374+00:00,momentum,"Solana Up or Down - April 23, 7:10AM-7:15AM ET",UP,Up,4.0,0.51,,WIN,YES,3.8431372549019605,Up,0x7e05216ec532776bf80e0c76ad595ce71087b1c348d96a043e56af51ffbc67df,83396364491093971510072004648143263925209435163383214550359766952943173264085
2026-04-23T11:10:01.643126+00:00,2026-04-23T11:21:44.443577+00:00,momentum,"Ethereum Up or Down - April 23, 7:10AM-7:15AM ET",DOWN,Down,4.0,0.57,,LOSS,NO,-4.0,Up,0x6ad7b78fa0f7e55fb2516728c6c041656232fc13714c61e028d0164bc7173abc,29838947486458619301479766681848518175058209751304824189947757749847820860488
2026-04-23T11:10:07.795405+00:00,2026-04-23T11:21:44.599830+00:00,momentum,"Bitcoin Up or Down - April 23, 7:10AM-7:15AM ET",DOWN,Down,2.0,0.54,,WIN,YES,1.7037037037037033,Down,0xe2d5e02c47c8cc63115fbc30e8a8ec0d795f40170706ceb6579d4db29ba7e654,22267098755331385981828934613028241041995270640407654438357074358472359102193
2026-04-23T11:15:02.267847+00:00,2026-04-23T11:24:45.835724+00:00,momentum,"XRP Up or Down - April 23, 7:15AM-7:20AM ET",DOWN,Down,4.0,0.51,,LOSS,NO,-4.0,Up,0xeacc0000508fd8e2d2a2bff879878e795886fb2abc40833fc2150460a5f023bb,72461363271788581287413862836292447990349762018247818905666850124023892308362
2026-04-23T11:15:02.186719+00:00,2026-04-23T11:26:45.988773+00:00,momentum,"Bitcoin Up or Down - April 23, 7:15AM-7:20AM ET",DOWN,Down,2.0,0.52,,LOSS,NO,-2.0,Up,0x815ce91f52adfa308071019897393fa8d83b48042a681fe3808f72de8f0b4511,5850116226725788344193738490720796207318390224774140233776967882285950270751
2026-04-23T11:15:02.241309+00:00,2026-04-23T11:26:46.208230+00:00,momentum,"Solana Up or Down - April 23, 7:15AM-7:20AM ET",DOWN,Down,2.0,0.52,,LOSS,NO,-2.0,Up,0x5485e04f1a49c8fc627976c37bc651baeb6b40fb53f146c53d12d95394aa1b5d,104746028842280174737544952453778637792986542493811254620710043995813633381068
2026-04-23T11:15:02.214790+00:00,2026-04-23T11:27:46.242023+00:00,momentum,"Ethereum Up or Down - April 23, 7:15AM-7:20AM ET",DOWN,Down,2.0,0.51,,LOSS,NO,-2.0,Up,0x1a70b10238a3e496805fa6a46dd198a6a8b33a05efb51b901a990bbd12ac8d39,103642994641961540331050799392419697834915644951616566287467926034637087511346
2026-04-23T11:20:01.608194+00:00,2026-04-23T11:29:48.125090+00:00,momentum,"XRP Up or Down - April 23, 7:20AM-7:25AM ET",DOWN,Down,2.0,0.52,,LOSS,NO,-2.0,Up,0xe12c4eb4d0f792195aabc9b3b27636956fe5733f4ab54cb05dd5626b0e259f24,5863268762131034251427255442258629461058410308930224114967351486588459095944
2026-04-23T11:20:07.981656+00:00,2026-04-23T11:29:48.314948+00:00,momentum,"Ethereum Up or Down - April 23, 7:20AM-7:25AM ET",UP,Up,4.0,0.53,,WIN,YES,3.547169811320754,Up,0x45ddf4c1b30cccff37941afdbd393a168d4cb152d329fd2a3e69d9fa0dc5114b,20749659536574746268796409853559593470338149099038379251906964579406019700386
2026-04-23T11:20:00.308625+00:00,2026-04-23T11:30:47.531083+00:00,momentum,"Bitcoin Up or Down - April 23, 7:20AM-7:25AM ET",UP,Up,4.0,0.525,,WIN,YES,3.6190476190476186,Up,0xef3e69dd908df834e589624158e1e5a7b08b005df64e76909d339473da6469b6,85853366798006255472295154758629558237678219893204312368128522501240185792612
2026-04-23T11:20:01.551318+00:00,2026-04-23T11:30:47.570712+00:00,momentum,"Solana Up or Down - April 23, 7:20AM-7:25AM ET",DOWN,Down,2.0,0.51,,LOSS,NO,-2.0,Up,0x659981102fcfb43ad9f8038f05123b24a53d58c6995b8a6fa0973f48c99c9b0d,99842016324695686017454370303035015039733626252659436182833007536203070378116
2026-04-23T11:25:00.448671+00:00,2026-04-23T11:35:50.463360+00:00,momentum,"Ethereum Up or Down - April 23, 7:25AM-7:30AM ET",DOWN,Down,2.0,0.54,,WIN,YES,1.7037037037037033,Down,0xc276c83a92f5c3c2cc04e9db379a458c75249ba2407fd39a84f0b7bffbc760e0,42729903254896329955635567414479567077593830863451832171534307871494720764674
2026-04-23T11:25:00.524547+00:00,2026-04-23T11:35:50.760359+00:00,momentum,"Bitcoin Up or Down - April 23, 7:25AM-7:30AM ET",DOWN,Down,2.0,0.51,,WIN,YES,1.9215686274509802,Down,0x42337342d5e30569b38f88a14198ff9363b6ce32c3857b3ca7f304dd453a81ac,73875298135509959395369446058019951964046962619378828644874472816955224599765
2026-04-23T11:25:00.562131+00:00,2026-04-23T11:35:50.959363+00:00,momentum,"Solana Up or Down - April 23, 7:25AM-7:30AM ET",UP,Up,2.0,0.99,,WIN,YES,0.020202020202020332,Up,0xecef5bc889113805dc37c1b8268cb84ac4c9841638cc56d4e447762aa5e5bccf,65487393395264015783303734358871660506234946709172758511069450921618195466131
2026-04-23T11:25:00.486994+00:00,2026-04-23T11:36:50.884542+00:00,momentum,"XRP Up or Down - April 23, 7:25AM-7:30AM ET",UP,Up,4.0,0.99,,WIN,YES,0.040404040404040664,Up,0x898896ee13a747018e695c4cb1e3475f5feface089aaab2e448646134ad4c1b6,32156957713924741098277976667146472374463225934899798305251725923697291231785
2026-04-23T11:30:02.566576+00:00,2026-04-23T11:38:53.083122+00:00,momentum,"XRP Up or Down - April 23, 7:30AM-7:35AM ET",DOWN,Down,2.0,0.52,,WIN,YES,1.8461538461538458,Down,0xedbf6719c0bbea907f49809961dfb0246c29956d17ab243c77162756ac2e5cad,74366914202820388204052800501441538000757878250402014198585264449229030598936
2026-04-23T11:30:00.309820+00:00,2026-04-23T11:39:53.819394+00:00,momentum,"Ethereum Up or Down - April 23, 7:30AM-7:35AM ET",DOWN,Down,2.0,0.515,,WIN,YES,1.883495145631068,Down,0xc41742133dabfd6a758b844e5c54d39e803d2955fc7aab2d8fa18025a5ff535d,53599443075813514454197156190684801238422565071456875496503587474057333747496
2026-04-23T11:30:02.527668+00:00,2026-04-23T11:39:53.861122+00:00,momentum,"Bitcoin Up or Down - April 23, 7:30AM-7:35AM ET",UP,Up,2.0,0.55,,LOSS,NO,-2.0,Down,0xafd10431ebe70bb00dd7e5de91369096a8fa2cdaf978f7472451df65b3c98f94,30286126443343841732605254566800363323080288330363497225804570918704159167356
2026-04-23T11:30:11.915798+00:00,2026-04-23T11:39:54.018909+00:00,momentum,"Solana Up or Down - April 23, 7:30AM-7:35AM ET",DOWN,Down,2.0,0.56,,WIN,YES,1.5714285714285712,Down,0xc900179999bc3d42005eb1c1d797314b149d1e3dcc3f499fc935554773fa4fa9,97180206534623380630335143662246916892860515805546342941825374146995742741922
2026-04-23T11:35:07.425983+00:00,2026-04-23T11:44:57.375296+00:00,momentum,"Ethereum Up or Down - April 23, 7:35AM-7:40AM ET",UP,Up,2.0,0.53,,WIN,YES,1.773584905660377,Up,0x90e0e18e78453d20305ae17080c6a6db41e5c612d9fba135da1d03361f4ecd60,44777076742567870979304989555037588258199652461180857821373607380693041337452
2026-04-23T11:35:01.226459+00:00,2026-04-23T11:45:58.259212+00:00,momentum,"Bitcoin Up or Down - April 23, 7:35AM-7:40AM ET",UP,Up,4.0,0.52,,WIN,YES,3.6923076923076916,Up,0x5f6a813ca11ad9d35b434ecec343a649364cac693ab683ee58ec9ce98d280f0f,15491086963086909605992325477139270516310706008313041308960620550936170732849
2026-04-23T11:35:01.262080+00:00,2026-04-23T11:45:58.301114+00:00,momentum,"Solana Up or Down - April 23, 7:35AM-7:40AM ET",DOWN,Down,2.0,0.52,,LOSS,NO,-2.0,Up,0xcfdaf34145bc2b218dca363c38fc2428f66b3a07b9591c6a5abb495e894af659,31879770309542226396365376140041414022746415764201442589624617006329555606052
2026-04-23T11:35:16.706176+00:00,2026-04-23T11:45:58.462232+00:00,momentum,"XRP Up or Down - April 23, 7:35AM-7:40AM ET",UP,Up,2.0,0.54,,WIN,YES,1.7037037037037033,Up,0xc759ff33c5b710767590f04ede6eb09e448270520298c30710adf94168fd9e29,82182777057965342315032170245823923108231168430382039157062032036162487774236
2026-04-23T11:40:01.024738+00:00,2026-04-23T11:51:02.714201+00:00,momentum,"Ethereum Up or Down - April 23, 7:40AM-7:45AM ET",DOWN,Down,2.0,0.52,,LOSS,NO,-2.0,Up,0x13287f6dba8f8ce111ad6ddaf3a7af3b2719f00dd7777cd787b0cd32a6fa8fea,18191883743366498751543941360984463316695240414636905877810158618314296940081
2026-04-23T11:40:13.636438+00:00,2026-04-23T11:51:02.832793+00:00,momentum,"Solana Up or Down - April 23, 7:40AM-7:45AM ET",DOWN,Down,2.0,0.55,,LOSS,NO,-2.0,Up,0xb5d9933d53fadc6ca7547560a553f44377fb131a8c3490f101236611a1390d21,104899492513391692723868972650905157948023559996026395870933497906688380431340
2026-04-23T11:40:00.948953+00:00,2026-04-23T11:52:02.620936+00:00,momentum,"XRP Up or Down - April 23, 7:40AM-7:45AM ET",DOWN,Down,2.0,0.51,,LOSS,NO,-2.0,Up,0x396ade67cd98c31963c9408f78a6e7d3cd67982b35a89005ff99c1a422b6edac,55435387155270370363934256753013288157747007492767010995700939058055425725333
2026-04-23T11:40:00.981560+00:00,2026-04-23T11:52:02.766937+00:00,momentum,"Bitcoin Up or Down - April 23, 7:40AM-7:45AM ET",DOWN,Down,2.0,0.52,,LOSS,NO,-2.0,Up,0x85364942e2c6730ddd730791c213d6cb349b5f83e9db8b28e542cac93fba123b,608275884417281574928974446259576352722574208879258165693872535850466682492
2026-04-23T11:45:00.382536+00:00,2026-04-23T11:54:04.022903+00:00,momentum,"Bitcoin Up or Down - April 23, 7:45AM-7:50AM ET",DOWN,Down,4.0,0.53,,LOSS,NO,-4.0,Up,0x36bfbc622aff3855f592613ecd61ce11afd2e0eb57a1dc3d67bface4ef4e9ce7,51553926197455161737008121116666456756922800753353671332211329506566970558107
2026-04-23T11:45:00.420310+00:00,2026-04-23T11:54:04.119202+00:00,momentum,"Solana Up or Down - April 23, 7:45AM-7:50AM ET",DOWN,Down,4.0,0.51,,LOSS,NO,-4.0,Up,0xf97dc8825377cdfbd314d57d92bc21baf962321acbd12aa6af8e7a0a9c15b9bc,38712753615929426222254160996814695327512668887746726600703753042263757542366
2026-04-23T11:45:00.468050+00:00,2026-04-23T11:55:04.151230+00:00,momentum,"Ethereum Up or Down - April 23, 7:45AM-7:50AM ET",DOWN,Down,4.0,0.54,,LOSS,NO,-4.0,Up,0x8788e7bff20c3787cb30a41c9fed6a1fb00b3d29309e0151548fccd3645a11af,104045850334400917541016368485432659654274913178405851960158809805902033894153
2026-04-23T11:45:00.526446+00:00,2026-04-23T11:55:04.190050+00:00,momentum,"XRP Up or Down - April 23, 7:45AM-7:50AM ET",DOWN,Down,4.0,0.51,,LOSS,NO,-4.0,Up,0x5150b2dfdfeef1326acb3adc3300bc358d4e9ff8836ed5ae8ffbd04f987f28b0,81699421601347230627393393896012247377198514147436229101142489645769715808648
2026-04-23T11:50:00.234891+00:00,2026-04-23T12:00:07.357083+00:00,momentum,"Bitcoin Up or Down - April 23, 7:50AM-7:55AM ET",DOWN,Down,8.0,0.535,,LOSS,NO,-8.0,Up,0xb7f31b6ac373eed7872ddb9e753536dc078de19fbdabfeda0ae2184ae5e1acad,19547290733057726484810428663755783380204580728640143300484127180342703352515
2026-04-23T11:50:00.267388+00:00,2026-04-23T12:00:07.416102+00:00,momentum,"Ethereum Up or Down - April 23, 7:50AM-7:55AM ET",DOWN,Down,8.0,0.515,,LOSS,NO,-8.0,Up,0x55fc2726c7d96bb6fa3c5d491158d07ddc02a16e8de2adcc6142ce70e3a20312,51644430059530102156642181886482927766675287046586045549109682048041052144681
2026-04-23T11:50:04.425989+00:00,2026-04-23T12:00:07.608355+00:00,momentum,"Solana Up or Down - April 23, 7:50AM-7:55AM ET",DOWN,Down,8.0,0.52,,LOSS,NO,-8.0,Up,0x8338412ede52484cc505de236e984257556289665f97070068dbe56f8f4cac5b,80193430711741752956447936756041239422726145850802088798367881208651338081732
2026-04-23T11:50:00.300413+00:00,2026-04-23T12:01:07.411678+00:00,momentum,"XRP Up or Down - April 23, 7:50AM-7:55AM ET",DOWN,Down,8.0,0.515,,LOSS,NO,-8.0,Up,0xe3e2114f970cc629b02c738ffd287a9586f62c04fd20fd84dde063e41fc61597,57200192008973905619908815543561130457582178819197301949170379692644898567307
2026-04-23T11:55:00.827095+00:00,2026-04-23T12:06:09.832768+00:00,momentum,"Bitcoin Up or Down - April 23, 7:55AM-8:00AM ET",DOWN,Down,16.0,0.55,,LOSS,NO,-16.0,Up,0xfe5e69034dc955ba8e961f60e104fc0308c47d82e940cfae3dfa025cc1de93ef,20897028178507440193834426698078796189490490124506048951309499937096974717158
2026-04-23T11:55:00.882869+00:00,2026-04-23T12:06:10.000778+00:00,momentum,"Solana Up or Down - April 23, 7:55AM-8:00AM ET",DOWN,Down,16.0,0.58,,WIN,YES,11.586206896551726,Down,0xd49482644c75512754080eb4428e1451611e5c40a8b2a7da21970ccd69bad198,91571004509219295996053513282165172374661322635948230865350598476773925261668
2026-04-23T11:55:00.924614+00:00,2026-04-23T12:07:10.677490+00:00,momentum,"Ethereum Up or Down - April 23, 7:55AM-8:00AM ET",DOWN,Down,16.0,0.56,,WIN,YES,12.57142857142857,Down,0xaf104bf578578ec6b50d42a57f4d38d00eb23b6f40134cc348e1c6ed7e76feac,49966902311344105459422828611943475028501846539809901563056992094110875024925
2026-04-23T11:55:00.968749+00:00,2026-04-23T12:07:10.911609+00:00,momentum,"XRP Up or Down - April 23, 7:55AM-8:00AM ET",DOWN,Down,16.0,0.55,,WIN,YES,13.09090909090909,Down,0xed7f9237118ca33dad52ed054669ca405ca88d37dc1b2ba555159dfb4d509ad6,32764558859777972650437394886444063246042821463459820435570803513207790962336
2026-04-23T12:00:00.969150+00:00,2026-04-23T12:09:11.368211+00:00,momentum,"XRP Up or Down - April 23, 8:00AM-8:05AM ET",DOWN,Down,2.0,0.51,,LOSS,NO,-2.0,Up,0x20b9e219c80e988041e70fdc442685b2a3247cc24a0f980cded1f3dbfb297cd6,92514842625230322219098420456568239289187085399417663567390024292187126560527
2026-04-23T12:00:03.084804+00:00,2026-04-23T12:09:11.414047+00:00,momentum,"Ethereum Up or Down - April 23, 8:00AM-8:05AM ET",DOWN,Down,2.0,0.53,,LOSS,NO,-2.0,Up,0xe1344c3f7ca498823e9344968295d31077e82fde2028f37eec8646862a3b5ec3,15352075267265513817045229888120630796915530090525249101137329426350025399463
2026-04-23T12:00:03.188986+00:00,2026-04-23T12:09:11.580998+00:00,momentum,"Bitcoin Up or Down - April 23, 8:00AM-8:05AM ET",DOWN,Down,2.0,0.54,,LOSS,NO,-2.0,Up,0xb1c81935ffd0508eced488e7cc1d8e99bbbbcf3e45d00e463f4f03876a65288e,46550926340501725928303554017966860965176112480724222935877788574039841229322
2026-04-23T12:00:03.140228+00:00,2026-04-23T12:10:11.400180+00:00,momentum,"Solana Up or Down - April 23, 8:00AM-8:05AM ET",DOWN,Down,2.0,0.58,,LOSS,NO,-2.0,Up,0xedf3908af88de710f0b05ab0783af6dfe5709432f199dba41e1f75f910fe1a31,37418133084363582633810275569322383184149972692536309196563213731815315235095
2026-04-23T12:05:00.126066+00:00,2026-04-23T12:14:14.141137+00:00,momentum,"XRP Up or Down - April 23, 8:05AM-8:10AM ET",DOWN,Down,2.0,0.51,,LOSS,NO,-2.0,Up,0xed7d2d57ecd01343746cb04d71b97f1a79bf56e9e86a7830375dc97802611138,36293339013010320457950288404544387346453285655110409923455640546114413682530
2026-04-23T12:05:01.205397+00:00,2026-04-23T12:15:15.158477+00:00,momentum,"Bitcoin Up or Down - April 23, 8:05AM-8:10AM ET",DOWN,Down,2.0,0.55,,LOSS,NO,-2.0,Up,0x11755acf5a0783eed0c6752c1b49f6a3fbca43b7a1ee2ff8426a497d43d78173,4882152043287106541125250804069775414786296161011713361379364958468891994076
2026-04-23T12:05:01.232005+00:00,2026-04-23T12:15:15.369345+00:00,momentum,"Solana Up or Down - April 23, 8:05AM-8:10AM ET",DOWN,Down,2.0,0.59,,WIN,YES,1.3898305084745766,Down,0x57e4104949b04367bb85cbe3fe347dab3d0d9aa9a3597549ec28a4de0a7abcaf,25854942783077086611414672064370529363081814239504511338666586276728121391547
2026-04-23T12:05:00.159192+00:00,2026-04-23T12:16:15.687148+00:00,momentum,"Ethereum Up or Down - April 23, 8:05AM-8:10AM ET",DOWN,Down,2.0,0.51,,LOSS,NO,-2.0,Up,0xa8237f0cf7c2a5a9d3d2dfc524884418ee57d55764e9e82b553424406a649a80,68170694757678709302706286932206601561175969600790980969203628200725014417759
2026-04-23T12:10:00.936658+00:00,2026-04-23T12:21:19.511144+00:00,momentum,"Bitcoin Up or Down - April 23, 8:10AM-8:15AM ET",DOWN,Down,2.0,0.525,,WIN,YES,1.8095238095238093,Down,0x99ac9f27754f8b739a30660e9324f657073c03e9ba2224cf3eed0260d0bbbee9,1250088795515505478856678021276340806380663320262198722779827902486754181997
2026-04-23T12:10:03.072042+00:00,2026-04-23T12:21:19.546325+00:00,momentum,"Solana Up or Down - April 23, 8:10AM-8:15AM ET",DOWN,Down,2.0,0.58,,LOSS,NO,-2.0,Up,0x888bdfc4fa41a843fec79ba3cfceb00b050a0874a1364bc9e58e8b9422e93340,13319988062901421794225350895516482019423929471610501037644595913580484490464
2026-04-23T12:10:06.222951+00:00,2026-04-23T12:21:19.729383+00:00,momentum,"XRP Up or Down - April 23, 8:10AM-8:15AM ET",DOWN,Down,4.0,0.53,,LOSS,NO,-4.0,Up,0x16dde09f4d6abc4c40b1c2818501f7983377fe20ea669a2756914e4fac6b6472,37702250736304652839070949126557897251912171669354757545093862262306759971037
2026-04-23T12:10:03.106780+00:00,2026-04-23T12:22:19.436175+00:00,momentum,"Ethereum Up or Down - April 23, 8:10AM-8:15AM ET",DOWN,Down,4.0,0.53,,LOSS,NO,-4.0,Up,0xf09445893b8591db17ba3bdb6fcadc738ab6a5fc37d38a4bf9b5b07f02755ce4,35708277339095630950773801232857670928804743262803926299311708427172505767867
2026-04-23T12:15:03.221701+00:00,2026-04-23T12:23:20.847937+00:00,momentum,"Ethereum Up or Down - April 23, 8:15AM-8:20AM ET",DOWN,Down,8.0,0.53,,WIN,YES,7.094339622641508,Down,0x959d2a8c6483de31018a858cbcffd83e36d702767e574f1cb22b462517926395,82313427696950653945791868649433960362310163279632311989301481895980296867123
2026-04-23T12:15:03.073621+00:00,2026-04-23T12:24:21.047875+00:00,momentum,"Bitcoin Up or Down - April 23, 8:15AM-8:20AM ET",DOWN,Down,2.0,0.55,,WIN,YES,1.6363636363636362,Down,0x249ff94534e81c247473eb8e85386f5f833a94edcede8f17c440f16465e04c03,70914400775732416146740569364230447788794828433269065372095863522853822247658
2026-04-23T12:15:03.152611+00:00,2026-04-23T12:24:21.267724+00:00,momentum,"XRP Up or Down - April 23, 8:15AM-8:20AM ET",DOWN,Down,8.0,0.59,,WIN,YES,5.559322033898306,Down,0x42005d141dbc2ab5fb3127a22d1aab0f35b167869f25f839ed6ed4764a19c5b4,53095149536726442637217859850426277517198150054637286676964014318981145537598
2026-04-23T12:15:03.186396+00:00,2026-04-23T12:24:21.309577+00:00,momentum,"Solana Up or Down - April 23, 8:15AM-8:20AM ET",DOWN,Down,4.0,0.53,,LOSS,NO,-4.0,Up,0x6942f93fe1f691e0c859471fe9a682e86a68927438ad60be0fd198a857e69d7e,110615656747996849627213035912129790203401187425427086583419417521606487368048
2026-04-23T12:20:00.987015+00:00,2026-04-23T12:30:24.385644+00:00,momentum,"Bitcoin Up or Down - April 23, 8:20AM-8:25AM ET",DOWN,Down,2.0,0.52,,LOSS,NO,-2.0,Up,0xef4f35fd3ad7eb8a9ad4ee8a17c1369a705990e7b2940c03afb596a4dfeb97b5,86357752559283641910116750476315429421743285619536035792397673963073728679525
2026-04-23T12:20:01.022858+00:00,2026-04-23T12:30:24.432964+00:00,momentum,"XRP Up or Down - April 23, 8:20AM-8:25AM ET",DOWN,Down,2.0,0.52,,LOSS,NO,-2.0,Up,0x9945be5f194aa935a9688f14748ef42a999a8276678800663089096cf019ea3e,53524583950082916048398896651291990998692164365426086180008268545317453507351
2026-04-23T12:20:01.056219+00:00,2026-04-23T12:30:24.480947+00:00,momentum,"Ethereum Up or Down - April 23, 8:20AM-8:25AM ET",DOWN,Down,2.0,0.53,,LOSS,NO,-2.0,Up,0xcaa2fa1c911584f5a3d783dcb3b46203387d46a794482a1ea7b1c0c271ca4e54,55937283489096027988483556556105786860362601371159828026121505635677946092960
2026-04-23T12:20:01.091181+00:00,2026-04-23T12:30:24.669855+00:00,momentum,"Solana Up or Down - April 23, 8:20AM-8:25AM ET",DOWN,Down,2.0,0.58,,WIN,YES,1.4482758620689657,Down,0xa14e5cf2c6dbb0517a6cf5662d1e7c154afacae50c68fb2265b7fd28ac222bd5,67265207278126116304705790809180397555118394737547471443548685635846161167319
2026-04-23T12:25:01.027004+00:00,2026-04-23T12:35:27.256264+00:00,momentum,"XRP Up or Down - April 23, 8:25AM-8:30AM ET",DOWN,Down,4.0,0.59,,LOSS,NO,-4.0,Up,0xd2b126ae34bbd24d6a8891229fac7fe475a8aa0dd6bf3cac60c0f216e0bc8a5f,43032012201578966465470884241549280888382516703863291917369690216812204234066
2026-04-23T12:25:00.936731+00:00,2026-04-23T12:36:27.184218+00:00,momentum,"Bitcoin Up or Down - April 23, 8:25AM-8:30AM ET",UP,Up,2.0,0.55,,WIN,YES,1.6363636363636362,Up,0xeddd56a4e8a3097d34260b8a6f907201c8268409edff64daea65b6a1dcdc7731,58626444933615750094286789222920097608721039540461695354283680238378172858899
2026-04-23T12:25:00.967328+00:00,2026-04-23T12:36:27.333388+00:00,momentum,"Ethereum Up or Down - April 23, 8:25AM-8:30AM ET",UP,Up,2.0,0.51,,WIN,YES,1.9215686274509802,Up,0x30eb63ee97cb96faf9917f6c80a874c2d504fc0b480be78b1667bea3ffef5c5f,24503922303665513383361006408744033792752002268373903929045215241308555182348
2026-04-23T12:25:00.994455+00:00,2026-04-23T12:36:27.496702+00:00,momentum,"Solana Up or Down - April 23, 8:25AM-8:30AM ET",DOWN,Down,2.0,0.59,,WIN,YES,1.3898305084745766,Down,0xf4060a5a1506ef55558d710b31df110f705db527ad4f3fa5f53299063736361c,54073402561233704491613869708094914106389146610853058910115546140047727235626
2026-04-23T12:30:03.896338+00:00,2026-04-23T12:38:28.911280+00:00,momentum,"XRP Up or Down - April 23, 8:30AM-8:35AM ET",DOWN,Down,2.0,0.53,,LOSS,NO,-2.0,Up,0xbeee124ea9a48a0534a5855f5122db2e7e300c250b2896379fff2d2013612410,97867671386486153410986562341551892756932297566246747870507188978957277396276
2026-04-23T12:30:03.925597+00:00,2026-04-23T12:38:29.137558+00:00,momentum,"Solana Up or Down - April 23, 8:30AM-8:35AM ET",DOWN,Down,2.0,0.57,,WIN,YES,1.5087719298245617,Down,0x61bc6559d5fd1f7304f9c3bd3be5a71b44450fa945cc78794fb0221d9957b939,38007591359894470910356436559968068829923500732613647053996789351119223227771
2026-04-23T12:30:00.705051+00:00,2026-04-23T12:39:28.726187+00:00,momentum,"Ethereum Up or Down - April 23, 8:30AM-8:35AM ET",DOWN,Down,2.0,0.51,,WIN,YES,1.9215686274509802,Down,0xff18ac32d496c29c1971106a34fb3c5445ff3ec10be03dfd1b414b3058b2910f,76110545747482350910590812308011643396056319483735315320554675710389350372259
2026-04-23T12:30:03.863002+00:00,2026-04-23T12:39:28.900227+00:00,momentum,"Bitcoin Up or Down - April 23, 8:30AM-8:35AM ET",DOWN,Down,4.0,0.51,,WIN,YES,3.8431372549019605,Down,0xd478d6b9e9e1f101782ac93182ebf1c951dd2685112596c4ed39f14924147f26,6323221838196524942814804330897226939071929561133857979014711782364329850146
2026-04-23T12:35:02.923504+00:00,2026-04-23T12:45:31.328743+00:00,momentum,"Solana Up or Down - April 23, 8:35AM-8:40AM ET",DOWN,Down,2.0,0.54,,LOSS,NO,-2.0,Up,0x076a2ebe6fbf2a04c933fedc1b90d39ce3f8eabc17124659b6ada4d78ed33527,114380757473872540885077218426896216933319212421761521650061604492833143243211
2026-04-23T12:35:02.966483+00:00,2026-04-23T12:45:31.367233+00:00,momentum,"Ethereum Up or Down - April 23, 8:35AM-8:40AM ET",DOWN,Down,2.0,0.52,,LOSS,NO,-2.0,Up,0x2b55a3ac27b8f0470dfa11af15bfbf41ae06885f600e5ef1e4779d2761f7f180,35928171263029272274534728018121263227194474814646589377014000555022478718756
2026-04-23T12:35:03.004507+00:00,2026-04-23T12:45:31.412799+00:00,momentum,"Bitcoin Up or Down - April 23, 8:35AM-8:40AM ET",DOWN,Down,2.0,0.52,,LOSS,NO,-2.0,Up,0x1457566a0f7eb9869486e2487eeadb9d30c6ee5ce5f790f84f4d35b488373980,73280962951825457429495655387800633449092922800780804750923403503762260413320
2026-04-23T12:35:06.104479+00:00,2026-04-23T12:45:31.454423+00:00,momentum,"XRP Up or Down - April 23, 8:35AM-8:40AM ET",DOWN,Down,4.0,0.52,,LOSS,NO,-4.0,Up,0x9c12e6d528eb905e54072a45bb1d7856f93997267ae69fa530b236f571005b63,49395813664932084900874012391931566696580816930896120194293950601127488462505
2026-04-23T12:40:00.297575+00:00,2026-04-23T12:50:34.230663+00:00,momentum,"Bitcoin Up or Down - April 23, 8:40AM-8:45AM ET",DOWN,Down,2.0,0.51,,WIN,YES,1.9215686274509802,Down,0x8ffa669e3a11cfd74387edf0a94b23a842204b6f3f90d5305ed0dc505010053e,18694842757923982652239847305252988495187306006888469376605270497311985802135
2026-04-23T12:40:00.392019+00:00,2026-04-23T12:50:34.525537+00:00,momentum,"XRP Up or Down - April 23, 8:40AM-8:45AM ET",UP,Up,8.0,0.99,,LOSS,NO,-8.0,Down,0x662d6154f696dbd5e27a5fe8630932b5af350400b9caa92aeb322d8e61ee50e5,91886900495846058036939851279710058805096917525649846786961264834098945948751
2026-04-23T12:40:00.328366+00:00,2026-04-23T12:51:34.958070+00:00,momentum,"Ethereum Up or Down - April 23, 8:40AM-8:45AM ET",UP,Up,2.0,0.99,,LOSS,NO,-2.0,Down,0xd9557754eca4b576f192dc8b51939c97f5059e6f526b082b5b21d9e8069d63a8,78014264981110442139624367679547841293708246927487475320723828544511524867608
2026-04-23T12:40:00.359851+00:00,2026-04-23T12:51:34.990879+00:00,momentum,"Solana Up or Down - April 23, 8:40AM-8:45AM ET",UP,Up,4.0,0.99,,LOSS,NO,-4.0,Down,0x84544fefdde191526dc242b55a5aef71a0469a1c3d1c017abe9bf3a237ac4878,99699789804920586871754707421209986959144500914029333845524082083992964027482
2026-04-23T12:45:01.913961+00:00,2026-04-23T12:53:37.193335+00:00,momentum,"Bitcoin Up or Down - April 23, 8:45AM-8:50AM ET",DOWN,Down,2.0,0.52,,WIN,YES,1.8461538461538458,Down,0xc127011149697a5fadbf480d92c14e388c25e56ccd9f319e6f20954777fcd6f5,63618502281756067651743677530850645388182687903016326278685423717410564284531
2026-04-23T12:45:05.136553+00:00,2026-04-23T12:53:37.381373+00:00,momentum,"Solana Up or Down - April 23, 8:45AM-8:50AM ET",UP,Up,8.0,0.66,,LOSS,NO,-8.0,Down,0x819b181c020a22afed419d740c8376b2827cfe5f2f5a43e987fc066758564871,74873468659413220189465572678935962522145116362317034562900826200389807191392
2026-04-23T12:45:05.053043+00:00,2026-04-23T12:54:37.566744+00:00,momentum,"Ethereum Up or Down - April 23, 8:45AM-8:50AM ET",UP,Up,4.0,0.58,,LOSS,NO,-4.0,Down,0xf562438760581851b70b6d88679b14d6520f6193a7380915eb39d00272d6242c,13016749455165887767349828833681668254979791139191375263719346026522616286779
2026-04-23T12:45:08.844308+00:00,2026-04-23T12:54:37.611123+00:00,momentum,"XRP Up or Down - April 23, 8:45AM-8:50AM ET",UP,Up,16.0,0.64,,LOSS,NO,-16.0,Down,0xde7207fe3c423de0242b3af4b34adfb6242a49369115a21292370a405a8820a4,20438647242148191846765502877876411157076249089279081126085723879360712311451
2026-04-23T12:50:00.594464+00:00,2026-04-23T12:59:41.103858+00:00,momentum,"Ethereum Up or Down - April 23, 8:50AM-8:55AM ET",UP,Up,8.0,0.525,,WIN,YES,7.238095238095237,Up,0x7185f240e401d699608a8868f35cf5b8b81a1c98059343f17463404664b7842d,109971025055557565547563542661163432145089030087311903070569488404056915343058
2026-04-23T12:50:02.687386+00:00,2026-04-23T12:59:41.142282+00:00,momentum,"Solana Up or Down - April 23, 8:50AM-8:55AM ET",DOWN,Down,16.0,0.58,,LOSS,NO,-16.0,Up,0x64de5614a8fef245beebccb90fe920b04180fdb17f1e9201ddb1b5c52a040dad,96668794854203887830858696879628514574800695924520713365208063581330664933956
2026-04-23T12:50:05.786935+00:00,2026-04-23T13:00:41.948174+00:00,momentum,"XRP Up or Down - April 23, 8:50AM-8:55AM ET",DOWN,Down,32.0,0.51,,WIN,YES,30.745098039215684,Down,0xb75ffc3875f79244178f6940857b0db43fcc71a6f163730ff95b2e289397efe5,4843042841831501636795253745790429911241955839419563318333210304798498472656
2026-04-23T12:50:15.007615+00:00,2026-04-23T13:00:42.129288+00:00,momentum,"Bitcoin Up or Down - April 23, 8:50AM-8:55AM ET",UP,Up,2.0,0.54,,WIN,YES,1.7037037037037033,Up,0xb2fdf453c8751e7629eea24f9aa15c99a546be318570d2d3212d65ca28de223e,74255470389768716178263520867317106103870504804836628150651874886434062274887
2026-04-23T12:55:02.217253+00:00,2026-04-23T13:05:44.766964+00:00,momentum,"Solana Up or Down - April 23, 8:55AM-9:00AM ET",UP,Up,32.0,0.51,,WIN,YES,30.745098039215684,Up,0x8991b73ad9754f1e66a5e81feea69e84e31c14f70e3e3441a2b0136e2ad9688e,58114987497591730200328703157295486633296803327449246008052500448423137161774
2026-04-23T12:55:01.118843+00:00,2026-04-23T13:06:44.726710+00:00,momentum,"Ethereum Up or Down - April 23, 8:55AM-9:00AM ET",UP,Up,2.0,0.51,,WIN,YES,1.9215686274509802,Up,0x8c3c5b87f048e3cc44594e9fb313bdd403ff1eb9eb02e0dc68e65caa3b2c8ac4,99167423797729613565872069944947796582598111891451932291830976204453737455281
2026-04-23T12:55:01.150324+00:00,2026-04-23T13:06:44.873314+00:00,momentum,"Bitcoin Up or Down - April 23, 8:55AM-9:00AM ET",UP,Up,2.0,0.51,,WIN,YES,1.9215686274509802,Up,0x0bd5d6abb499ebf0e7b01ae0aaeee73b7212185ab18dd2aa3369bc3274ce736c,47303872285526289689609216662192702679286418452239646536578942759569622859458
2026-04-23T12:55:02.186226+00:00,2026-04-23T13:06:45.054487+00:00,momentum,"XRP Up or Down - April 23, 8:55AM-9:00AM ET",UP,Up,2.0,0.55,,WIN,YES,1.6363636363636362,Up,0x20d88b60ee81591890a14fec10c6fda1aeb615347fe5d9fd98356e3b63b02511,81547595603551530651232164755011965809027288500538089119979848112383016527299
2026-04-23T13:00:00.609264+00:00,2026-04-23T13:08:46.526739+00:00,momentum,"Ethereum Up or Down - April 23, 9:00AM-9:05AM ET",UP,Up,2.0,0.515,,WIN,YES,1.883495145631068,Up,0x467152049370496ee27e69679b3044eb10cd35bf302791b7b07b211487cc4b65,54495590366184541315221419087014363317013755318374985520319133940481683218642
2026-04-23T13:00:02.781455+00:00,2026-04-23T13:08:46.708397+00:00,momentum,"Bitcoin Up or Down - April 23, 9:00AM-9:05AM ET",DOWN,Down,2.0,0.51,,WIN,YES,1.9215686274509802,Down,0x45bcbc1c312fc853bf2d30176ca2c7e0becef3b2977b5ee3520cf48e1b8f2af6,52837946666355424211854126218869420900974752427982804937280824106266000810109
2026-04-23T13:00:00.562741+00:00,2026-04-23T13:09:46.381445+00:00,momentum,"Solana Up or Down - April 23, 9:00AM-9:05AM ET",UP,Up,2.0,0.515,,WIN,YES,1.883495145631068,Up,0xe159f1efb2cb093aa9a61088163bc3758fb6324797d709db2c78cda04dd37efa,111889931156379036887070853874505894066177943358509684340353370584117214134067
2026-04-23T13:00:09.240917+00:00,2026-04-23T13:09:46.567182+00:00,momentum,"XRP Up or Down - April 23, 9:00AM-9:05AM ET",UP,Up,2.0,0.51,,WIN,YES,1.9215686274509802,Up,0xd666b001262701521b92835f6864aa265a95c3d6091fd9bad99f5d0631a32828,112150276305957889179612063850978929622744643028193013766047407868127199014439
2026-04-23T13:05:01.740535+00:00,2026-04-23T13:14:49.891377+00:00,momentum,"Bitcoin Up or Down - April 23, 9:05AM-9:10AM ET",DOWN,Down,2.0,0.51,,WIN,YES,1.9215686274509802,Down,0xf20d270eff0c78ce44ebe077c61c2eb8152e27893802a1d540360c022bc1dce1,48790269944739332856209295207217963680642403932363469826258208946266435285473
2026-04-23T13:05:01.700972+00:00,2026-04-23T13:15:50.152906+00:00,momentum,"Ethereum Up or Down - April 23, 9:05AM-9:10AM ET",UP,Up,2.0,0.51,,LOSS,NO,-2.0,Down,0xdec49f8c0f3850f098f5b116cf5c6f876d43693964bdf3eb0490f0d9f10bf8e0,115720414971126760075867238083877136533878646788716282476091612116017924274979
2026-04-23T13:05:04.824437+00:00,2026-04-23T13:15:50.373725+00:00,momentum,"Solana Up or Down - April 23, 9:05AM-9:10AM ET",DOWN,Down,2.0,0.52,,WIN,YES,1.8461538461538458,Down,0xc17fb032656f500eb7e9a0d3718ab88734c5dd3026feea79f5a839e5484b2eb7,42425062607096507032326016312505370992906023064957765637434833498630193114404
2026-04-23T13:05:04.853933+00:00,2026-04-23T13:15:50.415961+00:00,momentum,"XRP Up or Down - April 23, 9:05AM-9:10AM ET",DOWN,Down,2.0,0.52,,LOSS,NO,-2.0,Up,0xd0c3c13e8ec1e91f5da5a148ebef670287733a6b14f54ef6309bec449380738c,28944692279955872926860732305703223571668958333962522358945050951940093613646
2026-04-23T13:10:05.818135+00:00,2026-04-23T13:20:53.830157+00:00,momentum,"Bitcoin Up or Down - April 23, 9:10AM-9:15AM ET",DOWN,Down,4.0,0.55,,WIN,YES,3.2727272727272725,Down,0xe1babbf4493d8ce55bcf6dc5ce750a24ebc8855347c9e91e3a4100b0dfcca9f4,61653496025879697890831089910061926918002104846660944612884976992390689356862
2026-04-23T13:10:05.747516+00:00,2026-04-23T13:21:54.090040+00:00,momentum,"XRP Up or Down - April 23, 9:10AM-9:15AM ET",DOWN,Down,4.0,0.52,,WIN,YES,3.6923076923076916,Down,0x7e2a8a38a9da71d30a2d75f3ac3517b163b2b12cbf953750c1ce3c5a9b6f24de,17814239629975957648352593425170428799780200465443184964443602311821914936744
2026-04-23T13:10:05.783963+00:00,2026-04-23T13:21:54.412440+00:00,momentum,"Ethereum Up or Down - April 23, 9:10AM-9:15AM ET",DOWN,Down,4.0,0.53,,WIN,YES,3.547169811320754,Down,0xa90650da9bd5d115bf9bea1996c7d36d0f3d7201699792deac8eda3215f8cc14,63021286211773977438992529444750336279150322139556887117569811736289804246781
2026-04-23T13:10:08.904560+00:00,2026-04-23T13:21:54.677964+00:00,momentum,"Solana Up or Down - April 23, 9:10AM-9:15AM ET",DOWN,Down,2.0,0.51,,WIN,YES,1.9215686274509802,Down,0x0e254e08c8ab2550de50f55c1c41676591fd834147d1e031e42c155d52bbb599,96923654286066554929552128478963841068167272001347587899591024594254516305350
2026-04-23T13:15:01.207093+00:00,2026-04-23T13:23:56.229087+00:00,momentum,"Bitcoin Up or Down - April 23, 9:15AM-9:20AM ET",UP,Up,2.0,0.54,,WIN,YES,1.7037037037037033,Up,0x36e0b552509b14a12f0e82c13a09bfc5b09d92616bad7bd042f56563adc6eb4c,87603588340144985945718908190925488173853783873773340530867561179537653013466
2026-04-23T13:15:01.329040+00:00,2026-04-23T13:23:56.885687+00:00,momentum,"Solana Up or Down - April 23, 9:15AM-9:20AM ET",DOWN,Down,2.0,0.54,,WIN,YES,1.7037037037037033,Down,0x403aadf106fab35685ff3df4e5903535a9328bac8f5d9dd46839d971aebfa9c4,5223419318346985174012070788978787927074629978777707154246669333254457094139
2026-04-23T13:15:01.288768+00:00,2026-04-23T13:25:56.931707+00:00,momentum,"XRP Up or Down - April 23, 9:15AM-9:20AM ET",UP,Up,2.0,0.58,,LOSS,NO,-2.0,Down,0x3b0179d81f1e5b114bf048e0a027044d53efeebee1d4408760d8f60b204985c3,62749733884760894651752731391599032363052746545855215663158041457771903383471
2026-04-23T13:15:01.247390+00:00,2026-04-23T13:26:57.402099+00:00,momentum,"Ethereum Up or Down - April 23, 9:15AM-9:20AM ET",UP,Up,2.0,0.55,,LOSS,NO,-2.0,Down,0x47c950e71e641d6c1c2fb6d30d2ce56147428ff8802878acdb420e38a9dbdc8a,26476735713572779767270416206684246751035404463743461581332815714227592234134
2026-04-23T13:20:07.594791+00:00,2026-04-23T13:28:59.024104+00:00,momentum,"XRP Up or Down - April 23, 9:20AM-9:25AM ET",UP,Up,4.0,0.51,,LOSS,NO,-4.0,Down,0x59c52d6a81c18c47a536c21a0676d6fddef87d450d2faf529721fd692e4c522e,111680025081226439457082674860540165155305197289037710906407745836353598674415
2026-04-23T13:20:01.308500+00:00,2026-04-23T13:29:59.057704+00:00,momentum,"Bitcoin Up or Down - April 23, 9:20AM-9:25AM ET",DOWN,Down,2.0,0.52,,LOSS,NO,-2.0,Up,0x8b406df7cd04789834c0789d3ad84bcd5f580636f8114d67fd1db3b3ba7ac6ba,103414473646882633784002684934552022516187682638431993147257686317364117223576
2026-04-23T13:20:01.354821+00:00,2026-04-23T13:29:59.229832+00:00,momentum,"Solana Up or Down - April 23, 9:20AM-9:25AM ET",UP,Up,2.0,0.51,,WIN,YES,1.9215686274509802,Up,0x0b5b01f1e5959d5518f83e3f62d263cdc5ad32b71939afff792a87b8ab5ce640,98175044724608966204957034824857855053733193062804700526421474884754129385987
2026-04-23T13:20:01.262256+00:00,2026-04-23T13:30:59.370025+00:00,momentum,"Ethereum Up or Down - April 23, 9:20AM-9:25AM ET",UP,Up,4.0,0.53,,WIN,YES,3.547169811320754,Up,0x9057cb54871dc75661462f88edf938967f273bf4d1e6fa41cb39fea5108fc9d5,32012419612199156132001062164317935360012679039213340227063115863128346456073
2026-04-23T13:25:00.267427+00:00,2026-04-23T13:35:01.259756+00:00,momentum,"Bitcoin Up or Down - April 23, 9:25AM-9:30AM ET",UP,Up,4.0,0.52,,LOSS,NO,-4.0,Down,0x70e54df8cd9a1147a66ee51592a7b11265316b0415fa4d787bcfb9fe5a22bc27,86956715849280392824820103235913938588562758499856100376702654935919949609209
2026-04-23T13:25:00.235551+00:00,2026-04-23T13:36:01.326749+00:00,momentum,"Solana Up or Down - April 23, 9:25AM-9:30AM ET",UP,Up,2.0,0.52,,LOSS,NO,-2.0,Down,0xcd5f2f855159721533b5ac1e104ba753c738d2bd5fcc6270558670c891489edc,91582350658630396191027598359227803156823573187365870204235377084483494337737
2026-04-23T13:25:09.507973+00:00,2026-04-23T13:36:01.492219+00:00,momentum,"XRP Up or Down - April 23, 9:25AM-9:30AM ET",DOWN,Down,8.0,0.51,,WIN,YES,7.686274509803921,Down,0x3e9c15da4fb8fcfe6f76161f191695b59f2f8190bc7b614eef2a0da8b66e76fc,113693542165766824014359644304781893361645399331255831273979867385335083103506
2026-04-23T13:25:00.201435+00:00,2026-04-23T13:37:01.652722+00:00,momentum,"Ethereum Up or Down - April 23, 9:25AM-9:30AM ET",UP,Up,2.0,0.53,,LOSS,NO,-2.0,Down,0xbead194502e1b316d282bdab3fd1860e763fd7b8bf01ec1109fa4c44fd6ed62b,2805009215191774107333704895119778854274859415290406274501480904148627294939
2026-04-23T13:30:00.797044+00:00,2026-04-23T13:39:02.480670+00:00,momentum,"Bitcoin Up or Down - April 23, 9:30AM-9:35AM ET",UP,Up,8.0,0.515,,WIN,YES,7.533980582524272,Up,0xfc59399d2e0e1c9610d8909daa25d004fdc62c098abf653178b5199ac1beb0fa,46106706109163326123484506876964736183802228191995828100610416324755324984783
2026-04-23T13:30:00.936026+00:00,2026-04-23T13:39:03.139729+00:00,momentum,"Solana Up or Down - April 23, 9:30AM-9:35AM ET",UP,Up,4.0,0.51,,WIN,YES,3.8431372549019605,Up,0x256c9de471661804195bb67b7b2a74d34de5684193d864e308dffdf8cd0ef279,13265452825719492087445707622533109866049743797842926036968897881199794785089
2026-04-23T13:30:02.187909+00:00,2026-04-23T13:39:03.313134+00:00,momentum,"XRP Up or Down - April 23, 9:30AM-9:35AM ET",UP,Up,2.0,0.54,,WIN,YES,1.7037037037037033,Up,0x8ddba8f9eb2a2af364440ffe21b68e9602eda90526115414a7aa02c50d9b3d4a,89969925466332236893825582668942018285102767924632603133964767599929614259912
2026-04-23T13:30:00.849640+00:00,2026-04-23T13:40:03.373386+00:00,momentum,"Ethereum Up or Down - April 23, 9:30AM-9:35AM ET",UP,Up,4.0,0.51,,WIN,YES,3.8431372549019605,Up,0xd03ed4e8ecd3951a317234a6ece2725a5b96328265a6ea7dc4fa376866f148c0,59050769519364271808502910383411612105149201432903219319447670679837581515174
2026-04-23T13:35:00.867832+00:00,2026-04-23T13:45:05.570650+00:00,momentum,"Bitcoin Up or Down - April 23, 9:35AM-9:40AM ET",UP,Up,2.0,0.52,,LOSS,NO,-2.0,Down,0x5586b9fa6387fbb75f9af87b43595d6da7b4cf8e35068e1e24eb8fc4ba38a492,109396620440739578640769652515343113015284376710530637413098327619500733327851
2026-04-23T13:35:00.908068+00:00,2026-04-23T13:45:05.612544+00:00,momentum,"Solana Up or Down - April 23, 9:35AM-9:40AM ET",UP,Up,2.0,0.53,,LOSS,NO,-2.0,Down,0x75af00a8a5905920060f2893e740359e052f1898ee65b216161b331460996c30,65134553337501746918484020901391865592058360446371975458299244661189070485172
2026-04-23T13:35:04.387295+00:00,2026-04-23T13:45:05.674593+00:00,momentum,"Ethereum Up or Down - April 23, 9:35AM-9:40AM ET",UP,Up,8.0,0.55,,LOSS,NO,-8.0,Down,0x0e341c09b49a86c31a27d4ae0c3a0672e2f20276f545d83b9f82e7904c5f7078,83900307114041796063410107355742704080704373533191487155708028904565518282964
2026-04-23T13:35:07.514756+00:00,2026-04-23T13:46:06.558954+00:00,momentum,"XRP Up or Down - April 23, 9:35AM-9:40AM ET",UP,Up,2.0,0.53,,WIN,YES,1.773584905660377,Up,0xd47c91b9229b5678350acb7f1997241e33cbfc285e27b19cea7062526ade5df4,112775682334708295650811878983104851124679392312055997038485566042574360042864
2026-04-23T13:40:00.898156+00:00,2026-04-23T13:51:07.776547+00:00,momentum,"XRP Up or Down - April 23, 9:40AM-9:45AM ET",UP,Up,2.0,0.51,,LOSS,NO,-2.0,Down,0xc6802a961f991d343a3632a48b2228994ddf58ff554731a0e106541617a2b696,33542780102888389369211226571226758436505155421445415406876157432619077765993
2026-04-23T13:40:00.989107+00:00,2026-04-23T13:51:08.120203+00:00,momentum,"Solana Up or Down - April 23, 9:40AM-9:45AM ET",UP,Up,2.0,0.51,,WIN,YES,1.9215686274509802,Up,0xe981ebc593072a69192e627d162201b0f8586e5519ad5e3757fae53dc1434da0,83668206724538890355165573544805014484697618916908294486622589224348860155108
2026-04-23T13:40:00.848395+00:00,2026-04-23T13:52:08.181956+00:00,momentum,"Bitcoin Up or Down - April 23, 9:40AM-9:45AM ET",UP,Up,4.0,0.515,,LOSS,NO,-4.0,Down,0xe18e1d3c3b7fa32333b16aec0343ba9f868e4fbc2cf935821e51b9b08b43af01,85733036134941621101284492687746230247863442381110024276082752817495969802866
2026-04-23T13:40:00.943662+00:00,2026-04-23T13:52:08.231267+00:00,momentum,"Ethereum Up or Down - April 23, 9:40AM-9:45AM ET",UP,Up,16.0,0.525,,LOSS,NO,-16.0,Down,0xcadf80694caa0fb1c659bd17100e8adff231be8d3439a9e557aed15ce497aa4f,64203366014555540292721538651802774115389680496937152889836842525968831282835
2026-04-23T13:45:01.041088+00:00,2026-04-23T13:53:08.296386+00:00,momentum,"XRP Up or Down - April 23, 9:45AM-9:50AM ET",UP,Up,4.0,0.51,,WIN,YES,3.8431372549019605,Up,0xfaf0ed0413042ebb19292ccf6290993ab9a4a648d64edc2ed4d48e8ad07ce81f,100345054187444006278472877713385755139632727275687131542278388798814017407865
2026-04-23T13:45:00.996075+00:00,2026-04-23T13:54:08.969089+00:00,momentum,"Ethereum Up or Down - April 23, 9:45AM-9:50AM ET",UP,Up,32.0,0.515,,WIN,YES,30.135922330097088,Up,0x9f4f3e5da6c716d4388ac436046af8409c9c72154423798c675fe476b3df6a8f,56619001087273384629307219279559574565926199385115826217299494836810043271342
2026-04-23T13:45:01.082216+00:00,2026-04-23T13:55:09.987574+00:00,momentum,"Solana Up or Down - April 23, 9:45AM-9:50AM ET",UP,Up,2.0,0.51,,WIN,YES,1.9215686274509802,Up,0xcc7c66c0a700c11235edb08d049d3b531ee6602371536bdac32238d6b3259227,17509801677468189475723733961802264595779721283723110068664557415056291674496
2026-04-23T13:45:02.501310+00:00,2026-04-23T13:55:10.033443+00:00,momentum,"Bitcoin Up or Down - April 23, 9:45AM-9:50AM ET",DOWN,Down,4.0,0.53,,LOSS,NO,-4.0,Up,0xd2461da33e9c9ed2d16784b65f9cf59a09927c6a96bd64cb75fafea17c6a117b,100196119258846361870288530097150863558929497482718859634578963297983215742842
2026-04-23T13:50:00.936296+00:00,2026-04-23T13:59:13.024008+00:00,momentum,"Solana Up or Down - April 23, 9:50AM-9:55AM ET",UP,Up,2.0,0.51,,LOSS,NO,-2.0,Down,0x6e1088bbfd006f0ce904e79e563a472d81d25f4189621ff463ca0f0eecd5a044,91605801131247381859923544589712063665701706704008949133754573541885335051021
2026-04-23T13:50:00.877526+00:00,2026-04-23T14:00:13.242856+00:00,momentum,"Bitcoin Up or Down - April 23, 9:50AM-9:55AM ET",UP,Up,8.0,0.515,,LOSS,NO,-8.0,Down,0xd55ea8b040854c38206604cbfb9da76e4d84b978519cd0c8667e7c7a8d21a568,27822960906125057845399072668614119180769161624208196641254576241869028281202
2026-04-23T13:50:01.039786+00:00,2026-04-23T14:00:13.511238+00:00,momentum,"XRP Up or Down - April 23, 9:50AM-9:55AM ET",UP,Up,2.0,0.51,,LOSS,NO,-2.0,Down,0x04575cbe7d2587f294a33c5b025ca5f201edce921b7faa28e9d1e27fd6f261d2,13378113505552258489541265499410587855387814103431494605001302827936817311797
2026-04-23T13:50:00.983700+00:00,2026-04-23T14:01:13.442878+00:00,momentum,"Ethereum Up or Down - April 23, 9:50AM-9:55AM ET",UP,Up,2.0,0.525,,LOSS,NO,-2.0,Down,0xfc8d652f4ace96b0aeedef20796a5726a7c9574645c5f8b18c0e1b05c2e2b0e2,71657454843224976121032090634345586246506698490661573857340405669782732136384
2026-04-23T13:55:33.283177+00:00,2026-04-23T14:05:16.028770+00:00,momentum,"Solana Up or Down - April 23, 9:55AM-10:00AM ET",DOWN,Down,4.0,0.51,,LOSS,NO,-4.0,Up,0x465510166bfca5822eeab9de7b6d96259f5fa8424718472361af82a85a6ae546,110665734849677351280259211376964549608304137840998794952665203832286480971242
2026-04-23T13:55:00.356638+00:00,2026-04-23T14:06:16.063919+00:00,momentum,"Ethereum Up or Down - April 23, 9:55AM-10:00AM ET",UP,Up,4.0,0.535,,WIN,YES,3.4766355140186915,Up,0x1bf4ecac99311ec49d663e4fadd11b1ef16debc9b826dcc735455c87c18f3bf7,61360823772345223753607149822136514018291704200291390752843046458537832682883
2026-04-23T13:55:39.488563+00:00,2026-04-23T14:06:16.355029+00:00,momentum,"Bitcoin Up or Down - April 23, 9:55AM-10:00AM ET",UP,Up,16.0,0.52,,WIN,YES,14.769230769230766,Up,0x1ca6dd6da8a98034a477006ce02ff8fa769aa9f5cd426912bc237dbe77cb9604,87185329536980502284584754694282080784952452295624640255556311627512220752836
2026-04-23T13:55:33.325729+00:00,2026-04-23T14:07:16.990000+00:00,momentum,"XRP Up or Down - April 23, 9:55AM-10:00AM ET",DOWN,Down,4.0,0.57,,LOSS,NO,-4.0,Up,0x7da582e5e2554cdb9b605675363182ab3d5af53aa09e07f960be30a8c69aacdb,81203258537238346725629666972415793387542462085789713071997656800199182853627
2026-04-23T14:00:00.843632+00:00,2026-04-23T14:08:17.385393+00:00,momentum,"Bitcoin Up or Down - April 23, 10:00AM-10:05AM ET",UP,Up,2.0,0.515,,WIN,YES,1.883495145631068,Up,0x688d175a21f9969ff734bb019bc2015e20c88f2c6f85881c9d4761db24da3789,50209496221472680847699183448936623023589290975229021518794647877999742582862
2026-04-23T14:00:02.230965+00:00,2026-04-23T14:09:17.101896+00:00,momentum,"Ethereum Up or Down - April 23, 10:00AM-10:05AM ET",DOWN,Down,2.0,0.56,,LOSS,NO,-2.0,Up,0xae9d56e7d9e3a74bf6e949d95445244a9307d372417b74923721624c126abdb9,68405217202477072150352598316544834515889498933285998747592952564816170883635
2026-04-23T14:00:05.658734+00:00,2026-04-23T14:09:17.154769+00:00,momentum,"XRP Up or Down - April 23, 10:00AM-10:05AM ET",DOWN,Down,4.0,0.68,,LOSS,NO,-4.0,Up,0x6e0d403513e406b6591e9c8a8a248db0f79cdf5955dc1ce38f12c670721df023,73389780396726179503885492528823626359936622768348963403886614071018917779472
2026-04-23T14:00:05.725444+00:00,2026-04-23T14:09:17.197260+00:00,momentum,"Solana Up or Down - April 23, 10:00AM-10:05AM ET",DOWN,Down,4.0,0.68,,LOSS,NO,-4.0,Up,0x01622a6c1e13d6203b74a3fb42674f3199b7fc40ba88d61ca05d30d159cfe993,104765824488119820313986799052448910449927846819704014175277020712398107005431
2026-04-23T14:05:00.946321+00:00,2026-04-23T14:14:21.054928+00:00,momentum,"Ethereum Up or Down - April 23, 10:05AM-10:10AM ET",UP,Up,4.0,0.52,,LOSS,NO,-4.0,Down,0xab6f5d0234a9b85382be412145fbc5f11dcff16e4862204223b92483b81030ec,42930011177566735296963579313331947623824426320735588417815609956477779925443
2026-04-23T14:05:06.243800+00:00,2026-04-23T14:14:21.246362+00:00,momentum,"XRP Up or Down - April 23, 10:05AM-10:10AM ET",DOWN,Down,16.0,0.6,,WIN,YES,10.666666666666668,Down,0xe1b3da9aeb0c4b4d07aa08bc5ac01ea6000a8b56f083cd3957efe4e7f874cc24,13331181775141248519538447402683854958576195049342052071873557680021647432450
2026-04-23T14:05:06.295729+00:00,2026-04-23T14:15:21.755739+00:00,momentum,"Solana Up or Down - April 23, 10:05AM-10:10AM ET",DOWN,Down,4.0,0.66,,WIN,YES,2.0606060606060606,Down,0x55d0a24cf60ff75b3d139073769e9ff00a68964df421c33d495a0785db9bb4f5,72786199659777133081034455590402207689800754366752243856617341082892952365937
2026-04-23T14:05:00.902048+00:00,2026-04-23T14:16:21.880254+00:00,momentum,"Bitcoin Up or Down - April 23, 10:05AM-10:10AM ET",UP,Up,2.0,0.515,,WIN,YES,1.883495145631068,Up,0x371aaa29e543c4f6f5f593cf0ad171e7c52d0550cbc7f7b5ae375ec55974b135,298432909148124922787039192317605791639437776166352473943639972471485077486
2026-04-23T14:10:03.039533+00:00,2026-04-23T14:20:23.577321+00:00,momentum,"Bitcoin Up or Down - April 23, 10:10AM-10:15AM ET",DOWN,Down,4.0,0.51,,WIN,YES,3.8431372549019605,Down,0xe2e1d41445af8b011f0132ca3a6c92587041b3b5ad2781ce43c821cf85321ad3,71421075243573831368290599852684405605766950894015928389899963830506176014281
2026-04-23T14:10:00.869060+00:00,2026-04-23T14:21:23.794092+00:00,momentum,"Ethereum Up or Down - April 23, 10:10AM-10:15AM ET",UP,Up,8.0,0.515,,LOSS,NO,-8.0,Down,0xb7b171d76c60f37b8df8b3238cd9699caa40f7afdb7558c0d6d876e37c80eb73,98081527662011620393349886000883813567349316562661960510468529311131386684823
2026-04-23T14:10:00.911065+00:00,2026-04-23T14:21:24.000734+00:00,momentum,"XRP Up or Down - April 23, 10:10AM-10:15AM ET",DOWN,Down,2.0,0.525,,WIN,YES,1.8095238095238093,Down,0x5d3d5487a5b4c103154b8b56e66662067c51f44c87b15d979f5b2880d4c7da67,13690398005026070951799908659732279791937773757320873768233649016892580115821
2026-04-23T14:10:09.359863+00:00,2026-04-23T14:21:24.047587+00:00,momentum,"Solana Up or Down - April 23, 10:10AM-10:15AM ET",UP,Up,2.0,0.52,,LOSS,NO,-2.0,Down,0x813ddedb309e68a9a8102855b399069e958fa3d5708e2be8ac690d40926df8f1,57891302136655407339448806806137674686886504826864174791965235281799944322092
2026-04-23T14:15:01.002290+00:00,2026-04-23T14:26:26.614050+00:00,momentum,"Bitcoin Up or Down - April 23, 10:15AM-10:20AM ET",UP,Up,2.0,0.51,,LOSS,NO,-2.0,Down,0x96d523863ccc5be5d33d9df96b2b59b5a296685311b2061fae4fcf69e1d01c3d,113344890094811337756417918569192379357753528833448806570511916708392377249840
2026-04-23T14:15:04.435262+00:00,2026-04-23T14:26:26.888729+00:00,momentum,"Ethereum Up or Down - April 23, 10:15AM-10:20AM ET",UP,Up,16.0,0.59,,LOSS,NO,-16.0,Down,0xe641d12bbfd032f59a02f458708a153b5120b6c0099d2a3f483e058c121fb4a8,15337882339758457162601730170334605698346933233003817558217707761316273532135
2026-04-23T14:15:01.055977+00:00,2026-04-23T14:27:27.001122+00:00,momentum,"Solana Up or Down - April 23, 10:15AM-10:20AM ET",UP,Up,4.0,0.52,,LOSS,NO,-4.0,Down,0x69abd329fd3cbdb6d2b50f3bd063b4a1b23e9ccb89de5475b1793c5152c52377,68484133175885685537969935846931147533831136781724254158347890809934575356483
2026-04-23T14:15:13.709929+00:00,2026-04-23T14:28:27.717520+00:00,momentum,"XRP Up or Down - April 23, 10:15AM-10:20AM ET",UP,Up,2.0,0.51,,LOSS,NO,-2.0,Down,0x4cb48f40478a5579f165b708c402b6abb5324732abacefbd582b874643be1908,113500048565625836524493224424000440049867739956951395600136229116662018506454
2026-04-23T14:20:02.593344+00:00,2026-04-23T14:30:28.527072+00:00,momentum,"Bitcoin Up or Down - April 23, 10:20AM-10:25AM ET",DOWN,Down,4.0,0.54,,LOSS,NO,-4.0,Up,0x1df891e1767e8a8f9351a84d86511c6a1b3211ee6ddbec991f60d867dd1fcc42,73576991881410260602907628107973259495157074251929123606102437786857914367393
2026-04-23T14:20:08.867728+00:00,2026-04-23T14:30:28.721436+00:00,momentum,"Solana Up or Down - April 23, 10:20AM-10:25AM ET",UP,Up,8.0,0.54,,WIN,YES,6.814814814814813,Up,0x072062621c95419c5be4b4338701ea27a3d6b1a8da73038d1431aa1f33d95778,42602011008628359904281697627006043842941533762048141859072468376209348227772
2026-04-23T14:20:18.209787+00:00,2026-04-23T14:30:28.920109+00:00,momentum,"XRP Up or Down - April 23, 10:20AM-10:25AM ET",UP,Up,2.0,0.61,,WIN,YES,1.278688524590164,Up,0x456188293c6cc5704270390ec6d5045995e414c2747df50c31eb3fc9304d72b4,44098825295506281553080119465989346659202529266634480446317211602108600925685
2026-04-23T14:20:02.535197+00:00,2026-04-23T14:31:28.767656+00:00,momentum,"Ethereum Up or Down - April 23, 10:20AM-10:25AM ET",DOWN,Down,2.0,0.55,,LOSS,NO,-2.0,Up,0x43867040800dcf51e97804957de7ac2aa8fd889d9fda9a172209e7c380f82413,80677023921225174015615357236844692274651265166929705300371182146704759728296
2026-04-23T14:25:00.396401+00:00,2026-04-23T14:36:31.644131+00:00,momentum,"Solana Up or Down - April 23, 10:25AM-10:30AM ET",UP,Up,2.0,0.525,,LOSS,NO,-2.0,Down,0x5ede235e13e688bb00d53c54dd3cc26a6a5bbe1b137fd934971e5d684ede65bb,32689458107639732432694830062622333698358787744465118393903475726193262623929
2026-04-23T14:25:02.607803+00:00,2026-04-23T14:36:32.038210+00:00,momentum,"XRP Up or Down - April 23, 10:25AM-10:30AM ET",DOWN,Down,2.0,0.6,,WIN,YES,1.3333333333333335,Down,0x41642d443e2e4bded3588076418b6a537c69847907209066d8a89e2d61f2a8e1,96270453958190855758525351137415139362425160307935308693545685046550888313871
2026-04-23T14:25:02.643809+00:00,2026-04-23T14:36:32.210870+00:00,momentum,"Ethereum Up or Down - April 23, 10:25AM-10:30AM ET",DOWN,Down,4.0,0.55,,WIN,YES,3.2727272727272725,Down,0x59706e6885572eb62ea7342a786d3ace26145a6e57a51cecde2799534597fedc,3261853746644950846987492444369242750346221147834217418749290906432239495419
2026-04-23T14:25:02.572091+00:00,2026-04-23T14:37:32.300030+00:00,momentum,"Bitcoin Up or Down - April 23, 10:25AM-10:30AM ET",DOWN,Down,4.0,0.56,,WIN,YES,3.1428571428571423,Down,0x94713c673165cf817ffa079703e70c99a1c79cd769368bcbeb967cefdf1cc14d,81788663955233183698972131416288062437079394215147930965545288663769660955838
2026-04-23T14:30:00.442901+00:00,2026-04-23T14:38:32.968274+00:00,momentum,"XRP Up or Down - April 23, 10:30AM-10:35AM ET",UP,Up,2.0,0.51,,WIN,YES,1.9215686274509802,Up,0xd49783a8b14f7108787cec329413997ccf8a305f76cd04b96a1dfbc52ccb7743,92710312127256201522906556478792573854560805039130073004837618778213070278383
2026-04-23T14:30:01.624783+00:00,2026-04-23T14:38:33.017236+00:00,momentum,"Bitcoin Up or Down - April 23, 10:30AM-10:35AM ET",DOWN,Down,2.0,0.52,,LOSS,NO,-2.0,Up,0xd494219c9cbe243b2b27770ebf51adb13084ca17f617ca1eea48eda71f239493,99361353878985078692769642068568601486009424030752154129480647581571986399925
2026-04-23T14:30:01.716259+00:00,2026-04-23T14:38:33.061758+00:00,momentum,"Ethereum Up or Down - April 23, 10:30AM-10:35AM ET",DOWN,Down,8.0,0.52,,LOSS,NO,-8.0,Up,0x072d037dbef4aa8f80ea6d080ee1ab418c863e634a972213d1b61d29fa624426,82059402742807496511565906040239129603808215552702767233701618334850375996211
2026-04-23T14:30:01.801380+00:00,2026-04-23T14:38:33.230046+00:00,momentum,"Solana Up or Down - April 23, 10:30AM-10:35AM ET",UP,Up,4.0,0.53,,WIN,YES,3.547169811320754,Up,0xe013a4305c6fa84d7e2d6e72a827775e640a8caacc5c2ce32d8ad1d761171d4f,61400739029871711609562884811584833075624030080115266577893726321301673623971
2026-04-23T14:35:03.108273+00:00,2026-04-23T14:44:39.487382+00:00,momentum,"Solana Up or Down - April 23, 10:35AM-10:40AM ET",UP,Up,2.0,0.56,,WIN,YES,1.5714285714285712,Up,0xe9f1a227e007df0c3801051ac3f6b934da2d8673aa8c1eb5c58406aa5fae8daa,908301409952199996944953180830340322805689063557330964422831788930720679400
2026-04-23T14:35:00.821224+00:00,2026-04-23T14:45:39.488212+00:00,momentum,"XRP Up or Down - April 23, 10:35AM-10:40AM ET",DOWN,Down,2.0,0.51,,LOSS,NO,-2.0,Up,0xff863bb169440cb2d1c4782fee5a9d8251b233371634a518e3efd0648648d1a3,56859242071395849462574517361143079205616515975616711909826207847304900149968
2026-04-23T14:35:03.029911+00:00,2026-04-23T14:45:39.541294+00:00,momentum,"Bitcoin Up or Down - April 23, 10:35AM-10:40AM ET",DOWN,Down,2.0,0.53,,LOSS,NO,-2.0,Up,0xc3f1af810fe32c30d5715aa9adf7757bf624a9e4a626e87fc45b799d60c5c1be,16750938131548438196095794765691077863028256113091389945999393533047886219612
2026-04-23T14:35:03.068971+00:00,2026-04-23T14:45:39.578311+00:00,momentum,"Ethereum Up or Down - April 23, 10:35AM-10:40AM ET",DOWN,Down,16.0,0.54,,LOSS,NO,-16.0,Up,0x68fe3213b48819fc954f887e6546cb0de0aa2e2d700cff06f24b05d8cca5dc61,115214502319353192235261308898820506705839344783999909490377043411514607489557
2026-04-23T14:40:00.237414+00:00,2026-04-23T14:50:42.696888+00:00,momentum,"XRP Up or Down - April 23, 10:40AM-10:45AM ET",DOWN,Down,4.0,0.515,,WIN,YES,3.766990291262136,Down,0xde43f4eabca54f1f5f2a8de6dbf2677765e23cbd8b2953cbcf3403ba3a7f9557,94606490088830549401608547629386105063080327712951627496708648701382336904292
2026-04-23T14:40:01.408376+00:00,2026-04-23T14:50:42.740367+00:00,momentum,"Solana Up or Down - April 23, 10:40AM-10:45AM ET",DOWN,Down,2.0,0.51,,LOSS,NO,-2.0,Up,0x8b00adb413925c4a9ea1852e16cecdecb820f1cb17bea87b9c322182736befb5,8274856286301064322041033190356998289999488187682700197031798740064998279220
2026-04-23T14:40:01.454893+00:00,2026-04-23T14:50:42.793552+00:00,momentum,"Bitcoin Up or Down - April 23, 10:40AM-10:45AM ET",DOWN,Down,2.0,0.52,,LOSS,NO,-2.0,Up,0x26fcbb636dc9947f4f309304f115b701e94d9dee58f4fcdc7411314e51f038a8,112009977523486100541004402268912983968949773251219791511442714966237050405033
2026-04-23T14:40:04.585906+00:00,2026-04-23T14:51:43.486243+00:00,momentum,"Ethereum Up or Down - April 23, 10:40AM-10:45AM ET",UP,Up,32.0,0.53,,WIN,YES,28.37735849056603,Up,0xb52c4b50a56f144b64635f3aeba170cd9ad7336982c531695b75a27f1566a4cb,2003012143181365524313878664876813048650908708616444662162097357603226787144
2026-04-23T14:45:00.579950+00:00,2026-04-23T14:54:44.962010+00:00,momentum,"Ethereum Up or Down - April 23, 10:45AM-10:50AM ET",DOWN,Down,2.0,0.53,,WIN,YES,1.773584905660377,Down,0x6feb9bad305280a633f4454f03eac86f5cb306cb8d988e9d7b8ff8b1ce455828,19434707902977656448360382595285688857443177442456769287943503055568568340547
2026-04-23T14:45:00.621994+00:00,2026-04-23T14:54:45.009552+00:00,momentum,"XRP Up or Down - April 23, 10:45AM-10:50AM ET",DOWN,Down,2.0,0.52,,LOSS,NO,-2.0,Up,0xb4f63e7164209d390facad64894e4d3bcdda1ff699a343cec50ea3242bc458fd,102310346732010989073152059362319059637128112862200747121844665680816307619621
2026-04-23T14:45:07.127450+00:00,2026-04-23T14:54:45.171022+00:00,momentum,"Solana Up or Down - April 23, 10:45AM-10:50AM ET",UP,Up,4.0,0.54,,WIN,YES,3.4074074074074066,Up,0x88366a62a48a836273133e464f32f531446a2a986f30186ba159aacf5bcedb24,68700759384359710721132250327269887374180134876928845656247890679415746313249
2026-04-23T14:45:00.530579+00:00,2026-04-23T14:57:46.828554+00:00,momentum,"Bitcoin Up or Down - April 23, 10:45AM-10:50AM ET",DOWN,Down,4.0,0.53,,WIN,YES,3.547169811320754,Down,0x88ac8c6e59443c3b0bd50559e7180afe51b81adddd5fe3057e994ee402af58a4,14123969253810041815439395304152591997239383433020232823410725773749983250137
2026-04-23T14:50:00.303941+00:00,2026-04-23T14:59:48.768541+00:00,momentum,"Ethereum Up or Down - April 23, 10:50AM-10:55AM ET",DOWN,Down,2.0,0.51,,LOSS,NO,-2.0,Up,0xc00380ed993123eefb9a2393540dc13b514e02f290f67c94c28c9de4dffcdfbf,32126454589069441442971705268898266179107976951799742101286560543151835126711
2026-04-23T14:50:01.392541+00:00,2026-04-23T14:59:48.931694+00:00,momentum,"Bitcoin Up or Down - April 23, 10:50AM-10:55AM ET",DOWN,Down,2.0,0.54,,LOSS,NO,-2.0,Up,0x0ce4ed03e1657fadface6432378e71f581dc35512878514859f2d6cd9bfddb47,74530918788461347253099450986573668779805446297563959400671438260370849777714
2026-04-23T14:50:01.429285+00:00,2026-04-23T14:59:49.108632+00:00,momentum,"Solana Up or Down - April 23, 10:50AM-10:55AM ET",UP,Up,2.0,0.99,,WIN,YES,0.020202020202020332,Up,0x3aceaa1d91befef6832b735c308c1291a76cdab519f70b732f9a0907010380c8,4980714319418229245323589472303001030812179415457572632619782370545685626693
2026-04-23T14:50:00.351068+00:00,2026-04-23T15:00:49.478243+00:00,momentum,"XRP Up or Down - April 23, 10:50AM-10:55AM ET",DOWN,Down,2.0,0.51,,LOSS,NO,-2.0,Up,0xcf70c117a846e7dff17acd13ee1d7f23ea283f4bda551c7790f9d14d5ab1f1b8,107586627401183597931847635923585923282538454276483002771349772344287373839240
2026-04-23T14:55:02.345673+00:00,2026-04-23T15:05:52.214376+00:00,momentum,"Solana Up or Down - April 23, 10:55AM-11:00AM ET",DOWN,Down,2.0,0.53,,WIN,YES,1.773584905660377,Down,0x2aeaaad9dc3bcc658d62ace41f4395b32c7f1d7acb390f985d4ee1c971be6bbb,63167156568826897132987532554544890257744462718743019099564173395514293880200
2026-04-23T14:55:01.113109+00:00,2026-04-23T15:06:51.790168+00:00,momentum,"Ethereum Up or Down - April 23, 10:55AM-11:00AM ET",DOWN,Down,4.0,0.515,,LOSS,NO,-4.0,Up,0x56827eb359d4efc5bbc57ced24b9f95b6299a832f41ff0ef5b2ffe0037cdb9c2,110172003618808300254019742242096798765362868838713019712099457768994243558108
2026-04-23T14:55:01.166272+00:00,2026-04-23T15:06:51.831375+00:00,momentum,"Bitcoin Up or Down - April 23, 10:55AM-11:00AM ET",DOWN,Down,4.0,0.515,,LOSS,NO,-4.0,Up,0x06e4f83b3948e1c7f950d9d63ccc374cb6e3885f93386c71caa4671d2aac2706,1612913641464390033682019277473226224862941571805867542913463020978340731966
2026-04-23T14:55:01.217115+00:00,2026-04-23T15:06:51.876919+00:00,momentum,"XRP Up or Down - April 23, 10:55AM-11:00AM ET",DOWN,Down,4.0,0.51,,LOSS,NO,-4.0,Up,0x189a442edff5c18f52da0d4b1faffda1fda16d01161a8245e364a2ba970f5db5,106303443594127850751380906089040605181138223995038467293082566790911430257704
2026-04-23T15:00:00.430735+00:00,2026-04-23T15:08:53.213258+00:00,momentum,"Ethereum Up or Down - April 23, 11:00AM-11:05AM ET",DOWN,Down,8.0,0.53,,WIN,YES,7.094339622641508,Down,0x2e34f36f9032639da25bf7613b429da959043ed8d5a1655279dbcb523e21077c,61995892584440334863640414319674732688078939215416282023027428991596695206108
2026-04-23T15:00:00.482441+00:00,2026-04-23T15:08:53.377930+00:00,momentum,"Solana Up or Down - April 23, 11:00AM-11:05AM ET",DOWN,Down,2.0,0.53,,WIN,YES,1.773584905660377,Down,0x5cfce4bb0acfc165af9b2fda70cfbb8f5eb4d77b79b89b92a27b9b57ff513937,13694641643232882623094729203218559338670906337402431440324645460765781468784
2026-04-23T15:00:00.528625+00:00,2026-04-23T15:08:53.518626+00:00,momentum,"Bitcoin Up or Down - April 23, 11:00AM-11:05AM ET",DOWN,Down,4.0,0.56,,WIN,YES,3.1428571428571423,Down,0x130c4ac89d53140d20e6fdb2b9b9993fd7daaaf03c070ea7abfcf5e4c56f81cb,93725188760426373291684224785608502657731718691299784646387447071392299326323
2026-04-23T15:00:00.573400+00:00,2026-04-23T15:08:53.660381+00:00,momentum,"XRP Up or Down - April 23, 11:00AM-11:05AM ET",DOWN,Down,4.0,0.54,,WIN,YES,3.4074074074074066,Down,0xcd6e1b4a9805c327d9e2698b8dd9a904f4edbe4d819606476c6c3fceb6b2013a,4858484365874106617856644271749482879115382178420231188696153818290816656679
2026-04-23T15:05:00.405746+00:00,2026-04-23T15:13:56.851720+00:00,momentum,"XRP Up or Down - April 23, 11:05AM-11:10AM ET",DOWN,Down,2.0,0.51,,WIN,YES,1.9215686274509802,Down,0xbbc3501c40ce66d0124e12fa587bb2c27c1dec7872866436a9fc61858fa9d09e,59986348879338691241216612268491967006436146932977092751253973312705993595099
2026-04-23T15:05:00.300831+00:00,2026-04-23T15:14:56.813330+00:00,momentum,"Solana Up or Down - April 23, 11:05AM-11:10AM ET",DOWN,Down,2.0,0.51,,WIN,YES,1.9215686274509802,Down,0x85906e91f2a0c4e5e5c187cf9e89f2b51b20281d6a027ffc0295dd47a64f3f36,99288028359428439091515463879913665583202110448549974520533479421420041509306
2026-04-23T15:05:00.354087+00:00,2026-04-23T15:14:56.859539+00:00,momentum,"Bitcoin Up or Down - April 23, 11:05AM-11:10AM ET",DOWN,Down,2.0,0.515,,LOSS,NO,-2.0,Up,0x697a51540866c92592a3c57a55148e91ab7de3bc51bcf1169ef19567ad3954f8,97767006553945072885184512159366845607914783859973239114103610635098033090050
2026-04-23T15:05:02.570707+00:00,2026-04-23T15:14:56.905139+00:00,momentum,"Ethereum Up or Down - April 23, 11:05AM-11:10AM ET",DOWN,Down,2.0,0.51,,LOSS,NO,-2.0,Up,0x884ae115f4f16a0b5981ac66b732a93e2239ab7ef8cb57e18ab2e57383edac63,26367774832168075816973825700731476701754900230076902555271397471187962284154
2026-04-23T15:10:00.858582+00:00,2026-04-23T15:20:59.171343+00:00,momentum,"XRP Up or Down - April 23, 11:10AM-11:15AM ET",DOWN,Down,2.0,0.515,,WIN,YES,1.883495145631068,Down,0x34d9b24840b402131d3fe4e9613d80a0b54fb6ea681da72be642bab6e60593c1,80813750281709332769773217324945781480514003927588876535885756338943169406372
2026-04-23T15:10:02.981947+00:00,2026-04-23T15:20:59.343388+00:00,momentum,"Bitcoin Up or Down - April 23, 11:10AM-11:15AM ET",UP,Up,2.0,0.56,,WIN,YES,1.5714285714285712,Up,0x865b6680247b493f586b026c613a34bacca827e989b4194a4d34223a8b551e0b,108528307488960082326933169826040031759395921567051407333311713262961900802987
2026-04-23T15:10:03.033737+00:00,2026-04-23T15:20:59.520271+00:00,momentum,"Ethereum Up or Down - April 23, 11:10AM-11:15AM ET",UP,Up,4.0,0.53,,WIN,YES,3.547169811320754,Up,0x59bec0927856ab35878603fe882600d38919b5864997b4ab243bfffd472e3779,54538037121961762820344133024291512967345774091921439825148010027826163582157
2026-04-23T15:10:03.074062+00:00,2026-04-23T15:20:59.691573+00:00,momentum,"Solana Up or Down - April 23, 11:10AM-11:15AM ET",UP,Up,2.0,0.64,,WIN,YES,1.125,Up,0x7e21811807f285177b5ecc7e70da0e3190721e21a91e987144a9146e5a64ffdc,107618803812226419708171079809879278672574650968831013429612490537747324673021
2026-04-23T15:15:07.239382+00:00,2026-04-23T15:23:01.221532+00:00,momentum,"Solana Up or Down - April 23, 11:15AM-11:20AM ET",DOWN,Down,2.0,0.55,,LOSS,NO,-2.0,Up,0x9943887e7a74015806f3741e6062cdee133ebd496e1c54040a40a47fbb431371,47355854658285801831700345936604423880418931168758677418161204105381401822514
2026-04-23T15:15:19.709078+00:00,2026-04-23T15:24:01.022317+00:00,momentum,"XRP Up or Down - April 23, 11:15AM-11:20AM ET",DOWN,Down,2.0,0.59,,LOSS,NO,-2.0,Up,0x2a6cc0a3dd3f4ff727fad24a31a41cb527ee20055b43eca441f44cef05e36012,37842360574569837239718517205922288480748067261124386674401566671840991823386
2026-04-23T15:15:00.883432+00:00,2026-04-23T15:25:00.844782+00:00,momentum,"Bitcoin Up or Down - April 23, 11:15AM-11:20AM ET",DOWN,Down,2.0,0.53,,LOSS,NO,-2.0,Up,0x13da614d48b4a6095266f72acdb71cfc958dd01f121fa5f016ac36eeb21ed2eb,39039404004290619662448910241314200582287132430243050432424432260866333487449
2026-04-23T15:15:07.179852+00:00,2026-04-23T15:25:00.889293+00:00,momentum,"Ethereum Up or Down - April 23, 11:15AM-11:20AM ET",DOWN,Down,2.0,0.51,,LOSS,NO,-2.0,Up,0xdb9d6aafe4fad31b005e0ab14b1dd0033e1e184756fa6fc58b46cc1449d03468,4736868533657092536537200173252881917344939981935964189222023450644982714632
2026-04-23T15:20:02.036319+00:00,2026-04-23T15:30:04.550940+00:00,momentum,"XRP Up or Down - April 23, 11:20AM-11:25AM ET",DOWN,Down,4.0,0.52,,LOSS,NO,-4.0,Up,0x174d229e3b13a3a882324b66283e71481b6f1f8af5ac502d8226830f3104546f,34800398612301568704709621459000922333796576912357397354534153173236241311181
2026-04-23T15:20:01.986639+00:00,2026-04-23T15:31:05.076176+00:00,momentum,"Ethereum Up or Down - April 23, 11:20AM-11:25AM ET",DOWN,Down,4.0,0.54,,LOSS,NO,-4.0,Up,0x7d826f757f33af9196b5a5718bac4bdb11956382710514439cbd889356c41156,43284744261142083370247342428398400984793641389301338541233600503048620349421
2026-04-23T15:20:02.084421+00:00,2026-04-23T15:31:05.122462+00:00,momentum,"Solana Up or Down - April 23, 11:20AM-11:25AM ET",DOWN,Down,2.0,0.53,,LOSS,NO,-2.0,Up,0xb93bd8b071c32224af1130d2e4c51e27e7c9d092e49e4d3f437a67b4c322e4c1,59617613344306543277171704534579350186344645716130625396477009220197077788047
2026-04-23T15:20:02.122959+00:00,2026-04-23T15:31:05.183111+00:00,momentum,"Bitcoin Up or Down - April 23, 11:20AM-11:25AM ET",DOWN,Down,4.0,0.57,,LOSS,NO,-4.0,Up,0x9bda8655247eee527e035d179aa54478b3225e129f0fdfdf9c80661d3d64887b,13934532467016139416571536010236459809710626408448529907792141516708363093811
2026-04-23T15:25:00.750041+00:00,2026-04-23T15:36:07.574980+00:00,momentum,"XRP Up or Down - April 23, 11:25AM-11:30AM ET",DOWN,Down,8.0,0.51,,WIN,YES,7.686274509803921,Down,0x6855894e3bd0636295140a667917c975d56bab4b4c876b7d8bf3927d6a2beafb,109010671977027610877048303652037872974595702734730889164932543548800535631868
2026-04-23T15:25:02.813493+00:00,2026-04-23T15:36:08.013363+00:00,momentum,"Solana Up or Down - April 23, 11:25AM-11:30AM ET",DOWN,Down,4.0,0.63,,WIN,YES,2.349206349206349,Down,0xb0a623bdee933231356cba091bfe16bff08618b1c7c7083c29000ac56681abee,104787695487085228028400830279598112462817196073461677072993942432631478454255
2026-04-23T15:25:02.725858+00:00,2026-04-23T15:37:08.464797+00:00,momentum,"Ethereum Up or Down - April 23, 11:25AM-11:30AM ET",DOWN,Down,8.0,0.55,,WIN,YES,6.545454545454545,Down,0x5dd5630ef5416de8d8b9657eff1d847af69105ed10a205e7469e98ff625aa29f,99984525759220266051469115566487373219693699690647460559534244005799792173968
2026-04-23T15:25:02.764557+00:00,2026-04-23T15:37:08.654456+00:00,momentum,"Bitcoin Up or Down - April 23, 11:25AM-11:30AM ET",DOWN,Down,8.0,0.59,,WIN,YES,5.559322033898306,Down,0xe7ac790db2d5acd6e4dc94cc8c0e149b8e033c9cfc568410c548fe10772092e6,78422239726673452111976603823692311296185860337491755953913933625726375640223
2026-04-23T15:30:00.982240+00:00,2026-04-23T15:38:09.170933+00:00,momentum,"XRP Up or Down - April 23, 11:30AM-11:35AM ET",DOWN,Down,2.0,0.55,,LOSS,NO,-2.0,Up,0xa7b25033c351f4f7320d1186202bc0c236e75df82903d5656a72f3ebdffdccc6,80994028525866338220193383883444692762166781193251183314544135537895329080047
2026-04-23T15:30:04.315796+00:00,2026-04-23T15:38:09.209032+00:00,momentum,"Solana Up or Down - April 23, 11:30AM-11:35AM ET",DOWN,Down,2.0,0.57,,LOSS,NO,-2.0,Up,0xfb089c0e3eef6d4ce3d8b99d2b06a2790199bce093f154c9f77c9a5e3071d73b,33287854838772370062268908751342753878619936842339472306671495246726893714659
2026-04-23T15:30:00.855070+00:00,2026-04-23T15:40:09.294385+00:00,momentum,"Ethereum Up or Down - April 23, 11:30AM-11:35AM ET",DOWN,Down,2.0,0.54,,LOSS,NO,-2.0,Up,0x48e9c0f152954616b75dc344484da860a83d8f19ca4331dae7c0bf36ee08e10d,91803989192523284987111264623144153277445384900182866355314339001743642265970
2026-04-23T15:30:00.912740+00:00,2026-04-23T15:40:09.341370+00:00,momentum,"Bitcoin Up or Down - April 23, 11:30AM-11:35AM ET",DOWN,Down,2.0,0.53,,LOSS,NO,-2.0,Up,0x043fabd17adf568cdec6c1776b8c6c1e1a9a3b220de55f01915cbe2bfc15797e,76119534395632284513777897977267722742878757393846810791739062358425316541865
2026-04-23T15:35:01.005451+00:00,2026-04-23T15:44:11.601217+00:00,momentum,"Bitcoin Up or Down - April 23, 11:35AM-11:40AM ET",DOWN,Down,4.0,0.51,,LOSS,NO,-4.0,Up,0x0843068beeb2f8a6c3d33d1f16caac557ee99a421d74c9fedabedacb78f13837,52466470039478947410393285270294948394446730934528438495662400208286157190338
2026-04-23T15:35:01.113367+00:00,2026-04-23T15:44:11.769246+00:00,momentum,"XRP Up or Down - April 23, 11:35AM-11:40AM ET",DOWN,Down,4.0,0.52,,LOSS,NO,-4.0,Up,0x50714dd368157ebecc639cbb6903dce1dc904a8ac313e00649b0df5b361c12b9,97876013125371910291735471298398739116476455774386741969294551816887517939409
2026-04-23T15:35:01.052618+00:00,2026-04-23T15:45:12.241044+00:00,momentum,"Ethereum Up or Down - April 23, 11:35AM-11:40AM ET",DOWN,Down,4.0,0.53,,LOSS,NO,-4.0,Up,0x4c2c9ba0901fbc975230f81346f358672227ba03d3143d6a114c7cde113a0d19,71130014093958447326805660346548016239030393451781899589218882416499021466562
2026-04-23T15:35:01.168121+00:00,2026-04-23T15:45:12.282882+00:00,momentum,"Solana Up or Down - April 23, 11:35AM-11:40AM ET",DOWN,Down,4.0,0.54,,LOSS,NO,-4.0,Up,0x06695c5329b590a9f30e086949d951c283e62ed1db5fe8987f87d8de92c4f0b3,91607850347884683564568758458258584167111009142676064066225694612599212437337
2026-04-23T15:40:00.575303+00:00,2026-04-23T15:51:15.435698+00:00,momentum,"XRP Up or Down - April 23, 11:40AM-11:45AM ET",DOWN,Down,8.0,0.515,,WIN,YES,7.533980582524272,Down,0xe2876c1e7495cde9b756c18c0265900075462597a1b791bc201fdec7e241dd5d,47791992815016072774059135996588114063998079432711548590717028089937398195259
2026-04-23T15:40:01.757075+00:00,2026-04-23T15:51:15.618182+00:00,momentum,"Ethereum Up or Down - April 23, 11:40AM-11:45AM ET",DOWN,Down,4.0,0.54,,WIN,YES,3.4074074074074066,Down,0x57f1f06f124a257a8c43f85f1e09517d1d623a3ee420b6b9bf6cc09094f5a989,95732097212272474740189332397925592966494414083220873599111483068842185075012
2026-04-23T15:40:00.511614+00:00,2026-04-23T15:52:16.308891+00:00,momentum,"Bitcoin Up or Down - April 23, 11:40AM-11:45AM ET",DOWN,Down,8.0,0.515,,WIN,YES,7.533980582524272,Down,0x6eb634ad35a4efdb65b1cba008916b116ee0c1d236819d00d6bdea2d22b52b32,106896923822024742588457826260349134358270117679703261824656096168409332468331
2026-04-23T15:40:04.905349+00:00,2026-04-23T15:52:16.352330+00:00,momentum,"Solana Up or Down - April 23, 11:40AM-11:45AM ET",DOWN,Down,8.0,0.53,,LOSS,NO,-8.0,Up,0xb48eb0063fcc1746fdd9646439c09183921e3657e6cc8360f982f531276352a7,108766260443270705228400981862084983699966594891225218171069068174897689876394
2026-04-23T15:45:00.611372+00:00,2026-04-23T15:54:17.693499+00:00,momentum,"Bitcoin Up or Down - April 23, 11:45AM-11:50AM ET",DOWN,Down,2.0,0.54,,WIN,YES,1.7037037037037033,Down,0x35598d962f3a10ec8ea3b1ebcff180b98a75aaadac4a783c97a2deda82532433,109664022338262182598325142610843442940343079813257388057073591316548338995770
2026-04-23T15:45:00.682094+00:00,2026-04-23T15:54:17.746209+00:00,momentum,"Solana Up or Down - April 23, 11:45AM-11:50AM ET",DOWN,Down,2.0,0.52,,LOSS,NO,-2.0,Up,0xe405808081ab50f6f0cacab3efaa8e9909b38aeb73fbae9cc347993b0a33b05f,112235599879104318610953703784215632066242490902339758717259085882255548212051
2026-04-23T15:45:00.548890+00:00,2026-04-23T15:55:17.488198+00:00,momentum,"Ethereum Up or Down - April 23, 11:45AM-11:50AM ET",DOWN,Down,2.0,0.51,,WIN,YES,1.9215686274509802,Down,0x5fe769e93692aa2b7860c17bb3e6c457233b087d8b244b6d9c9e12ad53d1d003,88510630857890731625443310182854155682895070936214829367117966427512309413105
2026-04-23T15:45:10.127287+00:00,2026-04-23T15:55:17.533436+00:00,momentum,"XRP Up or Down - April 23, 11:45AM-11:50AM ET",DOWN,Down,2.0,0.51,,LOSS,NO,-2.0,Up,0x29f0d4172d2301dd2017045b214f81fa8f7aa86e52c75cdd1d04a2022553fb8d,72105315070030412469723213210289515456175434359756987034852038767009873409640
2026-04-23T15:50:03.222068+00:00,2026-04-23T15:59:18.777975+00:00,momentum,"Bitcoin Up or Down - April 23, 11:50AM-11:55AM ET",DOWN,Down,2.0,0.54,,WIN,YES,1.7037037037037033,Down,0x5d2c46fb8afa03c897ff5bbd48adc1a04e9993b4950966e6480df97c26b674d1,86094487379337821740977282334408389400416115049049916540652412205320334562544
2026-04-23T15:50:01.084285+00:00,2026-04-23T16:00:18.704624+00:00,momentum,"XRP Up or Down - April 23, 11:50AM-11:55AM ET",DOWN,Down,4.0,0.51,,WIN,YES,3.8431372549019605,Down,0x9c176fd967534f3c93aefc9905461786af441d37b723791ed7a40b915594e872,38054717473032275631354336531323862348948320176382762109577479880610378035622
2026-04-23T15:50:03.266081+00:00,2026-04-23T16:00:18.786044+00:00,momentum,"Solana Up or Down - April 23, 11:50AM-11:55AM ET",UP,Up,4.0,0.51,,LOSS,NO,-4.0,Down,0x4625f2ea0d80fdf1e140ca5651fea97a1b584858ac6034b55a1f2eb0da03466b,11177388316748937527763575226809744158364148646195524277282195437988236495231
2026-04-23T15:50:03.313341+00:00,2026-04-23T16:00:18.972393+00:00,momentum,"Ethereum Up or Down - April 23, 11:50AM-11:55AM ET",DOWN,Down,2.0,0.56,,WIN,YES,1.5714285714285712,Down,0xab6de784402797e24fd51b3f0b66705046207ce72e66362e944f0b5f768da2be,12602920143642487462313747523022287733479889385392175278968957538085962072232
2026-04-23T15:55:00.371658+00:00,2026-04-23T16:05:21.230162+00:00,momentum,"Ethereum Up or Down - April 23, 11:55AM-12:00PM ET",UP,Up,2.0,0.51,,WIN,YES,1.9215686274509802,Up,0x9b8a2184f76e42729dd9d252f1cd44c537660694ca2c2f675ec9e6006a47146d,98427027775464802516137716988838580753182946835818496979654017334399424878936
2026-04-23T15:55:03.522088+00:00,2026-04-23T16:06:22.561430+00:00,momentum,"Solana Up or Down - April 23, 11:55AM-12:00PM ET",UP,Up,8.0,0.53,,WIN,YES,7.094339622641508,Up,0x7e8a0b59b432a16e3a2256975eb8c3809ce5f0e50d2028af14bac259c3d5288d,46010498745235533037169189546100871292595038941770278667162688649122180275397
2026-04-23T15:55:12.983477+00:00,2026-04-23T16:06:22.722435+00:00,momentum,"XRP Up or Down - April 23, 11:55AM-12:00PM ET",UP,Up,2.0,0.54,,WIN,YES,1.7037037037037033,Up,0x754364af9289da2e268f8463ce0e0f300c25f3080ba8cfc73cd8de20a05f022d,15458365401509247063686549759763812014720174627290617443790534737865396273799
2026-04-23T15:55:00.302557+00:00,2026-04-23T16:07:23.023890+00:00,momentum,"Bitcoin Up or Down - April 23, 11:55AM-12:00PM ET",DOWN,Down,2.0,0.52,,LOSS,NO,-2.0,Up,0x2b2fb35a7ffbea9bdc19fba6f1b17c14cccdf7882caee92dff200f89bfab0d1e,32187741109393198409245527890216181800278911739779267251442969470334379655821
2026-04-23T16:00:11.212428+00:00,2026-04-23T16:08:24.432540+00:00,momentum,"XRP Up or Down - April 23, 12:00PM-12:05PM ET",UP,Up,2.0,0.51,,LOSS,NO,-2.0,Down,0x436ea0a27e244e822e990ffd80523d862ccd19ecfa8910ca37b9e34913c98107,110133128234295199738508017783275738896443771185635951613929905092692465346873
2026-04-23T16:00:01.296817+00:00,2026-04-23T16:09:24.664532+00:00,momentum,"Solana Up or Down - April 23, 12:00PM-12:05PM ET",DOWN,Down,2.0,0.51,,WIN,YES,1.9215686274509802,Down,0x5afbfa865665a3afacf9574c9a12fdfc72f9b2d84fd3313450215921e8e237a2,11995148618044507315658081586964470127962063250554208902310143295065362025634
2026-04-23T16:00:01.391817+00:00,2026-04-23T16:09:24.752299+00:00,momentum,"Bitcoin Up or Down - April 23, 12:00PM-12:05PM ET",UP,Up,4.0,0.53,,LOSS,NO,-4.0,Down,0x04b5a96a1cf8be1077f96ed243453106e10c38df7ca89494ed0400b50d4fdbdc,49646974791587536153730652708936319002660566454191404003802505414308602247036
2026-04-23T16:00:01.461082+00:00,2026-04-23T16:09:24.923640+00:00,momentum,"Ethereum Up or Down - April 23, 12:00PM-12:05PM ET",DOWN,Down,2.0,0.51,,WIN,YES,1.9215686274509802,Down,0xab0506542663490b6055b30050cfad4df55f3add4b3b8290ec2bb0b8ed2d06e0,156691054552143544041508798990329488866273056568076776025069401033694869047
2026-04-23T16:05:03.083280+00:00,2026-04-23T16:14:27.040731+00:00,momentum,"Ethereum Up or Down - April 23, 12:05PM-12:10PM ET",UP,Up,2.0,0.52,,WIN,YES,1.8461538461538458,Up,0x917cbc41eb5ae76f94924cef5b7dd8154751747529d055a3203694d205e93e6c,38397375503784059504551538861605164974999255225145570102180279512190640367482
2026-04-23T16:05:03.143605+00:00,2026-04-23T16:14:27.259229+00:00,momentum,"Bitcoin Up or Down - April 23, 12:05PM-12:10PM ET",UP,Up,8.0,0.51,,WIN,YES,7.686274509803921,Up,0xceb8ce544091c3407e0eeb5d2e9f2e0c84c16ea243730d80893f05e962401c80,75520598662125619001402569136701639916032996142549152921159700810922059092593
2026-04-23T16:05:00.901129+00:00,2026-04-23T16:15:28.060990+00:00,momentum,"XRP Up or Down - April 23, 12:05PM-12:10PM ET",UP,Up,4.0,0.51,,WIN,YES,3.8431372549019605,Up,0xf203b5d17e3c7fc7d92c830bf888777210d250a595471eb541441a6e456d361d,23202711862809561865142206485862944293839779301167016643878479528010427417919
2026-04-23T16:05:03.218243+00:00,2026-04-23T16:15:28.267058+00:00,momentum,"Solana Up or Down - April 23, 12:05PM-12:10PM ET",UP,Up,2.0,0.56,,WIN,YES,1.5714285714285712,Up,0xa4ff2c4c381a5f9d440cb136047cd095cf8fe68a054b6232e95024f36cacd8a2,51461729275617658371591643330482337087636410711915533531516776024192647122705
2026-04-23T16:10:06.973856+00:00,2026-04-23T16:20:31.462802+00:00,momentum,"Solana Up or Down - April 23, 12:10PM-12:15PM ET",DOWN,Down,2.0,0.52,,WIN,YES,1.8461538461538458,Down,0xa737c2fb7cfdc51df51fafd88a4304b1fe0697ccf4a332280842ef14415211f0,16771186302101820482562973052399138564813594278011965064300580040211666454125
2026-04-23T16:10:00.655957+00:00,2026-04-23T16:21:31.746317+00:00,momentum,"Bitcoin Up or Down - April 23, 12:10PM-12:15PM ET",UP,Up,2.0,0.52,,LOSS,NO,-2.0,Down,0x214a710799c060d0cf98abfe637e927b80c77649665282e6255015155f01fe3b,42144793142648746219983593967736719010097287626580057059911774472377495983216
2026-04-23T16:10:06.931050+00:00,2026-04-23T16:21:31.872260+00:00,momentum,"Ethereum Up or Down - April 23, 12:10PM-12:15PM ET",UP,Up,2.0,0.51,,LOSS,NO,-2.0,Down,0x19bb994dd0e5f0395632c129c0f1856b6e421fbf3cf334b7ea937d43c85384b8,89837703913952037229440384259626525216503398363830732021336009006773112294020
2026-04-23T16:10:16.541438+00:00,2026-04-23T16:21:32.009064+00:00,momentum,"XRP Up or Down - April 23, 12:10PM-12:15PM ET",UP,Up,8.0,0.54,,LOSS,NO,-8.0,Down,0x5d72b268e7b1aa50ac9143666c6339a109f7a46a305aba5758d897696429e687,88891777152957434907352218704467232375302637284735143497537779764325556301716
2026-04-23T16:15:00.344361+00:00,2026-04-23T16:23:32.898071+00:00,momentum,"XRP Up or Down - April 23, 12:15PM-12:20PM ET",UP,Up,16.0,0.51,,WIN,YES,15.372549019607842,Up,0x63c01beb4b8942774f15889c1c99ad64a8c442d39000255f1759917bb0c9e5ec,13374896324712571500061631870151463227617414092974054676152319798577497527577
2026-04-23T16:15:03.575561+00:00,2026-04-23T16:23:33.359498+00:00,momentum,"Bitcoin Up or Down - April 23, 12:15PM-12:20PM ET",DOWN,Down,4.0,0.53,,LOSS,NO,-4.0,Up,0x3329d41c5ed8f0241b32a548c3883b21be5d8dadb80579bba449ee426d50906e,23794115960641400688619066240243361905292105332932219375158912010077815606769
2026-04-23T16:15:09.861440+00:00,2026-04-23T16:23:33.772236+00:00,momentum,"Solana Up or Down - April 23, 12:15PM-12:20PM ET",UP,Up,2.0,0.56,,WIN,YES,1.5714285714285712,Up,0xc72a9456087274c9af003d4e424e44dd982984d93e183e980836f2cc0b781068,50203449451611836022109482583078963007655675595745378011154139177143822312636
2026-04-23T16:15:03.524260+00:00,2026-04-23T16:24:32.608506+00:00,momentum,"Ethereum Up or Down - April 23, 12:15PM-12:20PM ET",DOWN,Down,4.0,0.53,,LOSS,NO,-4.0,Up,0x1afc705f8871309ae26e3dac70cae9540f3b64622b1819086efabdc555723c77,38717991281526639902817673865385732526049828405688553609308994511064186626389
2026-04-23T16:20:00.338994+00:00,2026-04-23T16:29:36.206082+00:00,momentum,"Bitcoin Up or Down - April 23, 12:20PM-12:25PM ET",DOWN,Down,8.0,0.515,,WIN,YES,7.533980582524272,Down,0x649184532d9823c76abcdd0154651f63e3944274f01a32263ef50a49c15ee515,8256232767572578856001755132345209352871770204593126602824335792455891882671
2026-04-23T16:20:00.443406+00:00,2026-04-23T16:29:36.361714+00:00,momentum,"XRP Up or Down - April 23, 12:20PM-12:25PM ET",UP,Up,2.0,0.51,,WIN,YES,1.9215686274509802,Up,0xc351b884873b36a70fe690ce5c9627327c2c45d384f81645107913559de98e05,38364721951244821893862304907940899066116510854801700899807740355415290134400
2026-04-23T16:20:33.470796+00:00,2026-04-23T16:30:36.759211+00:00,momentum,"Ethereum Up or Down - April 23, 12:20PM-12:25PM ET",DOWN,Down,4.0,0.63,,LOSS,NO,-4.0,Up,0xe27c0cbbc691bb6e5d0c790d28fee99cca106bd11d5b66a2be8e48bb7b4700e7,38905286428686813331304113398318372167416865265057008333363835088142230744192
2026-04-23T16:20:33.539857+00:00,2026-04-23T16:30:36.910025+00:00,momentum,"Solana Up or Down - April 23, 12:20PM-12:25PM ET",DOWN,Down,2.0,0.53,,WIN,YES,1.773584905660377,Down,0x888705dcd4ba070b17ba339d4b96aee62e6a1d82681d59d89e112a71e742c56d,111814421495442304362687440261573931233024680763897879221550432763564993436729
2026-04-23T16:25:00.268006+00:00,2026-04-23T16:35:39.225944+00:00,momentum,"Bitcoin Up or Down - April 23, 12:25PM-12:30PM ET",DOWN,Down,2.0,0.53,,WIN,YES,1.773584905660377,Down,0x60c62109375a4f876b34c9f418483497f659268cb7525c22015f378f50d2628a,5301917396224164846330833127225460511661241925290519296174988214752507424960
2026-04-23T16:25:09.754678+00:00,2026-04-23T16:35:39.268697+00:00,momentum,"Ethereum Up or Down - April 23, 12:25PM-12:30PM ET",UP,Up,8.0,0.53,,LOSS,NO,-8.0,Down,0x1bdc0fa9e1a581a6d2d0e50608748251296705c39f59dc9509beb61aa1105c98,13490617670465264260088378876600033945684435999238729068819962573285190727174
2026-04-23T16:25:12.901409+00:00,2026-04-23T16:36:39.763391+00:00,momentum,"Solana Up or Down - April 23, 12:25PM-12:30PM ET",DOWN,Down,2.0,0.51,,WIN,YES,1.9215686274509802,Down,0x1e53f13a9cbcf32a9192ab4d6484078a083c079b02bee78aaf4072a9647d314a,22259054663420794582936360184255749619865265788105677973897759973710579475949
2026-04-23T16:25:12.941556+00:00,2026-04-23T16:36:39.944833+00:00,momentum,"XRP Up or Down - April 23, 12:25PM-12:30PM ET",DOWN,Down,2.0,0.53,,WIN,YES,1.773584905660377,Down,0x948c8fc14c9c4ab3991d6690e98b7a6d2a080de46bd86c3983985a5f7ae12844,81236440114417862175516325707310330157524592998075184586826304944256726548241
2026-04-23T16:30:00.521377+00:00,2026-04-23T16:39:41.941602+00:00,momentum,"Bitcoin Up or Down - April 23, 12:30PM-12:35PM ET",UP,Up,2.0,0.51,,WIN,YES,1.9215686274509802,Up,0x4045cb3de9744f04f80136f6fed3bb47080ab0201b8dc423282dbb6a8a66ce65,92831675191501687956265494870579391299826814887815282497943001126111313791944
2026-04-23T16:30:00.586411+00:00,2026-04-23T16:39:42.258569+00:00,momentum,"Solana Up or Down - April 23, 12:30PM-12:35PM ET",UP,Up,2.0,0.51,,WIN,YES,1.9215686274509802,Up,0xd5b2eb4c8b21421a72ba7ef22809a38912e76291c1d8f52c3984b2e87c0153b2,76798896902758158600015657785797598750685020023388143900749900377371187249751
2026-04-23T16:30:03.759747+00:00,2026-04-23T16:39:42.301371+00:00,momentum,"Ethereum Up or Down - April 23, 12:30PM-12:35PM ET",DOWN,Down,8.0,0.53,,LOSS,NO,-8.0,Up,0x87df84ead4997c390945a3d999f3f2da168d39020b1474e351b85123d3081de1,2459117443458768898678885753670264420116314452952413527109778235539942683263
2026-04-23T16:30:03.813654+00:00,2026-04-23T16:39:42.475057+00:00,momentum,"XRP Up or Down - April 23, 12:30PM-12:35PM ET",UP,Up,2.0,0.56,,WIN,YES,1.5714285714285712,Up,0x0566803be6f2c5d358e720b07f17a05ee2c7a8e249f7b186055312f11a14fe0f,110786257356476591042750220935607512601097687465581283583286935778512558709418
2026-04-23T16:35:00.489871+00:00,2026-04-23T16:44:45.169752+00:00,momentum,"XRP Up or Down - April 23, 12:35PM-12:40PM ET",DOWN,Down,2.0,0.51,,WIN,YES,1.9215686274509802,Down,0x4482585976070252ff7013c31b250aa4c69c81648711cc33ab9fc7c4eb371a29,77027208342594542303084182509241717529559226463122976753258613432141030727449
2026-04-23T16:35:05.807606+00:00,2026-04-23T16:45:45.546139+00:00,momentum,"Bitcoin Up or Down - April 23, 12:35PM-12:40PM ET",UP,Up,2.0,0.55,,LOSS,NO,-2.0,Down,0x74a1e8606b00768a899f1d1f060c49abd432c194fb3b1c975d03cf8b0932303f,9581610760861001225039975115543482280826111593393885864578060964852809661134
2026-04-23T16:35:05.859570+00:00,2026-04-23T16:45:45.601552+00:00,momentum,"Solana Up or Down - April 23, 12:35PM-12:40PM ET",UP,Up,2.0,0.51,,LOSS,NO,-2.0,Down,0xf4602c8a073ae879e80bb39e853d491597c4ce75f9f2fd4943b68a1eea4c78bb,29718895614242086607726939480484057561809631797610969219164444821448387393514
2026-04-23T16:35:05.902858+00:00,2026-04-23T16:45:45.648997+00:00,momentum,"Ethereum Up or Down - April 23, 12:35PM-12:40PM ET",UP,Up,8.0,0.56,,LOSS,NO,-8.0,Down,0xc35857b46ca2df58049e68d143b17e192670a768de8417cfb651872a122e3f5b,90708549288535420577984607776236629368899515067972625350928818369686412271392
2026-04-23T16:40:04.003912+00:00,2026-04-23T16:50:48.184325+00:00,momentum,"Ethereum Up or Down - April 23, 12:40PM-12:45PM ET",UP,Up,16.0,0.52,,WIN,YES,14.769230769230766,Up,0xd52d99595ae2b5c5ea6aae95cb68ddfc8bb5151a8b5415df1be76748e3293fc4,77470773790076966495663847484972737983669448296330002538009996052921513257146
2026-04-23T16:40:07.184108+00:00,2026-04-23T16:50:48.232448+00:00,momentum,"XRP Up or Down - April 23, 12:40PM-12:45PM ET",UP,Up,2.0,0.51,,LOSS,NO,-2.0,Down,0xe0b279892f7e107e5acf1fb249816f09b8426ba6c28d90fc6c9ba1f55d550d80,78835117112697353940748178949824272446196854847414279477041720844186068217366
2026-04-23T16:40:00.810318+00:00,2026-04-23T16:51:48.540983+00:00,momentum,"Solana Up or Down - April 23, 12:40PM-12:45PM ET",UP,Up,2.0,0.56,,WIN,YES,1.5714285714285712,Up,0x767aee94cf569720673e3358b93a033fa20c0b3cc79e397020cbd2b21dcb68a7,75156482790554931443409885518787224602751209417484611412649488970532749333576
2026-04-23T16:40:03.966860+00:00,2026-04-23T16:51:48.710247+00:00,momentum,"Bitcoin Up or Down - April 23, 12:40PM-12:45PM ET",UP,Up,2.0,0.52,,WIN,YES,1.8461538461538458,Up,0x21a01f75ed9306ee1edde524b3714c5db168b7fea5696d7d7c62049a05c47d76,6931069546015038393451659444563553722616262341542774970748732369760845916019
2026-04-23T16:45:01.073841+00:00,2026-04-23T16:56:50.878015+00:00,momentum,"XRP Up or Down - April 23, 12:45PM-12:50PM ET",DOWN,Down,2.0,0.51,,LOSS,NO,-2.0,Up,0xbe36583ff7e74a5af4e82338103e2f764db1b4af75141c593941bef791f90e42,10563151962523381327082469010803191993160670757750722829232060133047008601242
2026-04-23T16:45:03.267499+00:00,2026-04-23T16:57:51.763667+00:00,momentum,"Bitcoin Up or Down - April 23, 12:45PM-12:50PM ET",DOWN,Down,4.0,0.52,,LOSS,NO,-4.0,Up,0xad1b515b80224224a5b759d854ad1a9d25d1c95f13eb0592eee22283da75a13d,49317978371371259440236458510231744834018547085341774603124605436324333566227
2026-04-23T16:45:09.591032+00:00,2026-04-23T16:57:51.803148+00:00,momentum,"Ethereum Up or Down - April 23, 12:45PM-12:50PM ET",UP,Up,2.0,0.55,,LOSS,NO,-2.0,Down,0x509097097139f8ce807808d7a772f4a186b13f71898cbd9e48d7faa86ac64ee0,67969363142693791248579904371142988087027723274199959277325559656647702539570
2026-04-23T16:45:09.631650+00:00,2026-04-23T16:57:51.847665+00:00,momentum,"Solana Up or Down - April 23, 12:45PM-12:50PM ET",UP,Up,2.0,0.54,,LOSS,NO,-2.0,Down,0x38b8a8158f7dd09f8683c40f3678f0a32bfdd1e188bf2145a10fcdb828d91498,39409691706813499750542725215975852207162913048058877664950965428842865113330
2026-04-23T16:50:04.933949+00:00,2026-04-23T16:59:53.019999+00:00,momentum,"Bitcoin Up or Down - April 23, 12:50PM-12:55PM ET",DOWN,Down,2.0,0.58,,WIN,YES,1.4482758620689657,Down,0x135996ba74a1ba675c62db7dff4601eb22dfaa418375d0d1d3010dc23f090a7b,100355254164867309486143032730066578749241618813534800816925387836779778620800
2026-04-23T16:50:08.124719+00:00,2026-04-23T16:59:53.249485+00:00,momentum,"Solana Up or Down - April 23, 12:50PM-12:55PM ET",DOWN,Down,2.0,0.53,,WIN,YES,1.773584905660377,Down,0x61fa2e5224eb5129b03fa072138e6134d99326bdfe9142105819e16897eea556,114284938492163351360573023794760902595796491631005998523996585012617880548111
2026-04-23T16:50:11.319473+00:00,2026-04-23T16:59:53.466218+00:00,momentum,"XRP Up or Down - April 23, 12:50PM-12:55PM ET",DOWN,Down,2.0,0.54,,WIN,YES,1.7037037037037033,Down,0x04b7030a6da5a7b1b22ca57428b3ac542226783561901694b0eb7f7200756789,3651937383248852073795175489890026093048298193359622183689249741061766758025
2026-04-23T16:50:01.748282+00:00,2026-04-23T17:00:53.483320+00:00,momentum,"Ethereum Up or Down - April 23, 12:50PM-12:55PM ET",DOWN,Down,4.0,0.52,,WIN,YES,3.6923076923076916,Down,0x319b736403009e5788f410fdd67d2929af5a6bb9ffcc35e4e760d5de340f9d95,111923126815254903179706479961624517139821021855071138448983382343771629945983
2026-04-23T16:55:00.449900+00:00,2026-04-23T17:05:55.806068+00:00,momentum,"XRP Up or Down - April 23, 12:55PM-1:00PM ET",DOWN,Down,2.0,0.51,,LOSS,NO,-2.0,Up,0x0a4103d5a350df788f3629af7dafee87d28c016481b04ecb3c2aa6a86d025a83,75405165579495632604200923634786419500539937386323429837413543720383170750187
2026-04-23T16:55:02.628229+00:00,2026-04-23T17:05:55.998343+00:00,momentum,"Bitcoin Up or Down - April 23, 12:55PM-1:00PM ET",UP,Up,2.0,0.53,,WIN,YES,1.773584905660377,Up,0xb2c1738799faaa5cae14caa5505741908b5de037dc52939f804a946344bb8de2,18991336491108395330078188177315149309889538723858048122880722146930768665826
2026-04-23T16:55:02.721075+00:00,2026-04-23T17:05:56.322424+00:00,momentum,"Ethereum Up or Down - April 23, 12:55PM-1:00PM ET",UP,Up,2.0,0.53,,WIN,YES,1.773584905660377,Up,0xe17b9ce2f181cdee56a72fb823372f85399a529c744829f385e6ee89bee79025,37043172165475566849017374728389801400774856624379255071291080776068352298164
2026-04-23T16:55:02.677279+00:00,2026-04-23T17:06:55.827756+00:00,momentum,"Solana Up or Down - April 23, 12:55PM-1:00PM ET",UP,Up,2.0,0.51,,LOSS,NO,-2.0,Down,0xd53042f1fab0cf4f8d50e86a79f264026a976dd2682a7b7711acfee0253caa4a,99216350751586562172603066334634165350240727779830468318239763187250699007878
2026-04-23T17:00:10.970488+00:00,2026-04-23T17:08:57.697143+00:00,momentum,"XRP Up or Down - April 23, 1:00PM-1:05PM ET",UP,Up,4.0,0.53,,LOSS,NO,-4.0,Down,0x844bb7c82101113e9857e79054a2674909f560a06b29295d440547cb3b62ad77,17411058667989603627262806316708949859886411192927213159103237915429213403677
2026-04-23T17:00:00.282989+00:00,2026-04-23T17:09:57.783176+00:00,momentum,"Bitcoin Up or Down - April 23, 1:00PM-1:05PM ET",UP,Up,4.0,0.515,,LOSS,NO,-4.0,Down,0x699785540ba1cb8340a2e9e67dcfcc2d85800395d41ebe34abba897f20454b79,94507062561628918955548656460758884056598220348036139522819369175485115741301
2026-04-23T17:00:00.390832+00:00,2026-04-23T17:09:57.947998+00:00,momentum,"Ethereum Up or Down - April 23, 1:00PM-1:05PM ET",UP,Up,2.0,0.525,,LOSS,NO,-2.0,Down,0x3b6e25e995cfe6bb118dc806e805ed3d25af60746c117437947d803633d0b6aa,92080279346184246403678270560231339826093051885050707039427314290447748611880
2026-04-23T17:00:00.480986+00:00,2026-04-23T17:09:58.005132+00:00,momentum,"Solana Up or Down - April 23, 1:00PM-1:05PM ET",UP,Up,4.0,0.52,,LOSS,NO,-4.0,Down,0xca064f05c72a8733a326c4670dcd296041224112d2652688cf4cd2622fd71ae2,28182815802839903177442735982347428221730244940597176387133897180180775009688
2026-04-23T17:05:00.220242+00:00,2026-04-23T17:15:02.025018+00:00,momentum,"Ethereum Up or Down - April 23, 1:05PM-1:10PM ET",UP,Up,2.0,0.53,,LOSS,NO,-2.0,Down,0x9070cf0e004231148594de108da3bc2a835b264f7cd40fa426cd60a8f89881c3,31243259010937707734954370635906889190035692159005654437730697140417428153677
2026-04-23T17:05:00.345161+00:00,2026-04-23T17:15:02.394388+00:00,momentum,"Solana Up or Down - April 23, 1:05PM-1:10PM ET",UP,Up,4.0,0.53,,LOSS,NO,-4.0,Down,0x6c376cf4303ae84fc26ad93168239a4ca607146a808da8bdc6d5d653db2f86ec,92064660423992986397699656305396670559527118698279410187947573074994140157268
2026-04-23T17:05:00.268410+00:00,2026-04-23T17:16:02.248333+00:00,momentum,"Bitcoin Up or Down - April 23, 1:05PM-1:10PM ET",UP,Up,4.0,0.55,,LOSS,NO,-4.0,Down,0xfe94d9cac6a92689eef5f10a4d4e3f4efe05b55695e6ba5e2c1fd81639ee59d6,64976629569664594382558277708497278985578351806466614335750151717933703065346
2026-04-23T17:05:03.527502+00:00,2026-04-23T17:16:02.484847+00:00,momentum,"XRP Up or Down - April 23, 1:05PM-1:10PM ET",UP,Up,8.0,0.56,,LOSS,NO,-8.0,Down,0x06ee07fff8c7057ebfb1eb5020fae9c8dd1aa3f7ab81e283f2e7bc915d9e54c1,50663783462026582445826464439443273985985583241816031836429405001866278507939
2026-04-23T17:10:01.015378+00:00,2026-04-23T17:21:05.385144+00:00,momentum,"Ethereum Up or Down - April 23, 1:10PM-1:15PM ET",UP,Up,4.0,0.53,,WIN,YES,3.547169811320754,Up,0x8fd5c87abcda1f3d6c24dccd58ede32c4dbec5dd764eb54c5e670e3f99b776c8,83889715247937874790113625896727711445062336180853557098576945166473652510381
2026-04-23T17:10:04.180864+00:00,2026-04-23T17:21:05.424990+00:00,momentum,"XRP Up or Down - April 23, 1:10PM-1:15PM ET",DOWN,Down,16.0,0.51,,LOSS,NO,-16.0,Up,0xf3a33bf61167e926957de22d5471e9efa2b09ac7208baa2b0598f45040370ad9,91908156788446189876875875550523533979475498957041387283339275992540903299924
2026-04-23T17:10:00.873522+00:00,2026-04-23T17:22:04.733571+00:00,momentum,"Solana Up or Down - April 23, 1:10PM-1:15PM ET",UP,Up,4.0,0.53,,WIN,YES,3.547169811320754,Up,0xc9fa84e3ed22900ee87682cdebee5146fe1f710f53bedcc123b8799a9de119bb,114901517566654797171430523123436559755827049693243024189609276186265408740771
2026-04-23T17:10:00.942486+00:00,2026-04-23T17:22:04.897411+00:00,momentum,"Bitcoin Up or Down - April 23, 1:10PM-1:15PM ET",UP,Up,4.0,0.55,,WIN,YES,3.2727272727272725,Up,0x1a886c797a05b9564d267fcd624d812b3a1149e528df27b6d14f0a60c86a544d,36866337988569899603454314958254017661601779037164971891937519229885164615122
2026-04-23T17:15:00.478050+00:00,2026-04-23T17:23:05.163349+00:00,momentum,"Ethereum Up or Down - April 23, 1:15PM-1:20PM ET",UP,Up,2.0,0.515,,LOSS,NO,-2.0,Down,0x66a59d59acea05d9a60c582439419653e982f95a1021e937088d706b97b87e62,10976826510236381760939297144667184202174052551470742645322628538823380476920
2026-04-23T17:15:00.566805+00:00,2026-04-23T17:24:05.645071+00:00,momentum,"XRP Up or Down - April 23, 1:15PM-1:20PM ET",UP,Up,32.0,0.51,,LOSS,NO,-32.0,Down,0xc6e24e09ee919ee391b2fecccefdd00aa77f32d4cb9631ffb74b4e1ed780c765,1746496519211590399712524301276226109427590951063567607420977545660662562855
2026-04-23T17:15:08.272056+00:00,2026-04-23T17:24:05.998961+00:00,momentum,"Bitcoin Up or Down - April 23, 1:15PM-1:20PM ET",DOWN,Down,2.0,0.59,,WIN,YES,1.3898305084745766,Down,0xd8abda511d92714171789edec9a1e714ffa2e5657fa9211f30577d49507f507c,112297193439443468419549188626421494435979481407290834845608690499564531620225
2026-04-23T17:15:00.877213+00:00,2026-04-23T17:25:05.687242+00:00,momentum,"Solana Up or Down - April 23, 1:15PM-1:20PM ET",UP,Up,2.0,0.51,,LOSS,NO,-2.0,Down,0x7e1b91656bb2a03ca241354f78215329c198b9c31d34438f6a48946a56100e80,54860648779306141452381312074854174056381055039102239292801789298583242011413
2026-04-23T17:20:02.648070+00:00,2026-04-23T17:29:08.228132+00:00,momentum,"Solana Up or Down - April 23, 1:20PM-1:25PM ET",UP,Up,2.0,0.54,,WIN,YES,1.7037037037037033,Up,0xdc01c927561d72aad729107d45d80cdcdb4289d84a36ac0170b68b6598551e89,11514007363188938727348776026896901969821031038864684654035175782492637199389
2026-04-23T17:20:00.298513+00:00,2026-04-23T17:30:08.726894+00:00,momentum,"Ethereum Up or Down - April 23, 1:20PM-1:25PM ET",UP,Up,2.0,0.525,,WIN,YES,1.8095238095238093,Up,0x9e45f0d832d2118dbbf33a7a55aea450af2212ff30101b5d8026c4b9a047c410,45248404681073656573492620753955266402209155712755244729816025932988508574815
2026-04-23T17:20:00.372078+00:00,2026-04-23T17:30:08.899818+00:00,momentum,"XRP Up or Down - April 23, 1:20PM-1:25PM ET",UP,Up,32.0,0.51,,WIN,YES,30.745098039215684,Up,0xaf743bd91fa84bb99ecf3352a88c174ccdff3fa715801720fd1bb82f5733ca53,71199453676556068483721508677999749509064860414395811269169186465390388274763
2026-04-23T17:20:00.231762+00:00,2026-04-23T17:31:08.999442+00:00,momentum,"Bitcoin Up or Down - April 23, 1:20PM-1:25PM ET",UP,Up,2.0,0.515,,WIN,YES,1.883495145631068,Up,0xe7f8c5aaf2fe3480a0faf00a6bcbaa24405a69deff151b7407ec8a67cfb1a206,95043826808079550759343218188034670243091637188359675379082051027323788691096
2026-04-23T17:25:02.503982+00:00,2026-04-23T17:35:11.252734+00:00,momentum,"Ethereum Up or Down - April 23, 1:25PM-1:30PM ET",UP,Up,2.0,0.53,,LOSS,NO,-2.0,Down,0xeabb7746ab5f96b3cfa05cd5b3d92664cf4143184af47cb39fd63fab8a1188e3,91913051186587698832343216994564302888976368062321503763398936513958980738720
2026-04-23T17:25:00.226354+00:00,2026-04-23T17:36:11.388862+00:00,momentum,"XRP Up or Down - April 23, 1:25PM-1:30PM ET",DOWN,Down,2.0,0.51,,WIN,YES,1.9215686274509802,Down,0x420b82c38c10084154bd44446eb07cbd4d972d7b8452a0ae651eeff866a90213,72322258053039445694606108441219328529434178989257952183360268059093165945809
2026-04-23T17:25:00.297286+00:00,2026-04-23T17:36:11.431556+00:00,momentum,"Solana Up or Down - April 23, 1:25PM-1:30PM ET",UP,Up,2.0,0.51,,LOSS,NO,-2.0,Down,0xadd40319c3f722ad05ce166d83c532ed2618b66637c28a37ce805107fce32da0,35324083073517398772210468760254744833064751721119642861549848209403368207968
2026-04-23T17:25:02.447177+00:00,2026-04-23T17:36:11.471320+00:00,momentum,"Bitcoin Up or Down - April 23, 1:25PM-1:30PM ET",UP,Up,2.0,0.53,,LOSS,NO,-2.0,Down,0x041b7a1d7a2f35a0a8df8d5ce60d8fbea507f72f14eeaf629fa3581bbb5801c4,90434651119078025082222955904971748058681475313750949474324259500308580134082
2026-04-23T17:30:03.174654+00:00,2026-04-23T17:38:13.878525+00:00,momentum,"Bitcoin Up or Down - April 23, 1:30PM-1:35PM ET",UP,Up,4.0,0.52,,WIN,YES,3.6923076923076916,Up,0xed1033938bffce968dab809565fee02e9dd625465dc660d55ad8be49385f52b8,12500917737060393230527539918508983134685438081385091941691509545686145680559
2026-04-23T17:30:00.914564+00:00,2026-04-23T17:39:13.578012+00:00,momentum,"XRP Up or Down - April 23, 1:30PM-1:35PM ET",DOWN,Down,2.0,0.51,,LOSS,NO,-2.0,Up,0x57e51f76296f982a474007a007ea19fd7b0dbe92010c65137f4ae23c07f5b73f,85010059708310352236275549375516651756456429510553079065959808084199998417121
2026-04-23T17:30:01.006720+00:00,2026-04-23T17:39:13.890888+00:00,momentum,"Solana Up or Down - April 23, 1:30PM-1:35PM ET",UP,Up,2.0,0.515,,WIN,YES,1.883495145631068,Up,0x216d206fe2a83b65aa7fa032e53f309365fdba5d9a2e766ae7f0c6d986b895e3,98570257880287408710624658038157442005632895046432320055793460488792580678413
2026-04-23T17:30:00.965424+00:00,2026-04-23T17:40:14.371813+00:00,momentum,"Ethereum Up or Down - April 23, 1:30PM-1:35PM ET",UP,Up,4.0,0.525,,WIN,YES,3.6190476190476186,Up,0xf752363ac8ae46e072ca4658b4680f1c462fe738fe6b6766db609ec65181b508,16237431944639434493221806524687184109569213798144410737467999385849388098239
2026-04-23T17:35:00.893065+00:00,2026-04-23T17:44:16.427368+00:00,momentum,"Bitcoin Up or Down - April 23, 1:35PM-1:40PM ET",UP,Up,2.0,0.515,,LOSS,NO,-2.0,Down,0xf622b0ebbf967ba7c204589b3f439e466b01388b8703ddd0fed6080c5a715a65,107394092596354276670022795074090223708009455493801661670650691115787153676747
2026-04-23T17:35:00.936999+00:00,2026-04-23T17:45:17.426523+00:00,momentum,"Ethereum Up or Down - April 23, 1:35PM-1:40PM ET",UP,Up,2.0,0.515,,LOSS,NO,-2.0,Down,0x547ab8c9c4f6fa2412a9520e543c320e0cc6a78426c3fc964dd2227d7285e16a,72080138714527473575798852391724814936033345752071579226207110388949113173719
2026-04-23T17:35:00.988650+00:00,2026-04-23T17:45:17.459550+00:00,momentum,"Solana Up or Down - April 23, 1:35PM-1:40PM ET",UP,Up,2.0,0.515,,LOSS,NO,-2.0,Down,0x52b525f76ed6cf299b5dc984bb45024adbb07e841d327689c0568d5721c0a436,67038338569425286013919735139012678856301486451662025775237452479586042103210
2026-04-23T17:35:01.039718+00:00,2026-04-23T17:45:17.660661+00:00,momentum,"XRP Up or Down - April 23, 1:35PM-1:40PM ET",DOWN,Down,2.0,0.51,,WIN,YES,1.9215686274509802,Down,0x38b0733d09ff67142e0eb87c0bb86f3d844f72224377496b11f5a7c9d95aec90,54081001704047207085382963169516540494076037320448973134198784447671101821335
2026-04-23T17:40:00.419309+00:00,2026-04-23T17:51:20.026952+00:00,momentum,"XRP Up or Down - April 23, 1:40PM-1:45PM ET",DOWN,Down,2.0,0.51,,WIN,YES,1.9215686274509802,Down,0xcff1932b5fd1fe8073947cfa33612f77fa0e650a43ce668127cd66082a721e70,30809531453596103387510264522681062907670212404656435703698831701942483339097
2026-04-23T17:40:00.543181+00:00,2026-04-23T17:51:20.239577+00:00,momentum,"Ethereum Up or Down - April 23, 1:40PM-1:45PM ET",UP,Up,4.0,0.525,,LOSS,NO,-4.0,Down,0x6dd153fc79d419270e3ce1fe1a326df2132070b30e8a4cde082f87c5a774681b,110451145463452568498244449969228987298577809021061584755903477804130103913701
2026-04-23T17:40:02.695946+00:00,2026-04-23T17:51:20.286611+00:00,momentum,"Bitcoin Up or Down - April 23, 1:40PM-1:45PM ET",UP,Up,4.0,0.55,,LOSS,NO,-4.0,Down,0xb439c9cd5d78a01bcb9f2bc02d11a7fd924c9117ed6180500871fdc5f4ae7cf1,47173970535156430393202738625033282036253816221183248642510629979004300157090
2026-04-23T17:40:00.488172+00:00,2026-04-23T17:52:19.977304+00:00,momentum,"Solana Up or Down - April 23, 1:40PM-1:45PM ET",UP,Up,4.0,0.51,,WIN,YES,3.8431372549019605,Up,0xae787377366c6039ea07dd4c0337057188e4b9c38f8a3810741adf7b2030dc9e,38115324421490592350878471248195569066893026232183553062224565521016844776800
2026-04-23T17:45:00.982992+00:00,2026-04-23T17:53:20.245127+00:00,momentum,"Bitcoin Up or Down - April 23, 1:45PM-1:50PM ET",UP,Up,4.0,0.515,,WIN,YES,3.766990291262136,Up,0xaa8d640f700cbd3b35e7ce9f1d368b5ed4498952c62dd862fe575dc815b25357,93118542428351639303548501988059598217077255697474932775405510070932797704321
2026-04-23T17:45:01.033434+00:00,2026-04-23T17:53:20.418300+00:00,momentum,"Solana Up or Down - April 23, 1:45PM-1:50PM ET",UP,Up,2.0,0.51,,WIN,YES,1.9215686274509802,Up,0xb8fe92ec63ebeaa26635072872ad040c5cdc94b6de4ea19424f6f9ba2be9505c,55636602986353010321097779460061664862088119198464314099565412569450995439315
2026-04-23T17:45:02.586501+00:00,2026-04-23T17:53:20.599180+00:00,momentum,"Ethereum Up or Down - April 23, 1:45PM-1:50PM ET",UP,Up,4.0,0.52,,WIN,YES,3.6923076923076916,Up,0xdf9146a93963a619693e6e709c39bf6b25fb488a779541ef46ebfe1b302c165f,57061167686075880395561630801608341394811181370601109941979865665206294549727
2026-04-23T17:45:04.016321+00:00,2026-04-23T17:55:21.748764+00:00,momentum,"XRP Up or Down - April 23, 1:45PM-1:50PM ET",DOWN,Down,2.0,0.59,,LOSS,NO,-2.0,Up,0x718a76d965f04dce82dc95c2c4258fa5c032ad5093772a9a1145bbf5883a144a,10667254030132930639250678140673556342654546693027044095168164284836232270764
2026-04-23T17:50:00.384325+00:00,2026-04-23T17:59:24.335203+00:00,momentum,"Ethereum Up or Down - April 23, 1:50PM-1:55PM ET",UP,Up,2.0,0.52,,WIN,YES,1.8461538461538458,Up,0x0b71cdae395e444ef740147aa1ce047c67aebe4ac580864bcb932828bbfe4599,32438664841288209973539019429865199805026623568397383076921585570875271521094
2026-04-23T17:50:03.558039+00:00,2026-04-23T17:59:24.496827+00:00,momentum,"Solana Up or Down - April 23, 1:50PM-1:55PM ET",DOWN,Down,2.0,0.52,,LOSS,NO,-2.0,Up,0x97b0441a57f59333e7e74c83cc3e83962059344f49bc77a04dfd99093c3a9937,74856786549397996917500675050729608448410318267415767653019495001897732119302
2026-04-23T17:50:03.515593+00:00,2026-04-23T18:00:24.606529+00:00,momentum,"Bitcoin Up or Down - April 23, 1:50PM-1:55PM ET",DOWN,Down,2.0,0.54,,LOSS,NO,-2.0,Up,0xa24d6d5787eeff069cdb1b504cc21e54adf1f5c7ab1db197de7d4b84fb0b94df,66880267977571527546528088774760788540922998178420537397436045053901389602712
2026-04-23T17:50:06.666542+00:00,2026-04-23T18:01:24.677102+00:00,momentum,"XRP Up or Down - April 23, 1:50PM-1:55PM ET",DOWN,Down,4.0,0.53,,LOSS,NO,-4.0,Up,0x1ca372c16269ffe543d2ee4470f18ed2b74d3eb204b7b218cd27ca51e42a37d8,59162376199645387259438213683403076007298342242011899795531501900843192277867
2026-04-23T17:55:00.409999+00:00,2026-04-23T18:06:27.310815+00:00,momentum,"Bitcoin Up or Down - April 23, 1:55PM-2:00PM ET",UP,Up,4.0,0.515,,WIN,YES,3.766990291262136,Up,0xb8d139ec12106c23b93ad09a563ee420647cf8c07f18aada4662c5db938a09ef,8413301700409865080242082382872316326032212410288623541005209630782922408228
2026-04-23T17:55:00.498254+00:00,2026-04-23T18:06:27.601595+00:00,momentum,"Ethereum Up or Down - April 23, 1:55PM-2:00PM ET",UP,Up,2.0,0.515,,WIN,YES,1.883495145631068,Up,0xdd326946b6850fd7959728f239bf4c0e666526d5eba78704a1617a36372ae6c0,104812076038041431343921679053221357457374762712779271597199155402035823372804
2026-04-23T17:55:00.366444+00:00,2026-04-23T18:07:27.516031+00:00,momentum,"Solana Up or Down - April 23, 1:55PM-2:00PM ET",UP,Up,4.0,0.51,,WIN,YES,3.8431372549019605,Up,0xe032250ea0f03ed012d20e9af7ef9493c4a1d6aa8b0d8756828d3570bdf3471a,56854222987946880723937145855058564691209323463539709269767317674566654328715
2026-04-23T17:55:00.457262+00:00,2026-04-23T18:07:27.693969+00:00,momentum,"XRP Up or Down - April 23, 1:55PM-2:00PM ET",UP,Up,8.0,0.51,,WIN,YES,7.686274509803921,Up,0xf292132aa3ab4765f5f94c7fe4de5d2365295b23b51478108f13eb61a97ebba5,15984939646468365948485093633698008537688156404814583241629299369481006119499
2026-04-23T18:00:06.387446+00:00,2026-04-23T18:08:28.486786+00:00,momentum,"Bitcoin Up or Down - April 23, 2:00PM-2:05PM ET",DOWN,Down,2.0,0.56,,LOSS,NO,-2.0,Up,0x8b999e486b8348adb843e4e00333b9a0a1778a01deaa58cc7fad1dad33cbac2f,95936999261471407598970336075583347516033914059989901788454532253309322057924
2026-04-23T18:00:01.029020+00:00,2026-04-23T18:09:28.446532+00:00,momentum,"XRP Up or Down - April 23, 2:00PM-2:05PM ET",UP,Up,2.0,0.51,,LOSS,NO,-2.0,Down,0xac31e47fb176f608325b8c336962d565e93a114c08e151407311116f04c525d0,93106010392610408505228627268287102903657496859514206621964531142183880804997
2026-04-23T18:00:01.125038+00:00,2026-04-23T18:09:28.494289+00:00,momentum,"Solana Up or Down - April 23, 2:00PM-2:05PM ET",DOWN,Down,2.0,0.515,,LOSS,NO,-2.0,Up,0x15c56312b8d7c0b7a58193649be2cea9682b6a1718212bf0b82a330acd4759c9,31392901269226891415167666894040466194529242956834547985067674240522686114975
2026-04-23T18:00:06.344674+00:00,2026-04-23T18:10:28.662620+00:00,momentum,"Ethereum Up or Down - April 23, 2:00PM-2:05PM ET",DOWN,Down,2.0,0.52,,WIN,YES,1.8461538461538458,Down,0x576b7bce430d10a50e86a1eb4f8f3add4c3efe2518313c1dea4ae6c66672e27b,23861698995203363627219816148241302178278735538158784862597802090441551366797
2026-04-23T18:05:00.863568+00:00,2026-04-23T18:15:32.646987+00:00,momentum,"Bitcoin Up or Down - April 23, 2:05PM-2:10PM ET",DOWN,Down,4.0,0.53,,LOSS,NO,-4.0,Up,0x77511ee61d645dd139e12ac964e0c7ccb4f9b837e47bc375e3e0dce6993e7b5e,57751800518765439791749635230460440788056135271228828579753133068289493592974
2026-04-23T18:05:00.931175+00:00,2026-04-23T18:15:32.722418+00:00,momentum,"Solana Up or Down - April 23, 2:05PM-2:10PM ET",DOWN,Down,4.0,0.51,,LOSS,NO,-4.0,Up,0x560d7b5f0f053de12e038997820fe7c30f1e88ec150457be55c9c68e66ec77f1,88915291550089051865555837907279876380833388205722069685571260829521254371824
2026-04-23T18:05:04.138145+00:00,2026-04-23T18:15:33.270181+00:00,momentum,"XRP Up or Down - April 23, 2:05PM-2:10PM ET",UP,Up,4.0,0.56,,WIN,YES,3.1428571428571423,Up,0x2c898612420ed7563c2b2452b88ef9cea298fdcdbc595ba67d85a8276a666264,13825491168690302013514821020782742987971664298497006556793385568099856393457
2026-04-23T18:05:04.093160+00:00,2026-04-23T18:16:31.934299+00:00,momentum,"Ethereum Up or Down - April 23, 2:05PM-2:10PM ET",DOWN,Down,2.0,0.51,,LOSS,NO,-2.0,Up,0x41a33a2ba0d8763d7cb6d6ac52b31a45ed69101e504baa7d6da887032c26a9f9,4925792519670987454302787230509352134457715036706513142214930691142069709865
2026-04-23T18:10:01.339325+00:00,2026-04-23T18:20:34.804089+00:00,momentum,"Bitcoin Up or Down - April 23, 2:10PM-2:15PM ET",DOWN,Down,8.0,0.52,,WIN,YES,7.384615384615383,Down,0xf9641558e9691422d6bd5911beb644a32968d5bb9590b3b9537a0be8eca1fdc2,37912141422552076203522614796345478875501279337035774614938302326099353798348
2026-04-23T18:10:01.213375+00:00,2026-04-23T18:21:35.072856+00:00,momentum,"Solana Up or Down - April 23, 2:10PM-2:15PM ET",DOWN,Down,8.0,0.51,,WIN,YES,7.686274509803921,Down,0x295ab09eb5fcba4d1df7d4c940e572373b824c275edc1d9fa35a10867f0821ad,42157235019523608051793152974588435572917254037364909288704031817307359295066
2026-04-23T18:10:10.614771+00:00,2026-04-23T18:21:35.260044+00:00,momentum,"Ethereum Up or Down - April 23, 2:10PM-2:15PM ET",UP,Up,4.0,0.52,,LOSS,NO,-4.0,Down,0xed404104afef7808c840b6132b96e68a70f28ed89d0673d56471573a4641ac47,46772167555234153994660916022797897712949795037027118103819412235994046608024
2026-04-23T18:10:01.280085+00:00,2026-04-23T18:22:35.561136+00:00,momentum,"XRP Up or Down - April 23, 2:10PM-2:15PM ET",DOWN,Down,2.0,0.51,,WIN,YES,1.9215686274509802,Down,0xb12ac13a6811cc62addcd93075b835e6e7bf5ad42ca6963d1a59a36a9436c38e,49674510056028114507389182170253239186678977110575634080968994343229955777813
2026-04-23T18:15:02.818820+00:00,2026-04-23T18:24:36.974193+00:00,momentum,"Solana Up or Down - April 23, 2:15PM-2:20PM ET",DOWN,Down,16.0,0.51,,WIN,YES,15.372549019607842,Down,0x49947bce59485b630efbce2e9d838c2b3a0b4a3f2e39481d16027b8bd5ec16d9,85336108756605638009412824578555755856608006336850255613688769426555386774388
2026-04-23T18:15:03.127305+00:00,2026-04-23T18:24:37.140803+00:00,momentum,"XRP Up or Down - April 23, 2:15PM-2:20PM ET",UP,Up,4.0,0.56,,WIN,YES,3.1428571428571423,Up,0x7ab87b08b4c96523d74297f224f8794125dd2afbed027949d11e1f111b4a7ebe,40185404557669354610128428201584795181139333494813728495489855129557500242284
2026-04-23T18:15:03.365314+00:00,2026-04-23T18:24:37.328808+00:00,momentum,"Ethereum Up or Down - April 23, 2:15PM-2:20PM ET",UP,Up,2.0,0.54,,LOSS,NO,-2.0,Down,0x6c86df8384c2012d348920b1fe313829f97880a34bd6e22627abe8f0c14198c5,85856678707180313893294150768373084648904884399938281536495432728343224665632
2026-04-23T18:15:03.260950+00:00,2026-04-23T18:25:37.566061+00:00,momentum,"Bitcoin Up or Down - April 23, 2:15PM-2:20PM ET",DOWN,Down,16.0,0.55,,WIN,YES,13.09090909090909,Down,0x3e9531b4822f8e7bdf0c2b53d02a9c94951e7cdc7f8943d4a06329a607448432,6722757068094433939630375826526700076928637602292892203711634102635912786394
2026-04-23T18:20:00.426416+00:00,2026-04-23T18:29:39.937442+00:00,momentum,"Bitcoin Up or Down - April 23, 2:20PM-2:25PM ET",DOWN,Down,2.0,0.51,,LOSS,NO,-2.0,Up,0xd1b2c257ad52b033664c3e4d94e9027300763b306d70d5edd8d0c8e021a7f8e1,429280542662906617400249642277849061377371595118929993884081981469137175052
2026-04-23T18:20:03.612637+00:00,2026-04-23T18:29:40.116575+00:00,momentum,"XRP Up or Down - April 23, 2:20PM-2:25PM ET",DOWN,Down,2.0,0.51,,WIN,YES,1.9215686274509802,Down,0x5b01b45be2aba947c1027604184fb4ce04570381b209d18d97c4b8df3f40a5e9,35106687229553698564092957037692399060845459427446397709731477987881527199225
2026-04-23T18:20:10.052667+00:00,2026-04-23T18:29:40.171563+00:00,momentum,"Solana Up or Down - April 23, 2:20PM-2:25PM ET",UP,Up,32.0,0.51,,LOSS,NO,-32.0,Down,0x8575e5072ba467cfca228fbd37bc1d51e96e9307a05b1f7321c5ddf89a1d158f,103297429253926801868420573283241596613062751642531303843152315754904224035776
2026-04-23T18:20:00.374346+00:00,2026-04-23T18:30:39.889189+00:00,momentum,"Ethereum Up or Down - April 23, 2:20PM-2:25PM ET",DOWN,Down,4.0,0.51,,WIN,YES,3.8431372549019605,Down,0xd966159f1d0f1d5861bf649648364d5f670a7bbef2c9cd123017f59f6ba655a9,77083591884785881491125410067006333947578704494509907931692469591111513791509
2026-04-23T18:25:00.896432+00:00,2026-04-23T18:35:42.017246+00:00,momentum,"Bitcoin Up or Down - April 23, 2:25PM-2:30PM ET",DOWN,Down,4.0,0.51,,WIN,YES,3.8431372549019605,Down,0xced01eae96f8161ac580d46d08b213f049f5c3c42eea3dd8bae0f72e2b101b83,45977107098493264446772558682008424769154852517551054479752676760961403437440
2026-04-23T18:25:00.958422+00:00,2026-04-23T18:36:42.452530+00:00,momentum,"XRP Up or Down - April 23, 2:25PM-2:30PM ET",DOWN,Down,2.0,0.51,,WIN,YES,1.9215686274509802,Down,0x375bdb24bd9a55cc607d176e562a944c6143e1053921da96f469814d304e8f94,15016695133745496891831203340568741795111262768496114568373965997503233166567
2026-04-23T18:25:01.020393+00:00,2026-04-23T18:36:42.591795+00:00,momentum,"Solana Up or Down - April 23, 2:25PM-2:30PM ET",DOWN,Down,64.0,0.51,,WIN,YES,61.49019607843137,Down,0x8d8a71e3af6f09bb332cf664342e1cc113de82ad24969f26495b957a98a7e2b3,49203838748617990691156761765175797771892221906388797402879642669687382430926
2026-04-23T18:25:01.081853+00:00,2026-04-23T18:36:42.759687+00:00,momentum,"Ethereum Up or Down - April 23, 2:25PM-2:30PM ET",DOWN,Down,2.0,0.51,,WIN,YES,1.9215686274509802,Down,0xb681eb1b4212ff241ada82dfff8d7c7c356432bd25396e161622cc32774355e8,65078887360780841821710494852618823252336528542589520852318966632783135748243
2026-04-23T18:30:03.569730+00:00,2026-04-23T18:38:43.923732+00:00,momentum,"Bitcoin Up or Down - April 23, 2:30PM-2:35PM ET",UP,Up,2.0,0.52,,WIN,YES,1.8461538461538458,Up,0x2ebabb64bf5387af0dbb00f7100621ab21e81237f003e0a0519cf4fe4800f34d,21791967012936547451068558366717284625881302267658326056703260243462999124751
2026-04-23T18:30:01.436270+00:00,2026-04-23T18:39:44.313723+00:00,momentum,"Solana Up or Down - April 23, 2:30PM-2:35PM ET",DOWN,Down,2.0,0.515,,LOSS,NO,-2.0,Up,0x6f47a3f8d8ddc93ab2f94d93ef9025f3599a57a4c5886e303e67cbf1d8c49526,107331635546642125867466127823734514316625630948470042134853879660218064824284
2026-04-23T18:30:03.622084+00:00,2026-04-23T18:39:44.464842+00:00,momentum,"Ethereum Up or Down - April 23, 2:30PM-2:35PM ET",UP,Up,2.0,0.54,,WIN,YES,1.7037037037037033,Up,0x97365b4e1b207f5dbeac6c721c97239285f671fb6c01648517ffa88dfee33f3a,98475850914364617418754059898577872266814509414065150243187200234719318851363
2026-04-23T18:30:06.739281+00:00,2026-04-23T18:39:44.610638+00:00,momentum,"XRP Up or Down - April 23, 2:30PM-2:35PM ET",UP,Up,2.0,0.52,,WIN,YES,1.8461538461538458,Up,0x8809e3228f857ed5626afd53287f57caafcc38ba0e5088fedd0e45e9f84a8ff0,46149268517570555687899201164322920334653944958329526741025096260873245257789
2026-04-23T18:35:02.393418+00:00,2026-04-23T18:44:48.365027+00:00,momentum,"Ethereum Up or Down - April 23, 2:35PM-2:40PM ET",DOWN,Down,2.0,0.54,,LOSS,NO,-2.0,Up,0xab884d853c53ba70dc6aac339f2e86a4e4c22c83b5229bb66194f83da0c4c158,18691239535853049272329266945659546360525846737842526516959301132069269504514
2026-04-23T18:35:02.444740+00:00,2026-04-23T18:44:48.400972+00:00,momentum,"Bitcoin Up or Down - April 23, 2:35PM-2:40PM ET",DOWN,Down,2.0,0.52,,LOSS,NO,-2.0,Up,0x8a0441ccbd0ace237bbfd19328d3980e21d2679c75daebd031ae821c1272f052,30111833751304876671828678492741978884388254339913002990524971349222072942922
2026-04-23T18:35:02.331156+00:00,2026-04-23T18:45:48.615773+00:00,momentum,"XRP Up or Down - April 23, 2:35PM-2:40PM ET",DOWN,Down,2.0,0.53,,LOSS,NO,-2.0,Up,0x00916ee4cfff36ef4f2a88ecc2eaef0ec3020b62c1d4776fafe000688290c6b8,105576599972087385310396054362905851247220861471564519635272832010793560629665
2026-04-23T18:35:05.567399+00:00,2026-04-23T18:45:48.651865+00:00,momentum,"Solana Up or Down - April 23, 2:35PM-2:40PM ET",DOWN,Down,4.0,0.54,,LOSS,NO,-4.0,Up,0xe17c871ae5a1d07302f198a442e2692bd38e84a4ce8a45601203a0b00d9f98d0,92385665426841008205648322644973982995804879965088934862088602741058970959274
2026-04-23T18:40:00.842938+00:00,2026-04-23T18:50:51.082343+00:00,momentum,"Ethereum Up or Down - April 23, 2:40PM-2:45PM ET",UP,Up,4.0,0.535,,WIN,YES,3.4766355140186915,Up,0x70a31d41af94fe84a308b93965e1455569cd661e4654d85e5f38fde4dadd607c,88327029717926831229529800227003923894916551825513797626227690008241959579370
2026-04-23T18:40:00.895375+00:00,2026-04-23T18:51:51.172233+00:00,momentum,"Solana Up or Down - April 23, 2:40PM-2:45PM ET",DOWN,Down,8.0,0.515,,WIN,YES,7.533980582524272,Down,0x14d54f928e3bdf973f272a250e3d994239f8befc0d48f922316a2bf467e51061,20717659228471091352198402353161345340267238064750281301802397983630780362701
2026-04-23T18:40:00.945922+00:00,2026-04-23T18:51:51.207906+00:00,momentum,"XRP Up or Down - April 23, 2:40PM-2:45PM ET",UP,Up,4.0,0.51,,LOSS,NO,-4.0,Down,0xc6763fc58fad2a9d88937e88672dabeaff0c9ad8134033dec8ee4cc58111994c,2725740517199023162933259244669350941256393015839544387441870574363735742868
2026-04-23T18:40:03.096837+00:00,2026-04-23T18:51:51.368026+00:00,momentum,"Bitcoin Up or Down - April 23, 2:40PM-2:45PM ET",DOWN,Down,4.0,0.52,,WIN,YES,3.6923076923076916,Down,0xaaab1dc1c133e302eccfa26c1b8f7916a303c192c0694ec2195e452597247b9d,68469295437150172775605020050814426499832601982348400945013099149860359758825
2026-04-23T18:45:00.470325+00:00,2026-04-23T18:53:52.831446+00:00,momentum,"Bitcoin Up or Down - April 23, 2:45PM-2:50PM ET",DOWN,Down,2.0,0.51,,WIN,YES,1.9215686274509802,Down,0xaaa3213d7339388bc857cb8c860a3b36a44ccb4cc5c02ad779b93014663118f3,42611468937084098896850112481387650375271675029462983075261732629527855322448
2026-04-23T18:45:00.594934+00:00,2026-04-23T18:53:53.224956+00:00,momentum,"XRP Up or Down - April 23, 2:45PM-2:50PM ET",DOWN,Down,2.0,0.51,,WIN,YES,1.9215686274509802,Down,0x60d23c7c99811d9caf8fd4a36ad35f4640ae71ef603f0b60889db216f3866a09,86444759533616923547459307763718352637323458365689929417920588414548269664187
2026-04-23T18:45:03.770740+00:00,2026-04-23T18:53:53.385042+00:00,momentum,"Ethereum Up or Down - April 23, 2:45PM-2:50PM ET",DOWN,Down,2.0,0.52,,WIN,YES,1.8461538461538458,Down,0x828b75fa5e0279e152b76afcda75405f960abc0ead4c5ee7f87c8462c99f2520,63684171159165111171428838717678558780948618492080013609643848778735178366831
2026-04-23T18:45:00.537368+00:00,2026-04-23T18:54:53.728344+00:00,momentum,"Solana Up or Down - April 23, 2:45PM-2:50PM ET",DOWN,Down,2.0,0.51,,WIN,YES,1.9215686274509802,Down,0x5f49b7e2e824c1510e55522589f4500babaf72e7c6cdb0829016cbfb2c4def22,86680326224915403804398842161429728718399519593388300301548126861359423517793
2026-04-23T18:50:04.793114+00:00,2026-04-23T18:59:56.627971+00:00,momentum,"Solana Up or Down - April 23, 2:50PM-2:55PM ET",DOWN,Down,2.0,0.55,,LOSS,NO,-2.0,Up,0xe20413ba87c5dd7e3b7555a4ecad03eadc35469a528c6468ead646c12a870d9a,80297306030530317395694774551447800096946368523721108509450463444145438429068
2026-04-23T18:50:00.479177+00:00,2026-04-23T19:00:56.733661+00:00,momentum,"Ethereum Up or Down - April 23, 2:50PM-2:55PM ET",DOWN,Down,2.0,0.51,,LOSS,NO,-2.0,Up,0xc09cbb78f513dfd6a5a88b2adb01e9c4de60df457d1f9944851f23591cca9812,76735266277555497414462727723289909504524187222624643886040710791818941749331
2026-04-23T18:50:01.621982+00:00,2026-04-23T19:00:56.772293+00:00,momentum,"XRP Up or Down - April 23, 2:50PM-2:55PM ET",DOWN,Down,2.0,0.52,,LOSS,NO,-2.0,Up,0x92b460023e252d57f4ee9c6b9968ebc35a6efb4d52830f52dd5cff8ef79c8249,98734550874255886523192351812537176022632534609979916086170353062874884879944
2026-04-23T18:50:07.984363+00:00,2026-04-23T19:00:56.825983+00:00,momentum,"Bitcoin Up or Down - April 23, 2:50PM-2:55PM ET",DOWN,Down,2.0,0.57,,LOSS,NO,-2.0,Up,0x3c4e8ad7164fdb005dc3b3ef877565177907216c83625bc72dc6a5d7cf6ebe29,40880741081895329236454781094626235484020674451323542487751030598221826675237
2026-04-23T18:55:00.423333+00:00,2026-04-23T19:06:00.430998+00:00,momentum,"Solana Up or Down - April 23, 2:55PM-3:00PM ET",DOWN,Down,4.0,0.515,,WIN,YES,3.766990291262136,Down,0x18494395ef7addeb42d3f986e82671d14352d4ff8585b9cef8a6b1ceb8f68152,67784104033000422566815697544035746795992429361665029003410661145509039342780
2026-04-23T18:55:02.583346+00:00,2026-04-23T19:06:00.634954+00:00,momentum,"Bitcoin Up or Down - April 23, 2:55PM-3:00PM ET",DOWN,Down,4.0,0.64,,WIN,YES,2.25,Down,0x2183ec21361bad60bb02d06dc0ad0decc3831fc82e06660e3947cd30aed3f72f,53279835947920155132705454245177947056052283730668657598047452075972058109138
2026-04-23T18:55:02.639446+00:00,2026-04-23T19:07:00.409296+00:00,momentum,"XRP Up or Down - April 23, 2:55PM-3:00PM ET",DOWN,Down,4.0,0.63,,WIN,YES,2.349206349206349,Down,0xcaac58ce661d4ec0ceed1c5e297702074fdc871b4149cd7f46dd7151e7dcc813,78725035034542421455568208148018585815963869000335946706767617503654840760388
2026-04-23T18:55:02.696286+00:00,2026-04-23T19:07:00.602709+00:00,momentum,"Ethereum Up or Down - April 23, 2:55PM-3:00PM ET",DOWN,Down,4.0,0.64,,WIN,YES,2.25,Down,0x5c7b09feb17aef666b72ccb41c3407ffd8eb3c8c2b7e1b1ebb5ea1a00f8e6ce2,98002704829454799154607148204614424980710703369244710272860491153571028213790
2026-04-23T19:00:00.371836+00:00,2026-04-23T19:09:02.000034+00:00,momentum,"Solana Up or Down - April 23, 3:00PM-3:05PM ET",DOWN,Down,2.0,0.515,,WIN,YES,1.883495145631068,Down,0x8141116dee315fe607975dada8dae39ec6ee286b10dc715b6b0ecf17a6a0d4d1,26042312806095014363101864676410770463995133067447409865293354908328366307203
2026-04-23T19:00:00.455319+00:00,2026-04-23T19:10:01.534306+00:00,momentum,"Ethereum Up or Down - April 23, 3:00PM-3:05PM ET",UP,Up,2.0,0.515,,LOSS,NO,-2.0,Down,0xf29b6b51d5586872d3c0cf525cee71c1f785ebb1e8acdceb17ec804b4693aba2,104159397218146463463699877031954291742575452350714330045021022442249685807951
2026-04-23T19:00:02.099565+00:00,2026-04-23T19:10:01.711251+00:00,momentum,"Bitcoin Up or Down - April 23, 3:00PM-3:05PM ET",UP,Up,2.0,0.51,,LOSS,NO,-2.0,Down,0xdd8a81789e98fc76c8bf288cddc4af58916d508fd4bdd39f8494c93f895ccd5e,69311004811668034842611031152312024989309609316176864546173836025213574456503
2026-04-23T19:00:05.230558+00:00,2026-04-23T19:10:02.166301+00:00,momentum,"XRP Up or Down - April 23, 3:00PM-3:05PM ET",DOWN,Down,2.0,0.52,,WIN,YES,1.8461538461538458,Down,0x9e9682e9a4893a110c19979178e2fd3ab19cb986f4dfad4b55183493ed2a97db,98817180954263831151123548883431001660576475618982338363502455218302132840996
2026-04-23T19:05:01.030737+00:00,2026-04-23T19:14:04.052360+00:00,momentum,"Solana Up or Down - April 23, 3:05PM-3:10PM ET",UP,Up,2.0,0.525,,WIN,YES,1.8095238095238093,Up,0x0b960b2f26f48a83966f41a740cc6cd310024d23aa432f6783e70aa8946e015b,70707397907740667868659732600210885460530787796386604195516659206721199453405
2026-04-23T19:05:02.204541+00:00,2026-04-23T19:15:04.600024+00:00,momentum,"Bitcoin Up or Down - April 23, 3:05PM-3:10PM ET",UP,Up,2.0,0.54,,WIN,YES,1.7037037037037033,Up,0x0679ded5a11ae363e5f7cc6caaab294af91e77151239f5fb6596ceff6fdd9086,115513995290256122019276204662103438298442814287608873818558205595755268906908
2026-04-23T19:05:02.266557+00:00,2026-04-23T19:15:04.784344+00:00,momentum,"XRP Up or Down - April 23, 3:05PM-3:10PM ET",UP,Up,2.0,0.55,,WIN,YES,1.6363636363636362,Up,0xe6d506f7b7c480fb8ab94b69097235d1716efc39677635a2c54a4ac626bad214,112463531714889884362778096893616546337539826449723114674197283555877820666826
2026-04-23T19:05:02.327098+00:00,2026-04-23T19:15:05.002863+00:00,momentum,"Ethereum Up or Down - April 23, 3:05PM-3:10PM ET",UP,Up,2.0,0.6,,WIN,YES,1.3333333333333335,Up,0xc35fa191ab89b9ce6b9169e7114818cbf3b93a20fd2b98eb0ff6c285fca85705,3737188168937176679297569252536163153011263024316551384907804687111509355390
2026-04-23T19:10:04.194247+00:00,2026-04-23T19:20:07.735983+00:00,momentum,"Solana Up or Down - April 23, 3:10PM-3:15PM ET",DOWN,Down,2.0,0.54,,LOSS,NO,-2.0,Up,0xd237a520578842f4ce86b0fa24dce4a7859ec5c785754ade7239bb69cdb7cdde,26803590768063917339833437650233458351818778315446140750089659628135256358077
2026-04-23T19:10:00.385032+00:00,2026-04-23T19:21:08.466705+00:00,momentum,"Ethereum Up or Down - April 23, 3:10PM-3:15PM ET",UP,Up,2.0,0.51,,WIN,YES,1.9215686274509802,Up,0xf9fd1db021f865e11af5c103924a9ad3837fca81b4267c5ad9de2d7decbedae2,67961476210136779340324815874110881097097216778453517857866379649732676906877
2026-04-23T19:10:04.238970+00:00,2026-04-23T19:21:08.507754+00:00,momentum,"XRP Up or Down - April 23, 3:10PM-3:15PM ET",DOWN,Down,2.0,0.52,,LOSS,NO,-2.0,Up,0x240101ce6a9751e961ee84dd651657472026954daf68a12d71b5aac88d309df1,83276758893108248993667119321686555195027098547426014319132757628394649035953
2026-04-23T19:10:07.363548+00:00,2026-04-23T19:22:08.941990+00:00,momentum,"Bitcoin Up or Down - April 23, 3:10PM-3:15PM ET",UP,Up,2.0,0.56,,WIN,YES,1.5714285714285712,Up,0x7ff4520cdf0eaa1f6c95af4b7fe8cc7f45b6480bf503491676a800a8b48a4d10,106814797965784383821649793272076570127286349293329943471430164666921674836626
2026-04-23T19:15:07.929723+00:00,2026-04-23T19:23:09.479960+00:00,momentum,"Solana Up or Down - April 23, 3:15PM-3:20PM ET",UP,Up,4.0,0.53,,WIN,YES,3.547169811320754,Up,0xf3159dbea510570dd5a22dfcca48d6870679e6db308dab26709ef644ca97bc1f,4709295396637014622546561488177490266603275921204186212459700204647119744944
2026-04-23T19:15:07.978646+00:00,2026-04-23T19:23:09.701381+00:00,momentum,"XRP Up or Down - April 23, 3:15PM-3:20PM ET",UP,Up,4.0,0.53,,WIN,YES,3.547169811320754,Up,0xa45c5259d4c886520044c304137548aa4675e7b2cd4e0b95ef07b455d3068954,7116173710836204529460328182260306791593585904111920579526765400484008512021
2026-04-23T19:15:01.041729+00:00,2026-04-23T19:24:09.624179+00:00,momentum,"Ethereum Up or Down - April 23, 3:15PM-3:20PM ET",UP,Up,2.0,0.51,,WIN,YES,1.9215686274509802,Up,0xe648eaafc95daa4a54f57851ca4678b6007d70a0a00739ef72846ce5b355323d,63080831299316514620765333150401263448118797081641559427465937056763377857475
2026-04-23T19:15:01.118117+00:00,2026-04-23T19:24:09.799195+00:00,momentum,"Bitcoin Up or Down - April 23, 3:15PM-3:20PM ET",UP,Up,2.0,0.52,,WIN,YES,1.8461538461538458,Up,0xdad0473f5112d67ba72cde82563255577268d0b5243b576a23875678b034773e,110803430228261109875037137039129447679798225992175330656208634315485042465027
2026-04-23T19:20:01.638250+00:00,2026-04-23T19:30:12.376012+00:00,momentum,"Ethereum Up or Down - April 23, 3:20PM-3:25PM ET",UP,Up,2.0,0.55,,WIN,YES,1.6363636363636362,Up,0x0b10e6efb1d87af06f87f78f561558116fa7d951a557a77c0db0506114c13a53,107871981788239364248812176753858694093946237577504107013406842580234432954972
2026-04-23T19:20:04.813400+00:00,2026-04-23T19:30:12.661239+00:00,momentum,"Solana Up or Down - April 23, 3:20PM-3:25PM ET",UP,Up,2.0,0.54,,WIN,YES,1.7037037037037033,Up,0x469189347ff75f9ee970114b5a065df0af1e4791f0148321637d4dd0f563580d,30889011978523408042378974741540500507837081682572984459579086331627030173181
2026-04-23T19:20:01.694840+00:00,2026-04-23T19:31:12.651480+00:00,momentum,"Bitcoin Up or Down - April 23, 3:20PM-3:25PM ET",UP,Up,2.0,0.54,,LOSS,NO,-2.0,Down,0x5d924731b2fe61a93d7cb54ee05710c5404f94a8dbbb65f9da3794b674f9e3c1,65479623611017671763279649172094277652112466709575873916419602470139007005030
2026-04-23T19:20:10.040838+00:00,2026-04-23T19:31:12.821681+00:00,momentum,"XRP Up or Down - April 23, 3:20PM-3:25PM ET",DOWN,Down,2.0,0.61,,WIN,YES,1.278688524590164,Down,0xb3f4a47291f9a146816cc74d81f15cb078fa8edaa8a16b91d7c1ee8499418cde,99562275960879603391592097614203679065485873149734193429171065824795049411696
2026-04-23T19:25:01.008337+00:00,2026-04-23T19:36:14.707152+00:00,momentum,"XRP Up or Down - April 23, 3:25PM-3:30PM ET",UP,Up,2.0,0.51,,WIN,YES,1.9215686274509802,Up,0x66fe8f3a3489e735377792b2eef817abeb8661d0ccf021143bb8c44933625a5e,4747115370228475040442291878505299748175318059975744651362054972567884874232
2026-04-23T19:25:03.201485+00:00,2026-04-23T19:36:14.894807+00:00,momentum,"Solana Up or Down - April 23, 3:25PM-3:30PM ET",DOWN,Down,2.0,0.52,,WIN,YES,1.8461538461538458,Down,0xc5b5701dcaa08a14d31882da4fb5d1db08354c42882c4d6f052df24cbcf3a357,45953238128432767652220912896204787657354212011502865879099021316203967550575
2026-04-23T19:25:03.263369+00:00,2026-04-23T19:36:15.069240+00:00,momentum,"Bitcoin Up or Down - April 23, 3:25PM-3:30PM ET",UP,Up,4.0,0.52,,WIN,YES,3.6923076923076916,Up,0x77d2dcebffe2b5b8a406c9e76dbc7c0f9016871c067528e4554fd79d1fef7d93,52127294993049841786474564897150681613151420888987089708345745870980276823213
2026-04-23T19:25:03.314225+00:00,2026-04-23T19:36:15.115529+00:00,momentum,"Ethereum Up or Down - April 23, 3:25PM-3:30PM ET",DOWN,Down,2.0,0.51,,LOSS,NO,-2.0,Up,0xd7fa75238322c24683337df041107e4311158629a3aa6f8aaf39e4cf221bc477,69294373282441922987393354433890363698041616473022907840108287984589470108436
2026-04-23T19:30:01.070083+00:00,2026-04-23T19:38:15.802819+00:00,momentum,"Ethereum Up or Down - April 23, 3:30PM-3:35PM ET",DOWN,Down,4.0,0.52,,WIN,YES,3.6923076923076916,Down,0x3654ceb7137515808975d56dfe3b5a0c23e7459d1f66c11c61899ae471988946,24922859007639406605273741731977728718158204617161708290725176322850295357895
2026-04-23T19:30:04.689431+00:00,2026-04-23T19:39:16.012365+00:00,momentum,"Solana Up or Down - April 23, 3:30PM-3:35PM ET",DOWN,Down,2.0,0.53,,WIN,YES,1.773584905660377,Down,0x0d6c334cf82b8e759a6a7f8abdaf2c2f5682f2881955fbc423d6399d726f89cf,103249607219938568562562656827198729926047832542344807638701443530901076352486
2026-04-23T19:30:07.803247+00:00,2026-04-23T19:39:16.216362+00:00,momentum,"XRP Up or Down - April 23, 3:30PM-3:35PM ET",DOWN,Down,2.0,0.54,,WIN,YES,1.7037037037037033,Down,0xff4ae235d45075691587ddba1306078e28b6dccbc914193898119cb1745eb27f,31845925219437157600840642992669095336193994236613379362530958511535705331075
2026-04-23T19:30:04.624910+00:00,2026-04-23T19:41:16.936045+00:00,momentum,"Bitcoin Up or Down - April 23, 3:30PM-3:35PM ET",DOWN,Down,2.0,0.57,,WIN,YES,1.5087719298245617,Down,0xc8b519e3fa06732c77903771e42a54ac1ecf3be2371d7ecd234fba5cf90abbea,51967443256242223015631227371440941938340142511766346826578857813106466780032
2026-04-23T19:35:00.103192+00:00,2026-04-23T19:45:17.992925+00:00,momentum,"XRP Up or Down - April 23, 3:35PM-3:40PM ET",UP,Up,2.0,0.51,,LOSS,NO,-2.0,Down,0x158f8e7476c0a495f91dd9cd92b75f002826d35c1551942252a4ed80e48741ef,17192717734514262888009734606257266194616872225859791412737958525753739398188
2026-04-23T19:35:02.374269+00:00,2026-04-23T19:45:18.266023+00:00,momentum,"Ethereum Up or Down - April 23, 3:35PM-3:40PM ET",DOWN,Down,2.0,0.54,,WIN,YES,1.7037037037037033,Down,0x3e19811c0374295feb8aebecac2f63487866b5a23177bf2a5f5756ab436a5f02,16966185471223477070713453826602486038465601743536131618478371476868407029004
2026-04-23T19:35:02.449633+00:00,2026-04-23T19:45:18.431549+00:00,momentum,"Solana Up or Down - April 23, 3:35PM-3:40PM ET",DOWN,Down,2.0,0.53,,WIN,YES,1.773584905660377,Down,0x92113af518be5c5c36f70e489ecb452027f0873efa28cda7cff394e631846b6a,11661908888241624682884877199709406305215630718683792139673840542613625384811
2026-04-23T19:35:02.293340+00:00,2026-04-23T19:46:18.892148+00:00,momentum,"Bitcoin Up or Down - April 23, 3:35PM-3:40PM ET",DOWN,Down,2.0,0.52,,WIN,YES,1.8461538461538458,Down,0x1409f6d88d6f6c6dcc288b5454b975935a6978449ff27151114027ea7c78a4ea,32183845934037073562220992924313399013287094594738933587167473333663006669813
2026-04-23T19:40:01.082497+00:00,2026-04-23T19:50:20.981503+00:00,momentum,"XRP Up or Down - April 23, 3:40PM-3:45PM ET",UP,Up,4.0,0.56,,WIN,YES,3.1428571428571423,Up,0x191f2b5d06863ab9b92938d50ad0fadca02773273ac9eb9e451be66ea41ae870,27062404230488661411425643306185826827673816526054542722912467242628690045124
2026-04-23T19:40:04.261220+00:00,2026-04-23T19:50:21.258752+00:00,momentum,"Ethereum Up or Down - April 23, 3:40PM-3:45PM ET",UP,Up,2.0,0.54,,WIN,YES,1.7037037037037033,Up,0xb3268feaa03a9cae7420b791b52b7be7abee075f7c26749bd86c7608785d9b1b,98016584257890904919184648919133982548260015658697829887973106391092758491921
2026-04-23T19:40:04.321369+00:00,2026-04-23T19:51:21.719826+00:00,momentum,"Bitcoin Up or Down - April 23, 3:40PM-3:45PM ET",UP,Up,2.0,0.52,,LOSS,NO,-2.0,Down,0x1d7e3627f301cf42625553c4b8d1799746297c9d04e118cf3e41716e83a7b93f,113184526980015997697128624271205296683088322784000717280381284725257867574278
2026-04-23T19:40:07.697363+00:00,2026-04-23T19:51:21.955911+00:00,momentum,"Solana Up or Down - April 23, 3:40PM-3:45PM ET",UP,Up,2.0,0.52,,WIN,YES,1.8461538461538458,Up,0x5c593f72f5591390924acec6728d9ab71291007a8a01cf8fb722f84e8bf24dde,52300393816226195291757188906761952027165322376420707054302822456255057586591
2026-04-23T19:45:02.198177+00:00,2026-04-23T19:53:22.571592+00:00,momentum,"Bitcoin Up or Down - April 23, 3:45PM-3:50PM ET",UP,Up,4.0,0.55,,WIN,YES,3.2727272727272725,Up,0xf1a4f1bccfe8c78bb5c23b2d0199d18e13b51c495696c26c4b3009871087ba87,104633022655415964654817331779177093781270686919137912261098291516325322332440
2026-04-23T19:45:02.253930+00:00,2026-04-23T19:53:22.722754+00:00,momentum,"Ethereum Up or Down - April 23, 3:45PM-3:50PM ET",UP,Up,2.0,0.53,,WIN,YES,1.773584905660377,Up,0xebcc4a48ec578945ea27dc0b1679f303e83a32102f3e37a9702ffe615455278e,47327251352903519271604533948884474668956808224312330484987658781194711621579
2026-04-23T19:45:05.438591+00:00,2026-04-23T19:54:23.033049+00:00,momentum,"XRP Up or Down - April 23, 3:45PM-3:50PM ET",UP,Up,2.0,0.54,,WIN,YES,1.7037037037037033,Up,0x41ce6e03fe2f894cf1a58054f9609b6441dec8ce3da37d97525b697a48bee7f7,89472149175697068902261838186136140029540833608040979878424036797260277269130
2026-04-23T19:45:02.309920+00:00,2026-04-23T19:57:24.606560+00:00,momentum,"Solana Up or Down - April 23, 3:45PM-3:50PM ET",UP,Up,2.0,0.56,,WIN,YES,1.5714285714285712,Up,0x58c9d756746aec110573578d4a37cd4a6148fa4cd35912d73bc2b45acfe8c3a1,70316329459931732003379086031893407883615558107327007441660298148927892810007
2026-04-23T19:50:01.033538+00:00,2026-04-23T20:00:26.124028+00:00,momentum,"Bitcoin Up or Down - April 23, 3:50PM-3:55PM ET",UP,Up,2.0,0.99,,LOSS,NO,-2.0,Down,0xc63cffd546fe5f1d0f8a108e4be73c4c149ff0499d151bb179831ab3f516bff6,22530445426682611044107808003752181284220828748905917523135679420141251331745
2026-04-23T19:50:01.093914+00:00,2026-04-23T20:00:26.248746+00:00,momentum,"XRP Up or Down - April 23, 3:50PM-3:55PM ET",UP,Up,2.0,0.59,,LOSS,NO,-2.0,Down,0x678891d7198858d30b417dfebedbb8d6ddfce38276e9059a451534757505b389,81457713520984399241431709917918055737546140668703050969725247685171129535313
2026-04-23T19:50:01.144679+00:00,2026-04-23T20:00:26.668459+00:00,momentum,"Solana Up or Down - April 23, 3:50PM-3:55PM ET",DOWN,Down,2.0,0.59,,WIN,YES,1.3898305084745766,Down,0xc9c1a8d082530c3efa7807269f3b1200328d59f34b4f47174f93fb3889b93c21,99624665346556347216008093410559490195104311864571342748006782973957499593709
2026-04-23T19:50:01.218224+00:00,2026-04-23T20:00:26.750699+00:00,momentum,"Ethereum Up or Down - April 23, 3:50PM-3:55PM ET",UP,Up,2.0,0.99,,LOSS,NO,-2.0,Down,0xef71beb42c60ebca83b3a9445e045d1c2067afce97948bfe8ba7f0ff2f6d60cc,64084484184926700890769927514192822244590697255209955676880246767430413733992
2026-04-23T19:55:01.932399+00:00,2026-04-23T20:06:28.819946+00:00,momentum,"Ethereum Up or Down - April 23, 3:55PM-4:00PM ET",DOWN,Down,4.0,0.52,,WIN,YES,3.6923076923076916,Down,0xe45502db72dfe3baa04390c6090d5a42b27465f5b8668d99b0b80db71cd828a4,14774044819175377148468597670660863843944470786524223855730961516760885283368
2026-04-23T19:55:05.107650+00:00,2026-04-23T20:06:28.862342+00:00,momentum,"Solana Up or Down - April 23, 3:55PM-4:00PM ET",UP,Up,2.0,0.52,,LOSS,NO,-2.0,Down,0x8ac7e37f9892027edb26816a8fe5de90c1d6bb0583ad6ab877e2fbe62d30b080,89907119761108371856578478175745419270739999073502258047841622160405692831382
2026-04-23T19:55:00.706999+00:00,2026-04-23T20:07:28.821645+00:00,momentum,"XRP Up or Down - April 23, 3:55PM-4:00PM ET",UP,Up,4.0,0.51,,LOSS,NO,-4.0,Down,0x752d9a4b9bef48e3153ffb947b648d5ac44712b9ae140e1f7d55dd5be6901e32,58393694395265808036713607591426242868431235248971638158305413867410009731116
2026-04-23T19:55:01.863994+00:00,2026-04-23T20:07:28.864296+00:00,momentum,"Bitcoin Up or Down - April 23, 3:55PM-4:00PM ET",UP,Up,4.0,0.52,,LOSS,NO,-4.0,Down,0xc43673bfd2a6f334e6cef0b811ba29a9658a060cb8036fd4cd66032f294c60f0,4537065571886942179346721297467154700202276350512397245435531453388893837592
2026-04-23T20:00:00.725486+00:00,2026-04-23T20:08:29.766464+00:00,momentum,"Ethereum Up or Down - April 23, 4:00PM-4:05PM ET",DOWN,Down,2.0,0.53,,LOSS,NO,-2.0,Up,0x4a003b8b62ad5e6698286fee457c28c28f9386fd33fd8a61622b0e04c90c495b,56584099163848119504693080988557710637548261920131583383100291525871681607239
2026-04-23T20:00:00.898322+00:00,2026-04-23T20:08:30.246523+00:00,momentum,"Bitcoin Up or Down - April 23, 4:00PM-4:05PM ET",UP,Up,2.0,0.51,,WIN,YES,1.9215686274509802,Up,0xee15cfe7c24d42de81bf8046c4790f0f130c5cf4b2c2c0958d965042d0c1b090,99100538171518858740246528035369232810483653012923173857353318693948157149650
2026-04-23T20:00:00.952521+00:00,2026-04-23T20:09:30.701811+00:00,momentum,"Solana Up or Down - April 23, 4:00PM-4:05PM ET",UP,Up,2.0,0.59,,WIN,YES,1.3898305084745766,Up,0x0dd25a18348f17f4ffab69aab2c89ae0001da3a5585fef3ac0124f6d9d774114,94290047176533502742479097345914359514313144964233128901888438621338903447103
2026-04-23T20:00:00.823349+00:00,2026-04-23T20:10:30.820676+00:00,momentum,"XRP Up or Down - April 23, 4:00PM-4:05PM ET",UP,Up,4.0,0.59,,WIN,YES,2.779661016949153,Up,0xda8672de3a136b3bf2e55c2c841853569962ea37a0244b52ff4e1ab8b38b6d3b,6536782061574699943710641118880958176892678835783776506663917266168478334157
2026-04-23T20:05:02.690196+00:00,2026-04-23T20:14:33.477921+00:00,momentum,"Ethereum Up or Down - April 23, 4:05PM-4:10PM ET",DOWN,Down,4.0,0.52,,LOSS,NO,-4.0,Up,0x6ad728982f7ab24c6fd8855965bb5530ca8c99651e3aa3e3cadd91d537918bd0,100299209577151691169086973030030399906899025950175547099631065785007215045456
2026-04-23T20:05:09.146531+00:00,2026-04-23T20:14:33.634672+00:00,momentum,"XRP Up or Down - April 23, 4:05PM-4:10PM ET",UP,Up,2.0,0.52,,LOSS,NO,-2.0,Down,0xb247a10c33092a14873fa096a9dde55e4e0a492b6e7639e5fce6fefd8ddf638e,38303929430202353587720530562900278974704623362905527514126713480284338166871
2026-04-23T20:05:02.446915+00:00,2026-04-23T20:15:34.265179+00:00,momentum,"Bitcoin Up or Down - April 23, 4:05PM-4:10PM ET",UP,Up,2.0,0.51,,WIN,YES,1.9215686274509802,Up,0xc5bbd16a6aa58552d18280799c7b158e3ef15cd12dc601b3e18793a05b4c3194,69473335297744166818564739146879505094945654607908776309238789313357137530726
2026-04-23T20:05:02.810613+00:00,2026-04-23T20:15:34.431152+00:00,momentum,"Solana Up or Down - April 23, 4:05PM-4:10PM ET",UP,Up,2.0,0.52,,WIN,YES,1.8461538461538458,Up,0x186676d81c927e41c32ff1888cb5ff59cf9d5b5dfe2c1a66492b7a0db7ab208a,23113420568066900724936222778231893203635351414460129697864587530718046000857
2026-04-23T20:10:01.962337+00:00,2026-04-23T20:21:38.934741+00:00,momentum,"Ethereum Up or Down - April 23, 4:10PM-4:15PM ET",DOWN,Down,8.0,0.54,,WIN,YES,6.814814814814813,Down,0x9b5a32dd870ec10571fc203ce44320fbc8e9d01083fab2b9b7911d8c7e361b77,64408264346207038685768062769504166332407459669778918674239841242899980127886
2026-04-23T20:10:05.091843+00:00,2026-04-23T20:21:38.987769+00:00,momentum,"XRP Up or Down - April 23, 4:10PM-4:15PM ET",UP,Up,2.0,0.52,,LOSS,NO,-2.0,Down,0x27477945e2db4622b2f34c2648789af13069f2e2ca880d48eb029e5f84669141,114823980187829528706798480621542781510896315382969075613258961693979030073984
2026-04-23T20:10:11.736257+00:00,2026-04-23T20:21:39.158704+00:00,momentum,"Solana Up or Down - April 23, 4:10PM-4:15PM ET",DOWN,Down,2.0,0.57,,WIN,YES,1.5087719298245617,Down,0xb3ee0f1d1d59e6c813fa8ea88e3b19bb6c15d62b0d5c5049e2c9fe46d9e150d2,91417833794009955193133039803147499203585995063352433139968525801917773664922
2026-04-23T20:10:01.891490+00:00,2026-04-23T20:22:37.849475+00:00,momentum,"Bitcoin Up or Down - April 23, 4:10PM-4:15PM ET",DOWN,Down,2.0,0.52,,WIN,YES,1.8461538461538458,Down,0x6eeb079f62a7836166a2db3c314e7a4abaff86d87f6492ff053960ea68646a66,61631413309673652493911393453901206895137821172161734375423364099466315028264
2026-04-23T20:15:00.766109+00:00,2026-04-23T20:23:38.523027+00:00,momentum,"Ethereum Up or Down - April 23, 4:15PM-4:20PM ET",DOWN,Down,2.0,0.525,,LOSS,NO,-2.0,Up,0xf4da58f37cad068687be641247326dfe25a4e7a29965a8c3889a9385732afbe6,63969536990811170539612006242918183179943418244385237904955427839245362362664
2026-04-23T20:15:02.010671+00:00,2026-04-23T20:23:38.866075+00:00,momentum,"Bitcoin Up or Down - April 23, 4:15PM-4:20PM ET",UP,Up,2.0,0.55,,LOSS,NO,-2.0,Down,0x0081a32138aa3786ae5767c8d98d4d284a763568daa58491f88fceda38b9b19a,81326662937168765491786593159097773404305953185669209293695825262155253778371
2026-04-23T20:15:01.950242+00:00,2026-04-23T20:24:39.602637+00:00,momentum,"Solana Up or Down - April 23, 4:15PM-4:20PM ET",UP,Up,2.0,0.53,,WIN,YES,1.773584905660377,Up,0xc8cacba24524be2d8bb3cc4f1e512ee0a005f2f20e3eb6a7a7a06c2ddb93eb67,8772027368789436252883165211027953274234690305875784406003119137992820525185
2026-04-23T20:15:11.952605+00:00,2026-04-23T20:24:39.634784+00:00,momentum,"XRP Up or Down - April 23, 4:15PM-4:20PM ET",UP,Up,2.0,0.57,,LOSS,NO,-2.0,Down,0x51a3c4b70dc372d0f76adea8a4859baaa05c1de759e13a264e5aebe61ca40e07,92595903056124993705779143629760844074990913846792691747338196266973388799509
2026-04-23T20:20:00.733551+00:00,2026-04-23T20:29:44.037545+00:00,momentum,"XRP Up or Down - April 23, 4:20PM-4:25PM ET",DOWN,Down,2.0,0.51,,LOSS,NO,-2.0,Up,0x0dafea4729afd4751f0aa38c32f808ba080069734a8c005475346d8992bb220b,67499317925706051498805794373465764908125660717534223478541451885931221243805
2026-04-23T20:20:05.009694+00:00,2026-04-23T20:30:44.838720+00:00,momentum,"Solana Up or Down - April 23, 4:20PM-4:25PM ET",UP,Up,2.0,0.51,,LOSS,NO,-2.0,Down,0x8ec18d4589f4edf10f5ae8ef158228941632f4eacb5ffe0e10d877c61d16138d,72729765829188734265501212025834662015876407349188620560793429645222774978423
2026-04-23T20:20:17.352517+00:00,2026-04-23T20:30:44.886738+00:00,momentum,"Bitcoin Up or Down - April 23, 4:20PM-4:25PM ET",UP,Up,4.0,0.52,,LOSS,NO,-4.0,Down,0xf4857a305ed58f5f3ab05d984b5a446455cbb315d9caaf2e97f7ac5d10b366e7,46047360187543609354544700437753292358123270281137291186410296691910570827689
2026-04-23T20:20:00.679711+00:00,2026-04-23T20:31:44.421695+00:00,momentum,"Ethereum Up or Down - April 23, 4:20PM-4:25PM ET",DOWN,Down,4.0,0.51,,WIN,YES,3.8431372549019605,Down,0xb3cb9d39b04c801f0f9ad79545d417ebbb44075070b7b11ace2ed8990ebd6f6f,110058301545778640262139161992502881863699453279645357748863418092027918021326
2026-04-23T20:25:00.844333+00:00,2026-04-23T20:35:46.480158+00:00,momentum,"Ethereum Up or Down - April 23, 4:25PM-4:30PM ET",DOWN,Down,2.0,0.51,,WIN,YES,1.9215686274509802,Down,0xa374c1a9bd59b27c0c02a9fc30abc374b243fdc19bad73bb0fddc85928cd2ab5,115148957822191267789383428998372973656824241978943500372242391372934480511519
2026-04-23T20:25:00.676371+00:00,2026-04-23T20:36:46.283615+00:00,momentum,"Bitcoin Up or Down - April 23, 4:25PM-4:30PM ET",DOWN,Down,8.0,0.51,,WIN,YES,7.686274509803921,Down,0x24cd9dad292d8944a635180733145dbf9db9ce456cae7480481fd82af579e1da,89293824984743101630196727474251331353044753930510997599956553208494854075831
2026-04-23T20:25:00.731470+00:00,2026-04-23T20:36:46.475236+00:00,momentum,"Solana Up or Down - April 23, 4:25PM-4:30PM ET",DOWN,Down,4.0,0.51,,WIN,YES,3.8431372549019605,Down,0x85b0f33bf15e7f9aa3b720d34a1becaef9ab323fd9e76d5e0da93b7811fb3abd,92970967029326606686690311244439013202969070334766336824718136676528744480333
2026-04-23T20:25:00.785829+00:00,2026-04-23T20:36:46.641451+00:00,momentum,"XRP Up or Down - April 23, 4:25PM-4:30PM ET",UP,Up,4.0,0.51,,WIN,YES,3.8431372549019605,Up,0xcf51fb33c3526e0be489d17c09ea197ee90f54ea140836a54335330ed68a6031,11431786309005291791050931485381972262922769909189623387780817470142114037304
2026-04-23T20:30:00.753723+00:00,2026-04-23T20:38:47.310196+00:00,momentum,"XRP Up or Down - April 23, 4:30PM-4:35PM ET",UP,Up,2.0,0.51,,WIN,YES,1.9215686274509802,Up,0x86b2adfa3e6c4ac3b04e2b0984b89f0cf4bad46d234ee56f640a55a73627aa16,42704031260554610866900277757654669914696194826891430587515022245873210833167
2026-04-23T20:30:33.685218+00:00,2026-04-23T20:39:47.151826+00:00,momentum,"Bitcoin Up or Down - April 23, 4:30PM-4:35PM ET",DOWN,Down,2.0,0.55,,LOSS,NO,-2.0,Up,0xab9a087c69e0b8094654a428827ed6410a6d95dfbec5f7e0e7adb4f1f3769351,109341392719236870752120743127876382908778113959486331731791691820933795282144
2026-04-23T20:30:33.746185+00:00,2026-04-23T20:39:47.189078+00:00,momentum,"Ethereum Up or Down - April 23, 4:30PM-4:35PM ET",DOWN,Down,2.0,0.51,,LOSS,NO,-2.0,Up,0x4d8108a9414dfd6a725148bc39dc9322724d628488debbb7066f4161c0c460e0,85746060056499636311745906076208877162164071642178184545181945124781434390754
2026-04-23T20:30:33.807777+00:00,2026-04-23T20:39:47.223103+00:00,momentum,"Solana Up or Down - April 23, 4:30PM-4:35PM ET",DOWN,Down,2.0,0.63,,LOSS,NO,-2.0,Up,0x09bbf47259b2e1f9e0b4069c82351025929cf461d42f10a875adbd4b080bc4ae,12051258448872324667655014098441017357565053139575020659319063295626953588346
2026-04-23T20:35:00.941284+00:00,2026-04-23T20:44:49.252170+00:00,momentum,"XRP Up or Down - April 23, 4:35PM-4:40PM ET",UP,Up,2.0,0.51,,WIN,YES,1.9215686274509802,Up,0xf7644e926c9e6a0fdb5ade6e8f5c61882ec4cce643e617f5ca3b7e89580b3f6b,64536862821885258746679538683243454242354809261257377363514975065011097903644
2026-04-23T20:35:03.257369+00:00,2026-04-23T20:44:49.469921+00:00,momentum,"Solana Up or Down - April 23, 4:35PM-4:40PM ET",DOWN,Down,4.0,0.51,,LOSS,NO,-4.0,Up,0xae42410194e5766101d0e6b72e458ea0214f3cb79565a56e86da4dfc8b6f1fa1,97042228520542510531366271979749961125790351293743387048933163085124031511533
2026-04-23T20:35:06.392476+00:00,2026-04-23T20:44:49.505352+00:00,momentum,"Ethereum Up or Down - April 23, 4:35PM-4:40PM ET",DOWN,Down,4.0,0.52,,LOSS,NO,-4.0,Up,0x1fa029d5fb33324f18d0dc19ad88b499a5e6386530055067d71c20d8c661778b,64975490032389168577774438020450774990275700189505338292162316360754956164653
2026-04-23T20:35:03.076684+00:00,2026-04-23T20:45:49.652843+00:00,momentum,"Bitcoin Up or Down - April 23, 4:35PM-4:40PM ET",DOWN,Down,4.0,0.54,,LOSS,NO,-4.0,Up,0x6005f126102ae8af1b1f1b40fab577c2cc559ce8c96ec4518fb38790dd30a417,6034881619234328203261508139792745451296803587851958923431576473574895004342
2026-04-23T20:40:00.310342+00:00,2026-04-23T20:50:53.148490+00:00,momentum,"Bitcoin Up or Down - April 23, 4:40PM-4:45PM ET",DOWN,Down,8.0,0.52,,LOSS,NO,-8.0,Up,0x6f103f3f35135651b5e3f1ce8a2f90f63ff242a658f5506aac228936eceb29b1,71746564325879997952103087355776427615137440056682633484232827481825007901110
2026-04-23T20:40:03.570243+00:00,2026-04-23T20:50:53.297167+00:00,momentum,"XRP Up or Down - April 23, 4:40PM-4:45PM ET",DOWN,Down,2.0,0.56,,LOSS,NO,-2.0,Up,0x69756c6371e120fc03a72f5082538a0823958f9f1420a390ede7587448a4c4be,61854893342268710608748066256227558113894479607102006239346931826950041101981
2026-04-23T20:40:06.909626+00:00,2026-04-23T20:50:53.552265+00:00,momentum,"Solana Up or Down - April 23, 4:40PM-4:45PM ET",DOWN,Down,8.0,0.54,,WIN,YES,6.814814814814813,Down,0xb46318ebe5f1b71a1bf826c9d6cd8c47542007eab7d5959a5f84386f070ed31a,70712089383769888765657178267310797930681407217805866352927752380103311918756
2026-04-23T20:40:03.485644+00:00,2026-04-23T20:51:53.178516+00:00,momentum,"Ethereum Up or Down - April 23, 4:40PM-4:45PM ET",DOWN,Down,8.0,0.52,,LOSS,NO,-8.0,Up,0x047be14183358c942ffd777e5ec3416a1adaa959e8635e9e00b3cb682f2380d9,25032253567050261735569383482357343089950343084387244543691947824926208330565
2026-04-23T20:45:02.236521+00:00,2026-04-23T20:53:53.831370+00:00,momentum,"Solana Up or Down - April 23, 4:45PM-4:50PM ET",DOWN,Down,16.0,0.58,,LOSS,NO,-16.0,Up,0x1c548de3262a3c11a8fc6537c5178e37793c472b64523a388468f2b1b59f7957,55609565926563157189441854489538344406909585894669904565936820838759618027388
2026-04-23T20:45:02.298120+00:00,2026-04-23T20:53:53.982435+00:00,momentum,"Ethereum Up or Down - April 23, 4:45PM-4:50PM ET",DOWN,Down,16.0,0.54,,WIN,YES,13.629629629629626,Down,0xdb95cba9179ab9f6b3a601907bec106a41b47fa447d06aa23c37489912076af0,92166124960746194661422457040964524347228078955377991940570051213899403159164
2026-04-23T20:45:02.378380+00:00,2026-04-23T20:54:54.791081+00:00,momentum,"Bitcoin Up or Down - April 23, 4:45PM-4:50PM ET",DOWN,Down,2.0,0.51,,WIN,YES,1.9215686274509802,Down,0xf257d6a2fe7a64ed7139bdd7dbf05a6055b08e9e063c5846c7fabbed7fa54483,25143077975234291339839860406294341627662037806326910336379804585189943916757
2026-04-23T20:45:02.431628+00:00,2026-04-23T20:57:56.684904+00:00,momentum,"XRP Up or Down - April 23, 4:45PM-4:50PM ET",UP,Up,2.0,0.53,,LOSS,NO,-2.0,Down,0x966a121bc1bdf1545a21004e8a821fbfd6775a20b4ba081a72d467a550bcfe7b,62069850998950302559770396843975399057874004375916401790769469929131580645644
2026-04-23T20:50:00.365413+00:00,2026-04-23T20:59:57.471315+00:00,momentum,"Bitcoin Up or Down - April 23, 4:50PM-4:55PM ET",DOWN,Down,2.0,0.52,,WIN,YES,1.8461538461538458,Down,0x766e6e647ce43dd152b5fbe7f5ddebb5de0862054a281f54b28b2f1b60a3c63c,72760556476823920438851823378863486692584898695936897543669310128930500106363
2026-04-23T20:50:00.432519+00:00,2026-04-23T21:00:58.336291+00:00,momentum,"Ethereum Up or Down - April 23, 4:50PM-4:55PM ET",DOWN,Down,2.0,0.52,,WIN,YES,1.8461538461538458,Down,0xd8fff74b6ce66d78ba4302d756db9c6bfb285853c0912a506327efef8d4078d1,63451794689967909767045271799861312515301265126036471217937428335532241319867
2026-04-23T20:50:00.495249+00:00,2026-04-23T21:00:58.516858+00:00,momentum,"Solana Up or Down - April 23, 4:50PM-4:55PM ET",DOWN,Down,32.0,0.51,,WIN,YES,30.745098039215684,Down,0xc6e3bad2e76b306e489d82af65ce0e2a0de0cb8c1494574c84605da80d741027,95775809590052309949877490279183513309241664560035805779138851939449929646845
2026-04-23T20:50:03.635866+00:00,2026-04-23T21:00:58.562493+00:00,momentum,"XRP Up or Down - April 23, 4:50PM-4:55PM ET",UP,Up,4.0,0.52,,LOSS,NO,-4.0,Down,0x9c9af34d8d9801c1dec07fca6844a0125bc90b3594f03d2783d5aa2d943755e5,90038866359631293645058878076625550385571482862670535241557340494761360348886
2026-04-23T20:55:00.690584+00:00,2026-04-23T21:06:01.632684+00:00,momentum,"Solana Up or Down - April 23, 4:55PM-5:00PM ET",UP,Up,2.0,0.51,,LOSS,NO,-2.0,Down,0x26df5fce8fd71731d1a045a320bd8ccdbd7c4543e3481648bc1ce69d6ba183b5,42600766964856780940048150691954778748411851595171994740715977040159223867412
2026-04-23T20:55:01.824948+00:00,2026-04-23T21:06:01.677934+00:00,momentum,"Ethereum Up or Down - April 23, 4:55PM-5:00PM ET",DOWN,Down,2.0,0.51,,LOSS,NO,-2.0,Up,0xa9e1013618f9b580d0878063ac6c7e654977366efb10ae8dad3e20977e66b23e,47450467435295573357457723039813204366427855857844780095348374849201364335255
2026-04-23T20:55:04.937605+00:00,2026-04-23T21:06:01.896079+00:00,momentum,"Bitcoin Up or Down - April 23, 4:55PM-5:00PM ET",DOWN,Down,2.0,0.52,,WIN,YES,1.8461538461538458,Down,0x947745281b571eef3445eed28b1062378ec086067560e50c7fbbd5d91e675d3d,26083652477970180820793285948860929007760529655032348212197397053528867539932
2026-04-23T20:55:08.069058+00:00,2026-04-23T21:06:02.109602+00:00,momentum,"XRP Up or Down - April 23, 4:55PM-5:00PM ET",DOWN,Down,8.0,0.54,,WIN,YES,6.814814814814813,Down,0x769515955a2b2c3ab4b084438a612fa054c3289ee455859479b06f0138971e56,109388811793747722546962089109119605950318748864117775757198748424456726797210
2026-04-23T21:00:02.920999+00:00,2026-04-23T21:12:05.171799+00:00,momentum,"Ethereum Up or Down - April 23, 5:00PM-5:05PM ET",UP,Up,2.0,0.53,,LOSS,NO,-2.0,Down,0x00751f46a12345c87df1a091c3c4aa101081c2081281f7742fccf26f378c8b7b,84419188717826955648060401270625195400054484084563212456527542718231611102972
2026-04-23T21:00:02.995616+00:00,2026-04-23T21:12:05.214010+00:00,momentum,"Solana Up or Down - April 23, 5:00PM-5:05PM ET",UP,Up,2.0,0.53,,LOSS,NO,-2.0,Down,0x256aa7b762fe065c5d2db53eb886ac40b38013485b6b1ff912b70bfe7156f804,85186181264070067618603461270043136309978795307988219375376510501159579358347
2026-04-23T21:00:02.849894+00:00,2026-04-23T21:13:06.125015+00:00,momentum,"Bitcoin Up or Down - April 23, 5:00PM-5:05PM ET",UP,Up,2.0,0.51,,LOSS,NO,-2.0,Down,0x5435c455c12ffd7d702c3b5bd657089e7d4d84d317bcaf5db81e1c190672ec11,44918700366083925398894287822616743866591314737304636209190700662516964318234
2026-04-23T21:00:06.234316+00:00,2026-04-23T21:13:06.278066+00:00,momentum,"XRP Up or Down - April 23, 5:00PM-5:05PM ET",UP,Up,2.0,0.52,,WIN,YES,1.8461538461538458,Up,0x8907d94b9d253be8315f14f773b1cce091af5da00fa7674c6e61340a1b627eb1,69110010311183246353994825702847574634732296583678087289431506756211453973138
2026-04-23T21:05:06.075464+00:00,2026-04-23T21:14:06.571670+00:00,momentum,"Bitcoin Up or Down - April 23, 5:05PM-5:10PM ET",UP,Up,4.0,0.59,,LOSS,NO,-4.0,Down,0xd625f4c3e84d74aec3a672be3eec1b2c53505c97026aa8d73187b9ea1d322b8b,5551800600550919872520271100189023007536574981322308114902526251738523105155
2026-04-23T21:05:06.124093+00:00,2026-04-23T21:14:06.607135+00:00,momentum,"Ethereum Up or Down - April 23, 5:05PM-5:10PM ET",UP,Up,4.0,0.54,,LOSS,NO,-4.0,Down,0x4ead7ba9f62c6004b67bfb6892edca2c9af16ab0fb8c5cdbbf59acb2e3f45cee,54898088770737209404675711375246571886132147471037177010999558876722173969085
2026-04-23T21:05:02.891396+00:00,2026-04-23T21:15:07.337130+00:00,momentum,"Solana Up or Down - April 23, 5:05PM-5:10PM ET",UP,Up,4.0,0.52,,WIN,YES,3.6923076923076916,Up,0x0de43a3cb7db973fbdf2a0a5e2be1a0533ac709acc6acb8ce2f9f7f67cb55ebd,59016534856503097836646169766759538210949682230967119157280007792509078414876
2026-04-23T21:05:15.561221+00:00,2026-04-23T21:15:07.374123+00:00,momentum,"XRP Up or Down - April 23, 5:05PM-5:10PM ET",UP,Up,2.0,0.51,,LOSS,NO,-2.0,Down,0x596e4f04b119cb6a96c0b80f91a8366ad56f138803fb40330f357801819066fa,33658793089375760534284057325675484782724204371233114732141387249918680971897
2026-04-23T21:10:00.669846+00:00,2026-04-23T21:21:09.568573+00:00,momentum,"Solana Up or Down - April 23, 5:10PM-5:15PM ET",UP,Up,2.0,0.51,,WIN,YES,1.9215686274509802,Up,0x5db3f883dd6f82302ef0869f6da728929202c7c4e7b5bb2de73a72ec6d870870,54124384392844573750844225103551516712378263550989481308469427467756288961036
2026-04-23T21:10:00.744302+00:00,2026-04-23T21:21:09.704817+00:00,momentum,"Bitcoin Up or Down - April 23, 5:10PM-5:15PM ET",UP,Up,8.0,0.56,,WIN,YES,6.285714285714285,Up,0x10fb09b6ada0b186180ee650b6973d2ed32bb3b5f366aa93c6c0aa45c27cfea9,31510403661036732299529960400372308289952117647843236543735211337852365579079
2026-04-23T21:10:03.879490+00:00,2026-04-23T21:21:09.739761+00:00,momentum,"Ethereum Up or Down - April 23, 5:10PM-5:15PM ET",UP,Up,8.0,0.58,,LOSS,NO,-8.0,Down,0xb8ccce172b3cc096a442ec1fed2524c867cc1fecc888c30dd565b441407d8fe9,106279576811940699203183738842590988540208697065761694707050076071480260260793
2026-04-23T21:10:03.929183+00:00,2026-04-23T21:21:09.774045+00:00,momentum,"XRP Up or Down - April 23, 5:10PM-5:15PM ET",UP,Up,4.0,0.56,,LOSS,NO,-4.0,Down,0xe70bb72af1b007f110cf1576be475354de5cff68c9dd96ccc95c760b22c5ce54,70546371929533281007827030286825220536470526125265947153408929520713871016158
2026-04-23T21:15:04.657512+00:00,2026-04-23T21:23:11.631662+00:00,momentum,"XRP Up or Down - April 23, 5:15PM-5:20PM ET",DOWN,Down,8.0,0.51,,LOSS,NO,-8.0,Up,0x7e60eb697a91198dface64904f104965593f265ad9173f74906758d7e20d3d68,104627650777540450942090727346019182850359665932819014363896261994688461445587
2026-04-23T21:15:01.541307+00:00,2026-04-23T21:24:12.039326+00:00,momentum,"Solana Up or Down - April 23, 5:15PM-5:20PM ET",UP,Up,2.0,0.57,,WIN,YES,1.5087719298245617,Up,0xa8ea4564145ef5154ab74298eed4367d22627e52b1c5275763ea113ac10b5010,44740879559337200641097634612669266931344623521537952973264057934039008457007
2026-04-23T21:15:01.404419+00:00,2026-04-23T21:25:12.298237+00:00,momentum,"Ethereum Up or Down - April 23, 5:15PM-5:20PM ET",UP,Up,16.0,0.53,,WIN,YES,14.188679245283016,Up,0xc6d154cdb19ec98579bb673b92ab6cc65b2cb5f9e9d3c137b79501b7379c9a28,1503059682109882148830003265100963738293239356026617880500896242611360361244
2026-04-23T21:15:01.482574+00:00,2026-04-23T21:25:12.333906+00:00,momentum,"Bitcoin Up or Down - April 23, 5:15PM-5:20PM ET",UP,Up,2.0,0.53,,LOSS,NO,-2.0,Down,0xcb04eabc74b5956aa7f2db41ceb6a0fd718668fd2b81e2c211126eef33163832,34171401879449252626580763082425525269082162354205056398928448788263619973026
2026-04-23T21:20:04.190983+00:00,2026-04-23T21:29:15.092199+00:00,momentum,"Ethereum Up or Down - April 23, 5:20PM-5:25PM ET",DOWN,Down,2.0,0.62,,LOSS,NO,-2.0,Up,0x9fcf9d1952cc9b2c84e3f97121ddbb6ea4f7d5fe562ff1efca92d9c67d24888c,26208664525802605834629048468594453027379007905083598349424107981592044344289
2026-04-23T21:20:04.144060+00:00,2026-04-23T21:30:15.541956+00:00,momentum,"XRP Up or Down - April 23, 5:20PM-5:25PM ET",DOWN,Down,16.0,0.52,,WIN,YES,14.769230769230766,Down,0xb071459144576a9b66247a9b8b0018e1f6ab71bbc0a6ce1971bbde3d1fc1e2b9,50331162438237433724765548910719606226957975385950321662493325980774430630015
2026-04-23T21:20:00.590100+00:00,2026-04-23T21:31:15.098713+00:00,momentum,"Bitcoin Up or Down - April 23, 5:20PM-5:25PM ET",UP,Up,4.0,0.51,,LOSS,NO,-4.0,Down,0x61e16b7499e2ba0775c9f7081efa8b8cbe52c69fe06d10d3f13547679e5b9399,62006706872558751084574473371101898016012334741337967504573332833062293380420
2026-04-23T21:20:00.656253+00:00,2026-04-23T21:31:15.265371+00:00,momentum,"Solana Up or Down - April 23, 5:20PM-5:25PM ET",UP,Up,2.0,0.51,,WIN,YES,1.9215686274509802,Up,0xf5fd1d5f72ef138059a55aa81730918e9b3446f6c1a8cc8d09ae47e8fc49f492,47542099268930582061441675985212936445787325463841607961649114702660672484737
2026-04-23T21:25:00.546320+00:00,2026-04-23T21:35:17.699330+00:00,momentum,"Bitcoin Up or Down - April 23, 5:25PM-5:30PM ET",UP,Up,8.0,0.51,,WIN,YES,7.686274509803921,Up,0x8ca5018c91dbca13dc721a3e04897a3a1a67e023e91e6d4d422b8bbce243b628,94078750426660397291198713924967497609633323683336027682805015228616227526433
2026-04-23T21:25:06.963397+00:00,2026-04-23T21:36:18.190313+00:00,momentum,"XRP Up or Down - April 23, 5:25PM-5:30PM ET",DOWN,Down,2.0,0.53,,LOSS,NO,-2.0,Up,0xd287fabfc3c83e0618af7f4698516ca528a13133a76ed802419f574d312c31c7,97654819687250268709120481106297842343067264898745977656466997406641624754037
2026-04-23T21:25:03.704230+00:00,2026-04-23T21:37:17.896400+00:00,momentum,"Ethereum Up or Down - April 23, 5:25PM-5:30PM ET",DOWN,Down,4.0,0.53,,LOSS,NO,-4.0,Up,0x335212d3592e219058c639e6dd30da3f93b9eae85d8dd627054d5abbdae662ad,74018917197097992904124110033178594271166182291817149773858581470470444414902
2026-04-23T21:25:06.876409+00:00,2026-04-23T21:37:17.934141+00:00,momentum,"Solana Up or Down - April 23, 5:25PM-5:30PM ET",DOWN,Down,2.0,0.54,,LOSS,NO,-2.0,Up,0x74f1bbea862fbaabb0d5611fbc414c18a4cc7cb323c2b10c0973bbdc9fcc2399,16453072152254034315004759872710738364269080540638567832403876908126523727078
2026-04-23T21:30:04.264830+00:00,2026-04-23T21:38:18.444474+00:00,momentum,"Solana Up or Down - April 23, 5:30PM-5:35PM ET",UP,Up,4.0,0.52,,WIN,YES,3.6923076923076916,Up,0x5aca9bbbc20d2c1f0e9144b61a692ec818416cb5cb24d7a5c9db640d75a9c13c,50077964367206989990418559950507541706909353591091485304068614117158126891722
2026-04-23T21:30:07.415506+00:00,2026-04-23T21:38:18.609735+00:00,momentum,"XRP Up or Down - April 23, 5:30PM-5:35PM ET",UP,Up,2.0,0.59,,WIN,YES,1.3898305084745766,Up,0xc84b29ef0b6fff59236c1e95dc00c7f95caf85f6246acc0b457909a275156950,41142769572989738575062840273632408214897585965562076235498180428503328729836
2026-04-23T21:30:01.070540+00:00,2026-04-23T21:39:19.207719+00:00,momentum,"Bitcoin Up or Down - April 23, 5:30PM-5:35PM ET",UP,Up,2.0,0.52,,WIN,YES,1.8461538461538458,Up,0x754dc7ceb2c1b2a71031a5cbafae4d2182c8d35ddadb7f9c3292c864187dc9b7,5579165836561967740850587524698004059914804409200100284105707606952490427978
2026-04-23T21:30:07.467226+00:00,2026-04-23T21:40:20.143766+00:00,momentum,"Ethereum Up or Down - April 23, 5:30PM-5:35PM ET",UP,Up,8.0,0.51,,WIN,YES,7.686274509803921,Up,0x823085bd2a860adea95d1abaf07030e17140355558c9b975b840248e0b5fcfdb,14107920244741444813904772104106531979778576425599610760667073070177441135989
2026-04-23T21:35:00.276694+00:00,2026-04-23T21:44:22.630355+00:00,momentum,"XRP Up or Down - April 23, 5:35PM-5:40PM ET",UP,Up,2.0,0.51,,LOSS,NO,-2.0,Down,0x22dab61e9224beb3f6b4659f354bbbf43d79f0ba77276990c21d59a92564e67b,61198986171582718441486891428277485747427170670453317544638421334297289114103
2026-04-23T21:35:02.559674+00:00,2026-04-23T21:44:22.902730+00:00,momentum,"Ethereum Up or Down - April 23, 5:35PM-5:40PM ET",DOWN,Down,2.0,0.52,,LOSS,NO,-2.0,Up,0x0538825150c3fe8ab76d2802f76f5f642aff63024cf6082506e2a8f60f1cbbc2,68670867037803810051591817158957331132814101634255063606652229184136841644911
2026-04-23T21:35:02.452843+00:00,2026-04-23T21:45:23.398984+00:00,momentum,"Bitcoin Up or Down - April 23, 5:35PM-5:40PM ET",DOWN,Down,2.0,0.52,,LOSS,NO,-2.0,Up,0x6318dbaa105e98a508adb98c41e9c10e470e17d8270dfac836de04db44595121,25232299657740316661846596406207710820010896586236948819037808414670817380621
2026-04-23T21:35:02.507305+00:00,2026-04-23T21:45:23.437584+00:00,momentum,"Solana Up or Down - April 23, 5:35PM-5:40PM ET",DOWN,Down,2.0,0.52,,LOSS,NO,-2.0,Up,0x4ea3c7ba88efab3e775269b9f8744387184e421f5a5388dd93194c9f0e22eb87,48077472347601391434781098343915099374101580928408953987881646794443228427850
2026-04-23T21:40:01.480835+00:00,2026-04-23T21:50:24.914748+00:00,momentum,"XRP Up or Down - April 23, 5:40PM-5:45PM ET",DOWN,Down,4.0,0.53,,LOSS,NO,-4.0,Up,0xd0d89c7ff47a0f2000b93a0b9872409ab5069070346e2f91659a717124d19a67,20239668967214796581758017919259122829618965427516520449459507099838067179261
2026-04-23T21:40:00.204772+00:00,2026-04-23T21:51:25.587116+00:00,momentum,"Solana Up or Down - April 23, 5:40PM-5:45PM ET",DOWN,Down,4.0,0.515,,LOSS,NO,-4.0,Up,0x1096597baf5ee49b65047b211ce56c850b8e30b23186e3fcec49e6a6926f73c8,75173299344929728482680217911071189226674232731772579026055867541818632516554
2026-04-23T21:40:00.281663+00:00,2026-04-23T21:51:25.625872+00:00,momentum,"Bitcoin Up or Down - April 23, 5:40PM-5:45PM ET",DOWN,Down,4.0,0.515,,LOSS,NO,-4.0,Up,0x02c57dc7608e52383210ebbdc2b08e3fea48c88b7abe1a23e2775fb9cefceb5d,40868621237270648956661465610388397154771639544097908190506557112436108917050
2026-04-23T21:40:04.660424+00:00,2026-04-23T21:51:25.785946+00:00,momentum,"Ethereum Up or Down - April 23, 5:40PM-5:45PM ET",UP,Up,4.0,0.54,,WIN,YES,3.4074074074074066,Up,0xfb21e6a802fef0e0734a608de1fb1c453000fd9eedf9acc2eaaecca8b6fd17e6,1628898533540209830433643175799707487290608350864801333997413382251621027905
2026-04-23T21:45:02.407811+00:00,2026-04-23T21:53:26.458318+00:00,momentum,"Bitcoin Up or Down - April 23, 5:45PM-5:50PM ET",DOWN,Down,8.0,0.62,,WIN,YES,4.903225806451614,Down,0xe3af7b5f7b714ce569b178ee30f0553f106db695b31b20f131d6080c0afb5402,17534215304128399773042944218349483654672046883185657477144779449891631953475
2026-04-23T21:45:02.516672+00:00,2026-04-23T21:54:27.403132+00:00,momentum,"XRP Up or Down - April 23, 5:45PM-5:50PM ET",DOWN,Down,8.0,0.54,,LOSS,NO,-8.0,Up,0x6ca19106c28f3a7a7ca1e6ee2539ec9eab77f6cdf2c876f0134f5b50ea900849,8500851218478016001985930799470698513579539776765949968295948631718165687065
2026-04-23T21:45:00.229277+00:00,2026-04-23T21:55:27.728544+00:00,momentum,"Solana Up or Down - April 23, 5:45PM-5:50PM ET",DOWN,Down,8.0,0.51,,LOSS,NO,-8.0,Up,0x5f64faf81e9127e2e7984e7c44956a1bbb7d55819ca7c83c206d6616ede01cd0,49020528892681955204181478765205593060890943972195778029878737734355348689308
2026-04-23T21:45:02.466046+00:00,2026-04-23T21:55:27.880457+00:00,momentum,"Ethereum Up or Down - April 23, 5:45PM-5:50PM ET",DOWN,Down,2.0,0.55,,WIN,YES,1.6363636363636362,Down,0xd713bca7376354f8e61e3edb254da88ca1744b43f861f4a6c9d7bd68e885e71c,59547032192724601362654315299559400228504779731631634786805492424066122198989
2026-04-23T21:50:00.926678+00:00,2026-04-23T21:59:29.824215+00:00,momentum,"Ethereum Up or Down - April 23, 5:50PM-5:55PM ET",DOWN,Down,2.0,0.51,,LOSS,NO,-2.0,Up,0x60913d3a4ece2a890946135f8713d26a4aeb1f80e98191db5cebeec9411a9111,58683654322019442170265148701998212167977401555813402392328767581443679126826
2026-04-23T21:50:00.864766+00:00,2026-04-23T22:00:30.826532+00:00,momentum,"Bitcoin Up or Down - April 23, 5:50PM-5:55PM ET",DOWN,Down,2.0,0.53,,WIN,YES,1.773584905660377,Down,0x715faf2e6901c398e4f74582208000fc1dd7dac90a15b414de07b1942f99856f,18223849682934271487570039627176662790005598470220272111608699841072664810153
2026-04-23T21:50:04.089188+00:00,2026-04-23T22:00:30.859690+00:00,momentum,"Solana Up or Down - April 23, 5:50PM-5:55PM ET",DOWN,Down,16.0,0.51,,LOSS,NO,-16.0,Up,0x7aef2a4e4c06089a237709cfd651bef5e1329f40351762c278634471185289f9,59164928354300354442223328614580195432096849151078059889126912616265201345202
2026-04-23T21:50:07.241537+00:00,2026-04-23T22:00:31.053085+00:00,momentum,"XRP Up or Down - April 23, 5:50PM-5:55PM ET",DOWN,Down,16.0,0.53,,WIN,YES,14.188679245283016,Down,0x014b1d1adee1ee36cc9bf093356661ca855990182c7c4b9f068910df84157e1f,32791057427524174477422393013668366568967507364279831206821452341473558100865
2026-04-23T21:55:01.550648+00:00,2026-04-23T22:05:33.782098+00:00,momentum,"Bitcoin Up or Down - April 23, 5:55PM-6:00PM ET",DOWN,Down,2.0,0.51,,WIN,YES,1.9215686274509802,Down,0x97ec4051b038e6cabbf1628415f1f22340a6cf4141923466ad6d48c252ffb25b,16126818827885631939122594163058270883320430427152199730115439993817449591263
2026-04-23T21:55:04.763786+00:00,2026-04-23T22:06:33.896711+00:00,momentum,"XRP Up or Down - April 23, 5:55PM-6:00PM ET",DOWN,Down,2.0,0.51,,WIN,YES,1.9215686274509802,Down,0xbff67644aa1f620aee41c77ccf4aa3bb15601123f266905e57f81e05f3f62a89,110209575735490732120958423815638089856161671507892402026282367071178537180818
2026-04-23T21:55:30.024929+00:00,2026-04-23T22:06:34.055059+00:00,momentum,"Ethereum Up or Down - April 23, 5:55PM-6:00PM ET",DOWN,Down,4.0,0.52,,WIN,YES,3.6923076923076916,Down,0x0c8c5e47e57ce5714fd2d19f09d8af4428fe48cf37019bf4128929786fe67681,112203936154887226397125980202399616192831190190462410842046975065235890004777
2026-04-23T21:55:04.682383+00:00,2026-04-23T22:07:34.369485+00:00,momentum,"Solana Up or Down - April 23, 5:55PM-6:00PM ET",DOWN,Down,32.0,0.54,,WIN,YES,27.259259259259252,Down,0x33faed8b95e1c29653f1d6b29d607654ab5048b7061e0e777f06379aeacf40bd,18088552808814639235491774004054325302248064253262624285689117218104183481698
2026-04-23T22:00:01.789642+00:00,2026-04-23T22:08:34.823267+00:00,momentum,"XRP Up or Down - April 23, 6:00PM-6:05PM ET",DOWN,Down,2.0,0.56,,LOSS,NO,-2.0,Up,0xc0cf7058118332e9c129fcdb63939458aee5948d1459ace75c82ff740009fa2c,7919131788191303686150884115570882354885083264052119064997587572206035458406
2026-04-23T22:00:00.251243+00:00,2026-04-23T22:09:35.340973+00:00,momentum,"Solana Up or Down - April 23, 6:00PM-6:05PM ET",DOWN,Down,2.0,0.51,,LOSS,NO,-2.0,Up,0xa5ba659d3955fd96d2bc4fef3a60e0d9d35975e9d71cd6a37eed1422c2ca5a33,34915603017253593279673880913361039688786855095652325488218846223765521660878
2026-04-23T22:00:01.717092+00:00,2026-04-23T22:09:35.648955+00:00,momentum,"Ethereum Up or Down - April 23, 6:00PM-6:05PM ET",UP,Up,2.0,0.52,,WIN,YES,1.8461538461538458,Up,0xbeb55f4d994ae365944af85135e199786183cdf142cbaf2a8286e3b5fb79e8ea,44626239740560367127025804265977397385238072522600969387901419012236708684835
2026-04-23T22:00:01.637866+00:00,2026-04-23T22:10:35.929458+00:00,momentum,"Bitcoin Up or Down - April 23, 6:00PM-6:05PM ET",UP,Up,2.0,0.61,,WIN,YES,1.278688524590164,Up,0x9c8339198973bc5971f82bfafb28f430f990e05203aba06bd6928da2568e7d06,102160387092635157469122286427637556166902961222435603778624709134522787937828
2026-04-23T22:05:00.921186+00:00,2026-04-23T22:14:39.099814+00:00,momentum,"Bitcoin Up or Down - April 23, 6:05PM-6:10PM ET",UP,Up,2.0,0.52,,WIN,YES,1.8461538461538458,Up,0x8f5a6e1c2f6453867d4aeb919be96c2a9c6c98c099b9af0269551048f6c36d7c,101954226355731561277013649114249166073525511082684506565302208223219838322079
2026-04-23T22:05:00.966662+00:00,2026-04-23T22:14:39.311565+00:00,momentum,"Solana Up or Down - April 23, 6:05PM-6:10PM ET",DOWN,Down,4.0,0.51,,WIN,YES,3.8431372549019605,Down,0xfa9386966d779edbbd0d13d2faacd3b6e4950eaf6acc7e37f52d083623af98fd,708910466684787845501139553540938776827190888325864116755034285150148329795
2026-04-23T22:05:04.254618+00:00,2026-04-23T22:14:39.588458+00:00,momentum,"Ethereum Up or Down - April 23, 6:05PM-6:10PM ET",UP,Up,2.0,0.54,,WIN,YES,1.7037037037037033,Up,0x59b13468fa152d23746e91ae306113d1de2e19de8862ceb7943176dd2486b6c6,41195079233045180151585411336462512622173368144309176793867099497447697813957
2026-04-23T22:05:01.017877+00:00,2026-04-23T22:15:39.216573+00:00,momentum,"XRP Up or Down - April 23, 6:05PM-6:10PM ET",DOWN,Down,4.0,0.51,,LOSS,NO,-4.0,Up,0x59f9edc023b54697752f074ccef11fdaf949bbf59b4ca4c50ee42db8348d0823,52729684442539110467685063347543455509771403007279811393370104902381607808579
2026-04-23T22:10:00.367213+00:00,2026-04-23T22:20:41.493203+00:00,momentum,"Bitcoin Up or Down - April 23, 6:10PM-6:15PM ET",DOWN,Down,2.0,0.525,,WIN,YES,1.8095238095238093,Down,0x48b9698260174dc77b2d66491833377e18a3d62786371741632ead9edd3fe519,112746164278091789371476199087545413514815150988714511831319100362102184202050
2026-04-23T22:10:02.567748+00:00,2026-04-23T22:20:41.655463+00:00,momentum,"Ethereum Up or Down - April 23, 6:10PM-6:15PM ET",DOWN,Down,2.0,0.52,,LOSS,NO,-2.0,Up,0x0bd8a2aeb0093bbd63f93439150ff06bc2c7c3f4ccced8a4769fbecdc94b3b55,18508478176077311923753804466180817810209565234208017157163511754531372177318
2026-04-23T22:10:02.502158+00:00,2026-04-23T22:21:41.400217+00:00,momentum,"Solana Up or Down - April 23, 6:10PM-6:15PM ET",DOWN,Down,2.0,0.54,,LOSS,NO,-2.0,Up,0xa2993b3d5454d5e5483b6a0d7f2c9ceaf507155e358ba9e3554a4bdcdf8963dc,83444016448286544229935730554748864553399389305070009811223462181315855162554
2026-04-23T22:10:18.112682+00:00,2026-04-23T22:21:41.552389+00:00,momentum,"XRP Up or Down - April 23, 6:10PM-6:15PM ET",UP,Up,8.0,0.54,,WIN,YES,6.814814814814813,Up,0x1e1b7586dd84f0b2f5b9f156a413e5e89a3487ee358487b2532a643058f672a1,31485212721805911744224693711265434237708526493613785756754455797498477647278
2026-04-23T22:15:00.767019+00:00,2026-04-23T22:24:43.686887+00:00,momentum,"Ethereum Up or Down - April 23, 6:15PM-6:20PM ET",DOWN,Down,4.0,0.52,,LOSS,NO,-4.0,Up,0xc469d74cbfac83603acaa6aa1f8e25dc7edadcf2d8e2425a3f96ec94c67994a3,21328512563397641532770315310523773862733124112837243135453286277181071615257
2026-04-23T22:15:03.889985+00:00,2026-04-23T22:24:43.837222+00:00,momentum,"Bitcoin Up or Down - April 23, 6:15PM-6:20PM ET",UP,Up,2.0,0.55,,WIN,YES,1.6363636363636362,Up,0x0bc7ffd7119336cafd52c80618ed853fe9a59853b791b0ec19a9f0dc3accdd23,88420037542342416719586211480631602571736224575879169649649680768233453969371
2026-04-23T22:15:03.942146+00:00,2026-04-23T22:24:43.984792+00:00,momentum,"Solana Up or Down - April 23, 6:15PM-6:20PM ET",UP,Up,4.0,0.62,,WIN,YES,2.451612903225807,Up,0x1c2bdf2fb10f2fad455485bb11b31a31fa465c405eedfff0df75b353ca712b69,3082906763948708030599024449442183733248865534494266618314772522187251444008
2026-04-23T22:15:13.723601+00:00,2026-04-23T22:24:44.132750+00:00,momentum,"XRP Up or Down - April 23, 6:15PM-6:20PM ET",UP,Up,2.0,0.52,,WIN,YES,1.8461538461538458,Up,0x3dfef19cb4e499c7910c9d2667b9b6334122e0221c23740f19e20a6373a67a93,77882727956361001682447102938616422015056103706274970234645086770125369370046
2026-04-23T22:20:01.280749+00:00,2026-04-23T22:29:47.321376+00:00,momentum,"Bitcoin Up or Down - April 23, 6:20PM-6:25PM ET",DOWN,Down,2.0,0.55,,WIN,YES,1.6363636363636362,Down,0xe38956c2efa0bd95e938a2b1f5e5f436d208dbf36c1d763d0d7ea128c0483cd4,72063831918448680325681187832928405865145332562623754990044295642633249267333
2026-04-23T22:20:01.330159+00:00,2026-04-23T22:29:47.356970+00:00,momentum,"XRP Up or Down - April 23, 6:20PM-6:25PM ET",DOWN,Down,2.0,0.51,,LOSS,NO,-2.0,Up,0x6df5feff01d0b73089413452ccc76c879cf34824dd0d3908f768e691fbe511d2,98830269535347828073478751739397899501880265632515912024653334813711750664283
2026-04-23T22:20:01.390773+00:00,2026-04-23T22:29:47.507050+00:00,momentum,"Ethereum Up or Down - April 23, 6:20PM-6:25PM ET",DOWN,Down,8.0,0.53,,WIN,YES,7.094339622641508,Down,0x3dee609eecfc98c9e3ad171e269f530e21efa11547609655345650a9c8681481,113143043370160957820044689377950580890313836128259616151652079056464853860034
2026-04-23T22:20:01.226618+00:00,2026-04-23T22:30:47.705705+00:00,momentum,"Solana Up or Down - April 23, 6:20PM-6:25PM ET",DOWN,Down,2.0,0.51,,WIN,YES,1.9215686274509802,Down,0x5a61f8d83d5587593733bf37611f62dace8a64532c9279156fe382fbc0c52b4f,107431508808652577961517298181004653952595239148210482500619172257536579533499
2026-04-23T22:25:04.162824+00:00,2026-04-23T22:35:50.010845+00:00,momentum,"XRP Up or Down - April 23, 6:25PM-6:30PM ET",DOWN,Down,4.0,0.61,,WIN,YES,2.557377049180328,Down,0xe4d2cc92c5e685f2c04079163a7d8298ea05d66fa34d58072c7f4fe712ce5070,69448225789846279292808656917684134119062546155187102210190844162881870659946
2026-04-23T22:25:10.332667+00:00,2026-04-23T22:35:50.052429+00:00,momentum,"Solana Up or Down - April 23, 6:25PM-6:30PM ET",DOWN,Down,2.0,0.55,,LOSS,NO,-2.0,Up,0xc7a1d3f41706fd5c797966e0a597ff43adf167c9fcb480d1c00fb3ac5a1b08fe,90014718294643075064474830797552670742310286152165051008155695124750794860290
2026-04-23T22:25:00.975986+00:00,2026-04-23T22:36:50.227872+00:00,momentum,"Ethereum Up or Down - April 23, 6:25PM-6:30PM ET",DOWN,Down,2.0,0.54,,WIN,YES,1.7037037037037033,Down,0xe2550d611cf55082dcad4184c4dfb8ac9a37e1864776f5537ad3524f0ac40bc1,69696778092557362329004557249995698817333224812116334765340959696648176109484
2026-04-23T22:25:01.038177+00:00,2026-04-23T22:36:50.373729+00:00,momentum,"Bitcoin Up or Down - April 23, 6:25PM-6:30PM ET",DOWN,Down,2.0,0.52,,WIN,YES,1.8461538461538458,Down,0x3e7b4f9ea1a5b673df729ef68e4d10f4b08249d7c750f1546447d308a3bd005a,8284026794335955048841446847944311593148801323471382861067982443828928254408
2026-04-23T22:30:02.745566+00:00,2026-04-23T22:38:51.125582+00:00,momentum,"Ethereum Up or Down - April 23, 6:30PM-6:35PM ET",UP,Up,2.0,0.51,,WIN,YES,1.9215686274509802,Up,0xdfece4792081e6f72891e7c5d385e74aa4adf1c03120adb4f051a288439581d9,56926009152985290672542851854807969940888830465111164810993164509022770781698
2026-04-23T22:30:02.672487+00:00,2026-04-23T22:39:51.161309+00:00,momentum,"Bitcoin Up or Down - April 23, 6:30PM-6:35PM ET",DOWN,Down,2.0,0.52,,LOSS,NO,-2.0,Up,0xc9d88ee9c02dbac5218119b00910c6d34c5944ed410f1cd6722e441d4900ee54,25726076694080991689131109308044515721361836117089264852744602097680886359566
2026-04-23T22:30:02.803550+00:00,2026-04-23T22:39:51.432898+00:00,momentum,"XRP Up or Down - April 23, 6:30PM-6:35PM ET",UP,Up,2.0,0.56,,WIN,YES,1.5714285714285712,Up,0x5dbb13adb6c0ff83d74c511d9b2e5eb8d8da265c9d764cb419ec2c47d8326841,54728200091214716957177900947660450931123476985069440144912614750587081500963
2026-04-23T22:30:02.878107+00:00,2026-04-23T22:39:51.611122+00:00,momentum,"Solana Up or Down - April 23, 6:30PM-6:35PM ET",DOWN,Down,2.0,0.52,,WIN,YES,1.8461538461538458,Down,0x5924d8e2e6776ad6d420d943949c9e0892aaa3eb5a4df97e67b18a301a44dd5e,103762939839529204544038198374204905945299360397875787078114767912001391176675
2026-04-23T22:35:00.209505+00:00,2026-04-23T22:44:53.007225+00:00,momentum,"Ethereum Up or Down - April 23, 6:35PM-6:40PM ET",DOWN,Down,2.0,0.515,,LOSS,NO,-2.0,Up,0x3c95a7ee47b79da49437382d9163a1d596c690f14ec306dc37fd17fa19355298,46499196764822549370986017332944885816539922465239125467702686428955366122637
2026-04-23T22:35:01.342407+00:00,2026-04-23T22:44:53.046769+00:00,momentum,"Solana Up or Down - April 23, 6:35PM-6:40PM ET",DOWN,Down,2.0,0.51,,LOSS,NO,-2.0,Up,0xa6725bb88bb6d2b1794b21cd0b58b89e7e890a39635765084496ef1bef6e376c,46354463757822663217806318544324555346537897598580304228038957525521313440377
2026-04-23T22:35:04.477440+00:00,2026-04-23T22:44:53.079246+00:00,momentum,"XRP Up or Down - April 23, 6:35PM-6:40PM ET",DOWN,Down,2.0,0.51,,LOSS,NO,-2.0,Up,0x82abd0f3b4f0a1d88b674ea923d3f0951a564a6685a79803a3f66c60f0a78dc5,39330598039511393312895428871994693123732975097272989721716180838297789773526
2026-04-23T22:35:10.919854+00:00,2026-04-23T22:45:53.214964+00:00,momentum,"Bitcoin Up or Down - April 23, 6:35PM-6:40PM ET",UP,Up,4.0,0.65,,WIN,YES,2.1538461538461533,Up,0xe2edd86dee10e0279f32569907081f17059bc4c35a7a3803ecb7727c6ac3a9b2,36524766061630802764835754964355210105909992118844448083862035589878472246822
2026-04-23T22:40:03.591884+00:00,2026-04-23T22:50:56.200879+00:00,momentum,"XRP Up or Down - April 23, 6:40PM-6:45PM ET",DOWN,Down,4.0,0.51,,LOSS,NO,-4.0,Up,0xfa5316e3f4dc04a12d32573c7d3502cb2522b7da4341d3ce79665b88bf63faea,37189448238499007783364039620261211431292769414368474892800847782088242106109
2026-04-23T22:40:00.344058+00:00,2026-04-23T22:51:55.814288+00:00,momentum,"Solana Up or Down - April 23, 6:40PM-6:45PM ET",DOWN,Down,4.0,0.51,,LOSS,NO,-4.0,Up,0xdc7b946c13291cec094db04b1cc0470df477de1a1a76202b72dc04c29af17b9f,29006670508902527562268499527627150110918773897659415612090328899142743587659
2026-04-23T22:40:00.415235+00:00,2026-04-23T22:51:55.915080+00:00,momentum,"Bitcoin Up or Down - April 23, 6:40PM-6:45PM ET",DOWN,Down,2.0,0.53,,LOSS,NO,-2.0,Up,0xd6c813bf06d434911c90905a62f05807abe539045f8a1c135cee06598bd0f2ae,31264738433193569419924616124388047144922801151742700602132853063087434165448
2026-04-23T22:40:00.471909+00:00,2026-04-23T22:51:56.031880+00:00,momentum,"Ethereum Up or Down - April 23, 6:40PM-6:45PM ET",DOWN,Down,4.0,0.51,,LOSS,NO,-4.0,Up,0x3499a2af52c7a86273fc97e194a1e531d1d5c93b124677f95f0671fcc3dfdb1b,977904293558438651822226737351251951643862472776192639409985498125576598236
2026-04-23T22:45:00.906073+00:00,2026-04-23T22:53:56.940138+00:00,momentum,"Bitcoin Up or Down - April 23, 6:45PM-6:50PM ET",DOWN,Down,4.0,0.53,,WIN,YES,3.547169811320754,Down,0x7c1bf02dde79b57e81a3d4e87ca18ed8187c3fac160a571ab0ecb78f2b119187,47692206020831177435448693298076111186114665855562252056174304330005263175582
2026-04-23T22:45:01.001232+00:00,2026-04-23T22:53:57.440484+00:00,momentum,"Solana Up or Down - April 23, 6:45PM-6:50PM ET",DOWN,Down,2.0,0.51,,WIN,YES,1.9215686274509802,Down,0xf95eb63448e7902e4116ea974fa3d2d59ad9f997f327b3957cd24df51a072300,112525918435430956459065688561630513517334306004206988923564980130549324510633
2026-04-23T22:45:00.950738+00:00,2026-04-23T22:54:57.845549+00:00,momentum,"Ethereum Up or Down - April 23, 6:45PM-6:50PM ET",DOWN,Down,8.0,0.53,,WIN,YES,7.094339622641508,Down,0x771ece91a2e8e1f00630ecc7f5ac07b135e13df2e6e0c9f58250760dd7b67c9f,37426939836778239538835497546188514589203946752702564578000693578011662562206
2026-04-23T22:45:04.119396+00:00,2026-04-23T22:54:57.990869+00:00,momentum,"XRP Up or Down - April 23, 6:45PM-6:50PM ET",DOWN,Down,2.0,0.51,,LOSS,NO,-2.0,Up,0x6660f4cce0c4259801011b88d93f81b19cdbec871f5537b64543976c5499b653,31702386533510844606161136044112176253334574521391318390822955936255944107938
2026-04-23T22:50:00.851465+00:00,2026-04-23T23:00:02.096955+00:00,momentum,"Bitcoin Up or Down - April 23, 6:50PM-6:55PM ET",DOWN,Down,2.0,0.53,,WIN,YES,1.773584905660377,Down,0xc45e3a68b4d7d0b9b98581da11a99eb5be3e92f7ce503aabafcd04985f2a3b29,19045059813267663321145466619649042455463725542787416998741615311880499596663
2026-04-23T22:50:00.898347+00:00,2026-04-23T23:00:02.276284+00:00,momentum,"XRP Up or Down - April 23, 6:50PM-6:55PM ET",DOWN,Down,2.0,0.53,,WIN,YES,1.773584905660377,Down,0x294fef0c2dccdbde992975e9d940fb08210a58287dcf8c74ffcdffdb99a690a5,102778706599934027955976297009063329209892092222914113638905980818212702208596
2026-04-23T22:50:00.950405+00:00,2026-04-23T23:01:03.173893+00:00,momentum,"Ethereum Up or Down - April 23, 6:50PM-6:55PM ET",DOWN,Down,2.0,0.52,,WIN,YES,1.8461538461538458,Down,0x35335ad5719216f2e838560d03acfdb062df1780adb5f9d8266fd908c304deb1,85959316539151407145263842444358709609264939107496964147676313402279809813845
2026-04-23T22:50:07.290487+00:00,2026-04-23T23:01:03.212794+00:00,momentum,"Solana Up or Down - April 23, 6:50PM-6:55PM ET",UP,Up,2.0,0.51,,LOSS,NO,-2.0,Down,0x1827a1378b294de5aa97ac4a431c5afc3fbc1e00ebb98461ad373483fce0486f,54032748361083845612825779844880613988610413267158836746321623044368364890827
2026-04-23T22:55:03.297421+00:00,2026-04-23T23:06:06.641119+00:00,momentum,"Bitcoin Up or Down - April 23, 6:55PM-7:00PM ET",DOWN,Down,2.0,0.51,,WIN,YES,1.9215686274509802,Down,0xbf258859b70edd7609c17d121ad09ee72ff4f9b392121b15c5a05df60945bcae,114204933109823391766422636638934638817893713481359516382869019779571684847188
2026-04-23T22:55:34.404577+00:00,2026-04-23T23:06:06.899642+00:00,momentum,"Solana Up or Down - April 23, 6:55PM-7:00PM ET",DOWN,Down,4.0,0.51,,WIN,YES,3.8431372549019605,Down,0x2cb7d4eaa3cae9458c9608dc86da6c558d36a8b8486b68a05dd81aa09016ebd5,66347985716255630294763567919934632721408258457335486225699304320035461632473
2026-04-23T22:55:01.148072+00:00,2026-04-23T23:07:06.728466+00:00,momentum,"XRP Up or Down - April 23, 6:55PM-7:00PM ET",DOWN,Down,2.0,0.51,,WIN,YES,1.9215686274509802,Down,0x4cbfcd24ad9fa5c5751b0e399098b74685fc75271a43c7b49f25e633358538e7,67674323181418122030856635976880701778390531424150707799624749024224122462793
2026-04-23T22:55:06.421646+00:00,2026-04-23T23:07:06.911162+00:00,momentum,"Ethereum Up or Down - April 23, 6:55PM-7:00PM ET",DOWN,Down,2.0,0.51,,WIN,YES,1.9215686274509802,Down,0x3bbaddeadb3152fe321981eb88e1e7d380ae9106bb2e73656e26e5f5205d6ab4,56582011804780260240801442453318164418443120236249496966015711382588223024417
2026-04-23T23:00:01.763815+00:00,2026-04-23T23:09:08.620456+00:00,momentum,"Ethereum Up or Down - April 23, 7:00PM-7:05PM ET",DOWN,Down,2.0,0.6,,WIN,YES,1.3333333333333335,Down,0xc12dcb2f373a0a6b2e767ad9a7f111e76e7ff6d3018e98ad9419795b002a33c4,41827056923853048636626895059976659848138334213632203248697779154194811061939
2026-04-23T23:00:08.744864+00:00,2026-04-23T23:09:08.755753+00:00,momentum,"Bitcoin Up or Down - April 23, 7:00PM-7:05PM ET",DOWN,Down,2.0,0.6,,WIN,YES,1.3333333333333335,Down,0xb6e304d00e06cea69c806f907917767b4b0a8109f2dcb7f55094e7a90a5d9857,84335089561717421445158223576484742748293418926391931795208483009637175786523
2026-04-23T23:00:00.383680+00:00,2026-04-23T23:10:08.971972+00:00,momentum,"Solana Up or Down - April 23, 7:00PM-7:05PM ET",UP,Up,2.0,0.515,,LOSS,NO,-2.0,Down,0x421432436118dc91a4884a1f7bcb703ca491f7a5b1a0bbaf25dcb44c1b04c318,12681269578545006304700314936094967150127046974282985951152612968001154001355
2026-04-23T23:00:00.480311+00:00,2026-04-23T23:10:09.145290+00:00,momentum,"XRP Up or Down - April 23, 7:00PM-7:05PM ET",DOWN,Down,2.0,0.515,,WIN,YES,1.883495145631068,Down,0x35de37ebe13bc0b526a89609ba0c26356219e260f96914e44aadb6bd9c636fe3,9175052888858943566192897740602969183955892620794436116996168197246656972658
2026-04-23T23:05:02.960299+00:00,2026-04-23T23:15:13.533021+00:00,momentum,"Ethereum Up or Down - April 23, 7:05PM-7:10PM ET",UP,Up,2.0,0.54,,LOSS,NO,-2.0,Down,0x5c49d463a72630fe694ec65dd2f5d1b27c6072f7e492be38a79444f8a5ece7b0,108597903664622592386098719209310103054715060651679992139192922135481885785530
2026-04-23T23:05:06.096509+00:00,2026-04-23T23:15:13.573162+00:00,momentum,"Bitcoin Up or Down - April 23, 7:05PM-7:10PM ET",UP,Up,2.0,0.61,,LOSS,NO,-2.0,Down,0x0be9a56e7afa905ab07ad21c09c1714ab554d661a7635417d146d387e800c438,101445239720802120504863093122744859539993778850308927372583998223851298763517
2026-04-23T23:05:06.154720+00:00,2026-04-23T23:15:13.617019+00:00,momentum,"Solana Up or Down - April 23, 7:05PM-7:10PM ET",UP,Up,2.0,0.58,,LOSS,NO,-2.0,Down,0xf8d512449a37e2fd886d108fda51e8ceb69308c1d2d9c56f5ec4da3db1b1b934,9514893858728915129239497178296017889128921931268551071418229708186561954129
2026-04-23T23:05:00.822370+00:00,2026-04-23T23:16:14.239374+00:00,momentum,"XRP Up or Down - April 23, 7:05PM-7:10PM ET",UP,Up,2.0,0.51,,LOSS,NO,-2.0,Down,0x225bd6bddc2c7ef793b904fdaa5b6f043bb6063684cbb437aa58abe568369dd0,5864474667190319202673920415878071483694347809315450542865626431617800678785
2026-04-23T23:10:00.584613+00:00,2026-04-23T23:20:16.708928+00:00,momentum,"Bitcoin Up or Down - April 23, 7:10PM-7:15PM ET",UP,Up,4.0,0.51,,LOSS,NO,-4.0,Down,0x25510b8994dc39d9f2a03dc9bc36a23e682db73162a437a1afcbd5c375d47bc3,102906391629041982031032417665254994625725419281109207928127193004620003995221
2026-04-23T23:10:00.521615+00:00,2026-04-23T23:21:17.534821+00:00,momentum,"Ethereum Up or Down - April 23, 7:10PM-7:15PM ET",UP,Up,4.0,0.52,,LOSS,NO,-4.0,Down,0xe4b40d3c5c183d8cd8a9ba85aa16a43215e7d633e685a1caa8c905acc511f282,62671065912819663686727299474075369807362474155876835765379205586568825041323
2026-04-23T23:10:03.753004+00:00,2026-04-23T23:21:17.690865+00:00,momentum,"XRP Up or Down - April 23, 7:10PM-7:15PM ET",DOWN,Down,2.0,0.61,,WIN,YES,1.278688524590164,Down,0x6bc2bc760b5d01f15a3f82b7b2e39e5137e9d4c598fd483f65549ef50fbd7963,90130849692163012241704527224043395303436198565700933506935527867024828529515
2026-04-23T23:10:00.431317+00:00,2026-04-23T23:22:17.423103+00:00,momentum,"Solana Up or Down - April 23, 7:10PM-7:15PM ET",UP,Up,4.0,0.51,,LOSS,NO,-4.0,Down,0x4769cf7a3a98ba864cf597690cb8c2fffa872b3d78c2ecef73efee0012449e63,49682053713536979730448047868848731034563243508230801761924511227787088271977
2026-04-23T23:15:04.611415+00:00,2026-04-23T23:26:19.804208+00:00,momentum,"XRP Up or Down - April 23, 7:15PM-7:20PM ET",DOWN,Down,2.0,0.54,,LOSS,NO,-2.0,Up,0xa4170fbe20df4f7af05caaa5dee058d29e4e3af0a17cb046051de1ce66336ef8,20813793503353523795634339074978524693663471772986072869948889389815143252400
2026-04-23T23:15:00.222186+00:00,2026-04-23T23:27:20.190593+00:00,momentum,"Bitcoin Up or Down - April 23, 7:15PM-7:20PM ET",UP,Up,8.0,0.525,,LOSS,NO,-8.0,Down,0x9bf60f87453165354d2ed7f7f53a467bf0794be5ef3e89c16771a66bf6095fd0,89283755894465814184997166408281179379237499600524741768061443438121930113058
2026-04-23T23:15:01.444894+00:00,2026-04-23T23:27:20.346010+00:00,momentum,"Ethereum Up or Down - April 23, 7:15PM-7:20PM ET",UP,Up,8.0,0.53,,LOSS,NO,-8.0,Down,0x8fe001d5ccfb3f6bcd3f06686759effcaf86b36bcdd4c8b162b7fa0b03f9d75b,68427144714256188610228400738248795165410913864502913285948580368633799733638
2026-04-23T23:15:00.276973+00:00,2026-04-23T23:28:20.363067+00:00,momentum,"Solana Up or Down - April 23, 7:15PM-7:20PM ET",UP,Up,8.0,0.525,,WIN,YES,7.238095238095237,Up,0x1f5bd6dd75cc06ecfb7aa9aac7bad69262d239be450e711572da89820559f219,82650170276641709391589133819284367962048838481396193847604742868924488678421
2026-04-23T23:20:00.225431+00:00,2026-04-23T23:30:21.977277+00:00,momentum,"XRP Up or Down - April 23, 7:20PM-7:25PM ET",UP,Up,2.0,0.51,,WIN,YES,1.9215686274509802,Up,0xc52c5286c349c20cc7406aa4315be80bb5dcc5b5f0ac677c65fbd28a04ff3e12,43253498834002317661344615266700248640181263199593797717240356848936549991961
2026-04-23T23:20:01.427068+00:00,2026-04-23T23:30:22.174682+00:00,momentum,"Ethereum Up or Down - April 23, 7:20PM-7:25PM ET",UP,Up,8.0,0.52,,WIN,YES,7.384615384615383,Up,0xf15dff2deb18a42271032ed92ecbeeacf14ddd370730ad0e0d84e1e47c29c011,76397307986367896322047832918521449594189372386408853673896021657829339462740
2026-04-23T23:20:01.507628+00:00,2026-04-23T23:30:22.343676+00:00,momentum,"Solana Up or Down - April 23, 7:20PM-7:25PM ET",UP,Up,2.0,0.55,,WIN,YES,1.6363636363636362,Up,0x4fd3a9a407b8a2186352989b02afb99224a289d54728bfc6ef8916f84268d0ff,47813148069668038698739714968696270393697982463052194230411764357276965243154
2026-04-23T23:20:01.562712+00:00,2026-04-23T23:30:22.510003+00:00,momentum,"Bitcoin Up or Down - April 23, 7:20PM-7:25PM ET",UP,Up,16.0,0.55,,WIN,YES,13.09090909090909,Up,0x5ff8ad616c208771171f2a2f4a4fb12193272e88f393c9c111b657f7eb55140f,53860689957194677890287926492517637008052228893322117355767768188060475299157
2026-04-23T23:25:00.931836+00:00,2026-04-23T23:36:24.611768+00:00,momentum,"Bitcoin Up or Down - April 23, 7:25PM-7:30PM ET",UP,Up,2.0,0.51,,WIN,YES,1.9215686274509802,Up,0xfaf24db6dcccfcb4c7284fe5cb3d45336090382b07466e8ce72a46c30e4c4333,68664775948235213427115074594988995001160879346417909575952696444479811619710
2026-04-23T23:25:01.006368+00:00,2026-04-23T23:36:24.647687+00:00,momentum,"Ethereum Up or Down - April 23, 7:25PM-7:30PM ET",UP,Up,2.0,0.52,,LOSS,NO,-2.0,Down,0xcf063c5d92a8aef604a5a55a7f92d6cc0cd073ebd47ca5ca99479354dae42420,69600680356773230785801141781424897392950072548497874048805445609121990262310
2026-04-23T23:25:04.319959+00:00,2026-04-23T23:36:24.817194+00:00,momentum,"XRP Up or Down - April 23, 7:25PM-7:30PM ET",DOWN,Down,2.0,0.52,,WIN,YES,1.8461538461538458,Down,0x0b066f74eeb87cefa6fea1b1569276815a846dcd10d820ac9940399a7a7f5797,62907248192364562224414215017851999613543999514820092011550759576152205020278
2026-04-23T23:25:24.378145+00:00,2026-04-23T23:36:24.859075+00:00,momentum,"Solana Up or Down - April 23, 7:25PM-7:30PM ET",UP,Up,2.0,0.53,,LOSS,NO,-2.0,Down,0x618a96c00ccbc060c0d79a19307682fdf906bbf2b545a668cb87f5d4bebbe965,111918821817878720870058582054600351035227780433945978484671689802244065074853
2026-04-23T23:30:01.491504+00:00,2026-04-23T23:38:26.762281+00:00,momentum,"Solana Up or Down - April 23, 7:30PM-7:35PM ET",UP,Up,4.0,0.56,,WIN,YES,3.1428571428571423,Up,0xe513674ff8d317ed1bf83870eebdf8d8a8df3ec2199691608ecde8cce4dd6162,108758601495460002283556295334361437337208704318593730888444631410987480273822
2026-04-23T23:30:01.569383+00:00,2026-04-23T23:39:27.599295+00:00,momentum,"Ethereum Up or Down - April 23, 7:30PM-7:35PM ET",UP,Up,4.0,0.55,,WIN,YES,3.2727272727272725,Up,0xd1a1772e2ce18018e0de985228614744d48dba0589bf020eed0a94d412adbcba,80306169218981544983263568158563213434224543086992446914611606284240488805386
2026-04-23T23:30:00.132906+00:00,2026-04-23T23:40:28.303115+00:00,momentum,"XRP Up or Down - April 23, 7:30PM-7:35PM ET",UP,Up,2.0,0.51,,WIN,YES,1.9215686274509802,Up,0x67467ea87e96629c59bb055504c1796da1179bd5426cc38c06b125fd4f85e20d,69434760264066565737418516447377847962083817207825718705185196965366346229153
2026-04-23T23:30:01.413762+00:00,2026-04-23T23:42:29.669330+00:00,momentum,"Bitcoin Up or Down - April 23, 7:30PM-7:35PM ET",UP,Up,2.0,0.55,,WIN,YES,1.6363636363636362,Up,0x45972456276471fab6ff7f670be63e8bcef564bea651a168e949a4b50e19f1dc,55434748859429199419342592440854337103247222235961231980133826488425314540039
2026-04-23T23:35:00.581443+00:00,2026-04-23T23:44:30.613159+00:00,momentum,"Bitcoin Up or Down - April 23, 7:35PM-7:40PM ET",UP,Up,2.0,0.51,,WIN,YES,1.9215686274509802,Up,0x5576979fa3c69f5f5139ea72b19ba3e73eddef5973ec0a75f2cb0a009721aaab,67544949565688053108489811855137105275374993168322629114170212276054316377426
2026-04-23T23:35:00.660779+00:00,2026-04-23T23:45:31.426022+00:00,momentum,"Ethereum Up or Down - April 23, 7:35PM-7:40PM ET",UP,Up,2.0,0.52,,WIN,YES,1.8461538461538458,Up,0x2d57043de24fe4031b93f2e2c598a4c1ca6426eb902c9fcb594fbd4d1f8e7df2,90169532437257070877247174223582342057001921277673221452485489234965913371296
2026-04-23T23:35:09.898170+00:00,2026-04-23T23:45:31.693528+00:00,momentum,"Solana Up or Down - April 23, 7:35PM-7:40PM ET",UP,Up,2.0,0.51,,WIN,YES,1.9215686274509802,Up,0x43d46124b8650e222fb9b7f7d4d897bbf3b0e201e2830058a981f65b5eaf01ce,28727445915724226942101347109589685715152170645359264671654738557828185028582
2026-04-23T23:35:26.803310+00:00,2026-04-23T23:45:31.840134+00:00,momentum,"XRP Up or Down - April 23, 7:35PM-7:40PM ET",UP,Up,2.0,0.55,,WIN,YES,1.6363636363636362,Up,0x818acde677b38ccde68da330419eda15b436a767c0e17008af3cedd850de5623,89177993752789464513491265461912721149031366151500527181943700585417385053379
2026-04-23T23:40:18.653361+00:00,2026-04-23T23:50:34.131360+00:00,momentum,"Solana Up or Down - April 23, 7:40PM-7:45PM ET",UP,Up,2.0,0.55,,WIN,YES,1.6363636363636362,Up,0xd772aab0c68a5135e731160abc2ea419b7484688482b8fa21ca5825dd2683aae,4011085670650796405125151315226354336786553106475109927739448438368864072429
2026-04-23T23:40:00.865408+00:00,2026-04-23T23:51:34.550079+00:00,momentum,"Ethereum Up or Down - April 23, 7:40PM-7:45PM ET",UP,Up,2.0,0.515,,WIN,YES,1.883495145631068,Up,0x16ddf75dcdb4b96db81f71ae8ed9b113d1d9a514321cc540e984ba78dca389b1,62857919511814979587947615102654214432051342921171631924402192347678604994120
2026-04-23T23:40:02.988963+00:00,2026-04-23T23:51:34.585894+00:00,momentum,"XRP Up or Down - April 23, 7:40PM-7:45PM ET",DOWN,Down,2.0,0.52,,LOSS,NO,-2.0,Up,0xfb66cf292594f1a58c165cfd59b4791c39729f799159cd14b52c1679930cf878,24138251668867257464725152303164783189822533507030798825718144898592302497853
2026-04-23T23:40:03.043726+00:00,2026-04-23T23:51:34.630642+00:00,momentum,"Bitcoin Up or Down - April 23, 7:40PM-7:45PM ET",DOWN,Down,2.0,0.51,,LOSS,NO,-2.0,Up,0xc7b051ce17785ef26152bab6d0cb7924b8c1b1aee45f3eac656b9256df361dfe,87565324216084842240797875407374703145059332995476548674771401366876662132151
2026-04-23T23:45:10.577556+00:00,2026-04-23T23:56:37.548725+00:00,momentum,"Ethereum Up or Down - April 23, 7:45PM-7:50PM ET",DOWN,Down,2.0,0.54,,LOSS,NO,-2.0,Up,0x4c2e455779a5593dd1446048e7652c728facec9556a319f69ebe7d759ee810e9,106133213726090787044633878728331290461863347372238845449324045365574742420089
2026-04-23T23:45:01.174528+00:00,2026-04-23T23:57:38.074197+00:00,momentum,"Bitcoin Up or Down - April 23, 7:45PM-7:50PM ET",DOWN,Down,4.0,0.53,,LOSS,NO,-4.0,Up,0x6fdd4d27b177bb190da3fb3593ffa5e555719b27c832c4576c772cdf8060655a,27325877785822954519259176004386542797858916641755206852473607721024190888592
2026-04-23T23:45:01.232473+00:00,2026-04-23T23:57:38.262681+00:00,momentum,"Solana Up or Down - April 23, 7:45PM-7:50PM ET",UP,Up,2.0,0.51,,WIN,YES,1.9215686274509802,Up,0x431ab23f7c920e8faa4caf02a48601d53a8ac94936d8dde07d8e9f5a9adcfc06,25739191473032926296760690764424315340556732631779904112454366996250797691862
2026-04-23T23:45:04.358699+00:00,2026-04-23T23:58:38.385378+00:00,momentum,"XRP Up or Down - April 23, 7:45PM-7:50PM ET",UP,Up,4.0,0.58,,WIN,YES,2.8965517241379315,Up,0x8c565772de164e116b9f755989f453f5c3d3451a8f6de9a8909163f454070916,112974164375944898118406386673513369988359299284039878660963746223242676318280
2026-04-23T23:50:00.975430+00:00,2026-04-24T00:00:38.995515+00:00,momentum,"Ethereum Up or Down - April 23, 7:50PM-7:55PM ET",UP,Up,4.0,0.53,,LOSS,NO,-4.0,Down,0x05363cf7ceac162f5a74bb317648bf84408bbbc5549030dd4b83de8257276f94,67324877525146707468167277998531675827248653545388955553914082195683952700800
2026-04-23T23:50:01.046401+00:00,2026-04-24T00:01:39.027607+00:00,momentum,"Bitcoin Up or Down - April 23, 7:50PM-7:55PM ET",DOWN,Down,2.0,0.52,,WIN,YES,1.8461538461538458,Down,0xe6d152637c9d86d9538cf07454033217ea7490581c0aecede9bfca12caf7784b,54321258179493210142281326660792156030393126466815468127710662314510997305505
2026-04-23T23:50:01.113092+00:00,2026-04-24T00:01:39.216547+00:00,momentum,"XRP Up or Down - April 23, 7:50PM-7:55PM ET",DOWN,Down,2.0,0.54,,WIN,YES,1.7037037037037033,Down,0xc1079abe4a602f0a6c5feb4aaaa24eb9c5f3ec44c22cc51d96333dd5ed684f8f,74019953167178123663090680517437986311079783084332973399933912803300113988734
2026-04-23T23:50:01.166945+00:00,2026-04-24T00:01:39.388209+00:00,momentum,"Solana Up or Down - April 23, 7:50PM-7:55PM ET",DOWN,Down,4.0,0.59,,WIN,YES,2.779661016949153,Down,0xb2dc03e35636aaa47c4655bda9518648a86d6edd721ac29dd0ac8988fe5eb7c0,60232341125619385909987006053568338280251318815486459591886527724597105178815
2026-04-23T23:55:00.662418+00:00,2026-04-24T00:05:41.344366+00:00,momentum,"Bitcoin Up or Down - April 23, 7:55PM-8:00PM ET",DOWN,Down,2.0,0.525,,LOSS,NO,-2.0,Up,0x6d43a12e9dba53b44ae94764f4bffacc760142a720cc96078fd24206063f9653,99407908719335320418563891319966632829478669034214926176364802806572751124976
2026-04-23T23:55:05.402658+00:00,2026-04-24T00:05:41.699864+00:00,momentum,"Solana Up or Down - April 23, 7:55PM-8:00PM ET",DOWN,Down,2.0,0.53,,LOSS,NO,-2.0,Up,0x590061eb413df4d2e76aab579a41524bd4103c308295d5fce50deb251ac3a149,40663599978096374431342884510094699307188851293576920829285485635793679435914
2026-04-23T23:55:05.279695+00:00,2026-04-24T00:06:41.970113+00:00,momentum,"Ethereum Up or Down - April 23, 7:55PM-8:00PM ET",UP,Up,2.0,0.51,,LOSS,NO,-2.0,Down,0x17c3b045fe2ad5c3bdb86baaec23dbe60cd194f91670058124410f074eb502f6,83974253821905692887318860775197253742619487841971792689319490602855133049170
2026-04-23T23:55:05.337389+00:00,2026-04-24T00:06:42.120765+00:00,momentum,"XRP Up or Down - April 23, 7:55PM-8:00PM ET",DOWN,Down,2.0,0.51,,WIN,YES,1.9215686274509802,Down,0xac3397ed5a0f855305f3cdfd532f73beccabdc91bdb772777e13000160ea2b53,54103864879251040741132962650390633169430667959875669382855517799713259955263
2026-04-24T00:00:03.656907+00:00,2026-04-24T00:08:43.620213+00:00,momentum,"Solana Up or Down - April 23, 8:00PM-8:05PM ET",UP,Up,4.0,0.66,,LOSS,NO,-4.0,Down,0x8a7fa60186d18827b3d05313f1128cce95d03216d9a68d99b9c0900192ed00dc,35975681376872460078492696687637789320960791884129950343062142587331171930438
2026-04-24T00:00:04.235693+00:00,2026-04-24T00:08:43.974130+00:00,momentum,"XRP Up or Down - April 23, 8:00PM-8:05PM ET",UP,Up,2.0,0.63,,LOSS,NO,-2.0,Down,0xe844583cf4668c6fa69cdd6822017c4687b0ee4271e1cbabde37034d9e855110,2803297185576839406424789685515211397013466846511802590431107239887637457968
2026-04-24T00:00:03.395266+00:00,2026-04-24T00:09:43.404950+00:00,momentum,"Bitcoin Up or Down - April 23, 8:00PM-8:05PM ET",UP,Up,4.0,0.66,,LOSS,NO,-4.0,Down,0xb936965a769225b4a941be2064cae016c273b840f591579c4fb68c41d0298f91,5616955389324940007438191847007796104781450507021223139475141575392614567677
2026-04-24T00:00:04.102037+00:00,2026-04-24T00:09:43.607825+00:00,momentum,"Ethereum Up or Down - April 23, 8:00PM-8:05PM ET",UP,Up,4.0,0.67,,LOSS,NO,-4.0,Down,0xf60164e7596d7723bf1a54f8de872608fdbd888b4b4f60120378e37d948cb403,102460169223180543695772715974097427165117993821294934882566627310521723811429
2026-04-24T00:05:04.315914+00:00,2026-04-24T00:14:45.519992+00:00,momentum,"Ethereum Up or Down - April 23, 8:05PM-8:10PM ET",DOWN,Down,8.0,0.59,,LOSS,NO,-8.0,Up,0x11934ad7e6cb70ac8e71a02dca3b2ef57a096c2e145fe2651304cf4d620ceb16,83788486473398906190728082434376000434675589284000231706869973865240902665427
2026-04-24T00:05:01.085314+00:00,2026-04-24T00:15:46.104139+00:00,momentum,"Bitcoin Up or Down - April 23, 8:05PM-8:10PM ET",DOWN,Down,2.0,0.51,,LOSS,NO,-2.0,Up,0x05a83419673c25b4d095b2b182c199d4324e6fe81aaf1a715353b161fde4446c,89704853408826310691697523741122491293691824619048034345996924153729217112846
2026-04-24T00:05:01.144951+00:00,2026-04-24T00:15:46.232365+00:00,momentum,"XRP Up or Down - April 23, 8:05PM-8:10PM ET",UP,Up,4.0,0.56,,WIN,YES,3.1428571428571423,Up,0x71407dcd83ad314e5007465e67f7ee9d6384f3e52dec573f87f0f0e0717b7068,62802563569777565862335689395891483425699970882463995020862099499680626369744
2026-04-24T00:05:04.389931+00:00,2026-04-24T00:15:46.371355+00:00,momentum,"Solana Up or Down - April 23, 8:05PM-8:10PM ET",UP,Up,8.0,0.53,,WIN,YES,7.094339622641508,Up,0x29f9099d3fda74498ab6363b5513dc05534e56e3d5ae964420926eeb7ff6bae9,100323392917208554887251038282219858635296440115094885017463506536131263838281
2026-04-24T00:10:01.564282+00:00,2026-04-24T00:20:48.380843+00:00,momentum,"Ethereum Up or Down - April 23, 8:10PM-8:15PM ET",UP,Up,16.0,0.55,,LOSS,NO,-16.0,Down,0xf604977d351d7ed9d4d11dfbf5277190ce435c779da8e02040a87e33daea8e55,52504302595867245882317975351891912795527663384473251206803591319655590583000
2026-04-24T00:10:01.618825+00:00,2026-04-24T00:20:48.584404+00:00,momentum,"XRP Up or Down - April 23, 8:10PM-8:15PM ET",DOWN,Down,2.0,0.52,,WIN,YES,1.8461538461538458,Down,0x6402e105f470adf56a91e9a1501f7c41837f00a34fc9235a233f005cd768cd32,84892209411950118770301380663867870630701591718059663376931212306087576667873
2026-04-24T00:10:01.673146+00:00,2026-04-24T00:20:48.635312+00:00,momentum,"Bitcoin Up or Down - April 23, 8:10PM-8:15PM ET",UP,Up,2.0,0.51,,LOSS,NO,-2.0,Down,0x3c0a9cb3a6f07de3e4865d7d73af95f5d7b376504d8a6c687d36fd4ad642a0ba,62395869739972728784339692786321776866401879563759307484822978197207499002435
2026-04-24T00:10:04.827108+00:00,2026-04-24T00:21:48.604569+00:00,momentum,"Solana Up or Down - April 23, 8:10PM-8:15PM ET",DOWN,Down,2.0,0.53,,WIN,YES,1.773584905660377,Down,0xc7e07daecef8055527df1e5197a2e8a97ef60e04b2863727bfba8c7a18d7b316,38343636886475300113619657586109341246505735168898766204930532056212991174736
2026-04-24T00:15:02.703279+00:00,2026-04-24T00:23:49.626321+00:00,momentum,"Bitcoin Up or Down - April 23, 8:15PM-8:20PM ET",UP,Up,4.0,0.51,,WIN,YES,3.8431372549019605,Up,0x8fa012b6e09f27909c66b3f27f8573b7937304d25c5c6e30483bf6b4fca8b6ae,50896688080199693416732206696062033312841742086352323314140889865410142417588
2026-04-24T00:15:02.764087+00:00,2026-04-24T00:24:49.855681+00:00,momentum,"Ethereum Up or Down - April 23, 8:15PM-8:20PM ET",UP,Up,2.0,0.53,,WIN,YES,1.773584905660377,Up,0xf5d5f7a1b311506545f4c1e5403608b8deafaba64031fe1d3b07cda00023ea4a,64511452012705683147234445816150641462266709515307731318729641375484777299157
2026-04-24T00:15:02.820120+00:00,2026-04-24T00:24:50.107275+00:00,momentum,"Solana Up or Down - April 23, 8:15PM-8:20PM ET",UP,Up,2.0,0.51,,WIN,YES,1.9215686274509802,Up,0x159fd21686f2928c1de03cda63b3166c950cc4cc4f5882bb4300367ac2120683,35037826471209129937596420698527035784109407461123770147829164357823223682233
2026-04-24T00:15:02.882571+00:00,2026-04-24T00:24:50.290179+00:00,momentum,"XRP Up or Down - April 23, 8:15PM-8:20PM ET",UP,Up,2.0,0.53,,WIN,YES,1.773584905660377,Up,0x23586ab6dac6a04eaccd4cbf231ceacc6151dd08dec453a9f63e92235d1aac33,58198986577010044646054261308276331156252967089491371771046216390556625603594
2026-04-24T00:20:01.693341+00:00,2026-04-24T00:29:53.478184+00:00,momentum,"Solana Up or Down - April 23, 8:20PM-8:25PM ET",DOWN,Down,2.0,0.55,,WIN,YES,1.6363636363636362,Down,0xd7208aa3f51f9e54ffba50fb4f317774884afb1355778743731a208701e9f61c,76722139290393026589923979731168389131399762972408544932998905051148490345736
2026-04-24T00:20:01.494408+00:00,2026-04-24T00:30:54.068133+00:00,momentum,"Bitcoin Up or Down - April 23, 8:20PM-8:25PM ET",DOWN,Down,2.0,0.53,,WIN,YES,1.773584905660377,Down,0x6ec1f86fdbbfa4f8de25ef7c2186fe2742029affb731a163f36ffbf66cd25ce3,88184509297800608478862610711820334693712055488621425881700915803434880410666
2026-04-24T00:20:01.547976+00:00,2026-04-24T00:30:54.215480+00:00,momentum,"Ethereum Up or Down - April 23, 8:20PM-8:25PM ET",DOWN,Down,2.0,0.59,,WIN,YES,1.3898305084745766,Down,0x06483686c463c3dc9dc269f2d6943a42027ab5fcf33c3c7ae3bfbc0e05ff0e03,113315128318577197473915010984684759574211520371554827720613257790116904852532
2026-04-24T00:20:01.617926+00:00,2026-04-24T00:30:54.381587+00:00,momentum,"XRP Up or Down - April 23, 8:20PM-8:25PM ET",DOWN,Down,2.0,0.55,,WIN,YES,1.6363636363636362,Down,0x97783ce3a90bad67561000ce631e2f67aeb559d42009c3d96c7c7a2166f7b358,61703528180975418828437006494818395752862559630064175329636180366213112021161
2026-04-24T00:25:01.218138+00:00,2026-04-24T00:35:55.308013+00:00,momentum,"Bitcoin Up or Down - April 23, 8:25PM-8:30PM ET",DOWN,Down,2.0,0.52,,LOSS,NO,-2.0,Up,0x16eacfbcf49b57d9146789441f1a3e20a60a2eb120d5a34fa1ea512312640d22,29605041696026028889549490100619248720995522135320023218777466009425352301783
2026-04-24T00:25:01.461890+00:00,2026-04-24T00:35:55.570835+00:00,momentum,"Solana Up or Down - April 23, 8:25PM-8:30PM ET",DOWN,Down,2.0,0.52,,LOSS,NO,-2.0,Up,0x63cbd43461f122e92826a7e68dd25c3426407f1b755bb4fdcac2712c9f48b79e,108201413406784218412603956063375453943512496967131859678635381793147848232193
2026-04-24T00:25:01.305293+00:00,2026-04-24T00:36:55.966949+00:00,momentum,"XRP Up or Down - April 23, 8:25PM-8:30PM ET",DOWN,Down,2.0,0.52,,LOSS,NO,-2.0,Up,0xe357506eb4c79f1b9a9f701817c00058dbfb60dfaa732971476e143e3a0b19c2,38252765511440906517357927137377289638812492360487080302407778752527679540213
2026-04-24T00:25:01.391410+00:00,2026-04-24T00:36:56.008759+00:00,momentum,"Ethereum Up or Down - April 23, 8:25PM-8:30PM ET",DOWN,Down,2.0,0.52,,LOSS,NO,-2.0,Up,0xffcf271ffea72b4a17a319892125532aacfb8796203b55c49081a8021931634a,38868154068614250978930850317660935141995873348121756963108188106776912940271
2026-04-24T00:30:02.390957+00:00,2026-04-24T00:38:56.806568+00:00,momentum,"Bitcoin Up or Down - April 23, 8:30PM-8:35PM ET",DOWN,Down,4.0,0.53,,LOSS,NO,-4.0,Up,0x730dd5387aca9b0553b8492712d6c8f7b8b750355b66bc972811c3b6f9b930dd,60032854365287145719788296457426120639457814315242010956557911028264985329522
2026-04-24T00:30:05.691119+00:00,2026-04-24T00:38:57.398048+00:00,momentum,"XRP Up or Down - April 23, 8:30PM-8:35PM ET",UP,Up,4.0,0.54,,WIN,YES,3.4074074074074066,Up,0x9819c8638edd2018004d8d0238e8299e1215cb5996def633d42534adb321772a,89065191945816160900200558504689387387107597752239040347259675119393225863687
2026-04-24T00:30:02.449118+00:00,2026-04-24T00:39:57.091967+00:00,momentum,"Ethereum Up or Down - April 23, 8:30PM-8:35PM ET",DOWN,Down,4.0,0.52,,LOSS,NO,-4.0,Up,0x6e24f56acd28c26fd81e08af4c4c6b2afb4dfa1ec3aa3c340fc45d16d7742f66,13337213188702717217249202881614301593680528718671470770376767438811488525716
2026-04-24T00:30:05.630231+00:00,2026-04-24T00:39:57.260021+00:00,momentum,"Solana Up or Down - April 23, 8:30PM-8:35PM ET",UP,Up,2.0,0.51,,WIN,YES,1.9215686274509802,Up,0x5582c3be7520fea3107f4eb1e453beaac74fc9ec9ccebb7242c5840ae10c8f24,103995370858147020667135339669497454522573270328004785237231307596167542386429
2026-04-24T00:35:01.080860+00:00,2026-04-24T00:43:59.940739+00:00,momentum,"Bitcoin Up or Down - April 23, 8:35PM-8:40PM ET",DOWN,Down,2.0,0.54,,LOSS,NO,-2.0,Up,0x94004fc85cb23153e2b0a00bd40bd71789b62453d78f36e7ba460e606fc78be1,11838061506973465292354494737743810294896625301403708026836983039913269714199
2026-04-24T00:35:04.221527+00:00,2026-04-24T00:45:00.536843+00:00,momentum,"Solana Up or Down - April 23, 8:35PM-8:40PM ET",DOWN,Down,2.0,0.52,,LOSS,NO,-2.0,Up,0xedf6bc35c400cfcf06dc4f8ef4a3316e6aabd4c21705a75ad7bad42664b043a6,56444795001665366311596621736667171945880417061435276419395641103829237828256
2026-04-24T00:35:07.341492+00:00,2026-04-24T00:45:00.579396+00:00,momentum,"Ethereum Up or Down - April 23, 8:35PM-8:40PM ET",DOWN,Down,8.0,0.53,,LOSS,NO,-8.0,Up,0xe44666a332c20ef5bb676fdb3cf952774eab0820869414fd4a5ba9420a18510d,24733289333177021076655667012433988819819021576397685973356286062432396361661
2026-04-24T00:35:13.744957+00:00,2026-04-24T00:46:00.896108+00:00,momentum,"XRP Up or Down - April 23, 8:35PM-8:40PM ET",UP,Up,2.0,0.53,,WIN,YES,1.773584905660377,Up,0x099a8bf2222d457a5b7b40c70a2290ef3271003f5b4b24383ff8886fb8b5ffe5,38408637572076765304650957282826165703663038465328481822726194142896078160683
2026-04-24T00:40:01.940974+00:00,2026-04-24T00:51:02.569381+00:00,momentum,"Bitcoin Up or Down - April 23, 8:40PM-8:45PM ET",DOWN,Down,4.0,0.54,,WIN,YES,3.4074074074074066,Down,0x07cb446bc9681b523b70cb0d5289661e52ba521a91769642ec57ff4b2885f2f6,97867572729759893450632303830655561772980859502796285058742428451298209628182
2026-04-24T00:40:02.091752+00:00,2026-04-24T00:51:02.861599+00:00,momentum,"Ethereum Up or Down - April 23, 8:40PM-8:45PM ET",DOWN,Down,16.0,0.51,,WIN,YES,15.372549019607842,Down,0x418ec9daaf8f11afa09e7cf88cf7e068ce916c142b5fc908c41517295433c0ed,10942219373433079532647480367629950828600644433230390268224582830094404577482
2026-04-24T00:40:33.175500+00:00,2026-04-24T00:51:03.035457+00:00,momentum,"Solana Up or Down - April 23, 8:40PM-8:45PM ET",DOWN,Down,4.0,0.61,,WIN,YES,2.557377049180328,Down,0xffc5526bc3b6c2b363ec176aa83f9aae5fccf3631873b8680d95961ba3c852a4,79506847797606807127596425528768963587944792221954169685681201470459815764181
2026-04-24T00:40:02.009475+00:00,2026-04-24T00:52:02.723350+00:00,momentum,"XRP Up or Down - April 23, 8:40PM-8:45PM ET",UP,Up,2.0,0.51,,LOSS,NO,-2.0,Down,0x9de8357e22f60bce45bfa8cad7d329095a0eef036dc784e03bf4b5e5cddac876,70158888240008446394912763322984176039981269356676132140765215303897489956971
2026-04-24T00:45:02.471513+00:00,2026-04-24T00:54:04.046766+00:00,momentum,"Bitcoin Up or Down - April 23, 8:45PM-8:50PM ET",DOWN,Down,2.0,0.52,,LOSS,NO,-2.0,Up,0x4a8c9dbb524ecedde96d878d59f91eae8287aadb2b4a9a663d9c1ec64bfdbfd9,28970362959660258106679341428597021440953092204392559087411122888233504708376
2026-04-24T00:45:02.525566+00:00,2026-04-24T00:54:04.080248+00:00,momentum,"Solana Up or Down - April 23, 8:45PM-8:50PM ET",DOWN,Down,2.0,0.51,,LOSS,NO,-2.0,Up,0xe8e330f57c98082b1cd7c6612c91ecc6812f044d261f8dfcc412f329837c4e5f,32031990500363524244059465238706370740551773785615545660962844915775873753140
2026-04-24T00:45:18.247107+00:00,2026-04-24T00:54:04.263729+00:00,momentum,"XRP Up or Down - April 23, 8:45PM-8:50PM ET",UP,Up,2.0,0.54,,WIN,YES,1.7037037037037033,Up,0x56306d2f36e8d8af66b140a227e7ed7933e9387efab06ff4c01fd0dc1471b680,11704575317226253160427517587036213966490420582705943478426885143953885213448
2026-04-24T00:45:00.425672+00:00,2026-04-24T00:55:04.250856+00:00,momentum,"Ethereum Up or Down - April 23, 8:45PM-8:50PM ET",DOWN,Down,2.0,0.515,,LOSS,NO,-2.0,Up,0x13801181f6d5563b093cc52da4c74d9336a16e14a311c9ebe118df99433093c6,5959020650875114036983733134635717848101049589358043904604663648250263519006
2026-04-24T00:50:01.925627+00:00,2026-04-24T01:00:07.230600+00:00,momentum,"Solana Up or Down - April 23, 8:50PM-8:55PM ET",UP,Up,4.0,0.51,,LOSS,NO,-4.0,Down,0x3fe9af31ea6de038e27a4eea2a51bda6fb55fceac170aad21333c81fc0598ffc,29163901190443674453778456360845713913635530814041847534839665492101134150226
2026-04-24T00:50:01.991877+00:00,2026-04-24T01:00:07.665496+00:00,momentum,"Ethereum Up or Down - April 23, 8:50PM-8:55PM ET",DOWN,Down,4.0,0.52,,WIN,YES,3.6923076923076916,Down,0xf50abe3fb3aa9b42f4026292bd151afaec7e6ee1477a97f3d16c0d0db8dd9070,31964136814067664390434549887465688040474237632249160362039708291639266145976
2026-04-24T00:50:02.059555+00:00,2026-04-24T01:00:07.878771+00:00,momentum,"Bitcoin Up or Down - April 23, 8:50PM-8:55PM ET",DOWN,Down,4.0,0.53,,WIN,YES,3.547169811320754,Down,0x888f4b22c0575def7e194e7b16b5c53aa151d31977f33bcf66c71bd9c686fbfa,53951293756816424934649017031785805353978115438807999897075643173138616921589
2026-04-24T00:50:02.124529+00:00,2026-04-24T01:00:07.911142+00:00,momentum,"XRP Up or Down - April 23, 8:50PM-8:55PM ET",DOWN,Down,2.0,0.54,,LOSS,NO,-2.0,Up,0xac4eb385deab61c0c6687dd3bf55bc3b5451292ff9039481dad0af62b996e52d,74316601449707686704552775578179736056483474332045383041832291688527493951878
2026-04-24T00:55:01.119352+00:00,2026-04-24T01:05:09.742988+00:00,momentum,"Ethereum Up or Down - April 23, 8:55PM-9:00PM ET",UP,Up,2.0,0.52,,LOSS,NO,-2.0,Down,0xd3747178ec8b793f55769bd4db75d2968bff0db2754eb6298821d650be90bf9c,5559072254956241009095573785768277244941793876568102397110977085337495657225
2026-04-24T00:55:01.644029+00:00,2026-04-24T01:05:10.011776+00:00,momentum,"XRP Up or Down - April 23, 8:55PM-9:00PM ET",DOWN,Down,4.0,0.59,,LOSS,NO,-4.0,Up,0x08fd63094614e1c8e60a5e74be9a9de2b477a9bf8305884ebab7a145d69bb3ee,58353419451765943136772958584395586818672340755307763367395529484359672195896
2026-04-24T00:55:01.213743+00:00,2026-04-24T01:07:10.669251+00:00,momentum,"Bitcoin Up or Down - April 23, 8:55PM-9:00PM ET",UP,Up,2.0,0.51,,WIN,YES,1.9215686274509802,Up,0x0e2655fce2d596d2ed15ccb79e3512b014b6aac57d776e80a1ad24ddd9991818,107388431106818737651242818149773012726442023053551227554014469995937569581182
2026-04-24T00:55:01.475766+00:00,2026-04-24T01:07:10.704483+00:00,momentum,"Solana Up or Down - April 23, 8:55PM-9:00PM ET",UP,Up,4.0,0.99,,LOSS,NO,-4.0,Down,0x6753c88d9f5522f8134aaa30f108db39f5e9ef4af3b18b36167347f78ee79278,71995527669186710560824300616273640208939022609640272174858539199632283010296
2026-04-24T01:00:00.613125+00:00,2026-04-24T01:09:11.950831+00:00,momentum,"XRP Up or Down - April 23, 9:00PM-9:05PM ET",DOWN,Down,2.0,0.515,,WIN,YES,1.883495145631068,Down,0x699522f77f3c8c9804e7d5b0170ce0a3945db2b7e2f0853248962d5423d438e0,48100106412888738662165095908852273932867303825607656246970985529277164842599
2026-04-24T01:00:00.695318+00:00,2026-04-24T01:09:12.099749+00:00,momentum,"Bitcoin Up or Down - April 23, 9:00PM-9:05PM ET",DOWN,Down,2.0,0.575,,WIN,YES,1.4782608695652177,Down,0x361e0434f24f4fdd085e6eac20d8dbf1d9ea1932e633a23e2d1fd2f008185086,13091268848603693181359746620009939374187732801102053536847653145561299273908
2026-04-24T01:00:01.974122+00:00,2026-04-24T01:09:12.259455+00:00,momentum,"Solana Up or Down - April 23, 9:00PM-9:05PM ET",UP,Up,2.0,0.51,,LOSS,NO,-2.0,Down,0xbf30dd348226d502e46010e3ba6744b6bd81f066da7bf2cee47f38d0f013ddf1,38718761529360778762088613188984103163397694612994761383974245665436159291494
2026-04-24T01:00:01.891548+00:00,2026-04-24T01:13:13.412309+00:00,momentum,"Ethereum Up or Down - April 23, 9:00PM-9:05PM ET",UP,Up,2.0,0.52,,LOSS,NO,-2.0,Down,0x4cb8bd25f92802458979b7bb0b9c2f5cdd68d514f6b4d96e17edae61e134830c,47494147588653879710628234648842716218204142132311943451479093898910219385914
2026-04-24T01:05:01.815697+00:00,2026-04-24T01:14:14.682835+00:00,momentum,"Solana Up or Down - April 23, 9:05PM-9:10PM ET",UP,Up,2.0,0.56,,LOSS,NO,-2.0,Down,0x65f5b06826d69095aa41389e7fbec14e2a26f1c121332bc7cd62617bae291820,22576197840103301168341297921548069614541670529615134144604608262495808603620
2026-04-24T01:05:01.760839+00:00,2026-04-24T01:15:15.431804+00:00,momentum,"Bitcoin Up or Down - April 23, 9:05PM-9:10PM ET",DOWN,Down,2.0,0.53,,WIN,YES,1.773584905660377,Down,0xf7cc6f2bd55e94a3fb3b33f3f06174a231f3c5c369dd1824947bed51b400942d,18980088576898677453213094287892217923399069595868935088599194310022499084381
2026-04-24T01:05:00.536739+00:00,2026-04-24T01:16:16.159961+00:00,momentum,"XRP Up or Down - April 23, 9:05PM-9:10PM ET",DOWN,Down,2.0,0.515,,WIN,YES,1.883495145631068,Down,0x830fa25474914aad3bf189503b6a8b876df0e3b1c180cf5deeaf2e8136f600c5,28488650285930421096255273121550642085200885394976063377107884590856304788496
2026-04-24T01:05:01.700746+00:00,2026-04-24T01:16:16.337754+00:00,momentum,"Ethereum Up or Down - April 23, 9:05PM-9:10PM ET",DOWN,Down,2.0,0.54,,WIN,YES,1.7037037037037033,Down,0x800005eb9623216718dceeda4a3c84b9d20cc4bbfacc7e686fa5449193eda527,22867866590877741544405890401096824623490139731260284431116251930422043838101
2026-04-24T01:10:00.636364+00:00,2026-04-24T01:20:18.451149+00:00,momentum,"Ethereum Up or Down - April 23, 9:10PM-9:15PM ET",UP,Up,2.0,0.55,,WIN,YES,1.6363636363636362,Up,0x344e194fcd043f9cf72bc813bb74d0b19bb6665674c644a7aeecfe5cb1954b43,87486899699396084795609722768259472542314998084026669355837723602691724669417
2026-04-24T01:10:00.706597+00:00,2026-04-24T01:20:18.489261+00:00,momentum,"Solana Up or Down - April 23, 9:10PM-9:15PM ET",UP,Up,4.0,0.56,,LOSS,NO,-4.0,Down,0xb630faeb54c3de53c2998444301f83338f2c7c839658a6f9d44f948289344e90,67090427330237657463984364141622531534227590181049164405367486009273929332967
2026-04-24T01:10:00.565118+00:00,2026-04-24T01:21:18.851145+00:00,momentum,"Bitcoin Up or Down - April 23, 9:10PM-9:15PM ET",UP,Up,2.0,0.54,,WIN,YES,1.7037037037037033,Up,0x5f087aadd135f3ef5789a3635fdcc2edf037c62acf5f9f29610f7d8eaeca1dd5,85299481168430149965452058721684827911965612638173090584936037616127426963857
2026-04-24T01:10:00.768144+00:00,2026-04-24T01:21:19.037340+00:00,momentum,"XRP Up or Down - April 23, 9:10PM-9:15PM ET",UP,Up,2.0,0.51,,WIN,YES,1.9215686274509802,Up,0x05e35bbb6a54431fe637b2cdb221cf23a2ccecb03486201ac28be1f20321f36c,40936760684279909240490646208544312481039340701136167378172701713876635883851
2026-04-24T01:15:00.302775+00:00,2026-04-24T01:23:19.220031+00:00,momentum,"Ethereum Up or Down - April 23, 9:15PM-9:20PM ET",UP,Up,2.0,0.54,,LOSS,NO,-2.0,Down,0x23d0df35f49ffc77185b3c0914d77700e8034fc17ce3be9ba35f68e4f62c363f,17702969478172870121827316371549006332388107176906120623289789692837743118768
2026-04-24T01:15:03.460814+00:00,2026-04-24T01:24:20.094249+00:00,momentum,"Solana Up or Down - April 23, 9:15PM-9:20PM ET",UP,Up,8.0,0.55,,LOSS,NO,-8.0,Down,0xa9519c93632190f3c03ee7a49b7e16b78a4aeded2d235df68cf3a3bb9ff9339e,67741324691057240927579624858769062285749767144991077411730813172148371027648
2026-04-24T01:15:06.589244+00:00,2026-04-24T01:24:20.135164+00:00,momentum,"XRP Up or Down - April 23, 9:15PM-9:20PM ET",UP,Up,2.0,0.55,,LOSS,NO,-2.0,Down,0xa6bc4d831f302198a0160cd654682b84187a2ac78b6f9c17dd07c8d23af58a81,107894047137777164935022549065955860542804740022891586796661504791895830535612
2026-04-24T01:15:00.227983+00:00,2026-04-24T01:25:20.227854+00:00,momentum,"Bitcoin Up or Down - April 23, 9:15PM-9:20PM ET",UP,Up,2.0,0.54,,LOSS,NO,-2.0,Down,0x2fd1f603a2fb785ff212786a1b70e4eaff6f40e2bb15d8114e78151760ceccb4,76192264890710216477164994229404104433610751672565756578055562926600603352611
2026-04-24T01:20:01.599035+00:00,2026-04-24T01:29:23.161401+00:00,momentum,"Bitcoin Up or Down - April 23, 9:20PM-9:25PM ET",DOWN,Down,4.0,0.53,,WIN,YES,3.547169811320754,Down,0x20a31191940df6c6a97813293421e2c742ab6c4516308ee0d574350d55214e04,18571463433883344893308846763605564792059469993863470693678878506105917605259
2026-04-24T01:20:00.218017+00:00,2026-04-24T01:30:22.730170+00:00,momentum,"XRP Up or Down - April 23, 9:20PM-9:25PM ET",UP,Up,2.0,0.51,,LOSS,NO,-2.0,Down,0x78afe5856e37c8e6c69c53d27919dd60cdd913fe569e999c30a78773d929b0d7,74221224185976147327807706034278676306601364923003074062278207506165795262454
2026-04-24T01:20:01.469994+00:00,2026-04-24T01:31:23.069097+00:00,momentum,"Ethereum Up or Down - April 23, 9:20PM-9:25PM ET",DOWN,Down,4.0,0.58,,WIN,YES,2.8965517241379315,Down,0xbc804d2cee7eab24cacc82cb2319a37b522ed6f7ee52be633278801287065bd2,114828036599402650187971776552791992973771465348934476854511205975742907864974
2026-04-24T01:20:01.536066+00:00,2026-04-24T01:31:23.210892+00:00,momentum,"Solana Up or Down - April 23, 9:20PM-9:25PM ET",UP,Up,16.0,0.53,,WIN,YES,14.188679245283016,Up,0x7b2a3b3ceb4bc2ac5495d350dbdff0747dfe4d95cd089361d312d539bae2340f,16000540189615534011942884620633589671567219270595672815255673521632767524854
2026-04-24T01:25:01.347662+00:00,2026-04-24T01:35:23.796225+00:00,momentum,"Bitcoin Up or Down - April 23, 9:25PM-9:30PM ET",UP,Up,2.0,0.55,,LOSS,NO,-2.0,Down,0x05639c0c74fffa8fadfd81650f8bac48a450a3f631b26dcffce86bbdccfee8ec,59473775047964795132492055458858908953366911333710047162461424930239996900264
2026-04-24T01:25:01.409512+00:00,2026-04-24T01:35:23.963838+00:00,momentum,"Solana Up or Down - April 23, 9:25PM-9:30PM ET",UP,Up,2.0,0.51,,WIN,YES,1.9215686274509802,Up,0xbdf94f4a7669d6f59ee3b6e8e32fb7e92d7b8b7b2542f7ac879c9b55c7e11bb0,6145773211558242117902527825611082649237160012758172586938680063385265964482
2026-04-24T01:25:01.476262+00:00,2026-04-24T01:35:23.998903+00:00,momentum,"Ethereum Up or Down - April 23, 9:25PM-9:30PM ET",UP,Up,2.0,0.54,,LOSS,NO,-2.0,Down,0x904f65f4e92ba434d54a7534f2d254aaa51a3d1bda2e8b20907ad274dc8bcd01,28210635514511542429767661942552591759735922569230063850074626818942765958616
2026-04-24T01:25:00.181899+00:00,2026-04-24T01:36:23.730163+00:00,momentum,"XRP Up or Down - April 23, 9:25PM-9:30PM ET",UP,Up,4.0,0.51,,LOSS,NO,-4.0,Down,0xf8490087d4f8400e2403d56f7da98d3b1c58c546910ff8316c476a88c5823e44,37999064775326415924926930539712249899461106254859036211753801912037022111833
2026-04-24T01:30:00.757326+00:00,2026-04-24T01:38:24.490361+00:00,momentum,"XRP Up or Down - April 23, 9:30PM-9:35PM ET",UP,Up,8.0,0.51,,WIN,YES,7.686274509803921,Up,0x81874560bc1d9edb8a6b146908023c1ba6478129d880c8cc83ef9883d2247897,65336054990228678543687326902686440722378918776261732602728262795134529752587
2026-04-24T01:30:00.696557+00:00,2026-04-24T01:39:25.252719+00:00,momentum,"Ethereum Up or Down - April 23, 9:30PM-9:35PM ET",UP,Up,4.0,0.515,,WIN,YES,3.766990291262136,Up,0xcee2a7ffe90760e59e99002bfbc1b2b3daa1f7016a5fef2b2e9f1649b03f069d,105803455258826191637360222755542922452629289306829554593522970150469474128776
2026-04-24T01:30:00.817475+00:00,2026-04-24T01:39:25.289121+00:00,momentum,"Solana Up or Down - April 23, 9:30PM-9:35PM ET",UP,Up,2.0,0.515,,LOSS,NO,-2.0,Down,0x451bc2928ac9098d3349334619bea38b29cc853d65be672f5f686e1b63d5bf96,89415487584916548293833566082874979992190955593574921122160638372971423830114
2026-04-24T01:30:01.956444+00:00,2026-04-24T01:39:25.448707+00:00,momentum,"Bitcoin Up or Down - April 23, 9:30PM-9:35PM ET",UP,Up,4.0,0.62,,WIN,YES,2.451612903225807,Up,0xbb4faa2018b76d3af9e1949232f9d242dd1185ea21e9c7d8439186501707ce60,110733456458771541772775947554479914547152409568203016763415320453200939829739
2026-04-24T01:35:00.514764+00:00,2026-04-24T01:44:29.007918+00:00,momentum,"XRP Up or Down - April 23, 9:35PM-9:40PM ET",UP,Up,2.0,0.51,,WIN,YES,1.9215686274509802,Up,0x98ea5cf1207acf4d4af3248993937cd456138b1bd5ac36e01997b27462a6b938,10971785082153394924881012769612336378156516809226959711320435869363569242955
2026-04-24T01:35:00.437549+00:00,2026-04-24T01:45:29.032519+00:00,momentum,"Ethereum Up or Down - April 23, 9:35PM-9:40PM ET",UP,Up,2.0,0.515,,WIN,YES,1.883495145631068,Up,0xdd09b266f201206f67b24e40543f8d9deaa6ce75d733e12259609b8df5701ceb,50540584605788061788281346123848798401069397374446194238334197017793439443524
2026-04-24T01:35:02.710908+00:00,2026-04-24T01:45:29.464408+00:00,momentum,"Bitcoin Up or Down - April 23, 9:35PM-9:40PM ET",UP,Up,2.0,0.58,,WIN,YES,1.4482758620689657,Up,0xafa4bf8a5ef10eb99cb52c5a0119678dc21592a0a6e22c11c19fc75abaec8382,33563643445208328555347020117707083752093743060232427870866930734678612136913
2026-04-24T01:35:26.015182+00:00,2026-04-24T01:46:29.982607+00:00,momentum,"Solana Up or Down - April 23, 9:35PM-9:40PM ET",DOWN,Down,4.0,0.64,,LOSS,NO,-4.0,Up,0xec8d31896db8f65d9770dea1de9df61f7da92b74e17e4138900385e0a0512351,29959128581857447663934668541686933370090735544344502939899475834349235721435
2026-04-24T01:40:00.246202+00:00,2026-04-24T01:51:33.723148+00:00,momentum,"Bitcoin Up or Down - April 23, 9:40PM-9:45PM ET",UP,Up,2.0,0.515,,LOSS,NO,-2.0,Down,0xd50e9e5204e3e1546b898e9d2c8a18d8ef8c0462d98c9cb033433063278aa4d8,86916117335461651507018242146988633270188672422415447488226903798689331758417
2026-04-24T01:40:00.305374+00:00,2026-04-24T01:51:33.762605+00:00,momentum,"Ethereum Up or Down - April 23, 9:40PM-9:45PM ET",UP,Up,2.0,0.515,,LOSS,NO,-2.0,Down,0x925be98187d59926c8d6b46c8b17c73be36be82afbb4b596bc511c3f47bb9774,20290537585367895970230461621765755723497788544647402434094627900709410874611
2026-04-24T01:40:00.372084+00:00,2026-04-24T01:51:33.801968+00:00,momentum,"XRP Up or Down - April 23, 9:40PM-9:45PM ET",UP,Up,2.0,0.51,,LOSS,NO,-2.0,Down,0x4669cacc1b461baee38744c8e6ce075d30c4b46322bca23b290f9a5c2a4abd14,24252053626733085932090740407214366967972580225643405050336485185985106197122
2026-04-24T01:40:01.762961+00:00,2026-04-24T01:51:33.837567+00:00,momentum,"Solana Up or Down - April 23, 9:40PM-9:45PM ET",UP,Up,4.0,0.54,,LOSS,NO,-4.0,Down,0x09486c284dc3698a2083d787d6e0574486e8da7231fe0ae05acdf521ec411d95,2796624564882630561516241283995381344741300911960542859060141022685507681406
2026-04-24T01:45:00.728722+00:00,2026-04-24T01:53:35.071790+00:00,momentum,"XRP Up or Down - April 23, 9:45PM-9:50PM ET",UP,Up,4.0,0.51,,WIN,YES,3.8431372549019605,Up,0x776133358adf4a6a5a8062bc5d0baf2c41e378ae7d4108d4702ab9a59efc998d,22977165964502580235588090153494887252667578967535056743432103548009764282034
2026-04-24T01:45:01.900944+00:00,2026-04-24T01:53:35.235799+00:00,momentum,"Bitcoin Up or Down - April 23, 9:45PM-9:50PM ET",UP,Up,4.0,0.52,,WIN,YES,3.6923076923076916,Up,0xb02cc9c72929e135bb6e583b915af99ecbdb633405bf9587c50317093ffb3b43,76015727805986770468967869987910438596371608044870604591975137057310082949587
2026-04-24T01:45:01.970009+00:00,2026-04-24T01:53:35.417462+00:00,momentum,"Solana Up or Down - April 23, 9:45PM-9:50PM ET",UP,Up,8.0,0.51,,WIN,YES,7.686274509803921,Up,0x6e0690a3a6b1c6a3327e14b3476df44ac35582b08a9638a9a5edd8762919007e,110326367323684851616040773996034432684288234340357961259650057284697956877617
2026-04-24T01:45:00.643472+00:00,2026-04-24T01:54:35.722667+00:00,momentum,"Ethereum Up or Down - April 23, 9:45PM-9:50PM ET",UP,Up,4.0,0.51,,WIN,YES,3.8431372549019605,Up,0x6603e7c5d117a36842d9e23f69d8455c20727a8b80e58ebdbf46b67eefbac898,46172797801988807380788017750638638898764124695431964015779681930057760752002
2026-04-24T01:50:00.461154+00:00,2026-04-24T01:59:38.354256+00:00,momentum,"Ethereum Up or Down - April 23, 9:50PM-9:55PM ET",UP,Up,2.0,0.525,,WIN,YES,1.8095238095238093,Up,0x024b3921961a4c4fee7d2f4cade38a3e23b048a84e106e49716f4e19a037c121,61177309210325468796809650932392635537551382716527100514454551860093922573198
2026-04-24T01:50:02.713735+00:00,2026-04-24T01:59:38.490421+00:00,momentum,"XRP Up or Down - April 23, 9:50PM-9:55PM ET",DOWN,Down,2.0,0.55,,LOSS,NO,-2.0,Up,0x8021a684812a592be51320b78d0b537a4d948437ce583fae650c1dfdb07bae27,53438149896037852887753546615117170797414201528179995086537327103206839702065
2026-04-24T01:50:02.779767+00:00,2026-04-24T01:59:38.656775+00:00,momentum,"Solana Up or Down - April 23, 9:50PM-9:55PM ET",UP,Up,2.0,0.99,,WIN,YES,0.020202020202020332,Up,0x09d415aadb3f17f0332d981b411d8f9477537661168c31058139c622a26f62f1,90960400920120522469454354031234994697287757985357183049944304340129076390027
