timestamp,closed_at,source,market,direction,outcome,amount,entry_price,sell_price,result,won,pnl,winning_outcome,condition_id,token_id
2026-03-31T04:38:26.162870+00:00,2026-03-31T04:40:31.300412+00:00,momentum,"Ethereum Up or Down - March 31, 12:35AM-12:40AM ET",UP,Up,5.0,0.77,,WIN,YES,1.4935064935064934,Up,0x1d8d5439773314dd26bc9fe860ba7894f56fa730c1e1f157510ec750730822d5,115325829532283217019716494532038632247126986885659726063606351152487508416306
2026-03-31T04:38:28.225810+00:00,2026-03-31T04:40:31.431868+00:00,momentum,"Ethereum Up or Down - March 31, 12:35AM-12:40AM ET",UP,Up,5.0,0.79,,WIN,YES,1.3291139240506329,Up,0x1d8d5439773314dd26bc9fe860ba7894f56fa730c1e1f157510ec750730822d5,115325829532283217019716494532038632247126986885659726063606351152487508416306
2026-03-31T04:38:30.722770+00:00,2026-03-31T04:40:37.345800+00:00,momentum,"Solana Up or Down - March 31, 12:35AM-12:40AM ET",DOWN,Down,5.0,0.65,,WIN,YES,2.6923076923076916,Down,0x242ebfa0bfe0b8a3100f4f346ff0b42b34dec2256f5e2d13bd01f0bbf10cd6bc,63613909027649452542147099372313814234185063216965182260324559401043534000745
2026-03-31T04:38:34.751812+00:00,2026-03-31T04:40:37.771167+00:00,momentum,"Solana Up or Down - March 31, 12:35AM-12:40AM ET",DOWN,Down,5.0,0.66,,WIN,YES,2.5757575757575752,Down,0x242ebfa0bfe0b8a3100f4f346ff0b42b34dec2256f5e2d13bd01f0bbf10cd6bc,63613909027649452542147099372313814234185063216965182260324559401043534000745
2026-03-31T04:38:44.107102+00:00,2026-03-31T04:40:37.918495+00:00,momentum,"Bitcoin Up or Down - March 31, 12:35AM-12:40AM ET",DOWN,Down,5.0,0.69,,LOSS,NO,-5.0,,0xdbc8b573146c62142b7aa3c3306362e2f55c3ea49f672fd1b256beb015c91a94,22443313912831885565087887770613543510846686478475292398388243233676595323330
2026-03-31T04:38:46.748528+00:00,2026-03-31T04:40:37.919109+00:00,momentum,"Bitcoin Up or Down - March 31, 12:35AM-12:40AM ET",DOWN,Down,5.0,0.74,,LOSS,NO,-5.0,,0xdbc8b573146c62142b7aa3c3306362e2f55c3ea49f672fd1b256beb015c91a94,22443313912831885565087887770613543510846686478475292398388243233676595323330
2026-03-31T04:39:05.264522+00:00,2026-03-31T04:40:41.345635+00:00,momentum,"XRP Up or Down - March 31, 12:35AM-12:40AM ET",UP,Up,5.0,0.81,,WIN,YES,1.1728395061728394,Up,0x1549ae238420b78822521d0b5baf000ecf71301a3f805e1a6beb7b292fdd4d84,84166057084427461285012696477219007448925349232397833641424233226113057495557
2026-03-31T04:39:07.924300+00:00,2026-03-31T04:40:41.488133+00:00,momentum,"XRP Up or Down - March 31, 12:35AM-12:40AM ET",UP,Up,5.0,0.84,,WIN,YES,0.9523809523809526,Up,0x1549ae238420b78822521d0b5baf000ecf71301a3f805e1a6beb7b292fdd4d84,84166057084427461285012696477219007448925349232397833641424233226113057495557
2026-03-31T04:38:33.094058+00:00,2026-03-31T04:45:34.029688+00:00,momentum,"Solana Up or Down - March 31, 12:30AM-12:45AM ET",UP,Up,5.0,0.69,,WIN,YES,2.246376811594203,Up,0xcf4f56dc6ffdc00e9a3ffa3bc6c083b85fcaee2c426d3c5f56ccb1f42c27e836,103569494412523885868441774470691026808894174293536209219855920992383549479319
2026-03-31T04:38:33.424535+00:00,2026-03-31T04:45:34.508866+00:00,momentum,"XRP Up or Down - March 31, 12:30AM-12:45AM ET",UP,Up,5.0,0.88,,WIN,YES,0.6818181818181817,Up,0x0e312e1458666b08c9b0e524c1ae8b3ef76fa1faeef06c6105136503b920a859,73840153073784227743168361285739730378104405633545920105196982255633716561537
2026-03-31T04:39:44.146198+00:00,2026-03-31T04:45:35.034641+00:00,momentum,"Ethereum Up or Down - March 31, 12:30AM-12:45AM ET",UP,Up,5.0,0.65,,WIN,YES,2.6923076923076916,Up,0x8f2c491460a0ecfd0726f96dfdad701e1eb383f76a11e97b3a1a19775fa05b59,69813016318243220269963269509616420916971992085344455968883063347382674393673
2026-03-31T04:40:57.632733+00:00,2026-03-31T04:45:35.401046+00:00,momentum,"Bitcoin Up or Down - March 31, 12:30AM-12:45AM ET",DOWN,Down,5.0,0.68,,WIN,YES,2.352941176470588,Down,0xb4c0fa0d1007935a8bdbe7d0d24463290d8b0a5055f27a2df6dd90a6f7826a2c,55008590795794227725799814957485706359680731370761601795528413381938601869420
2026-03-31T04:42:03.864362+00:00,2026-03-31T04:45:35.735528+00:00,momentum,"XRP Up or Down - March 31, 12:40AM-12:45AM ET",UP,Up,5.0,0.77,,WIN,YES,1.4935064935064934,Up,0x2c263d1cb04c4fd485f0818401ee4cdfa172b6abf280e3d0328ea5a605d94d51,75345880530278158524533969712269151314364745637184743189246767127980402197016
2026-03-31T04:42:24.623238+00:00,2026-03-31T04:45:35.735990+00:00,momentum,"XRP Up or Down - March 31, 12:40AM-12:45AM ET",UP,Up,5.0,0.86,,WIN,YES,0.8139534883720927,Up,0x2c263d1cb04c4fd485f0818401ee4cdfa172b6abf280e3d0328ea5a605d94d51,75345880530278158524533969712269151314364745637184743189246767127980402197016
2026-03-31T04:42:34.196062+00:00,2026-03-31T04:45:36.059454+00:00,momentum,"Solana Up or Down - March 31, 12:40AM-12:45AM ET",DOWN,Down,5.0,0.68,,WIN,YES,2.352941176470588,Down,0x30a07d22ea4d83232a51742350d57ab7d1b299eaf9856f1dc3ea8a7509eb6d16,25618626003284448972080548589026472990927913516849990540023812629959417477767
2026-03-31T04:42:40.000140+00:00,2026-03-31T04:45:36.359544+00:00,momentum,"Bitcoin Up or Down - March 31, 12:40AM-12:45AM ET",DOWN,Down,5.0,0.66,,WIN,YES,2.5757575757575752,Down,0x4eda3fbadd0ce69fcca832f191742f33305faabf550c3186dd0bb0cd386212d1,102263394408807530748881451775627879285582640538415901268118467532435311277524
2026-03-31T04:42:40.716460+00:00,2026-03-31T04:45:36.359695+00:00,momentum,"Solana Up or Down - March 31, 12:40AM-12:45AM ET",DOWN,Down,5.0,0.77,,WIN,YES,1.4935064935064934,Down,0x30a07d22ea4d83232a51742350d57ab7d1b299eaf9856f1dc3ea8a7509eb6d16,25618626003284448972080548589026472990927913516849990540023812629959417477767
2026-03-31T04:42:42.034985+00:00,2026-03-31T04:45:36.500217+00:00,momentum,"Ethereum Up or Down - March 31, 12:40AM-12:45AM ET",DOWN,Down,5.0,0.71,,LOSS,NO,-5.0,,0x799743e2d96ddb09208a64e6db177acfd32f123f1ef53b6c4173a4961a21125c,96526536966816160873945454186554383941270059360724931508832487083692268856599
2026-03-31T04:42:46.873724+00:00,2026-03-31T04:45:36.511294+00:00,momentum,"Solana Up or Down - March 31, 12:30AM-12:45AM ET",UP,Up,5.0,0.75,,WIN,YES,1.666666666666667,Up,0xcf4f56dc6ffdc00e9a3ffa3bc6c083b85fcaee2c426d3c5f56ccb1f42c27e836,103569494412523885868441774470691026808894174293536209219855920992383549479319
2026-03-31T04:43:44.919246+00:00,2026-03-31T04:45:36.512558+00:00,momentum,"Ethereum Up or Down - March 31, 12:30AM-12:45AM ET",UP,Up,5.0,0.94,,WIN,YES,0.31914893617021267,Up,0x8f2c491460a0ecfd0726f96dfdad701e1eb383f76a11e97b3a1a19775fa05b59,69813016318243220269963269509616420916971992085344455968883063347382674393673
2026-03-31T04:47:01.541319+00:00,2026-03-31T04:50:36.439338+00:00,momentum,"XRP Up or Down - March 31, 12:45AM-12:50AM ET",UP,Up,5.0,0.65,,WIN,YES,2.6923076923076916,Up,0x82255c8c09bae8a33555d0df12562c478340a89acee3b128c17c0e453788760d,87311201959687793120357731550028676353051835219312371611193342680221320665845
2026-03-31T04:47:05.877428+00:00,2026-03-31T04:50:36.796527+00:00,momentum,"Bitcoin Up or Down - March 31, 12:45AM-12:50AM ET",UP,Up,5.0,0.85,,WIN,YES,0.882352941176471,Up,0x16ec6b6aa02a733b8e0da97237b6e05b37dada3f1c083919110e49b019b621eb,14686273451394662184774177538745854930384233635305254118469204848129918984426
2026-03-31T04:47:06.604247+00:00,2026-03-31T04:50:37.139063+00:00,momentum,"Ethereum Up or Down - March 31, 12:45AM-12:50AM ET",UP,Up,5.0,0.83,,WIN,YES,1.024096385542169,Up,0x80b2c70fa403f376464b41d0309bbacecf22e52eab28551b668592151131537b,29364679952524541946954341880013476177181673531973049303630195666047388871712
2026-03-31T04:47:07.465410+00:00,2026-03-31T04:50:37.139264+00:00,momentum,"XRP Up or Down - March 31, 12:45AM-12:50AM ET",UP,Up,5.0,0.71,,WIN,YES,2.042253521126761,Up,0x82255c8c09bae8a33555d0df12562c478340a89acee3b128c17c0e453788760d,87311201959687793120357731550028676353051835219312371611193342680221320665845
2026-03-31T04:47:09.162036+00:00,2026-03-31T04:50:37.139336+00:00,momentum,"Bitcoin Up or Down - March 31, 12:45AM-12:50AM ET",UP,Up,5.0,0.86,,WIN,YES,0.8139534883720927,Up,0x16ec6b6aa02a733b8e0da97237b6e05b37dada3f1c083919110e49b019b621eb,14686273451394662184774177538745854930384233635305254118469204848129918984426
2026-03-31T04:47:09.546676+00:00,2026-03-31T04:50:37.139473+00:00,momentum,"Ethereum Up or Down - March 31, 12:45AM-12:50AM ET",UP,Up,5.0,0.84,,WIN,YES,0.9523809523809526,Up,0x80b2c70fa403f376464b41d0309bbacecf22e52eab28551b668592151131537b,29364679952524541946954341880013476177181673531973049303630195666047388871712
2026-03-31T04:47:16.775041+00:00,2026-03-31T04:50:37.506097+00:00,momentum,"Solana Up or Down - March 31, 12:45AM-12:50AM ET",UP,Up,5.0,0.75,,WIN,YES,1.666666666666667,Up,0x668b16ddafcda3cf31b9442fbfcad7b3f4e217c6a32f404f2aae6406dd828cd5,58208453370404442044909073224310851506439290653365483313040638943246025470470
2026-03-31T04:47:34.054265+00:00,2026-03-31T04:50:37.506997+00:00,momentum,"Solana Up or Down - March 31, 12:45AM-12:50AM ET",UP,Up,5.0,0.82,,WIN,YES,1.0975609756097562,Up,0x668b16ddafcda3cf31b9442fbfcad7b3f4e217c6a32f404f2aae6406dd828cd5,58208453370404442044909073224310851506439290653365483313040638943246025470470
2026-03-31T04:52:03.458760+00:00,2026-03-31T04:55:43.258195+00:00,momentum,"Solana Up or Down - March 31, 12:50AM-12:55AM ET",UP,Up,5.0,0.94,,WIN,YES,0.31914893617021267,Up,0x8890a587e6dbab2cbcc9328dc51f6c5058b8b99b4e087e70cb4f571deb6118ab,109912502094344476835277388048086147187618625277181114059323849912949767809473
2026-03-31T04:52:07.785423+00:00,2026-03-31T04:55:49.287145+00:00,momentum,"XRP Up or Down - March 31, 12:50AM-12:55AM ET",UP,Up,5.0,0.93,,WIN,YES,0.37634408602150504,Up,0x31945e14b0fe5f1928b554337dabd138f76772d295f32fd02a8a623a30d2f4e6,58182712682899175894086777643141538905975216550167043039457360098048007435667
2026-03-31T04:54:24.154732+00:00,2026-03-31T04:55:49.404332+00:00,momentum,"XRP Up or Down - March 31, 12:50AM-12:55AM ET",UP,Up,5.0,0.94,,WIN,YES,0.31914893617021267,Up,0x31945e14b0fe5f1928b554337dabd138f76772d295f32fd02a8a623a30d2f4e6,58182712682899175894086777643141538905975216550167043039457360098048007435667
2026-03-31T04:54:48.616908+00:00,2026-03-31T04:55:49.525353+00:00,momentum,"Solana Up or Down - March 31, 12:50AM-12:55AM ET",UP,Up,5.0,0.98,,WIN,YES,0.1020408163265305,Up,0x8890a587e6dbab2cbcc9328dc51f6c5058b8b99b4e087e70cb4f571deb6118ab,109912502094344476835277388048086147187618625277181114059323849912949767809473
2026-03-31T04:50:00.425645+00:00,2026-03-31T05:00:41.443162+00:00,momentum,"Bitcoin Up or Down - March 31, 12:45AM-1:00AM ET",UP,Up,5.0,0.74,,LOSS,NO,-5.0,,0xe03b2c5a3a5d777c516e9289295e21fea8aa434cdeaf05438a0f72e57e49ec45,95017804606541670187059615587211270302647765065451962404694944920868786512575
2026-03-31T04:50:00.968094+00:00,2026-03-31T05:00:41.800322+00:00,momentum,"Ethereum Up or Down - March 31, 12:45AM-1:00AM ET",UP,Up,5.0,0.75,,LOSS,NO,-5.0,,0xf9d1d5424d6b96dcb655cc92193f4ee5fbbd97a3596e0efa103106b28dda5270,88840200952164386868968431237499421616955706372055175253317592372453329728231
2026-03-31T04:50:07.721116+00:00,2026-03-31T05:00:42.131981+00:00,momentum,"XRP Up or Down - March 31, 12:45AM-1:00AM ET",UP,Up,5.0,0.65,,LOSS,NO,-5.0,,0x0237773940c9732e1aa7283ebc9b726e677d1bad4a9bedae8da5b3a7ee48cc08,37602218419099097031086948181838735940016301461442971020660937805115944159445
2026-03-31T04:50:11.217614+00:00,2026-03-31T05:00:42.549616+00:00,momentum,"Solana Up or Down - March 31, 12:45AM-1:00AM ET",UP,Up,5.0,0.66,,LOSS,NO,-5.0,,0xe605e29b5af837083a5cd8e7491f844244fd60afe82b96c7ab60896b0c36e3a5,14284174361224412956575422721426866790064172797802215028587505368779694373123
2026-03-31T04:52:00.524335+00:00,2026-03-31T05:00:42.644919+00:00,momentum,"Ethereum Up or Down - March 31, 12:50AM-12:55AM ET",UP,Up,5.0,0.9,,LOSS,NO,-5.0,Down,0x865f5df442913449cfbcd3af7071f017f398c55da9bc45eb9473b5e4d5ffa166,54380858087084477893833062288884493899986614117862866523641532429961877221596
2026-03-31T04:52:02.739805+00:00,2026-03-31T05:00:42.740062+00:00,momentum,"Bitcoin Up or Down - March 31, 12:50AM-12:55AM ET",UP,Up,5.0,0.69,,LOSS,NO,-5.0,Down,0x9acea5c7a987169e9045885655911e88afa6ebe7a224fa69e7e6b785ba09a6d8,29830469294338968936735479670715748025354635285682980023474803076107583044785
2026-03-31T04:52:03.131495+00:00,2026-03-31T05:00:42.744021+00:00,momentum,"Ethereum Up or Down - March 31, 12:50AM-12:55AM ET",UP,Up,5.0,0.91,,LOSS,NO,-5.0,Down,0x865f5df442913449cfbcd3af7071f017f398c55da9bc45eb9473b5e4d5ffa166,54380858087084477893833062288884493899986614117862866523641532429961877221596
2026-03-31T04:54:09.004250+00:00,2026-03-31T05:00:42.744183+00:00,momentum,"XRP Up or Down - March 31, 12:45AM-1:00AM ET",UP,Up,5.0,0.73,,LOSS,NO,-5.0,,0x0237773940c9732e1aa7283ebc9b726e677d1bad4a9bedae8da5b3a7ee48cc08,37602218419099097031086948181838735940016301461442971020660937805115944159445
2026-03-31T04:54:12.022159+00:00,2026-03-31T05:00:42.744267+00:00,momentum,"Solana Up or Down - March 31, 12:45AM-1:00AM ET",UP,Up,5.0,0.69,,LOSS,NO,-5.0,,0xe605e29b5af837083a5cd8e7491f844244fd60afe82b96c7ab60896b0c36e3a5,14284174361224412956575422721426866790064172797802215028587505368779694373123
2026-03-31T04:54:13.353396+00:00,2026-03-31T05:00:42.744336+00:00,momentum,"Ethereum Up or Down - March 31, 12:45AM-1:00AM ET",UP,Up,5.0,0.82,,LOSS,NO,-5.0,,0xf9d1d5424d6b96dcb655cc92193f4ee5fbbd97a3596e0efa103106b28dda5270,88840200952164386868968431237499421616955706372055175253317592372453329728231
2026-03-31T04:57:01.077873+00:00,2026-03-31T05:00:47.337813+00:00,momentum,"Bitcoin Up or Down - March 31, 12:55AM-1:00AM ET",DOWN,Down,5.0,0.82,,WIN,YES,1.0975609756097562,Down,0x1de395936244e60f60bf31b55268c88405a1046138b87a0170dde6e0c5ac4a31,32942947588014143288248613988493665826144310528138958582422440875557090090498
2026-03-31T04:57:01.524473+00:00,2026-03-31T05:00:51.392611+00:00,momentum,"Ethereum Up or Down - March 31, 12:55AM-1:00AM ET",DOWN,Down,5.0,0.92,,WIN,YES,0.43478260869565233,Down,0x93b31a50864a616bfcbc1778707ec2256ebee4457d5b79e11b9a80186c2be9fd,5597719196726013068591652206829109938405881762752545905085229534577492340458
2026-03-31T04:57:02.290711+00:00,2026-03-31T05:00:57.240980+00:00,momentum,"XRP Up or Down - March 31, 12:55AM-1:00AM ET",DOWN,Down,5.0,0.91,,WIN,YES,0.4945054945054945,Down,0xc95a8f50e2654604fe840310233420bd80363ac3dbdd7a63a9eacc60438d5989,34047870283595371130049023709629062214180891873235382023037795766322846638680
2026-03-31T04:57:09.168695+00:00,2026-03-31T05:00:57.351689+00:00,momentum,"Bitcoin Up or Down - March 31, 12:55AM-1:00AM ET",DOWN,Down,5.0,0.83,,WIN,YES,1.024096385542169,Down,0x1de395936244e60f60bf31b55268c88405a1046138b87a0170dde6e0c5ac4a31,32942947588014143288248613988493665826144310528138958582422440875557090090498
2026-03-31T04:57:11.107343+00:00,2026-03-31T05:01:01.225678+00:00,momentum,"Solana Up or Down - March 31, 12:55AM-1:00AM ET",DOWN,Down,5.0,0.86,,WIN,YES,0.8139534883720927,Down,0x524caad1797b62454026e9a94c52856afd65f6595fd8ea37ed50e3a258ec352c,33753799116630299315418918144540324093769741516613160525054113518379569344729
2026-03-31T04:57:16.930768+00:00,2026-03-31T05:01:01.357564+00:00,momentum,"Solana Up or Down - March 31, 12:55AM-1:00AM ET",DOWN,Down,5.0,0.87,,WIN,YES,0.7471264367816088,Down,0x524caad1797b62454026e9a94c52856afd65f6595fd8ea37ed50e3a258ec352c,33753799116630299315418918144540324093769741516613160525054113518379569344729
2026-03-31T04:57:17.279591+00:00,2026-03-31T05:01:01.500319+00:00,momentum,"XRP Up or Down - March 31, 12:55AM-1:00AM ET",DOWN,Down,5.0,0.94,,WIN,YES,0.31914893617021267,Down,0xc95a8f50e2654604fe840310233420bd80363ac3dbdd7a63a9eacc60438d5989,34047870283595371130049023709629062214180891873235382023037795766322846638680
2026-03-31T04:57:24.087016+00:00,2026-03-31T05:01:01.651303+00:00,momentum,"Ethereum Up or Down - March 31, 12:55AM-1:00AM ET",DOWN,Down,5.0,0.93,,WIN,YES,0.37634408602150504,Down,0x93b31a50864a616bfcbc1778707ec2256ebee4457d5b79e11b9a80186c2be9fd,5597719196726013068591652206829109938405881762752545905085229534577492340458
2026-03-31T05:02:02.271521+00:00,2026-03-31T05:05:49.203997+00:00,momentum,"XRP Up or Down - March 31, 1:00AM-1:05AM ET",DOWN,Down,5.0,0.85,,WIN,YES,0.882352941176471,Down,0xdf859384e1061926a5b6455991fa2759b7a7348ff9f99883faf5fe7dafbfff5c,26577585619844646361056164237432857300711443249211278829073131685484490559851
2026-03-31T05:02:06.476799+00:00,2026-03-31T05:05:49.350445+00:00,momentum,"XRP Up or Down - March 31, 1:00AM-1:05AM ET",DOWN,Down,5.0,0.89,,WIN,YES,0.6179775280898872,Down,0xdf859384e1061926a5b6455991fa2759b7a7348ff9f99883faf5fe7dafbfff5c,26577585619844646361056164237432857300711443249211278829073131685484490559851
2026-03-31T05:02:10.036774+00:00,2026-03-31T05:05:53.173863+00:00,momentum,"Solana Up or Down - March 31, 1:00AM-1:05AM ET",DOWN,Down,5.0,0.94,,WIN,YES,0.31914893617021267,Down,0x36cd01223dfb7facfb1ad5e5cc6425f9817af615d8e6ddc025a0900f3d1bb7d8,40846174526813268733729478332781253728515032722754271988146473230356806117625
2026-03-31T05:02:16.340381+00:00,2026-03-31T05:05:53.316547+00:00,momentum,"Solana Up or Down - March 31, 1:00AM-1:05AM ET",DOWN,Down,5.0,0.95,,WIN,YES,0.2631578947368425,Down,0x36cd01223dfb7facfb1ad5e5cc6425f9817af615d8e6ddc025a0900f3d1bb7d8,40846174526813268733729478332781253728515032722754271988146473230356806117625
2026-03-31T05:02:01.542289+00:00,2026-03-31T05:08:45.411899+00:00,momentum,"Ethereum Up or Down - March 31, 1:00AM-1:05AM ET",DOWN,Down,5.0,0.74,,LOSS,NO,-5.0,Up,0x329129f619d12aeb1bede6022b8e6b76c6ae4a6e91efed2eebe7eeb9d3b3ca36,19926901782353719753219701061920655321796907285061597047136666214210010289178
2026-03-31T05:02:05.815208+00:00,2026-03-31T05:08:45.413707+00:00,momentum,"Ethereum Up or Down - March 31, 1:00AM-1:05AM ET",DOWN,Down,5.0,0.84,,LOSS,NO,-5.0,Up,0x329129f619d12aeb1bede6022b8e6b76c6ae4a6e91efed2eebe7eeb9d3b3ca36,19926901782353719753219701061920655321796907285061597047136666214210010289178
2026-03-31T05:02:01.137487+00:00,2026-03-31T05:09:45.461828+00:00,momentum,"Bitcoin Up or Down - March 31, 1:00AM-1:05AM ET",DOWN,Down,5.0,0.73,,LOSS,NO,-5.0,Up,0x105fb56ed4310b5a7546987a2ff8a7bf1ee18d85b65b1c7dda59c8ee5527c0eb,44870709915675706008906069133150272772761414935269590293377069564550048162671
2026-03-31T05:02:12.884387+00:00,2026-03-31T05:09:45.480337+00:00,momentum,"Bitcoin Up or Down - March 31, 1:00AM-1:05AM ET",DOWN,Down,5.0,0.89,,LOSS,NO,-5.0,Up,0x105fb56ed4310b5a7546987a2ff8a7bf1ee18d85b65b1c7dda59c8ee5527c0eb,44870709915675706008906069133150272772761414935269590293377069564550048162671
2026-03-31T05:07:00.870000+00:00,2026-03-31T05:10:51.257987+00:00,momentum,"Bitcoin Up or Down - March 31, 1:05AM-1:10AM ET",DOWN,Down,5.0,0.69,,WIN,YES,2.246376811594203,Down,0x1dd9bacd3657ef48fe20e706e614f10b32e39c19ba6e8a5e48b30783d56f5d97,76542882475940750112806692780212114650488629455417119835990378356699237141343
2026-03-31T05:07:01.253752+00:00,2026-03-31T05:10:55.161870+00:00,momentum,"Ethereum Up or Down - March 31, 1:05AM-1:10AM ET",DOWN,Down,5.0,0.75,,WIN,YES,1.666666666666667,Down,0x34e2181af5388fee5b4395026e5de35af4915034be642137ff3f2159a029fb91,43221885200621893655013474234979401308057069993806493670012922149465682655160
2026-03-31T05:07:01.613593+00:00,2026-03-31T05:11:01.305599+00:00,momentum,"Solana Up or Down - March 31, 1:05AM-1:10AM ET",DOWN,Down,5.0,0.72,,WIN,YES,1.9444444444444446,Down,0x741b5d117973f50ffcdbb2bcc5a2fadae8dd925df1e61bddbcab77857cc8156e,93979069124051927594170721667721629570517663364331520641704764153750425077122
2026-03-31T05:07:05.562725+00:00,2026-03-31T05:11:05.356726+00:00,momentum,"XRP Up or Down - March 31, 1:05AM-1:10AM ET",DOWN,Down,5.0,0.65,,WIN,YES,2.6923076923076916,Down,0x15b72c2696730b941f50233d4b8c1b5bca4ed5cf197364c02fa573d893cf4d04,41454845108737819169947625208037937164477475494461905630670653942459423098882
2026-03-31T05:07:14.848595+00:00,2026-03-31T05:11:05.468163+00:00,momentum,"Ethereum Up or Down - March 31, 1:05AM-1:10AM ET",DOWN,Down,5.0,0.79,,WIN,YES,1.3291139240506329,Down,0x34e2181af5388fee5b4395026e5de35af4915034be642137ff3f2159a029fb91,43221885200621893655013474234979401308057069993806493670012922149465682655160
2026-03-31T05:07:15.211656+00:00,2026-03-31T05:11:05.605439+00:00,momentum,"Solana Up or Down - March 31, 1:05AM-1:10AM ET",DOWN,Down,5.0,0.76,,WIN,YES,1.5789473684210522,Down,0x741b5d117973f50ffcdbb2bcc5a2fadae8dd925df1e61bddbcab77857cc8156e,93979069124051927594170721667721629570517663364331520641704764153750425077122
2026-03-31T05:07:17.639536+00:00,2026-03-31T05:11:05.742248+00:00,momentum,"Bitcoin Up or Down - March 31, 1:05AM-1:10AM ET",DOWN,Down,5.0,0.71,,WIN,YES,2.042253521126761,Down,0x1dd9bacd3657ef48fe20e706e614f10b32e39c19ba6e8a5e48b30783d56f5d97,76542882475940750112806692780212114650488629455417119835990378356699237141343
2026-03-31T05:07:52.415471+00:00,2026-03-31T05:11:05.867263+00:00,momentum,"XRP Up or Down - March 31, 1:05AM-1:10AM ET",DOWN,Down,5.0,0.66,,WIN,YES,2.5757575757575752,Down,0x15b72c2696730b941f50233d4b8c1b5bca4ed5cf197364c02fa573d893cf4d04,41454845108737819169947625208037937164477475494461905630670653942459423098882
2026-03-31T05:05:01.771842+00:00,2026-03-31T05:14:50.974003+00:00,momentum,"Solana Up or Down - March 31, 1:00AM-1:15AM ET",DOWN,Down,5.0,0.66,,WIN,YES,2.5757575757575752,Down,0x9be25233c2029088cbc1e05b491872fb3dbe5fbb34e6eaa8aaf7b52e51621d11,34671364252447126746736895343905340367165504417935120734493909297083714805680
2026-03-31T05:05:03.529841+00:00,2026-03-31T05:14:51.121058+00:00,momentum,"Bitcoin Up or Down - March 31, 1:00AM-1:15AM ET",UP,Up,5.0,0.79,,LOSS,NO,-5.0,,0x87a0a4613c2df783ecf676799198973e650c1d12005e4b0c4c71137b2d3c324e,53881452467514251733253596790426919078265126913754443047437218751827031235149
2026-03-31T05:05:06.696047+00:00,2026-03-31T05:14:51.256857+00:00,momentum,"Ethereum Up or Down - March 31, 1:00AM-1:15AM ET",UP,Up,5.0,0.79,,LOSS,NO,-5.0,,0x4ae58c9f9b217d5b705d6861c7293b3c1ed9d6a536ee69445119f04736f7c113,2277990381663688103670241125624308968371038083962562729333745895728059978586
2026-03-31T05:09:03.048022+00:00,2026-03-31T05:14:51.257611+00:00,momentum,"Solana Up or Down - March 31, 1:00AM-1:15AM ET",DOWN,Down,5.0,0.86,,WIN,YES,0.8139534883720927,Down,0x9be25233c2029088cbc1e05b491872fb3dbe5fbb34e6eaa8aaf7b52e51621d11,34671364252447126746736895343905340367165504417935120734493909297083714805680
2026-03-31T05:09:42.822925+00:00,2026-03-31T05:14:51.662480+00:00,momentum,"XRP Up or Down - March 31, 1:00AM-1:15AM ET",DOWN,Down,5.0,0.68,,WIN,YES,2.352941176470588,Down,0x7bfe1263616a13b6e1843ffaf7d4f8b0ef05cb76c2d7ec97e5a586d3d50102c8,80546699254859414427191567427478593625044432189342554038467736789907758300764
2026-03-31T05:12:16.863481+00:00,2026-03-31T05:14:52.064155+00:00,momentum,"Solana Up or Down - March 31, 1:10AM-1:15AM ET",DOWN,Down,5.0,0.65,,WIN,YES,2.6923076923076916,Down,0x34c497f1c3e07d14de2eec8c58339d2a92d9cbe2e8768ef6eee5b729f2b9b5ed,28197528724374114510711545319670885044161145474815174304765102906797759249770
2026-03-31T05:12:32.353323+00:00,2026-03-31T05:14:52.064377+00:00,momentum,"Solana Up or Down - March 31, 1:10AM-1:15AM ET",DOWN,Down,5.0,0.66,,WIN,YES,2.5757575757575752,Down,0x34c497f1c3e07d14de2eec8c58339d2a92d9cbe2e8768ef6eee5b729f2b9b5ed,28197528724374114510711545319670885044161145474815174304765102906797759249770
2026-03-31T05:13:01.750614+00:00,2026-03-31T05:14:52.511801+00:00,momentum,"XRP Up or Down - March 31, 1:10AM-1:15AM ET",DOWN,Down,5.0,0.75,,WIN,YES,1.666666666666667,Down,0x879481b1cc323094214d6fa2cad00e40ba5f5c42452a6df9def0812b78ef5c9e,31251678791847667792247796838061568706251523562888090382781477697773602565527
2026-03-31T05:13:25.818010+00:00,2026-03-31T05:14:52.900208+00:00,momentum,"Bitcoin Up or Down - March 31, 1:10AM-1:15AM ET",DOWN,Down,5.0,0.67,,WIN,YES,2.4626865671641784,Down,0x61957796ee7ea15c3451fead5515e0c837c960b4d28ebffbd57e41e785c70f4a,108930663356726284550494315742849704346761646593938644511566014286770516540352
2026-03-31T05:13:30.147558+00:00,2026-03-31T05:14:53.228401+00:00,momentum,"Ethereum Up or Down - March 31, 1:10AM-1:15AM ET",DOWN,Down,5.0,0.83,,WIN,YES,1.024096385542169,Down,0xed71ea56f06baa192aab1c1bf5e1a74e00ff73eb38ec49b71cb8428fdc767174,114823819220707687583442985561494319598909469705711816703235061770041616095584
2026-03-31T05:13:33.868323+00:00,2026-03-31T05:14:53.228807+00:00,momentum,"Ethereum Up or Down - March 31, 1:10AM-1:15AM ET",DOWN,Down,5.0,0.89,,WIN,YES,0.6179775280898872,Down,0xed71ea56f06baa192aab1c1bf5e1a74e00ff73eb38ec49b71cb8428fdc767174,114823819220707687583442985561494319598909469705711816703235061770041616095584
2026-03-31T05:13:37.430184+00:00,2026-03-31T05:14:53.228922+00:00,momentum,"Bitcoin Up or Down - March 31, 1:10AM-1:15AM ET",DOWN,Down,5.0,0.87,,WIN,YES,0.7471264367816088,Down,0x61957796ee7ea15c3451fead5515e0c837c960b4d28ebffbd57e41e785c70f4a,108930663356726284550494315742849704346761646593938644511566014286770516540352
2026-03-31T05:13:37.756292+00:00,2026-03-31T05:14:53.229003+00:00,momentum,"XRP Up or Down - March 31, 1:10AM-1:15AM ET",DOWN,Down,5.0,0.92,,WIN,YES,0.43478260869565233,Down,0x879481b1cc323094214d6fa2cad00e40ba5f5c42452a6df9def0812b78ef5c9e,31251678791847667792247796838061568706251523562888090382781477697773602565527
2026-03-31T05:13:43.271398+00:00,2026-03-31T05:14:53.229443+00:00,momentum,"XRP Up or Down - March 31, 1:00AM-1:15AM ET",DOWN,Down,5.0,0.98,,WIN,YES,0.1020408163265305,Down,0x7bfe1263616a13b6e1843ffaf7d4f8b0ef05cb76c2d7ec97e5a586d3d50102c8,80546699254859414427191567427478593625044432189342554038467736789907758300764
2026-03-31T05:17:02.462129+00:00,2026-03-31T05:19:53.844544+00:00,momentum,"XRP Up or Down - March 31, 1:15AM-1:20AM ET",UP,Up,5.0,0.79,,WIN,YES,1.3291139240506329,Up,0x4aded00e6b5a154c7e806d789a17e084f721143a3b7f527877041fe667c98c06,74321077430376016050240021775180717957853724238309755945588730511764117196652
2026-03-31T05:17:19.225942+00:00,2026-03-31T05:19:54.485182+00:00,momentum,"Solana Up or Down - March 31, 1:15AM-1:20AM ET",UP,Up,5.0,0.76,,WIN,YES,1.5789473684210522,Up,0xeabb0e5a722c4dd5d3e45648b4d9e49c89b38da8c578d99f292e2790080d58f5,45307921756938727963686165248780721946312199519331614106126861535452500368318
2026-03-31T05:17:19.603422+00:00,2026-03-31T05:19:54.485347+00:00,momentum,"XRP Up or Down - March 31, 1:15AM-1:20AM ET",UP,Up,5.0,0.94,,WIN,YES,0.31914893617021267,Up,0x4aded00e6b5a154c7e806d789a17e084f721143a3b7f527877041fe667c98c06,74321077430376016050240021775180717957853724238309755945588730511764117196652
2026-03-31T05:17:22.706736+00:00,2026-03-31T05:19:54.485629+00:00,momentum,"Solana Up or Down - March 31, 1:15AM-1:20AM ET",UP,Up,5.0,0.78,,WIN,YES,1.4102564102564097,Up,0xeabb0e5a722c4dd5d3e45648b4d9e49c89b38da8c578d99f292e2790080d58f5,45307921756938727963686165248780721946312199519331614106126861535452500368318
2026-03-31T05:17:25.655636+00:00,2026-03-31T05:19:54.829274+00:00,momentum,"Ethereum Up or Down - March 31, 1:15AM-1:20AM ET",UP,Up,5.0,0.9,,WIN,YES,0.5555555555555554,Up,0x81923d8d22dd486e7145c60bdf6188eb2882f04e9da2c6aebcc0514dd746ab90,47471499309578011269763656702517882830885508625908199056676180520761635547181
2026-03-31T05:17:39.668950+00:00,2026-03-31T05:19:54.829480+00:00,momentum,"Ethereum Up or Down - March 31, 1:15AM-1:20AM ET",UP,Up,5.0,0.94,,WIN,YES,0.31914893617021267,Up,0x81923d8d22dd486e7145c60bdf6188eb2882f04e9da2c6aebcc0514dd746ab90,47471499309578011269763656702517882830885508625908199056676180520761635547181
2026-03-31T05:17:18.495084+00:00,2026-03-31T05:20:57.352009+00:00,momentum,"Bitcoin Up or Down - March 31, 1:15AM-1:20AM ET",UP,Up,5.0,0.76,,WIN,YES,1.5789473684210522,Up,0x13f75ad9345b8088f87333a40fe6087e5cdf8b8dd47ed8f5a895725514feeb89,102727484106677869210081628041639679978957599211081483200287735708575951965099
2026-03-31T05:17:41.307115+00:00,2026-03-31T05:20:57.470890+00:00,momentum,"Bitcoin Up or Down - March 31, 1:15AM-1:20AM ET",UP,Up,5.0,0.82,,WIN,YES,1.0975609756097562,Up,0x13f75ad9345b8088f87333a40fe6087e5cdf8b8dd47ed8f5a895725514feeb89,102727484106677869210081628041639679978957599211081483200287735708575951965099
2026-03-31T05:22:08.659598+00:00,2026-03-31T05:24:57.502809+00:00,momentum,"Bitcoin Up or Down - March 31, 1:20AM-1:25AM ET",UP,Up,5.0,0.68,,WIN,YES,2.352941176470588,Up,0xd6bc7e0f483b8bf281b8c16a912101871d76e598427690da16964a6dc3df92b4,7467485735367436615490689609327880423453929155904930873725995648377550485593
2026-03-31T05:22:09.532899+00:00,2026-03-31T05:24:57.906961+00:00,momentum,"Ethereum Up or Down - March 31, 1:20AM-1:25AM ET",UP,Up,5.0,0.82,,WIN,YES,1.0975609756097562,Up,0x83db6a2aadc7d6dc9cbcc1a83705c8ece365652ec1c4f55da04a1f3acf171c9f,111291943212766837011565361270695444484646094150116444763695386948628578119887
2026-03-31T05:22:09.989327+00:00,2026-03-31T05:24:58.433777+00:00,momentum,"XRP Up or Down - March 31, 1:20AM-1:25AM ET",UP,Up,5.0,0.91,,WIN,YES,0.4945054945054945,Up,0x6ef58458700987ea3e7aace5ecbbec25ea98eb2ce8baff988f9eab0072bcd527,67970688893456248390866889599658317508960781808374776821686094858351207246931
2026-03-31T05:22:11.558284+00:00,2026-03-31T05:24:58.434040+00:00,momentum,"Bitcoin Up or Down - March 31, 1:20AM-1:25AM ET",UP,Up,5.0,0.69,,WIN,YES,2.246376811594203,Up,0xd6bc7e0f483b8bf281b8c16a912101871d76e598427690da16964a6dc3df92b4,7467485735367436615490689609327880423453929155904930873725995648377550485593
2026-03-31T05:22:19.188703+00:00,2026-03-31T05:24:58.434143+00:00,momentum,"Ethereum Up or Down - March 31, 1:20AM-1:25AM ET",UP,Up,5.0,0.85,,WIN,YES,0.882352941176471,Up,0x83db6a2aadc7d6dc9cbcc1a83705c8ece365652ec1c4f55da04a1f3acf171c9f,111291943212766837011565361270695444484646094150116444763695386948628578119887
2026-03-31T05:22:20.538149+00:00,2026-03-31T05:24:58.902917+00:00,momentum,"Solana Up or Down - March 31, 1:20AM-1:25AM ET",UP,Up,5.0,0.65,,WIN,YES,2.6923076923076916,Up,0xb8f2e245edce05a3a3f6fd9f8ac4dce7c7eea1ad47123b830275f38d9b70ae0f,98193258547619877865274074720376884153654184699982989620761466074164900635035
2026-03-31T05:22:20.927421+00:00,2026-03-31T05:24:58.903136+00:00,momentum,"XRP Up or Down - March 31, 1:20AM-1:25AM ET",UP,Up,5.0,0.94,,WIN,YES,0.31914893617021267,Up,0x6ef58458700987ea3e7aace5ecbbec25ea98eb2ce8baff988f9eab0072bcd527,67970688893456248390866889599658317508960781808374776821686094858351207246931
2026-03-31T05:22:27.432733+00:00,2026-03-31T05:24:58.908283+00:00,momentum,"Solana Up or Down - March 31, 1:20AM-1:25AM ET",UP,Up,5.0,0.7,,WIN,YES,2.1428571428571432,Up,0xb8f2e245edce05a3a3f6fd9f8ac4dce7c7eea1ad47123b830275f38d9b70ae0f,98193258547619877865274074720376884153654184699982989620761466074164900635035
2026-03-31T05:20:00.839856+00:00,2026-03-31T05:29:58.937760+00:00,momentum,"Bitcoin Up or Down - March 31, 1:15AM-1:30AM ET",UP,Up,5.0,0.68,,WIN,YES,2.352941176470588,Up,0xa4e536e9109eeef9818400d49970da891a10c64f1bd5c6762736696e8eb0651d,99128164757128199696505642958045778113527949167100989049497282510463951460857
2026-03-31T05:20:01.621958+00:00,2026-03-31T05:29:59.309197+00:00,momentum,"Solana Up or Down - March 31, 1:15AM-1:30AM ET",UP,Up,5.0,0.68,,WIN,YES,2.352941176470588,Up,0x53bf5d32e2bc1543da67ecb2e50afe880c49b8bf0a3d5b9aed5f6163f7b918fb,17870858321460228024938476645051089296196776061466954426698350163580701775364
2026-03-31T05:20:05.208634+00:00,2026-03-31T05:29:59.695796+00:00,momentum,"Ethereum Up or Down - March 31, 1:15AM-1:30AM ET",UP,Up,5.0,0.83,,WIN,YES,1.024096385542169,Up,0x825731be4873e71b25c2494540c243fc3f8a66840e744c4bcedbaa00c18dfd00,43739697815901332203676996283088294264571266154997543570916898517022365863797
2026-03-31T05:20:08.335426+00:00,2026-03-31T05:30:00.292269+00:00,momentum,"XRP Up or Down - March 31, 1:15AM-1:30AM ET",UP,Up,5.0,0.71,,WIN,YES,2.042253521126761,Up,0x30e31bd177309fdc9198d852f427d1bac27bd291bc8175ebd7cdfb3d4a2a573c,102020375743307264623106454332735000181659372403899389328567868784176875999859
2026-03-31T05:24:02.192901+00:00,2026-03-31T05:30:00.292516+00:00,momentum,"Bitcoin Up or Down - March 31, 1:15AM-1:30AM ET",UP,Up,5.0,0.96,,WIN,YES,0.20833333333333393,Up,0xa4e536e9109eeef9818400d49970da891a10c64f1bd5c6762736696e8eb0651d,99128164757128199696505642958045778113527949167100989049497282510463951460857
2026-03-31T05:24:02.567731+00:00,2026-03-31T05:30:00.292626+00:00,momentum,"Solana Up or Down - March 31, 1:15AM-1:30AM ET",UP,Up,5.0,0.87,,WIN,YES,0.7471264367816088,Up,0x53bf5d32e2bc1543da67ecb2e50afe880c49b8bf0a3d5b9aed5f6163f7b918fb,17870858321460228024938476645051089296196776061466954426698350163580701775364
2026-03-31T05:24:06.081267+00:00,2026-03-31T05:30:00.292707+00:00,momentum,"Ethereum Up or Down - March 31, 1:15AM-1:30AM ET",UP,Up,5.0,0.98,,WIN,YES,0.1020408163265305,Up,0x825731be4873e71b25c2494540c243fc3f8a66840e744c4bcedbaa00c18dfd00,43739697815901332203676996283088294264571266154997543570916898517022365863797
2026-03-31T05:24:09.572803+00:00,2026-03-31T05:30:00.292781+00:00,momentum,"XRP Up or Down - March 31, 1:15AM-1:30AM ET",UP,Up,5.0,0.98,,WIN,YES,0.1020408163265305,Up,0x30e31bd177309fdc9198d852f427d1bac27bd291bc8175ebd7cdfb3d4a2a573c,102020375743307264623106454332735000181659372403899389328567868784176875999859
2026-03-31T05:27:26.345546+00:00,2026-03-31T05:30:00.800454+00:00,momentum,"XRP Up or Down - March 31, 1:25AM-1:30AM ET",UP,Up,5.0,0.86,,WIN,YES,0.8139534883720927,Up,0xaae292ddd111f2b41ed066f00f29569a3ef78aac404976d7b502b9a69c51a26d,68570027312273126594255062164563106837981456419952665026717859520695630611473
2026-03-31T05:27:39.490064+00:00,2026-03-31T05:30:00.800653+00:00,momentum,"XRP Up or Down - March 31, 1:25AM-1:30AM ET",UP,Up,5.0,0.87,,WIN,YES,0.7471264367816088,Up,0xaae292ddd111f2b41ed066f00f29569a3ef78aac404976d7b502b9a69c51a26d,68570027312273126594255062164563106837981456419952665026717859520695630611473
2026-03-31T05:27:42.997787+00:00,2026-03-31T05:30:01.293082+00:00,momentum,"Ethereum Up or Down - March 31, 1:25AM-1:30AM ET",UP,Up,5.0,0.65,,WIN,YES,2.6923076923076916,Up,0x6d0f7ecb6c70cd3f45e30be4e875d7a1f5c8a810638b212af9a124edecab3ca3,19383522002102422378301140750889797957853444065910133034773553737800678764581
2026-03-31T05:28:12.337465+00:00,2026-03-31T05:30:01.293935+00:00,momentum,"Ethereum Up or Down - March 31, 1:25AM-1:30AM ET",UP,Up,5.0,0.66,,WIN,YES,2.5757575757575752,Up,0x6d0f7ecb6c70cd3f45e30be4e875d7a1f5c8a810638b212af9a124edecab3ca3,19383522002102422378301140750889797957853444065910133034773553737800678764581
2026-03-31T05:28:17.523907+00:00,2026-03-31T05:30:01.740836+00:00,momentum,"Solana Up or Down - March 31, 1:25AM-1:30AM ET",DOWN,Down,5.0,0.66,,WIN,YES,2.5757575757575752,Down,0x808dc3e0392bf71f6c24149677cbc1cfae4d517135f71400ed3e3b3164ab2610,78118353649790299990521392968915195655457645510114671077753769457995343661483
2026-03-31T05:29:26.694184+00:00,2026-03-31T05:30:01.741674+00:00,momentum,"Solana Up or Down - March 31, 1:25AM-1:30AM ET",DOWN,Down,5.0,0.86,,WIN,YES,0.8139534883720927,Down,0x808dc3e0392bf71f6c24149677cbc1cfae4d517135f71400ed3e3b3164ab2610,78118353649790299990521392968915195655457645510114671077753769457995343661483
2026-03-31T05:29:51.110579+00:00,2026-03-31T05:30:01.743490+00:00,momentum,"Bitcoin Up or Down - March 31, 1:25AM-1:30AM ET",DOWN,Down,5.0,0.74,,LOSS,NO,-5.0,,0x0cca27822d6b23cb0cf54539f029164fc362ac622c43fabb7aa598754b4ec073,19590035112286824360222685648435234996622854907511504972869556607392688998490
2026-03-31T05:27:15.225328+00:00,2026-03-31T05:31:03.377797+00:00,momentum,"Bitcoin Up or Down - March 31, 1:25AM-1:30AM ET",DOWN,Down,5.0,0.68,,WIN,YES,2.352941176470588,Down,0x0cca27822d6b23cb0cf54539f029164fc362ac622c43fabb7aa598754b4ec073,19590035112286824360222685648435234996622854907511504972869556607392688998490
2026-03-31T05:32:10.378105+00:00,2026-03-31T05:35:03.154690+00:00,momentum,"Ethereum Up or Down - March 31, 1:30AM-1:35AM ET",DOWN,Down,5.0,0.68,,LOSS,NO,-5.0,,0x93c91efb675545f14e9b810ff46b3c26d77fd6f7f6e797b79aa2cfc9a69621c4,64900416820792582070668462206287657495138695955180035498341643928732361390021
2026-03-31T05:32:10.762833+00:00,2026-03-31T05:35:03.512181+00:00,momentum,"Solana Up or Down - March 31, 1:30AM-1:35AM ET",UP,Up,5.0,0.77,,WIN,YES,1.4935064935064934,Up,0xd4d4703ed3f1e6db4c8550f04577682faf735c81508103f2a00d35f13906e654,103368289021703202775051622294251838041194525273228246609090146337418114042368
2026-03-31T05:32:11.139634+00:00,2026-03-31T05:35:03.938322+00:00,momentum,"XRP Up or Down - March 31, 1:30AM-1:35AM ET",DOWN,Down,5.0,0.97,,WIN,YES,0.1546391752577323,Down,0x0cb49a2dff671bcb13107e9b2ce096c527a9bbd5bc4e8130152353777330ab5c,14816528800552517651062736631447780248415935238415616246418768274781988597908
2026-03-31T05:32:31.219489+00:00,2026-03-31T05:35:04.094546+00:00,momentum,"Ethereum Up or Down - March 31, 1:30AM-1:35AM ET",DOWN,Down,5.0,0.84,,LOSS,NO,-5.0,,0x93c91efb675545f14e9b810ff46b3c26d77fd6f7f6e797b79aa2cfc9a69621c4,64900416820792582070668462206287657495138695955180035498341643928732361390021
2026-03-31T05:32:31.546885+00:00,2026-03-31T05:35:04.095150+00:00,momentum,"XRP Up or Down - March 31, 1:30AM-1:35AM ET",DOWN,Down,5.0,0.98,,WIN,YES,0.1020408163265305,Down,0x0cb49a2dff671bcb13107e9b2ce096c527a9bbd5bc4e8130152353777330ab5c,14816528800552517651062736631447780248415935238415616246418768274781988597908
2026-03-31T05:32:51.229650+00:00,2026-03-31T05:35:04.095242+00:00,momentum,"Solana Up or Down - March 31, 1:30AM-1:35AM ET",UP,Up,5.0,0.81,,WIN,YES,1.1728395061728394,Up,0xd4d4703ed3f1e6db4c8550f04577682faf735c81508103f2a00d35f13906e654,103368289021703202775051622294251838041194525273228246609090146337418114042368
2026-03-31T05:32:30.809228+00:00,2026-03-31T05:39:05.250167+00:00,momentum,"Bitcoin Up or Down - March 31, 1:30AM-1:35AM ET",DOWN,Down,5.0,0.79,,LOSS,NO,-5.0,Up,0x22b7a406ecd6e06c9a1f98a877c89fa88e58e9ec16d6a3fbcb8d2ea282675cf8,96027339810345158382650588791695391112166477357602211097785128428823834392277
2026-03-31T05:32:34.019592+00:00,2026-03-31T05:39:05.250559+00:00,momentum,"Bitcoin Up or Down - March 31, 1:30AM-1:35AM ET",DOWN,Down,5.0,0.81,,LOSS,NO,-5.0,Up,0x22b7a406ecd6e06c9a1f98a877c89fa88e58e9ec16d6a3fbcb8d2ea282675cf8,96027339810345158382650588791695391112166477357602211097785128428823834392277
2026-03-31T05:37:01.488171+00:00,2026-03-31T05:40:06.745600+00:00,momentum,"Ethereum Up or Down - March 31, 1:35AM-1:40AM ET",DOWN,Down,5.0,0.72,,WIN,YES,1.9444444444444446,Down,0x2883a394239d507abaf69bf69caed62936e2dbe9cc1c5e93f6a850777d50a35a,110345350859456724649883581942288583870391036338713845713299974321978841303074
2026-03-31T05:37:02.235452+00:00,2026-03-31T05:40:07.133042+00:00,momentum,"XRP Up or Down - March 31, 1:35AM-1:40AM ET",DOWN,Down,5.0,0.74,,WIN,YES,1.756756756756757,Down,0xa3b6d9061da7358078a568ceef97699ec4dda26c07642c4aaee4a54ae33dbbc3,61801901372473906678312732441606717103502955137163389663236755922826212987733
2026-03-31T05:37:09.337230+00:00,2026-03-31T05:40:07.133208+00:00,momentum,"Ethereum Up or Down - March 31, 1:35AM-1:40AM ET",DOWN,Down,5.0,0.74,,WIN,YES,1.756756756756757,Down,0x2883a394239d507abaf69bf69caed62936e2dbe9cc1c5e93f6a850777d50a35a,110345350859456724649883581942288583870391036338713845713299974321978841303074
2026-03-31T05:37:33.418514+00:00,2026-03-31T05:40:07.608707+00:00,momentum,"Bitcoin Up or Down - March 31, 1:35AM-1:40AM ET",UP,Up,5.0,0.65,,WIN,YES,2.6923076923076916,Up,0x9220c1b37e4ca8dbfdc010347765f07491798fbe2eb11a199a786f092ec2a1d7,6145282022324624269800320581140290507227519169597516160323093416134853280342
2026-03-31T05:37:43.285129+00:00,2026-03-31T05:40:07.609011+00:00,momentum,"Bitcoin Up or Down - March 31, 1:35AM-1:40AM ET",UP,Up,5.0,0.68,,WIN,YES,2.352941176470588,Up,0x9220c1b37e4ca8dbfdc010347765f07491798fbe2eb11a199a786f092ec2a1d7,6145282022324624269800320581140290507227519169597516160323093416134853280342
2026-03-31T05:37:46.773676+00:00,2026-03-31T05:40:07.609135+00:00,momentum,"XRP Up or Down - March 31, 1:35AM-1:40AM ET",DOWN,Down,5.0,0.81,,WIN,YES,1.1728395061728394,Down,0xa3b6d9061da7358078a568ceef97699ec4dda26c07642c4aaee4a54ae33dbbc3,61801901372473906678312732441606717103502955137163389663236755922826212987733
2026-03-31T05:35:00.579635+00:00,2026-03-31T05:45:08.564884+00:00,momentum,"Bitcoin Up or Down - March 31, 1:30AM-1:45AM ET",UP,Up,5.0,0.68,,WIN,YES,2.352941176470588,Up,0x8f09395e5975fb5440b21d13c93821e60085d5334a8281e6d2ff926e1a7174f8,71282068683058848783558719849238352202250686342432682440915704497106204995926
2026-03-31T05:35:01.255535+00:00,2026-03-31T05:45:08.893766+00:00,momentum,"Ethereum Up or Down - March 31, 1:30AM-1:45AM ET",UP,Up,5.0,0.67,,WIN,YES,2.4626865671641784,Up,0x49b8051b47dd393ade89934b46de13d3db47c1c306d84973fd830ab5da8ffe1c,103852543319822042337389626858827899733112745270455386191054570271961907222026
2026-03-31T05:35:02.069670+00:00,2026-03-31T05:45:09.258656+00:00,momentum,"Solana Up or Down - March 31, 1:30AM-1:45AM ET",UP,Up,5.0,0.78,,WIN,YES,1.4102564102564097,Up,0x06599c718c6619b8ec1d86cdfb4632753de43c88aefb853cade14ebc1eb81f3a,104691777867977669279624933229353161935518567517253256532876931873168868582104
2026-03-31T05:35:05.617342+00:00,2026-03-31T05:45:09.669783+00:00,momentum,"XRP Up or Down - March 31, 1:30AM-1:45AM ET",DOWN,Down,5.0,0.86,,WIN,YES,0.8139534883720927,Down,0x8bf1fb4e8a7510e118a2068ad9a49854506080be6561d832712b1992143536ff,83523519294269709904175266094058330060947588259638604369378370679963803733958
2026-03-31T05:39:01.502102+00:00,2026-03-31T05:45:09.843007+00:00,momentum,"Bitcoin Up or Down - March 31, 1:30AM-1:45AM ET",UP,Up,5.0,0.71,,WIN,YES,2.042253521126761,Up,0x8f09395e5975fb5440b21d13c93821e60085d5334a8281e6d2ff926e1a7174f8,71282068683058848783558719849238352202250686342432682440915704497106204995926
2026-03-31T05:39:03.796033+00:00,2026-03-31T05:45:09.843785+00:00,momentum,"Solana Up or Down - March 31, 1:30AM-1:45AM ET",UP,Up,5.0,0.91,,WIN,YES,0.4945054945054945,Up,0x06599c718c6619b8ec1d86cdfb4632753de43c88aefb853cade14ebc1eb81f3a,104691777867977669279624933229353161935518567517253256532876931873168868582104
2026-03-31T05:39:07.637080+00:00,2026-03-31T05:45:09.843925+00:00,momentum,"XRP Up or Down - March 31, 1:30AM-1:45AM ET",DOWN,Down,5.0,0.98,,WIN,YES,0.1020408163265305,Down,0x8bf1fb4e8a7510e118a2068ad9a49854506080be6561d832712b1992143536ff,83523519294269709904175266094058330060947588259638604369378370679963803733958
2026-03-31T05:39:41.731056+00:00,2026-03-31T05:45:09.844015+00:00,momentum,"Ethereum Up or Down - March 31, 1:30AM-1:45AM ET",UP,Up,5.0,0.69,,WIN,YES,2.246376811594203,Up,0x49b8051b47dd393ade89934b46de13d3db47c1c306d84973fd830ab5da8ffe1c,103852543319822042337389626858827899733112745270455386191054570271961907222026
2026-03-31T05:42:00.178782+00:00,2026-03-31T05:45:10.232654+00:00,momentum,"Ethereum Up or Down - March 31, 1:40AM-1:45AM ET",DOWN,Down,5.0,0.88,,WIN,YES,0.6818181818181817,Down,0x3e38e1272f5fa338d7071dfb542ef1d14bfcc14e3a19ad509fcf6a9364cec278,58109825075356903627232660950677836381992092921538261942005375940452862224393
2026-03-31T05:42:00.956461+00:00,2026-03-31T05:45:10.710503+00:00,momentum,"XRP Up or Down - March 31, 1:40AM-1:45AM ET",DOWN,Down,5.0,0.85,,WIN,YES,0.882352941176471,Down,0x189ffe33239f79e3a1cd0a862c1ad3d82167e4b856cae3b78a82b685eb40d21c,2273970085131911463135862211395131496894275290210216942623961543184091979193
2026-03-31T05:42:09.849687+00:00,2026-03-31T05:45:10.710683+00:00,momentum,"Ethereum Up or Down - March 31, 1:40AM-1:45AM ET",DOWN,Down,5.0,0.9,,WIN,YES,0.5555555555555554,Down,0x3e38e1272f5fa338d7071dfb542ef1d14bfcc14e3a19ad509fcf6a9364cec278,58109825075356903627232660950677836381992092921538261942005375940452862224393
2026-03-31T05:42:26.379525+00:00,2026-03-31T05:45:11.126785+00:00,momentum,"Bitcoin Up or Down - March 31, 1:40AM-1:45AM ET",DOWN,Down,5.0,0.7,,WIN,YES,2.1428571428571432,Down,0x877748965f1d1b2d763a53d15517fba71b0e6cdf742934978d9cf3c79173e7e5,71416914248941353842446012178589471244559542656745900717131028615723883938978
2026-03-31T05:42:28.862139+00:00,2026-03-31T05:45:11.126937+00:00,momentum,"XRP Up or Down - March 31, 1:40AM-1:45AM ET",DOWN,Down,5.0,0.93,,WIN,YES,0.37634408602150504,Down,0x189ffe33239f79e3a1cd0a862c1ad3d82167e4b856cae3b78a82b685eb40d21c,2273970085131911463135862211395131496894275290210216942623961543184091979193
2026-03-31T05:43:29.461735+00:00,2026-03-31T05:45:11.127033+00:00,momentum,"Bitcoin Up or Down - March 31, 1:40AM-1:45AM ET",DOWN,Down,5.0,0.74,,WIN,YES,1.756756756756757,Down,0x877748965f1d1b2d763a53d15517fba71b0e6cdf742934978d9cf3c79173e7e5,71416914248941353842446012178589471244559542656745900717131028615723883938978
2026-03-31T05:38:51.987796+00:00,2026-03-31T05:46:08.384584+00:00,momentum,"Solana Up or Down - March 31, 1:35AM-1:40AM ET",DOWN,Down,5.0,0.68,,LOSS,NO,-5.0,Up,0xb4919e53e0e9d006705528ff636d52c679f616957ea7128566d95d1752f9eae1,66106661336777955507309145802988208779593959041665174918371225662145540095802
2026-03-31T05:38:58.035393+00:00,2026-03-31T05:46:08.386268+00:00,momentum,"Solana Up or Down - March 31, 1:35AM-1:40AM ET",DOWN,Down,5.0,0.71,,LOSS,NO,-5.0,Up,0xb4919e53e0e9d006705528ff636d52c679f616957ea7128566d95d1752f9eae1,66106661336777955507309145802988208779593959041665174918371225662145540095802
2026-03-31T05:47:00.759548+00:00,2026-03-31T05:50:11.603877+00:00,momentum,"Bitcoin Up or Down - March 31, 1:45AM-1:50AM ET",UP,Up,5.0,0.85,,WIN,YES,0.882352941176471,Up,0xd1773b412dacad884c202a7b14f0197918b1e22028ce2b5737fbd659bbe150f0,13157292356296687506747919717798752029699544499054519087985411865141996614822
2026-03-31T05:47:01.211542+00:00,2026-03-31T05:50:11.982744+00:00,momentum,"Ethereum Up or Down - March 31, 1:45AM-1:50AM ET",UP,Up,5.0,0.79,,WIN,YES,1.3291139240506329,Up,0xe7c5b3a9b0d968a6b65645670864b6f62ceb2ce435dafc8fb4244f021241e859,36644952634031156316069957960687387796361242050573449207374066374947563387881
2026-03-31T05:47:01.962221+00:00,2026-03-31T05:50:12.343699+00:00,momentum,"XRP Up or Down - March 31, 1:45AM-1:50AM ET",UP,Up,5.0,0.76,,WIN,YES,1.5789473684210522,Up,0xe2f518a10c3b2dee279bcb73659365d6966fb6fe0f8fe1ee540ad4ca385be2e4,34919383656567164659933939360848124265088461438877062424700265152835341091527
2026-03-31T05:47:07.969456+00:00,2026-03-31T05:50:12.676556+00:00,momentum,"Solana Up or Down - March 31, 1:45AM-1:50AM ET",UP,Up,5.0,0.95,,WIN,YES,0.2631578947368425,Up,0xc6fdb6b48c7922ac04eb8e2cc9f340f97f209f7b50b7297c04f1b994330c8d6e,4886785469899767380632018642095690791779608934091691725318701941105886524896
2026-03-31T05:47:13.516608+00:00,2026-03-31T05:50:12.676789+00:00,momentum,"Ethereum Up or Down - March 31, 1:45AM-1:50AM ET",UP,Up,5.0,0.82,,WIN,YES,1.0975609756097562,Up,0xe7c5b3a9b0d968a6b65645670864b6f62ceb2ce435dafc8fb4244f021241e859,36644952634031156316069957960687387796361242050573449207374066374947563387881
2026-03-31T05:47:13.852976+00:00,2026-03-31T05:50:12.676848+00:00,momentum,"Solana Up or Down - March 31, 1:45AM-1:50AM ET",UP,Up,5.0,0.96,,WIN,YES,0.20833333333333393,Up,0xc6fdb6b48c7922ac04eb8e2cc9f340f97f209f7b50b7297c04f1b994330c8d6e,4886785469899767380632018642095690791779608934091691725318701941105886524896
2026-03-31T05:47:34.791108+00:00,2026-03-31T05:50:12.676925+00:00,momentum,"Bitcoin Up or Down - March 31, 1:45AM-1:50AM ET",UP,Up,5.0,0.88,,WIN,YES,0.6818181818181817,Up,0xd1773b412dacad884c202a7b14f0197918b1e22028ce2b5737fbd659bbe150f0,13157292356296687506747919717798752029699544499054519087985411865141996614822
2026-03-31T05:47:35.181920+00:00,2026-03-31T05:50:12.676994+00:00,momentum,"XRP Up or Down - March 31, 1:45AM-1:50AM ET",UP,Up,5.0,0.91,,WIN,YES,0.4945054945054945,Up,0xe2f518a10c3b2dee279bcb73659365d6966fb6fe0f8fe1ee540ad4ca385be2e4,34919383656567164659933939360848124265088461438877062424700265152835341091527
2026-03-31T05:42:00.597540+00:00,2026-03-31T05:51:11.462683+00:00,momentum,"Solana Up or Down - March 31, 1:40AM-1:45AM ET",DOWN,Down,5.0,0.65,,LOSS,NO,-5.0,Up,0xd86f72a58237e8c12cecba039e02bd2568982bf851a7706d8dbd3739d8cc948b,55332577142599939195540096059287288428247157269034098291733739454403936205173
2026-03-31T05:42:30.238443+00:00,2026-03-31T05:51:11.463296+00:00,momentum,"Solana Up or Down - March 31, 1:40AM-1:45AM ET",DOWN,Down,5.0,0.7,,LOSS,NO,-5.0,Up,0xd86f72a58237e8c12cecba039e02bd2568982bf851a7706d8dbd3739d8cc948b,55332577142599939195540096059287288428247157269034098291733739454403936205173
2026-03-31T05:52:00.657167+00:00,2026-03-31T05:55:14.836424+00:00,momentum,"Bitcoin Up or Down - March 31, 1:50AM-1:55AM ET",UP,Up,5.0,0.68,,WIN,YES,2.352941176470588,Up,0xe5364ff2e7cce88e6fa9af5fdc180f6b0fbbf05a78f059976163b5e09f613755,17918791881356984854525856856320402449788325885101008401121614404467231660707
2026-03-31T05:52:01.420910+00:00,2026-03-31T05:55:15.040067+00:00,momentum,"XRP Up or Down - March 31, 1:50AM-1:55AM ET",DOWN,Down,5.0,0.65,,LOSS,NO,-5.0,,0x2bd5650dadad3488636382544420c4a988410c4b5153b787d46559bd53ce8141,7969097949259186582899417645350690418123107122890034428005149669858434395712
2026-03-31T05:52:02.970844+00:00,2026-03-31T05:55:15.041593+00:00,momentum,"Bitcoin Up or Down - March 31, 1:50AM-1:55AM ET",UP,Up,5.0,0.69,,WIN,YES,2.246376811594203,Up,0xe5364ff2e7cce88e6fa9af5fdc180f6b0fbbf05a78f059976163b5e09f613755,17918791881356984854525856856320402449788325885101008401121614404467231660707
2026-03-31T05:52:04.605775+00:00,2026-03-31T05:55:15.439208+00:00,momentum,"Solana Up or Down - March 31, 1:50AM-1:55AM ET",UP,Up,5.0,0.77,,WIN,YES,1.4935064935064934,Up,0x105c7e8731ba95c79527df9cc31b83a80d6bdcfc550eaa1bd79313949ff88655,60294223170332843878887730843570374981807360520341399401992919333591856752532
2026-03-31T05:52:06.111221+00:00,2026-03-31T05:55:15.788549+00:00,momentum,"Ethereum Up or Down - March 31, 1:50AM-1:55AM ET",DOWN,Down,5.0,0.67,,WIN,YES,2.4626865671641784,Down,0x72346615b5fae0713aed82429bad9ff90cfe8e2c48f795b9feccfb3c64d01d40,42954137005248750611075093527834526898587182270530013878005607096584086003927
2026-03-31T05:52:10.301042+00:00,2026-03-31T05:55:15.788698+00:00,momentum,"XRP Up or Down - March 31, 1:50AM-1:55AM ET",DOWN,Down,5.0,0.69,,LOSS,NO,-5.0,,0x2bd5650dadad3488636382544420c4a988410c4b5153b787d46559bd53ce8141,7969097949259186582899417645350690418123107122890034428005149669858434395712
2026-03-31T05:52:23.642993+00:00,2026-03-31T05:55:15.788807+00:00,momentum,"Ethereum Up or Down - March 31, 1:50AM-1:55AM ET",DOWN,Down,5.0,0.83,,WIN,YES,1.024096385542169,Down,0x72346615b5fae0713aed82429bad9ff90cfe8e2c48f795b9feccfb3c64d01d40,42954137005248750611075093527834526898587182270530013878005607096584086003927
2026-03-31T05:53:21.008658+00:00,2026-03-31T05:55:15.788947+00:00,momentum,"Solana Up or Down - March 31, 1:50AM-1:55AM ET",UP,Up,5.0,0.9,,WIN,YES,0.5555555555555554,Up,0x105c7e8731ba95c79527df9cc31b83a80d6bdcfc550eaa1bd79313949ff88655,60294223170332843878887730843570374981807360520341399401992919333591856752532
2026-03-31T05:50:00.292148+00:00,2026-03-31T06:00:19.160117+00:00,momentum,"Bitcoin Up or Down - March 31, 1:45AM-2:00AM ET",UP,Up,5.0,0.71,,WIN,YES,2.042253521126761,Up,0x965a56f11c3e5722ab8f2b5adc9cc9da1155e49a86bb15ecf3c81a09b57770ea,1713822509087693334342073082637220253646943090004054243484257932870567189577
2026-03-31T05:50:01.107333+00:00,2026-03-31T06:00:20.140392+00:00,momentum,"Solana Up or Down - March 31, 1:45AM-2:00AM ET",UP,Up,5.0,0.9,,WIN,YES,0.5555555555555554,Up,0xe8b11ae361f75bc45cebcb6b91c5b04031c8089617f9e1d3c8bf9d64c0867389,67066288477604794147667184495430524218708716644977110559468414791765099868405
2026-03-31T05:54:01.768940+00:00,2026-03-31T06:00:20.311444+00:00,momentum,"Bitcoin Up or Down - March 31, 1:45AM-2:00AM ET",UP,Up,5.0,0.75,,WIN,YES,1.666666666666667,Up,0x965a56f11c3e5722ab8f2b5adc9cc9da1155e49a86bb15ecf3c81a09b57770ea,1713822509087693334342073082637220253646943090004054243484257932870567189577
2026-03-31T05:54:02.113937+00:00,2026-03-31T06:00:20.312216+00:00,momentum,"Solana Up or Down - March 31, 1:45AM-2:00AM ET",UP,Up,5.0,0.98,,WIN,YES,0.1020408163265305,Up,0xe8b11ae361f75bc45cebcb6b91c5b04031c8089617f9e1d3c8bf9d64c0867389,67066288477604794147667184495430524218708716644977110559468414791765099868405
2026-03-31T05:57:01.276890+00:00,2026-03-31T06:00:20.674780+00:00,momentum,"Ethereum Up or Down - March 31, 1:55AM-2:00AM ET",DOWN,Down,5.0,0.94,,WIN,YES,0.31914893617021267,Down,0xa179b6393b6c4013cbff5d2a2bfdea7f24bbd6b3caadd46b64e25259f94312d3,84701221975085832983190838615691966142210707416367138098779747382783329683516
2026-03-31T05:57:03.548212+00:00,2026-03-31T06:00:20.675288+00:00,momentum,"Ethereum Up or Down - March 31, 1:55AM-2:00AM ET",DOWN,Down,5.0,0.96,,WIN,YES,0.20833333333333393,Down,0xa179b6393b6c4013cbff5d2a2bfdea7f24bbd6b3caadd46b64e25259f94312d3,84701221975085832983190838615691966142210707416367138098779747382783329683516
2026-03-31T05:57:03.926736+00:00,2026-03-31T06:00:21.053370+00:00,momentum,"XRP Up or Down - March 31, 1:55AM-2:00AM ET",DOWN,Down,5.0,0.7,,WIN,YES,2.1428571428571432,Down,0xbbe34faf610298af015856ee4ff31969399befefdc1418fe995370760834d432,99345429603728697850364537830575375673295571787902088449196484398734526953428
2026-03-31T05:57:08.371552+00:00,2026-03-31T06:00:21.465998+00:00,momentum,"Bitcoin Up or Down - March 31, 1:55AM-2:00AM ET",DOWN,Down,5.0,0.9,,WIN,YES,0.5555555555555554,Down,0x58a4c03ee01b4ec3f53a4b0d092fecda6cf7b9fa7a20bb102847b566462f6705,299049337621700013866725726365212245593349434489664387633887843787174596135
2026-03-31T05:57:11.449563+00:00,2026-03-31T06:00:21.667610+00:00,momentum,"Solana Up or Down - March 31, 1:55AM-2:00AM ET",DOWN,Down,5.0,0.71,,LOSS,NO,-5.0,,0x86370c53c61e7940d761e39636f52d9a3799eee685a6af42fba2db51b5613a13,59077547346029972794305193943896250525135777330238290050198308047299718281641
2026-03-31T05:57:27.581410+00:00,2026-03-31T06:00:21.670021+00:00,momentum,"XRP Up or Down - March 31, 1:55AM-2:00AM ET",DOWN,Down,5.0,0.71,,WIN,YES,2.042253521126761,Down,0xbbe34faf610298af015856ee4ff31969399befefdc1418fe995370760834d432,99345429603728697850364537830575375673295571787902088449196484398734526953428
2026-03-31T05:57:32.364595+00:00,2026-03-31T06:00:21.670256+00:00,momentum,"Solana Up or Down - March 31, 1:55AM-2:00AM ET",DOWN,Down,5.0,0.76,,LOSS,NO,-5.0,,0x86370c53c61e7940d761e39636f52d9a3799eee685a6af42fba2db51b5613a13,59077547346029972794305193943896250525135777330238290050198308047299718281641
2026-03-31T05:59:13.607985+00:00,2026-03-31T06:00:21.670476+00:00,momentum,"Bitcoin Up or Down - March 31, 1:55AM-2:00AM ET",DOWN,Down,5.0,0.91,,WIN,YES,0.4945054945054945,Down,0x58a4c03ee01b4ec3f53a4b0d092fecda6cf7b9fa7a20bb102847b566462f6705,299049337621700013866725726365212245593349434489664387633887843787174596135
2026-03-31T06:02:00.298994+00:00,2026-03-31T06:05:21.107170+00:00,momentum,"Bitcoin Up or Down - March 31, 2:00AM-2:05AM ET",DOWN,Down,5.0,0.84,,LOSS,NO,-5.0,,0x607c0ba0cdc0a0a64ba5e9656fe8c1f1881cd6fd3426f75cc3a52440c14af935,54398086622656963406368557345701465096924587731955396601787863978642514607026
2026-03-31T06:02:04.712934+00:00,2026-03-31T06:05:21.439648+00:00,momentum,"Ethereum Up or Down - March 31, 2:00AM-2:05AM ET",DOWN,Down,5.0,0.96,,WIN,YES,0.20833333333333393,Down,0xfdd4d66aa8daec2c521078db1f54267b8151203d5320f0483f501fd05b023ae2,40355271409562161282310409580285446741416700739295127975568486053692783819429
2026-03-31T06:02:09.079752+00:00,2026-03-31T06:05:21.441463+00:00,momentum,"Ethereum Up or Down - March 31, 2:00AM-2:05AM ET",DOWN,Down,5.0,0.98,,WIN,YES,0.1020408163265305,Down,0xfdd4d66aa8daec2c521078db1f54267b8151203d5320f0483f501fd05b023ae2,40355271409562161282310409580285446741416700739295127975568486053692783819429
2026-03-31T06:02:09.426865+00:00,2026-03-31T06:05:21.804883+00:00,momentum,"XRP Up or Down - March 31, 2:00AM-2:05AM ET",DOWN,Down,5.0,0.98,,WIN,YES,0.1020408163265305,Down,0xbe6cecb14a0f51f4180554f036953c288f227c327b1c52835eb08ab56852b085,10389407109358177158668192535694300821059463990625620497495651858953959242265
2026-03-31T06:02:10.757033+00:00,2026-03-31T06:05:21.805011+00:00,momentum,"Bitcoin Up or Down - March 31, 2:00AM-2:05AM ET",DOWN,Down,5.0,0.93,,LOSS,NO,-5.0,,0x607c0ba0cdc0a0a64ba5e9656fe8c1f1881cd6fd3426f75cc3a52440c14af935,54398086622656963406368557345701465096924587731955396601787863978642514607026
2026-03-31T05:50:00.728532+00:00,2026-03-31T06:06:21.467466+00:00,momentum,"Ethereum Up or Down - March 31, 1:45AM-2:00AM ET",UP,Up,5.0,0.82,,LOSS,NO,-5.0,Down,0x9917dd82a5b51f30089f78a1e6b35095ea30072f7762d93f9f5e6f3fe5c80cf2,35371739125357407740022091395123883819421203238094474074510644488470772825901
2026-03-31T05:50:07.344408+00:00,2026-03-31T06:07:25.459939+00:00,momentum,"XRP Up or Down - March 31, 1:45AM-2:00AM ET",UP,Up,5.0,0.73,,LOSS,NO,-5.0,Down,0xf6ed1f48d86af76ad41da6cbf2c0e7c9ab31a2a4d9db5e6bfccceb1fc4f7a438,69985877121726735759272612988390368707359406459473860607411302342259568842191
2026-03-31T05:54:09.157941+00:00,2026-03-31T06:07:25.460353+00:00,momentum,"XRP Up or Down - March 31, 1:45AM-2:00AM ET",UP,Up,5.0,0.79,,LOSS,NO,-5.0,Down,0xf6ed1f48d86af76ad41da6cbf2c0e7c9ab31a2a4d9db5e6bfccceb1fc4f7a438,69985877121726735759272612988390368707359406459473860607411302342259568842191
2026-03-31T06:07:00.682516+00:00,2026-03-31T06:10:24.585144+00:00,momentum,"Ethereum Up or Down - March 31, 2:05AM-2:10AM ET",DOWN,Down,5.0,0.93,,WIN,YES,0.37634408602150504,Down,0x99f69ad9ddded9a07c8bee8120d9528cffc4a704dbf017c93eb61fc091697ed4,79627925550475919847470766659491790240897610465094803466513221035951101865235
2026-03-31T06:07:01.052995+00:00,2026-03-31T06:10:24.926231+00:00,momentum,"Solana Up or Down - March 31, 2:05AM-2:10AM ET",DOWN,Down,5.0,0.98,,WIN,YES,0.1020408163265305,Down,0x11b7a321a56a0d93e6e388c44b48d92ebb16d89df2415ae00adc1998d678ad38,94149489782071754877197045370517915511336458215647561463951260992849823604293
2026-03-31T06:07:02.908296+00:00,2026-03-31T06:10:25.257173+00:00,momentum,"Bitcoin Up or Down - March 31, 2:05AM-2:10AM ET",DOWN,Down,5.0,0.91,,WIN,YES,0.4945054945054945,Down,0x88b8c6227ea7cff13fc0654b7e1779304d8db0b8eee873525c4b688d030b5ee8,31933405032159045480492578617604504774299244006618581754394624266806506733387
2026-03-31T06:07:05.982153+00:00,2026-03-31T06:10:25.630139+00:00,momentum,"XRP Up or Down - March 31, 2:05AM-2:10AM ET",UP,Up,5.0,0.9,,WIN,YES,0.5555555555555554,Up,0xd6d00b0120bf31f7eb0bb4f96d7420392d766802ff4eeb79c993280a5b38dba8,81719599920293838526156884660844273214035503995642059699341972722347703026092
2026-03-31T06:07:09.515458+00:00,2026-03-31T06:10:25.630265+00:00,momentum,"XRP Up or Down - March 31, 2:05AM-2:10AM ET",UP,Up,5.0,0.94,,WIN,YES,0.31914893617021267,Up,0xd6d00b0120bf31f7eb0bb4f96d7420392d766802ff4eeb79c993280a5b38dba8,81719599920293838526156884660844273214035503995642059699341972722347703026092
2026-03-31T06:07:34.410772+00:00,2026-03-31T06:10:25.630376+00:00,momentum,"Bitcoin Up or Down - March 31, 2:05AM-2:10AM ET",DOWN,Down,5.0,0.92,,WIN,YES,0.43478260869565233,Down,0x88b8c6227ea7cff13fc0654b7e1779304d8db0b8eee873525c4b688d030b5ee8,31933405032159045480492578617604504774299244006618581754394624266806506733387
2026-03-31T06:07:44.237498+00:00,2026-03-31T06:10:25.630455+00:00,momentum,"Ethereum Up or Down - March 31, 2:05AM-2:10AM ET",DOWN,Down,5.0,0.94,,WIN,YES,0.31914893617021267,Down,0x99f69ad9ddded9a07c8bee8120d9528cffc4a704dbf017c93eb61fc091697ed4,79627925550475919847470766659491790240897610465094803466513221035951101865235
2026-03-31T06:02:11.119895+00:00,2026-03-31T06:13:25.509347+00:00,momentum,"Solana Up or Down - March 31, 2:00AM-2:05AM ET",DOWN,Down,5.0,0.95,,LOSS,NO,-5.0,Up,0x6bbfdacdf0f89be09fb368020ac939ab4797e0f2b8802443d55cf0ec224b0da2,73821695638356864267583676836824164560645783085893201568955749021389502758302
2026-03-31T06:02:31.522877+00:00,2026-03-31T06:13:25.509770+00:00,momentum,"Solana Up or Down - March 31, 2:00AM-2:05AM ET",DOWN,Down,5.0,0.96,,LOSS,NO,-5.0,Up,0x6bbfdacdf0f89be09fb368020ac939ab4797e0f2b8802443d55cf0ec224b0da2,73821695638356864267583676836824164560645783085893201568955749021389502758302
2026-03-31T06:05:00.140273+00:00,2026-03-31T06:15:26.631202+00:00,momentum,"XRP Up or Down - March 31, 2:00AM-2:15AM ET",DOWN,Down,5.0,0.91,,WIN,YES,0.4945054945054945,Down,0xda5d90fd2f4a83543d087319a5043a84c32a42095a1738bb21a1691088a0f8b0,73475205015586813551732494097231679552804897778018706673041504368932693261911
2026-03-31T06:05:02.693192+00:00,2026-03-31T06:15:26.960935+00:00,momentum,"Ethereum Up or Down - March 31, 2:00AM-2:15AM ET",DOWN,Down,5.0,0.67,,WIN,YES,2.4626865671641784,Down,0xd72bf464ff4a2323d3e6a4bb6f1a2b335418789afb66d60cd3bf86abf39fb8f0,20983685762055001106178041606982328016281997083798081710005477219144128613453
2026-03-31T06:05:13.337439+00:00,2026-03-31T06:15:27.311856+00:00,momentum,"Solana Up or Down - March 31, 2:00AM-2:15AM ET",DOWN,Down,5.0,0.81,,WIN,YES,1.1728395061728394,Down,0x13fb98392f58e183e850721d89a520cf572dc11bf3c60ade34c24fe02db0a6c8,5727982177468373015862509193135933696263135441871789624818653647657971739029
2026-03-31T06:05:18.256264+00:00,2026-03-31T06:15:27.650995+00:00,momentum,"Bitcoin Up or Down - March 31, 2:00AM-2:15AM ET",DOWN,Down,5.0,0.65,,WIN,YES,2.6923076923076916,Down,0x44c407eae17a88ad6c1784a2f64c5248c4280c044742616e8eb4d650ab9ef4cb,6079642253179969472338350028585334582243718624196757411611594284873627671624
2026-03-31T06:09:03.166412+00:00,2026-03-31T06:15:27.651245+00:00,momentum,"Ethereum Up or Down - March 31, 2:00AM-2:15AM ET",DOWN,Down,5.0,0.97,,WIN,YES,0.1546391752577323,Down,0xd72bf464ff4a2323d3e6a4bb6f1a2b335418789afb66d60cd3bf86abf39fb8f0,20983685762055001106178041606982328016281997083798081710005477219144128613453
2026-03-31T06:09:16.841122+00:00,2026-03-31T06:15:27.651390+00:00,momentum,"Solana Up or Down - March 31, 2:00AM-2:15AM ET",DOWN,Down,5.0,0.96,,WIN,YES,0.20833333333333393,Down,0x13fb98392f58e183e850721d89a520cf572dc11bf3c60ade34c24fe02db0a6c8,5727982177468373015862509193135933696263135441871789624818653647657971739029
2026-03-31T06:09:20.583112+00:00,2026-03-31T06:15:27.651508+00:00,momentum,"Bitcoin Up or Down - March 31, 2:00AM-2:15AM ET",DOWN,Down,5.0,0.96,,WIN,YES,0.20833333333333393,Down,0x44c407eae17a88ad6c1784a2f64c5248c4280c044742616e8eb4d650ab9ef4cb,6079642253179969472338350028585334582243718624196757411611594284873627671624
2026-03-31T06:12:00.169016+00:00,2026-03-31T06:15:28.052703+00:00,momentum,"Bitcoin Up or Down - March 31, 2:10AM-2:15AM ET",DOWN,Down,5.0,0.68,,WIN,YES,2.352941176470588,Down,0x9149a1ef465e2f32537e6dc5e88304f3e8b5f2ea0fe6b4ff055cd4caa4e0d952,41320717176983377632949912130971190846805343638072623118470395692151463918390
2026-03-31T06:12:00.597201+00:00,2026-03-31T06:15:28.433929+00:00,momentum,"Ethereum Up or Down - March 31, 2:10AM-2:15AM ET",DOWN,Down,5.0,0.72,,WIN,YES,1.9444444444444446,Down,0xe05c1f79e7bf2f31f9961591331c0e128c0a060153765dadc7fe0c36b8967e87,9009160160858933296942465066844024304147211421474859863502867051574870687204
2026-03-31T06:12:00.985720+00:00,2026-03-31T06:15:28.751291+00:00,momentum,"Solana Up or Down - March 31, 2:10AM-2:15AM ET",DOWN,Down,5.0,0.65,,WIN,YES,2.6923076923076916,Down,0x342615db2fcb3f3e8ae2f97595d11e68837eefc3f36a63f38c8684fcfb22c2c3,19201760928001415659271043546655329472300712723495678942904935718177473386757
2026-03-31T06:12:03.524817+00:00,2026-03-31T06:15:28.751449+00:00,momentum,"Solana Up or Down - March 31, 2:10AM-2:15AM ET",DOWN,Down,5.0,0.67,,WIN,YES,2.4626865671641784,Down,0x342615db2fcb3f3e8ae2f97595d11e68837eefc3f36a63f38c8684fcfb22c2c3,19201760928001415659271043546655329472300712723495678942904935718177473386757
2026-03-31T06:12:06.161245+00:00,2026-03-31T06:15:28.751554+00:00,momentum,"Bitcoin Up or Down - March 31, 2:10AM-2:15AM ET",DOWN,Down,5.0,0.69,,WIN,YES,2.246376811594203,Down,0x9149a1ef465e2f32537e6dc5e88304f3e8b5f2ea0fe6b4ff055cd4caa4e0d952,41320717176983377632949912130971190846805343638072623118470395692151463918390
2026-03-31T06:12:06.528372+00:00,2026-03-31T06:15:28.751635+00:00,momentum,"Ethereum Up or Down - March 31, 2:10AM-2:15AM ET",DOWN,Down,5.0,0.74,,WIN,YES,1.756756756756757,Down,0xe05c1f79e7bf2f31f9961591331c0e128c0a060153765dadc7fe0c36b8967e87,9009160160858933296942465066844024304147211421474859863502867051574870687204
2026-03-31T06:13:21.958244+00:00,2026-03-31T06:15:28.751709+00:00,momentum,"XRP Up or Down - March 31, 2:00AM-2:15AM ET",DOWN,Down,5.0,0.92,,WIN,YES,0.43478260869565233,Down,0xda5d90fd2f4a83543d087319a5043a84c32a42095a1738bb21a1691088a0f8b0,73475205015586813551732494097231679552804897778018706673041504368932693261911
2026-03-31T06:13:54.449004+00:00,2026-03-31T06:15:29.100058+00:00,momentum,"XRP Up or Down - March 31, 2:10AM-2:15AM ET",DOWN,Down,5.0,0.68,,WIN,YES,2.352941176470588,Down,0x4d0ee25d7787f27996fab9b79c761e9950762b602e5bd3679b7ad3b7befb590d,100287362454816811279880476146301242552056273207897880770801366001503516467504
2026-03-31T06:14:10.074858+00:00,2026-03-31T06:15:29.100237+00:00,momentum,"XRP Up or Down - March 31, 2:10AM-2:15AM ET",DOWN,Down,5.0,0.83,,WIN,YES,1.024096385542169,Down,0x4d0ee25d7787f27996fab9b79c761e9950762b602e5bd3679b7ad3b7befb590d,100287362454816811279880476146301242552056273207897880770801366001503516467504
2026-03-31T06:17:00.683594+00:00,2026-03-31T06:20:41.303719+00:00,momentum,"Ethereum Up or Down - March 31, 2:15AM-2:20AM ET",DOWN,Down,5.0,0.75,,WIN,YES,1.666666666666667,Down,0x52fd1e7e3b16685b7c402dfaf30568e5c6b40d44f85f067e26101045d7bbf4b6,15473398766892496577040389382603665507650267390916631056864485975687714541867
2026-03-31T06:17:01.176714+00:00,2026-03-31T06:20:47.333860+00:00,momentum,"Solana Up or Down - March 31, 2:15AM-2:20AM ET",DOWN,Down,5.0,0.71,,WIN,YES,2.042253521126761,Down,0xe8cadcabc764bd4419ef92ed668fe8ab83eae84d30f4b55ecc2d476244b013a1,93118919140770559922981315311308330633396837008602704753339308122246567104736
2026-03-31T06:17:17.049176+00:00,2026-03-31T06:20:47.627214+00:00,momentum,"Solana Up or Down - March 31, 2:15AM-2:20AM ET",DOWN,Down,5.0,0.74,,WIN,YES,1.756756756756757,Down,0xe8cadcabc764bd4419ef92ed668fe8ab83eae84d30f4b55ecc2d476244b013a1,93118919140770559922981315311308330633396837008602704753339308122246567104736
2026-03-31T06:17:24.134047+00:00,2026-03-31T06:20:51.263913+00:00,momentum,"Bitcoin Up or Down - March 31, 2:15AM-2:20AM ET",DOWN,Down,5.0,0.68,,WIN,YES,2.352941176470588,Down,0x8d52c612bdc94d7cb1478f9b28fe7f2a385740877f78dbc4c1433c7188d855e4,14558638995483194952755724773496752264466222753166780759370277310766399217342
2026-03-31T06:17:24.523130+00:00,2026-03-31T06:20:51.369198+00:00,momentum,"Ethereum Up or Down - March 31, 2:15AM-2:20AM ET",DOWN,Down,5.0,0.81,,WIN,YES,1.1728395061728394,Down,0x52fd1e7e3b16685b7c402dfaf30568e5c6b40d44f85f067e26101045d7bbf4b6,15473398766892496577040389382603665507650267390916631056864485975687714541867
2026-03-31T06:18:02.589545+00:00,2026-03-31T06:20:51.489086+00:00,momentum,"Bitcoin Up or Down - March 31, 2:15AM-2:20AM ET",DOWN,Down,5.0,0.75,,WIN,YES,1.666666666666667,Down,0x8d52c612bdc94d7cb1478f9b28fe7f2a385740877f78dbc4c1433c7188d855e4,14558638995483194952755724773496752264466222753166780759370277310766399217342
2026-03-31T06:17:01.651525+00:00,2026-03-31T06:23:38.222046+00:00,momentum,"XRP Up or Down - March 31, 2:15AM-2:20AM ET",DOWN,Down,5.0,0.65,,LOSS,NO,-5.0,Up,0xd22ee23e49cb130b1d66a909dff6816fc94c3d6f28238ab4b16667f831033fe5,63565135014639725340063730971789249446011609562166330045077284262748806947810
2026-03-31T06:17:54.583447+00:00,2026-03-31T06:23:38.222994+00:00,momentum,"XRP Up or Down - March 31, 2:15AM-2:20AM ET",DOWN,Down,5.0,0.71,,LOSS,NO,-5.0,Up,0xd22ee23e49cb130b1d66a909dff6816fc94c3d6f28238ab4b16667f831033fe5,63565135014639725340063730971789249446011609562166330045077284262748806947810
2026-03-31T06:22:03.645179+00:00,2026-03-31T06:25:43.242811+00:00,momentum,"Bitcoin Up or Down - March 31, 2:20AM-2:25AM ET",UP,Up,5.0,0.82,,WIN,YES,1.0975609756097562,Up,0x45ad8b8e5d5df8721e5d0d12f7aef50d3f715702bf2ce2c0d04575d47411fc93,72349107991855433972992985143621386030400096883563888868636865308066453424621
2026-03-31T06:22:04.207548+00:00,2026-03-31T06:25:43.655465+00:00,momentum,"Ethereum Up or Down - March 31, 2:20AM-2:25AM ET",UP,Up,5.0,0.86,,WIN,YES,0.8139534883720927,Up,0xcd73c2b598fc1365a5420176e3db6492b0a100ca5760a80a9af7b2d068e34c42,72287144603858356707499336876674172442398811111656400651971872521061182935352
2026-03-31T06:22:04.607242+00:00,2026-03-31T06:25:49.310358+00:00,momentum,"Solana Up or Down - March 31, 2:20AM-2:25AM ET",UP,Up,5.0,0.73,,WIN,YES,1.8493150684931505,Up,0xe9fc4c793c3a12d94339a738950303637edafa77d4362bc207e526144aef5aaf,46293602997963225573779818037177014602677822359393593119901390343671537995533
2026-03-31T06:22:07.816762+00:00,2026-03-31T06:25:49.310574+00:00,momentum,"Ethereum Up or Down - March 31, 2:20AM-2:25AM ET",UP,Up,5.0,0.88,,WIN,YES,0.6818181818181817,Up,0xcd73c2b598fc1365a5420176e3db6492b0a100ca5760a80a9af7b2d068e34c42,72287144603858356707499336876674172442398811111656400651971872521061182935352
2026-03-31T06:22:08.165531+00:00,2026-03-31T06:25:49.443172+00:00,momentum,"Solana Up or Down - March 31, 2:20AM-2:25AM ET",UP,Up,5.0,0.78,,WIN,YES,1.4102564102564097,Up,0xe9fc4c793c3a12d94339a738950303637edafa77d4362bc207e526144aef5aaf,46293602997963225573779818037177014602677822359393593119901390343671537995533
2026-03-31T06:22:08.508742+00:00,2026-03-31T06:25:53.274225+00:00,momentum,"XRP Up or Down - March 31, 2:20AM-2:25AM ET",UP,Up,5.0,0.93,,WIN,YES,0.37634408602150504,Up,0xf92d9d2607e461a5ace8e9d7d79be4ff02734bca289d41fa81fef53b3ee649d2,78609713695701720066025654440812040729908057092070390289993565004555280666159
2026-03-31T06:22:14.556750+00:00,2026-03-31T06:25:53.446995+00:00,momentum,"XRP Up or Down - March 31, 2:20AM-2:25AM ET",UP,Up,5.0,0.94,,WIN,YES,0.31914893617021267,Up,0xf92d9d2607e461a5ace8e9d7d79be4ff02734bca289d41fa81fef53b3ee649d2,78609713695701720066025654440812040729908057092070390289993565004555280666159
2026-03-31T06:22:15.896506+00:00,2026-03-31T06:25:53.574001+00:00,momentum,"Bitcoin Up or Down - March 31, 2:20AM-2:25AM ET",UP,Up,5.0,0.83,,WIN,YES,1.024096385542169,Up,0x45ad8b8e5d5df8721e5d0d12f7aef50d3f715702bf2ce2c0d04575d47411fc93,72349107991855433972992985143621386030400096883563888868636865308066453424621
2026-03-31T06:20:01.860802+00:00,2026-03-31T06:30:45.203054+00:00,momentum,"Solana Up or Down - March 31, 2:15AM-2:30AM ET",DOWN,Down,5.0,0.68,,WIN,YES,2.352941176470588,Down,0xeaf39cf0b4b4ad0f764349578203b0b63cf4dfb1c90f03046c8d8c8e131672cf,1003842363121585813157785768746109674317550398473523131000374049007060770875
2026-03-31T06:20:07.702775+00:00,2026-03-31T06:30:51.373538+00:00,momentum,"XRP Up or Down - March 31, 2:15AM-2:30AM ET",UP,Up,5.0,0.67,,WIN,YES,2.4626865671641784,Up,0x68b1a9d5cbc90d7d25c3c9850cbb9be3729e261de220d6aa69efa0210b1b5cf5,103004062745246551557192237103714703913456639203748074820399997199723894676590
2026-03-31T06:20:11.373977+00:00,2026-03-31T06:30:55.353661+00:00,momentum,"Bitcoin Up or Down - March 31, 2:15AM-2:30AM ET",DOWN,Down,5.0,0.67,,WIN,YES,2.4626865671641784,Down,0xde4f086bed63449d8a7909dad03e608945ba8b59b54d675d3fe7fd6d1f632651,11966595685888051925853973982340596248582923784834244198094345453715314633709
2026-03-31T06:20:18.298787+00:00,2026-03-31T06:31:01.386323+00:00,momentum,"Ethereum Up or Down - March 31, 2:15AM-2:30AM ET",DOWN,Down,5.0,0.65,,WIN,YES,2.6923076923076916,Down,0xec1c088079219109be686659290fe7c8b961052e5d663f3417376400558a6b31,5597775698205393027210509067511508128786805022790555526210164523428354702657
2026-03-31T06:24:03.884430+00:00,2026-03-31T06:31:01.499237+00:00,momentum,"Solana Up or Down - March 31, 2:15AM-2:30AM ET",DOWN,Down,5.0,0.82,,WIN,YES,1.0975609756097562,Down,0xeaf39cf0b4b4ad0f764349578203b0b63cf4dfb1c90f03046c8d8c8e131672cf,1003842363121585813157785768746109674317550398473523131000374049007060770875
2026-03-31T06:24:11.261962+00:00,2026-03-31T06:31:01.694390+00:00,momentum,"XRP Up or Down - March 31, 2:15AM-2:30AM ET",UP,Up,5.0,0.87,,WIN,YES,0.7471264367816088,Up,0x68b1a9d5cbc90d7d25c3c9850cbb9be3729e261de220d6aa69efa0210b1b5cf5,103004062745246551557192237103714703913456639203748074820399997199723894676590
2026-03-31T06:24:57.522279+00:00,2026-03-31T06:31:01.828365+00:00,momentum,"Bitcoin Up or Down - March 31, 2:15AM-2:30AM ET",DOWN,Down,5.0,0.76,,WIN,YES,1.5789473684210522,Down,0xde4f086bed63449d8a7909dad03e608945ba8b59b54d675d3fe7fd6d1f632651,11966595685888051925853973982340596248582923784834244198094345453715314633709
2026-03-31T06:26:20.222254+00:00,2026-03-31T06:31:01.967636+00:00,momentum,"Ethereum Up or Down - March 31, 2:15AM-2:30AM ET",DOWN,Down,5.0,0.66,,WIN,YES,2.5757575757575752,Down,0xec1c088079219109be686659290fe7c8b961052e5d663f3417376400558a6b31,5597775698205393027210509067511508128786805022790555526210164523428354702657
2026-03-31T06:27:00.855885+00:00,2026-03-31T06:31:05.326436+00:00,momentum,"Solana Up or Down - March 31, 2:25AM-2:30AM ET",DOWN,Down,5.0,0.87,,WIN,YES,0.7471264367816088,Down,0xa72b93ea0823c2eaeb34a498164713bc243d7126bd207977664ceb02ad982639,3349261463923867065396222126313179093485890929951540470098559677682055027884
2026-03-31T06:27:01.358678+00:00,2026-03-31T06:31:11.253097+00:00,momentum,"XRP Up or Down - March 31, 2:25AM-2:30AM ET",UP,Up,5.0,0.75,,WIN,YES,1.666666666666667,Up,0x58d3efdf0fd31f2b26bfb5876a17c0b15b69b1b5857eecc5b4e4070075b541b8,34830061675362649919391499264897502547015054482499334050476477768531421991671
2026-03-31T06:27:03.612470+00:00,2026-03-31T06:31:15.305781+00:00,momentum,"Bitcoin Up or Down - March 31, 2:25AM-2:30AM ET",DOWN,Down,5.0,0.76,,WIN,YES,1.5789473684210522,Down,0xf26e5fb2ac49bc006d15cb7852abb5592a63dfcd41358d0730d0ed02d1000966,96492365553445988141135389475179019756770696759175693490383940447198794202406
2026-03-31T06:27:04.745432+00:00,2026-03-31T06:31:15.438409+00:00,momentum,"XRP Up or Down - March 31, 2:25AM-2:30AM ET",UP,Up,5.0,0.86,,WIN,YES,0.8139534883720927,Up,0x58d3efdf0fd31f2b26bfb5876a17c0b15b69b1b5857eecc5b4e4070075b541b8,34830061675362649919391499264897502547015054482499334050476477768531421991671
2026-03-31T06:27:06.384213+00:00,2026-03-31T06:31:21.282696+00:00,momentum,"Ethereum Up or Down - March 31, 2:25AM-2:30AM ET",DOWN,Down,5.0,0.77,,WIN,YES,1.4935064935064934,Down,0x920a249a09d808b4cfbd62f7fb28dfc52b8375f915f45c64508d4ebdc22711a2,29014081296435772344423704633377358617804352333241232782118495976488137705095
2026-03-31T06:27:17.971199+00:00,2026-03-31T06:31:21.404708+00:00,momentum,"Bitcoin Up or Down - March 31, 2:25AM-2:30AM ET",DOWN,Down,5.0,0.8,,WIN,YES,1.25,Down,0xf26e5fb2ac49bc006d15cb7852abb5592a63dfcd41358d0730d0ed02d1000966,96492365553445988141135389475179019756770696759175693490383940447198794202406
2026-03-31T06:27:19.433533+00:00,2026-03-31T06:31:21.534866+00:00,momentum,"Ethereum Up or Down - March 31, 2:25AM-2:30AM ET",DOWN,Down,5.0,0.84,,WIN,YES,0.9523809523809526,Down,0x920a249a09d808b4cfbd62f7fb28dfc52b8375f915f45c64508d4ebdc22711a2,29014081296435772344423704633377358617804352333241232782118495976488137705095
2026-03-31T06:27:26.814504+00:00,2026-03-31T06:31:21.712650+00:00,momentum,"Solana Up or Down - March 31, 2:25AM-2:30AM ET",DOWN,Down,5.0,0.93,,WIN,YES,0.37634408602150504,Down,0xa72b93ea0823c2eaeb34a498164713bc243d7126bd207977664ceb02ad982639,3349261463923867065396222126313179093485890929951540470098559677682055027884
2026-03-31T06:32:00.926881+00:00,2026-03-31T06:36:55.249763+00:00,momentum,"XRP Up or Down - March 31, 2:30AM-2:35AM ET",UP,Up,5.0,0.7,,WIN,YES,2.1428571428571432,Up,0x8e8bce09f7daa0d51b514d9bca5c36035ec59dbc8803c3339516f722b1e79470,74282155491588343348322872721784696274665188431612732182661381886143137350741
2026-03-31T06:32:08.752524+00:00,2026-03-31T06:36:55.533443+00:00,momentum,"XRP Up or Down - March 31, 2:30AM-2:35AM ET",UP,Up,5.0,0.78,,WIN,YES,1.4102564102564097,Up,0x8e8bce09f7daa0d51b514d9bca5c36035ec59dbc8803c3339516f722b1e79470,74282155491588343348322872721784696274665188431612732182661381886143137350741
2026-03-31T06:32:13.599299+00:00,2026-03-31T06:36:55.698026+00:00,momentum,"Ethereum Up or Down - March 31, 2:30AM-2:35AM ET",UP,Up,5.0,0.65,,LOSS,NO,-5.0,,0x08771922866677db44206a1f32935be1b20f83fb912258f61af4a97ef3156028,82805855816652507463441297037777830135139843517768492705184142143674207476508
2026-03-31T06:32:23.864531+00:00,2026-03-31T06:37:01.208767+00:00,momentum,"Solana Up or Down - March 31, 2:30AM-2:35AM ET",DOWN,Down,5.0,0.67,,WIN,YES,2.4626865671641784,Down,0x054e7afac60276ac850b480d243737ef4e5b3b6f25980f8d474c34f90b1036da,63143451417345172836545248251168269175572482436215896258004464308632144878242
2026-03-31T06:32:48.097395+00:00,2026-03-31T06:37:01.348020+00:00,momentum,"Solana Up or Down - March 31, 2:30AM-2:35AM ET",DOWN,Down,5.0,0.72,,WIN,YES,1.9444444444444446,Down,0x054e7afac60276ac850b480d243737ef4e5b3b6f25980f8d474c34f90b1036da,63143451417345172836545248251168269175572482436215896258004464308632144878242
2026-03-31T06:34:05.792632+00:00,2026-03-31T06:37:01.348140+00:00,momentum,"Ethereum Up or Down - March 31, 2:30AM-2:35AM ET",UP,Up,5.0,0.72,,LOSS,NO,-5.0,,0x08771922866677db44206a1f32935be1b20f83fb912258f61af4a97ef3156028,82805855816652507463441297037777830135139843517768492705184142143674207476508
2026-03-31T06:37:07.680306+00:00,2026-03-31T06:40:49.120746+00:00,momentum,"Solana Up or Down - March 31, 2:35AM-2:40AM ET",DOWN,Down,5.0,0.66,,WIN,YES,2.5757575757575752,Down,0xdc30e34a1d81a779ef4057eff32c4ed9a07bc32988ad7872797a7c0f4ced9db3,50964038219704701653845845661222200973889505728433592864920971513355526224328
2026-03-31T06:37:28.564824+00:00,2026-03-31T06:40:49.678367+00:00,momentum,"XRP Up or Down - March 31, 2:35AM-2:40AM ET",UP,Up,5.0,0.85,,WIN,YES,0.882352941176471,Up,0xf977c9ab3c116b905785e0d6ed1b9d9db9f1021e4012077ddf94498b6ab4c4e4,32085685335295032143079801573576747822194189779738711678505236660386262167086
2026-03-31T06:37:57.303552+00:00,2026-03-31T06:40:50.030063+00:00,momentum,"Bitcoin Up or Down - March 31, 2:35AM-2:40AM ET",DOWN,Down,5.0,0.7,,WIN,YES,2.1428571428571432,Down,0xd082d17a01e8e081a6632094bb3e27e44609e1d867e768c6a6ced13b715244ab,65620100193936436983628668470121608132073831309606376010677852209693462891405
2026-03-31T06:38:00.841874+00:00,2026-03-31T06:40:50.030215+00:00,momentum,"Bitcoin Up or Down - March 31, 2:35AM-2:40AM ET",DOWN,Down,5.0,0.71,,WIN,YES,2.042253521126761,Down,0xd082d17a01e8e081a6632094bb3e27e44609e1d867e768c6a6ced13b715244ab,65620100193936436983628668470121608132073831309606376010677852209693462891405
2026-03-31T06:38:11.455636+00:00,2026-03-31T06:40:50.030287+00:00,momentum,"Solana Up or Down - March 31, 2:35AM-2:40AM ET",DOWN,Down,5.0,0.67,,WIN,YES,2.4626865671641784,Down,0xdc30e34a1d81a779ef4057eff32c4ed9a07bc32988ad7872797a7c0f4ced9db3,50964038219704701653845845661222200973889505728433592864920971513355526224328
2026-03-31T06:39:24.958878+00:00,2026-03-31T06:40:50.651007+00:00,momentum,"Ethereum Up or Down - March 31, 2:35AM-2:40AM ET",UP,Up,5.0,0.82,,WIN,YES,1.0975609756097562,Up,0x64a6f3b6bcb54413055125459d3a06ed0f24c0bd975eae9d5b819442e393ecec,56333229875401946978061493844821207442763219334414325628680751502111663748457
2026-03-31T06:39:31.545222+00:00,2026-03-31T06:40:50.651243+00:00,momentum,"Ethereum Up or Down - March 31, 2:35AM-2:40AM ET",UP,Up,5.0,0.85,,WIN,YES,0.882352941176471,Up,0x64a6f3b6bcb54413055125459d3a06ed0f24c0bd975eae9d5b819442e393ecec,56333229875401946978061493844821207442763219334414325628680751502111663748457
2026-03-31T06:39:38.952047+00:00,2026-03-31T06:40:50.651470+00:00,momentum,"XRP Up or Down - March 31, 2:35AM-2:40AM ET",UP,Up,5.0,0.92,,WIN,YES,0.43478260869565233,Up,0xf977c9ab3c116b905785e0d6ed1b9d9db9f1021e4012077ddf94498b6ab4c4e4,32085685335295032143079801573576747822194189779738711678505236660386262167086
2026-03-31T06:32:05.904993+00:00,2026-03-31T06:41:47.108692+00:00,momentum,"Bitcoin Up or Down - March 31, 2:30AM-2:35AM ET",UP,Up,5.0,0.68,,LOSS,NO,-5.0,Down,0x2eb23602f3b9928bb10362cae4509df18cc50e148282816330ac9ef6930db585,70560374121264440048221147659299017247756915224345827211632888250880018309530
2026-03-31T06:32:08.416505+00:00,2026-03-31T06:41:47.109289+00:00,momentum,"Bitcoin Up or Down - March 31, 2:30AM-2:35AM ET",UP,Up,5.0,0.7,,LOSS,NO,-5.0,Down,0x2eb23602f3b9928bb10362cae4509df18cc50e148282816330ac9ef6930db585,70560374121264440048221147659299017247756915224345827211632888250880018309530
2026-03-31T06:36:40.166524+00:00,2026-03-31T06:45:10.820251+00:00,momentum,"XRP Up or Down - March 31, 2:30AM-2:45AM ET",UP,Up,5.0,0.7,,LOSS,NO,-5.0,,0x479f0348646ce0b3edf49417d719a83ebd1da2264f24160c864a3235c7d04ef5,72519616199606867349780966722609415939710215269129357689624251414477854334205
2026-03-31T06:38:37.181661+00:00,2026-03-31T06:45:10.978441+00:00,momentum,"Bitcoin Up or Down - March 31, 2:30AM-2:45AM ET",DOWN,Down,5.0,0.65,,LOSS,NO,-5.0,,0x9713329d15103f6c0001dcd5ead9f965c9d049a9076c6d61570faba82b36b6d6,38479265566357555305817487220122858029452964510542516483548683724053469755259
2026-03-31T06:38:57.392764+00:00,2026-03-31T06:45:11.119926+00:00,momentum,"Solana Up or Down - March 31, 2:30AM-2:45AM ET",DOWN,Down,5.0,0.65,,LOSS,NO,-5.0,,0x48bade846d5623b2332bbbe193b5034e25d21352e0c2a58f9a1ec876c94fe277,89430496666052469300640488891852155485489527029468295424645128670522467934048
2026-03-31T06:39:57.018135+00:00,2026-03-31T06:45:11.567705+00:00,momentum,"Ethereum Up or Down - March 31, 2:30AM-2:45AM ET",UP,Up,5.0,0.68,,WIN,YES,2.352941176470588,Up,0x5949c71ef8d286c912d4ea52f62eaf18c1f713b9449546945658a3c627052a63,56888664392267443137099395489384432800040570106626155944549955288961593434346
2026-03-31T06:40:41.263896+00:00,2026-03-31T06:45:11.567845+00:00,momentum,"XRP Up or Down - March 31, 2:30AM-2:45AM ET",UP,Up,5.0,0.94,,LOSS,NO,-5.0,,0x479f0348646ce0b3edf49417d719a83ebd1da2264f24160c864a3235c7d04ef5,72519616199606867349780966722609415939710215269129357689624251414477854334205
2026-03-31T06:42:03.933287+00:00,2026-03-31T06:45:11.925180+00:00,momentum,"Bitcoin Up or Down - March 31, 2:40AM-2:45AM ET",UP,Up,5.0,0.7,,WIN,YES,2.1428571428571432,Up,0xc66f6da74c9175eda33507b3750fbf14638b80c66f4e5e65d64e2b85055b33aa,104983925834175038642643775250262668303322930920272140137080727247414272609431
2026-03-31T06:42:04.310908+00:00,2026-03-31T06:45:12.254089+00:00,momentum,"Solana Up or Down - March 31, 2:40AM-2:45AM ET",UP,Up,5.0,0.93,,WIN,YES,0.37634408602150504,Up,0x377da84ebe71d424b4b1734b45e53ec8dec01bbe18b3b46802bfeb3d842b9042,96488356773623847951121165169733042245786957932124266520816578052188995528426
2026-03-31T06:42:05.976061+00:00,2026-03-31T06:45:12.636083+00:00,momentum,"XRP Up or Down - March 31, 2:40AM-2:45AM ET",DOWN,Down,5.0,0.97,,WIN,YES,0.1546391752577323,Down,0x6c33833ae0d9207b9346ebf880aaca01722d550decd1162d7c8341d69e9b564c,60316540576163199504192265868857400015212847495053203149759731405040186539224
2026-03-31T06:42:10.551188+00:00,2026-03-31T06:45:12.636233+00:00,momentum,"Solana Up or Down - March 31, 2:40AM-2:45AM ET",UP,Up,5.0,0.94,,WIN,YES,0.31914893617021267,Up,0x377da84ebe71d424b4b1734b45e53ec8dec01bbe18b3b46802bfeb3d842b9042,96488356773623847951121165169733042245786957932124266520816578052188995528426
2026-03-31T06:42:20.382168+00:00,2026-03-31T06:45:12.636313+00:00,momentum,"Bitcoin Up or Down - March 31, 2:40AM-2:45AM ET",UP,Up,5.0,0.71,,WIN,YES,2.042253521126761,Up,0xc66f6da74c9175eda33507b3750fbf14638b80c66f4e5e65d64e2b85055b33aa,104983925834175038642643775250262668303322930920272140137080727247414272609431
2026-03-31T06:42:23.865096+00:00,2026-03-31T06:45:12.636418+00:00,momentum,"XRP Up or Down - March 31, 2:40AM-2:45AM ET",DOWN,Down,5.0,0.98,,WIN,YES,0.1020408163265305,Down,0x6c33833ae0d9207b9346ebf880aaca01722d550decd1162d7c8341d69e9b564c,60316540576163199504192265868857400015212847495053203149759731405040186539224
2026-03-31T06:47:00.607584+00:00,2026-03-31T06:50:17.600706+00:00,momentum,"Bitcoin Up or Down - March 31, 2:45AM-2:50AM ET",UP,Up,5.0,0.76,,WIN,YES,1.5789473684210522,Up,0x423aef38a0348807fdb42b6feca9b441cd936b4e3d0627e2733e1347361903fd,114127114813964879233494914316551959577735327403094666277292901332326078499109
2026-03-31T06:47:01.094709+00:00,2026-03-31T06:50:17.927912+00:00,momentum,"Ethereum Up or Down - March 31, 2:45AM-2:50AM ET",UP,Up,5.0,0.8,,WIN,YES,1.25,Up,0x5f247b4f1836f40d74efa1c4fbc74a744e250ef01cd0a1d0ec70f8f3bfbd9823,17215300855947748011661888122935605233523643399522284443181233683317918366800
2026-03-31T06:47:05.928596+00:00,2026-03-31T06:50:17.928043+00:00,momentum,"Bitcoin Up or Down - March 31, 2:45AM-2:50AM ET",UP,Up,5.0,0.8,,WIN,YES,1.25,Up,0x423aef38a0348807fdb42b6feca9b441cd936b4e3d0627e2733e1347361903fd,114127114813964879233494914316551959577735327403094666277292901332326078499109
2026-03-31T06:47:14.073309+00:00,2026-03-31T06:50:18.073353+00:00,momentum,"Solana Up or Down - March 31, 2:45AM-2:50AM ET",UP,Up,5.0,0.65,,LOSS,NO,-5.0,,0xcd6153911ef4694daae71b7adf07b1bed4de4310c4f3b0d88030f2e2112eab5c,76842293860536036039456362403133913518438358759267767639126001879382170803191
2026-03-31T06:47:14.666072+00:00,2026-03-31T06:50:18.425961+00:00,momentum,"XRP Up or Down - March 31, 2:45AM-2:50AM ET",UP,Up,5.0,0.67,,WIN,YES,2.4626865671641784,Up,0xc33985f038141c4a42e90b3c20fe6fcc12771e56a72a70a0abc872acb94aedc8,88173376079507512295227942115056472497157440681414186385973114944009850200624
2026-03-31T06:47:31.197631+00:00,2026-03-31T06:50:18.426119+00:00,momentum,"Ethereum Up or Down - March 31, 2:45AM-2:50AM ET",UP,Up,5.0,0.85,,WIN,YES,0.882352941176471,Up,0x5f247b4f1836f40d74efa1c4fbc74a744e250ef01cd0a1d0ec70f8f3bfbd9823,17215300855947748011661888122935605233523643399522284443181233683317918366800
2026-03-31T06:47:31.547031+00:00,2026-03-31T06:50:18.426178+00:00,momentum,"Solana Up or Down - March 31, 2:45AM-2:50AM ET",UP,Up,5.0,0.72,,LOSS,NO,-5.0,,0xcd6153911ef4694daae71b7adf07b1bed4de4310c4f3b0d88030f2e2112eab5c,76842293860536036039456362403133913518438358759267767639126001879382170803191
2026-03-31T06:47:31.884566+00:00,2026-03-31T06:50:18.426250+00:00,momentum,"XRP Up or Down - March 31, 2:45AM-2:50AM ET",UP,Up,5.0,0.68,,WIN,YES,2.352941176470588,Up,0xc33985f038141c4a42e90b3c20fe6fcc12771e56a72a70a0abc872acb94aedc8,88173376079507512295227942115056472497157440681414186385973114944009850200624
2026-03-31T06:52:00.731635+00:00,2026-03-31T06:55:22.463372+00:00,momentum,"Bitcoin Up or Down - March 31, 2:50AM-2:55AM ET",UP,Up,5.0,0.88,,WIN,YES,0.6818181818181817,Up,0x083da81de7f0c9d03da00f1f874686c9381aca05b262580d05e52d770210369b,78968956589722795934295589226068185917549977006800090160725056798841867579382
2026-03-31T06:52:01.163961+00:00,2026-03-31T06:55:22.924950+00:00,momentum,"Ethereum Up or Down - March 31, 2:50AM-2:55AM ET",UP,Up,5.0,0.9,,WIN,YES,0.5555555555555554,Up,0xea0b5ad0eebfa289a336d068924cfd23ed0e564bb2494a1c2db3bbb0a1f58467,31091485653299519690864976212648544448922076906307060770159104123651453456793
2026-03-31T06:52:01.580552+00:00,2026-03-31T06:55:23.286502+00:00,momentum,"Solana Up or Down - March 31, 2:50AM-2:55AM ET",UP,Up,5.0,0.92,,WIN,YES,0.43478260869565233,Up,0x45aa1cd78a927ad1de6ff9107515c556d92d3b791a82ff45f4abb75b55bc3743,112517298560490219040889779365401590560977852952842683254445896583937495287770
2026-03-31T06:52:01.968899+00:00,2026-03-31T06:55:23.731128+00:00,momentum,"XRP Up or Down - March 31, 2:50AM-2:55AM ET",UP,Up,5.0,0.84,,WIN,YES,0.9523809523809526,Up,0xcc4d6fa1d073ccc7785f3ee2e489da89693ce057e4fd138973f0e3efe0df35c2,8722875996294367435395368421330410722341028963398791114555128405598804415011
2026-03-31T06:53:19.323033+00:00,2026-03-31T06:55:23.731373+00:00,momentum,"Solana Up or Down - March 31, 2:50AM-2:55AM ET",UP,Up,5.0,0.95,,WIN,YES,0.2631578947368425,Up,0x45aa1cd78a927ad1de6ff9107515c556d92d3b791a82ff45f4abb75b55bc3743,112517298560490219040889779365401590560977852952842683254445896583937495287770
2026-03-31T06:53:19.689771+00:00,2026-03-31T06:55:23.731454+00:00,momentum,"XRP Up or Down - March 31, 2:50AM-2:55AM ET",UP,Up,5.0,0.85,,WIN,YES,0.882352941176471,Up,0xcc4d6fa1d073ccc7785f3ee2e489da89693ce057e4fd138973f0e3efe0df35c2,8722875996294367435395368421330410722341028963398791114555128405598804415011
2026-03-31T06:53:39.003881+00:00,2026-03-31T06:55:23.731513+00:00,momentum,"Bitcoin Up or Down - March 31, 2:50AM-2:55AM ET",UP,Up,5.0,0.89,,WIN,YES,0.6179775280898872,Up,0x083da81de7f0c9d03da00f1f874686c9381aca05b262580d05e52d770210369b,78968956589722795934295589226068185917549977006800090160725056798841867579382
2026-03-31T06:53:39.367730+00:00,2026-03-31T06:55:23.731568+00:00,momentum,"Ethereum Up or Down - March 31, 2:50AM-2:55AM ET",UP,Up,5.0,0.91,,WIN,YES,0.4945054945054945,Up,0xea0b5ad0eebfa289a336d068924cfd23ed0e564bb2494a1c2db3bbb0a1f58467,31091485653299519690864976212648544448922076906307060770159104123651453456793
2026-03-31T06:50:01.300279+00:00,2026-03-31T07:00:43.448523+00:00,momentum,"XRP Up or Down - March 31, 2:45AM-3:00AM ET",UP,Up,5.0,0.71,,WIN,YES,2.042253521126761,Up,0x0e27a708d2ff32afe5a9c17d8793c635682b21342a5babc5b162714d06ed645f,68598283141522948484968857825040143981789562285621975256819195178062101800550
2026-03-31T06:50:02.958107+00:00,2026-03-31T07:00:43.905633+00:00,momentum,"Bitcoin Up or Down - March 31, 2:45AM-3:00AM ET",UP,Up,5.0,0.7,,WIN,YES,2.1428571428571432,Up,0xc26f73d41d05619841b9c93a234333420d186ccb0c16aa1098bf02a04ca92af6,47316892079006215320555039741067158410211492233432891886125632875448085795458
2026-03-31T06:50:03.343632+00:00,2026-03-31T07:00:44.303655+00:00,momentum,"Ethereum Up or Down - March 31, 2:45AM-3:00AM ET",UP,Up,5.0,0.7,,WIN,YES,2.1428571428571432,Up,0xd671380de8536874f8dc95cbdb825756f3e940c24d2ab7490e242492fdb7f874,93057242319218784174767714792555617341325652008796131494905625143444798844513
2026-03-31T06:51:28.527346+00:00,2026-03-31T07:00:44.624166+00:00,momentum,"Solana Up or Down - March 31, 2:45AM-3:00AM ET",UP,Up,5.0,0.68,,WIN,YES,2.352941176470588,Up,0xe652126e460571ba1f0cc5514fd1fea6fd44ddc8152b0b3f20870b965e21196c,97250975734360732351903320602914114466524621465456978721731654746513389032727
2026-03-31T06:54:02.320701+00:00,2026-03-31T07:00:44.624274+00:00,momentum,"XRP Up or Down - March 31, 2:45AM-3:00AM ET",UP,Up,5.0,0.88,,WIN,YES,0.6818181818181817,Up,0x0e27a708d2ff32afe5a9c17d8793c635682b21342a5babc5b162714d06ed645f,68598283141522948484968857825040143981789562285621975256819195178062101800550
2026-03-31T06:54:03.687393+00:00,2026-03-31T07:00:44.624338+00:00,momentum,"Bitcoin Up or Down - March 31, 2:45AM-3:00AM ET",UP,Up,5.0,0.86,,WIN,YES,0.8139534883720927,Up,0xc26f73d41d05619841b9c93a234333420d186ccb0c16aa1098bf02a04ca92af6,47316892079006215320555039741067158410211492233432891886125632875448085795458
2026-03-31T06:54:04.044712+00:00,2026-03-31T07:00:44.624427+00:00,momentum,"Ethereum Up or Down - March 31, 2:45AM-3:00AM ET",UP,Up,5.0,0.86,,WIN,YES,0.8139534883720927,Up,0xd671380de8536874f8dc95cbdb825756f3e940c24d2ab7490e242492fdb7f874,93057242319218784174767714792555617341325652008796131494905625143444798844513
2026-03-31T06:55:29.007761+00:00,2026-03-31T07:00:44.624493+00:00,momentum,"Solana Up or Down - March 31, 2:45AM-3:00AM ET",UP,Up,5.0,0.96,,WIN,YES,0.20833333333333393,Up,0xe652126e460571ba1f0cc5514fd1fea6fd44ddc8152b0b3f20870b965e21196c,97250975734360732351903320602914114466524621465456978721731654746513389032727
2026-03-31T06:57:00.693175+00:00,2026-03-31T07:00:45.068477+00:00,momentum,"Ethereum Up or Down - March 31, 2:55AM-3:00AM ET",UP,Up,5.0,0.76,,WIN,YES,1.5789473684210522,Up,0x02c7494f61d74e031da4fa62df1c2e4157bfebeb2a20b6190bf36b4331adcca3,99401570909358421327454790514205295942042616747345139070251013762901530881490
2026-03-31T06:59:41.072374+00:00,2026-03-31T07:00:45.211395+00:00,momentum,"Ethereum Up or Down - March 31, 2:55AM-3:00AM ET",UP,Up,5.0,0.81,,WIN,YES,1.1728395061728394,Up,0x02c7494f61d74e031da4fa62df1c2e4157bfebeb2a20b6190bf36b4331adcca3,99401570909358421327454790514205295942042616747345139070251013762901530881490
2026-03-31T06:59:41.855430+00:00,2026-03-31T07:00:45.590128+00:00,momentum,"XRP Up or Down - March 31, 2:55AM-3:00AM ET",DOWN,Down,5.0,0.97,,WIN,YES,0.1546391752577323,Down,0xfb4f5e09ac17be688d07665032fac012359569a668a10769b74a6f37441fb81d,34888066692249241009524278284367166839521330989522589866928710775377059866995
2026-03-31T06:59:47.878165+00:00,2026-03-31T07:00:45.590274+00:00,momentum,"XRP Up or Down - March 31, 2:55AM-3:00AM ET",DOWN,Down,5.0,0.98,,WIN,YES,0.1020408163265305,Down,0xfb4f5e09ac17be688d07665032fac012359569a668a10769b74a6f37441fb81d,34888066692249241009524278284367166839521330989522589866928710775377059866995
2026-03-31T07:02:01.305529+00:00,2026-03-31T07:04:53.721808+00:00,momentum,"Ethereum Up or Down - March 31, 3:00AM-3:05AM ET",DOWN,Down,5.0,0.82,,WIN,YES,1.0975609756097562,Down,0x794a576746e29fd0eee554df21a24595bbbbc5d383cf65167532c8e9beaeff91,59338327332068690915052991181959661972007987685852517391364147195835171564590
2026-03-31T07:02:01.738174+00:00,2026-03-31T07:04:54.116013+00:00,momentum,"Solana Up or Down - March 31, 3:00AM-3:05AM ET",DOWN,Down,5.0,0.81,,WIN,YES,1.1728395061728394,Down,0xe6cb89b77875e828ab73cd319187969e93a10a23119e13e80058f35af0a522ce,15772160316993186516547899018238699173958086424866662407954497318388613644761
2026-03-31T07:02:06.636042+00:00,2026-03-31T07:04:54.116181+00:00,momentum,"Ethereum Up or Down - March 31, 3:00AM-3:05AM ET",DOWN,Down,5.0,0.86,,WIN,YES,0.8139534883720927,Down,0x794a576746e29fd0eee554df21a24595bbbbc5d383cf65167532c8e9beaeff91,59338327332068690915052991181959661972007987685852517391364147195835171564590
2026-03-31T07:02:08.283025+00:00,2026-03-31T07:04:54.116281+00:00,momentum,"Solana Up or Down - March 31, 3:00AM-3:05AM ET",DOWN,Down,5.0,0.84,,WIN,YES,0.9523809523809526,Down,0xe6cb89b77875e828ab73cd319187969e93a10a23119e13e80058f35af0a522ce,15772160316993186516547899018238699173958086424866662407954497318388613644761
2026-03-31T07:03:07.290883+00:00,2026-03-31T07:04:54.564671+00:00,momentum,"XRP Up or Down - March 31, 3:00AM-3:05AM ET",UP,Up,5.0,0.7,,WIN,YES,2.1428571428571432,Up,0x2c2728a01d594334ce056acb3bc1c5854d743645b8eaab6d9af62a426058d8f2,79946783342299509553273272467954857392612276617289355199753193739699126389049
2026-03-31T07:04:22.989472+00:00,2026-03-31T07:04:54.564825+00:00,momentum,"XRP Up or Down - March 31, 3:00AM-3:05AM ET",UP,Up,5.0,0.94,,WIN,YES,0.31914893617021267,Up,0x2c2728a01d594334ce056acb3bc1c5854d743645b8eaab6d9af62a426058d8f2,79946783342299509553273272467954857392612276617289355199753193739699126389049
2026-03-31T06:57:00.200101+00:00,2026-03-31T07:05:53.320165+00:00,momentum,"Bitcoin Up or Down - March 31, 2:55AM-3:00AM ET",UP,Up,5.0,0.67,,LOSS,NO,-5.0,Down,0xc6509c0b41d3165308af0147b71613f49be34dd1a7d1942a73829ef4017f4e9e,22188458164885039637566107243419529125196895866090838925839377220510238204529
2026-03-31T07:02:00.849996+00:00,2026-03-31T07:05:53.633691+00:00,momentum,"Bitcoin Up or Down - March 31, 3:00AM-3:05AM ET",DOWN,Down,5.0,0.69,,LOSS,NO,-5.0,,0x612091b32c29ccd018c0832ad9867c16d4f66e5c5b44684207ce954532bb0b50,45184060678473053090982602020663349578857962974510055461325486738361043937853
2026-03-31T07:03:34.926515+00:00,2026-03-31T07:05:53.636509+00:00,momentum,"Bitcoin Up or Down - March 31, 3:00AM-3:05AM ET",DOWN,Down,5.0,0.79,,LOSS,NO,-5.0,,0x612091b32c29ccd018c0832ad9867c16d4f66e5c5b44684207ce954532bb0b50,45184060678473053090982602020663349578857962974510055461325486738361043937853
2026-03-31T06:57:01.086353+00:00,2026-03-31T07:06:57.247549+00:00,momentum,"Solana Up or Down - March 31, 2:55AM-3:00AM ET",UP,Up,5.0,0.72,,LOSS,NO,-5.0,Down,0xfd74dceccdef8b42824e85e76f7581e0e19f6255db9eb07d0a2c11b754a95fed,33539262861087652350459265950635065479675466016174629403733884637508617604953
2026-03-31T07:07:08.487659+00:00,2026-03-31T07:09:57.450621+00:00,momentum,"Bitcoin Up or Down - March 31, 3:05AM-3:10AM ET",DOWN,Down,5.0,0.87,,WIN,YES,0.7471264367816088,Down,0x2c7c11cdaea882ea6fe6488e6a39263aa5f5a2411978a38252e7a33d73d803e4,54658526562987082796840372203194549951799395546537848086551409477956774664516
2026-03-31T07:07:08.976763+00:00,2026-03-31T07:09:57.799271+00:00,momentum,"Ethereum Up or Down - March 31, 3:05AM-3:10AM ET",DOWN,Down,5.0,0.92,,WIN,YES,0.43478260869565233,Down,0xc9bb97ded3e15e9f2005a7c0f4330d323b4c2e81c9720c72d55b6b283f7a9525,48323577766754739123864300273508290114895414503922494662381269982592186229078
2026-03-31T07:07:09.369268+00:00,2026-03-31T07:09:58.123343+00:00,momentum,"Solana Up or Down - March 31, 3:05AM-3:10AM ET",DOWN,Down,5.0,0.87,,WIN,YES,0.7471264367816088,Down,0x59591bc2541881fbaccc342e10a241d5cbb07a4be6523455f39a2c81a82c6035,58226775398150187982278392244066731673592608174529952734421455243865261562433
2026-03-31T07:07:09.764221+00:00,2026-03-31T07:09:58.525829+00:00,momentum,"XRP Up or Down - March 31, 3:05AM-3:10AM ET",DOWN,Down,5.0,0.88,,WIN,YES,0.6818181818181817,Down,0x5024b85853b4e3a64f0c2a9bc64ffca709b400608d9a5d62ea6c4a52a5f80f86,60786294763521339538002000282747816681061344337673042618467121961506640956633
2026-03-31T07:07:11.569379+00:00,2026-03-31T07:09:58.526069+00:00,momentum,"Solana Up or Down - March 31, 3:05AM-3:10AM ET",DOWN,Down,5.0,0.88,,WIN,YES,0.6818181818181817,Down,0x59591bc2541881fbaccc342e10a241d5cbb07a4be6523455f39a2c81a82c6035,58226775398150187982278392244066731673592608174529952734421455243865261562433
2026-03-31T07:07:11.971820+00:00,2026-03-31T07:09:58.526165+00:00,momentum,"XRP Up or Down - March 31, 3:05AM-3:10AM ET",DOWN,Down,5.0,0.89,,WIN,YES,0.6179775280898872,Down,0x5024b85853b4e3a64f0c2a9bc64ffca709b400608d9a5d62ea6c4a52a5f80f86,60786294763521339538002000282747816681061344337673042618467121961506640956633
2026-03-31T07:07:28.422929+00:00,2026-03-31T07:09:58.526266+00:00,momentum,"Bitcoin Up or Down - March 31, 3:05AM-3:10AM ET",DOWN,Down,5.0,0.9,,WIN,YES,0.5555555555555554,Down,0x2c7c11cdaea882ea6fe6488e6a39263aa5f5a2411978a38252e7a33d73d803e4,54658526562987082796840372203194549951799395546537848086551409477956774664516
2026-03-31T07:07:28.787036+00:00,2026-03-31T07:09:58.526375+00:00,momentum,"Ethereum Up or Down - March 31, 3:05AM-3:10AM ET",DOWN,Down,5.0,0.93,,WIN,YES,0.37634408602150504,Down,0xc9bb97ded3e15e9f2005a7c0f4330d323b4c2e81c9720c72d55b6b283f7a9525,48323577766754739123864300273508290114895414503922494662381269982592186229078
2026-03-31T07:05:12.150763+00:00,2026-03-31T07:15:00.014541+00:00,momentum,"Solana Up or Down - March 31, 3:00AM-3:15AM ET",DOWN,Down,5.0,0.66,,WIN,YES,2.5757575757575752,Down,0x6d4d27eba59c7ccb87b516ebad8d47dda74378fc19729bdbbf115d8729615cd4,63003574552112165698953719496908255220777440544362522409658870151259160992747
2026-03-31T07:05:46.770062+00:00,2026-03-31T07:15:00.455483+00:00,momentum,"Ethereum Up or Down - March 31, 3:00AM-3:15AM ET",DOWN,Down,5.0,0.65,,WIN,YES,2.6923076923076916,Down,0xd295e55c34e7a90266889abc090cea2db72ef525fc807cca1af1f11845d687b6,44411439558538828474011660996797411202880622469858155568850027395742431911858
2026-03-31T07:06:09.450452+00:00,2026-03-31T07:15:00.841547+00:00,momentum,"Bitcoin Up or Down - March 31, 3:00AM-3:15AM ET",DOWN,Down,5.0,0.73,,WIN,YES,1.8493150684931505,Down,0x7a81466979e784848c49d634dd348787673dcecfc328d44c1880eb4be23989b7,93480592512392503479375717387103977934959931701432592385357868814419884144158
2026-03-31T07:09:12.757554+00:00,2026-03-31T07:15:00.841714+00:00,momentum,"Solana Up or Down - March 31, 3:00AM-3:15AM ET",DOWN,Down,5.0,0.94,,WIN,YES,0.31914893617021267,Down,0x6d4d27eba59c7ccb87b516ebad8d47dda74378fc19729bdbbf115d8729615cd4,63003574552112165698953719496908255220777440544362522409658870151259160992747
2026-03-31T07:09:48.549896+00:00,2026-03-31T07:15:00.843091+00:00,momentum,"Ethereum Up or Down - March 31, 3:00AM-3:15AM ET",DOWN,Down,5.0,0.96,,WIN,YES,0.20833333333333393,Down,0xd295e55c34e7a90266889abc090cea2db72ef525fc807cca1af1f11845d687b6,44411439558538828474011660996797411202880622469858155568850027395742431911858
2026-03-31T07:10:10.560931+00:00,2026-03-31T07:15:00.843343+00:00,momentum,"Bitcoin Up or Down - March 31, 3:00AM-3:15AM ET",DOWN,Down,5.0,0.94,,WIN,YES,0.31914893617021267,Down,0x7a81466979e784848c49d634dd348787673dcecfc328d44c1880eb4be23989b7,93480592512392503479375717387103977934959931701432592385357868814419884144158
2026-03-31T07:12:18.485120+00:00,2026-03-31T07:15:01.270658+00:00,momentum,"Bitcoin Up or Down - March 31, 3:10AM-3:15AM ET",DOWN,Down,5.0,0.8,,WIN,YES,1.25,Down,0x28ebdebae9f43c27580491094cae4b0aaffae20dcdb68cf2a711c55c02d43b97,96013272507894753345238876956532093245232041918257122979907884338326040493036
2026-03-31T07:12:18.909618+00:00,2026-03-31T07:15:01.660196+00:00,momentum,"Ethereum Up or Down - March 31, 3:10AM-3:15AM ET",DOWN,Down,5.0,0.96,,WIN,YES,0.20833333333333393,Down,0xffa6756b1645b9d1a17cab79bc3da6c7a502aad46008787635b92792b8b36336,77961153535752237145908516450485734332930013605844775052845455104931716319665
2026-03-31T07:12:19.298195+00:00,2026-03-31T07:15:02.131988+00:00,momentum,"Solana Up or Down - March 31, 3:10AM-3:15AM ET",DOWN,Down,5.0,0.85,,WIN,YES,0.882352941176471,Down,0x537eee752c878978bebe5b30ea993119dba947d13f7c2a6e48e9d7782df1ee83,89611742682290674498720538617991434211157271882967450047609605324870011251480
2026-03-31T07:12:19.707743+00:00,2026-03-31T07:15:02.486960+00:00,momentum,"XRP Up or Down - March 31, 3:10AM-3:15AM ET",DOWN,Down,5.0,0.91,,WIN,YES,0.4945054945054945,Down,0xb61332bf6836c2950d394e124bc8a9e3db8b133f8c3023fdff848f37039b6289,112869675717808924799017411435323580907208268581167308487934457257272624116395
2026-03-31T07:12:22.420646+00:00,2026-03-31T07:15:02.487238+00:00,momentum,"Bitcoin Up or Down - March 31, 3:10AM-3:15AM ET",DOWN,Down,5.0,0.87,,WIN,YES,0.7471264367816088,Down,0x28ebdebae9f43c27580491094cae4b0aaffae20dcdb68cf2a711c55c02d43b97,96013272507894753345238876956532093245232041918257122979907884338326040493036
2026-03-31T07:12:22.759165+00:00,2026-03-31T07:15:02.487475+00:00,momentum,"Ethereum Up or Down - March 31, 3:10AM-3:15AM ET",DOWN,Down,5.0,0.97,,WIN,YES,0.1546391752577323,Down,0xffa6756b1645b9d1a17cab79bc3da6c7a502aad46008787635b92792b8b36336,77961153535752237145908516450485734332930013605844775052845455104931716319665
2026-03-31T07:12:24.979827+00:00,2026-03-31T07:15:02.488209+00:00,momentum,"XRP Up or Down - March 31, 3:10AM-3:15AM ET",DOWN,Down,5.0,0.92,,WIN,YES,0.43478260869565233,Down,0xb61332bf6836c2950d394e124bc8a9e3db8b133f8c3023fdff848f37039b6289,112869675717808924799017411435323580907208268581167308487934457257272624116395
2026-03-31T07:12:26.455003+00:00,2026-03-31T07:15:02.488352+00:00,momentum,"Solana Up or Down - March 31, 3:10AM-3:15AM ET",DOWN,Down,5.0,0.89,,WIN,YES,0.6179775280898872,Down,0x537eee752c878978bebe5b30ea993119dba947d13f7c2a6e48e9d7782df1ee83,89611742682290674498720538617991434211157271882967450047609605324870011251480
2026-03-31T07:17:00.555084+00:00,2026-03-31T07:20:05.602243+00:00,momentum,"Bitcoin Up or Down - March 31, 3:15AM-3:20AM ET",DOWN,Down,5.0,0.8,,WIN,YES,1.25,Down,0x69403a3942ad60cd0f04e7f4ffb261dcd15ff6347cb2a4be2bb857a63abd9d09,25367755314826652052693201093278600104940802287392604184765740407730683242266
2026-03-31T07:17:01.115182+00:00,2026-03-31T07:20:05.962968+00:00,momentum,"Ethereum Up or Down - March 31, 3:15AM-3:20AM ET",DOWN,Down,5.0,0.88,,WIN,YES,0.6818181818181817,Down,0x9d19de793f68faaff71f19fb1098a7ec0f3afc96fb83f08be762a1de7b630496,17221984145143207606869536697747271104133933544300495490646058660314156539964
2026-03-31T07:17:01.563054+00:00,2026-03-31T07:20:06.351747+00:00,momentum,"Solana Up or Down - March 31, 3:15AM-3:20AM ET",DOWN,Down,5.0,0.67,,WIN,YES,2.4626865671641784,Down,0x9b7cdb8d630cab42cef983a5f4a65f4881dfbbf5c16dc3f6fbf74d63c1e426cf,31834677140080450382339053894843754508580470765781358751260733535661070751073
2026-03-31T07:17:01.977676+00:00,2026-03-31T07:20:06.722012+00:00,momentum,"XRP Up or Down - March 31, 3:15AM-3:20AM ET",DOWN,Down,5.0,0.89,,WIN,YES,0.6179775280898872,Down,0x9eecf25322dcb54685d25f39a3399d596ab2885a41b3de50c3368c3ed92a4d6a,60294628216453882125046441276380872146796989631915578540109999266982932065769
2026-03-31T07:17:17.241629+00:00,2026-03-31T07:20:06.722189+00:00,momentum,"Bitcoin Up or Down - March 31, 3:15AM-3:20AM ET",DOWN,Down,5.0,0.85,,WIN,YES,0.882352941176471,Down,0x69403a3942ad60cd0f04e7f4ffb261dcd15ff6347cb2a4be2bb857a63abd9d09,25367755314826652052693201093278600104940802287392604184765740407730683242266
2026-03-31T07:17:17.634477+00:00,2026-03-31T07:20:06.722295+00:00,momentum,"Ethereum Up or Down - March 31, 3:15AM-3:20AM ET",DOWN,Down,5.0,0.91,,WIN,YES,0.4945054945054945,Down,0x9d19de793f68faaff71f19fb1098a7ec0f3afc96fb83f08be762a1de7b630496,17221984145143207606869536697747271104133933544300495490646058660314156539964
2026-03-31T07:17:18.276838+00:00,2026-03-31T07:20:06.722470+00:00,momentum,"XRP Up or Down - March 31, 3:15AM-3:20AM ET",DOWN,Down,5.0,0.9,,WIN,YES,0.5555555555555554,Down,0x9eecf25322dcb54685d25f39a3399d596ab2885a41b3de50c3368c3ed92a4d6a,60294628216453882125046441276380872146796989631915578540109999266982932065769
2026-03-31T07:17:24.541080+00:00,2026-03-31T07:20:06.722552+00:00,momentum,"Solana Up or Down - March 31, 3:15AM-3:20AM ET",DOWN,Down,5.0,0.8,,WIN,YES,1.25,Down,0x9b7cdb8d630cab42cef983a5f4a65f4881dfbbf5c16dc3f6fbf74d63c1e426cf,31834677140080450382339053894843754508580470765781358751260733535661070751073
2026-03-31T07:05:00.973310+00:00,2026-03-31T07:21:05.241219+00:00,momentum,"XRP Up or Down - March 31, 3:00AM-3:15AM ET",UP,Up,5.0,0.69,,LOSS,NO,-5.0,Down,0x94087a4fa33374eb8e2973da72657407e093b7fdcef65021818f4bd09ad244e1,66908440284253476005171195016966718390552185903168825661355734433041957867456
2026-03-31T07:23:19.307364+00:00,2026-03-31T07:25:23.284800+00:00,momentum,"XRP Up or Down - March 31, 3:20AM-3:25AM ET",DOWN,Down,5.0,0.8,,WIN,YES,1.25,Down,0x26f884b097c7bf8948ab965e0898bef86be324dc40b26096bddabafe5f41ecbe,54741881163637992201259435771046796421414605146011764949025202569557846984948
2026-03-31T07:23:42.190071+00:00,2026-03-31T07:25:23.750103+00:00,momentum,"Solana Up or Down - March 31, 3:20AM-3:25AM ET",UP,Up,5.0,0.97,,WIN,YES,0.1546391752577323,Up,0x60d8bceafd9051a3bca8d637a745aa7bf5b3a2fbccc2f4c05ccdc60bafdf9041,104130819929021554959564095889762843815144690020625484560359149758574226467824
2026-03-31T07:23:52.012367+00:00,2026-03-31T07:25:23.750336+00:00,momentum,"XRP Up or Down - March 31, 3:20AM-3:25AM ET",DOWN,Down,5.0,0.85,,WIN,YES,0.882352941176471,Down,0x26f884b097c7bf8948ab965e0898bef86be324dc40b26096bddabafe5f41ecbe,54741881163637992201259435771046796421414605146011764949025202569557846984948
2026-03-31T07:24:29.599185+00:00,2026-03-31T07:25:23.750492+00:00,momentum,"Solana Up or Down - March 31, 3:20AM-3:25AM ET",UP,Up,5.0,0.98,,WIN,YES,0.1020408163265305,Up,0x60d8bceafd9051a3bca8d637a745aa7bf5b3a2fbccc2f4c05ccdc60bafdf9041,104130819929021554959564095889762843815144690020625484560359149758574226467824
2026-03-31T07:23:41.826468+00:00,2026-03-31T07:29:23.897443+00:00,momentum,"Bitcoin Up or Down - March 31, 3:20AM-3:25AM ET",UP,Up,5.0,0.97,,LOSS,NO,-5.0,Down,0x3ff3fd165580a69a1be465ebdb6aeeb764bd02e1af24c7777347c390dee2ae02,54298727343359585320922081941835898545647235159560843789786114544744028316915
2026-03-31T07:20:01.802171+00:00,2026-03-31T07:30:24.205710+00:00,momentum,"Solana Up or Down - March 31, 3:15AM-3:30AM ET",DOWN,Down,5.0,0.93,,WIN,YES,0.37634408602150504,Down,0x91b874b1f86d80989eba880809b14c3186ca43ecb19e2496bb31fc9f850d5b77,59193517130123275468906611514757901001658571613247864007117659956435563047801
2026-03-31T07:20:04.017926+00:00,2026-03-31T07:30:24.937868+00:00,momentum,"Bitcoin Up or Down - March 31, 3:15AM-3:30AM ET",DOWN,Down,5.0,0.88,,WIN,YES,0.6818181818181817,Down,0x6265a9f26b3e7410cca3d29e6fb2d56850f84dd9e22de7902abf71ec158d4245,63960818270613963223402749961375082000746942906063210477586582256097316241762
2026-03-31T07:20:04.372824+00:00,2026-03-31T07:30:25.285189+00:00,momentum,"Ethereum Up or Down - March 31, 3:15AM-3:30AM ET",DOWN,Down,5.0,0.91,,WIN,YES,0.4945054945054945,Down,0x4781c5d10dcbc619d6b9c437ffb2cbd2a62ed10594cdcb808092dbc6f02652ad,77160148160013527558547776871171176735688726685706964584733956645988204720015
2026-03-31T07:20:04.709110+00:00,2026-03-31T07:30:29.772287+00:00,momentum,"XRP Up or Down - March 31, 3:15AM-3:30AM ET",DOWN,Down,5.0,0.86,,WIN,YES,0.8139534883720927,Down,0xf9fa4a5e958130c6f7b338ba3b9b5dd2317e1c8ccc7c2df8fd12e74a17abfc95,11149753860908335203736164467175621845098085323410931057519847099175227053804
2026-03-31T07:23:18.396187+00:00,2026-03-31T07:30:29.817390+00:00,momentum,"Ethereum Up or Down - March 31, 3:20AM-3:25AM ET",UP,Up,5.0,0.96,,LOSS,NO,-5.0,Down,0xde884462b8f553ef0120fc9e97783077babc9b9f3990145be837d9477bb2f0ac,111248534783505656787861690426563351385748685962615783214057813878374206680861
2026-03-31T07:23:41.472403+00:00,2026-03-31T07:30:29.818894+00:00,momentum,"Ethereum Up or Down - March 31, 3:20AM-3:25AM ET",UP,Up,5.0,0.97,,LOSS,NO,-5.0,Down,0xde884462b8f553ef0120fc9e97783077babc9b9f3990145be837d9477bb2f0ac,111248534783505656787861690426563351385748685962615783214057813878374206680861
2026-03-31T07:24:02.919896+00:00,2026-03-31T07:30:29.819084+00:00,momentum,"Solana Up or Down - March 31, 3:15AM-3:30AM ET",DOWN,Down,5.0,0.95,,WIN,YES,0.2631578947368425,Down,0x91b874b1f86d80989eba880809b14c3186ca43ecb19e2496bb31fc9f850d5b77,59193517130123275468906611514757901001658571613247864007117659956435563047801
2026-03-31T07:24:05.483613+00:00,2026-03-31T07:30:29.819153+00:00,momentum,"Bitcoin Up or Down - March 31, 3:15AM-3:30AM ET",DOWN,Down,5.0,0.89,,WIN,YES,0.6179775280898872,Down,0x6265a9f26b3e7410cca3d29e6fb2d56850f84dd9e22de7902abf71ec158d4245,63960818270613963223402749961375082000746942906063210477586582256097316241762
2026-03-31T07:24:05.856900+00:00,2026-03-31T07:30:29.819208+00:00,momentum,"Ethereum Up or Down - March 31, 3:15AM-3:30AM ET",DOWN,Down,5.0,0.96,,WIN,YES,0.20833333333333393,Down,0x4781c5d10dcbc619d6b9c437ffb2cbd2a62ed10594cdcb808092dbc6f02652ad,77160148160013527558547776871171176735688726685706964584733956645988204720015
2026-03-31T07:24:06.210563+00:00,2026-03-31T07:30:29.819261+00:00,momentum,"XRP Up or Down - March 31, 3:15AM-3:30AM ET",DOWN,Down,5.0,0.95,,WIN,YES,0.2631578947368425,Down,0xf9fa4a5e958130c6f7b338ba3b9b5dd2317e1c8ccc7c2df8fd12e74a17abfc95,11149753860908335203736164467175621845098085323410931057519847099175227053804
2026-03-31T07:27:00.830628+00:00,2026-03-31T07:30:35.260706+00:00,momentum,"Bitcoin Up or Down - March 31, 3:25AM-3:30AM ET",UP,Up,5.0,0.77,,WIN,YES,1.4935064935064934,Up,0x98cd12d4c8666cc87c5cd23c9f98aa727c24d7793fc929a78c58d1e99ab0711c,108216946985582739338435503317467648041668292464561087096483800792698832678399
2026-03-31T07:27:05.333606+00:00,2026-03-31T07:30:35.377708+00:00,momentum,"Bitcoin Up or Down - March 31, 3:25AM-3:30AM ET",UP,Up,5.0,0.86,,WIN,YES,0.8139534883720927,Up,0x98cd12d4c8666cc87c5cd23c9f98aa727c24d7793fc929a78c58d1e99ab0711c,108216946985582739338435503317467648041668292464561087096483800792698832678399
2026-03-31T07:27:05.700390+00:00,2026-03-31T07:30:39.285627+00:00,momentum,"Ethereum Up or Down - March 31, 3:25AM-3:30AM ET",UP,Up,5.0,0.87,,WIN,YES,0.7471264367816088,Up,0xff9b2746d7d78df652ac22e76076a16e75d1967ebf3fb7edcdd56cd7d197db71,54526371419889225166870185557422984038240473375072013066266943180717427867828
2026-03-31T07:27:07.340401+00:00,2026-03-31T07:30:45.539384+00:00,momentum,"Solana Up or Down - March 31, 3:25AM-3:30AM ET",UP,Up,5.0,0.85,,WIN,YES,0.882352941176471,Up,0x9859c1caf10fe80dc5e4bdd9d7a9704ea03f355271dcc0adcf32683b8c17af7b,88176247596727612939694770335518743398391839213700393240577414620807348396077
2026-03-31T07:27:11.995495+00:00,2026-03-31T07:30:45.665516+00:00,momentum,"Ethereum Up or Down - March 31, 3:25AM-3:30AM ET",UP,Up,5.0,0.9,,WIN,YES,0.5555555555555554,Up,0xff9b2746d7d78df652ac22e76076a16e75d1967ebf3fb7edcdd56cd7d197db71,54526371419889225166870185557422984038240473375072013066266943180717427867828
2026-03-31T07:27:18.656530+00:00,2026-03-31T07:30:45.788356+00:00,momentum,"Solana Up or Down - March 31, 3:25AM-3:30AM ET",UP,Up,5.0,0.86,,WIN,YES,0.8139534883720927,Up,0x9859c1caf10fe80dc5e4bdd9d7a9704ea03f355271dcc0adcf32683b8c17af7b,88176247596727612939694770335518743398391839213700393240577414620807348396077
2026-03-31T07:29:29.955620+00:00,2026-03-31T07:30:49.288942+00:00,momentum,"XRP Up or Down - March 31, 3:25AM-3:30AM ET",DOWN,Down,5.0,0.86,,WIN,YES,0.8139534883720927,Down,0xc08ba3243ba52768158829c404db2bbda05be6f1b51979a0784077d7ad616618,13113033658359588789504925678090001516492229645700942577837076291814453715773
2026-03-31T07:29:32.422446+00:00,2026-03-31T07:30:49.392565+00:00,momentum,"XRP Up or Down - March 31, 3:25AM-3:30AM ET",DOWN,Down,5.0,0.94,,WIN,YES,0.31914893617021267,Down,0xc08ba3243ba52768158829c404db2bbda05be6f1b51979a0784077d7ad616618,13113033658359588789504925678090001516492229645700942577837076291814453715773
2026-03-31T07:32:00.390510+00:00,2026-03-31T07:35:27.874747+00:00,momentum,"Ethereum Up or Down - March 31, 3:30AM-3:35AM ET",DOWN,Down,5.0,0.76,,LOSS,NO,-5.0,,0x274de476dcade40ef5bf24a00562385a36433014ede91d13292fcc4d719e62e5,25981325184354590091748821657850527420599723173232929628503733483645468108386
2026-03-31T07:32:00.869413+00:00,2026-03-31T07:35:31.411035+00:00,momentum,"XRP Up or Down - March 31, 3:30AM-3:35AM ET",DOWN,Down,5.0,0.82,,WIN,YES,1.0975609756097562,Down,0xd71e064e31b3faca4c59a78a0f3822c59e81493a97fbedd6b45f29f7f79464d1,112122968048995486223357094639523944832800110711042326248869389269932657620743
2026-03-31T07:32:18.271434+00:00,2026-03-31T07:35:37.473627+00:00,momentum,"Solana Up or Down - March 31, 3:30AM-3:35AM ET",UP,Up,5.0,0.68,,WIN,YES,2.352941176470588,Up,0xf4e871984c46744945c45e938afa97e33bb952a61629b4e9b74ab31b805170a0,51390334323787943472991130925417033345396505148005164371487215199079479491378
2026-03-31T07:32:40.809044+00:00,2026-03-31T07:35:37.615259+00:00,momentum,"Solana Up or Down - March 31, 3:30AM-3:35AM ET",UP,Up,5.0,0.78,,WIN,YES,1.4102564102564097,Up,0xf4e871984c46744945c45e938afa97e33bb952a61629b4e9b74ab31b805170a0,51390334323787943472991130925417033345396505148005164371487215199079479491378
2026-03-31T07:32:46.580388+00:00,2026-03-31T07:35:43.426851+00:00,momentum,"Ethereum Up or Down - March 31, 3:30AM-3:35AM ET",DOWN,Down,5.0,0.81,,WIN,YES,1.1728395061728394,Down,0x274de476dcade40ef5bf24a00562385a36433014ede91d13292fcc4d719e62e5,25981325184354590091748821657850527420599723173232929628503733483645468108386
2026-03-31T07:33:03.477698+00:00,2026-03-31T07:35:47.388614+00:00,momentum,"Bitcoin Up or Down - March 31, 3:30AM-3:35AM ET",UP,Up,5.0,0.72,,WIN,YES,1.9444444444444446,Up,0xfe048cdb87c7a07b01c37d25773fde8de023bc0eadf110cc55f04a041fd1b95d,102898195861103367764039095705256767529316625176633974730047548393640955970825
2026-03-31T07:33:21.411665+00:00,2026-03-31T07:35:47.520183+00:00,momentum,"Bitcoin Up or Down - March 31, 3:30AM-3:35AM ET",UP,Up,5.0,0.76,,WIN,YES,1.5789473684210522,Up,0xfe048cdb87c7a07b01c37d25773fde8de023bc0eadf110cc55f04a041fd1b95d,102898195861103367764039095705256767529316625176633974730047548393640955970825
2026-03-31T07:34:40.474686+00:00,2026-03-31T07:35:47.646686+00:00,momentum,"XRP Up or Down - March 31, 3:30AM-3:35AM ET",DOWN,Down,5.0,0.9,,WIN,YES,0.5555555555555554,Down,0xd71e064e31b3faca4c59a78a0f3822c59e81493a97fbedd6b45f29f7f79464d1,112122968048995486223357094639523944832800110711042326248869389269932657620743
2026-03-31T07:37:03.453109+00:00,2026-03-31T07:40:31.881086+00:00,momentum,"Ethereum Up or Down - March 31, 3:35AM-3:40AM ET",UP,Up,5.0,0.77,,WIN,YES,1.4935064935064934,Up,0x3d97d5c693c4a682630db14c8ae2ae072f57419798ef46b5367f743ef9943aa9,92979243307897497034170532168286760492749345580986331060577551949441014396088
2026-03-31T07:37:03.821050+00:00,2026-03-31T07:40:32.252425+00:00,momentum,"XRP Up or Down - March 31, 3:35AM-3:40AM ET",UP,Up,5.0,0.97,,WIN,YES,0.1546391752577323,Up,0xd3f15de32818058b6d77967ead8f8fc239af33f17e7bed108283ebb0e4f29edd,57508995869113339680638193144820912268275057350360680809188812728332588922048
2026-03-31T07:37:34.210652+00:00,2026-03-31T07:40:32.252541+00:00,momentum,"Ethereum Up or Down - March 31, 3:35AM-3:40AM ET",UP,Up,5.0,0.8,,WIN,YES,1.25,Up,0x3d97d5c693c4a682630db14c8ae2ae072f57419798ef46b5367f743ef9943aa9,92979243307897497034170532168286760492749345580986331060577551949441014396088
2026-03-31T07:37:34.590206+00:00,2026-03-31T07:40:32.252600+00:00,momentum,"XRP Up or Down - March 31, 3:35AM-3:40AM ET",UP,Up,5.0,0.98,,WIN,YES,0.1020408163265305,Up,0xd3f15de32818058b6d77967ead8f8fc239af33f17e7bed108283ebb0e4f29edd,57508995869113339680638193144820912268275057350360680809188812728332588922048
2026-03-31T07:35:03.139132+00:00,2026-03-31T07:45:37.307027+00:00,momentum,"Solana Up or Down - March 31, 3:30AM-3:45AM ET",UP,Up,5.0,0.8,,WIN,YES,1.25,Up,0x11bcefa6b694461b61cc84b9ba6a8213e2c66a79782f5766ddb07d58466db2e4,107052239928285598117523572165255615379118097242843647037697485083729301901722
2026-03-31T07:35:06.646723+00:00,2026-03-31T07:45:43.425997+00:00,momentum,"Ethereum Up or Down - March 31, 3:30AM-3:45AM ET",UP,Up,5.0,0.7,,WIN,YES,2.1428571428571432,Up,0x38b462956b635478c4dfa3dc8cf1504197bfc3eb48d1d33bc4d1fdb254d2783b,63274638432880558951751735792361563883579804542112312829589723819951326186297
2026-03-31T07:35:11.035571+00:00,2026-03-31T07:45:47.410828+00:00,momentum,"Bitcoin Up or Down - March 31, 3:30AM-3:45AM ET",UP,Up,5.0,0.68,,WIN,YES,2.352941176470588,Up,0x91dcc278a09fd1768ad88bfb3f2acb4f52f6604010357f675a030630c6292a75,95864000530666182732154605132525030062436501813396174671309476884893981203333
2026-03-31T07:35:11.454618+00:00,2026-03-31T07:47:50.238201+00:00,momentum,"XRP Up or Down - March 31, 3:30AM-3:45AM ET",UP,Up,5.0,0.85,,WIN,YES,0.882352941176471,Up,0xf0244d11ea2b77f1e5ff94f881d00928565e3d5a4cfe3f9955dfc6e7f2c3ee0d,8045471446449544938774409034205858195773844128508143190232815809433092757032
2026-03-31T07:37:00.641561+00:00,2026-03-31T07:47:50.279239+00:00,momentum,"Bitcoin Up or Down - March 31, 3:35AM-3:40AM ET",DOWN,Down,5.0,0.69,,LOSS,NO,-5.0,Up,0x0422ab246320e6757b3a9636bc7d17e7e88c2b4342d00308f3dd7c56c621301c,5495029846652310086421131416264557227102202103973737890381405685215974443440
2026-03-31T07:37:01.530571+00:00,2026-03-31T07:47:50.323442+00:00,momentum,"Solana Up or Down - March 31, 3:35AM-3:40AM ET",DOWN,Down,5.0,0.67,,LOSS,NO,-5.0,Up,0xab042632b4045fa9c0b1c342a2509d532b0b4ce28e7076c879305bde17bf143b,79847295918065016170539904161813935103420137781628486431573550865551100735134
2026-03-31T07:37:07.312230+00:00,2026-03-31T07:47:50.323972+00:00,momentum,"Solana Up or Down - March 31, 3:35AM-3:40AM ET",DOWN,Down,5.0,0.69,,LOSS,NO,-5.0,Up,0xab042632b4045fa9c0b1c342a2509d532b0b4ce28e7076c879305bde17bf143b,79847295918065016170539904161813935103420137781628486431573550865551100735134
2026-03-31T07:37:10.788350+00:00,2026-03-31T07:47:50.324049+00:00,momentum,"Bitcoin Up or Down - March 31, 3:35AM-3:40AM ET",DOWN,Down,5.0,0.7,,LOSS,NO,-5.0,Up,0x0422ab246320e6757b3a9636bc7d17e7e88c2b4342d00308f3dd7c56c621301c,5495029846652310086421131416264557227102202103973737890381405685215974443440
2026-03-31T07:39:07.866144+00:00,2026-03-31T07:47:50.484444+00:00,momentum,"Ethereum Up or Down - March 31, 3:30AM-3:45AM ET",UP,Up,5.0,0.77,,WIN,YES,1.4935064935064934,Up,0x38b462956b635478c4dfa3dc8cf1504197bfc3eb48d1d33bc4d1fdb254d2783b,63274638432880558951751735792361563883579804542112312829589723819951326186297
2026-03-31T07:39:12.367873+00:00,2026-03-31T07:47:50.484691+00:00,momentum,"XRP Up or Down - March 31, 3:30AM-3:45AM ET",UP,Up,5.0,0.94,,WIN,YES,0.31914893617021267,Up,0xf0244d11ea2b77f1e5ff94f881d00928565e3d5a4cfe3f9955dfc6e7f2c3ee0d,8045471446449544938774409034205858195773844128508143190232815809433092757032
2026-03-31T07:39:18.983215+00:00,2026-03-31T07:47:50.637513+00:00,momentum,"Solana Up or Down - March 31, 3:30AM-3:45AM ET",UP,Up,5.0,0.81,,WIN,YES,1.1728395061728394,Up,0x11bcefa6b694461b61cc84b9ba6a8213e2c66a79782f5766ddb07d58466db2e4,107052239928285598117523572165255615379118097242843647037697485083729301901722
2026-03-31T07:40:08.435349+00:00,2026-03-31T07:47:50.772451+00:00,momentum,"Bitcoin Up or Down - March 31, 3:30AM-3:45AM ET",UP,Up,5.0,0.69,,WIN,YES,2.246376811594203,Up,0x91dcc278a09fd1768ad88bfb3f2acb4f52f6604010357f675a030630c6292a75,95864000530666182732154605132525030062436501813396174671309476884893981203333
2026-03-31T07:42:03.766223+00:00,2026-03-31T07:47:55.677364+00:00,momentum,"Ethereum Up or Down - March 31, 3:40AM-3:45AM ET",UP,Up,5.0,0.78,,WIN,YES,1.4102564102564097,Up,0x3456be3db9728ac56b8b74c47bf3b08e359a7869e63bc6442d41a18c23f300c5,28753985647488109220983550284914930631795497971297007182995833600031441561813
2026-03-31T07:42:04.106268+00:00,2026-03-31T07:47:59.229487+00:00,momentum,"Bitcoin Up or Down - March 31, 3:40AM-3:45AM ET",UP,Up,5.0,0.73,,WIN,YES,1.8493150684931505,Up,0x33ec13e34bbe8a9172235667dabd760f90f5139505dddba2d32d7cbe36cb8f26,66711938771924928226798683198059094670622396847885812063974853833333086155597
2026-03-31T07:42:04.458340+00:00,2026-03-31T07:48:05.262555+00:00,momentum,"XRP Up or Down - March 31, 3:40AM-3:45AM ET",UP,Up,5.0,0.7,,WIN,YES,2.1428571428571432,Up,0x729522b94d27027c018a83aaf0dc78b82136837253d254c3411c273a25016001,74484741789298113855744224613684162749547205133860987146853889228339603001934
2026-03-31T07:42:09.001427+00:00,2026-03-31T07:48:05.455321+00:00,momentum,"Ethereum Up or Down - March 31, 3:40AM-3:45AM ET",UP,Up,5.0,0.83,,WIN,YES,1.024096385542169,Up,0x3456be3db9728ac56b8b74c47bf3b08e359a7869e63bc6442d41a18c23f300c5,28753985647488109220983550284914930631795497971297007182995833600031441561813
2026-03-31T07:42:09.341467+00:00,2026-03-31T07:48:05.577556+00:00,momentum,"Bitcoin Up or Down - March 31, 3:40AM-3:45AM ET",UP,Up,5.0,0.77,,WIN,YES,1.4935064935064934,Up,0x33ec13e34bbe8a9172235667dabd760f90f5139505dddba2d32d7cbe36cb8f26,66711938771924928226798683198059094670622396847885812063974853833333086155597
2026-03-31T07:43:38.792596+00:00,2026-03-31T07:48:05.723332+00:00,momentum,"XRP Up or Down - March 31, 3:40AM-3:45AM ET",UP,Up,5.0,0.79,,WIN,YES,1.3291139240506329,Up,0x729522b94d27027c018a83aaf0dc78b82136837253d254c3411c273a25016001,74484741789298113855744224613684162749547205133860987146853889228339603001934
2026-03-31T07:42:07.594878+00:00,2026-03-31T07:51:59.961687+00:00,momentum,"Solana Up or Down - March 31, 3:40AM-3:45AM ET",UP,Up,5.0,0.65,,LOSS,NO,-5.0,Down,0x2694cc67dd0f26efcf1cb8208948ecca472db563190f8c2711fba14850685245,54264932707563643939572893396976800976045913675809855985719743836494898096835
2026-03-31T07:48:07.396324+00:00,2026-03-31T07:52:05.260302+00:00,momentum,"Ethereum Up or Down - March 31, 3:45AM-3:50AM ET",UP,Up,5.0,0.97,,WIN,YES,0.1546391752577323,Up,0x3f38bb121762d7647a59a31b3154cfc3a66614cb0e60a986ee169ab768d4b065,105239050048872139824900333095595282201252834442659339478965983984691377309635
2026-03-31T07:48:15.133283+00:00,2026-03-31T07:52:05.856713+00:00,momentum,"Ethereum Up or Down - March 31, 3:45AM-3:50AM ET",UP,Up,5.0,0.98,,WIN,YES,0.1020408163265305,Up,0x3f38bb121762d7647a59a31b3154cfc3a66614cb0e60a986ee169ab768d4b065,105239050048872139824900333095595282201252834442659339478965983984691377309635
2026-03-31T07:48:08.158078+00:00,2026-03-31T07:52:59.146671+00:00,momentum,"Bitcoin Up or Down - March 31, 3:45AM-3:50AM ET",UP,Up,5.0,0.96,,WIN,YES,0.20833333333333393,Up,0x7113d8d5ab83d280aefc9200640d763a1658a539412ab795cbfec694fd81b70e,32834957610620667524138004066345237641576040736696918963532309588148272480001
2026-03-31T07:48:09.043063+00:00,2026-03-31T07:53:05.330196+00:00,momentum,"XRP Up or Down - March 31, 3:45AM-3:50AM ET",UP,Up,5.0,0.97,,WIN,YES,0.1546391752577323,Up,0x5148c7880c13596074b5218c2056056d7382d2e392931220926d9ada3940acba,83776278331745497122277789801178309361477139775312033344582491224482375550506
2026-03-31T07:48:18.660252+00:00,2026-03-31T07:53:05.451342+00:00,momentum,"Bitcoin Up or Down - March 31, 3:45AM-3:50AM ET",UP,Up,5.0,0.97,,WIN,YES,0.1546391752577323,Up,0x7113d8d5ab83d280aefc9200640d763a1658a539412ab795cbfec694fd81b70e,32834957610620667524138004066345237641576040736696918963532309588148272480001
2026-03-31T07:48:35.268298+00:00,2026-03-31T07:53:05.578288+00:00,momentum,"XRP Up or Down - March 31, 3:45AM-3:50AM ET",UP,Up,5.0,0.98,,WIN,YES,0.1020408163265305,Up,0x5148c7880c13596074b5218c2056056d7382d2e392931220926d9ada3940acba,83776278331745497122277789801178309361477139775312033344582491224482375550506
2026-03-31T07:48:08.667593+00:00,2026-03-31T07:54:03.236900+00:00,momentum,"Solana Up or Down - March 31, 3:45AM-3:50AM ET",UP,Up,5.0,0.96,,WIN,YES,0.20833333333333393,Up,0x30534b5508d3352b0fac354558effb0758a6d78ec3ab2374a42c9d5a0bfb5dc7,33844948050714223435824407195897274666940391695631284984434147306688286322083
2026-03-31T07:48:25.412888+00:00,2026-03-31T07:54:03.378465+00:00,momentum,"Solana Up or Down - March 31, 3:45AM-3:50AM ET",UP,Up,5.0,0.97,,WIN,YES,0.1546391752577323,Up,0x30534b5508d3352b0fac354558effb0758a6d78ec3ab2374a42c9d5a0bfb5dc7,33844948050714223435824407195897274666940391695631284984434147306688286322083
2026-03-31T07:52:08.207736+00:00,2026-03-31T07:55:00.300293+00:00,momentum,"XRP Up or Down - March 31, 3:50AM-3:55AM ET",DOWN,Down,5.0,0.94,,WIN,YES,0.31914893617021267,Down,0xbef1c73552d85c7a711de550120b26688dd1a9d72c036cc24500fceabaccd9d7,58236175390309742593454004003843657202715575600087228650863044214052699642989
2026-03-31T07:52:11.506965+00:00,2026-03-31T07:55:00.633643+00:00,momentum,"Ethereum Up or Down - March 31, 3:50AM-3:55AM ET",DOWN,Down,5.0,0.66,,LOSS,NO,-5.0,,0xe18058b5076725e655f2dd9cf142d5c306f09769e5f4ef64703d9dd727a1e3c1,103888046139255177746836823125374355093134041061454186284590399800226549186527
2026-03-31T07:52:20.772477+00:00,2026-03-31T07:55:00.634694+00:00,momentum,"XRP Up or Down - March 31, 3:50AM-3:55AM ET",DOWN,Down,5.0,0.95,,WIN,YES,0.2631578947368425,Down,0xbef1c73552d85c7a711de550120b26688dd1a9d72c036cc24500fceabaccd9d7,58236175390309742593454004003843657202715575600087228650863044214052699642989
2026-03-31T07:52:22.653411+00:00,2026-03-31T07:55:00.635029+00:00,momentum,"Ethereum Up or Down - March 31, 3:50AM-3:55AM ET",DOWN,Down,5.0,0.8,,LOSS,NO,-5.0,,0xe18058b5076725e655f2dd9cf142d5c306f09769e5f4ef64703d9dd727a1e3c1,103888046139255177746836823125374355093134041061454186284590399800226549186527
2026-03-31T07:53:17.329587+00:00,2026-03-31T07:55:01.025871+00:00,momentum,"Solana Up or Down - March 31, 3:50AM-3:55AM ET",UP,Up,5.0,0.66,,WIN,YES,2.5757575757575752,Up,0x909001371c7a2778e6de93c5bdca6ae70787b3326d2c8ba91e5847dc3a91c38f,53858675057081246581664080886258826447581671298547562221359635279315917387122
2026-03-31T07:53:43.672237+00:00,2026-03-31T07:55:01.026729+00:00,momentum,"Solana Up or Down - March 31, 3:50AM-3:55AM ET",UP,Up,5.0,0.68,,WIN,YES,2.352941176470588,Up,0x909001371c7a2778e6de93c5bdca6ae70787b3326d2c8ba91e5847dc3a91c38f,53858675057081246581664080886258826447581671298547562221359635279315917387122
2026-03-31T07:52:07.443259+00:00,2026-03-31T07:56:13.323366+00:00,momentum,"Bitcoin Up or Down - March 31, 3:50AM-3:55AM ET",DOWN,Down,5.0,0.87,,WIN,YES,0.7471264367816088,Down,0x91543d0852f8657869152a4234545a2498f894c4d68fbab6009e7541997ed001,63014653944353441841745483353085124930287573215769000347808972145960798812102
2026-03-31T07:52:22.313767+00:00,2026-03-31T07:56:13.605796+00:00,momentum,"Bitcoin Up or Down - March 31, 3:50AM-3:55AM ET",DOWN,Down,5.0,0.9,,WIN,YES,0.5555555555555554,Down,0x91543d0852f8657869152a4234545a2498f894c4d68fbab6009e7541997ed001,63014653944353441841745483353085124930287573215769000347808972145960798812102
2026-03-31T07:51:53.678185+00:00,2026-03-31T08:00:14.621621+00:00,momentum,"Ethereum Up or Down - March 31, 3:45AM-4:00AM ET",UP,Up,5.0,0.8,,WIN,YES,1.25,Up,0xc1844723c3762c7d22d1ca4a82395bb9b2007ddb7a891bb49a8a2709169ca61a,95341843179313502275182291822867409750021004826019844859605510280937444317615
2026-03-31T07:51:54.316309+00:00,2026-03-31T08:00:15.063469+00:00,momentum,"Solana Up or Down - March 31, 3:45AM-4:00AM ET",UP,Up,5.0,0.76,,WIN,YES,1.5789473684210522,Up,0xcb6ccc39069670ba26e77e40d6b10bed80b603c1afdfc1eb1cf75ff7418af41a,85167182840813323415003220052072438938890664939421071782307193226200063840832
2026-03-31T07:52:08.617477+00:00,2026-03-31T08:00:15.624223+00:00,momentum,"XRP Up or Down - March 31, 3:45AM-4:00AM ET",DOWN,Down,5.0,0.72,,WIN,YES,1.9444444444444446,Down,0x36cac31a9a9d4fc2cc7696534832acf117eb415e32ee4bba16ecfe284fb5fd48,111582730581232716374192825564427204842360775554698257784960991341324734443212
2026-03-31T07:54:23.475290+00:00,2026-03-31T08:00:16.089592+00:00,momentum,"Bitcoin Up or Down - March 31, 3:45AM-4:00AM ET",UP,Up,5.0,0.74,,WIN,YES,1.756756756756757,Up,0x2938cd3241cec3ea51ed2d22b08d051ca1c138590acc6655f964b9f6b2aee813,70386336306053591064901572670098149083024741986290800457524940079061783285886
2026-03-31T07:55:56.307225+00:00,2026-03-31T08:00:16.089778+00:00,momentum,"Ethereum Up or Down - March 31, 3:45AM-4:00AM ET",UP,Up,5.0,0.92,,WIN,YES,0.43478260869565233,Up,0xc1844723c3762c7d22d1ca4a82395bb9b2007ddb7a891bb49a8a2709169ca61a,95341843179313502275182291822867409750021004826019844859605510280937444317615
2026-03-31T07:56:03.687804+00:00,2026-03-31T08:00:16.089884+00:00,momentum,"Solana Up or Down - March 31, 3:45AM-4:00AM ET",UP,Up,5.0,0.96,,WIN,YES,0.20833333333333393,Up,0xcb6ccc39069670ba26e77e40d6b10bed80b603c1afdfc1eb1cf75ff7418af41a,85167182840813323415003220052072438938890664939421071782307193226200063840832
2026-03-31T07:56:15.030190+00:00,2026-03-31T08:00:16.089995+00:00,momentum,"XRP Up or Down - March 31, 3:45AM-4:00AM ET",DOWN,Down,5.0,0.92,,WIN,YES,0.43478260869565233,Down,0x36cac31a9a9d4fc2cc7696534832acf117eb415e32ee4bba16ecfe284fb5fd48,111582730581232716374192825564427204842360775554698257784960991341324734443212
2026-03-31T07:57:00.288459+00:00,2026-03-31T08:00:16.501133+00:00,momentum,"Bitcoin Up or Down - March 31, 3:55AM-4:00AM ET",DOWN,Down,5.0,0.71,,WIN,YES,2.042253521126761,Down,0xc56bb37fe18a79edabe7dd4ce8bb1b749e2d74d59c1f814fe7210350d91f7a1b,106230938575915798649440491746060044976970182891728207351184801836481736839096
2026-03-31T07:57:00.787991+00:00,2026-03-31T08:00:16.924375+00:00,momentum,"Ethereum Up or Down - March 31, 3:55AM-4:00AM ET",DOWN,Down,5.0,0.72,,WIN,YES,1.9444444444444446,Down,0x1c80cc79113d9ba93921183e36df2195ec6bd8c1a5f44c210fe632cca64969d9,48262939300306295840581385143174426803374600909493921181830368658943223632551
2026-03-31T07:57:31.516034+00:00,2026-03-31T08:00:16.924580+00:00,momentum,"Ethereum Up or Down - March 31, 3:55AM-4:00AM ET",DOWN,Down,5.0,0.74,,WIN,YES,1.756756756756757,Down,0x1c80cc79113d9ba93921183e36df2195ec6bd8c1a5f44c210fe632cca64969d9,48262939300306295840581385143174426803374600909493921181830368658943223632551
2026-03-31T07:57:35.097888+00:00,2026-03-31T08:00:16.924697+00:00,momentum,"Bitcoin Up or Down - March 31, 3:55AM-4:00AM ET",DOWN,Down,5.0,0.78,,WIN,YES,1.4102564102564097,Down,0xc56bb37fe18a79edabe7dd4ce8bb1b749e2d74d59c1f814fe7210350d91f7a1b,106230938575915798649440491746060044976970182891728207351184801836481736839096
2026-03-31T07:57:43.243611+00:00,2026-03-31T08:00:17.443151+00:00,momentum,"Solana Up or Down - March 31, 3:55AM-4:00AM ET",DOWN,Down,5.0,0.67,,WIN,YES,2.4626865671641784,Down,0x4069356b364bcd1a4d61ecb90e3161de0c522ee7c289d6bc4345094fba5d8d35,20170421758987624219306749362328218795773996583341131083591145589508460263386
2026-03-31T07:57:48.798867+00:00,2026-03-31T08:00:17.443306+00:00,momentum,"Solana Up or Down - March 31, 3:55AM-4:00AM ET",DOWN,Down,5.0,0.68,,WIN,YES,2.352941176470588,Down,0x4069356b364bcd1a4d61ecb90e3161de0c522ee7c289d6bc4345094fba5d8d35,20170421758987624219306749362328218795773996583341131083591145589508460263386
2026-03-31T07:58:24.180723+00:00,2026-03-31T08:00:17.587064+00:00,momentum,"Bitcoin Up or Down - March 31, 3:45AM-4:00AM ET",UP,Up,5.0,0.83,,WIN,YES,1.024096385542169,Up,0x2938cd3241cec3ea51ed2d22b08d051ca1c138590acc6655f964b9f6b2aee813,70386336306053591064901572670098149083024741986290800457524940079061783285886
2026-03-31T07:58:00.594737+00:00,2026-03-31T08:05:30.288698+00:00,momentum,"XRP Up or Down - March 31, 3:55AM-4:00AM ET",DOWN,Down,5.0,0.75,,LOSS,NO,-5.0,Up,0xb420fb0eb611687f058e692e3dc4064194629c5c5b781c432a9b1938340bd451,48278476999799709197961433950211648147675528385756156877106650137043363713441
2026-03-31T07:58:04.153800+00:00,2026-03-31T08:05:30.289194+00:00,momentum,"XRP Up or Down - March 31, 3:55AM-4:00AM ET",DOWN,Down,5.0,0.76,,LOSS,NO,-5.0,Up,0xb420fb0eb611687f058e692e3dc4064194629c5c5b781c432a9b1938340bd451,48278476999799709197961433950211648147675528385756156877106650137043363713441
2026-03-31T08:02:00.681299+00:00,2026-03-31T08:05:30.772138+00:00,momentum,"Bitcoin Up or Down - March 31, 4:00AM-4:05AM ET",DOWN,Down,5.0,0.89,,LOSS,NO,-5.0,,0xf472355a6e275ff95ba6bea6b6ae739ba522850ca61e38978773b718d1f24c90,49259385275486594038273450908473436434183699922599248633118077727936290475937
2026-03-31T08:02:15.031768+00:00,2026-03-31T08:05:31.217601+00:00,momentum,"Bitcoin Up or Down - March 31, 4:00AM-4:05AM ET",DOWN,Down,5.0,0.92,,LOSS,NO,-5.0,,0xf472355a6e275ff95ba6bea6b6ae739ba522850ca61e38978773b718d1f24c90,49259385275486594038273450908473436434183699922599248633118077727936290475937
2026-03-31T08:02:03.517792+00:00,2026-03-31T08:09:34.938942+00:00,momentum,"XRP Up or Down - March 31, 4:00AM-4:05AM ET",DOWN,Down,5.0,0.93,,LOSS,NO,-5.0,Up,0xe41d5fd95c2c2f23e402381f68cbc955b52d73b1319a848b9ffe3d35560ff86c,66383074386527536738182128066170027796729194751196647120899599739311183909295
2026-03-31T08:02:05.090059+00:00,2026-03-31T08:09:35.002758+00:00,momentum,"Ethereum Up or Down - March 31, 4:00AM-4:05AM ET",DOWN,Down,5.0,0.93,,LOSS,NO,-5.0,Up,0x3172be209b6d28fe2ac75bd530b9fa821f554d0aec1962b14fc09e5d4f9484f9,96982048083018892562729629477327211427926969804203864622316985227322861631235
2026-03-31T08:02:15.427342+00:00,2026-03-31T08:09:35.003324+00:00,momentum,"XRP Up or Down - March 31, 4:00AM-4:05AM ET",DOWN,Down,5.0,0.94,,LOSS,NO,-5.0,Up,0xe41d5fd95c2c2f23e402381f68cbc955b52d73b1319a848b9ffe3d35560ff86c,66383074386527536738182128066170027796729194751196647120899599739311183909295
2026-03-31T08:07:13.230613+00:00,2026-03-31T08:10:35.223199+00:00,momentum,"Ethereum Up or Down - March 31, 4:05AM-4:10AM ET",DOWN,Down,5.0,0.65,,LOSS,NO,-5.0,,0x4fe6f3c986596d2469bcd871eb43aa06b6a1a79f2279f6de57715c57e6f896cc,88827857562734584282109622111596120486066007074472792645233386555452711381793
2026-03-31T08:07:20.233115+00:00,2026-03-31T08:10:35.223396+00:00,momentum,"Ethereum Up or Down - March 31, 4:05AM-4:10AM ET",DOWN,Down,5.0,0.67,,LOSS,NO,-5.0,,0x4fe6f3c986596d2469bcd871eb43aa06b6a1a79f2279f6de57715c57e6f896cc,88827857562734584282109622111596120486066007074472792645233386555452711381793
2026-03-31T08:02:01.505481+00:00,2026-03-31T08:12:34.615644+00:00,momentum,"Solana Up or Down - March 31, 4:00AM-4:05AM ET",DOWN,Down,5.0,0.95,,LOSS,NO,-5.0,Up,0x8c9c9eb41f5e40f8c2a055cf7c93e5b73662a445fcd50addf772831646631926,17995270313798112443114431481498684366703451546902049869657751864674493311763
2026-03-31T08:05:03.909308+00:00,2026-03-31T08:15:39.234916+00:00,momentum,"XRP Up or Down - March 31, 4:00AM-4:15AM ET",UP,Up,5.0,0.67,,WIN,YES,2.4626865671641784,Up,0x300d87da2ec979474ec1d0ee18cfcb243cd3017e59b72e3f1ffc6b003012454d,45922281266807661309719262129377573541184819744391461700130174660719039493217
2026-03-31T08:07:00.335245+00:00,2026-03-31T08:15:39.582734+00:00,momentum,"Bitcoin Up or Down - March 31, 4:05AM-4:10AM ET",DOWN,Down,5.0,0.65,,LOSS,NO,-5.0,Up,0xf7b014ec8fa02f4684cffbb5d8eafebf7d230b2a4ba0bad1e197e221e4336c03,26489248277095257488411108189120382001628138625105510459590788677997684228636
2026-03-31T08:07:08.905005+00:00,2026-03-31T08:15:39.583529+00:00,momentum,"Bitcoin Up or Down - March 31, 4:05AM-4:10AM ET",DOWN,Down,5.0,0.7,,LOSS,NO,-5.0,Up,0xf7b014ec8fa02f4684cffbb5d8eafebf7d230b2a4ba0bad1e197e221e4336c03,26489248277095257488411108189120382001628138625105510459590788677997684228636
2026-03-31T08:07:38.867381+00:00,2026-03-31T08:15:39.624954+00:00,momentum,"Solana Up or Down - March 31, 4:05AM-4:10AM ET",DOWN,Down,5.0,0.68,,LOSS,NO,-5.0,Up,0xed9f8f9c8365f3b62aace73a998b641b27036d0b4d8caf4294ef2fd004859ed6,48379351355962573354590614862881462314376401112442970337971825205951077876598
2026-03-31T08:07:42.463677+00:00,2026-03-31T08:15:39.625478+00:00,momentum,"Solana Up or Down - March 31, 4:05AM-4:10AM ET",DOWN,Down,5.0,0.73,,LOSS,NO,-5.0,Up,0xed9f8f9c8365f3b62aace73a998b641b27036d0b4d8caf4294ef2fd004859ed6,48379351355962573354590614862881462314376401112442970337971825205951077876598
2026-03-31T08:07:55.675510+00:00,2026-03-31T08:15:39.668972+00:00,momentum,"XRP Up or Down - March 31, 4:05AM-4:10AM ET",DOWN,Down,5.0,0.66,,LOSS,NO,-5.0,Up,0xa2c569df0c449e50851dbb66d5c02182151670f1d098d3fb343ad0d5f991b880,112176350614252737150890359918765027155942771703922859131766803962311251265692
2026-03-31T08:07:59.288827+00:00,2026-03-31T08:15:39.669458+00:00,momentum,"XRP Up or Down - March 31, 4:05AM-4:10AM ET",DOWN,Down,5.0,0.67,,LOSS,NO,-5.0,Up,0xa2c569df0c449e50851dbb66d5c02182151670f1d098d3fb343ad0d5f991b880,112176350614252737150890359918765027155942771703922859131766803962311251265692
2026-03-31T08:09:08.627532+00:00,2026-03-31T08:15:39.837083+00:00,momentum,"XRP Up or Down - March 31, 4:00AM-4:15AM ET",UP,Up,5.0,0.8,,WIN,YES,1.25,Up,0x300d87da2ec979474ec1d0ee18cfcb243cd3017e59b72e3f1ffc6b003012454d,45922281266807661309719262129377573541184819744391461700130174660719039493217
2026-03-31T08:12:00.576170+00:00,2026-03-31T08:15:45.356263+00:00,momentum,"Bitcoin Up or Down - March 31, 4:10AM-4:15AM ET",DOWN,Down,5.0,0.95,,WIN,YES,0.2631578947368425,Down,0x534c4135cd9a24c1e7448e7c303af5d4f145613365e964ba07d2fe08ae72920d,36364274834183922585399664395418322887408234813732254722780277546759003836534
2026-03-31T08:12:01.350283+00:00,2026-03-31T08:15:51.487889+00:00,momentum,"Solana Up or Down - March 31, 4:10AM-4:15AM ET",DOWN,Down,5.0,0.94,,WIN,YES,0.31914893617021267,Down,0x4e28c54f64acd2beba4afe2a979607ac5469a4861c94943f9e357f5363a9f43e,15248029206088374039842340593770709222989634316545860229947880982629887547476
2026-03-31T08:12:01.756434+00:00,2026-03-31T08:15:55.359706+00:00,momentum,"XRP Up or Down - March 31, 4:10AM-4:15AM ET",DOWN,Down,5.0,0.92,,WIN,YES,0.43478260869565233,Down,0x1c7422ce16e2841c680ea185663bc4ec75ac970c94353c8e1aebcdcc027ed1a2,11710645431699403987605425442431547644124815194119178039058462025455157048578
2026-03-31T08:12:03.420625+00:00,2026-03-31T08:16:01.393500+00:00,momentum,"Ethereum Up or Down - March 31, 4:10AM-4:15AM ET",DOWN,Down,5.0,0.95,,WIN,YES,0.2631578947368425,Down,0x1a98edd263be6463c231cf1b2966df8dd59365e543228f590023b481a9b0b75b,30191696271964796938426811448433804006006495814362692096824955990489575438667
2026-03-31T08:12:03.815747+00:00,2026-03-31T08:16:01.523024+00:00,momentum,"XRP Up or Down - March 31, 4:10AM-4:15AM ET",DOWN,Down,5.0,0.93,,WIN,YES,0.37634408602150504,Down,0x1c7422ce16e2841c680ea185663bc4ec75ac970c94353c8e1aebcdcc027ed1a2,11710645431699403987605425442431547644124815194119178039058462025455157048578
2026-03-31T08:12:06.373508+00:00,2026-03-31T08:16:01.657309+00:00,momentum,"Ethereum Up or Down - March 31, 4:10AM-4:15AM ET",DOWN,Down,5.0,0.96,,WIN,YES,0.20833333333333393,Down,0x1a98edd263be6463c231cf1b2966df8dd59365e543228f590023b481a9b0b75b,30191696271964796938426811448433804006006495814362692096824955990489575438667
2026-03-31T08:12:10.241760+00:00,2026-03-31T08:16:01.811968+00:00,momentum,"Bitcoin Up or Down - March 31, 4:10AM-4:15AM ET",DOWN,Down,5.0,0.96,,WIN,YES,0.20833333333333393,Down,0x534c4135cd9a24c1e7448e7c303af5d4f145613365e964ba07d2fe08ae72920d,36364274834183922585399664395418322887408234813732254722780277546759003836534
2026-03-31T08:12:37.353260+00:00,2026-03-31T08:16:01.930145+00:00,momentum,"Solana Up or Down - March 31, 4:10AM-4:15AM ET",DOWN,Down,5.0,0.95,,WIN,YES,0.2631578947368425,Down,0x4e28c54f64acd2beba4afe2a979607ac5469a4861c94943f9e357f5363a9f43e,15248029206088374039842340593770709222989634316545860229947880982629887547476
2026-03-31T08:05:52.947502+00:00,2026-03-31T08:20:38.205171+00:00,momentum,"Solana Up or Down - March 31, 4:00AM-4:15AM ET",UP,Up,5.0,0.67,,LOSS,NO,-5.0,Down,0x3f4745f7e4003760f899d790af637ab48b1ce61a2d0e494ca860185754a91abe,85347807725729777343135585587551778196831978492051258698111739012569994453683
2026-03-31T08:09:55.416658+00:00,2026-03-31T08:20:38.206016+00:00,momentum,"Solana Up or Down - March 31, 4:00AM-4:15AM ET",UP,Up,5.0,0.86,,LOSS,NO,-5.0,Down,0x3f4745f7e4003760f899d790af637ab48b1ce61a2d0e494ca860185754a91abe,85347807725729777343135585587551778196831978492051258698111739012569994453683
2026-03-31T08:17:00.984953+00:00,2026-03-31T08:20:43.330323+00:00,momentum,"Ethereum Up or Down - March 31, 4:15AM-4:20AM ET",UP,Up,5.0,0.75,,WIN,YES,1.666666666666667,Up,0xccc57bb2eae27ca7300a2b0b90f6dd69c4537619bb6de6f55052bc926c69515a,77921953583754075642491212383763695890505810029567828635455048254750891065922
2026-03-31T08:17:02.488539+00:00,2026-03-31T08:20:43.451212+00:00,momentum,"Ethereum Up or Down - March 31, 4:15AM-4:20AM ET",UP,Up,5.0,0.77,,WIN,YES,1.4935064935064934,Up,0xccc57bb2eae27ca7300a2b0b90f6dd69c4537619bb6de6f55052bc926c69515a,77921953583754075642491212383763695890505810029567828635455048254750891065922
2026-03-31T08:17:02.845383+00:00,2026-03-31T08:20:47.281102+00:00,momentum,"Solana Up or Down - March 31, 4:15AM-4:20AM ET",UP,Up,5.0,0.75,,WIN,YES,1.666666666666667,Up,0xba93977b03240e3973fc23ff3e0cc34cc9f8f3cbdc0ecd75b17fb8406bf57f4f,16203371636117221663000486832553303148853474285269667114125031942052460748464
2026-03-31T08:17:03.371075+00:00,2026-03-31T08:20:53.298391+00:00,momentum,"XRP Up or Down - March 31, 4:15AM-4:20AM ET",UP,Up,5.0,0.72,,WIN,YES,1.9444444444444446,Up,0xb9e23b32b3a5db059fabf6ed7ee2923639f5a72aaedb55dc3524ae30b2dc3563,22301786915901847209204224030096198897372381165260389977262441131392269165010
2026-03-31T08:17:28.711625+00:00,2026-03-31T08:20:53.437538+00:00,momentum,"Solana Up or Down - March 31, 4:15AM-4:20AM ET",UP,Up,5.0,0.76,,WIN,YES,1.5789473684210522,Up,0xba93977b03240e3973fc23ff3e0cc34cc9f8f3cbdc0ecd75b17fb8406bf57f4f,16203371636117221663000486832553303148853474285269667114125031942052460748464
2026-03-31T08:17:31.343195+00:00,2026-03-31T08:20:53.582626+00:00,momentum,"XRP Up or Down - March 31, 4:15AM-4:20AM ET",UP,Up,5.0,0.76,,WIN,YES,1.5789473684210522,Up,0xb9e23b32b3a5db059fabf6ed7ee2923639f5a72aaedb55dc3524ae30b2dc3563,22301786915901847209204224030096198897372381165260389977262441131392269165010
2026-03-31T08:17:41.134026+00:00,2026-03-31T08:20:57.306185+00:00,momentum,"Bitcoin Up or Down - March 31, 4:15AM-4:20AM ET",UP,Up,5.0,0.67,,WIN,YES,2.4626865671641784,Up,0x5579f71dfb6f94dba81dec211ac8d7a4b64faf942a69c965e3c10cfd4088b8db,28624203511727807448091546208748806208733134663481525952355578563338532900095
2026-03-31T08:17:42.738751+00:00,2026-03-31T08:20:57.527910+00:00,momentum,"Bitcoin Up or Down - March 31, 4:15AM-4:20AM ET",UP,Up,5.0,0.7,,WIN,YES,2.1428571428571432,Up,0x5579f71dfb6f94dba81dec211ac8d7a4b64faf942a69c965e3c10cfd4088b8db,28624203511727807448091546208748806208733134663481525952355578563338532900095
2026-03-31T08:05:00.295111+00:00,2026-03-31T08:21:38.980583+00:00,momentum,"Bitcoin Up or Down - March 31, 4:00AM-4:15AM ET",UP,Up,5.0,0.76,,LOSS,NO,-5.0,Down,0xed96f475fab6be0c7a3c194aae237061ccb2569c11d9735dc53eda34c7b28a3e,99498883392931836359613811545481861144363588513865095031209931997777979220446
2026-03-31T08:05:32.738801+00:00,2026-03-31T08:21:39.083060+00:00,momentum,"Ethereum Up or Down - March 31, 4:00AM-4:15AM ET",UP,Up,5.0,0.7,,LOSS,NO,-5.0,Down,0x43042402982cdbbdd8d4b3605988fca9e933832c7a6b8345d08bcb206b0fe6fc,105284624388897276449460598905690341034356636882603220885626963844269977578653
2026-03-31T08:09:03.911725+00:00,2026-03-31T08:21:39.083341+00:00,momentum,"Bitcoin Up or Down - March 31, 4:00AM-4:15AM ET",UP,Up,5.0,0.87,,LOSS,NO,-5.0,Down,0xed96f475fab6be0c7a3c194aae237061ccb2569c11d9735dc53eda34c7b28a3e,99498883392931836359613811545481861144363588513865095031209931997777979220446
2026-03-31T08:09:37.678011+00:00,2026-03-31T08:21:39.083428+00:00,momentum,"Ethereum Up or Down - March 31, 4:00AM-4:15AM ET",UP,Up,5.0,0.87,,LOSS,NO,-5.0,Down,0x43042402982cdbbdd8d4b3605988fca9e933832c7a6b8345d08bcb206b0fe6fc,105284624388897276449460598905690341034356636882603220885626963844269977578653
2026-03-31T08:22:00.239277+00:00,2026-03-31T08:25:42.394093+00:00,momentum,"Bitcoin Up or Down - March 31, 4:20AM-4:25AM ET",UP,Up,5.0,0.81,,LOSS,NO,-5.0,,0x76105772a8ea5799fa19a2911e9815b505a27a4aa415eab8549367b688c1dbcc,47174363176708672455510311888072082135608700677401658663140797407011793304482
2026-03-31T08:22:01.463674+00:00,2026-03-31T08:25:47.273254+00:00,momentum,"Ethereum Up or Down - March 31, 4:20AM-4:25AM ET",UP,Up,5.0,0.9,,WIN,YES,0.5555555555555554,Up,0x3ada6d7e692727240a894d760e6312cba494ffda830d88d7d4bfa0605981c4c2,27872584007091281464935414209057591526205929908766227465670516462403831591722
2026-03-31T08:22:02.125117+00:00,2026-03-31T08:25:51.240777+00:00,momentum,"Solana Up or Down - March 31, 4:20AM-4:25AM ET",UP,Up,5.0,0.92,,WIN,YES,0.43478260869565233,Up,0x82fd018b57e2861511d0071b80365619410966fa120ad409749192a6baab26a0,69722338198232398363205319665569404271278365086301150728570213918182209848744
2026-03-31T08:22:02.709297+00:00,2026-03-31T08:25:57.281243+00:00,momentum,"XRP Up or Down - March 31, 4:20AM-4:25AM ET",UP,Up,5.0,0.85,,WIN,YES,0.882352941176471,Up,0xb3bd0e19de7959baaca48d5426168e23c09172aeefd5ca0c09e9be426e138d1f,1083483611992762841727475793024971667369732568355922322074657785519882821732
2026-03-31T08:22:04.976462+00:00,2026-03-31T08:25:57.411059+00:00,momentum,"XRP Up or Down - March 31, 4:20AM-4:25AM ET",UP,Up,5.0,0.86,,WIN,YES,0.8139534883720927,Up,0xb3bd0e19de7959baaca48d5426168e23c09172aeefd5ca0c09e9be426e138d1f,1083483611992762841727475793024971667369732568355922322074657785519882821732
2026-03-31T08:22:12.706406+00:00,2026-03-31T08:25:57.553105+00:00,momentum,"Solana Up or Down - March 31, 4:20AM-4:25AM ET",UP,Up,5.0,0.94,,WIN,YES,0.31914893617021267,Up,0x82fd018b57e2861511d0071b80365619410966fa120ad409749192a6baab26a0,69722338198232398363205319665569404271278365086301150728570213918182209848744
2026-03-31T08:22:16.221631+00:00,2026-03-31T08:25:57.553252+00:00,momentum,"Bitcoin Up or Down - March 31, 4:20AM-4:25AM ET",UP,Up,5.0,0.82,,LOSS,NO,-5.0,,0x76105772a8ea5799fa19a2911e9815b505a27a4aa415eab8549367b688c1dbcc,47174363176708672455510311888072082135608700677401658663140797407011793304482
2026-03-31T08:22:26.050354+00:00,2026-03-31T08:25:57.678352+00:00,momentum,"Ethereum Up or Down - March 31, 4:20AM-4:25AM ET",UP,Up,5.0,0.93,,WIN,YES,0.37634408602150504,Up,0x3ada6d7e692727240a894d760e6312cba494ffda830d88d7d4bfa0605981c4c2,27872584007091281464935414209057591526205929908766227465670516462403831591722
2026-03-31T08:20:00.963386+00:00,2026-03-31T08:30:47.424131+00:00,momentum,"Solana Up or Down - March 31, 4:15AM-4:30AM ET",UP,Up,5.0,0.75,,WIN,YES,1.666666666666667,Up,0xd8d31fe2182d225f12ef51ac613507f1f26bf6e19abf0dd7ccee40b6c6d3a401,55899463169833249150052817192568890823428850622190585055491071199672320228108
2026-03-31T08:20:04.187576+00:00,2026-03-31T08:30:47.818281+00:00,momentum,"Ethereum Up or Down - March 31, 4:15AM-4:30AM ET",UP,Up,5.0,0.75,,WIN,YES,1.666666666666667,Up,0x7cdf93ad346cf66b392cdbc2e51368e0f71657359c6d61c3c563913f032c084a,394250661383531784576603277465469811335158404936797981203703364645123435282
2026-03-31T08:20:07.795051+00:00,2026-03-31T08:32:49.699688+00:00,momentum,"XRP Up or Down - March 31, 4:15AM-4:30AM ET",UP,Up,5.0,0.68,,WIN,YES,2.352941176470588,Up,0xd045d9a6391138770afe1ab539b1eab91e1a5e3c52d1a2183b5204792c10e7d4,107127857892956959517834683929530314640561915804223713438046594907934465231621
2026-03-31T08:20:10.994666+00:00,2026-03-31T08:32:53.751306+00:00,momentum,"Bitcoin Up or Down - March 31, 4:15AM-4:30AM ET",UP,Up,5.0,0.67,,WIN,YES,2.4626865671641784,Up,0xc6b0fa111799dd8938ade60bad17d46b51c4b457732dfbc3fa99a60d7ddbb306,107618357648631998971225648698953311142038710906723779327410807853243362095870
2026-03-31T08:24:02.002492+00:00,2026-03-31T08:32:53.900302+00:00,momentum,"Solana Up or Down - March 31, 4:15AM-4:30AM ET",UP,Up,5.0,0.98,,WIN,YES,0.1020408163265305,Up,0xd8d31fe2182d225f12ef51ac613507f1f26bf6e19abf0dd7ccee40b6c6d3a401,55899463169833249150052817192568890823428850622190585055491071199672320228108
2026-03-31T08:24:05.049174+00:00,2026-03-31T08:32:53.901088+00:00,momentum,"Ethereum Up or Down - March 31, 4:15AM-4:30AM ET",UP,Up,5.0,0.88,,WIN,YES,0.6818181818181817,Up,0x7cdf93ad346cf66b392cdbc2e51368e0f71657359c6d61c3c563913f032c084a,394250661383531784576603277465469811335158404936797981203703364645123435282
2026-03-31T08:24:08.784639+00:00,2026-03-31T08:32:53.901287+00:00,momentum,"XRP Up or Down - March 31, 4:15AM-4:30AM ET",UP,Up,5.0,0.95,,WIN,YES,0.2631578947368425,Up,0xd045d9a6391138770afe1ab539b1eab91e1a5e3c52d1a2183b5204792c10e7d4,107127857892956959517834683929530314640561915804223713438046594907934465231621
2026-03-31T08:24:12.152614+00:00,2026-03-31T08:32:53.901591+00:00,momentum,"Bitcoin Up or Down - March 31, 4:15AM-4:30AM ET",UP,Up,5.0,0.74,,WIN,YES,1.756756756756757,Up,0xc6b0fa111799dd8938ade60bad17d46b51c4b457732dfbc3fa99a60d7ddbb306,107618357648631998971225648698953311142038710906723779327410807853243362095870
2026-03-31T08:27:00.468824+00:00,2026-03-31T08:34:55.750645+00:00,momentum,"Bitcoin Up or Down - March 31, 4:25AM-4:30AM ET",DOWN,Down,5.0,0.78,,WIN,YES,1.4102564102564097,Down,0x48f4721c1547191212206437f1e45c53cb810c8fca7dab563032f16f804b4a61,54189999560785691693242510834320726252789014437465755941697280299548601238161
2026-03-31T08:27:00.895915+00:00,2026-03-31T08:34:59.592394+00:00,momentum,"Ethereum Up or Down - March 31, 4:25AM-4:30AM ET",DOWN,Down,5.0,0.68,,WIN,YES,2.352941176470588,Down,0x7231fe0ac590386fe92a03d123f7acf6b670062f7bb8ded3907b231642a4abcb,65904763214307611976313335061925685977488707456655614125748912269522235493151
2026-03-31T08:27:03.233969+00:00,2026-03-31T08:35:05.327881+00:00,momentum,"Solana Up or Down - March 31, 4:25AM-4:30AM ET",DOWN,Down,5.0,0.74,,WIN,YES,1.756756756756757,Down,0x193dea058c247401c2dca42cf076750f13b15a6c91d69c4505a7287926127287,27151546762480088891145108662957950435744499645988813183844423406451279354496
2026-03-31T08:27:06.480365+00:00,2026-03-31T08:35:05.328127+00:00,momentum,"Bitcoin Up or Down - March 31, 4:25AM-4:30AM ET",DOWN,Down,5.0,0.8,,WIN,YES,1.25,Down,0x48f4721c1547191212206437f1e45c53cb810c8fca7dab563032f16f804b4a61,54189999560785691693242510834320726252789014437465755941697280299548601238161
2026-03-31T08:27:09.812385+00:00,2026-03-31T08:35:05.328233+00:00,momentum,"Ethereum Up or Down - March 31, 4:25AM-4:30AM ET",DOWN,Down,5.0,0.72,,WIN,YES,1.9444444444444446,Down,0x7231fe0ac590386fe92a03d123f7acf6b670062f7bb8ded3907b231642a4abcb,65904763214307611976313335061925685977488707456655614125748912269522235493151
2026-03-31T08:27:10.205772+00:00,2026-03-31T08:35:05.468085+00:00,momentum,"Solana Up or Down - March 31, 4:25AM-4:30AM ET",DOWN,Down,5.0,0.76,,WIN,YES,1.5789473684210522,Down,0x193dea058c247401c2dca42cf076750f13b15a6c91d69c4505a7287926127287,27151546762480088891145108662957950435744499645988813183844423406451279354496
2026-03-31T08:27:10.582987+00:00,2026-03-31T08:35:09.386417+00:00,momentum,"XRP Up or Down - March 31, 4:25AM-4:30AM ET",DOWN,Down,5.0,0.71,,WIN,YES,2.042253521126761,Down,0x93b26e304042c90b1857d0b26a1220a4cd663d135047bffc2d20045a80ba9a99,20605714996117382428111460933543113382168079079494760093752241506900745964159
2026-03-31T08:27:54.315487+00:00,2026-03-31T08:35:09.510727+00:00,momentum,"XRP Up or Down - March 31, 4:25AM-4:30AM ET",DOWN,Down,5.0,0.94,,WIN,YES,0.31914893617021267,Down,0x93b26e304042c90b1857d0b26a1220a4cd663d135047bffc2d20045a80ba9a99,20605714996117382428111460933543113382168079079494760093752241506900745964159
2026-03-31T08:37:00.873171+00:00,2026-03-31T08:40:19.464982+00:00,momentum,"Ethereum Up or Down - March 31, 4:35AM-4:40AM ET",UP,Up,5.0,0.77,,LOSS,NO,-5.0,,0xbba11e0090cb6645bc96cbd73e3b88f207b170cdd5e70c8782c28a64777e3239,79728589952002436605654997179631696055604977031920139850789160276141803928473
2026-03-31T08:37:01.343097+00:00,2026-03-31T08:40:19.610796+00:00,momentum,"Solana Up or Down - March 31, 4:35AM-4:40AM ET",UP,Up,5.0,0.88,,LOSS,NO,-5.0,,0x8285f8ed042551b6bb1d116700ec91ec275bf66143fd59964023ace84c910b72,27821607316803806153464492158952615497852822625812794639862114087831167776547
2026-03-31T08:37:01.782662+00:00,2026-03-31T08:40:19.753517+00:00,momentum,"XRP Up or Down - March 31, 4:35AM-4:40AM ET",UP,Up,5.0,0.81,,LOSS,NO,-5.0,,0x0a7a79f8900e1a6b07b7de9e047b6aecc235537ee50232fa32873a613a0ec77d,9874311845991521030922096049371840925339217210475831965482325980540399602283
2026-03-31T08:37:06.320685+00:00,2026-03-31T08:40:20.172501+00:00,momentum,"Bitcoin Up or Down - March 31, 4:35AM-4:40AM ET",UP,Up,5.0,0.74,,WIN,YES,1.756756756756757,Up,0x1b9c158e792864bd32f348a9a4c396d793b86db21425e4fa74a91f6918db55d5,32572158591390327374393443004325059193481905243301958846777499371124972557834
2026-03-31T08:37:06.730036+00:00,2026-03-31T08:40:20.172605+00:00,momentum,"Ethereum Up or Down - March 31, 4:35AM-4:40AM ET",UP,Up,5.0,0.78,,LOSS,NO,-5.0,,0xbba11e0090cb6645bc96cbd73e3b88f207b170cdd5e70c8782c28a64777e3239,79728589952002436605654997179631696055604977031920139850789160276141803928473
2026-03-31T08:37:07.108001+00:00,2026-03-31T08:40:20.172659+00:00,momentum,"XRP Up or Down - March 31, 4:35AM-4:40AM ET",UP,Up,5.0,0.83,,LOSS,NO,-5.0,,0x0a7a79f8900e1a6b07b7de9e047b6aecc235537ee50232fa32873a613a0ec77d,9874311845991521030922096049371840925339217210475831965482325980540399602283
2026-03-31T08:37:26.600292+00:00,2026-03-31T08:40:20.172703+00:00,momentum,"Solana Up or Down - March 31, 4:35AM-4:40AM ET",UP,Up,5.0,0.9,,LOSS,NO,-5.0,,0x8285f8ed042551b6bb1d116700ec91ec275bf66143fd59964023ace84c910b72,27821607316803806153464492158952615497852822625812794639862114087831167776547
2026-03-31T08:37:52.402854+00:00,2026-03-31T08:40:20.172785+00:00,momentum,"Bitcoin Up or Down - March 31, 4:35AM-4:40AM ET",UP,Up,5.0,0.8,,LOSS,NO,-5.0,,0x1b9c158e792864bd32f348a9a4c396d793b86db21425e4fa74a91f6918db55d5,32572158591390327374393443004325059193481905243301958846777499371124972557834
2026-03-31T08:35:12.301110+00:00,2026-03-31T08:45:23.991688+00:00,momentum,"Bitcoin Up or Down - March 31, 4:30AM-4:45AM ET",DOWN,Down,5.0,0.91,,WIN,YES,0.4945054945054945,Down,0x807d8206c28c2b51b07820fd75636a506e31cbbc75cd8232b63a3e2efeda6827,112245340039774994383222994768035777313641342832166017817898980247489375789868
2026-03-31T08:35:13.740235+00:00,2026-03-31T08:45:24.410978+00:00,momentum,"Ethereum Up or Down - March 31, 4:30AM-4:45AM ET",DOWN,Down,5.0,0.92,,WIN,YES,0.43478260869565233,Down,0x9ffe7a5617fd51883555f80b4783a5edbf061c164bf0d9b848d274f2bc48a0b6,1716577774111693224361683870276952183224641271486192731717114853167753445838
2026-03-31T08:35:14.399863+00:00,2026-03-31T08:45:24.730634+00:00,momentum,"Solana Up or Down - March 31, 4:30AM-4:45AM ET",DOWN,Down,5.0,0.95,,WIN,YES,0.2631578947368425,Down,0x7d16a49328f34ffa1b6eed343cd8e7e203419fb3ff842b8bde42fd4e59911965,106195832162802521460686615870309467071483922028014650847604972636131945413851
2026-03-31T08:35:41.483769+00:00,2026-03-31T08:45:25.020021+00:00,momentum,"XRP Up or Down - March 31, 4:30AM-4:45AM ET",DOWN,Down,5.0,0.9,,WIN,YES,0.5555555555555554,Down,0x11999d61393910e6322336e40d0adfbdc72d4dc2c264fa5622c015c47cab60ee,82416091104814902810799426161234997418752930301144030730491367308690549008480
2026-03-31T08:39:15.641916+00:00,2026-03-31T08:45:25.020170+00:00,momentum,"Solana Up or Down - March 31, 4:30AM-4:45AM ET",DOWN,Down,5.0,0.982,,WIN,YES,0.09164969450101879,Down,0x7d16a49328f34ffa1b6eed343cd8e7e203419fb3ff842b8bde42fd4e59911965,106195832162802521460686615870309467071483922028014650847604972636131945413851
2026-03-31T08:39:42.714582+00:00,2026-03-31T08:45:25.020255+00:00,momentum,"XRP Up or Down - March 31, 4:30AM-4:45AM ET",DOWN,Down,5.0,0.97,,WIN,YES,0.1546391752577323,Down,0x11999d61393910e6322336e40d0adfbdc72d4dc2c264fa5622c015c47cab60ee,82416091104814902810799426161234997418752930301144030730491367308690549008480
2026-03-31T08:42:00.523218+00:00,2026-03-31T08:45:25.427939+00:00,momentum,"Bitcoin Up or Down - March 31, 4:40AM-4:45AM ET",DOWN,Down,5.0,0.77,,WIN,YES,1.4935064935064934,Down,0x3f27453e68fb407fff2f97d8b29b5b99aad4faf7ecb14af334bce28a8082be6b,3374070487487467496862479287349849944388799526942506196626605804134193323242
2026-03-31T08:42:01.409739+00:00,2026-03-31T08:45:29.471588+00:00,momentum,"Solana Up or Down - March 31, 4:40AM-4:45AM ET",DOWN,Down,5.0,0.92,,WIN,YES,0.43478260869565233,Down,0x91bfa9ecee0a9fcd4586c42b1d9dda1f7194926755229deee35d97d4e1213e2e,48621310986370678159293385719895927205566558941332130635149939805446401878300
2026-03-31T08:42:03.457409+00:00,2026-03-31T08:45:29.471816+00:00,momentum,"Bitcoin Up or Down - March 31, 4:40AM-4:45AM ET",DOWN,Down,5.0,0.85,,WIN,YES,0.882352941176471,Down,0x3f27453e68fb407fff2f97d8b29b5b99aad4faf7ecb14af334bce28a8082be6b,3374070487487467496862479287349849944388799526942506196626605804134193323242
2026-03-31T08:42:03.842043+00:00,2026-03-31T08:45:35.441997+00:00,momentum,"Ethereum Up or Down - March 31, 4:40AM-4:45AM ET",DOWN,Down,5.0,0.83,,WIN,YES,1.024096385542169,Down,0x1529a5cdde852c43f47e3f06005c94bc5dafe59a9b6729e10f2940c55459247a,8081302651866095173766626710596020522507666390005903796055046630547865424730
2026-03-31T08:42:04.186146+00:00,2026-03-31T08:45:35.831077+00:00,momentum,"XRP Up or Down - March 31, 4:40AM-4:45AM ET",DOWN,Down,5.0,0.93,,WIN,YES,0.37634408602150504,Down,0x505e01d1df82d73800a51b03ad1ed75b17d0a5f958a62b3591197f8f7afc1d2e,111760886777640485202784664963218788418595434526340367893109717287609004759131
2026-03-31T08:42:06.743277+00:00,2026-03-31T08:45:35.968070+00:00,momentum,"Ethereum Up or Down - March 31, 4:40AM-4:45AM ET",DOWN,Down,5.0,0.9,,WIN,YES,0.5555555555555554,Down,0x1529a5cdde852c43f47e3f06005c94bc5dafe59a9b6729e10f2940c55459247a,8081302651866095173766626710596020522507666390005903796055046630547865424730
2026-03-31T08:42:07.422135+00:00,2026-03-31T08:45:35.968228+00:00,momentum,"XRP Up or Down - March 31, 4:40AM-4:45AM ET",DOWN,Down,5.0,0.98,,WIN,YES,0.1020408163265305,Down,0x505e01d1df82d73800a51b03ad1ed75b17d0a5f958a62b3591197f8f7afc1d2e,111760886777640485202784664963218788418595434526340367893109717287609004759131
2026-03-31T08:42:10.285693+00:00,2026-03-31T08:45:36.138875+00:00,momentum,"Solana Up or Down - March 31, 4:40AM-4:45AM ET",DOWN,Down,5.0,0.97,,WIN,YES,0.1546391752577323,Down,0x91bfa9ecee0a9fcd4586c42b1d9dda1f7194926755229deee35d97d4e1213e2e,48621310986370678159293385719895927205566558941332130635149939805446401878300
2026-03-31T08:47:06.082472+00:00,2026-03-31T08:50:26.545450+00:00,momentum,"XRP Up or Down - March 31, 4:45AM-4:50AM ET",DOWN,Down,5.0,0.66,,LOSS,NO,-5.0,,0x09aa6dddf052f7d34af6e03c925391cb789ea17ac8a690f49c5dd4a16f0ca126,52078172732986309118321348202582104226341792906801742363382957839164164943295
2026-03-31T08:47:22.507708+00:00,2026-03-31T08:50:26.906280+00:00,momentum,"Solana Up or Down - March 31, 4:45AM-4:50AM ET",UP,Up,5.0,0.67,,WIN,YES,2.4626865671641784,Up,0xe8d4e1bca6709a8ac17dc1b7a9e9edce5ddc7b88dd11e21972b189621802d3d4,96628989738082642136643632054408767036723778441624044164185917783176981552234
2026-03-31T08:47:58.775887+00:00,2026-03-31T08:50:31.247334+00:00,momentum,"Ethereum Up or Down - March 31, 4:45AM-4:50AM ET",UP,Up,5.0,0.81,,WIN,YES,1.1728395061728394,Up,0x5c53310302c00dbdf98709ec9160f9dba40eba0fbc6c08e99e24c8f51a4965ff,9616383324555475988361612378814254471467955406111177571348098099410249518886
2026-03-31T08:48:01.814393+00:00,2026-03-31T08:50:31.248725+00:00,momentum,"Solana Up or Down - March 31, 4:45AM-4:50AM ET",UP,Up,5.0,0.8,,WIN,YES,1.25,Up,0xe8d4e1bca6709a8ac17dc1b7a9e9edce5ddc7b88dd11e21972b189621802d3d4,96628989738082642136643632054408767036723778441624044164185917783176981552234
2026-03-31T08:48:11.884297+00:00,2026-03-31T08:50:31.375468+00:00,momentum,"Ethereum Up or Down - March 31, 4:45AM-4:50AM ET",UP,Up,5.0,0.83,,WIN,YES,1.024096385542169,Up,0x5c53310302c00dbdf98709ec9160f9dba40eba0fbc6c08e99e24c8f51a4965ff,9616383324555475988361612378814254471467955406111177571348098099410249518886
2026-03-31T08:47:00.822536+00:00,2026-03-31T08:53:27.748561+00:00,momentum,"Bitcoin Up or Down - March 31, 4:45AM-4:50AM ET",DOWN,Down,5.0,0.69,,LOSS,NO,-5.0,Up,0xf46fcc603864cee4db63ffbac603b2e87ea686de8ca02dbec5a015e6972c7d1b,58081082460726985961901951194585885374443307951821018766860046059220172277254
2026-03-31T08:47:02.925612+00:00,2026-03-31T08:53:27.750397+00:00,momentum,"Bitcoin Up or Down - March 31, 4:45AM-4:50AM ET",DOWN,Down,5.0,0.7,,LOSS,NO,-5.0,Up,0xf46fcc603864cee4db63ffbac603b2e87ea686de8ca02dbec5a015e6972c7d1b,58081082460726985961901951194585885374443307951821018766860046059220172277254
2026-03-31T08:52:00.926043+00:00,2026-03-31T08:55:33.216739+00:00,momentum,"Ethereum Up or Down - March 31, 4:50AM-4:55AM ET",DOWN,Down,5.0,0.65,,WIN,YES,2.6923076923076916,Down,0x5e17d48722c5bbab081cf588a5c89b7d39851695c774815bc953be32d33574a4,85122376966691825774468842042315836957994972740356939682656725845088261614491
2026-03-31T08:52:09.450573+00:00,2026-03-31T08:55:39.319648+00:00,momentum,"Bitcoin Up or Down - March 31, 4:50AM-4:55AM ET",DOWN,Down,5.0,0.65,,WIN,YES,2.6923076923076916,Down,0xaebd72169afc188350a5a81594a6b4108ce27a8151a1db5f6cdc3729a6be3401,36110412948357302386819799202138869909528462999370895166129335435952164032633
2026-03-31T08:52:09.918111+00:00,2026-03-31T08:55:39.460650+00:00,momentum,"Ethereum Up or Down - March 31, 4:50AM-4:55AM ET",DOWN,Down,5.0,0.73,,WIN,YES,1.8493150684931505,Down,0x5e17d48722c5bbab081cf588a5c89b7d39851695c774815bc953be32d33574a4,85122376966691825774468842042315836957994972740356939682656725845088261614491
2026-03-31T08:52:19.784349+00:00,2026-03-31T08:55:43.237768+00:00,momentum,"Solana Up or Down - March 31, 4:50AM-4:55AM ET",DOWN,Down,5.0,0.92,,WIN,YES,0.43478260869565233,Down,0x0d768f2d40c66541c61a02be559abd25f6658423c90d007320e8008b143faf8e,52694022745840792564334845536649783347261795349859643962882086548577818862693
2026-03-31T08:52:20.161798+00:00,2026-03-31T08:55:49.305733+00:00,momentum,"XRP Up or Down - March 31, 4:50AM-4:55AM ET",DOWN,Down,5.0,0.78,,WIN,YES,1.4102564102564097,Down,0x14faad0b1d24abc77e3de54443a72509ce48a1065d41d9c25d6133a11d115905,101240578490875055882185906919167954203136438880301645264171971136837632311730
2026-03-31T08:52:21.571257+00:00,2026-03-31T08:55:49.504798+00:00,momentum,"Bitcoin Up or Down - March 31, 4:50AM-4:55AM ET",DOWN,Down,5.0,0.82,,WIN,YES,1.0975609756097562,Down,0xaebd72169afc188350a5a81594a6b4108ce27a8151a1db5f6cdc3729a6be3401,36110412948357302386819799202138869909528462999370895166129335435952164032633
2026-03-31T08:53:56.749426+00:00,2026-03-31T08:55:49.717127+00:00,momentum,"Solana Up or Down - March 31, 4:50AM-4:55AM ET",DOWN,Down,5.0,0.93,,WIN,YES,0.37634408602150504,Down,0x0d768f2d40c66541c61a02be559abd25f6658423c90d007320e8008b143faf8e,52694022745840792564334845536649783347261795349859643962882086548577818862693
2026-03-31T08:54:43.813106+00:00,2026-03-31T08:55:49.857643+00:00,momentum,"XRP Up or Down - March 31, 4:50AM-4:55AM ET",DOWN,Down,5.0,0.84,,WIN,YES,0.9523809523809526,Down,0x14faad0b1d24abc77e3de54443a72509ce48a1065d41d9c25d6133a11d115905,101240578490875055882185906919167954203136438880301645264171971136837632311730
2026-03-31T08:50:01.015283+00:00,2026-03-31T09:00:37.236666+00:00,momentum,"Bitcoin Up or Down - March 31, 4:45AM-5:00AM ET",UP,Up,5.0,0.75,,LOSS,NO,-5.0,,0x2f7436d6dc9d19a8bacced2e5283a3640aa761bb5c6cd847164967e902162770,11897836488064844872439117299529150105374021552234401809953443658609364222597
2026-03-31T08:50:02.827393+00:00,2026-03-31T09:00:37.411657+00:00,momentum,"Ethereum Up or Down - March 31, 4:45AM-5:00AM ET",UP,Up,5.0,0.79,,LOSS,NO,-5.0,,0xd52edc97b285a64e737fc34f0817a5d59bd170fc25dd97d3fa21a979f96217c7,83193962746548597413458965504930371936045284466733799036282007019687356721059
2026-03-31T08:54:02.500017+00:00,2026-03-31T09:00:37.723816+00:00,momentum,"Bitcoin Up or Down - March 31, 4:45AM-5:00AM ET",UP,Up,5.0,0.79,,LOSS,NO,-5.0,,0x2f7436d6dc9d19a8bacced2e5283a3640aa761bb5c6cd847164967e902162770,11897836488064844872439117299529150105374021552234401809953443658609364222597
2026-03-31T08:55:08.317309+00:00,2026-03-31T09:00:37.724416+00:00,momentum,"Ethereum Up or Down - March 31, 4:45AM-5:00AM ET",UP,Up,5.0,0.81,,LOSS,NO,-5.0,,0xd52edc97b285a64e737fc34f0817a5d59bd170fc25dd97d3fa21a979f96217c7,83193962746548597413458965504930371936045284466733799036282007019687356721059
2026-03-31T08:57:00.119542+00:00,2026-03-31T09:00:41.293344+00:00,momentum,"Bitcoin Up or Down - March 31, 4:55AM-5:00AM ET",DOWN,Down,5.0,0.84,,WIN,YES,0.9523809523809526,Down,0xf19160ecbda69fdfe251209cf719f14193f115ef496fcdabfd103722115cf39a,31139249602440672633545067873492991358497365328088981951604368286228679793217
2026-03-31T08:57:00.641675+00:00,2026-03-31T09:00:47.352790+00:00,momentum,"Ethereum Up or Down - March 31, 4:55AM-5:00AM ET",DOWN,Down,5.0,0.73,,WIN,YES,1.8493150684931505,Down,0x88fe61decad60bd652a2dd6f6c14a2fe026966f1169cc475bf4f1549c139ff7e,55220739257530723169306391246003393741695575995369346741154007524965124496937
2026-03-31T08:57:12.174688+00:00,2026-03-31T09:00:47.469733+00:00,momentum,"Ethereum Up or Down - March 31, 4:55AM-5:00AM ET",DOWN,Down,5.0,0.74,,WIN,YES,1.756756756756757,Down,0x88fe61decad60bd652a2dd6f6c14a2fe026966f1169cc475bf4f1549c139ff7e,55220739257530723169306391246003393741695575995369346741154007524965124496937
2026-03-31T08:57:13.564014+00:00,2026-03-31T09:00:47.605052+00:00,momentum,"Bitcoin Up or Down - March 31, 4:55AM-5:00AM ET",DOWN,Down,5.0,0.85,,WIN,YES,0.882352941176471,Down,0xf19160ecbda69fdfe251209cf719f14193f115ef496fcdabfd103722115cf39a,31139249602440672633545067873492991358497365328088981951604368286228679793217
2026-03-31T08:57:41.438117+00:00,2026-03-31T09:00:51.222368+00:00,momentum,"Solana Up or Down - March 31, 4:55AM-5:00AM ET",DOWN,Down,5.0,0.72,,WIN,YES,1.9444444444444446,Down,0x54342bce4a4cd511d60e23be87ff7d4a34b041c41cbdcf636d36b17fbb216350,61461076370022483659484024254667602007123385368788148321007286696176924801059
2026-03-31T08:57:41.861175+00:00,2026-03-31T09:00:57.256826+00:00,momentum,"XRP Up or Down - March 31, 4:55AM-5:00AM ET",DOWN,Down,5.0,0.74,,WIN,YES,1.756756756756757,Down,0xa29e6af45b991237eb80913501db546f32023d7be5dd17d492c9d03026c72150,12436234275081283610847308176961501242329795841202140165463631703157112811054
2026-03-31T08:57:48.763186+00:00,2026-03-31T09:00:57.393284+00:00,momentum,"Solana Up or Down - March 31, 4:55AM-5:00AM ET",DOWN,Down,5.0,0.84,,WIN,YES,0.9523809523809526,Down,0x54342bce4a4cd511d60e23be87ff7d4a34b041c41cbdcf636d36b17fbb216350,61461076370022483659484024254667602007123385368788148321007286696176924801059
2026-03-31T08:57:49.229925+00:00,2026-03-31T09:00:57.546798+00:00,momentum,"XRP Up or Down - March 31, 4:55AM-5:00AM ET",DOWN,Down,5.0,0.85,,WIN,YES,0.882352941176471,Down,0xa29e6af45b991237eb80913501db546f32023d7be5dd17d492c9d03026c72150,12436234275081283610847308176961501242329795841202140165463631703157112811054
2026-03-31T08:50:06.056896+00:00,2026-03-31T09:05:39.030768+00:00,momentum,"Solana Up or Down - March 31, 4:45AM-5:00AM ET",UP,Up,5.0,0.73,,LOSS,NO,-5.0,Down,0xa55784ac29b241e44ff58b02bf92875a50f3283c5823995e7da0231c4739c6d2,154250493686788410032126161349515561432067145962618088839997952436851945292
2026-03-31T08:50:06.557789+00:00,2026-03-31T09:05:39.091964+00:00,momentum,"XRP Up or Down - March 31, 4:45AM-5:00AM ET",UP,Up,5.0,0.72,,LOSS,NO,-5.0,Down,0x644c6613b7467c975fa6aadcac630ddd627321361bc093018ce41d2a0c55c290,79565361594212982356351982750264626992952028171388902083294142272945721543318
2026-03-31T08:55:19.666892+00:00,2026-03-31T09:05:39.092728+00:00,momentum,"XRP Up or Down - March 31, 4:45AM-5:00AM ET",UP,Up,5.0,0.81,,LOSS,NO,-5.0,Down,0x644c6613b7467c975fa6aadcac630ddd627321361bc093018ce41d2a0c55c290,79565361594212982356351982750264626992952028171388902083294142272945721543318
2026-03-31T09:02:03.624310+00:00,2026-03-31T09:05:39.250216+00:00,momentum,"Bitcoin Up or Down - March 31, 5:00AM-5:05AM ET",DOWN,Down,5.0,0.71,,LOSS,NO,-5.0,,0x8136cd08fa2f8a2b36c7736b489a2f2aaa81a2d22c1379f387b6daec04db1de4,57977290188999180537230729084970879981564631546579156976992206752969448977165
2026-03-31T09:02:09.995551+00:00,2026-03-31T09:05:39.599912+00:00,momentum,"Bitcoin Up or Down - March 31, 5:00AM-5:05AM ET",DOWN,Down,5.0,0.79,,LOSS,NO,-5.0,,0x8136cd08fa2f8a2b36c7736b489a2f2aaa81a2d22c1379f387b6daec04db1de4,57977290188999180537230729084970879981564631546579156976992206752969448977165
2026-03-31T09:02:44.038857+00:00,2026-03-31T09:05:43.307438+00:00,momentum,"Solana Up or Down - March 31, 5:00AM-5:05AM ET",UP,Up,5.0,0.7,,WIN,YES,2.1428571428571432,Up,0x14d7b86ba9234d165679d639d479d35a00b619177b13ec1a12c8f9e7e3abd3a8,102975943861503996132077403301188893048751122158782905375518636414559815093623
2026-03-31T09:02:47.773216+00:00,2026-03-31T09:05:43.463573+00:00,momentum,"Solana Up or Down - March 31, 5:00AM-5:05AM ET",UP,Up,5.0,0.77,,WIN,YES,1.4935064935064934,Up,0x14d7b86ba9234d165679d639d479d35a00b619177b13ec1a12c8f9e7e3abd3a8,102975943861503996132077403301188893048751122158782905375518636414559815093623
2026-03-31T09:02:04.629270+00:00,2026-03-31T09:08:40.477368+00:00,momentum,"Ethereum Up or Down - March 31, 5:00AM-5:05AM ET",DOWN,Down,5.0,0.77,,LOSS,NO,-5.0,Up,0xd31e5321365b2939832b0cbb1c9cbf631a9480c44a53384156131b037595cae2,12960161448041507268113786185683476258988493553078888243682475559332949262891
2026-03-31T09:02:10.824346+00:00,2026-03-31T09:08:40.683565+00:00,momentum,"Ethereum Up or Down - March 31, 5:00AM-5:05AM ET",DOWN,Down,5.0,0.85,,LOSS,NO,-5.0,Up,0xd31e5321365b2939832b0cbb1c9cbf631a9480c44a53384156131b037595cae2,12960161448041507268113786185683476258988493553078888243682475559332949262891
2026-03-31T09:02:05.009970+00:00,2026-03-31T09:09:41.508955+00:00,momentum,"XRP Up or Down - March 31, 5:00AM-5:05AM ET",DOWN,Down,5.0,0.78,,LOSS,NO,-5.0,Up,0x38cecfc866416cb1b07dc36fab7112b23cb1278c6dc7cc159d34f067ca7fca45,29697479756500490806510004005529368551358781682621510990144171693979359830580
2026-03-31T09:02:12.544168+00:00,2026-03-31T09:09:41.510058+00:00,momentum,"XRP Up or Down - March 31, 5:00AM-5:05AM ET",DOWN,Down,5.0,0.86,,LOSS,NO,-5.0,Up,0x38cecfc866416cb1b07dc36fab7112b23cb1278c6dc7cc159d34f067ca7fca45,29697479756500490806510004005529368551358781682621510990144171693979359830580
2026-03-31T09:07:28.812452+00:00,2026-03-31T09:10:44.369799+00:00,momentum,"Solana Up or Down - March 31, 5:05AM-5:10AM ET",DOWN,Down,5.0,0.67,,WIN,YES,2.4626865671641784,Down,0x4a03d428fb6c62a5ae6e3524d2b5f73b6f100f17d7a94a3cef0ae65fb25839ee,18813498888697130258618763817739052436127292367980253396165234052331960912696
2026-03-31T09:07:42.733628+00:00,2026-03-31T09:10:44.369986+00:00,momentum,"Solana Up or Down - March 31, 5:05AM-5:10AM ET",DOWN,Down,5.0,0.79,,WIN,YES,1.3291139240506329,Down,0x4a03d428fb6c62a5ae6e3524d2b5f73b6f100f17d7a94a3cef0ae65fb25839ee,18813498888697130258618763817739052436127292367980253396165234052331960912696
2026-03-31T09:07:50.451835+00:00,2026-03-31T09:10:44.761940+00:00,momentum,"XRP Up or Down - March 31, 5:05AM-5:10AM ET",DOWN,Down,5.0,0.68,,WIN,YES,2.352941176470588,Down,0xf696cc97d059d0b5029c7d31d647a672e5a23c89d2e85091658b6481cb64c138,25397495101919687308697443576914352120737342608120308194440336303326976158732
2026-03-31T09:07:57.621655+00:00,2026-03-31T09:10:44.762107+00:00,momentum,"XRP Up or Down - March 31, 5:05AM-5:10AM ET",DOWN,Down,5.0,0.77,,WIN,YES,1.4935064935064934,Down,0xf696cc97d059d0b5029c7d31d647a672e5a23c89d2e85091658b6481cb64c138,25397495101919687308697443576914352120737342608120308194440336303326976158732
2026-03-31T09:05:00.824311+00:00,2026-03-31T09:15:48.389567+00:00,momentum,"Bitcoin Up or Down - March 31, 5:00AM-5:15AM ET",UP,Up,5.0,0.81,,LOSS,NO,-5.0,,0xee7f32f417bb0b3c056005b2448939d64ce9d755b2a428bfb6ff75af831cd5a7,70179106636370361780226236501563464208519017234679247832552402920471085234417
2026-03-31T09:05:05.523527+00:00,2026-03-31T09:15:53.289668+00:00,momentum,"XRP Up or Down - March 31, 5:00AM-5:15AM ET",UP,Up,5.0,0.81,,WIN,YES,1.1728395061728394,Up,0xef687070404360d829a5af93dae45bbfe1721cd85cdaaff1caadd027378c319c,93239512816014070727158817452786712060376806886826769785657131727429041585771
2026-03-31T09:07:00.184482+00:00,2026-03-31T09:15:53.613180+00:00,momentum,"Bitcoin Up or Down - March 31, 5:05AM-5:10AM ET",UP,Up,5.0,0.68,,LOSS,NO,-5.0,Down,0x8a77c9b440f6f484602e77bac54042bdc84b17ce8f83051870959b7f09d40cdc,62333308399392851256009186831103710055018953492736958165391076082332565532440
2026-03-31T09:07:00.729924+00:00,2026-03-31T09:15:53.678525+00:00,momentum,"Ethereum Up or Down - March 31, 5:05AM-5:10AM ET",UP,Up,5.0,0.83,,LOSS,NO,-5.0,Down,0xc49a702d8b50ba4245fe15b972deb0b882047909c7b2301c9d83e912e641f5d9,17163824044077552439993229160870525325027345802728357415137840036015752188706
2026-03-31T09:09:09.833887+00:00,2026-03-31T09:15:53.679153+00:00,momentum,"Bitcoin Up or Down - March 31, 5:05AM-5:10AM ET",UP,Up,5.0,0.735,,LOSS,NO,-5.0,Down,0x8a77c9b440f6f484602e77bac54042bdc84b17ce8f83051870959b7f09d40cdc,62333308399392851256009186831103710055018953492736958165391076082332565532440
2026-03-31T09:12:00.969970+00:00,2026-03-31T09:15:57.243912+00:00,momentum,"Bitcoin Up or Down - March 31, 5:10AM-5:15AM ET",DOWN,Down,5.0,0.91,,WIN,YES,0.4945054945054945,Down,0x0e42dd1c66c0fca5e4f04806712b41108ad1cb6befb43f3c19d025d77f63933e,51978066497414027681338759596582504347385017589101954855041034292683887178142
2026-03-31T09:12:01.574743+00:00,2026-03-31T09:16:03.301812+00:00,momentum,"Ethereum Up or Down - March 31, 5:10AM-5:15AM ET",DOWN,Down,5.0,0.8,,WIN,YES,1.25,Down,0x61b9f5ded2c0d94e6ddd0421984b149095762a472294b0a3989e462ebc75ae17,61321078015442025071129606212089852887623925128176815039538186795828142494376
2026-03-31T09:12:02.077186+00:00,2026-03-31T09:16:09.240378+00:00,momentum,"Solana Up or Down - March 31, 5:10AM-5:15AM ET",DOWN,Down,5.0,0.84,,WIN,YES,0.9523809523809526,Down,0x423fd28331dffbee1af887ef11e34dd6a9e3b0421ee4515b12c183455858fe4b,887050404452841827513066447945285539743951296375107280342876505467777274049
2026-03-31T09:12:02.560200+00:00,2026-03-31T09:16:13.289554+00:00,momentum,"XRP Up or Down - March 31, 5:10AM-5:15AM ET",DOWN,Down,5.0,0.84,,WIN,YES,0.9523809523809526,Down,0x7ccfaf8a2ae39258ef23cd47f215989885d995d22a3e9dce2e1f3ab87b5a54ab,113059582238840946472234315455752189773730552293577106392561275773271657843457
2026-03-31T09:12:43.652192+00:00,2026-03-31T09:16:13.407949+00:00,momentum,"Bitcoin Up or Down - March 31, 5:10AM-5:15AM ET",DOWN,Down,5.0,0.95,,WIN,YES,0.2631578947368425,Down,0x0e42dd1c66c0fca5e4f04806712b41108ad1cb6befb43f3c19d025d77f63933e,51978066497414027681338759596582504347385017589101954855041034292683887178142
2026-03-31T09:12:58.950291+00:00,2026-03-31T09:16:13.533928+00:00,momentum,"XRP Up or Down - March 31, 5:10AM-5:15AM ET",DOWN,Down,5.0,0.94,,WIN,YES,0.31914893617021267,Down,0x7ccfaf8a2ae39258ef23cd47f215989885d995d22a3e9dce2e1f3ab87b5a54ab,113059582238840946472234315455752189773730552293577106392561275773271657843457
2026-03-31T09:13:00.314962+00:00,2026-03-31T09:16:13.669068+00:00,momentum,"Ethereum Up or Down - March 31, 5:10AM-5:15AM ET",DOWN,Down,5.0,0.95,,WIN,YES,0.2631578947368425,Down,0x61b9f5ded2c0d94e6ddd0421984b149095762a472294b0a3989e462ebc75ae17,61321078015442025071129606212089852887623925128176815039538186795828142494376
2026-03-31T09:13:00.670063+00:00,2026-03-31T09:16:13.814145+00:00,momentum,"Solana Up or Down - March 31, 5:10AM-5:15AM ET",DOWN,Down,5.0,0.97,,WIN,YES,0.1546391752577323,Down,0x423fd28331dffbee1af887ef11e34dd6a9e3b0421ee4515b12c183455858fe4b,887050404452841827513066447945285539743951296375107280342876505467777274049
2026-03-31T09:14:33.731252+00:00,2026-03-31T09:16:13.938255+00:00,momentum,"XRP Up or Down - March 31, 5:00AM-5:15AM ET",UP,Up,5.0,0.89,,WIN,YES,0.6179775280898872,Up,0xef687070404360d829a5af93dae45bbfe1721cd85cdaaff1caadd027378c319c,93239512816014070727158817452786712060376806886826769785657131727429041585771
2026-03-31T09:17:00.513303+00:00,2026-03-31T09:19:53.533706+00:00,momentum,"Bitcoin Up or Down - March 31, 5:15AM-5:20AM ET",DOWN,Down,5.0,0.68,,WIN,YES,2.352941176470588,Down,0x620385cce3d4d3827f25c561761425d743b5665be5adf0d7378986c7eb2367d2,115594365180323597412645248247014397230543950255798097465700133527294899631545
2026-03-31T09:17:01.312320+00:00,2026-03-31T09:19:53.972129+00:00,momentum,"Solana Up or Down - March 31, 5:15AM-5:20AM ET",DOWN,Down,5.0,0.69,,WIN,YES,2.246376811594203,Down,0x8807ba9e2cba3fa71b916364958a9fa69ecd7fedbfa3f39c4e4a9b8c167f1647,49662654475199114179672521848561267849459629275681593347198982024497157603508
2026-03-31T09:17:01.728943+00:00,2026-03-31T09:19:54.410961+00:00,momentum,"XRP Up or Down - March 31, 5:15AM-5:20AM ET",DOWN,Down,5.0,0.86,,WIN,YES,0.8139534883720927,Down,0x78322c44b2b82a85ec9962ba3fa4146ff718ce345b0f67ad5f9db828663131fd,83233237703633992837445582266146504732217892248231538945954916428708443529089
2026-03-31T09:17:03.158351+00:00,2026-03-31T09:19:54.874153+00:00,momentum,"Ethereum Up or Down - March 31, 5:15AM-5:20AM ET",DOWN,Down,5.0,0.74,,WIN,YES,1.756756756756757,Down,0xfea71b7584b4b3e786fdf2424c67e4b1b5b0c21ee79138f8a59562261375070f,11820815486400437815786422346793392356354235971470050009373408829050783807433
2026-03-31T09:17:04.860385+00:00,2026-03-31T09:19:54.874323+00:00,momentum,"Bitcoin Up or Down - March 31, 5:15AM-5:20AM ET",DOWN,Down,5.0,0.69,,WIN,YES,2.246376811594203,Down,0x620385cce3d4d3827f25c561761425d743b5665be5adf0d7378986c7eb2367d2,115594365180323597412645248247014397230543950255798097465700133527294899631545
2026-03-31T09:17:05.273349+00:00,2026-03-31T09:19:54.874444+00:00,momentum,"Ethereum Up or Down - March 31, 5:15AM-5:20AM ET",DOWN,Down,5.0,0.75,,WIN,YES,1.666666666666667,Down,0xfea71b7584b4b3e786fdf2424c67e4b1b5b0c21ee79138f8a59562261375070f,11820815486400437815786422346793392356354235971470050009373408829050783807433
2026-03-31T09:17:07.896312+00:00,2026-03-31T09:19:54.874535+00:00,momentum,"Solana Up or Down - March 31, 5:15AM-5:20AM ET",DOWN,Down,5.0,0.73,,WIN,YES,1.8493150684931505,Down,0x8807ba9e2cba3fa71b916364958a9fa69ecd7fedbfa3f39c4e4a9b8c167f1647,49662654475199114179672521848561267849459629275681593347198982024497157603508
2026-03-31T09:17:14.060263+00:00,2026-03-31T09:19:54.874696+00:00,momentum,"XRP Up or Down - March 31, 5:15AM-5:20AM ET",DOWN,Down,5.0,0.9,,WIN,YES,0.5555555555555554,Down,0x78322c44b2b82a85ec9962ba3fa4146ff718ce345b0f67ad5f9db828663131fd,83233237703633992837445582266146504732217892248231538945954916428708443529089
2026-03-31T09:05:07.605012+00:00,2026-03-31T09:20:50.991544+00:00,momentum,"Ethereum Up or Down - March 31, 5:00AM-5:15AM ET",UP,Up,5.0,0.68,,LOSS,NO,-5.0,Down,0xc43f02bd47268527e35458b228120095b598e9ed05e417360fdc506c232294c8,92075862018204096976927116497262212948011104287937122524077078460702473213257
2026-03-31T09:05:11.067631+00:00,2026-03-31T09:21:51.069993+00:00,momentum,"Solana Up or Down - March 31, 5:00AM-5:15AM ET",UP,Up,5.0,0.86,,LOSS,NO,-5.0,Down,0xa9deafb349711acc20f07a299764d2f0c3d0f41a550aa030df9c8ec9f4fcf3f9,34663629035486391818145768791334731922808879066112623473789795804861348405564
2026-03-31T09:22:06.549107+00:00,2026-03-31T09:24:54.327711+00:00,momentum,"Bitcoin Up or Down - March 31, 5:20AM-5:25AM ET",UP,Up,5.0,0.7,,WIN,YES,2.1428571428571432,Up,0x90f7d428d757b52f69896d70a3403460386a28a33efebdbce0e75de992410032,71676451397691911244191863150859377724251001573249327748983798330245484887034
2026-03-31T09:22:07.019542+00:00,2026-03-31T09:24:54.755227+00:00,momentum,"Ethereum Up or Down - March 31, 5:20AM-5:25AM ET",UP,Up,5.0,0.67,,WIN,YES,2.4626865671641784,Up,0xa6f00e2472c563bc1e7cab93c76425f6919533bdb624a7d7db7c861d25715da5,108431400011527797814325174754641965125143820575120521832547654002792597272426
2026-03-31T09:22:07.457749+00:00,2026-03-31T09:24:55.138099+00:00,momentum,"XRP Up or Down - March 31, 5:20AM-5:25AM ET",UP,Up,5.0,0.82,,WIN,YES,1.0975609756097562,Up,0x3a0687d9d42696af5a35462bcb039dff384e070c75c018baf0e618649d8d9286,2866601361331603569690364240634639030367358495433964011610756215526606397927
2026-03-31T09:22:18.541358+00:00,2026-03-31T09:24:55.138562+00:00,momentum,"Bitcoin Up or Down - March 31, 5:20AM-5:25AM ET",UP,Up,5.0,0.73,,WIN,YES,1.8493150684931505,Up,0x90f7d428d757b52f69896d70a3403460386a28a33efebdbce0e75de992410032,71676451397691911244191863150859377724251001573249327748983798330245484887034
2026-03-31T09:22:18.924291+00:00,2026-03-31T09:24:55.138712+00:00,momentum,"Ethereum Up or Down - March 31, 5:20AM-5:25AM ET",UP,Up,5.0,0.7,,WIN,YES,2.1428571428571432,Up,0xa6f00e2472c563bc1e7cab93c76425f6919533bdb624a7d7db7c861d25715da5,108431400011527797814325174754641965125143820575120521832547654002792597272426
2026-03-31T09:22:19.284303+00:00,2026-03-31T09:24:55.566585+00:00,momentum,"Solana Up or Down - March 31, 5:20AM-5:25AM ET",UP,Up,5.0,0.68,,WIN,YES,2.352941176470588,Up,0x242266f97571e441739c107444b23a42a69882de34fc5d0caad11e707ede06c9,68971001068298022787396011364685708196159057986693508083701207423531998820353
2026-03-31T09:22:19.694813+00:00,2026-03-31T09:24:55.566831+00:00,momentum,"XRP Up or Down - March 31, 5:20AM-5:25AM ET",UP,Up,5.0,0.84,,WIN,YES,0.9523809523809526,Up,0x3a0687d9d42696af5a35462bcb039dff384e070c75c018baf0e618649d8d9286,2866601361331603569690364240634639030367358495433964011610756215526606397927
2026-03-31T09:22:25.757665+00:00,2026-03-31T09:24:55.566977+00:00,momentum,"Solana Up or Down - March 31, 5:20AM-5:25AM ET",UP,Up,5.0,0.7,,WIN,YES,2.1428571428571432,Up,0x242266f97571e441739c107444b23a42a69882de34fc5d0caad11e707ede06c9,68971001068298022787396011364685708196159057986693508083701207423531998820353
2026-03-31T09:20:00.591696+00:00,2026-03-31T09:29:56.304671+00:00,momentum,"Bitcoin Up or Down - March 31, 5:15AM-5:30AM ET",DOWN,Down,5.0,0.73,,WIN,YES,1.8493150684931505,Down,0x29deb12029cdf20376e2a19304fb286f5e1276e7443af53f227c03db7654411b,33223201576675120705181447037273249829832826053351553964898249898436222525859
2026-03-31T09:20:01.911763+00:00,2026-03-31T09:29:56.603246+00:00,momentum,"XRP Up or Down - March 31, 5:15AM-5:30AM ET",DOWN,Down,5.0,0.93,,WIN,YES,0.37634408602150504,Down,0xa77eca0f65d151b80aae5161ea7cbfc7f9d889127ea199b1b00e5247541d4e30,36513081739452885989163205806681092219191870324312083982034898298928395162857
2026-03-31T09:20:03.650539+00:00,2026-03-31T09:29:56.929023+00:00,momentum,"Ethereum Up or Down - March 31, 5:15AM-5:30AM ET",DOWN,Down,5.0,0.91,,WIN,YES,0.4945054945054945,Down,0x59040e93cd94a96de026e7aa16addef7a4d1a8f43338f40483f560ca0fd6b38a,113090218721768918967351680647977396647140298642609276812414195360886006345086
2026-03-31T09:20:04.060839+00:00,2026-03-31T09:29:57.281044+00:00,momentum,"Solana Up or Down - March 31, 5:15AM-5:30AM ET",DOWN,Down,5.0,0.85,,WIN,YES,0.882352941176471,Down,0x3c7e3359d63cab4cfe3ea0245a4bcf5e4be1871c36eb316b38a290f4bf811623,40385301415835917076448285209669374808732367222176135457781223200481783684386
2026-03-31T09:24:01.039142+00:00,2026-03-31T09:29:57.281205+00:00,momentum,"Bitcoin Up or Down - March 31, 5:15AM-5:30AM ET",DOWN,Down,5.0,0.96,,WIN,YES,0.20833333333333393,Down,0x29deb12029cdf20376e2a19304fb286f5e1276e7443af53f227c03db7654411b,33223201576675120705181447037273249829832826053351553964898249898436222525859
2026-03-31T09:24:04.315909+00:00,2026-03-31T09:29:57.281299+00:00,momentum,"Ethereum Up or Down - March 31, 5:15AM-5:30AM ET",DOWN,Down,5.0,0.97,,WIN,YES,0.1546391752577323,Down,0x59040e93cd94a96de026e7aa16addef7a4d1a8f43338f40483f560ca0fd6b38a,113090218721768918967351680647977396647140298642609276812414195360886006345086
2026-03-31T09:24:04.735043+00:00,2026-03-31T09:29:57.281402+00:00,momentum,"Solana Up or Down - March 31, 5:15AM-5:30AM ET",DOWN,Down,5.0,0.95,,WIN,YES,0.2631578947368425,Down,0x3c7e3359d63cab4cfe3ea0245a4bcf5e4be1871c36eb316b38a290f4bf811623,40385301415835917076448285209669374808732367222176135457781223200481783684386
2026-03-31T09:25:24.237268+00:00,2026-03-31T09:29:57.281492+00:00,momentum,"XRP Up or Down - March 31, 5:15AM-5:30AM ET",DOWN,Down,5.0,0.98,,WIN,YES,0.1020408163265305,Down,0xa77eca0f65d151b80aae5161ea7cbfc7f9d889127ea199b1b00e5247541d4e30,36513081739452885989163205806681092219191870324312083982034898298928395162857
2026-03-31T09:27:01.941648+00:00,2026-03-31T09:29:57.619142+00:00,momentum,"Bitcoin Up or Down - March 31, 5:25AM-5:30AM ET",DOWN,Down,5.0,0.92,,WIN,YES,0.43478260869565233,Down,0x07835df669a8585f84f9a50144b936c08e175bca40e640de010503faf7a409ea,71245655756593273334893196099954393880466123470709276270135677582116296243568
2026-03-31T09:27:03.840781+00:00,2026-03-31T09:29:57.984424+00:00,momentum,"Solana Up or Down - March 31, 5:25AM-5:30AM ET",DOWN,Down,5.0,0.91,,WIN,YES,0.4945054945054945,Down,0xb70f469f601ad6dd4ffad537bc666b70a9bee9dbe5c1d4faee60d0668ab91556,115656529036519763754680619234080809939140083584623407153191157174328365096330
2026-03-31T09:27:20.479499+00:00,2026-03-31T09:29:58.329391+00:00,momentum,"Ethereum Up or Down - March 31, 5:25AM-5:30AM ET",DOWN,Down,5.0,0.92,,WIN,YES,0.43478260869565233,Down,0xc8ad33faf4fdc47bc408b52bdb2a90297d912e93199cb89e3bd87a17bf576abb,8705395068857085743631173505186971411511785726958802919412834596906175799620
2026-03-31T09:27:24.091694+00:00,2026-03-31T09:29:58.329588+00:00,momentum,"Ethereum Up or Down - March 31, 5:25AM-5:30AM ET",DOWN,Down,5.0,0.94,,WIN,YES,0.31914893617021267,Down,0xc8ad33faf4fdc47bc408b52bdb2a90297d912e93199cb89e3bd87a17bf576abb,8705395068857085743631173505186971411511785726958802919412834596906175799620
2026-03-31T09:27:24.454102+00:00,2026-03-31T09:29:58.329678+00:00,momentum,"Solana Up or Down - March 31, 5:25AM-5:30AM ET",DOWN,Down,5.0,0.93,,WIN,YES,0.37634408602150504,Down,0xb70f469f601ad6dd4ffad537bc666b70a9bee9dbe5c1d4faee60d0668ab91556,115656529036519763754680619234080809939140083584623407153191157174328365096330
2026-03-31T09:27:26.390378+00:00,2026-03-31T09:29:58.646394+00:00,momentum,"XRP Up or Down - March 31, 5:25AM-5:30AM ET",DOWN,Down,5.0,0.93,,WIN,YES,0.37634408602150504,Down,0x4185497087ff0bb76861d124fcccfff6cb3b7f5028b93f41eb3260dd094e2d16,81045251237983359804503427646899455104691783194311139486307353935337912607938
2026-03-31T09:27:27.905948+00:00,2026-03-31T09:29:58.647701+00:00,momentum,"Bitcoin Up or Down - March 31, 5:25AM-5:30AM ET",DOWN,Down,5.0,0.96,,WIN,YES,0.20833333333333393,Down,0x07835df669a8585f84f9a50144b936c08e175bca40e640de010503faf7a409ea,71245655756593273334893196099954393880466123470709276270135677582116296243568
2026-03-31T09:28:07.930691+00:00,2026-03-31T09:29:58.647815+00:00,momentum,"XRP Up or Down - March 31, 5:25AM-5:30AM ET",DOWN,Down,5.0,0.94,,WIN,YES,0.31914893617021267,Down,0x4185497087ff0bb76861d124fcccfff6cb3b7f5028b93f41eb3260dd094e2d16,81045251237983359804503427646899455104691783194311139486307353935337912607938
2026-03-31T09:32:14.058615+00:00,2026-03-31T09:34:59.087915+00:00,momentum,"Ethereum Up or Down - March 31, 5:30AM-5:35AM ET",UP,Up,5.0,0.73,,WIN,YES,1.8493150684931505,Up,0xe89eafc7f11f0e646982772b2482e5f3bbe3855c6bf3afe9b5e14dea1dfa5445,12606522211337211139951981063192038406483202256850267936448214260977176436550
2026-03-31T09:32:46.875176+00:00,2026-03-31T09:34:59.550815+00:00,momentum,"Bitcoin Up or Down - March 31, 5:30AM-5:35AM ET",UP,Up,5.0,0.74,,WIN,YES,1.756756756756757,Up,0x71571af03f521e5a61698887cb4a6decc323602f79f93483b45213ead662e3a5,1802698587371944905414616342775573508249685234392894708299579486582110202453
2026-03-31T09:32:47.401871+00:00,2026-03-31T09:34:59.550942+00:00,momentum,"Ethereum Up or Down - March 31, 5:30AM-5:35AM ET",UP,Up,5.0,0.74,,WIN,YES,1.756756756756757,Up,0xe89eafc7f11f0e646982772b2482e5f3bbe3855c6bf3afe9b5e14dea1dfa5445,12606522211337211139951981063192038406483202256850267936448214260977176436550
2026-03-31T09:32:50.602621+00:00,2026-03-31T09:34:59.730916+00:00,momentum,"XRP Up or Down - March 31, 5:30AM-5:35AM ET",UP,Up,5.0,0.69,,LOSS,NO,-5.0,,0x4bfeecdbc65daaaa02b5aa4702ef3b1755fc2321d735adf28ee3b682a0c0b0cc,18756823522922839706588965943917395367306357208850777463230942548306265446702
2026-03-31T09:32:54.189263+00:00,2026-03-31T09:34:59.733688+00:00,momentum,"XRP Up or Down - March 31, 5:30AM-5:35AM ET",UP,Up,5.0,0.71,,LOSS,NO,-5.0,,0x4bfeecdbc65daaaa02b5aa4702ef3b1755fc2321d735adf28ee3b682a0c0b0cc,18756823522922839706588965943917395367306357208850777463230942548306265446702
2026-03-31T09:33:08.912878+00:00,2026-03-31T09:34:59.882160+00:00,momentum,"Bitcoin Up or Down - March 31, 5:30AM-5:35AM ET",UP,Up,5.0,0.82,,WIN,YES,1.0975609756097562,Up,0x71571af03f521e5a61698887cb4a6decc323602f79f93483b45213ead662e3a5,1802698587371944905414616342775573508249685234392894708299579486582110202453
2026-03-31T09:33:07.056298+00:00,2026-03-31T09:39:00.211867+00:00,momentum,"Solana Up or Down - March 31, 5:30AM-5:35AM ET",UP,Up,5.0,0.67,,LOSS,NO,-5.0,Down,0x80adb993c2b07f6af549e969e197b8cb0b374f474fd1b9a7c364fecfdc16af77,89092220909310402597496082757142673558822735530665070237999484126129041799112
2026-03-31T09:33:20.979197+00:00,2026-03-31T09:39:00.213114+00:00,momentum,"Solana Up or Down - March 31, 5:30AM-5:35AM ET",UP,Up,5.0,0.7,,LOSS,NO,-5.0,Down,0x80adb993c2b07f6af549e969e197b8cb0b374f474fd1b9a7c364fecfdc16af77,89092220909310402597496082757142673558822735530665070237999484126129041799112
2026-03-31T09:37:12.459645+00:00,2026-03-31T09:40:01.746329+00:00,momentum,"XRP Up or Down - March 31, 5:35AM-5:40AM ET",UP,Up,5.0,0.66,,LOSS,NO,-5.0,,0x01f042d7986e00c3302124988248d651a5e232dad448b3fe7c8b2d66d0846ae5,108302383631274520582250159852044967908317138397122325369502721874530979090120
2026-03-31T09:37:16.534197+00:00,2026-03-31T09:40:02.237794+00:00,momentum,"Ethereum Up or Down - March 31, 5:35AM-5:40AM ET",UP,Up,5.0,0.68,,WIN,YES,2.352941176470588,Up,0x52524df4fd4d43478958d5031cb3a07e7b34c99152f0074b78bda6b932725bb7,2603892854858502790802051310528292289801549581191419347919894107540346830344
2026-03-31T09:37:16.996216+00:00,2026-03-31T09:40:02.829739+00:00,momentum,"Solana Up or Down - March 31, 5:35AM-5:40AM ET",UP,Up,5.0,0.8,,WIN,YES,1.25,Up,0xdf62d97e08189a22cef11cbe324db86f7e758de9235c187a04b9e1fa196ef9ed,3842675465688673780421893988094175566363710246313298514367622346827168575941
2026-03-31T09:37:21.039803+00:00,2026-03-31T09:40:03.376245+00:00,momentum,"Bitcoin Up or Down - March 31, 5:35AM-5:40AM ET",UP,Up,5.0,0.77,,WIN,YES,1.4935064935064934,Up,0x0bd83d9e2eb31547f448e13b2d6bab7fc4bc1b50311f22ec2d64bd1b815c81a6,43617822290143803788966868079037147151783532608491300614024394708464203007365
2026-03-31T09:37:21.566570+00:00,2026-03-31T09:40:03.376491+00:00,momentum,"Ethereum Up or Down - March 31, 5:35AM-5:40AM ET",UP,Up,5.0,0.72,,WIN,YES,1.9444444444444446,Up,0x52524df4fd4d43478958d5031cb3a07e7b34c99152f0074b78bda6b932725bb7,2603892854858502790802051310528292289801549581191419347919894107540346830344
2026-03-31T09:37:21.937268+00:00,2026-03-31T09:40:03.376645+00:00,momentum,"XRP Up or Down - March 31, 5:35AM-5:40AM ET",UP,Up,5.0,0.74,,LOSS,NO,-5.0,,0x01f042d7986e00c3302124988248d651a5e232dad448b3fe7c8b2d66d0846ae5,108302383631274520582250159852044967908317138397122325369502721874530979090120
2026-03-31T09:39:29.382208+00:00,2026-03-31T09:40:03.376923+00:00,momentum,"Solana Up or Down - March 31, 5:35AM-5:40AM ET",UP,Up,5.0,0.85,,WIN,YES,0.882352941176471,Up,0xdf62d97e08189a22cef11cbe324db86f7e758de9235c187a04b9e1fa196ef9ed,3842675465688673780421893988094175566363710246313298514367622346827168575941
2026-03-31T09:39:30.767217+00:00,2026-03-31T09:40:03.377049+00:00,momentum,"Bitcoin Up or Down - March 31, 5:35AM-5:40AM ET",UP,Up,5.0,0.87,,WIN,YES,0.7471264367816088,Up,0x0bd83d9e2eb31547f448e13b2d6bab7fc4bc1b50311f22ec2d64bd1b815c81a6,43617822290143803788966868079037147151783532608491300614024394708464203007365
2026-03-31T09:35:01.026379+00:00,2026-03-31T09:45:21.807945+00:00,momentum,"Bitcoin Up or Down - March 31, 5:30AM-5:45AM ET",UP,Up,5.0,0.67,,WIN,YES,2.4626865671641784,Up,0x682f78537a30413403609a43e4250f792cb49dc1c8b6f8fda9e4f84957a1344f,41249413739409738516858289884015572510227728010973970941686556865927566055889
2026-03-31T09:35:01.506812+00:00,2026-03-31T09:45:22.180733+00:00,momentum,"Ethereum Up or Down - March 31, 5:30AM-5:45AM ET",UP,Up,5.0,0.68,,WIN,YES,2.352941176470588,Up,0xcbeababad5b393c5502b6a682bbb4ccadb20f934fd00f8bce97c60584435e0fc,57175053737094165866902073451232327241586791413613121154340961009701366297479
2026-03-31T09:35:30.708590+00:00,2026-03-31T09:45:22.589896+00:00,momentum,"XRP Up or Down - March 31, 5:30AM-5:45AM ET",DOWN,Down,5.0,0.66,,WIN,YES,2.5757575757575752,Down,0x1fef778c0988a3280ef038bd00952e6563af74a1f7b38acdedc412f0d3cb008e,67204690832313203544443399606517061209639237269291185855488805206136150208987
2026-03-31T09:36:57.994278+00:00,2026-03-31T09:45:22.949879+00:00,momentum,"Solana Up or Down - March 31, 5:30AM-5:45AM ET",UP,Up,5.0,0.65,,WIN,YES,2.6923076923076916,Up,0x041057f53c1828cc71046ce1f457275a808b00dcb5b27b73b5eb2aa758ffd86e,76099965963581349515454458436555473587668939916902469162470602737790331947296
2026-03-31T09:39:02.903982+00:00,2026-03-31T09:45:22.950064+00:00,momentum,"Bitcoin Up or Down - March 31, 5:30AM-5:45AM ET",UP,Up,5.0,0.68,,WIN,YES,2.352941176470588,Up,0x682f78537a30413403609a43e4250f792cb49dc1c8b6f8fda9e4f84957a1344f,41249413739409738516858289884015572510227728010973970941686556865927566055889
2026-03-31T09:39:03.288247+00:00,2026-03-31T09:45:22.950173+00:00,momentum,"Ethereum Up or Down - March 31, 5:30AM-5:45AM ET",UP,Up,5.0,0.69,,WIN,YES,2.246376811594203,Up,0xcbeababad5b393c5502b6a682bbb4ccadb20f934fd00f8bce97c60584435e0fc,57175053737094165866902073451232327241586791413613121154340961009701366297479
2026-03-31T09:39:32.547291+00:00,2026-03-31T09:45:22.950258+00:00,momentum,"XRP Up or Down - March 31, 5:30AM-5:45AM ET",DOWN,Down,5.0,0.68,,WIN,YES,2.352941176470588,Down,0x1fef778c0988a3280ef038bd00952e6563af74a1f7b38acdedc412f0d3cb008e,67204690832313203544443399606517061209639237269291185855488805206136150208987
2026-03-31T09:40:58.719621+00:00,2026-03-31T09:45:22.950382+00:00,momentum,"Solana Up or Down - March 31, 5:30AM-5:45AM ET",UP,Up,5.0,0.66,,WIN,YES,2.5757575757575752,Up,0x041057f53c1828cc71046ce1f457275a808b00dcb5b27b73b5eb2aa758ffd86e,76099965963581349515454458436555473587668939916902469162470602737790331947296
2026-03-31T09:42:00.264431+00:00,2026-03-31T09:45:23.306579+00:00,momentum,"Solana Up or Down - March 31, 5:40AM-5:45AM ET",DOWN,Down,5.0,0.75,,WIN,YES,1.666666666666667,Down,0x85aaca81bb34df39ac3767fc602f040ddc87d79e4f5376f776032326a52e66f1,7066207746649200320525850491711991867973262213588418447447519146107917612432
2026-03-31T09:42:04.129302+00:00,2026-03-31T09:45:23.306821+00:00,momentum,"Solana Up or Down - March 31, 5:40AM-5:45AM ET",DOWN,Down,5.0,0.76,,WIN,YES,1.5789473684210522,Down,0x85aaca81bb34df39ac3767fc602f040ddc87d79e4f5376f776032326a52e66f1,7066207746649200320525850491711991867973262213588418447447519146107917612432
2026-03-31T09:44:18.106496+00:00,2026-03-31T09:45:27.412538+00:00,momentum,"Bitcoin Up or Down - March 31, 5:40AM-5:45AM ET",UP,Up,5.0,0.93,,WIN,YES,0.37634408602150504,Up,0x53d017dc0d070f2fdd5f5ccd8e8e3db69a08d0561ec22ee24194477f9cc55e50,113596637054251494818940342520208115509230841248377687673921492444770789402179
2026-03-31T09:44:19.131558+00:00,2026-03-31T09:45:33.234496+00:00,momentum,"Ethereum Up or Down - March 31, 5:40AM-5:45AM ET",UP,Up,5.0,0.95,,WIN,YES,0.2631578947368425,Up,0x44f7bb70dcb4b9f226e1887f7bf6eb0b179c71ca90d50109cdd109c7808597e1,85021422152180782622129647829270473299608937859974221070362049239207697137107
2026-03-31T09:44:19.664142+00:00,2026-03-31T09:45:33.649376+00:00,momentum,"XRP Up or Down - March 31, 5:40AM-5:45AM ET",UP,Up,5.0,0.95,,WIN,YES,0.2631578947368425,Up,0xf24e97f159506486826daac641d18768b2dbf526d210a91ce583e01888d374fb,40787595233766397865362477223177457206973355371086100603923656555728824012030
2026-03-31T09:44:22.906864+00:00,2026-03-31T09:45:33.809928+00:00,momentum,"Bitcoin Up or Down - March 31, 5:40AM-5:45AM ET",UP,Up,5.0,0.95,,WIN,YES,0.2631578947368425,Up,0x53d017dc0d070f2fdd5f5ccd8e8e3db69a08d0561ec22ee24194477f9cc55e50,113596637054251494818940342520208115509230841248377687673921492444770789402179
2026-03-31T09:44:32.904801+00:00,2026-03-31T09:45:33.961542+00:00,momentum,"Ethereum Up or Down - March 31, 5:40AM-5:45AM ET",UP,Up,5.0,0.97,,WIN,YES,0.1546391752577323,Up,0x44f7bb70dcb4b9f226e1887f7bf6eb0b179c71ca90d50109cdd109c7808597e1,85021422152180782622129647829270473299608937859974221070362049239207697137107
2026-03-31T09:44:36.930258+00:00,2026-03-31T09:45:33.961726+00:00,momentum,"XRP Up or Down - March 31, 5:40AM-5:45AM ET",UP,Up,5.0,0.98,,WIN,YES,0.1020408163265305,Up,0xf24e97f159506486826daac641d18768b2dbf526d210a91ce583e01888d374fb,40787595233766397865362477223177457206973355371086100603923656555728824012030
2026-03-31T09:47:01.130156+00:00,2026-03-31T09:50:33.330737+00:00,momentum,"Bitcoin Up or Down - March 31, 5:45AM-5:50AM ET",DOWN,Down,5.0,0.85,,WIN,YES,0.882352941176471,Down,0x7444fa28003af6df8bd6bd1077bff60d026f54700be07690ec4a63802771293d,10386037756478108045227404466335323073273096493774762578692950794606323360694
2026-03-31T09:47:01.587134+00:00,2026-03-31T09:50:37.395833+00:00,momentum,"Ethereum Up or Down - March 31, 5:45AM-5:50AM ET",DOWN,Down,5.0,0.84,,WIN,YES,0.9523809523809526,Down,0x9fc99c18df8c5ae0ab81571a83584341340283f4446a4112640240f6679d79c5,77367687526383512883954842884443861042606214824456229294020358457379299391269
2026-03-31T09:47:02.448051+00:00,2026-03-31T09:50:43.321082+00:00,momentum,"XRP Up or Down - March 31, 5:45AM-5:50AM ET",UP,Up,5.0,0.96,,WIN,YES,0.20833333333333393,Up,0x56332b50da9f43d84ad4d67763b8cbe64577952ed56cdd6de9392022f739fe3e,52518224820845546461626849986052142271643738168162658322865733496102514674615
2026-03-31T09:47:04.087392+00:00,2026-03-31T09:50:43.441442+00:00,momentum,"Bitcoin Up or Down - March 31, 5:45AM-5:50AM ET",DOWN,Down,5.0,0.86,,WIN,YES,0.8139534883720927,Down,0x7444fa28003af6df8bd6bd1077bff60d026f54700be07690ec4a63802771293d,10386037756478108045227404466335323073273096493774762578692950794606323360694
2026-03-31T09:47:04.834212+00:00,2026-03-31T09:50:43.609989+00:00,momentum,"XRP Up or Down - March 31, 5:45AM-5:50AM ET",UP,Up,5.0,0.97,,WIN,YES,0.1546391752577323,Up,0x56332b50da9f43d84ad4d67763b8cbe64577952ed56cdd6de9392022f739fe3e,52518224820845546461626849986052142271643738168162658322865733496102514674615
2026-03-31T09:47:11.509665+00:00,2026-03-31T09:50:43.765017+00:00,momentum,"Ethereum Up or Down - March 31, 5:45AM-5:50AM ET",DOWN,Down,5.0,0.89,,WIN,YES,0.6179775280898872,Down,0x9fc99c18df8c5ae0ab81571a83584341340283f4446a4112640240f6679d79c5,77367687526383512883954842884443861042606214824456229294020358457379299391269
2026-03-31T09:52:00.767535+00:00,2026-03-31T09:55:33.367441+00:00,momentum,"Bitcoin Up or Down - March 31, 5:50AM-5:55AM ET",DOWN,Down,5.0,0.79,,WIN,YES,1.3291139240506329,Down,0x85102f743aedc968a1e66a5b9f661096de2571b16ec9a267339adb458bdab577,113090591237478576909122968396517829111232392555072962446366344436043099110313
2026-03-31T09:52:02.129154+00:00,2026-03-31T09:55:33.822212+00:00,momentum,"Ethereum Up or Down - March 31, 5:50AM-5:55AM ET",DOWN,Down,5.0,0.77,,WIN,YES,1.4935064935064934,Down,0x85591cf3981a67544711d3cdadcc528d882ea754a06652d6a5f32bb249e04322,63118904417420863806007386581892027250174595744974895222053318618252336023159
2026-03-31T09:52:02.574892+00:00,2026-03-31T09:55:34.238994+00:00,momentum,"Solana Up or Down - March 31, 5:50AM-5:55AM ET",DOWN,Down,5.0,0.89,,WIN,YES,0.6179775280898872,Down,0xb4b416441cdc74782253dca5f8093bb496ff8e07ae6b11c8b910ea724c48cd9c,99607836055395299486523347274776689239561815214814450567014139628442581631741
2026-03-31T09:52:43.017140+00:00,2026-03-31T09:55:34.239430+00:00,momentum,"Solana Up or Down - March 31, 5:50AM-5:55AM ET",DOWN,Down,5.0,0.95,,WIN,YES,0.2631578947368425,Down,0xb4b416441cdc74782253dca5f8093bb496ff8e07ae6b11c8b910ea724c48cd9c,99607836055395299486523347274776689239561815214814450567014139628442581631741
2026-03-31T09:52:53.869236+00:00,2026-03-31T09:55:34.622621+00:00,momentum,"XRP Up or Down - March 31, 5:50AM-5:55AM ET",DOWN,Down,5.0,0.66,,WIN,YES,2.5757575757575752,Down,0x23569eb68aea4d67b630ad83afcab6f32ba4b7e27e9481793c478e9f4f00339a,91327239371873296635572441008952837977026140937625381394250993846009656769149
2026-03-31T09:52:57.790167+00:00,2026-03-31T09:55:34.622758+00:00,momentum,"Bitcoin Up or Down - March 31, 5:50AM-5:55AM ET",DOWN,Down,5.0,0.85,,WIN,YES,0.882352941176471,Down,0x85102f743aedc968a1e66a5b9f661096de2571b16ec9a267339adb458bdab577,113090591237478576909122968396517829111232392555072962446366344436043099110313
2026-03-31T09:53:03.725185+00:00,2026-03-31T09:55:34.622821+00:00,momentum,"XRP Up or Down - March 31, 5:50AM-5:55AM ET",DOWN,Down,5.0,0.67,,WIN,YES,2.4626865671641784,Down,0x23569eb68aea4d67b630ad83afcab6f32ba4b7e27e9481793c478e9f4f00339a,91327239371873296635572441008952837977026140937625381394250993846009656769149
2026-03-31T09:53:30.592388+00:00,2026-03-31T09:55:34.622894+00:00,momentum,"Ethereum Up or Down - March 31, 5:50AM-5:55AM ET",DOWN,Down,5.0,0.81,,WIN,YES,1.1728395061728394,Down,0x85591cf3981a67544711d3cdadcc528d882ea754a06652d6a5f32bb249e04322,63118904417420863806007386581892027250174595744974895222053318618252336023159
2026-03-31T09:47:02.020236+00:00,2026-03-31T09:57:33.153494+00:00,momentum,"Solana Up or Down - March 31, 5:45AM-5:50AM ET",UP,Up,5.0,0.71,,LOSS,NO,-5.0,Down,0x4747d9fd04ab24531463c557fabda4f0d99571fcdd9ba5cc3759d3aa6ed07e10,31827079066406048114606501322165429547613381862312101324112624859132172046394
2026-03-31T09:47:04.464534+00:00,2026-03-31T09:57:33.155334+00:00,momentum,"Solana Up or Down - March 31, 5:45AM-5:50AM ET",UP,Up,5.0,0.72,,LOSS,NO,-5.0,Down,0x4747d9fd04ab24531463c557fabda4f0d99571fcdd9ba5cc3759d3aa6ed07e10,31827079066406048114606501322165429547613381862312101324112624859132172046394
2026-03-31T09:50:03.703910+00:00,2026-03-31T10:00:41.432796+00:00,momentum,"Solana Up or Down - March 31, 5:45AM-6:00AM ET",DOWN,Down,5.0,0.68,,WIN,YES,2.352941176470588,Down,0x8ada32b291edaf8926a7f8803c95b5c76bf3156b2ddeb3c5deb79b3cac5c6283,55251257763066070437196165715683974956365309598948732178737889797390860243666
2026-03-31T09:50:07.087697+00:00,2026-03-31T10:00:45.309677+00:00,momentum,"Bitcoin Up or Down - March 31, 5:45AM-6:00AM ET",DOWN,Down,5.0,0.82,,WIN,YES,1.0975609756097562,Down,0x1476fac565c0e6ada040a2dda4269826000a159215cce316fac47aece9af3abd,56859722659473186679983138306159025943183788535778622298346923766600506446091
2026-03-31T09:50:07.486828+00:00,2026-03-31T10:00:51.480691+00:00,momentum,"Ethereum Up or Down - March 31, 5:45AM-6:00AM ET",DOWN,Down,5.0,0.8,,WIN,YES,1.25,Down,0x07ab6410e4dc63062340e3124be224afbb8a85888d8719640e54608a05d05bef,54840759237011985494344655699511065527624402870384734112718334808289117325352
2026-03-31T09:54:08.064102+00:00,2026-03-31T10:00:51.669110+00:00,momentum,"Bitcoin Up or Down - March 31, 5:45AM-6:00AM ET",DOWN,Down,5.0,0.89,,WIN,YES,0.6179775280898872,Down,0x1476fac565c0e6ada040a2dda4269826000a159215cce316fac47aece9af3abd,56859722659473186679983138306159025943183788535778622298346923766600506446091
2026-03-31T09:54:08.491969+00:00,2026-03-31T10:00:51.863143+00:00,momentum,"Ethereum Up or Down - March 31, 5:45AM-6:00AM ET",DOWN,Down,5.0,0.93,,WIN,YES,0.37634408602150504,Down,0x07ab6410e4dc63062340e3124be224afbb8a85888d8719640e54608a05d05bef,54840759237011985494344655699511065527624402870384734112718334808289117325352
2026-03-31T09:54:16.318666+00:00,2026-03-31T10:00:51.999553+00:00,momentum,"Solana Up or Down - March 31, 5:45AM-6:00AM ET",DOWN,Down,5.0,0.97,,WIN,YES,0.1546391752577323,Down,0x8ada32b291edaf8926a7f8803c95b5c76bf3156b2ddeb3c5deb79b3cac5c6283,55251257763066070437196165715683974956365309598948732178737889797390860243666
2026-03-31T09:57:00.122071+00:00,2026-03-31T10:00:57.306583+00:00,momentum,"Bitcoin Up or Down - March 31, 5:55AM-6:00AM ET",DOWN,Down,5.0,0.98,,WIN,YES,0.1020408163265305,Down,0xe17ce6d75eef6398c11200c066efa47fb5e8fe6a07bc2257f12552ac7132e434,70027758959217013842216710560282230459048439248401262848709763631590583561693
2026-03-31T09:57:03.063674+00:00,2026-03-31T10:01:01.331964+00:00,momentum,"XRP Up or Down - March 31, 5:55AM-6:00AM ET",DOWN,Down,5.0,0.98,,WIN,YES,0.1020408163265305,Down,0xa4eab6592b4796d7c141c604bc60ddfeb1732e3d3f54660918a5520ce896e0a4,57756805300188554090707156741596921466254626024325553696345455888981138503649
2026-03-31T09:57:04.848564+00:00,2026-03-31T10:01:07.287598+00:00,momentum,"Ethereum Up or Down - March 31, 5:55AM-6:00AM ET",DOWN,Down,5.0,0.98,,WIN,YES,0.1020408163265305,Down,0x552e0a3fd98cb494c9ca795f41b8e9ecefe515d63ce0c1155105b777c1781e5e,66812401615832059738995403187990506723317195825679520801414659324378638391070
2026-03-31T09:57:05.259376+00:00,2026-03-31T10:01:11.355035+00:00,momentum,"Solana Up or Down - March 31, 5:55AM-6:00AM ET",DOWN,Down,5.0,0.98,,WIN,YES,0.1020408163265305,Down,0x3f1fca6a99681ec08c644bc6e58ee7c86a4c4e43b1eafd215bf9b97fc365abec,110707828346068022316892525870419083635184963972034537881963139000080979553132
2026-03-31T10:02:00.469462+00:00,2026-03-31T10:05:41.348050+00:00,momentum,"Bitcoin Up or Down - March 31, 6:00AM-6:05AM ET",UP,Up,5.0,0.69,,WIN,YES,2.246376811594203,Up,0xc40031f068f4cc03c88451a26457890461248de9749e2b6d9a0f686b09aa63fa,75481559144769926274302540512478692848771745656130771266384204972709096329831
2026-03-31T10:02:05.099314+00:00,2026-03-31T10:05:41.531105+00:00,momentum,"Bitcoin Up or Down - March 31, 6:00AM-6:05AM ET",UP,Up,5.0,0.74,,WIN,YES,1.756756756756757,Up,0xc40031f068f4cc03c88451a26457890461248de9749e2b6d9a0f686b09aa63fa,75481559144769926274302540512478692848771745656130771266384204972709096329831
2026-03-31T10:02:05.509990+00:00,2026-03-31T10:05:47.243713+00:00,momentum,"Ethereum Up or Down - March 31, 6:00AM-6:05AM ET",UP,Up,5.0,0.78,,WIN,YES,1.4102564102564097,Up,0xcbc2fef2b03e9e8e73cb334c2b2cab9a2d504990107331d9dcdd1ec19c3e9f5f,58016749688202561183235922394063905920272583195674388895620818496703093613575
2026-03-31T10:02:05.888385+00:00,2026-03-31T10:05:53.266915+00:00,momentum,"Solana Up or Down - March 31, 6:00AM-6:05AM ET",UP,Up,5.0,0.72,,WIN,YES,1.9444444444444446,Up,0x39dbd97ab2befdccca8071b26a080369642e13e8b960fb840b0479e0aed08756,6708430598212665664180743827424054902378223786004557289845372739929730006854
2026-03-31T10:02:06.322523+00:00,2026-03-31T10:05:57.251437+00:00,momentum,"XRP Up or Down - March 31, 6:00AM-6:05AM ET",UP,Up,5.0,0.84,,WIN,YES,0.9523809523809526,Up,0xaa8c7611606a2f0da11dda8c6f4eedfd74145b80f1a04d9a774045bb399ae1c4,86406806834926959574886052411027495867642706817461444011042197380738301663684
2026-03-31T10:02:12.394842+00:00,2026-03-31T10:05:57.383038+00:00,momentum,"Solana Up or Down - March 31, 6:00AM-6:05AM ET",UP,Up,5.0,0.73,,WIN,YES,1.8493150684931505,Up,0x39dbd97ab2befdccca8071b26a080369642e13e8b960fb840b0479e0aed08756,6708430598212665664180743827424054902378223786004557289845372739929730006854
2026-03-31T10:02:16.988531+00:00,2026-03-31T10:05:57.508362+00:00,momentum,"XRP Up or Down - March 31, 6:00AM-6:05AM ET",UP,Up,5.0,0.91,,WIN,YES,0.4945054945054945,Up,0xaa8c7611606a2f0da11dda8c6f4eedfd74145b80f1a04d9a774045bb399ae1c4,86406806834926959574886052411027495867642706817461444011042197380738301663684
2026-03-31T10:02:20.160998+00:00,2026-03-31T10:05:57.632007+00:00,momentum,"Ethereum Up or Down - March 31, 6:00AM-6:05AM ET",UP,Up,5.0,0.86,,WIN,YES,0.8139534883720927,Up,0xcbc2fef2b03e9e8e73cb334c2b2cab9a2d504990107331d9dcdd1ec19c3e9f5f,58016749688202561183235922394063905920272583195674388895620818496703093613575
2026-03-31T09:50:01.238076+00:00,2026-03-31T10:06:38.311879+00:00,momentum,"XRP Up or Down - March 31, 5:45AM-6:00AM ET",UP,Up,5.0,0.85,,LOSS,NO,-5.0,Down,0xebbf3714ca59338bceb0bf7a2a91eab25cacc3c1d37237d715e22667a843e664,102015635461135033404253086672159639020809975935127378756935791362142398776242
2026-03-31T10:07:01.696895+00:00,2026-03-31T10:10:45.177880+00:00,momentum,"Bitcoin Up or Down - March 31, 6:05AM-6:10AM ET",UP,Up,5.0,0.84,,WIN,YES,0.9523809523809526,Up,0xf4f8a026063d7227e493cf7e55f130bcf5f736704923825a4169192ac9d74c2e,96386116205567613566198510003414335800538445118442862842524749294781935049435
2026-03-31T10:07:05.615221+00:00,2026-03-31T10:10:45.314126+00:00,momentum,"Bitcoin Up or Down - March 31, 6:05AM-6:10AM ET",UP,Up,5.0,0.85,,WIN,YES,0.882352941176471,Up,0xf4f8a026063d7227e493cf7e55f130bcf5f736704923825a4169192ac9d74c2e,96386116205567613566198510003414335800538445118442862842524749294781935049435
2026-03-31T10:07:06.006585+00:00,2026-03-31T10:10:51.348777+00:00,momentum,"Ethereum Up or Down - March 31, 6:05AM-6:10AM ET",UP,Up,5.0,0.87,,WIN,YES,0.7471264367816088,Up,0x7cfa3937cbb3240ea53246353122f2b6b0e95fa2eb222e9839de61c36564d685,107974095272802045396963887982984866450743045885502928657265490407775220055091
2026-03-31T10:07:06.369555+00:00,2026-03-31T10:10:55.304417+00:00,momentum,"Solana Up or Down - March 31, 6:05AM-6:10AM ET",UP,Up,5.0,0.9,,WIN,YES,0.5555555555555554,Up,0xd0135d380b08688feb4eef44680d9a1b9e62734c6df66b343887f2e9525fdde3,32250241688932832192607159104116665339308970797307150504518601196165343281117
2026-03-31T10:07:06.753061+00:00,2026-03-31T10:11:01.288603+00:00,momentum,"XRP Up or Down - March 31, 6:05AM-6:10AM ET",UP,Up,5.0,0.8,,WIN,YES,1.25,Up,0xb9932cbee0420cd8c2b5d9443edcb0a400742d24999db829c8aa82a932232c50,49151586661954650829205184325775601045712776462752741086199380885391187970901
2026-03-31T10:07:38.787612+00:00,2026-03-31T10:11:01.424131+00:00,momentum,"XRP Up or Down - March 31, 6:05AM-6:10AM ET",UP,Up,5.0,0.83,,WIN,YES,1.024096385542169,Up,0xb9932cbee0420cd8c2b5d9443edcb0a400742d24999db829c8aa82a932232c50,49151586661954650829205184325775601045712776462752741086199380885391187970901
2026-03-31T10:07:41.717791+00:00,2026-03-31T10:11:01.550008+00:00,momentum,"Ethereum Up or Down - March 31, 6:05AM-6:10AM ET",UP,Up,5.0,0.9,,WIN,YES,0.5555555555555554,Up,0x7cfa3937cbb3240ea53246353122f2b6b0e95fa2eb222e9839de61c36564d685,107974095272802045396963887982984866450743045885502928657265490407775220055091
2026-03-31T10:07:48.697381+00:00,2026-03-31T10:11:01.705433+00:00,momentum,"Solana Up or Down - March 31, 6:05AM-6:10AM ET",UP,Up,5.0,0.91,,WIN,YES,0.4945054945054945,Up,0xd0135d380b08688feb4eef44680d9a1b9e62734c6df66b343887f2e9525fdde3,32250241688932832192607159104116665339308970797307150504518601196165343281117
2026-03-31T10:05:01.043457+00:00,2026-03-31T10:15:47.353162+00:00,momentum,"Ethereum Up or Down - March 31, 6:00AM-6:15AM ET",UP,Up,5.0,0.78,,WIN,YES,1.4102564102564097,Up,0x89d194a2756b0285c6880eda5dff31a8228826f33c7c02990acd0477ec507dfa,59627336272072262427289888102530045164724246164417615463647904142368387003136
2026-03-31T10:05:01.578987+00:00,2026-03-31T10:15:53.375655+00:00,momentum,"Bitcoin Up or Down - March 31, 6:00AM-6:15AM ET",UP,Up,5.0,0.86,,WIN,YES,0.8139534883720927,Up,0xa2a0b7ce2df74ccc00fa914516d6f1a2208d60ac35a3d4787077697683e3041c,13431058206974877448348396394500487118235518268419485226913162691599455566048
2026-03-31T10:05:03.891851+00:00,2026-03-31T10:15:57.303204+00:00,momentum,"XRP Up or Down - March 31, 6:00AM-6:15AM ET",UP,Up,5.0,0.87,,WIN,YES,0.7471264367816088,Up,0x223e3eb04636e0186e3ab5c06f59c8013cf1b5b60b59b6e832c0646aaf0b3f65,41107778688654346834926597966599751700335949808876918866849855353877878939429
2026-03-31T10:05:35.516629+00:00,2026-03-31T10:16:03.382295+00:00,momentum,"Solana Up or Down - March 31, 6:00AM-6:15AM ET",UP,Up,5.0,0.67,,WIN,YES,2.4626865671641784,Up,0x5847c32a74ffe2ca01904b1aea90b83b8e3bdf0a6e6643ed0fb2a428c3fa45ab,60077091504747780479446587659146858795787425753617828931201080942445777998873
2026-03-31T10:09:01.507344+00:00,2026-03-31T10:16:03.595875+00:00,momentum,"Ethereum Up or Down - March 31, 6:00AM-6:15AM ET",UP,Up,5.0,0.95,,WIN,YES,0.2631578947368425,Up,0x89d194a2756b0285c6880eda5dff31a8228826f33c7c02990acd0477ec507dfa,59627336272072262427289888102530045164724246164417615463647904142368387003136
2026-03-31T10:09:03.836567+00:00,2026-03-31T10:16:03.790719+00:00,momentum,"Bitcoin Up or Down - March 31, 6:00AM-6:15AM ET",UP,Up,5.0,0.98,,WIN,YES,0.1020408163265305,Up,0xa2a0b7ce2df74ccc00fa914516d6f1a2208d60ac35a3d4787077697683e3041c,13431058206974877448348396394500487118235518268419485226913162691599455566048
2026-03-31T10:09:04.992995+00:00,2026-03-31T10:16:03.986127+00:00,momentum,"XRP Up or Down - March 31, 6:00AM-6:15AM ET",UP,Up,5.0,0.95,,WIN,YES,0.2631578947368425,Up,0x223e3eb04636e0186e3ab5c06f59c8013cf1b5b60b59b6e832c0646aaf0b3f65,41107778688654346834926597966599751700335949808876918866849855353877878939429
2026-03-31T10:09:36.813154+00:00,2026-03-31T10:16:04.158756+00:00,momentum,"Solana Up or Down - March 31, 6:00AM-6:15AM ET",UP,Up,5.0,0.93,,WIN,YES,0.37634408602150504,Up,0x5847c32a74ffe2ca01904b1aea90b83b8e3bdf0a6e6643ed0fb2a428c3fa45ab,60077091504747780479446587659146858795787425753617828931201080942445777998873
2026-03-31T10:12:00.521958+00:00,2026-03-31T10:16:09.333757+00:00,momentum,"XRP Up or Down - March 31, 6:10AM-6:15AM ET",UP,Up,5.0,0.88,,WIN,YES,0.6818181818181817,Up,0xc46d96a10b9ba277fe926eedc16fa313eb1a2e60443ccdffc232225a54d72c07,38840193138797446251907774511472217864618005523927297158747535372095247888276
2026-03-31T10:13:09.018662+00:00,2026-03-31T10:16:13.280280+00:00,momentum,"Ethereum Up or Down - March 31, 6:10AM-6:15AM ET",UP,Up,5.0,0.67,,WIN,YES,2.4626865671641784,Up,0x224159cbff37e4bfaedea44213fca1b77b1a8d6211ba7fefb3bfbf73aae9e555,9805301623995027610187304651326284119915921989024781767102709115623483116021
2026-03-31T10:13:12.805254+00:00,2026-03-31T10:16:19.291424+00:00,momentum,"Bitcoin Up or Down - March 31, 6:10AM-6:15AM ET",UP,Up,5.0,0.66,,WIN,YES,2.5757575757575752,Up,0x7489f43999fbfe8a0b9367971d44558e7f253446e96fea677dae4d17e5ca7a19,81758387470432803848673260764241875864327549838085632780337463423216760309889
2026-03-31T10:13:16.119404+00:00,2026-03-31T10:16:19.502200+00:00,momentum,"Bitcoin Up or Down - March 31, 6:10AM-6:15AM ET",UP,Up,5.0,0.7,,WIN,YES,2.1428571428571432,Up,0x7489f43999fbfe8a0b9367971d44558e7f253446e96fea677dae4d17e5ca7a19,81758387470432803848673260764241875864327549838085632780337463423216760309889
2026-03-31T10:13:16.554085+00:00,2026-03-31T10:16:19.659005+00:00,momentum,"Ethereum Up or Down - March 31, 6:10AM-6:15AM ET",UP,Up,5.0,0.71,,WIN,YES,2.042253521126761,Up,0x224159cbff37e4bfaedea44213fca1b77b1a8d6211ba7fefb3bfbf73aae9e555,9805301623995027610187304651326284119915921989024781767102709115623483116021
2026-03-31T10:13:39.544654+00:00,2026-03-31T10:16:19.785431+00:00,momentum,"XRP Up or Down - March 31, 6:10AM-6:15AM ET",UP,Up,5.0,0.89,,WIN,YES,0.6179775280898872,Up,0xc46d96a10b9ba277fe926eedc16fa313eb1a2e60443ccdffc232225a54d72c07,38840193138797446251907774511472217864618005523927297158747535372095247888276
2026-03-31T10:14:09.432561+00:00,2026-03-31T10:16:23.408221+00:00,momentum,"Solana Up or Down - March 31, 6:10AM-6:15AM ET",DOWN,Down,5.0,0.66,,WIN,YES,2.5757575757575752,Down,0x16e66dca8066f4d8e7850e6711c9537acb43b2216e91d5da0f858f518c0f93da,74031390730178406721501755219283909259393038908522158828327455088540438695868
2026-03-31T10:14:11.457768+00:00,2026-03-31T10:16:23.533579+00:00,momentum,"Solana Up or Down - March 31, 6:10AM-6:15AM ET",DOWN,Down,5.0,0.67,,WIN,YES,2.4626865671641784,Down,0x16e66dca8066f4d8e7850e6711c9537acb43b2216e91d5da0f858f518c0f93da,74031390730178406721501755219283909259393038908522158828327455088540438695868
2026-03-31T10:17:01.384931+00:00,2026-03-31T10:20:49.451180+00:00,momentum,"Ethereum Up or Down - March 31, 6:15AM-6:20AM ET",UP,Up,5.0,0.91,,WIN,YES,0.4945054945054945,Up,0xc78fb3d205afd6fcc7994e0d91f92375fc05b7776952ac3ff73df0ac980c0868,7758235511783387899063099600481149271612332190883328712010063604550676587923
2026-03-31T10:17:28.523002+00:00,2026-03-31T10:20:49.751451+00:00,momentum,"Ethereum Up or Down - March 31, 6:15AM-6:20AM ET",UP,Up,5.0,0.92,,WIN,YES,0.43478260869565233,Up,0xc78fb3d205afd6fcc7994e0d91f92375fc05b7776952ac3ff73df0ac980c0868,7758235511783387899063099600481149271612332190883328712010063604550676587923
2026-03-31T10:22:00.832615+00:00,2026-03-31T10:24:53.093398+00:00,momentum,"XRP Up or Down - March 31, 6:20AM-6:25AM ET",DOWN,Down,5.0,0.69,,LOSS,NO,-5.0,,0xd97f9f023c68a8a1bd1ec6bfd172f6c9f2cc4d3819217023a7ae60da02684367,20748136365556348622872521690632359818245298245551936549662698080318617654597
2026-03-31T10:22:04.623524+00:00,2026-03-31T10:24:53.236641+00:00,momentum,"XRP Up or Down - March 31, 6:20AM-6:25AM ET",DOWN,Down,5.0,0.7,,LOSS,NO,-5.0,,0xd97f9f023c68a8a1bd1ec6bfd172f6c9f2cc4d3819217023a7ae60da02684367,20748136365556348622872521690632359818245298245551936549662698080318617654597
2026-03-31T10:22:26.022287+00:00,2026-03-31T10:24:53.607771+00:00,momentum,"Bitcoin Up or Down - March 31, 6:20AM-6:25AM ET",UP,Up,5.0,0.7,,WIN,YES,2.1428571428571432,Up,0x88a1d76ac90ede26668e14069bcd15e95ccc75297b5c1b47e482e1499f9e2739,59797945788318833490673170888515770933150299329491454586247365980598052779517
2026-03-31T10:22:26.412009+00:00,2026-03-31T10:24:54.057133+00:00,momentum,"Ethereum Up or Down - March 31, 6:20AM-6:25AM ET",UP,Up,5.0,0.78,,WIN,YES,1.4102564102564097,Up,0x5a5c850cb1c872d60db1a93fed0caaaedecb640686e7f9ceceaafc938e99c35b,61254642073481948368046806792670719691524989075050161715245200721910577791668
2026-03-31T10:22:36.990949+00:00,2026-03-31T10:24:54.057574+00:00,momentum,"Bitcoin Up or Down - March 31, 6:20AM-6:25AM ET",UP,Up,5.0,0.73,,WIN,YES,1.8493150684931505,Up,0x88a1d76ac90ede26668e14069bcd15e95ccc75297b5c1b47e482e1499f9e2739,59797945788318833490673170888515770933150299329491454586247365980598052779517
2026-03-31T10:23:02.431442+00:00,2026-03-31T10:24:54.252844+00:00,momentum,"Ethereum Up or Down - March 31, 6:20AM-6:25AM ET",UP,Up,5.0,0.92,,WIN,YES,0.43478260869565233,Up,0x5a5c850cb1c872d60db1a93fed0caaaedecb640686e7f9ceceaafc938e99c35b,61254642073481948368046806792670719691524989075050161715245200721910577791668
2026-03-31T10:17:00.906654+00:00,2026-03-31T10:26:57.362614+00:00,momentum,"Bitcoin Up or Down - March 31, 6:15AM-6:20AM ET",UP,Up,5.0,0.88,,LOSS,NO,-5.0,Down,0xbef23f6581a82df6b4f2c9dd6d1539f9776b84f6e95b9947cf3f53e4710e48cb,73862067439270672928372763024918211503683613755374085966093561666879857888454
2026-03-31T10:17:01.804311+00:00,2026-03-31T10:26:57.408528+00:00,momentum,"Solana Up or Down - March 31, 6:15AM-6:20AM ET",UP,Up,5.0,0.91,,LOSS,NO,-5.0,Down,0xc27afb05c06113f96b2fa3667cb0565e817849e6662c374eca32c66b17ca4e1a,81641854566608020703246229560645943661159917862028494031276920286137827928982
2026-03-31T10:17:02.247535+00:00,2026-03-31T10:26:57.449760+00:00,momentum,"XRP Up or Down - March 31, 6:15AM-6:20AM ET",UP,Up,5.0,0.8,,LOSS,NO,-5.0,Down,0x73057bf0a4c363aad97c462d568964493de94069443877a2abff6726660d0303,35284305725681095378391662649620753808911911840851477691253029232495403182043
2026-03-31T10:17:07.593195+00:00,2026-03-31T10:26:57.450509+00:00,momentum,"Solana Up or Down - March 31, 6:15AM-6:20AM ET",UP,Up,5.0,0.93,,LOSS,NO,-5.0,Down,0xc27afb05c06113f96b2fa3667cb0565e817849e6662c374eca32c66b17ca4e1a,81641854566608020703246229560645943661159917862028494031276920286137827928982
2026-03-31T10:17:07.958721+00:00,2026-03-31T10:26:57.450625+00:00,momentum,"XRP Up or Down - March 31, 6:15AM-6:20AM ET",UP,Up,5.0,0.85,,LOSS,NO,-5.0,Down,0x73057bf0a4c363aad97c462d568964493de94069443877a2abff6726660d0303,35284305725681095378391662649620753808911911840851477691253029232495403182043
2026-03-31T10:17:14.779588+00:00,2026-03-31T10:26:57.450788+00:00,momentum,"Bitcoin Up or Down - March 31, 6:15AM-6:20AM ET",UP,Up,5.0,0.91,,LOSS,NO,-5.0,Down,0xbef23f6581a82df6b4f2c9dd6d1539f9776b84f6e95b9947cf3f53e4710e48cb,73862067439270672928372763024918211503683613755374085966093561666879857888454
2026-03-31T10:20:02.280454+00:00,2026-03-31T10:29:56.157594+00:00,momentum,"Solana Up or Down - March 31, 6:15AM-6:30AM ET",DOWN,Down,5.0,0.7,,LOSS,NO,-5.0,,0x3eb28c11dd18768dcb833781cbe7e33edee5426738e8bfeeb0791d23fecafb99,19644960296826180118722257201384047825067709340824429659249896595374957251339
2026-03-31T10:20:55.532356+00:00,2026-03-31T10:29:56.593661+00:00,momentum,"Ethereum Up or Down - March 31, 6:15AM-6:30AM ET",UP,Up,5.0,0.65,,WIN,YES,2.6923076923076916,Up,0xb312ae0967f649e3a58d67583b51cfe90014f060f065e4c39bce04b72c44836f,65023483764051891942566942773740833366752064335514271998758866173195399046482
2026-03-31T10:24:56.801797+00:00,2026-03-31T10:29:57.150085+00:00,momentum,"Ethereum Up or Down - March 31, 6:15AM-6:30AM ET",UP,Up,5.0,0.84,,WIN,YES,0.9523809523809526,Up,0xb312ae0967f649e3a58d67583b51cfe90014f060f065e4c39bce04b72c44836f,65023483764051891942566942773740833366752064335514271998758866173195399046482
2026-03-31T10:27:04.563072+00:00,2026-03-31T10:29:57.766140+00:00,momentum,"Bitcoin Up or Down - March 31, 6:25AM-6:30AM ET",DOWN,Down,5.0,0.84,,WIN,YES,0.9523809523809526,Down,0xd61309fe81349fc17c7bd0d303c033ff59a2e89a653fa8a0cb56e5b4712cd4d7,23462404040984535958279344708652663676608646707570225078025362179828282915562
2026-03-31T10:27:05.020263+00:00,2026-03-31T10:29:58.390912+00:00,momentum,"Ethereum Up or Down - March 31, 6:25AM-6:30AM ET",DOWN,Down,5.0,0.73,,WIN,YES,1.8493150684931505,Down,0x6bd8db31272a518f4ede9afa750f08d050425d991058cabcdf07d1488f9b03f4,82828722302606693025198868914300527540475205772989112845316155280910998963989
2026-03-31T10:27:05.500446+00:00,2026-03-31T10:29:58.940038+00:00,momentum,"Solana Up or Down - March 31, 6:25AM-6:30AM ET",DOWN,Down,5.0,0.8,,WIN,YES,1.25,Down,0x503aaa74455c7fd2d27193a2eafbb42237b5a579ea9e096648f6da8e26bbcb5c,67708335409206567151997594220729265155083812386166095814044514125890264768562
2026-03-31T10:27:09.325536+00:00,2026-03-31T10:29:59.125405+00:00,momentum,"Bitcoin Up or Down - March 31, 6:25AM-6:30AM ET",DOWN,Down,5.0,0.85,,WIN,YES,0.882352941176471,Down,0xd61309fe81349fc17c7bd0d303c033ff59a2e89a653fa8a0cb56e5b4712cd4d7,23462404040984535958279344708652663676608646707570225078025362179828282915562
2026-03-31T10:27:09.969426+00:00,2026-03-31T10:29:59.126718+00:00,momentum,"Ethereum Up or Down - March 31, 6:25AM-6:30AM ET",DOWN,Down,5.0,0.76,,WIN,YES,1.5789473684210522,Down,0x6bd8db31272a518f4ede9afa750f08d050425d991058cabcdf07d1488f9b03f4,82828722302606693025198868914300527540475205772989112845316155280910998963989
2026-03-31T10:27:12.222489+00:00,2026-03-31T10:29:59.126882+00:00,momentum,"Solana Up or Down - March 31, 6:25AM-6:30AM ET",DOWN,Down,5.0,0.82,,WIN,YES,1.0975609756097562,Down,0x503aaa74455c7fd2d27193a2eafbb42237b5a579ea9e096648f6da8e26bbcb5c,67708335409206567151997594220729265155083812386166095814044514125890264768562
2026-03-31T10:22:02.279911+00:00,2026-03-31T10:30:56.557820+00:00,momentum,"Solana Up or Down - March 31, 6:20AM-6:25AM ET",DOWN,Down,5.0,0.75,,LOSS,NO,-5.0,Up,0xdbd046c5529af40b34bb0856b8e6e7a475b140cf2db9cd01e66ae8b40201ed76,35819045993114308467504626426631958869715133168738928283024852710945430873502
2026-03-31T10:22:58.727456+00:00,2026-03-31T10:31:01.338411+00:00,momentum,"Bitcoin Up or Down - March 31, 6:15AM-6:30AM ET",UP,Up,5.0,0.76,,WIN,YES,1.5789473684210522,Up,0x5448c2aefc737daef08b3a9a9e58a5453cea6cdfc99e3d897703ca05d5280016,109375550839006831244505137856029430872440676976642055038010315325082076437382
2026-03-31T10:23:02.838875+00:00,2026-03-31T10:33:02.996560+00:00,momentum,"XRP Up or Down - March 31, 6:15AM-6:30AM ET",UP,Up,5.0,0.71,,WIN,YES,2.042253521126761,Up,0x87170757cbc21f9daa45f5304221f03c5fefb3a06c03eabeae876e2be0bd73d7,83470000438238769877026002886378623594137362656527429704041161968992911375658
2026-03-31T10:27:05.943206+00:00,2026-03-31T10:33:07.643705+00:00,momentum,"XRP Up or Down - March 31, 6:25AM-6:30AM ET",DOWN,Down,5.0,0.89,,WIN,YES,0.6179775280898872,Down,0xdd23b959a87ac6d4699ba9fd702eacc03427d70dcb9bb0f22bd58d8f9b1a4684,26091086860131190904417243973114777542673760697933938290425686938003643415149
2026-03-31T10:27:12.621403+00:00,2026-03-31T10:33:07.643905+00:00,momentum,"XRP Up or Down - March 31, 6:25AM-6:30AM ET",DOWN,Down,5.0,0.91,,WIN,YES,0.4945054945054945,Down,0xdd23b959a87ac6d4699ba9fd702eacc03427d70dcb9bb0f22bd58d8f9b1a4684,26091086860131190904417243973114777542673760697933938290425686938003643415149
2026-03-31T10:29:47.207837+00:00,2026-03-31T10:33:07.792711+00:00,momentum,"Bitcoin Up or Down - March 31, 6:15AM-6:30AM ET",UP,Up,5.0,0.79,,WIN,YES,1.3291139240506329,Up,0x5448c2aefc737daef08b3a9a9e58a5453cea6cdfc99e3d897703ca05d5280016,109375550839006831244505137856029430872440676976642055038010315325082076437382
2026-03-31T10:29:49.012524+00:00,2026-03-31T10:33:07.792867+00:00,momentum,"XRP Up or Down - March 31, 6:15AM-6:30AM ET",UP,Up,5.0,0.76,,WIN,YES,1.5789473684210522,Up,0x87170757cbc21f9daa45f5304221f03c5fefb3a06c03eabeae876e2be0bd73d7,83470000438238769877026002886378623594137362656527429704041161968992911375658
2026-03-31T10:33:09.862281+00:00,2026-03-31T10:35:17.910265+00:00,momentum,"Bitcoin Up or Down - March 31, 6:30AM-6:35AM ET",DOWN,Down,5.0,0.68,,WIN,YES,2.352941176470588,Down,0x8980b97d2b09bdf8d8a19aeb7c3f60c024b6d9241feab09297bd762b0697c431,59105591597965630039831189684597100253704007514977393664593468782041111957961
2026-03-31T10:33:26.606757+00:00,2026-03-31T10:35:17.910613+00:00,momentum,"Bitcoin Up or Down - March 31, 6:30AM-6:35AM ET",DOWN,Down,5.0,0.7,,WIN,YES,2.1428571428571432,Down,0x8980b97d2b09bdf8d8a19aeb7c3f60c024b6d9241feab09297bd762b0697c431,59105591597965630039831189684597100253704007514977393664593468782041111957961
2026-03-31T10:33:34.025086+00:00,2026-03-31T10:35:18.223680+00:00,momentum,"XRP Up or Down - March 31, 6:30AM-6:35AM ET",UP,Up,5.0,0.78,,LOSS,NO,-5.0,,0x192141704937db3421c96902b64455be0438a97667c125a678e1b9e3b9cf0080,35795311115874550354611129690232710689880374367419486148451486498393509747038
2026-03-31T10:33:54.729836+00:00,2026-03-31T10:35:18.362706+00:00,momentum,"XRP Up or Down - March 31, 6:30AM-6:35AM ET",UP,Up,5.0,0.79,,LOSS,NO,-5.0,,0x192141704937db3421c96902b64455be0438a97667c125a678e1b9e3b9cf0080,35795311115874550354611129690232710689880374367419486148451486498393509747038
2026-03-31T10:33:33.578731+00:00,2026-03-31T10:39:21.424823+00:00,momentum,"Ethereum Up or Down - March 31, 6:30AM-6:35AM ET",UP,Up,5.0,0.65,,LOSS,NO,-5.0,Down,0x5f1944a67e33d11e6e10ed13925b0d87269ce78313432f33d4eac938225945e2,7688608706421397199359070357084455665782803776508211980497938546322092125314
2026-03-31T10:33:43.008948+00:00,2026-03-31T10:39:21.672089+00:00,momentum,"Solana Up or Down - March 31, 6:30AM-6:35AM ET",UP,Up,5.0,0.67,,LOSS,NO,-5.0,Down,0x7e209e7a44521e97adc6a35f38efdf4a33b3a67d2b142169c9fa9af442049225,15160651925260173491620253251525700197900674422222865459096532201924956326663
2026-03-31T10:33:46.978218+00:00,2026-03-31T10:39:21.707616+00:00,momentum,"Solana Up or Down - March 31, 6:30AM-6:35AM ET",UP,Up,5.0,0.72,,LOSS,NO,-5.0,Down,0x7e209e7a44521e97adc6a35f38efdf4a33b3a67d2b142169c9fa9af442049225,15160651925260173491620253251525700197900674422222865459096532201924956326663
2026-03-31T10:33:49.991301+00:00,2026-03-31T10:39:21.727380+00:00,momentum,"Ethereum Up or Down - March 31, 6:30AM-6:35AM ET",UP,Up,5.0,0.7,,LOSS,NO,-5.0,Down,0x5f1944a67e33d11e6e10ed13925b0d87269ce78313432f33d4eac938225945e2,7688608706421397199359070357084455665782803776508211980497938546322092125314
2026-03-31T10:37:02.890765+00:00,2026-03-31T10:40:22.449412+00:00,momentum,"Bitcoin Up or Down - March 31, 6:35AM-6:40AM ET",UP,Up,5.0,0.75,,WIN,YES,1.666666666666667,Up,0xa2132ddad32a656d4cc545bf9346e104393e512a8751e559db28fe5ce50027b4,20873883798519603082417430607159053830334592905576510706739201144667203315554
2026-03-31T10:37:03.302870+00:00,2026-03-31T10:40:22.636503+00:00,momentum,"Ethereum Up or Down - March 31, 6:35AM-6:40AM ET",UP,Up,5.0,0.75,,LOSS,NO,-5.0,,0xcefd4defedaa52da532591bd9dac3bd9d9425a42ad705e12c6b6201cd7d44b02,4646716470864911783575947148912752850282704025802915790530973435817732279132
2026-03-31T10:37:12.314695+00:00,2026-03-31T10:40:23.105921+00:00,momentum,"XRP Up or Down - March 31, 6:35AM-6:40AM ET",DOWN,Down,5.0,0.71,,WIN,YES,2.042253521126761,Down,0x101d757cc15c369813bc1f1874db65cb32b0cc3135b4eb10b7d1ecade65c9ec6,624353173406363172960874227848702704076711344931290497733989096571484962207
2026-03-31T10:37:23.652671+00:00,2026-03-31T10:40:23.106093+00:00,momentum,"XRP Up or Down - March 31, 6:35AM-6:40AM ET",DOWN,Down,5.0,0.77,,WIN,YES,1.4935064935064934,Down,0x101d757cc15c369813bc1f1874db65cb32b0cc3135b4eb10b7d1ecade65c9ec6,624353173406363172960874227848702704076711344931290497733989096571484962207
2026-03-31T10:37:27.281919+00:00,2026-03-31T10:40:23.547078+00:00,momentum,"Solana Up or Down - March 31, 6:35AM-6:40AM ET",DOWN,Down,5.0,0.71,,WIN,YES,2.042253521126761,Down,0x4f8689727b4b9397f5d3a8656924f516d69f317b813902320ed6bd4c6919a90e,93570345396525081409777869728480676652089656722987999751184177478721935785960
2026-03-31T10:37:31.024338+00:00,2026-03-31T10:40:23.547357+00:00,momentum,"Solana Up or Down - March 31, 6:35AM-6:40AM ET",DOWN,Down,5.0,0.72,,WIN,YES,1.9444444444444446,Down,0x4f8689727b4b9397f5d3a8656924f516d69f317b813902320ed6bd4c6919a90e,93570345396525081409777869728480676652089656722987999751184177478721935785960
2026-03-31T10:38:34.796491+00:00,2026-03-31T10:40:23.681914+00:00,momentum,"Ethereum Up or Down - March 31, 6:35AM-6:40AM ET",UP,Up,5.0,0.8,,LOSS,NO,-5.0,,0xcefd4defedaa52da532591bd9dac3bd9d9425a42ad705e12c6b6201cd7d44b02,4646716470864911783575947148912752850282704025802915790530973435817732279132
2026-03-31T10:38:38.130992+00:00,2026-03-31T10:40:23.683941+00:00,momentum,"Bitcoin Up or Down - March 31, 6:35AM-6:40AM ET",UP,Up,5.0,0.84,,WIN,YES,0.9523809523809526,Up,0xa2132ddad32a656d4cc545bf9346e104393e512a8751e559db28fe5ce50027b4,20873883798519603082417430607159053830334592905576510706739201144667203315554
2026-03-31T10:35:00.401470+00:00,2026-03-31T10:45:40.050783+00:00,momentum,"Bitcoin Up or Down - March 31, 6:30AM-6:45AM ET",DOWN,Down,5.0,0.66,,WIN,YES,2.5757575757575752,Down,0x4345e5c577a877f93a607bb10e9ff79b239c637155e6c04a7920159e963a2a7a,100546998531551502223655968850598035315334739416326897484308923051923974875569
2026-03-31T10:35:01.160485+00:00,2026-03-31T10:45:40.493842+00:00,momentum,"Ethereum Up or Down - March 31, 6:30AM-6:45AM ET",DOWN,Down,5.0,0.68,,WIN,YES,2.352941176470588,Down,0x7848792cc326f8e6cf8a3ff8ee8b79ab295d7d0f188a0436c8c7c65ea08b261e,70427682795338712323757543730817166589334168026367357152516499880073593768734
2026-03-31T10:35:53.793476+00:00,2026-03-31T10:45:40.642881+00:00,momentum,"XRP Up or Down - March 31, 6:30AM-6:45AM ET",DOWN,Down,5.0,0.65,,LOSS,NO,-5.0,,0xce6d8e60e47e4cc28bc1e1d60e0747556ef70fb970c9dc562817a30ee264d071,29422035906970704480290267669300862544737633256014071044901833833400687730517
2026-03-31T10:37:31.427071+00:00,2026-03-31T10:45:41.013385+00:00,momentum,"Solana Up or Down - March 31, 6:30AM-6:45AM ET",DOWN,Down,5.0,0.65,,WIN,YES,2.6923076923076916,Down,0x2df14557ba2ec32760301590e547b6d844bc5d4a913a3c9a5a648465b8bb0b52,106702616015537328675582320366227413236155271791414504902824736785209447664132
2026-03-31T10:39:02.149876+00:00,2026-03-31T10:45:41.013537+00:00,momentum,"Ethereum Up or Down - March 31, 6:30AM-6:45AM ET",DOWN,Down,5.0,0.84,,WIN,YES,0.9523809523809526,Down,0x7848792cc326f8e6cf8a3ff8ee8b79ab295d7d0f188a0436c8c7c65ea08b261e,70427682795338712323757543730817166589334168026367357152516499880073593768734
2026-03-31T10:39:34.139668+00:00,2026-03-31T10:45:41.013651+00:00,momentum,"Bitcoin Up or Down - March 31, 6:30AM-6:45AM ET",DOWN,Down,5.0,0.85,,WIN,YES,0.882352941176471,Down,0x4345e5c577a877f93a607bb10e9ff79b239c637155e6c04a7920159e963a2a7a,100546998531551502223655968850598035315334739416326897484308923051923974875569
2026-03-31T10:39:54.746937+00:00,2026-03-31T10:45:41.013800+00:00,momentum,"XRP Up or Down - March 31, 6:30AM-6:45AM ET",DOWN,Down,5.0,0.82,,LOSS,NO,-5.0,,0xce6d8e60e47e4cc28bc1e1d60e0747556ef70fb970c9dc562817a30ee264d071,29422035906970704480290267669300862544737633256014071044901833833400687730517
2026-03-31T10:41:32.203151+00:00,2026-03-31T10:45:41.013870+00:00,momentum,"Solana Up or Down - March 31, 6:30AM-6:45AM ET",DOWN,Down,5.0,0.98,,WIN,YES,0.1020408163265305,Down,0x2df14557ba2ec32760301590e547b6d844bc5d4a913a3c9a5a648465b8bb0b52,106702616015537328675582320366227413236155271791414504902824736785209447664132
2026-03-31T10:42:00.808790+00:00,2026-03-31T10:45:41.415868+00:00,momentum,"Bitcoin Up or Down - March 31, 6:40AM-6:45AM ET",UP,Up,5.0,0.67,,WIN,YES,2.4626865671641784,Up,0x6e5bda505289cb1ce21eef57e56bd615f69d84079bd1c199f4fc5207cbf9b956,74889785944779895317764559193766833366385427554459229357599593389155630353104
2026-03-31T10:42:01.379366+00:00,2026-03-31T10:45:41.806136+00:00,momentum,"Solana Up or Down - March 31, 6:40AM-6:45AM ET",DOWN,Down,5.0,0.74,,WIN,YES,1.756756756756757,Down,0x142754eeee7bc53b9f923f92709286296a215fdcc3604e7bd30d05d304347625,97818755789528554523416431419129509199426675364817740432993284306603983116988
2026-03-31T10:42:03.414084+00:00,2026-03-31T10:45:42.209504+00:00,momentum,"XRP Up or Down - March 31, 6:40AM-6:45AM ET",UP,Up,5.0,0.94,,WIN,YES,0.31914893617021267,Up,0x34af16eb908d801350d6b68d3f7e26d43952227310e378440e69e78750c6f821,69389418743619485104161107375784385788329203998916881934596447295532494254913
2026-03-31T10:42:09.336446+00:00,2026-03-31T10:45:42.210047+00:00,momentum,"Bitcoin Up or Down - March 31, 6:40AM-6:45AM ET",UP,Up,5.0,0.71,,WIN,YES,2.042253521126761,Up,0x6e5bda505289cb1ce21eef57e56bd615f69d84079bd1c199f4fc5207cbf9b956,74889785944779895317764559193766833366385427554459229357599593389155630353104
2026-03-31T10:47:00.661659+00:00,2026-03-31T10:49:53.786583+00:00,momentum,"Ethereum Up or Down - March 31, 6:45AM-6:50AM ET",UP,Up,5.0,0.78,,WIN,YES,1.4102564102564097,Up,0x325ee9915966d1773df25d6135806dae5aa3e02b196aeccf2e94ae353d219716,80141177860685104658275477142103582989940716963818945067347599954054191760426
2026-03-31T10:47:12.155554+00:00,2026-03-31T10:49:53.786743+00:00,momentum,"Ethereum Up or Down - March 31, 6:45AM-6:50AM ET",UP,Up,5.0,0.81,,WIN,YES,1.1728395061728394,Up,0x325ee9915966d1773df25d6135806dae5aa3e02b196aeccf2e94ae353d219716,80141177860685104658275477142103582989940716963818945067347599954054191760426
2026-03-31T10:47:19.077669+00:00,2026-03-31T10:49:54.228254+00:00,momentum,"Bitcoin Up or Down - March 31, 6:45AM-6:50AM ET",UP,Up,5.0,0.67,,WIN,YES,2.4626865671641784,Up,0x050387b5e6d4fa91d506a72fc691481996738e456f38f92f1caf81bed75865d0,98958647371959282920630409115116838475121977374798149425249951834691958192441
2026-03-31T10:47:22.818466+00:00,2026-03-31T10:49:54.228798+00:00,momentum,"Bitcoin Up or Down - March 31, 6:45AM-6:50AM ET",UP,Up,5.0,0.69,,WIN,YES,2.246376811594203,Up,0x050387b5e6d4fa91d506a72fc691481996738e456f38f92f1caf81bed75865d0,98958647371959282920630409115116838475121977374798149425249951834691958192441
2026-03-31T10:48:19.251349+00:00,2026-03-31T10:49:54.679674+00:00,momentum,"Solana Up or Down - March 31, 6:45AM-6:50AM ET",UP,Up,5.0,0.65,,WIN,YES,2.6923076923076916,Up,0xc146c42f0751587cf5914b91d1ddbb4f42d6bfef83afc7d6bab7bd590c5f26e6,62731248612497653738374942495149167407198318103803656605566500902191420529861
2026-03-31T10:48:47.503941+00:00,2026-03-31T10:49:54.889304+00:00,momentum,"Solana Up or Down - March 31, 6:45AM-6:50AM ET",UP,Up,5.0,0.67,,WIN,YES,2.4626865671641784,Up,0xc146c42f0751587cf5914b91d1ddbb4f42d6bfef83afc7d6bab7bd590c5f26e6,62731248612497653738374942495149167407198318103803656605566500902191420529861
2026-03-31T10:48:36.829244+00:00,2026-03-31T10:50:54.603578+00:00,momentum,"XRP Up or Down - March 31, 6:45AM-6:50AM ET",DOWN,Down,5.0,0.75,,LOSS,NO,-5.0,,0x1af20888b789745387ba5bfafd74e027cecb357071202e96d187ec4e9872b9ca,77421396331051012948269560493228132520753431293550058348925759091001717534209
2026-03-31T10:48:40.411122+00:00,2026-03-31T10:50:54.604506+00:00,momentum,"XRP Up or Down - March 31, 6:45AM-6:50AM ET",DOWN,Down,5.0,0.77,,LOSS,NO,-5.0,,0x1af20888b789745387ba5bfafd74e027cecb357071202e96d187ec4e9872b9ca,77421396331051012948269560493228132520753431293550058348925759091001717534209
2026-03-31T10:52:10.402697+00:00,2026-03-31T10:55:01.315253+00:00,momentum,"Solana Up or Down - March 31, 6:50AM-6:55AM ET",UP,Up,5.0,0.94,,WIN,YES,0.31914893617021267,Up,0xc120c9a11ce06bf05c123bfa1549c141dd1e49ea343a532e36a7c85d85cd70c3,3916091801551532772222351608703379383745668038485032535377159159259408494920
2026-03-31T10:52:13.668729+00:00,2026-03-31T10:55:01.848142+00:00,momentum,"Bitcoin Up or Down - March 31, 6:50AM-6:55AM ET",UP,Up,5.0,0.86,,WIN,YES,0.8139534883720927,Up,0x148f06cf3580bdf3e2f12bc9a19a3ef4b0f05d06a1c247f28693876fce64d405,16380322727072379050795345109485160746307307871858532668273400195978791818441
2026-03-31T10:52:14.095643+00:00,2026-03-31T10:55:02.347950+00:00,momentum,"Ethereum Up or Down - March 31, 6:50AM-6:55AM ET",UP,Up,5.0,0.91,,WIN,YES,0.4945054945054945,Up,0x84fac2a47215b41293dce34f8c199c9ac1e47d67dec910d6fe5b3ec3a8900d94,41542562231420152475092661463681244673808649191879159435025209186114056584014
2026-03-31T10:52:14.522677+00:00,2026-03-31T10:55:02.348257+00:00,momentum,"Solana Up or Down - March 31, 6:50AM-6:55AM ET",UP,Up,5.0,0.95,,WIN,YES,0.2631578947368425,Up,0xc120c9a11ce06bf05c123bfa1549c141dd1e49ea343a532e36a7c85d85cd70c3,3916091801551532772222351608703379383745668038485032535377159159259408494920
2026-03-31T10:52:39.611065+00:00,2026-03-31T10:55:02.348439+00:00,momentum,"Bitcoin Up or Down - March 31, 6:50AM-6:55AM ET",UP,Up,5.0,0.87,,WIN,YES,0.7471264367816088,Up,0x148f06cf3580bdf3e2f12bc9a19a3ef4b0f05d06a1c247f28693876fce64d405,16380322727072379050795345109485160746307307871858532668273400195978791818441
2026-03-31T10:52:42.860744+00:00,2026-03-31T10:55:02.348601+00:00,momentum,"Ethereum Up or Down - March 31, 6:50AM-6:55AM ET",UP,Up,5.0,0.93,,WIN,YES,0.37634408602150504,Up,0x84fac2a47215b41293dce34f8c199c9ac1e47d67dec910d6fe5b3ec3a8900d94,41542562231420152475092661463681244673808649191879159435025209186114056584014
2026-03-31T10:52:47.695374+00:00,2026-03-31T10:55:02.956780+00:00,momentum,"XRP Up or Down - March 31, 6:50AM-6:55AM ET",UP,Up,5.0,0.74,,WIN,YES,1.756756756756757,Up,0x1b98b6fe430a724f6e18ae910b97b03019d58db432c04eafd336e85ac5752e94,6787356729045403669418601256045225367416230922579135902094251864017108945652
2026-03-31T10:52:51.397103+00:00,2026-03-31T10:55:02.958289+00:00,momentum,"XRP Up or Down - March 31, 6:50AM-6:55AM ET",UP,Up,5.0,0.75,,WIN,YES,1.666666666666667,Up,0x1b98b6fe430a724f6e18ae910b97b03019d58db432c04eafd336e85ac5752e94,6787356729045403669418601256045225367416230922579135902094251864017108945652
2026-03-31T10:50:01.119897+00:00,2026-03-31T11:00:04.629206+00:00,momentum,"Bitcoin Up or Down - March 31, 6:45AM-7:00AM ET",UP,Up,5.0,0.8,,WIN,YES,1.25,Up,0x8ca83bf72aba2e34f5caa0f0fefe498e629b2736a173772aea2604ef74a0461e,53470084091923269917834719100383262155417066493114026225692536859987193250377
2026-03-31T10:50:01.603995+00:00,2026-03-31T11:00:05.115318+00:00,momentum,"Ethereum Up or Down - March 31, 6:45AM-7:00AM ET",UP,Up,5.0,0.89,,WIN,YES,0.6179775280898872,Up,0x200dc03713e757deb7fb3ce26686e398c91b8d5a9751a938de46a7a049b6fb11,26482603583155433428680514594755910252850956549213154746919166437191835013705
2026-03-31T10:50:09.497453+00:00,2026-03-31T11:00:05.281484+00:00,momentum,"Solana Up or Down - March 31, 6:45AM-7:00AM ET",UP,Up,5.0,0.65,,LOSS,NO,-5.0,,0x5fe2ca2a68f4a0ce2286e87f6fe9639616fbe431146952db29632b659ef1ca23,98180373964091805000722344027480446641533574664799588560241012106175800312703
2026-03-31T10:50:21.162635+00:00,2026-03-31T11:00:05.460153+00:00,momentum,"XRP Up or Down - March 31, 6:45AM-7:00AM ET",UP,Up,5.0,0.66,,LOSS,NO,-5.0,,0x0e2941c2506740526ed8a629bfe866958e2ee5ebe4857d623892b590ea483917,84379842225699921714707963295715137714127161530089637870229277528076551402861
2026-03-31T10:54:02.321046+00:00,2026-03-31T11:00:05.461070+00:00,momentum,"Bitcoin Up or Down - March 31, 6:45AM-7:00AM ET",UP,Up,5.0,0.93,,WIN,YES,0.37634408602150504,Up,0x8ca83bf72aba2e34f5caa0f0fefe498e629b2736a173772aea2604ef74a0461e,53470084091923269917834719100383262155417066493114026225692536859987193250377
2026-03-31T10:54:02.772496+00:00,2026-03-31T11:00:05.461225+00:00,momentum,"Ethereum Up or Down - March 31, 6:45AM-7:00AM ET",UP,Up,5.0,0.98,,WIN,YES,0.1020408163265305,Up,0x200dc03713e757deb7fb3ce26686e398c91b8d5a9751a938de46a7a049b6fb11,26482603583155433428680514594755910252850956549213154746919166437191835013705
2026-03-31T10:54:10.609391+00:00,2026-03-31T11:00:05.461316+00:00,momentum,"Solana Up or Down - March 31, 6:45AM-7:00AM ET",UP,Up,5.0,0.93,,LOSS,NO,-5.0,,0x5fe2ca2a68f4a0ce2286e87f6fe9639616fbe431146952db29632b659ef1ca23,98180373964091805000722344027480446641533574664799588560241012106175800312703
2026-03-31T10:57:01.331897+00:00,2026-03-31T11:00:06.007554+00:00,momentum,"Ethereum Up or Down - March 31, 6:55AM-7:00AM ET",DOWN,Down,5.0,0.94,,WIN,YES,0.31914893617021267,Down,0x3c300892026788ae0809fdfba404df18af0d818834d9c609c4261008874a09c3,16018602934568843936923511875896256343871214694697501620096697204889892052984
2026-03-31T10:57:01.808407+00:00,2026-03-31T11:00:06.645513+00:00,momentum,"Solana Up or Down - March 31, 6:55AM-7:00AM ET",DOWN,Down,5.0,0.76,,WIN,YES,1.5789473684210522,Down,0x6a56fadb61aeb44ca860ade85718efb757aa3553900f0619b121e60d9212fbc1,105460421443039213931634509866033999947027787970027922709455870619725642438316
2026-03-31T10:57:19.562166+00:00,2026-03-31T11:00:07.150185+00:00,momentum,"Bitcoin Up or Down - March 31, 6:55AM-7:00AM ET",DOWN,Down,5.0,0.94,,WIN,YES,0.31914893617021267,Down,0x4ca03d5eced765946e154f8ae0c19426ea8de77c091c2adeed3c2d387d4bb53e,98709662313696623507429422121086329938563990649418419245897774547694357883910
2026-03-31T10:57:19.957534+00:00,2026-03-31T11:00:07.150393+00:00,momentum,"Ethereum Up or Down - March 31, 6:55AM-7:00AM ET",DOWN,Down,5.0,0.97,,WIN,YES,0.1546391752577323,Down,0x3c300892026788ae0809fdfba404df18af0d818834d9c609c4261008874a09c3,16018602934568843936923511875896256343871214694697501620096697204889892052984
2026-03-31T10:57:20.348860+00:00,2026-03-31T11:00:07.150518+00:00,momentum,"Solana Up or Down - March 31, 6:55AM-7:00AM ET",DOWN,Down,5.0,0.92,,WIN,YES,0.43478260869565233,Down,0x6a56fadb61aeb44ca860ade85718efb757aa3553900f0619b121e60d9212fbc1,105460421443039213931634509866033999947027787970027922709455870619725642438316
2026-03-31T10:57:26.827784+00:00,2026-03-31T11:00:07.758697+00:00,momentum,"XRP Up or Down - March 31, 6:55AM-7:00AM ET",DOWN,Down,5.0,0.93,,WIN,YES,0.37634408602150504,Down,0x1f599ed80b23ed329abadbee7be8223caf320c34f17a87bd879ca635c53c51a2,58441036507038110065800578703768738582405755686615289631260871072128716235887
2026-03-31T10:57:39.700696+00:00,2026-03-31T11:00:07.760164+00:00,momentum,"XRP Up or Down - March 31, 6:55AM-7:00AM ET",DOWN,Down,5.0,0.94,,WIN,YES,0.31914893617021267,Down,0x1f599ed80b23ed329abadbee7be8223caf320c34f17a87bd879ca635c53c51a2,58441036507038110065800578703768738582405755686615289631260871072128716235887
2026-03-31T10:57:41.227433+00:00,2026-03-31T11:00:07.762298+00:00,momentum,"Bitcoin Up or Down - March 31, 6:55AM-7:00AM ET",DOWN,Down,5.0,0.95,,WIN,YES,0.2631578947368425,Down,0x4ca03d5eced765946e154f8ae0c19426ea8de77c091c2adeed3c2d387d4bb53e,98709662313696623507429422121086329938563990649418419245897774547694357883910
2026-03-31T11:02:16.916157+00:00,2026-03-31T11:05:08.145674+00:00,momentum,"Ethereum Up or Down - March 31, 7:00AM-7:05AM ET",UP,Up,5.0,0.68,,WIN,YES,2.352941176470588,Up,0x64227aa7f6ec03fbfdcb5904a3a49aa9812d63490cabc5000beb7be9a94f1a47,93110273867878657185219471476890977978604344742728938487219147229712040512776
2026-03-31T11:02:33.182813+00:00,2026-03-31T11:05:08.334596+00:00,momentum,"Solana Up or Down - March 31, 7:00AM-7:05AM ET",DOWN,Down,5.0,0.65,,LOSS,NO,-5.0,,0x479fab4a3c7fb124b5c463df46e72944fdcb7e94a246c6c9090b1003de85c14e,114097839326345339344796389274747366512894571302000265785363849938124214821543
2026-03-31T11:02:35.820572+00:00,2026-03-31T11:05:08.511435+00:00,momentum,"Bitcoin Up or Down - March 31, 7:00AM-7:05AM ET",DOWN,Down,5.0,0.71,,LOSS,NO,-5.0,,0x90de62b1ded15bd2dec4b6b64db79762d50f842b0957d3ab4555fdc63c3d7972,46427811972163973875510817896395230537040070160755615062470411068890582156242
2026-03-31T11:02:36.245790+00:00,2026-03-31T11:05:08.684960+00:00,momentum,"XRP Up or Down - March 31, 7:00AM-7:05AM ET",DOWN,Down,5.0,0.84,,LOSS,NO,-5.0,,0x0b0dffa355576c67ce31014de3966608f457b69e7b61984016878219c03c94bf,45710938896926905947921062817204717414820788356168651093568839772696797472763
2026-03-31T11:02:39.247397+00:00,2026-03-31T11:05:08.689086+00:00,momentum,"Solana Up or Down - March 31, 7:00AM-7:05AM ET",DOWN,Down,5.0,0.69,,LOSS,NO,-5.0,,0x479fab4a3c7fb124b5c463df46e72944fdcb7e94a246c6c9090b1003de85c14e,114097839326345339344796389274747366512894571302000265785363849938124214821543
2026-03-31T11:02:39.634589+00:00,2026-03-31T11:05:08.692041+00:00,momentum,"XRP Up or Down - March 31, 7:00AM-7:05AM ET",DOWN,Down,5.0,0.86,,LOSS,NO,-5.0,,0x0b0dffa355576c67ce31014de3966608f457b69e7b61984016878219c03c94bf,45710938896926905947921062817204717414820788356168651093568839772696797472763
2026-03-31T11:02:45.313348+00:00,2026-03-31T11:05:08.692934+00:00,momentum,"Bitcoin Up or Down - March 31, 7:00AM-7:05AM ET",DOWN,Down,5.0,0.81,,LOSS,NO,-5.0,,0x90de62b1ded15bd2dec4b6b64db79762d50f842b0957d3ab4555fdc63c3d7972,46427811972163973875510817896395230537040070160755615062470411068890582156242
2026-03-31T11:04:05.407667+00:00,2026-03-31T11:05:08.693251+00:00,momentum,"Ethereum Up or Down - March 31, 7:00AM-7:05AM ET",UP,Up,5.0,0.85,,WIN,YES,0.882352941176471,Up,0x64227aa7f6ec03fbfdcb5904a3a49aa9812d63490cabc5000beb7be9a94f1a47,93110273867878657185219471476890977978604344742728938487219147229712040512776
2026-03-31T11:07:00.023346+00:00,2026-03-31T11:10:12.984909+00:00,momentum,"Bitcoin Up or Down - March 31, 7:05AM-7:10AM ET",DOWN,Down,5.0,0.9,,WIN,YES,0.5555555555555554,Down,0x798f9c2086507afa575f710b2cc28d891dda0b0fa168e5cdd58b7dad982ed85d,13106078179948851230803530276451372496917662768177801922469930602547667376614
2026-03-31T11:07:00.589860+00:00,2026-03-31T11:10:13.614357+00:00,momentum,"Ethereum Up or Down - March 31, 7:05AM-7:10AM ET",DOWN,Down,5.0,0.86,,WIN,YES,0.8139534883720927,Down,0xd655e79b11153a5b6a4a1b8b8541e9b7d47f440e43f2fee31ec489b70ae0d336,17469725528747149212385834683778183126880244193000409007825860319118643025985
2026-03-31T11:07:03.083137+00:00,2026-03-31T11:10:14.120874+00:00,momentum,"XRP Up or Down - March 31, 7:05AM-7:10AM ET",DOWN,Down,5.0,0.89,,WIN,YES,0.6179775280898872,Down,0x48f936ff9f54197f7264d781d2e538e845427deb49ce3a0b04180d816425642f,115593707739160306596058236614172832533166427715711044017669697643790160584850
2026-03-31T11:07:11.967254+00:00,2026-03-31T11:10:14.121083+00:00,momentum,"Ethereum Up or Down - March 31, 7:05AM-7:10AM ET",DOWN,Down,5.0,0.9,,WIN,YES,0.5555555555555554,Down,0xd655e79b11153a5b6a4a1b8b8541e9b7d47f440e43f2fee31ec489b70ae0d336,17469725528747149212385834683778183126880244193000409007825860319118643025985
2026-03-31T11:07:12.380496+00:00,2026-03-31T11:10:14.478965+00:00,momentum,"Solana Up or Down - March 31, 7:05AM-7:10AM ET",DOWN,Down,5.0,0.94,,WIN,YES,0.31914893617021267,Down,0x3a7b9b993711d9182e0acd0bc8cff5089896964ec1acf2506919a0760d0e86c5,17332167057889688247776686958658279331552945820609894048588141877960750809111
2026-03-31T11:07:18.496553+00:00,2026-03-31T11:10:14.479177+00:00,momentum,"Bitcoin Up or Down - March 31, 7:05AM-7:10AM ET",DOWN,Down,5.0,0.93,,WIN,YES,0.37634408602150504,Down,0x798f9c2086507afa575f710b2cc28d891dda0b0fa168e5cdd58b7dad982ed85d,13106078179948851230803530276451372496917662768177801922469930602547667376614
2026-03-31T11:07:18.913186+00:00,2026-03-31T11:10:14.479275+00:00,momentum,"XRP Up or Down - March 31, 7:05AM-7:10AM ET",DOWN,Down,5.0,0.95,,WIN,YES,0.2631578947368425,Down,0x48f936ff9f54197f7264d781d2e538e845427deb49ce3a0b04180d816425642f,115593707739160306596058236614172832533166427715711044017669697643790160584850
2026-03-31T11:07:24.632957+00:00,2026-03-31T11:10:14.479345+00:00,momentum,"Solana Up or Down - March 31, 7:05AM-7:10AM ET",DOWN,Down,5.0,0.95,,WIN,YES,0.2631578947368425,Down,0x3a7b9b993711d9182e0acd0bc8cff5089896964ec1acf2506919a0760d0e86c5,17332167057889688247776686958658279331552945820609894048588141877960750809111
2026-03-31T11:05:00.405924+00:00,2026-03-31T11:15:14.353800+00:00,momentum,"Bitcoin Up or Down - March 31, 7:00AM-7:15AM ET",UP,Up,5.0,0.65,,WIN,YES,2.6923076923076916,Up,0x3067d9de078b1f3ec087433d362e55045cfe5cd3f443d696523f2d1aa9fef067,79575701740059880658763755043279325019059332558630004863432143517285611483323
2026-03-31T11:05:01.369294+00:00,2026-03-31T11:15:15.225579+00:00,momentum,"Solana Up or Down - March 31, 7:00AM-7:15AM ET",UP,Up,5.0,0.81,,WIN,YES,1.1728395061728394,Up,0xa5dea9a2328f655ea329c758af2490605da90ddf1fd4a3db2cdfdc3e9b25bedc,99020394385690110279774990126240267146331435634452210712834080231264116182990
2026-03-31T11:05:03.149134+00:00,2026-03-31T11:15:15.586787+00:00,momentum,"Ethereum Up or Down - March 31, 7:00AM-7:15AM ET",UP,Up,5.0,0.73,,WIN,YES,1.8493150684931505,Up,0xaa61056686197a405bbef60ea1973143d2dbddf7509314d43baf7a479523168e,13541598944726749656442806707154700257171046041087255807247756037933310752193
2026-03-31T11:11:17.822556+00:00,2026-03-31T11:15:15.745233+00:00,momentum,"Solana Up or Down - March 31, 7:00AM-7:15AM ET",UP,Up,5.0,0.88,,WIN,YES,0.6818181818181817,Up,0xa5dea9a2328f655ea329c758af2490605da90ddf1fd4a3db2cdfdc3e9b25bedc,99020394385690110279774990126240267146331435634452210712834080231264116182990
2026-03-31T11:12:57.542781+00:00,2026-03-31T11:15:16.226653+00:00,momentum,"Bitcoin Up or Down - March 31, 7:10AM-7:15AM ET",UP,Up,5.0,0.98,,WIN,YES,0.1020408163265305,Up,0x8ecb0aacca0fa53fa1756b2dcec78184b536382a8ec955b091a6501bd3cabc72,1866944167608360254891496101071695806704776714953368657163274368539604827423
2026-03-31T11:12:59.551191+00:00,2026-03-31T11:15:16.226827+00:00,momentum,"Bitcoin Up or Down - March 31, 7:00AM-7:15AM ET",UP,Up,5.0,0.84,,WIN,YES,0.9523809523809526,Up,0x3067d9de078b1f3ec087433d362e55045cfe5cd3f443d696523f2d1aa9fef067,79575701740059880658763755043279325019059332558630004863432143517285611483323
2026-03-31T11:13:00.106387+00:00,2026-03-31T11:15:16.226936+00:00,momentum,"Ethereum Up or Down - March 31, 7:00AM-7:15AM ET",UP,Up,5.0,0.95,,WIN,YES,0.2631578947368425,Up,0xaa61056686197a405bbef60ea1973143d2dbddf7509314d43baf7a479523168e,13541598944726749656442806707154700257171046041087255807247756037933310752193
2026-03-31T11:13:00.775743+00:00,2026-03-31T11:15:16.592167+00:00,momentum,"Solana Up or Down - March 31, 7:10AM-7:15AM ET",UP,Up,5.0,0.92,,WIN,YES,0.43478260869565233,Up,0x015ef1690bc8af9bd8df984a2e39051c2b744230f2e40c284e7dbb60ae05e654,42925468402868489131250989299690443293063599471690923486646399515038481852946
2026-03-31T11:13:01.311397+00:00,2026-03-31T11:15:16.993079+00:00,momentum,"XRP Up or Down - March 31, 7:10AM-7:15AM ET",UP,Up,5.0,0.97,,WIN,YES,0.1546391752577323,Up,0xc4e77383171d2d380c3aa559dcdd5f1b333288913e9358693564aad7e62e2a69,65945669597741111818894015938860527860940341955802397472560175696661421366415
2026-03-31T11:13:12.621019+00:00,2026-03-31T11:15:16.993262+00:00,momentum,"Solana Up or Down - March 31, 7:10AM-7:15AM ET",UP,Up,5.0,0.94,,WIN,YES,0.31914893617021267,Up,0x015ef1690bc8af9bd8df984a2e39051c2b744230f2e40c284e7dbb60ae05e654,42925468402868489131250989299690443293063599471690923486646399515038481852946
2026-03-31T11:13:17.551503+00:00,2026-03-31T11:15:16.993379+00:00,momentum,"XRP Up or Down - March 31, 7:10AM-7:15AM ET",UP,Up,5.0,0.98,,WIN,YES,0.1020408163265305,Up,0xc4e77383171d2d380c3aa559dcdd5f1b333288913e9358693564aad7e62e2a69,65945669597741111818894015938860527860940341955802397472560175696661421366415
2026-03-31T11:05:27.170683+00:00,2026-03-31T11:20:15.529522+00:00,momentum,"XRP Up or Down - March 31, 7:00AM-7:15AM ET",DOWN,Down,5.0,0.66,,LOSS,NO,-5.0,Up,0x4f9a4021bae85ea349005a3163dfa1f2447cf1353fa55a5e8e4ea1f55eaab95f,67235723399196530307082418976175509678556861715035936505287007968779627021251
2026-03-31T11:09:28.009298+00:00,2026-03-31T11:20:15.529806+00:00,momentum,"XRP Up or Down - March 31, 7:00AM-7:15AM ET",DOWN,Down,5.0,0.95,,LOSS,NO,-5.0,Up,0x4f9a4021bae85ea349005a3163dfa1f2447cf1353fa55a5e8e4ea1f55eaab95f,67235723399196530307082418976175509678556861715035936505287007968779627021251
2026-03-31T11:17:20.849354+00:00,2026-03-31T11:20:16.143549+00:00,momentum,"Bitcoin Up or Down - March 31, 7:15AM-7:20AM ET",UP,Up,5.0,0.93,,WIN,YES,0.37634408602150504,Up,0x46c26e578b17479cb5ba0678c62444606128ef5bf3238941e6baca4776c70cff,18749954703187783815589355067292566608597979474837620209951568781103318962872
2026-03-31T11:17:38.689613+00:00,2026-03-31T11:20:16.591712+00:00,momentum,"Solana Up or Down - March 31, 7:15AM-7:20AM ET",UP,Up,5.0,0.87,,WIN,YES,0.7471264367816088,Up,0xe565dd2a778103fc69c8ecd16bdb21ea37f549958e2a670e47853f8fd32922ad,97500374458553209840102573412228487573365625211101082657341634829123175147189
2026-03-31T11:17:39.085546+00:00,2026-03-31T11:20:17.404025+00:00,momentum,"XRP Up or Down - March 31, 7:15AM-7:20AM ET",UP,Up,5.0,0.85,,WIN,YES,0.882352941176471,Up,0xf58d63c8a4301dc212a2f7f64c9b7b866be50cd97e4114fb1c0f3c398cf867fc,100654020649545299932076255085320569791139376983531074220437114642757337487747
2026-03-31T11:17:40.723365+00:00,2026-03-31T11:20:17.405925+00:00,momentum,"Bitcoin Up or Down - March 31, 7:15AM-7:20AM ET",UP,Up,5.0,0.97,,WIN,YES,0.1546391752577323,Up,0x46c26e578b17479cb5ba0678c62444606128ef5bf3238941e6baca4776c70cff,18749954703187783815589355067292566608597979474837620209951568781103318962872
2026-03-31T11:17:41.127924+00:00,2026-03-31T11:20:17.858556+00:00,momentum,"Ethereum Up or Down - March 31, 7:15AM-7:20AM ET",UP,Up,5.0,0.85,,WIN,YES,0.882352941176471,Up,0x88fbefb136b99dbebf6b09215d28174b12543c4fb53779e889052a8c50e6e3e4,88208569299684306321585427919957970624130135906549678669069234912488829572497
2026-03-31T11:17:43.840473+00:00,2026-03-31T11:20:17.858870+00:00,momentum,"Ethereum Up or Down - March 31, 7:15AM-7:20AM ET",UP,Up,5.0,0.87,,WIN,YES,0.7471264367816088,Up,0x88fbefb136b99dbebf6b09215d28174b12543c4fb53779e889052a8c50e6e3e4,88208569299684306321585427919957970624130135906549678669069234912488829572497
2026-03-31T11:17:51.878069+00:00,2026-03-31T11:20:17.858984+00:00,momentum,"Solana Up or Down - March 31, 7:15AM-7:20AM ET",UP,Up,5.0,0.94,,WIN,YES,0.31914893617021267,Up,0xe565dd2a778103fc69c8ecd16bdb21ea37f549958e2a670e47853f8fd32922ad,97500374458553209840102573412228487573365625211101082657341634829123175147189
2026-03-31T11:17:52.279723+00:00,2026-03-31T11:20:17.862287+00:00,momentum,"XRP Up or Down - March 31, 7:15AM-7:20AM ET",UP,Up,5.0,0.93,,WIN,YES,0.37634408602150504,Up,0xf58d63c8a4301dc212a2f7f64c9b7b866be50cd97e4114fb1c0f3c398cf867fc,100654020649545299932076255085320569791139376983531074220437114642757337487747
2026-03-31T11:22:40.601705+00:00,2026-03-31T11:25:20.785494+00:00,momentum,"Bitcoin Up or Down - March 31, 7:20AM-7:25AM ET",DOWN,Down,5.0,0.74,,WIN,YES,1.756756756756757,Down,0x7ce049d81c56e8b110a58cef6bc28c1cfeb99f7a185a090074e06edd70893a5b,73774142147636244421801136917890744548174653332338833078939138703298534088123
2026-03-31T11:22:41.456258+00:00,2026-03-31T11:25:21.512156+00:00,momentum,"Solana Up or Down - March 31, 7:20AM-7:25AM ET",DOWN,Down,5.0,0.75,,WIN,YES,1.666666666666667,Down,0x9a075009af07fd3ff7844c7f2b3e16806d008297765656de68b231074926adbc,7250182966396487807665667668661360516326337308502719526224797904577573937920
2026-03-31T11:22:41.863519+00:00,2026-03-31T11:25:22.066628+00:00,momentum,"XRP Up or Down - March 31, 7:20AM-7:25AM ET",DOWN,Down,5.0,0.73,,WIN,YES,1.8493150684931505,Down,0x745d11c2020c5148fca93b7af555219d3be47826fed511668453e5a0ecada175,67195314733673682300789660622169118901128623347445077848857537178972765304127
2026-03-31T11:22:45.440262+00:00,2026-03-31T11:25:22.066967+00:00,momentum,"Solana Up or Down - March 31, 7:20AM-7:25AM ET",DOWN,Down,5.0,0.79,,WIN,YES,1.3291139240506329,Down,0x9a075009af07fd3ff7844c7f2b3e16806d008297765656de68b231074926adbc,7250182966396487807665667668661360516326337308502719526224797904577573937920
2026-03-31T11:22:49.133063+00:00,2026-03-31T11:25:22.067087+00:00,momentum,"Bitcoin Up or Down - March 31, 7:20AM-7:25AM ET",DOWN,Down,5.0,0.76,,WIN,YES,1.5789473684210522,Down,0x7ce049d81c56e8b110a58cef6bc28c1cfeb99f7a185a090074e06edd70893a5b,73774142147636244421801136917890744548174653332338833078939138703298534088123
2026-03-31T11:22:27.406001+00:00,2026-03-31T11:30:26.047055+00:00,momentum,"Ethereum Up or Down - March 31, 7:15AM-7:30AM ET",UP,Up,5.0,0.67,,WIN,YES,2.4626865671641784,Up,0xc54cfd86053452858b799c1740a0a086bb3b712ee206f0ccc8e2da68bc28e392,76860462337710936145914129066001081308740915598731858368551781971680147911275
2026-03-31T11:22:28.268542+00:00,2026-03-31T11:30:26.536052+00:00,momentum,"Solana Up or Down - March 31, 7:15AM-7:30AM ET",DOWN,Down,5.0,0.77,,WIN,YES,1.4935064935064934,Down,0xfdd5a47f671fdb481e00d0e6753baa4aad05295b4effc3b5a7ee04433ff73e0e,60185868805272267718297416223559466613326559414279406732985203373452857106742
2026-03-31T11:22:29.280395+00:00,2026-03-31T11:30:27.141515+00:00,momentum,"XRP Up or Down - March 31, 7:15AM-7:30AM ET",UP,Up,5.0,0.67,,WIN,YES,2.4626865671641784,Up,0x434abc74bf0cc97e38c1e06abe6cdd64f3aa98afdb31301a48794f0dc8728a49,47574306513806715736219851516909432417680163816603564846594348491835335070192
2026-03-31T11:22:41.063146+00:00,2026-03-31T11:30:27.776006+00:00,momentum,"Bitcoin Up or Down - March 31, 7:15AM-7:30AM ET",UP,Up,5.0,0.71,,WIN,YES,2.042253521126761,Up,0x1b7fb619d0f3c12d8bafcd0a2d85b2310409d19f1965770db79bcfde4d2bd62f,64144246634376101250310332573409716394696341206081770883803910279861472566499
2026-03-31T11:27:33.300785+00:00,2026-03-31T11:30:28.357768+00:00,momentum,"Ethereum Up or Down - March 31, 7:25AM-7:30AM ET",DOWN,Down,5.0,0.67,,WIN,YES,2.4626865671641784,Down,0xcc657c49513687f316a0f120ba6a1ef65e83e01d1e3523f52fc6410dccc898b9,504944059975296111586380591285979944916755727608289406944190403009560924493
2026-03-31T11:27:33.923470+00:00,2026-03-31T11:30:28.357987+00:00,momentum,"Ethereum Up or Down - March 31, 7:15AM-7:30AM ET",UP,Up,5.0,0.97,,WIN,YES,0.1546391752577323,Up,0xc54cfd86053452858b799c1740a0a086bb3b712ee206f0ccc8e2da68bc28e392,76860462337710936145914129066001081308740915598731858368551781971680147911275
2026-03-31T11:27:34.344891+00:00,2026-03-31T11:30:28.358117+00:00,momentum,"Bitcoin Up or Down - March 31, 7:15AM-7:30AM ET",UP,Up,5.0,0.94,,WIN,YES,0.31914893617021267,Up,0x1b7fb619d0f3c12d8bafcd0a2d85b2310409d19f1965770db79bcfde4d2bd62f,64144246634376101250310332573409716394696341206081770883803910279861472566499
2026-03-31T11:27:34.816542+00:00,2026-03-31T11:30:28.358234+00:00,momentum,"XRP Up or Down - March 31, 7:15AM-7:30AM ET",UP,Up,5.0,0.98,,WIN,YES,0.1020408163265305,Up,0x434abc74bf0cc97e38c1e06abe6cdd64f3aa98afdb31301a48794f0dc8728a49,47574306513806715736219851516909432417680163816603564846594348491835335070192
2026-03-31T11:27:35.245808+00:00,2026-03-31T11:30:28.362688+00:00,momentum,"Solana Up or Down - March 31, 7:15AM-7:30AM ET",DOWN,Down,5.0,0.91,,WIN,YES,0.4945054945054945,Down,0xfdd5a47f671fdb481e00d0e6753baa4aad05295b4effc3b5a7ee04433ff73e0e,60185868805272267718297416223559466613326559414279406732985203373452857106742
2026-03-31T11:27:46.248814+00:00,2026-03-31T11:30:28.711605+00:00,momentum,"Ethereum Up or Down - March 31, 7:25AM-7:30AM ET",DOWN,Down,5.0,0.77,,WIN,YES,1.4935064935064934,Down,0xcc657c49513687f316a0f120ba6a1ef65e83e01d1e3523f52fc6410dccc898b9,504944059975296111586380591285979944916755727608289406944190403009560924493
2026-03-31T11:27:44.631386+00:00,2026-03-31T11:35:28.614073+00:00,momentum,"Solana Up or Down - March 31, 7:25AM-7:30AM ET",DOWN,Down,5.0,0.66,,LOSS,NO,-5.0,Up,0x241d48c9e3f0d77b0e832bf94cfff7ec84265333e183795902feb4c54d5c327e,28267798238491028248054178471539079039183088823869244671376559142201340119248
2026-03-31T11:32:54.774505+00:00,2026-03-31T11:35:29.186759+00:00,momentum,"Bitcoin Up or Down - March 31, 7:30AM-7:35AM ET",UP,Up,5.0,0.65,,WIN,YES,2.6923076923076916,Up,0x582ef32f88c0d34110782b3d73bb4012645bdc95567d93a909932b9172f924ac,101925987394049024398357176653050423612787992067656456337689863654792621055996
2026-03-31T11:32:55.701337+00:00,2026-03-31T11:35:29.898466+00:00,momentum,"XRP Up or Down - March 31, 7:30AM-7:35AM ET",DOWN,Down,5.0,0.83,,WIN,YES,1.024096385542169,Down,0xf860958d6022ed1794299c98aaca9a6d751f7cb96867f367cc98983c0baf407c,35542974404413474995019140743867717604483764429985070647809694803133669737226
2026-03-31T11:33:02.262787+00:00,2026-03-31T11:35:29.898701+00:00,momentum,"Bitcoin Up or Down - March 31, 7:30AM-7:35AM ET",UP,Up,5.0,0.7,,WIN,YES,2.1428571428571432,Up,0x582ef32f88c0d34110782b3d73bb4012645bdc95567d93a909932b9172f924ac,101925987394049024398357176653050423612787992067656456337689863654792621055996
2026-03-31T11:33:13.727419+00:00,2026-03-31T11:35:29.898813+00:00,momentum,"XRP Up or Down - March 31, 7:30AM-7:35AM ET",DOWN,Down,5.0,0.84,,WIN,YES,0.9523809523809526,Down,0xf860958d6022ed1794299c98aaca9a6d751f7cb96867f367cc98983c0baf407c,35542974404413474995019140743867717604483764429985070647809694803133669737226
2026-03-31T11:33:52.954713+00:00,2026-03-31T11:35:30.600753+00:00,momentum,"Solana Up or Down - March 31, 7:30AM-7:35AM ET",UP,Up,5.0,0.71,,WIN,YES,2.042253521126761,Up,0x07226ef5854336a11b1beef20eec7d64d934bd9877a6d374eb37fd14d80dff73,59334592286737142666937122979505435066238871236483690586056176037916667827063
2026-03-31T11:33:56.872396+00:00,2026-03-31T11:35:30.602181+00:00,momentum,"Solana Up or Down - March 31, 7:30AM-7:35AM ET",UP,Up,5.0,0.77,,WIN,YES,1.4935064935064934,Up,0x07226ef5854336a11b1beef20eec7d64d934bd9877a6d374eb37fd14d80dff73,59334592286737142666937122979505435066238871236483690586056176037916667827063
2026-03-31T11:37:36.362043+00:00,2026-03-31T11:40:37.225107+00:00,momentum,"Ethereum Up or Down - March 31, 7:35AM-7:40AM ET",UP,Up,5.0,0.92,,WIN,YES,0.43478260869565233,Up,0x3abff42afef5cab15724d964442d81e22696ad16cc5156f75d9f0584a42485db,76403838514799871593710027724178809177845078979213144676703123122040766732788
2026-03-31T11:37:39.282064+00:00,2026-03-31T11:40:43.204714+00:00,momentum,"XRP Up or Down - March 31, 7:35AM-7:40AM ET",UP,Up,5.0,0.83,,WIN,YES,1.024096385542169,Up,0x2ca0e64222135379f5b3d427855c1d7341b3a085289e92ada47308537ecf9c8b,113180337157509802533381850500279971260585021479563484634010529546007069357706
2026-03-31T11:37:50.575402+00:00,2026-03-31T11:40:43.355969+00:00,momentum,"Ethereum Up or Down - March 31, 7:35AM-7:40AM ET",UP,Up,5.0,0.94,,WIN,YES,0.31914893617021267,Up,0x3abff42afef5cab15724d964442d81e22696ad16cc5156f75d9f0584a42485db,76403838514799871593710027724178809177845078979213144676703123122040766732788
2026-03-31T11:37:51.085388+00:00,2026-03-31T11:40:43.515258+00:00,momentum,"XRP Up or Down - March 31, 7:35AM-7:40AM ET",UP,Up,5.0,0.86,,WIN,YES,0.8139534883720927,Up,0x2ca0e64222135379f5b3d427855c1d7341b3a085289e92ada47308537ecf9c8b,113180337157509802533381850500279971260585021479563484634010529546007069357706
2026-03-31T11:38:13.020721+00:00,2026-03-31T11:40:47.527870+00:00,momentum,"Solana Up or Down - March 31, 7:35AM-7:40AM ET",UP,Up,5.0,0.65,,WIN,YES,2.6923076923076916,Up,0xf31b2f629c253d304eb3d08e9a351474a2123e2d0d3c67bfaacd10d4a273177c,61978991616543560741388020505574367844046299434725798762409888330555187170893
2026-03-31T11:38:16.338404+00:00,2026-03-31T11:40:47.707036+00:00,momentum,"Solana Up or Down - March 31, 7:35AM-7:40AM ET",UP,Up,5.0,0.71,,WIN,YES,2.042253521126761,Up,0xf31b2f629c253d304eb3d08e9a351474a2123e2d0d3c67bfaacd10d4a273177c,61978991616543560741388020505574367844046299434725798762409888330555187170893
2026-03-31T11:38:18.230257+00:00,2026-03-31T11:40:53.293654+00:00,momentum,"Bitcoin Up or Down - March 31, 7:35AM-7:40AM ET",UP,Up,5.0,0.65,,WIN,YES,2.6923076923076916,Up,0xcfe108338217451eee80d0f856a6eb41b0664da33ea528860f26571461f28dd1,25077307701908217367521483912782768693865069932402942954708510816588418199326
2026-03-31T11:32:55.273673+00:00,2026-03-31T11:42:32.897529+00:00,momentum,"Ethereum Up or Down - March 31, 7:30AM-7:35AM ET",DOWN,Down,5.0,0.79,,LOSS,NO,-5.0,Up,0x4e67b84c7744839634ec0c9e436b423544d563d71107371112acd5eafa49d394,56676607289697197506110970194660118724422920956366482591942702803112830251373
2026-03-31T11:33:25.216704+00:00,2026-03-31T11:42:32.899274+00:00,momentum,"Ethereum Up or Down - March 31, 7:30AM-7:35AM ET",DOWN,Down,5.0,0.82,,LOSS,NO,-5.0,Up,0x4e67b84c7744839634ec0c9e436b423544d563d71107371112acd5eafa49d394,56676607289697197506110970194660118724422920956366482591942702803112830251373
2026-03-31T11:35:01.151526+00:00,2026-03-31T11:47:37.258850+00:00,momentum,"Bitcoin Up or Down - March 31, 7:30AM-7:45AM ET",UP,Up,5.0,0.85,,WIN,YES,0.882352941176471,Up,0xa06d1aa726ab1f0d8c818ea8fca9b6dc240db3362fe10c1d80cea6a4ae0eb131,91734275231689608162507109784099721555713294506390702313749533984153173446019
2026-03-31T11:35:03.738909+00:00,2026-03-31T11:47:41.769736+00:00,momentum,"Solana Up or Down - March 31, 7:30AM-7:45AM ET",UP,Up,5.0,0.69,,WIN,YES,2.246376811594203,Up,0xdde8a8e77d621026a6999a16672dea148c0405dad612aad7595c77c4e75a0df3,80891076482777404711688514867154126955698521808334504868472909763577928852633
2026-03-31T11:37:38.526999+00:00,2026-03-31T11:47:47.312004+00:00,momentum,"Ethereum Up or Down - March 31, 7:30AM-7:45AM ET",UP,Up,5.0,0.81,,WIN,YES,1.1728395061728394,Up,0xf3e4c204b4474495c8a6d94608ab207333cc96029326c6d1ca12153a47c25f5d,94617212232757086930449788830285373407943958254642275371742215451466433617986
2026-03-31T11:40:56.019613+00:00,2026-03-31T11:47:47.312323+00:00,momentum,"Bitcoin Up or Down - March 31, 7:30AM-7:45AM ET",UP,Up,5.0,0.97,,WIN,YES,0.1546391752577323,Up,0xa06d1aa726ab1f0d8c818ea8fca9b6dc240db3362fe10c1d80cea6a4ae0eb131,91734275231689608162507109784099721555713294506390702313749533984153173446019
2026-03-31T11:40:57.820733+00:00,2026-03-31T11:47:51.255356+00:00,momentum,"XRP Up or Down - March 31, 7:30AM-7:45AM ET",UP,Up,5.0,0.71,,WIN,YES,2.042253521126761,Up,0x7754403907b4df8ff46d8ae096f9ada6c8caea3db41c86e2b79da82634a04fd5,34353635831451913058114706579199621071082655941837731877333440335176569264225
2026-03-31T11:41:00.349827+00:00,2026-03-31T11:47:51.255754+00:00,momentum,"Solana Up or Down - March 31, 7:30AM-7:45AM ET",UP,Up,5.0,0.78,,WIN,YES,1.4102564102564097,Up,0xdde8a8e77d621026a6999a16672dea148c0405dad612aad7595c77c4e75a0df3,80891076482777404711688514867154126955698521808334504868472909763577928852633
2026-03-31T11:41:39.867959+00:00,2026-03-31T11:47:51.534774+00:00,momentum,"Ethereum Up or Down - March 31, 7:30AM-7:45AM ET",UP,Up,5.0,0.93,,WIN,YES,0.37634408602150504,Up,0xf3e4c204b4474495c8a6d94608ab207333cc96029326c6d1ca12153a47c25f5d,94617212232757086930449788830285373407943958254642275371742215451466433617986
2026-03-31T11:42:01.043503+00:00,2026-03-31T11:47:57.255335+00:00,momentum,"Ethereum Up or Down - March 31, 7:40AM-7:45AM ET",DOWN,Down,5.0,0.91,,WIN,YES,0.4945054945054945,Down,0x3ff7c9efc81fe1044e2ffa1c2c86e808a454171fb51495b5d04a37dba673f679,88817538218212382464989376644456546993928638745977452802513498314106367767080
2026-03-31T11:42:02.147599+00:00,2026-03-31T11:48:01.327354+00:00,momentum,"XRP Up or Down - March 31, 7:40AM-7:45AM ET",DOWN,Down,5.0,0.96,,WIN,YES,0.20833333333333393,Down,0x9a4b835b0db7fe04ec47f2d241f2f9c31930537101c9b92e93c6e68eb0e3942b,7223221500481186554214078567550274290997066637169000073998833985676316864595
2026-03-31T11:42:04.029676+00:00,2026-03-31T11:48:07.249829+00:00,momentum,"Bitcoin Up or Down - March 31, 7:40AM-7:45AM ET",DOWN,Down,5.0,0.96,,WIN,YES,0.20833333333333393,Down,0xa4613b6fb3734afca7d58c3e98eb99da54ae6d9925481a24cf51996cad5bc611,11004788192694062271680592007583024296376785711185228607122258754955397120326
2026-03-31T11:48:09.408199+00:00,2026-03-31T11:50:17.504001+00:00,momentum,"Solana Up or Down - March 31, 7:45AM-7:50AM ET",DOWN,Down,5.0,0.96,,WIN,YES,0.20833333333333393,Down,0x3cccafcc24ff1ae5e77d2acc87dc73a2ef16fa6d45c62a4668eedbab7351ec22,66978445332325329042194805122916875522146947984313987205166547464996781788232
2026-03-31T11:48:10.834675+00:00,2026-03-31T11:50:18.174686+00:00,momentum,"XRP Up or Down - March 31, 7:45AM-7:50AM ET",DOWN,Down,5.0,0.98,,WIN,YES,0.1020408163265305,Down,0xb4394c2e0b547b3d6cc130d2472bb479c0170f61ef09fc8acfbc76db7c6cab96,33934438064039423938522238390713395657532399824787302506316795509809506035875
2026-03-31T11:48:22.663377+00:00,2026-03-31T11:50:18.174873+00:00,momentum,"Solana Up or Down - March 31, 7:45AM-7:50AM ET",DOWN,Down,5.0,0.98,,WIN,YES,0.1020408163265305,Down,0x3cccafcc24ff1ae5e77d2acc87dc73a2ef16fa6d45c62a4668eedbab7351ec22,66978445332325329042194805122916875522146947984313987205166547464996781788232
2026-03-31T11:42:01.614757+00:00,2026-03-31T11:51:18.627787+00:00,momentum,"Solana Up or Down - March 31, 7:40AM-7:45AM ET",DOWN,Down,5.0,0.93,,LOSS,NO,-5.0,Up,0xe3060ec2e0dbcbbfbf2ab3187944e19c82124d227492a0d760bac2ed70f61a2b,13108863062825916300185847812335431278389561499900403406322737797513060596219
2026-03-31T11:42:08.918195+00:00,2026-03-31T11:51:18.650967+00:00,momentum,"Solana Up or Down - March 31, 7:40AM-7:45AM ET",DOWN,Down,5.0,0.96,,LOSS,NO,-5.0,Up,0xe3060ec2e0dbcbbfbf2ab3187944e19c82124d227492a0d760bac2ed70f61a2b,13108863062825916300185847812335431278389561499900403406322737797513060596219
2026-03-31T11:52:03.206143+00:00,2026-03-31T11:55:43.288094+00:00,momentum,"Solana Up or Down - March 31, 7:50AM-7:55AM ET",DOWN,Down,5.0,0.74,,WIN,YES,1.756756756756757,Down,0x8d5c2ab5cb3ee0cb607aad5539dba53132cc243b90fe4486137d0823003c62de,113032641518686008428738332382847526175570619497726412691771659530385215183562
2026-03-31T11:52:03.659684+00:00,2026-03-31T11:55:47.233900+00:00,momentum,"XRP Up or Down - March 31, 7:50AM-7:55AM ET",DOWN,Down,5.0,0.67,,WIN,YES,2.4626865671641784,Down,0x29bb534350c5ed9446d2ed172bbb99e2540508670a120ad3cbcee0391a279161,13203778628190134187713292968026485431396462284863038285687513416769473968508
2026-03-31T11:52:09.153418+00:00,2026-03-31T11:55:47.450175+00:00,momentum,"XRP Up or Down - March 31, 7:50AM-7:55AM ET",DOWN,Down,5.0,0.68,,WIN,YES,2.352941176470588,Down,0x29bb534350c5ed9446d2ed172bbb99e2540508670a120ad3cbcee0391a279161,13203778628190134187713292968026485431396462284863038285687513416769473968508
2026-03-31T11:54:33.462061+00:00,2026-03-31T11:55:47.969023+00:00,momentum,"Ethereum Up or Down - March 31, 7:50AM-7:55AM ET",DOWN,Down,5.0,0.91,,WIN,YES,0.4945054945054945,Down,0xd83924bae670f65d92825520b8662c7dde6fb2514634af4e18629e417320f29c,18307985621643749975462780875466214395836296605735435146892916477633683762704
2026-03-31T11:54:34.391392+00:00,2026-03-31T11:55:48.186291+00:00,momentum,"Solana Up or Down - March 31, 7:50AM-7:55AM ET",DOWN,Down,5.0,0.87,,WIN,YES,0.7471264367816088,Down,0x8d5c2ab5cb3ee0cb607aad5539dba53132cc243b90fe4486137d0823003c62de,113032641518686008428738332382847526175570619497726412691771659530385215183562
2026-03-31T11:50:01.811785+00:00,2026-03-31T12:00:42.101402+00:00,momentum,"Ethereum Up or Down - March 31, 7:45AM-8:00AM ET",DOWN,Down,5.0,0.83,,WIN,YES,1.024096385542169,Down,0x84aed948175cedf6b4b6c30d60216eda5769193bc145b717d5c1ff2d7ac20a6c,106626623331058897596567435441162037444665837542497461626227000269525603412838
2026-03-31T11:50:02.495040+00:00,2026-03-31T12:00:42.612478+00:00,momentum,"Bitcoin Up or Down - March 31, 7:45AM-8:00AM ET",DOWN,Down,5.0,0.84,,WIN,YES,0.9523809523809526,Down,0x2cfb97b5d7c4282f7eaf47c5aafd7dd0c95ea509679b01679d4aa32ab2858f60,30567663765061661606647231339377969437546453966666451016387974164631133729175
2026-03-31T11:50:03.248039+00:00,2026-03-31T12:00:42.763077+00:00,momentum,"Solana Up or Down - March 31, 7:45AM-8:00AM ET",DOWN,Down,5.0,0.77,,LOSS,NO,-5.0,,0x4e6ef0756132198a7493a17b6f74dd914700f97c902e0ad05994529581ab2035,11849312419694065980482195824209712084290151381456637054995868821869557115472
2026-03-31T11:50:03.829889+00:00,2026-03-31T12:00:43.351954+00:00,momentum,"XRP Up or Down - March 31, 7:45AM-8:00AM ET",DOWN,Down,5.0,0.86,,WIN,YES,0.8139534883720927,Down,0xe36dbbd44853a3b4d1dd4ad61e5319f5ec7772f61acb6bcdd8216f225d55f092,12929784401657363495207539619283929900611751852664061605560699802011682372669
2026-03-31T11:54:30.353894+00:00,2026-03-31T12:00:43.352137+00:00,momentum,"Bitcoin Up or Down - March 31, 7:45AM-8:00AM ET",DOWN,Down,5.0,0.94,,WIN,YES,0.31914893617021267,Down,0x2cfb97b5d7c4282f7eaf47c5aafd7dd0c95ea509679b01679d4aa32ab2858f60,30567663765061661606647231339377969437546453966666451016387974164631133729175
2026-03-31T11:54:35.741037+00:00,2026-03-31T12:00:43.352262+00:00,momentum,"Ethereum Up or Down - March 31, 7:45AM-8:00AM ET",DOWN,Down,5.0,0.97,,WIN,YES,0.1546391752577323,Down,0x84aed948175cedf6b4b6c30d60216eda5769193bc145b717d5c1ff2d7ac20a6c,106626623331058897596567435441162037444665837542497461626227000269525603412838
2026-03-31T11:55:49.729451+00:00,2026-03-31T12:00:43.352366+00:00,momentum,"Solana Up or Down - March 31, 7:45AM-8:00AM ET",DOWN,Down,5.0,0.94,,LOSS,NO,-5.0,,0x4e6ef0756132198a7493a17b6f74dd914700f97c902e0ad05994529581ab2035,11849312419694065980482195824209712084290151381456637054995868821869557115472
2026-03-31T11:57:00.968009+00:00,2026-03-31T12:00:43.931398+00:00,momentum,"Solana Up or Down - March 31, 7:55AM-8:00AM ET",UP,Up,5.0,0.79,,WIN,YES,1.3291139240506329,Up,0x882d3c7c0c373b3a39946e1607ab7cace6dcc3e645a030239080e621097b97f4,28402108780111133565569905003832877572895741467061109950672599330872946550804
2026-03-31T11:57:01.550602+00:00,2026-03-31T12:00:44.609238+00:00,momentum,"XRP Up or Down - March 31, 7:55AM-8:00AM ET",UP,Up,5.0,0.65,,WIN,YES,2.6923076923076916,Up,0x813697a0ebd0729ad91a05859fd37c5064c9bb6361bccc76e0c4a333219925bc,44973877921480617079074986730374885876087875631165658847325313395564892597587
2026-03-31T11:57:05.976292+00:00,2026-03-31T12:00:44.609760+00:00,momentum,"Solana Up or Down - March 31, 7:55AM-8:00AM ET",UP,Up,5.0,0.8,,WIN,YES,1.25,Up,0x882d3c7c0c373b3a39946e1607ab7cace6dcc3e645a030239080e621097b97f4,28402108780111133565569905003832877572895741467061109950672599330872946550804
2026-03-31T11:57:13.301181+00:00,2026-03-31T12:00:45.118822+00:00,momentum,"Ethereum Up or Down - March 31, 7:55AM-8:00AM ET",UP,Up,5.0,0.65,,WIN,YES,2.6923076923076916,Up,0xb1c88631af04be7ec5f4ed5778143bb8a6700f09267610ad4de1a62d4f498534,16801310396411608650075884694953599326099703914542123973729210529834666175608
2026-03-31T11:57:14.107896+00:00,2026-03-31T12:00:45.119074+00:00,momentum,"XRP Up or Down - March 31, 7:55AM-8:00AM ET",UP,Up,5.0,0.67,,WIN,YES,2.4626865671641784,Up,0x813697a0ebd0729ad91a05859fd37c5064c9bb6361bccc76e0c4a333219925bc,44973877921480617079074986730374885876087875631165658847325313395564892597587
2026-03-31T11:57:16.998110+00:00,2026-03-31T12:00:45.119214+00:00,momentum,"Ethereum Up or Down - March 31, 7:55AM-8:00AM ET",UP,Up,5.0,0.66,,WIN,YES,2.5757575757575752,Up,0xb1c88631af04be7ec5f4ed5778143bb8a6700f09267610ad4de1a62d4f498534,16801310396411608650075884694953599326099703914542123973729210529834666175608
2026-03-31T11:57:35.037600+00:00,2026-03-31T12:00:45.647345+00:00,momentum,"Bitcoin Up or Down - March 31, 7:55AM-8:00AM ET",UP,Up,5.0,0.72,,WIN,YES,1.9444444444444446,Up,0x8480352b6416dd278b4cfa76c69ac8fff57e5fdef81a31b8bc64e5346baca943,111518190465327950146749215481680958414860500009229261400963622189720059177525
2026-03-31T11:57:54.710072+00:00,2026-03-31T12:00:45.647508+00:00,momentum,"Bitcoin Up or Down - March 31, 7:55AM-8:00AM ET",UP,Up,5.0,0.76,,WIN,YES,1.5789473684210522,Up,0x8480352b6416dd278b4cfa76c69ac8fff57e5fdef81a31b8bc64e5346baca943,111518190465327950146749215481680958414860500009229261400963622189720059177525
2026-03-31T12:03:18.376202+00:00,2026-03-31T12:04:50.606998+00:00,momentum,"Bitcoin Up or Down - March 31, 8:00AM-8:05AM ET",UP,Up,5.0,0.97,,WIN,YES,0.1546391752577323,Up,0xbf3a4497683fe28032f99ab72027a527fc451acb514aedbde8c2cb5bb7bd9be4,63233668334978890646000622724404045825555209568061003742769522076967360602279
2026-03-31T12:03:19.259217+00:00,2026-03-31T12:04:50.879949+00:00,momentum,"Solana Up or Down - March 31, 8:00AM-8:05AM ET",UP,Up,5.0,0.95,,WIN,YES,0.2631578947368425,Up,0x8df697875b0bc1ca69610ec3e2b4ba5fc49fd107a87098a1fad10843a9d10e95,115217165647991486071813537326118374135306258725081917820291676928709926344115
2026-03-31T12:04:18.380460+00:00,2026-03-31T12:04:50.880094+00:00,momentum,"Bitcoin Up or Down - March 31, 8:00AM-8:05AM ET",UP,Up,5.0,0.98,,WIN,YES,0.1020408163265305,Up,0xbf3a4497683fe28032f99ab72027a527fc451acb514aedbde8c2cb5bb7bd9be4,63233668334978890646000622724404045825555209568061003742769522076967360602279
2026-03-31T12:03:01.231450+00:00,2026-03-31T12:05:50.084604+00:00,momentum,"Solana Up or Down - March 31, 8:00AM-8:05AM ET",UP,Up,5.0,0.89,,WIN,YES,0.6179775280898872,Up,0x8df697875b0bc1ca69610ec3e2b4ba5fc49fd107a87098a1fad10843a9d10e95,115217165647991486071813537326118374135306258725081917820291676928709926344115
2026-03-31T12:07:57.809452+00:00,2026-03-31T12:10:06.497464+00:00,momentum,"Bitcoin Up or Down - March 31, 8:05AM-8:10AM ET",DOWN,Down,5.0,0.83,,WIN,YES,1.024096385542169,Down,0x8f13bdd257ee0653ba0a4581f7e8120be5681beac020752ee3546113c88b174c,17985245396789694306808581231323640456473155241778351169276886112402280896162
2026-03-31T12:08:00.677384+00:00,2026-03-31T12:10:06.662198+00:00,momentum,"Ethereum Up or Down - March 31, 8:05AM-8:10AM ET",DOWN,Down,5.0,0.75,,LOSS,NO,-5.0,,0xbe98073b641d83c482b9fd6065ce05d967819008314db59be4dd5f78fc15a559,87491169215004464562309708907183900912448840569383984359599559692365348195071
2026-03-31T12:08:01.717832+00:00,2026-03-31T12:10:07.049699+00:00,momentum,"Solana Up or Down - March 31, 8:05AM-8:10AM ET",DOWN,Down,5.0,0.88,,WIN,YES,0.6818181818181817,Down,0x877e362547f1cc941bcbcba1c8eb6c5e78535051c7d165532fe8099f2ff38962,56521781921851692182317794631585706317932426251199805293872389972802590611006
2026-03-31T12:08:16.185102+00:00,2026-03-31T12:10:07.049884+00:00,momentum,"Bitcoin Up or Down - March 31, 8:05AM-8:10AM ET",DOWN,Down,5.0,0.88,,LOSS,NO,-5.0,,0x8f13bdd257ee0653ba0a4581f7e8120be5681beac020752ee3546113c88b174c,17985245396789694306808581231323640456473155241778351169276886112402280896162
2026-03-31T12:08:16.697953+00:00,2026-03-31T12:10:07.050153+00:00,momentum,"Solana Up or Down - March 31, 8:05AM-8:10AM ET",DOWN,Down,5.0,0.91,,WIN,YES,0.4945054945054945,Down,0x877e362547f1cc941bcbcba1c8eb6c5e78535051c7d165532fe8099f2ff38962,56521781921851692182317794631585706317932426251199805293872389972802590611006
2026-03-31T12:08:18.619955+00:00,2026-03-31T12:10:07.050279+00:00,momentum,"Ethereum Up or Down - March 31, 8:05AM-8:10AM ET",DOWN,Down,5.0,0.9,,LOSS,NO,-5.0,,0xbe98073b641d83c482b9fd6065ce05d967819008314db59be4dd5f78fc15a559,87491169215004464562309708907183900912448840569383984359599559692365348195071
2026-03-31T12:05:04.397070+00:00,2026-03-31T12:15:17.759675+00:00,momentum,"Solana Up or Down - March 31, 8:00AM-8:15AM ET",UP,Up,5.0,0.75,,LOSS,NO,-5.0,,0xf058c265eadfe00ff19562609e55e9beb99bbd46ba62094dd55bd709c229e2df,107119527294631067017661206491755929971248885362492168814623580301830593302762
2026-03-31T12:05:06.182197+00:00,2026-03-31T12:15:17.969030+00:00,momentum,"Ethereum Up or Down - March 31, 8:00AM-8:15AM ET",UP,Up,5.0,0.82,,LOSS,NO,-5.0,,0xb9f44287c11492213cf3aa16735292bf1f6491ca86573421bffe1c87226a47b4,94768159182245661829918303461376359769662497000924013176966103498610038025992
2026-03-31T12:05:12.929566+00:00,2026-03-31T12:15:18.431001+00:00,momentum,"XRP Up or Down - March 31, 8:00AM-8:15AM ET",UP,Up,5.0,0.93,,WIN,YES,0.37634408602150504,Up,0xb969c884805511b1709bd1247ce101cb93b458c7ee0fd6251abde69f4b23be48,42833185765653287709645409689486269893068632905026762910385814821097958401120
2026-03-31T12:10:01.765027+00:00,2026-03-31T12:15:18.431206+00:00,momentum,"Ethereum Up or Down - March 31, 8:00AM-8:15AM ET",UP,Up,5.0,0.92,,LOSS,NO,-5.0,,0xb9f44287c11492213cf3aa16735292bf1f6491ca86573421bffe1c87226a47b4,94768159182245661829918303461376359769662497000924013176966103498610038025992
2026-03-31T12:12:12.608053+00:00,2026-03-31T12:15:18.857509+00:00,momentum,"Ethereum Up or Down - March 31, 8:10AM-8:15AM ET",DOWN,Down,5.0,0.98,,WIN,YES,0.1020408163265305,Down,0xb58cfb78ec62d5e336cda3adb34de9e025996acd4020ab03cceca7fa01502213,93972041772072773445848019154179123528100168345833936542620667059505967073760
2026-03-31T12:12:13.350066+00:00,2026-03-31T12:15:19.398380+00:00,momentum,"Bitcoin Up or Down - March 31, 8:10AM-8:15AM ET",DOWN,Down,5.0,0.96,,WIN,YES,0.20833333333333393,Down,0x4afdc948492e7f86aaa8ae640de17920266b66426d0fe0212e1d3a2da430a448,1374136973264006563846954421744351082630550042186361615635044136543846168884
2026-03-31T12:12:25.655263+00:00,2026-03-31T12:15:19.843396+00:00,momentum,"Solana Up or Down - March 31, 8:10AM-8:15AM ET",DOWN,Down,5.0,0.98,,WIN,YES,0.1020408163265305,Down,0x8fddc5f586e4865de577c88e4a85925e1864477fed21a3e10628dbf3bdec0033,1450796671122478030046732404052727809180994213673732057645142963097829357579
2026-03-31T12:12:26.259469+00:00,2026-03-31T12:15:20.463194+00:00,momentum,"XRP Up or Down - March 31, 8:10AM-8:15AM ET",DOWN,Down,5.0,0.97,,WIN,YES,0.1546391752577323,Down,0x2ed565d7eecf5ea5a5d3acf2b8545f8f9b8223e71a04edb69776066c0d1adb3b,12884770382925885895240963174708130401652495591603910201042507250914109966717
2026-03-31T12:17:23.907690+00:00,2026-03-31T12:20:29.327187+00:00,momentum,"Ethereum Up or Down - March 31, 8:15AM-8:20AM ET",DOWN,Down,5.0,0.77,,LOSS,NO,-5.0,,0x539ed03433fbdfb14ca0d83be90351c05b4e2c2f1dde7acb5b44a0a9f2eb67aa,6222538689813589922099400135749082768440986842323135551125891216435210488787
2026-03-31T12:17:52.829465+00:00,2026-03-31T12:20:29.722590+00:00,momentum,"XRP Up or Down - March 31, 8:15AM-8:20AM ET",DOWN,Down,5.0,0.85,,LOSS,NO,-5.0,,0xb2e199a9505e545f68ab0c49f48f76ddea9a7b1d4ab4ee79e1840af304765c8b,34047683708291878957439776960482430128733029549486526974564028183541571648570
2026-03-31T12:05:03.638425+00:00,2026-03-31T12:21:29.411156+00:00,momentum,"Bitcoin Up or Down - March 31, 8:00AM-8:15AM ET",UP,Up,5.0,0.76,,LOSS,NO,-5.0,Down,0xca4a543e39e48c39b35933fec52d6803376fa1e03e91eef37aebda370d5f55bf,6786099519341201060034711776760252582159784060041693936579427114962729806761
2026-03-31T12:09:07.826895+00:00,2026-03-31T12:21:29.417553+00:00,momentum,"Bitcoin Up or Down - March 31, 8:00AM-8:15AM ET",UP,Up,5.0,0.8,,LOSS,NO,-5.0,Down,0xca4a543e39e48c39b35933fec52d6803376fa1e03e91eef37aebda370d5f55bf,6786099519341201060034711776760252582159784060041693936579427114962729806761
2026-03-31T12:17:47.617031+00:00,2026-03-31T12:23:33.155754+00:00,momentum,"Bitcoin Up or Down - March 31, 8:15AM-8:20AM ET",DOWN,Down,5.0,0.67,,LOSS,NO,-5.0,Up,0x3a99c95fccf89b19b66f31d47d41f0952c67f06156e53dd8569678f1d8af61cc,40277154549237600929232618266472522797365189020442687069652574077564828240716
2026-03-31T12:17:51.085423+00:00,2026-03-31T12:23:33.157518+00:00,momentum,"Bitcoin Up or Down - March 31, 8:15AM-8:20AM ET",DOWN,Down,5.0,0.69,,LOSS,NO,-5.0,Up,0x3a99c95fccf89b19b66f31d47d41f0952c67f06156e53dd8569678f1d8af61cc,40277154549237600929232618266472522797365189020442687069652574077564828240716
2026-03-31T12:23:24.475287+00:00,2026-03-31T12:25:41.294124+00:00,momentum,"Bitcoin Up or Down - March 31, 8:20AM-8:25AM ET",DOWN,Down,5.0,0.96,,WIN,YES,0.20833333333333393,Down,0xec55794cfbf178b37e76c252bea4b19a4e9ce9abd9de2763a22b2033d772c687,30226729856584838512514641831431542465855910860151574987086734013151308251568
2026-03-31T12:23:25.102868+00:00,2026-03-31T12:25:45.317394+00:00,momentum,"Solana Up or Down - March 31, 8:20AM-8:25AM ET",DOWN,Down,5.0,0.92,,WIN,YES,0.43478260869565233,Down,0xe88634d72208abb66410a513f439e507b17f88eab5d09562745717cd02303fd1,80320522476402239821125795453301608893403256407311316148653605446475105099746
2026-03-31T12:20:25.979386+00:00,2026-03-31T12:30:43.355067+00:00,momentum,"Bitcoin Up or Down - March 31, 8:15AM-8:30AM ET",UP,Up,5.0,0.89,,WIN,YES,0.6179775280898872,Up,0xd8c5908542bc77e08dfd1518910249bdf7b974c62ef18b3eed051798f438a84e,109475548025939837149042021484854767191660800343332916855449118902760709548890
2026-03-31T12:20:27.823578+00:00,2026-03-31T12:30:47.412747+00:00,momentum,"Solana Up or Down - March 31, 8:15AM-8:30AM ET",UP,Up,5.0,0.85,,WIN,YES,0.882352941176471,Up,0x95531bb067a74155dfa1d3c11c337a8ae8bfbd127289dd2e7c0ec6823db8890c,85194024629613688223876009891140296967245968373979204034988371095024806982529
2026-03-31T12:25:46.760471+00:00,2026-03-31T12:30:47.613463+00:00,momentum,"Solana Up or Down - March 31, 8:15AM-8:30AM ET",UP,Up,5.0,0.96,,WIN,YES,0.20833333333333393,Up,0x95531bb067a74155dfa1d3c11c337a8ae8bfbd127289dd2e7c0ec6823db8890c,85194024629613688223876009891140296967245968373979204034988371095024806982529
2026-03-31T12:25:47.376657+00:00,2026-03-31T12:30:53.274627+00:00,momentum,"XRP Up or Down - March 31, 8:15AM-8:30AM ET",UP,Up,5.0,0.92,,WIN,YES,0.43478260869565233,Up,0xe23a4b81cd13402402ad83b4b43acf1808a13e1c36756865dd5c861019d3751a,48003583409880576427501068542231491118798658100994928984688677132498686085496
2026-03-31T12:29:29.040488+00:00,2026-03-31T12:30:59.331307+00:00,momentum,"XRP Up or Down - March 31, 8:25AM-8:30AM ET",UP,Up,5.0,0.98,,WIN,YES,0.1020408163265305,Up,0x683c0170aec26fb1b42e621886d52e949636233fa5a62487fb832164d500f4af,16389499674404150728385657768941721833758096488725795404915356107793776704228
2026-03-31T12:32:00.782059+00:00,2026-03-31T12:35:53.303878+00:00,momentum,"Bitcoin Up or Down - March 31, 8:30AM-8:35AM ET",DOWN,Down,5.0,0.82,,WIN,YES,1.0975609756097562,Down,0x47a70727895e914b79ee6aef63c3540bf83034f6c9d31bfbedd1412a710a610b,112648807502988988043629636350833849576752532014270518051968769479125254105752
2026-03-31T12:32:01.491169+00:00,2026-03-31T12:35:57.480950+00:00,momentum,"Ethereum Up or Down - March 31, 8:30AM-8:35AM ET",DOWN,Down,5.0,0.77,,WIN,YES,1.4935064935064934,Down,0x8dd916b33ead42c1255802040f1ad98e084bbad59e8c502590df03a069e19a49,30322581978378441563413474163578369732528089967116254557371860037055876840271
2026-03-31T12:32:02.458287+00:00,2026-03-31T12:36:03.329165+00:00,momentum,"XRP Up or Down - March 31, 8:30AM-8:35AM ET",DOWN,Down,5.0,0.66,,WIN,YES,2.5757575757575752,Down,0x4db14b23e8e2c95bc8232d5c18f13c46bf38c88c94d9cbfc556c2b65f76af60a,74994570568398734228688672570265740933211374240412588876208123734207198432572
2026-03-31T12:32:44.092779+00:00,2026-03-31T12:36:03.547563+00:00,momentum,"XRP Up or Down - March 31, 8:30AM-8:35AM ET",DOWN,Down,5.0,0.76,,WIN,YES,1.5789473684210522,Down,0x4db14b23e8e2c95bc8232d5c18f13c46bf38c88c94d9cbfc556c2b65f76af60a,74994570568398734228688672570265740933211374240412588876208123734207198432572
2026-03-31T12:32:51.555203+00:00,2026-03-31T12:36:03.733203+00:00,momentum,"Bitcoin Up or Down - March 31, 8:30AM-8:35AM ET",DOWN,Down,5.0,0.84,,WIN,YES,0.9523809523809526,Down,0x47a70727895e914b79ee6aef63c3540bf83034f6c9d31bfbedd1412a710a610b,112648807502988988043629636350833849576752532014270518051968769479125254105752
2026-03-31T12:32:55.239417+00:00,2026-03-31T12:36:03.910259+00:00,momentum,"Ethereum Up or Down - March 31, 8:30AM-8:35AM ET",DOWN,Down,5.0,0.81,,WIN,YES,1.1728395061728394,Down,0x8dd916b33ead42c1255802040f1ad98e084bbad59e8c502590df03a069e19a49,30322581978378441563413474163578369732528089967116254557371860037055876840271
2026-03-31T12:32:01.984558+00:00,2026-03-31T12:36:47.015127+00:00,momentum,"Solana Up or Down - March 31, 8:30AM-8:35AM ET",DOWN,Down,5.0,0.76,,LOSS,NO,-5.0,,0xa134819b02b173d3fda4f8f0505746510bbeaa2ee848ec176493e434c82337c2,44249326430114799652903850379133826165984187646273012096664690980776252298105
2026-03-31T12:32:21.215435+00:00,2026-03-31T12:36:47.022192+00:00,momentum,"Solana Up or Down - March 31, 8:30AM-8:35AM ET",DOWN,Down,5.0,0.79,,LOSS,NO,-5.0,,0xa134819b02b173d3fda4f8f0505746510bbeaa2ee848ec176493e434c82337c2,44249326430114799652903850379133826165984187646273012096664690980776252298105
2026-03-31T12:37:01.227590+00:00,2026-03-31T12:39:50.767175+00:00,momentum,"Ethereum Up or Down - March 31, 8:35AM-8:40AM ET",UP,Up,5.0,0.93,,WIN,YES,0.37634408602150504,Up,0x59b7c09830ed06f1c2e3f240e5d498d01091ed6ebd17e450800b11ed7e901e5b,15913667453870562711771200972784471576974020975866676174634568950590852202036
2026-03-31T12:37:03.517016+00:00,2026-03-31T12:39:51.285288+00:00,momentum,"Solana Up or Down - March 31, 8:35AM-8:40AM ET",UP,Up,5.0,0.88,,WIN,YES,0.6818181818181817,Up,0x9572c6a8f7c99d168908135a300e5f73bfea7717076ebdaeb7ce5afa709f88f7,12774383059817686132376907457387996880656445533388918989874291736248638434243
2026-03-31T12:37:08.344412+00:00,2026-03-31T12:39:51.298506+00:00,momentum,"Solana Up or Down - March 31, 8:35AM-8:40AM ET",UP,Up,5.0,0.91,,WIN,YES,0.4945054945054945,Up,0x9572c6a8f7c99d168908135a300e5f73bfea7717076ebdaeb7ce5afa709f88f7,12774383059817686132376907457387996880656445533388918989874291736248638434243
2026-03-31T12:37:15.430974+00:00,2026-03-31T12:39:51.667472+00:00,momentum,"Bitcoin Up or Down - March 31, 8:35AM-8:40AM ET",UP,Up,5.0,0.91,,WIN,YES,0.4945054945054945,Up,0x403480659080799e772c53598af8cf6cd230aafc18db94ce3abbcbc0784a3ea5,105014112781915494264679920784523760384788471596942659830929415679197318119872
2026-03-31T12:37:00.243165+00:00,2026-03-31T12:40:49.938219+00:00,momentum,"Bitcoin Up or Down - March 31, 8:35AM-8:40AM ET",UP,Up,5.0,0.9,,WIN,YES,0.5555555555555554,Up,0x403480659080799e772c53598af8cf6cd230aafc18db94ce3abbcbc0784a3ea5,105014112781915494264679920784523760384788471596942659830929415679197318119872
2026-03-31T12:36:10.059584+00:00,2026-03-31T12:44:52.621658+00:00,momentum,"XRP Up or Down - March 31, 8:30AM-8:45AM ET",DOWN,Down,5.0,0.7,,WIN,YES,2.1428571428571432,Down,0x2a8dfdcc5620c980e09cfa8b7bda2cd4b19b8144e469b7d45a582a9919b2cff2,82065369846067402133007773374633716921506605422559423289370367930234211976603
2026-03-31T12:36:17.705123+00:00,2026-03-31T12:44:53.015713+00:00,momentum,"Solana Up or Down - March 31, 8:30AM-8:45AM ET",UP,Up,5.0,0.66,,WIN,YES,2.5757575757575752,Up,0x777786a38d86408d5154a3e07536ec4b9fcab0eb27f9422fe8c9c3585223d3a4,33533968890615658148324514892677195224802422947698089778479766897332889305734
2026-03-31T12:36:37.073722+00:00,2026-03-31T12:44:53.631645+00:00,momentum,"Bitcoin Up or Down - March 31, 8:30AM-8:45AM ET",UP,Up,5.0,0.83,,WIN,YES,1.024096385542169,Up,0x9347a7d9880ef4d4ebb524701ca750f7197726b64cbd112a87f0d8f8b5bb9ced,101967856587852708561569767236209254065702003051092956428721671959954825093035
2026-03-31T12:36:38.043119+00:00,2026-03-31T12:44:54.368381+00:00,momentum,"Ethereum Up or Down - March 31, 8:30AM-8:45AM ET",UP,Up,5.0,0.82,,WIN,YES,1.0975609756097562,Up,0x272757786bd5350d698768029fdad10d893a2875a381e0934f8058f4e0bef08c,22372144454048901938542470003813009130278431640664669750340273075391910841164
2026-03-31T12:42:13.474592+00:00,2026-03-31T12:44:54.828722+00:00,momentum,"Ethereum Up or Down - March 31, 8:30AM-8:45AM ET",UP,Up,5.0,0.89,,WIN,YES,0.6179775280898872,Up,0x272757786bd5350d698768029fdad10d893a2875a381e0934f8058f4e0bef08c,22372144454048901938542470003813009130278431640664669750340273075391910841164
2026-03-31T12:42:15.925886+00:00,2026-03-31T12:44:54.831015+00:00,momentum,"XRP Up or Down - March 31, 8:30AM-8:45AM ET",DOWN,Down,5.0,0.98,,WIN,YES,0.1020408163265305,Down,0x2a8dfdcc5620c980e09cfa8b7bda2cd4b19b8144e469b7d45a582a9919b2cff2,82065369846067402133007773374633716921506605422559423289370367930234211976603
2026-03-31T12:42:19.825311+00:00,2026-03-31T12:44:54.832323+00:00,momentum,"Solana Up or Down - March 31, 8:30AM-8:45AM ET",UP,Up,5.0,0.87,,WIN,YES,0.7471264367816088,Up,0x777786a38d86408d5154a3e07536ec4b9fcab0eb27f9422fe8c9c3585223d3a4,33533968890615658148324514892677195224802422947698089778479766897332889305734
2026-03-31T12:42:09.219201+00:00,2026-03-31T12:45:57.225226+00:00,momentum,"Bitcoin Up or Down - March 31, 8:40AM-8:45AM ET",DOWN,Down,5.0,0.79,,WIN,YES,1.3291139240506329,Down,0x8138080a79981a52d4ba22d2e478d3fbcd9bac64dcd9e7589f5cd6cb999d4123,28037106800375513041675200931728559490720600069732716972218220381675128309821
2026-03-31T12:47:10.608086+00:00,2026-03-31T12:49:55.954759+00:00,momentum,"XRP Up or Down - March 31, 8:45AM-8:50AM ET",DOWN,Down,5.0,0.78,,WIN,YES,1.4102564102564097,Down,0xb88647a1d4a57646093aabc39b15b59b80933dc02bc6c81dcd403a2e85210207,13102079529843663062380086074521424908045358179270606674696498954170651599900
2026-03-31T12:47:19.073993+00:00,2026-03-31T12:49:56.375559+00:00,momentum,"Bitcoin Up or Down - March 31, 8:45AM-8:50AM ET",DOWN,Down,5.0,0.78,,WIN,YES,1.4102564102564097,Down,0x601703b4b6705e8d360fc6e266f1d3457883953ccaefea390e0e09b762868063,93195379258514361521077797377853960155684732244550626880666442716524951600394
2026-03-31T12:47:20.067903+00:00,2026-03-31T12:49:56.837728+00:00,momentum,"Ethereum Up or Down - March 31, 8:45AM-8:50AM ET",DOWN,Down,5.0,0.83,,WIN,YES,1.024096385542169,Down,0x53987b5f3b727be085d19a672bfedbaebe96575953c52a4acbbb234c97930e16,99945414562361365858226470213207240587179765496697548445183623783461613342843
2026-03-31T12:47:20.762603+00:00,2026-03-31T12:49:57.204616+00:00,momentum,"Solana Up or Down - March 31, 8:45AM-8:50AM ET",DOWN,Down,5.0,0.73,,WIN,YES,1.8493150684931505,Down,0xde8a2ce4723df01ed27c6ecd0fad070c55cd4dfb27ee11d604d9f77bc8d3fc2c,40811959566562730017983723349817622663471286157136460059045382610945527994435
2026-03-31T12:47:29.376228+00:00,2026-03-31T12:49:57.204789+00:00,momentum,"Ethereum Up or Down - March 31, 8:45AM-8:50AM ET",DOWN,Down,5.0,0.86,,WIN,YES,0.8139534883720927,Down,0x53987b5f3b727be085d19a672bfedbaebe96575953c52a4acbbb234c97930e16,99945414562361365858226470213207240587179765496697548445183623783461613342843
2026-03-31T12:47:32.761072+00:00,2026-03-31T12:49:57.204885+00:00,momentum,"Bitcoin Up or Down - March 31, 8:45AM-8:50AM ET",DOWN,Down,5.0,0.81,,WIN,YES,1.1728395061728394,Down,0x601703b4b6705e8d360fc6e266f1d3457883953ccaefea390e0e09b762868063,93195379258514361521077797377853960155684732244550626880666442716524951600394
2026-03-31T12:47:33.148212+00:00,2026-03-31T12:49:57.204967+00:00,momentum,"XRP Up or Down - March 31, 8:45AM-8:50AM ET",DOWN,Down,5.0,0.79,,WIN,YES,1.3291139240506329,Down,0xb88647a1d4a57646093aabc39b15b59b80933dc02bc6c81dcd403a2e85210207,13102079529843663062380086074521424908045358179270606674696498954170651599900
2026-03-31T12:48:22.745973+00:00,2026-03-31T12:49:57.205044+00:00,momentum,"Solana Up or Down - March 31, 8:45AM-8:50AM ET",DOWN,Down,5.0,0.98,,WIN,YES,0.1020408163265305,Down,0xde8a2ce4723df01ed27c6ecd0fad070c55cd4dfb27ee11d604d9f77bc8d3fc2c,40811959566562730017983723349817622663471286157136460059045382610945527994435
2026-03-31T12:42:33.277482+00:00,2026-03-31T12:50:56.288824+00:00,momentum,"Solana Up or Down - March 31, 8:40AM-8:45AM ET",DOWN,Down,5.0,0.74,,LOSS,NO,-5.0,Up,0xb20f60bdd41dc5b2a9553529e74d814ded60e58f71a3ecea229be237075e3987,72417723020484929080064505971594254004474193801984254440322661675263695288204
2026-03-31T12:42:12.358488+00:00,2026-03-31T12:51:59.281343+00:00,momentum,"Ethereum Up or Down - March 31, 8:40AM-8:45AM ET",DOWN,Down,5.0,0.81,,LOSS,NO,-5.0,Up,0xe0a046c51bca7116441e484e77b11f94b9605457b98c12ab5ba6fc5230d8a38a,17858466975454702380423557441458560893369970645232567101429905208978769870296
2026-03-31T12:53:26.234904+00:00,2026-03-31T12:55:00.327471+00:00,momentum,"Ethereum Up or Down - March 31, 8:50AM-8:55AM ET",UP,Up,5.0,0.7,,LOSS,NO,-5.0,,0xd44be2a06983032c70f16498a227f7761cc5640e810ad6ab3c341bef9b79dacc,8392364014374951590166766401057483820565490872489151777628813533255897126988
2026-03-31T12:52:00.883913+00:00,2026-03-31T12:56:07.300044+00:00,momentum,"Bitcoin Up or Down - March 31, 8:50AM-8:55AM ET",DOWN,Down,5.0,0.67,,WIN,YES,2.4626865671641784,Down,0xfce4358cb6315d5c1c4888485f06d8f4f556c97af381dbac6452deb75cc67546,99120722053344284972658707874541789542757379182007817154731273550302666742172
2026-03-31T12:52:02.229902+00:00,2026-03-31T12:56:11.262792+00:00,momentum,"Solana Up or Down - March 31, 8:50AM-8:55AM ET",DOWN,Down,5.0,0.69,,WIN,YES,2.246376811594203,Down,0x8f504ce5ce69443057abd5dccfc6c3a167bf844c129add94e8c357e6670c0ee7,3621241217320264948367572789667315872145593373323560059662195937174648424909
2026-03-31T12:52:21.708689+00:00,2026-03-31T12:56:11.872015+00:00,momentum,"Solana Up or Down - March 31, 8:50AM-8:55AM ET",DOWN,Down,5.0,0.72,,WIN,YES,1.9444444444444446,Down,0x8f504ce5ce69443057abd5dccfc6c3a167bf844c129add94e8c357e6670c0ee7,3621241217320264948367572789667315872145593373323560059662195937174648424909
2026-03-31T12:52:31.997232+00:00,2026-03-31T12:56:12.081541+00:00,momentum,"Bitcoin Up or Down - March 31, 8:50AM-8:55AM ET",DOWN,Down,5.0,0.68,,WIN,YES,2.352941176470588,Down,0xfce4358cb6315d5c1c4888485f06d8f4f556c97af381dbac6452deb75cc67546,99120722053344284972658707874541789542757379182007817154731273550302666742172
2026-03-31T12:52:58.868704+00:00,2026-03-31T12:56:17.268357+00:00,momentum,"XRP Up or Down - March 31, 8:50AM-8:55AM ET",UP,Up,5.0,0.7,,WIN,YES,2.1428571428571432,Up,0xd0457cf3f2b73f9e4299bc9252d008062a041277ba362162c6b8811d864befff,90364900526971480129703632000905503278582292499457374782497399244509120549817
2026-03-31T12:53:05.811727+00:00,2026-03-31T12:56:17.417446+00:00,momentum,"XRP Up or Down - March 31, 8:50AM-8:55AM ET",UP,Up,5.0,0.71,,WIN,YES,2.042253521126761,Up,0xd0457cf3f2b73f9e4299bc9252d008062a041277ba362162c6b8811d864befff,90364900526971480129703632000905503278582292499457374782497399244509120549817
2026-03-31T12:50:01.498130+00:00,2026-03-31T13:00:06.810569+00:00,momentum,"Solana Up or Down - March 31, 8:45AM-9:00AM ET",DOWN,Down,5.0,0.92,,WIN,YES,0.43478260869565233,Down,0x6271e6c0e61d232e2060a829c68e4f99fa63bb19460ff479133e48b8cc0a7077,1882174829174909699443660062049709539273031712713786640280887135585736732279
2026-03-31T12:52:01.509169+00:00,2026-03-31T13:00:07.785945+00:00,momentum,"Bitcoin Up or Down - March 31, 8:45AM-9:00AM ET",DOWN,Down,5.0,0.96,,WIN,YES,0.20833333333333393,Down,0x803b3e8edf73ae7082263d395105ed60c17dc9bdb1a0fca76025b5111d899f07,45994703836309880154287413557549693073780536322274276407130632493022427324771
2026-03-31T12:52:18.677039+00:00,2026-03-31T13:00:08.376258+00:00,momentum,"Ethereum Up or Down - March 31, 8:45AM-9:00AM ET",DOWN,Down,5.0,0.96,,WIN,YES,0.20833333333333393,Down,0xa3da60190b258d99792977b6feb962afd3d536d6daa66653df7aa45874b8e054,87515119569996949831574202135836886055722500190981988491525362578530257875240
2026-03-31T12:52:20.040953+00:00,2026-03-31T13:00:08.976967+00:00,momentum,"XRP Up or Down - March 31, 8:45AM-9:00AM ET",DOWN,Down,5.0,0.94,,WIN,YES,0.31914893617021267,Down,0xcddc521a4dbf385203904809ff5a20d01e8d75db98a33d7f350d1525cbb86153,41579991766681700111588120304292818373160878088325577862941431457328692244968
2026-03-31T12:56:18.711434+00:00,2026-03-31T13:00:08.977312+00:00,momentum,"Solana Up or Down - March 31, 8:45AM-9:00AM ET",DOWN,Down,5.0,0.986,,WIN,YES,0.07099391480730244,Down,0x6271e6c0e61d232e2060a829c68e4f99fa63bb19460ff479133e48b8cc0a7077,1882174829174909699443660062049709539273031712713786640280887135585736732279
2026-03-31T12:57:00.323958+00:00,2026-03-31T13:00:09.591533+00:00,momentum,"Bitcoin Up or Down - March 31, 8:55AM-9:00AM ET",DOWN,Down,5.0,0.67,,WIN,YES,2.4626865671641784,Down,0xa9a9af2c8408cd950edfe6af52068def2b888112bb7dd1bae46b44b5a29cbb34,41881870768230320077335307907296503696656365876252582035653337017957405929787
2026-03-31T12:57:02.442932+00:00,2026-03-31T13:00:10.218670+00:00,momentum,"Solana Up or Down - March 31, 8:55AM-9:00AM ET",UP,Up,5.0,0.68,,WIN,YES,2.352941176470588,Up,0x5fcb83d48b6b7bcae763f93711148e09a8b1420645c047f95abb8e6a2c7c80cd,92074346468182960835772851354514428727569360356560456184079264015657674258664
2026-03-31T12:57:06.133345+00:00,2026-03-31T13:00:10.222089+00:00,momentum,"Solana Up or Down - March 31, 8:55AM-9:00AM ET",UP,Up,5.0,0.71,,WIN,YES,2.042253521126761,Up,0x5fcb83d48b6b7bcae763f93711148e09a8b1420645c047f95abb8e6a2c7c80cd,92074346468182960835772851354514428727569360356560456184079264015657674258664
2026-03-31T12:57:08.541316+00:00,2026-03-31T13:00:10.224233+00:00,momentum,"XRP Up or Down - March 31, 8:45AM-9:00AM ET",DOWN,Down,5.0,0.95,,WIN,YES,0.2631578947368425,Down,0xcddc521a4dbf385203904809ff5a20d01e8d75db98a33d7f350d1525cbb86153,41579991766681700111588120304292818373160878088325577862941431457328692244968
2026-03-31T12:57:08.994976+00:00,2026-03-31T13:00:10.733548+00:00,momentum,"XRP Up or Down - March 31, 8:55AM-9:00AM ET",UP,Up,5.0,0.84,,WIN,YES,0.9523809523809526,Up,0xffed451a12740188fdccf1330c495c69f7309ddfa29a726e65ada43755cfd2bf,17234503025256288333098795482656684567522655999527285913486690337244398261191
2026-03-31T12:57:10.621458+00:00,2026-03-31T13:00:10.733876+00:00,momentum,"Bitcoin Up or Down - March 31, 8:55AM-9:00AM ET",DOWN,Down,5.0,0.8,,WIN,YES,1.25,Down,0xa9a9af2c8408cd950edfe6af52068def2b888112bb7dd1bae46b44b5a29cbb34,41881870768230320077335307907296503696656365876252582035653337017957405929787
2026-03-31T12:59:50.648875+00:00,2026-03-31T13:00:11.054716+00:00,momentum,"XRP Up or Down - March 31, 8:55AM-9:00AM ET",UP,Up,5.0,0.97,,WIN,YES,0.1546391752577323,Up,0xffed451a12740188fdccf1330c495c69f7309ddfa29a726e65ada43755cfd2bf,17234503025256288333098795482656684567522655999527285913486690337244398261191
2026-03-31T13:02:02.815887+00:00,2026-03-31T13:05:09.101853+00:00,momentum,"Bitcoin Up or Down - March 31, 9:00AM-9:05AM ET",UP,Up,5.0,0.86,,WIN,YES,0.8139534883720927,Up,0xace635fe6302655e91ea68baef0db2a898713226ff814b16ea4889f608adcfde,102028565626590528800259194945199378956649939588515092292415785423637222022797
2026-03-31T13:02:03.274426+00:00,2026-03-31T13:05:09.729229+00:00,momentum,"Ethereum Up or Down - March 31, 9:00AM-9:05AM ET",UP,Up,5.0,0.86,,WIN,YES,0.8139534883720927,Up,0xa0f18cb00dc56247fab3374d20a92e9b83ac76f1238bf4b0b8f6aac6ebe530f0,12800602387340988422554514639654547319259175854345494950834264720944468860436
2026-03-31T13:02:05.070952+00:00,2026-03-31T13:05:09.940569+00:00,momentum,"XRP Up or Down - March 31, 9:00AM-9:05AM ET",UP,Up,5.0,0.71,,LOSS,NO,-5.0,,0xed053b02667700b19350d6ba4d7f1139077fd125876dc43233b520ed1f5c9656,46488608123377715445084451536974398000595838438490632727594240497388897000614
2026-03-31T13:02:13.623608+00:00,2026-03-31T13:05:09.943248+00:00,momentum,"Bitcoin Up or Down - March 31, 9:00AM-9:05AM ET",UP,Up,5.0,0.87,,WIN,YES,0.7471264367816088,Up,0xace635fe6302655e91ea68baef0db2a898713226ff814b16ea4889f608adcfde,102028565626590528800259194945199378956649939588515092292415785423637222022797
2026-03-31T13:02:14.047242+00:00,2026-03-31T13:05:09.943493+00:00,momentum,"Ethereum Up or Down - March 31, 9:00AM-9:05AM ET",UP,Up,5.0,0.88,,WIN,YES,0.6818181818181817,Up,0xa0f18cb00dc56247fab3374d20a92e9b83ac76f1238bf4b0b8f6aac6ebe530f0,12800602387340988422554514639654547319259175854345494950834264720944468860436
2026-03-31T13:02:34.744484+00:00,2026-03-31T13:05:10.520177+00:00,momentum,"Solana Up or Down - March 31, 9:00AM-9:05AM ET",UP,Up,5.0,0.81,,WIN,YES,1.1728395061728394,Up,0x785a735ff77e6c849c9c8291e0873cb531cbc61886b8eaeb6f596ee66b7e369a,29262571763392153290359888206524291167270406205073420690089421157085057518025
2026-03-31T13:02:39.917581+00:00,2026-03-31T13:05:10.520325+00:00,momentum,"XRP Up or Down - March 31, 9:00AM-9:05AM ET",UP,Up,5.0,0.83,,LOSS,NO,-5.0,,0xed053b02667700b19350d6ba4d7f1139077fd125876dc43233b520ed1f5c9656,46488608123377715445084451536974398000595838438490632727594240497388897000614
2026-03-31T13:02:42.223840+00:00,2026-03-31T13:05:10.520432+00:00,momentum,"Solana Up or Down - March 31, 9:00AM-9:05AM ET",UP,Up,5.0,0.88,,WIN,YES,0.6818181818181817,Up,0x785a735ff77e6c849c9c8291e0873cb531cbc61886b8eaeb6f596ee66b7e369a,29262571763392153290359888206524291167270406205073420690089421157085057518025
2026-03-31T12:57:15.021738+00:00,2026-03-31T13:06:09.607628+00:00,momentum,"Ethereum Up or Down - March 31, 8:55AM-9:00AM ET",DOWN,Down,5.0,0.78,,LOSS,NO,-5.0,Up,0x7ee2333cedcfa93a1ca0f16961d3fb448922d06aa3c33891998138eb7edb68d6,68420542830470930435702491949786179394354301610623795953297889490937597602283
2026-03-31T13:07:52.610329+00:00,2026-03-31T13:10:15.119858+00:00,momentum,"XRP Up or Down - March 31, 9:05AM-9:10AM ET",UP,Up,5.0,0.77,,WIN,YES,1.4935064935064934,Up,0x80ca2ed889ea78e62afa3c7e7a4ee24a1a31997ee5203553019777986a409960,108685492558051160484012086871619160677558866300883831937354117030985447631747
2026-03-31T13:08:00.954404+00:00,2026-03-31T13:10:15.120147+00:00,momentum,"XRP Up or Down - March 31, 9:05AM-9:10AM ET",UP,Up,5.0,0.84,,WIN,YES,0.9523809523809526,Up,0x80ca2ed889ea78e62afa3c7e7a4ee24a1a31997ee5203553019777986a409960,108685492558051160484012086871619160677558866300883831937354117030985447631747
2026-03-31T13:05:01.182615+00:00,2026-03-31T13:15:17.594380+00:00,momentum,"Ethereum Up or Down - March 31, 9:00AM-9:15AM ET",UP,Up,5.0,0.83,,WIN,YES,1.024096385542169,Up,0x832cc1f82fa5864ce3d0555a0b0ce6cf52d2316e2e39d1a5b9c46ed84aedbae1,16649233434517028853079685507140584269944910417366872279720471552799297680554
2026-03-31T13:05:01.990534+00:00,2026-03-31T13:15:18.046628+00:00,momentum,"Solana Up or Down - March 31, 9:00AM-9:15AM ET",UP,Up,5.0,0.71,,WIN,YES,2.042253521126761,Up,0xf31dafe3f829c0fccab1efc122e305a614583bed06ff1cba145179d97d7e16bd,58419865788285628913916961623281559275342077496405992867856240504772916971804
2026-03-31T13:05:03.937162+00:00,2026-03-31T13:15:18.450327+00:00,momentum,"Bitcoin Up or Down - March 31, 9:00AM-9:15AM ET",UP,Up,5.0,0.73,,WIN,YES,1.8493150684931505,Up,0x18ea5bf7f448bb88cf172ca55bb2dc9cdbe0d1340a449b0bddaa6c5b044f3047,97544435707920678659564178384276411029815251057096179511700104329187262171317
2026-03-31T13:07:30.941900+00:00,2026-03-31T13:15:18.538442+00:00,momentum,"Ethereum Up or Down - March 31, 9:05AM-9:10AM ET",DOWN,Down,5.0,0.68,,LOSS,NO,-5.0,Up,0x0f3100fbcc817b7f7c8b6e760fd8a3361e701a699226755a843530808b7d1ca4,19475105981050562683352279564344439519766512062584951703005997228029580815166
2026-03-31T13:07:32.994637+00:00,2026-03-31T13:15:18.601103+00:00,momentum,"Bitcoin Up or Down - March 31, 9:05AM-9:10AM ET",DOWN,Down,5.0,0.69,,LOSS,NO,-5.0,Up,0x302206530136cabde022e1da1631c6df22eaa61bf5da46770ef42d201da7cdcd,55226840455006814480167167912781812924601973730921360209376345714951636686562
2026-03-31T13:07:43.001926+00:00,2026-03-31T13:15:18.658287+00:00,momentum,"Solana Up or Down - March 31, 9:05AM-9:10AM ET",DOWN,Down,5.0,0.65,,LOSS,NO,-5.0,Up,0x05db2928e422f1afaf7fa67a30eeed029426b974015ab166b1823100c79325ac,1649659917831049211015167255674745168488822840716929719600877248785428047821
2026-03-31T13:07:50.861498+00:00,2026-03-31T13:15:19.131024+00:00,momentum,"XRP Up or Down - March 31, 9:00AM-9:15AM ET",UP,Up,5.0,0.65,,WIN,YES,2.6923076923076916,Up,0x83168f9e86343987019f384ffab34b625e0e3cfdaecb4258babd06a30b47ca6c,68980909820865607092311756085681567834594975645702889964648796959073513911594
2026-03-31T13:09:02.349582+00:00,2026-03-31T13:15:19.131325+00:00,momentum,"Ethereum Up or Down - March 31, 9:00AM-9:15AM ET",UP,Up,5.0,0.96,,WIN,YES,0.20833333333333393,Up,0x832cc1f82fa5864ce3d0555a0b0ce6cf52d2316e2e39d1a5b9c46ed84aedbae1,16649233434517028853079685507140584269944910417366872279720471552799297680554
2026-03-31T13:12:22.434497+00:00,2026-03-31T13:15:19.508750+00:00,momentum,"Ethereum Up or Down - March 31, 9:10AM-9:15AM ET",UP,Up,5.0,0.77,,WIN,YES,1.4935064935064934,Up,0xd3de5437c9d2c18f8983a3451edd2d81fa64d52ad1198a332337197994c64377,52264216045459046865713300481045968458901315740822097037225567325565839937377
2026-03-31T13:13:31.106709+00:00,2026-03-31T13:15:19.687691+00:00,momentum,"Ethereum Up or Down - March 31, 9:10AM-9:15AM ET",UP,Up,5.0,0.94,,WIN,YES,0.31914893617021267,Up,0xd3de5437c9d2c18f8983a3451edd2d81fa64d52ad1198a332337197994c64377,52264216045459046865713300481045968458901315740822097037225567325565839937377
2026-03-31T13:12:23.134580+00:00,2026-03-31T13:20:20.739413+00:00,momentum,"Solana Up or Down - March 31, 9:10AM-9:15AM ET",UP,Up,5.0,0.85,,LOSS,NO,-5.0,Down,0xb6f4f86372fcc6f56077a071c4653789848c13167a57a240afa9e42215a7b9dc,111993949615853248880722122270046175946667439687176942907903980102530813854541
2026-03-31T13:17:29.070093+00:00,2026-03-31T13:20:21.157868+00:00,momentum,"Bitcoin Up or Down - March 31, 9:15AM-9:20AM ET",UP,Up,5.0,0.88,,LOSS,NO,-5.0,,0x26ad2b054997d88398b6584d75f7613661d424c7bf73d2937354a7e1801c7bd3,43994234926477691019780165131576595916333634994953506030741422390079732036174
2026-03-31T13:18:37.588526+00:00,2026-03-31T13:20:22.637863+00:00,momentum,"Solana Up or Down - March 31, 9:15AM-9:20AM ET",UP,Up,5.0,0.67,,WIN,YES,2.4626865671641784,Up,0xfe1d664ac95051c9eee2c11d528a1908cdcb9be90e03977fff2d956994c8a195,58569886197555877990884734850331390621874366563192506886032538378791001056068
2026-03-31T13:18:41.532261+00:00,2026-03-31T13:20:22.638043+00:00,momentum,"Solana Up or Down - March 31, 9:15AM-9:20AM ET",UP,Up,5.0,0.69,,WIN,YES,2.246376811594203,Up,0xfe1d664ac95051c9eee2c11d528a1908cdcb9be90e03977fff2d956994c8a195,58569886197555877990884734850331390621874366563192506886032538378791001056068
2026-03-31T13:19:05.368417+00:00,2026-03-31T13:20:23.151339+00:00,momentum,"Ethereum Up or Down - March 31, 9:15AM-9:20AM ET",DOWN,Down,5.0,0.65,,WIN,YES,2.6923076923076916,Down,0xfb66ecf3ec30131b56665aa35cdaaa9a5c20a63dd75c276059ac9fcb0b1ad5cb,11029545137460068566985253380358535982887335372828278850677777115774779968184
2026-03-31T13:19:33.652446+00:00,2026-03-31T13:20:23.151597+00:00,momentum,"Ethereum Up or Down - March 31, 9:15AM-9:20AM ET",DOWN,Down,5.0,0.86,,WIN,YES,0.8139534883720927,Down,0xfb66ecf3ec30131b56665aa35cdaaa9a5c20a63dd75c276059ac9fcb0b1ad5cb,11029545137460068566985253380358535982887335372828278850677777115774779968184
2026-03-31T13:17:51.143613+00:00,2026-03-31T13:23:24.380120+00:00,momentum,"XRP Up or Down - March 31, 9:15AM-9:20AM ET",UP,Up,5.0,0.65,,LOSS,NO,-5.0,Down,0x12f8f560b9c27e3b93ba93f043cfa88a9cad6511a06ed635ea0f36e03fa9a768,30958287377160496690828730114722925540216839282954111647451733685317222867529
2026-03-31T13:20:01.074762+00:00,2026-03-31T13:30:57.404764+00:00,momentum,"Ethereum Up or Down - March 31, 9:15AM-9:30AM ET",DOWN,Down,5.0,0.66,,WIN,YES,2.5757575757575752,Down,0xe763e67e0e8fa25712820866fa2cb86a100d781a1512cd8c4a5d0bb7edbea7cc,78691188794736904479402534674689711790648528289902645198338424518703028052115
2026-03-31T13:20:01.705168+00:00,2026-03-31T13:32:58.774455+00:00,momentum,"Bitcoin Up or Down - March 31, 9:15AM-9:30AM ET",DOWN,Down,5.0,0.68,,WIN,YES,2.352941176470588,Down,0xfac720c863367a2a912a4c4f8de055cc49e824bf38ffd17db555b8c13c4c3ddd,104904099948238154844932324334192144439217577409676081469245081766431796779132
2026-03-31T13:20:48.413360+00:00,2026-03-31T13:33:03.799833+00:00,momentum,"XRP Up or Down - March 31, 9:15AM-9:30AM ET",DOWN,Down,5.0,0.66,,WIN,YES,2.5757575757575752,Down,0x19e448009b82ee65974acc27267b8d4bee58582eb94022059ab8b9c23d3795dd,42249338683131842628240163071500722657187699208691697903022553673016967365736
2026-03-31T13:22:05.164910+00:00,2026-03-31T13:33:03.852771+00:00,momentum,"Ethereum Up or Down - March 31, 9:20AM-9:25AM ET",DOWN,Down,5.0,0.65,,LOSS,NO,-5.0,Up,0x35b0b1b38ca433c8c4ec9fc55c4ff5d7d1130c27443679f1d6b54cc78c89aff2,98657812275688430747278469099376972293763183331635159273954006475079853939931
2026-03-31T13:22:05.718933+00:00,2026-03-31T13:33:03.902384+00:00,momentum,"XRP Up or Down - March 31, 9:20AM-9:25AM ET",DOWN,Down,5.0,0.71,,LOSS,NO,-5.0,Up,0x0ba626b78243643ded45c6ae53ebd6660f2fb0887eec963a44b55d84062381b0,109772695929528015979296152135517799435651326824944360662284136902622810108673
2026-03-31T13:22:34.589482+00:00,2026-03-31T13:33:03.902930+00:00,momentum,"XRP Up or Down - March 31, 9:20AM-9:25AM ET",DOWN,Down,5.0,0.76,,LOSS,NO,-5.0,Up,0x0ba626b78243643ded45c6ae53ebd6660f2fb0887eec963a44b55d84062381b0,109772695929528015979296152135517799435651326824944360662284136902622810108673
2026-03-31T13:22:52.491818+00:00,2026-03-31T13:33:03.954948+00:00,momentum,"Solana Up or Down - March 31, 9:20AM-9:25AM ET",DOWN,Down,5.0,0.65,,LOSS,NO,-5.0,Up,0x1dfe45ac9208a4742ea51cc9143803fdeb67c47a11963ff2ae985edf2429580f,114004048669910770876680723956272951075163938114466786123706059308213209461048
2026-03-31T13:22:54.763214+00:00,2026-03-31T13:33:04.000931+00:00,momentum,"Bitcoin Up or Down - March 31, 9:20AM-9:25AM ET",DOWN,Down,5.0,0.74,,LOSS,NO,-5.0,Up,0x208240b471925eda2c64e178114eaba30ee682eb999209f926cad99d2c4fb7e7,24778300524911957982512256367949126261931224341106278808084107050338475391536
2026-03-31T13:33:12.660336+00:00,2026-03-31T13:35:16.760222+00:00,momentum,"Ethereum Up or Down - March 31, 9:30AM-9:35AM ET",UP,Up,5.0,0.71,,WIN,YES,2.042253521126761,Up,0x4b03a39bec4a85e0465c47d2f220e891f1543febbb3e6e143fc904b7b656234a,13175750394953358095763093599143526488013773234808944057228244766911557624486
2026-03-31T13:33:19.204177+00:00,2026-03-31T13:35:17.048596+00:00,momentum,"Bitcoin Up or Down - March 31, 9:30AM-9:35AM ET",DOWN,Down,5.0,0.66,,LOSS,NO,-5.0,,0xdd60296c700c7f97f6a94a2e38753d546cef81c13ba3aedd6ca5f5bb460de0e8,98132198443183170441924326992562357137809214595236468903670110979063666204627
2026-03-31T13:33:06.110145+00:00,2026-03-31T13:39:20.349217+00:00,momentum,"XRP Up or Down - March 31, 9:30AM-9:35AM ET",DOWN,Down,5.0,0.71,,LOSS,NO,-5.0,Up,0x1fb6a66474e894ae615e3ff2faebe145c147a2ca5139d18113652f71304ca522,87791415261020132339044664536360066061694159613685739547363225564786561743858
2026-03-31T13:37:25.142667+00:00,2026-03-31T13:45:31.925525+00:00,momentum,"Bitcoin Up or Down - March 31, 9:30AM-9:45AM ET",UP,Up,5.0,0.81,,WIN,YES,1.1728395061728394,Up,0xd9fd6f90aa3fcc1e5aa499a75cbff64df3c691a80079f994e2f597da283d10d2,69674961437900066547672062895199444678848909539300934217828680370991749945994
2026-03-31T13:44:24.003828+00:00,2026-03-31T13:45:32.367418+00:00,momentum,"Ethereum Up or Down - March 31, 9:40AM-9:45AM ET",DOWN,Down,5.0,0.82,,WIN,YES,1.0975609756097562,Down,0x133f27aa53894c8c4c9173733d0d331b4a923f250b11dd846811328d5bf27fb6,52832957818813509649425987986468933207947764069896938595677748773292962653114
2026-03-31T13:44:25.132857+00:00,2026-03-31T13:45:32.966200+00:00,momentum,"XRP Up or Down - March 31, 9:40AM-9:45AM ET",DOWN,Down,5.0,0.91,,WIN,YES,0.4945054945054945,Down,0xdba9a8841cdf72b218bf4f0a05c84265c843a6f464e18dcf64f5213ac6e33159,89652094646106592194750899440545719282365878471904250781920124599585072080738
2026-03-31T13:47:00.686110+00:00,2026-03-31T13:50:36.333470+00:00,momentum,"Bitcoin Up or Down - March 31, 9:45AM-9:50AM ET",UP,Up,5.0,0.97,,WIN,YES,0.1546391752577323,Up,0x5ba096e5ce1e89f323c315887529ed68d1472bb3adb54ddd0280f804536c3e91,93775627250369675279658428696211891906312366314150136901297219123780586851816
2026-03-31T13:47:02.522611+00:00,2026-03-31T13:50:36.720810+00:00,momentum,"XRP Up or Down - March 31, 9:45AM-9:50AM ET",UP,Up,5.0,0.92,,WIN,YES,0.43478260869565233,Up,0xfef69789f58633c46fb1bc0040f29da4c30363c1f0e7c68299ceaad7e43c47e1,18741109023883515194130102694520125568964526168289054073557313631215992150510
2026-03-31T13:47:04.481351+00:00,2026-03-31T13:50:37.124331+00:00,momentum,"Ethereum Up or Down - March 31, 9:45AM-9:50AM ET",UP,Up,5.0,0.92,,WIN,YES,0.43478260869565233,Up,0x3005cc565005cf822141e864a05f0c58f64a5a557043aaa9491d8c84286115e3,26031160277560514692943586818685322776957983428034954901824304817238859536887
2026-03-31T13:47:04.890032+00:00,2026-03-31T13:50:37.505931+00:00,momentum,"Solana Up or Down - March 31, 9:45AM-9:50AM ET",UP,Up,5.0,0.93,,WIN,YES,0.37634408602150504,Up,0xcb35526adde18e48201780be1f3983c23f442a01c5354b05eeda62a6c6561de0,10145166767431269825360035703634421198713795536967551376150301662084558521986
2026-03-31T13:47:07.524605+00:00,2026-03-31T13:50:37.506109+00:00,momentum,"Ethereum Up or Down - March 31, 9:45AM-9:50AM ET",UP,Up,5.0,0.93,,WIN,YES,0.37634408602150504,Up,0x3005cc565005cf822141e864a05f0c58f64a5a557043aaa9491d8c84286115e3,26031160277560514692943586818685322776957983428034954901824304817238859536887
2026-03-31T13:47:43.287267+00:00,2026-03-31T13:50:37.506210+00:00,momentum,"Solana Up or Down - March 31, 9:45AM-9:50AM ET",UP,Up,5.0,0.98,,WIN,YES,0.1020408163265305,Up,0xcb35526adde18e48201780be1f3983c23f442a01c5354b05eeda62a6c6561de0,10145166767431269825360035703634421198713795536967551376150301662084558521986
2026-03-31T13:47:43.894429+00:00,2026-03-31T13:50:37.506380+00:00,momentum,"XRP Up or Down - March 31, 9:45AM-9:50AM ET",UP,Up,5.0,0.96,,WIN,YES,0.20833333333333393,Up,0xfef69789f58633c46fb1bc0040f29da4c30363c1f0e7c68299ceaad7e43c47e1,18741109023883515194130102694520125568964526168289054073557313631215992150510
2026-03-31T13:47:53.124592+00:00,2026-03-31T13:50:37.506474+00:00,momentum,"Bitcoin Up or Down - March 31, 9:45AM-9:50AM ET",UP,Up,5.0,0.98,,WIN,YES,0.1020408163265305,Up,0x5ba096e5ce1e89f323c315887529ed68d1472bb3adb54ddd0280f804536c3e91,93775627250369675279658428696211891906312366314150136901297219123780586851816
2026-03-31T13:44:24.708158+00:00,2026-03-31T13:51:37.518854+00:00,momentum,"Solana Up or Down - March 31, 9:40AM-9:45AM ET",UP,Up,5.0,0.8,,LOSS,NO,-5.0,Down,0x9c9fea31d31fb68a1d2e0c9b008d2e438df20ddbb0e2dd8114904d423467c6da,113426515407405868717639027306305067504173337567858842565368336537654039978690
2026-03-31T13:52:47.995210+00:00,2026-03-31T13:54:53.869488+00:00,momentum,"Bitcoin Up or Down - March 31, 9:50AM-9:55AM ET",DOWN,Down,5.0,0.82,,LOSS,NO,-5.0,,0x81a6d12e9da816957bcfb11e982b1975943e8a26b5fa474b69c86a7b642c8aa3,558031772058310252699175410828629002376512051060626250764163645746336141508
2026-03-31T13:52:50.986530+00:00,2026-03-31T13:59:58.654794+00:00,momentum,"Ethereum Up or Down - March 31, 9:45AM-10:00AM ET",UP,Up,5.0,0.92,,WIN,YES,0.43478260869565233,Up,0x2fb745305b965e833041f9009b3f7ed15f0372359ecbbe5cd1229b49e7964377,32968281424146270323632635915897967034159590451054868934472311911089527478822
2026-03-31T13:53:03.196978+00:00,2026-03-31T13:59:59.236958+00:00,momentum,"Bitcoin Up or Down - March 31, 9:45AM-10:00AM ET",UP,Up,5.0,0.91,,WIN,YES,0.4945054945054945,Up,0xafb2ed2b375a0f61d524380aab931b6ae2f6552a866545370de60fe24a9e184d,14540173789142266380028889677168614578720674254838520824296996699689422725646
2026-03-31T13:53:04.543755+00:00,2026-03-31T13:59:59.861951+00:00,momentum,"XRP Up or Down - March 31, 9:45AM-10:00AM ET",UP,Up,5.0,0.91,,WIN,YES,0.4945054945054945,Up,0xa518647ad45f2336e468e959de28139270c2aec62717f506c315f219491eca2f,78305654556474148120028631747467067420349405136834979030675814928185284214509
2026-03-31T13:53:06.172667+00:00,2026-03-31T14:00:00.582711+00:00,momentum,"Solana Up or Down - March 31, 9:45AM-10:00AM ET",UP,Up,5.0,0.93,,WIN,YES,0.37634408602150504,Up,0x84eb8214d61d1832c94539d13474fd274ea4c799a4ed4aca11c0d3f6383dfaeb,35900950906286369884291771676041090277449769747448081235652016782304722012518
2026-03-31T13:52:50.427036+00:00,2026-03-31T14:00:58.891233+00:00,momentum,"Ethereum Up or Down - March 31, 9:50AM-9:55AM ET",DOWN,Down,5.0,0.81,,LOSS,NO,-5.0,Up,0x6c54577f4e968e59ada2137b561e72dffda9bce2c34351b74296e4bd14810797,13628053196970015789017032895639174275157968252987816468467848801564183094391
2026-03-31T13:52:51.480173+00:00,2026-03-31T14:00:59.035907+00:00,momentum,"Solana Up or Down - March 31, 9:50AM-9:55AM ET",DOWN,Down,5.0,0.69,,LOSS,NO,-5.0,Up,0x6b5047248735a4eb056377183655926c99cdfccf6d7b73782a1bfced1c08619d,53335357244756322125753771415763658379956489854964775140476079371501548793118
2026-03-31T13:53:04.100972+00:00,2026-03-31T14:00:59.095883+00:00,momentum,"XRP Up or Down - March 31, 9:50AM-9:55AM ET",DOWN,Down,5.0,0.78,,LOSS,NO,-5.0,Up,0xae36de1a34312119adf08b2110c68e8eb9b7750283740a972197884a8b065c5f,81245530292350092456636866625889301600580256202283891339313196212805258184640
2026-03-31T13:53:22.978185+00:00,2026-03-31T14:00:59.096685+00:00,momentum,"Ethereum Up or Down - March 31, 9:50AM-9:55AM ET",DOWN,Down,5.0,0.82,,LOSS,NO,-5.0,Up,0x6c54577f4e968e59ada2137b561e72dffda9bce2c34351b74296e4bd14810797,13628053196970015789017032895639174275157968252987816468467848801564183094391
2026-03-31T14:07:03.146483+00:00,2026-03-31T14:10:19.787319+00:00,momentum,"Bitcoin Up or Down - March 31, 10:05AM-10:10AM ET",DOWN,Down,5.0,0.91,,WIN,YES,0.4945054945054945,Down,0x28d35f6ef799c6f1ac13e8dd2fff8cad8a6d6720e488b9241a1fb48367725566,92568616211303532928631113317655030191224472539834362342320421686277566716279
